2
[0.0, 0.0, 0.0, 0.0, 0.0, 0.0, 0.0, 0.0, 0.0, 0.0, 0.0, 0.0, 0.0, 0.0, 0.0, 0.0, 0.0, 0.0, 0.0, 0.0, 0.0, 0.0, 0.0, 0.0, 0.0, 0.0, 0.0, 0.0, 0.0, 0.0, 0.0, 0.0, 0.0, 0.0, 0.0, 0.0, 0.0, 0.0, 0.0, 0.0, 0.0, 0.0, 0.0, 0.0, 0.0, 0.0, 0.0, 0.0, 0.0, 0.0, 0.0, 0.0, 0.0, 0.0, 0.0, 0.0, 0.0, 0.0, 0.0, 0.0, 0.0, 0.0, 0.0, 0.0, 0.0, 0.0, 0.0, 0.0, 0.0, 0.0, 0.0, 0.0, 0.0, 0.0, 0.0, 0.0, 0.0, 0.0, 0.0, 0.0, 0.0, 0.0, 0.0, 0.0, 0.0, 0.0, 0.0, 0.0, 0.0, 0.0, 0.0, 0.0, 0.0, 0.0, 0.0, 0.0, 0.0, 0.0, 0.0, 0.0, 0.0, 0.0, 0.0, 0.0, 0.0, 0.0, 0.0, 0.0, 0.0, 0.0, 0.0, 0.0, 0.0, 0.0, 0.0, 0.0, 0.0, 0.0, 0.0, 0.0, 0.0, 0.0, 0.0, 0.0, 0.0, 0.0, 0.0, 0.0, 0.0, 0.0, 0.0, 0.0, 0.0, 0.0, 0.0, 0.0, 0.0, 0.0, 0.0, 0.0, 0.0, 0.0, 0.0, 0.0, 0.0, 0.0, 0.0, 0.0, 0.0, 0.0, 0.0, 0.0, 0.0, 0.0, 0.0, 0.0, 0.0, 0.0, 0.0, 0.0, 0.0, 0.0, 0.0, 0.0, 0.0, 0.0, 0.0, 0.0, 0.0, 0.0, 0.0, 0.0, 0.0, 0.0, 0.0, 0.0, 0.0, 0.0, 0.0, 0.0, 0.0, 0.0, 0.0, 0.0, 0.0, 0.0, 0.0, 0.0, 0.0, 0.0, 0.0, 0.0, 0.0, 0.0, 0.0, 0.0, 0.0, 0.0, 0.0, 0.0, 0.0, 0.0, 0.0, 0.0, 0.0, 0.0, 0.0, 0.0, 0.0, 0.0, 0.0]
[0.40402743220329285, 0.2698085904121399, 0.2151201367378235, -0.7092574238777161, -0.736212432384491, -0.841251790523529, 0.27295175194740295, -0.7466300129890442, -0.8542405962944031, -0.9376480579376221, -0.009194571524858475, -0.6928081512451172, -0.4985017776489258, -0.6504294276237488, -0.8007765412330627, 0.007750525139272213, -0.8400969505310059, -0.539472222328186, -0.7375990152359009, -0.04785444214940071, -0.7768772840499878, -0.21106941998004913, 0.08816365897655487, 0.8725802302360535, -0.37840792536735535, 0.004331053234636784, 0.4887615740299225, -0.4194734990596771, 2.0634613037109375, 0.4476590156555176, 0.45983776450157166, 1.9809101819992065, 2.0857927799224854, 0.42187848687171936, -0.46038052439689636, -0.41659989953041077, 1.8517061471939087, 0.5172269344329834, 0.3667839467525482, -0.49288806319236755, 2.017411947250366, 1.8093899488449097, 0.8393678069114685, -1.6174976825714111, 0.8733596205711365, -0.3036818206310272, 0.7916543483734131, 0.16398003697395325, -9.72583293914795, 0.5862010717391968, -0.23102343082427979, -0.09007589519023895, 0.15334899723529816, 0.08671270310878754, -0.2556881606578827, 0.6705583333969116, 0.5056141018867493, 0.21700993180274963, -0.49131903052330017, -0.08093385398387909, 0.11404775083065033, 0.07487394660711288, 0.20821157097816467, -0.5183631181716919, 0.8365923166275024, 0.506906270980835, 0.24196363985538483, -0.1198197528719902, 0.3736093044281006, 0.17180903255939484, -0.052239466458559036, -0.003679906949400902, 0.003584721591323614, -0.39252957701683044, 0.5309575200080872, 0.10228969901800156, 0.6178953051567078, -0.7709595561027527, 0.11560073494911194, 0.029829127714037895, -0.018620919436216354, -0.09663581848144531, 0.17758557200431824, -1.1252212524414062, 0.24990323185920715, 0.0, -0.38999998569488525, 0.47999998927116394, -0.22206895053386688, -0.6671021580696106, 0.6765443682670593, 0.2189696580171585, 0.14434486627578735, 0.11041513830423355, -0.3160035014152527, -0.9311899542808533, -0.028750695288181305, -0.4514906108379364, 0.5196720361709595, -0.00817602127790451, -0.4595105051994324, 0.8880631327629089, 0.011266088113188744, 0.20194558799266815, 0.09674987196922302, 0.22954243421554565, -10.47104549407959, 0.1272066831588745, -0.5854048132896423, -0.00798316951841116, -0.4560076892375946, 0.5158423185348511, -0.015208272263407707, -0.544852614402771, 0.8381887674331665, 0.01854524202644825, 0.22619175910949707, 0.33458250761032104, 1.2476156949996948, -22.43537139892578, 0.9061741828918457, -0.5103598237037659, 0.02025577612221241, -0.44640475511550903, 0.5243768095970154, 0.007632380351424217, -0.29797986149787903, 0.9542363286018372, -0.024138186126947403, 0.5415530800819397, 0.24078665673732758, 0.14391674101352692, -9.783817291259766, -0.19252550601959229, 4.186831951141357, 0.04131060838699341, -0.4405415952205658, 0.5218244194984436, -0.020306600257754326, -0.3792527914047241, 0.9244014620780945, -0.035169877111911774, 0.44453907012939453, 0.6508505940437317, 1.3000693321228027, -24.443952560424805, -2.0150578022003174, 3.0509347915649414, -0.07914073765277863, -0.36963215470314026, 0.5112675428390503, -0.24856935441493988, -0.6086869835853577, 0.7187457084655762, 0.2260926216840744, 0.05328052490949631, 0.058175090700387955, 0.2849838435649872, -7.770318031311035, -4.643816947937012, -2.6974761486053467, -1.3076093196868896, -1.723114013671875, 0.31260553002357483, 0.060865990817546844, -0.0005012964829802513, 0.0009461235022172332, -1.3907513618469238, -6.514174461364746, 0.28194549679756165, 0.1192973256111145, -0.0012637873878702521, 0.0009013161761686206, -2.736462354660034, -1.4659775495529175, 0.02288387157022953, 0.05288428068161011, -0.01317865215241909, 0.01565273106098175, -2.570234537124634, -7.035317420959473, 1.449976921081543, 0.13643386960029602, -0.01234737690538168, 0.01661042496562004, -0.8485064506530762, -2.0435428619384766, -0.25904062390327454, 0.014760185033082962, 0.009896188974380493, 0.029459692537784576, -1.0, 0.5009048581123352, 1.0, -1.0, 1.0, 1.0, 1.0, 1.0, -1.0, -1.0, 1.0, 0.12088024616241455, -1.0, 0.9736214876174927, 1.0, -1.0, 0.14836622774600983, -1.0, 1.0, 1.0]
[0.34181591868400574, 0.21693426370620728, 0.3283010423183441, -0.6420048475265503, -0.6481634378433228, -0.7923129200935364, 0.2640860676765442, -0.6525843143463135, -0.7499294281005859, -0.8903471231460571, -0.14850854873657227, -0.7312862277030945, -0.3610130846500397, -0.5321511626243591, -0.6959986090660095, -0.08541657030582428, -0.6534259915351868, -0.44330763816833496, -0.5992119312286377, -0.11701558530330658, -0.5877451300621033, -0.22736337780952454, 0.18268528580665588, 0.8911583423614502, -0.12655501067638397, -0.6369874477386475, 0.45647993683815, 1.1671596765518188, 0.12673704326152802, 0.3944855332374573, -0.3005799353122711, 0.2277136594057083, 0.32188236713409424, 0.3102407455444336, -0.627996027469635, -0.3389565348625183, 0.958102822303772, 1.3967806100845337, 0.5230242609977722, -0.30571210384368896, 1.5519872903823853, 0.39613816142082214, 1.258803129196167, -0.44460853934288025, 1.6275204420089722, 0.10737264156341553, 0.4763745963573456, 0.17599345743656158, 6.412138938903809, -9.396530151367188, 0.23015059530735016, -0.15660449862480164, -0.18571442365646362, -0.07453068345785141, 0.037381693720817566, -1.147311806678772, -0.6043194532394409, -0.23487207293510437, 0.2010229378938675, -0.5505224466323853, -0.24626654386520386, -0.06471316516399384, -0.732991099357605, 0.2769922912120819, -0.6722366809844971, -0.35228919982910156, -0.1378481686115265, 0.1806594282388687, -0.10394047200679779, 0.025077063590288162, 0.014727151952683926, 0.002577208448201418, 0.004184280056506395, -0.39305999875068665, 0.5281534194946289, 0.13110288977622986, 0.6230778694152832, -0.7561700344085693, 0.15097253024578094, 0.05758227780461311, -0.03666802495718002, -0.16412167251110077, 0.32939833402633667, -1.4765468835830688, 0.4595296382904053, 0.0, -0.38999998569488525, 0.47999998927116394, -0.22206895053386688, -0.6671021580696106, 0.6765443682670593, 0.2189696580171585, 0.14513669908046722, 0.15792429447174072, -0.3186251223087311, -0.9232946634292603, -0.027399493381381035, -0.4506242871284485, 0.5195631980895996, -0.010808304883539677, -0.40121403336524963, 0.9156747460365295, 0.021216019988059998, -0.025645755231380463, 0.12020166963338852, -0.06632903218269348, -5.249241352081299, 0.5295896530151367, -1.6821608543395996, -0.003763962769880891, -0.45443370938301086, 0.5174121856689453, -0.006957939825952053, -0.4755074381828308, 0.8796212077140808, 0.010527374222874641, 0.2599674165248871, -0.016060469672083855, -0.4101676940917969, -1.1273181438446045, 0.2993513345718384, 2.131286382675171, 0.027024824172258377, -0.4457719624042511, 0.5195982456207275, 0.014322328381240368, -0.23049700260162354, 0.9712598323822021, -0.05762137472629547, 0.33000946044921875, 0.07250181585550308, -0.47415292263031006, -6.841320514678955, -0.9078495502471924, 3.791496992111206, 0.04468955099582672, -0.434505432844162, 0.5308282375335693, -0.034760452806949615, -0.22536224126815796, 0.9717736840248108, -0.06049271300435066, -0.002341081388294697, 0.48645395040512085, 0.2833618223667145, -14.194252967834473, -3.7240519523620605, 0.6622830033302307, -0.07823015749454498, -0.3684495687484741, 0.5162178874015808, -0.27307039499282837, -0.5632770657539368, 0.7435986399650574, 0.23497320711612701, -0.015164290554821491, 0.17045919597148895, 0.38813140988349915, -4.8429694175720215, 3.241976737976074, -3.7780086994171143, 1.2518861293792725, 2.406137466430664, -1.1687418222427368, -0.038438621908426285, 0.0031090578995645046, -0.005064602941274643, 0.24667060375213623, 8.3300199508667, -1.694537878036499, -0.10992175340652466, -0.007636959198862314, 0.0015150370309129357, 1.2247320413589478, 2.8327128887176514, -2.3704562187194824, -0.022222474217414856, 0.002772434614598751, -0.0038945942651480436, 2.033435106277466, 4.66264009475708, -2.3138389587402344, -0.06790857762098312, 0.009867828339338303, -0.009710815735161304, 0.397005558013916, 0.0636378601193428, 0.3050801455974579, 0.008185695856809616, -0.003774881362915039, -0.038761675357818604, 0.6699690222740173, -1.0, 1.0, 0.2870786786079407, -1.0, -0.46167439222335815, -1.0, -1.0, -1.0, -1.0, 0.009545322507619858, -0.2969898283481598, -0.3012133240699768, 0.08270552009344101, -0.5092464685440063, -0.14970433712005615, 0.8503841757774353, 0.316630482673645, 0.5398922562599182, 1.0]
[0.31896886229515076, 0.09652949124574661, 0.43372952938079834, -0.5503014922142029, -0.6690174341201782, -0.7750125527381897, 0.12732307612895966, -0.6632036566734314, -0.7383297085762024, -0.8736161589622498, -0.2917843163013458, -0.7424898147583008, -0.23553213477134705, -0.3844217360019684, -0.6063200831413269, -0.05429492145776749, -0.5268449783325195, -0.38661491870880127, -0.5057706236839294, -0.14149601757526398, -0.35126757621765137, -0.1276148557662964, 0.2673024535179138, 0.9088255167007446, -0.05379317328333855, -0.9952473044395447, 0.41994866728782654, 0.6559794545173645, -0.3685378134250641, -0.011725892312824726, -0.7065334916114807, -0.2935549318790436, -0.015622627921402454, 0.06326354295015335, -0.5654119849205017, 0.020412340760231018, 1.2648745775222778, 1.406930923461914, 0.33391958475112915, 0.373216450214386, 0.9505980610847473, 0.5833612680435181, 0.6508546471595764, -0.2247323840856552, 1.7415186166763306, 0.3210872709751129, 0.5457268357276917, 0.15691924095153809, 1.9884490966796875, -3.827913284301758, 0.052380166947841644, -0.41147899627685547, -0.1881270706653595, -0.08053623139858246, -0.023193970322608948, -0.4099699556827545, -0.1810302734375, -0.0707472562789917, 0.0926554799079895, -0.13611800968647003, -0.017572183161973953, 0.0011064298450946808, -0.4397207498550415, 0.2161673903465271, -0.4864952564239502, -0.17089325189590454, -0.0712258517742157, 0.0351395457983017, -0.175551176071167, -0.06138294190168381, 0.010703586041927338, 0.0015374647919088602, 0.005143255926668644, -0.39418360590934753, 0.5238430500030518, 0.1688951998949051, 0.6296234130859375, -0.730964720249176, 0.20183970034122467, 0.055706173181533813, -0.08095481991767883, -0.2871822416782379, 0.5280166268348694, -1.4166295528411865, 0.4534396231174469, 0.0, -0.38999998569488525, 0.47999998927116394, -0.22206895053386688, -0.6671021580696106, 0.6765443682670593, 0.2189696580171585, 0.14346523582935333, 0.22445662319660187, -0.32376205921173096, -0.9078627228736877, -0.028088625520467758, -0.4508063793182373, 0.5125131607055664, -0.012222545221447945, -0.40187886357307434, 0.9148761034011841, 0.03668191283941269, -0.07568319141864777, -0.08709482848644257, -0.6530950665473938, 3.583367109298706, 0.6123188138008118, -1.8085542917251587, 0.0009097647853195667, -0.4560467004776001, 0.5052928328514099, 0.008366579189896584, -0.5005350708961487, 0.8655873537063599, -0.01237198244780302, 0.3426021933555603, -0.16004861891269684, -1.0014833211898804, 6.201628684997559, 0.21491259336471558, 3.801776647567749, 0.03137296810746193, -0.44542935490608215, 0.5096222758293152, 0.012135419994592667, -0.1645449548959732, 0.9824478030204773, -0.08702892810106277, 0.1950823962688446, 0.16789796948432922, -0.6186705231666565, -8.28703784942627, -2.111738920211792, 3.0496623516082764, 0.0431114062666893, -0.4320639967918396, 0.5292543172836304, -0.05566169694066048, -0.14476771652698517, 0.9863771200180054, -0.05481072515249252, -0.22771011292934418, 0.16814294457435608, -0.29105591773986816, -6.43289041519165, -2.2406435012817383, -3.079165458679199, -0.07754157483577728, -0.3664354681968689, 0.5208866000175476, -0.27242225408554077, -0.5160101652145386, 0.7653124928474426, 0.27169162034988403, 0.03487700968980789, 0.19920840859413147, 0.3376578688621521, -3.970991611480713, 5.088178634643555, -4.303487300872803, 0.2641502916812897, 2.6919779777526855, -1.0813288688659668, -0.04015655815601349, -0.0003613653825595975, -0.0011161572765558958, -0.1438085436820984, 2.6095774173736572, -0.7486993670463562, -0.03160359710454941, -0.004547914490103722, 0.002265454037114978, 0.5865574479103088, 0.19593077898025513, -0.7125806212425232, 0.004045391455292702, 0.002281708875671029, -0.0038294915575534105, 1.219026803970337, 2.307396411895752, -1.8494956493377686, -0.03661490976810455, 0.0027302694506943226, -0.016946587711572647, 0.1330689787864685, 0.8344617486000061, 0.06332909315824509, -0.001772965188138187, -0.0005916370428167284, -0.010906403884291649, 0.40946856141090393, -1.0, 1.0, -0.31786179542541504, -1.0, -1.0, -1.0, -0.8333297967910767, -1.0, -0.6832698583602905, 0.5534949898719788, -0.46440353989601135, 0.7989868521690369, -0.13381671905517578, -0.03845678269863129, -0.2100238800048828, 1.0, 0.7142855525016785, 0.7776364684104919, 1.0]
[0.33603253960609436, -0.01890069805085659, 0.5224665999412537, -0.5179350972175598, -0.715080738067627, -0.7848244309425354, -0.05050421878695488, -0.7083492875099182, -0.7421298027038574, -0.8720506429672241, -0.4194425344467163, -0.6610287427902222, -0.11941970884799957, -0.2394653558731079, -0.5203709602355957, 0.06933723390102386, -0.43093806505203247, -0.3149413764476776, -0.4389657974243164, -0.11594349890947342, -0.13050344586372375, 0.0235512126237154, 0.33842048048973083, 0.9244439005851746, 0.14869792759418488, -0.6875453591346741, 0.33894848823547363, 0.10663094371557236, -0.45770183205604553, -0.13434238731861115, -0.7389856576919556, -0.481036514043808, -0.04562428221106529, -0.008106681518256664, -0.49609026312828064, 1.160282850265503, 0.9820511937141418, 1.2866302728652954, 0.4438786506652832, 0.5861194729804993, 0.8594992756843567, 0.7064019441604614, 0.6848039031028748, 0.603060245513916, 1.5109434127807617, 0.4011370837688446, 0.3765103220939636, 0.13560889661312103, 5.160707950592041, 4.108853816986084, 0.15420420467853546, 0.08677691221237183, 0.012178617529571056, -0.0022382629103958607, 0.21587470173835754, 0.22233814001083374, 0.07241013646125793, 0.021152455359697342, 0.17230825126171112, 0.5206236243247986, 0.15910384058952332, 0.038422755897045135, 0.5194567441940308, 0.17202846705913544, 0.21371079981327057, 0.061509035527706146, 0.022402241826057434, -0.028937216848134995, 0.04667063057422638, 0.02209681272506714, 0.009192059747874737, -0.0037613585591316223, 0.0060189347714185715, -0.3960787057876587, 0.5176858901977539, 0.201870396733284, 0.6427049040794373, -0.698749303817749, 0.24068252742290497, 0.04959068074822426, -0.11182184517383575, -0.399404376745224, 0.7816177010536194, -1.0831350088119507, 0.37451791763305664, 0.0, -0.38999998569488525, 0.47999998927116394, -0.22206895053386688, -0.6671021580696106, 0.6765443682670593, 0.2189696580171585, 0.12897038459777832, 0.2826964557170868, -0.3238939642906189, -0.8936117887496948, -0.03094860166311264, -0.451477587223053, 0.5025396943092346, -0.01536391582340002, -0.44067567586898804, 0.8958486318588257, 0.05499159172177315, -0.27585408091545105, -0.07216881960630417, -0.6273303031921387, 5.82850980758667, 0.2009294182062149, -2.469477653503418, 0.004003639332950115, -0.45700186491012573, 0.49142739176750183, 0.022693905979394913, -0.5451860427856445, 0.8372031450271606, -0.036713652312755585, 0.1389492005109787, -0.0455753467977047, -0.8284422159194946, 6.125948905944824, 0.027436889708042145, 2.929154396057129, 0.03237253054976463, -0.4431033730506897, 0.5045033693313599, -0.001413406920619309, -0.06544502079486847, 0.992077112197876, -0.10722842067480087, -0.10641723871231079, 0.38772204518318176, -0.059751883149147034, -13.294523239135742, -3.743082284927368, 1.4387710094451904, 0.037570953369140625, -0.43035247921943665, 0.5262808799743652, -0.07527218014001846, -0.07975967973470688, 0.993695080280304, -0.023293502628803253, -0.476509690284729, 0.2608976364135742, -0.07228733599185944, -8.383963584899902, -2.030968427658081, -5.5715789794921875, -0.07601313292980194, -0.3644086718559265, 0.5256785154342651, -0.24945403635501862, -0.47152572870254517, 0.7835944890975952, 0.3184584081172943, 0.14415238797664642, 0.17413613200187683, 0.4198458790779114, -2.4681649208068848, 7.914580821990967, -3.2140181064605713, 0.9727531671524048, -0.268841028213501, 0.43762093782424927, -0.006270878948271275, 0.0034953418653458357, -0.000952861038967967, 1.1547508239746094, -1.1468044519424438, 0.47847694158554077, 0.003950388170778751, 0.005330962128937244, -0.0026590563356876373, 1.1092122793197632, -1.4020466804504395, 2.31990647315979, 0.017392054200172424, 0.0006104162312112749, -0.0077699217945337296, 1.0441300868988037, -0.6163277626037598, 1.253989338874817, 0.013157326728105545, 0.003424484981223941, -0.006824452430009842, 0.12706038355827332, -0.4671042561531067, 0.3424728214740753, 0.001364440657198429, -0.0057943277060985565, -0.010187966749072075, 1.0, -0.33836647868156433, 1.0, -0.5397318005561829, -1.0, -1.0, -1.0, -0.7647793292999268, -1.0, 0.30026403069496155, 0.42778903245925903, 0.1898963451385498, 1.0, 0.10176917165517807, 0.12860561907291412, 0.2690252661705017, 1.0, 1.0, 0.6264492869377136, 1.0]
[0.3942166566848755, -0.047839026898145676, 0.5962895750999451, -0.5439676642417908, -0.7633966207504272, -0.8008368611335754, -0.21568717062473297, -0.7621130347251892, -0.7690519690513611, -0.8777152299880981, -0.3949199914932251, -0.491589218378067, -0.11713143438100815, -0.17469564080238342, -0.5053007006645203, 0.12567634880542755, -0.32983601093292236, -0.20575478672981262, -0.34588027000427246, -0.0019203852862119675, 0.05179145932197571, 0.1729719638824463, 0.38860201835632324, 0.938163161277771, 0.2616797387599945, 0.050513263791799545, 0.2900930643081665, -0.39875170588493347, -0.43394842743873596, -0.1543576866388321, -0.6409496068954468, -0.47313910722732544, -0.34479930996894836, -0.09340373426675797, 0.13199420273303986, 1.803497552871704, -0.32521435618400574, 0.11832123249769211, 0.19879178702831268, 0.27385643124580383, 1.0095797777175903, 1.127232313156128, 1.1284546852111816, 1.8341621160507202, 1.2242939472198486, 0.3588092625141144, 0.26147758960723877, 0.11787581443786621, 2.6465904712677, 9.901687622070312, 0.0733012706041336, 0.46095186471939087, 0.1501370668411255, 0.04646968096494675, 0.1393928974866867, 0.6580585837364197, 0.21132704615592957, 0.06336445361375809, -0.1809529811143875, 0.7195450067520142, 0.2306291162967682, 0.043397922068834305, 1.617030143737793, 0.3138403296470642, 0.8615756034851074, 0.23133067786693573, 0.08165708929300308, -0.0409095399081707, 0.2820073962211609, 0.11518065631389618, -0.025057993829250336, -0.015833765268325806, 0.006790383718907833, -0.39757010340690613, 0.5095378756523132, 0.230137899518013, 0.6637042760848999, -0.6600229144096375, 0.2662760317325592, 0.04413788020610809, -0.07739508152008057, -0.5182313919067383, 1.0606499910354614, -0.8440400958061218, 0.30626651644706726, 0.0, -0.38999998569488525, 0.47999998927116394, -0.22206895053386688, -0.6671021580696106, 0.6765443682670593, 0.2189696580171585, 0.10080220550298691, 0.33209228515625, -0.3185351490974426, -0.8820933699607849, -0.036292292177677155, -0.4516648054122925, 0.4976384937763214, -0.025341609492897987, -0.47901442646980286, 0.8742446303367615, 0.07482882589101791, -0.4030052125453949, -0.024985650554299355, -0.19946466386318207, 4.615171909332275, -0.566397488117218, -2.88673734664917, 0.004245953168720007, -0.45722490549087524, 0.4851636588573456, 0.03225570172071457, -0.5797372460365295, 0.8123857378959656, -0.05379217490553856, -0.015412965789437294, -0.01731611229479313, -0.22270673513412476, 4.294191837310791, 0.07846318185329437, 1.9090263843536377, 0.027615569531917572, -0.44025591015815735, 0.5098059177398682, -0.010866991244256496, 0.01840285025537014, 0.9954143166542053, -0.09323941916227341, -0.34650689363479614, 0.32694941759109497, 0.5416982173919678, -8.113221168518066, -1.3309129476547241, -2.1061079502105713, 0.032286275178194046, -0.426365464925766, 0.5292717218399048, -0.07862299680709839, 0.03190641105175018, 0.99637770652771, 0.005638572853058577, -0.40037766098976135, 0.5884460210800171, 0.40045398473739624, -16.6900634765625, -0.8862965106964111, -5.1574625968933105, -0.07205997407436371, -0.36317312717437744, 0.5326164364814758, -0.1937636286020279, -0.42887285351753235, 0.8015669584274292, 0.3688008189201355, 0.4120873808860779, 0.054775286465883255, 0.5743060111999512, -0.8406547904014587, 11.322391510009766, -1.2054965496063232, 0.5396816730499268, -2.3280463218688965, 1.4961479902267456, 0.01154899038374424, 0.0036559777799993753, 0.0023635849356651306, 0.7177267074584961, -3.308561086654663, 1.2486240863800049, 0.013736037537455559, 0.004577161744236946, -0.003279244527220726, -1.024770975112915, -1.309950351715088, 4.0609307289123535, 0.023748667910695076, -0.00040789152262732387, 0.021895067766308784, 2.351217746734619, -2.1936771869659424, 4.6567158699035645, 0.04875192418694496, 0.026605520397424698, -0.015608720481395721, -0.46858343482017517, -1.7058229446411133, 0.4880194067955017, 0.005798740312457085, -0.008336435072124004, -0.005997279193252325, 1.0, 1.0, 1.0, -0.8190047144889832, -1.0, -1.0, -0.9721623659133911, -1.0, -0.755958080291748, 1.0, -0.11773079633712769, 0.48639076948165894, 0.827190101146698, 0.24193799495697021, 0.38647913932800293, 1.0, 0.9679094552993774, 1.0, 0.5686578154563904, 1.0]
[0.4669237434864044, 0.0031194770708680153, 0.6613717079162598, -0.5635138750076294, -0.80748051404953, -0.8171890377998352, -0.357231080532074, -0.8073352575302124, -0.8120198249816895, -0.892388105392456, -0.40506792068481445, -0.29018446803092957, -0.18295271694660187, -0.1825956255197525, -0.4339883625507355, 0.16520798206329346, -0.22878652811050415, -0.0794510543346405, -0.20813767611980438, 0.14949734508991241, 0.18864987790584564, 0.3085700571537018, 0.42588168382644653, 0.9492626786231995, 0.2662765681743622, 0.5765919089317322, 0.26055029034614563, -0.049444980919361115, -0.3860218822956085, -0.14777593314647675, -0.5220197439193726, -0.2978636622428894, -0.38412386178970337, -0.14394636452198029, -0.17339228093624115, 1.8250484466552734, -0.7346670031547546, -0.1884016990661621, 0.4176269471645355, 0.10461198538541794, 0.9070930480957031, 1.1912868022918701, 1.3965414762496948, 1.8868621587753296, 0.8530737161636353, 0.31770583987236023, 0.2046922743320465, 0.09176075458526611, 0.01116962730884552, 7.6892852783203125, -0.01166373398154974, 0.5533657073974609, 0.20538493990898132, 0.07016691565513611, 0.04079321399331093, 0.6120352745056152, 0.23114776611328125, 0.07769501954317093, -0.058693546801805496, 0.3365330696105957, 0.06398095935583115, 0.000330485898302868, 0.7436355948448181, -0.06361335515975952, 0.38981884717941284, 0.08712754398584366, 0.024344325065612793, -0.24279659986495972, 0.13223659992218018, 0.035587504506111145, 0.08615675568580627, 0.021980080753564835, 0.003946056589484215, -0.3983132839202881, 0.5088120102882385, 0.3415641486644745, 0.617917001247406, -0.6070159077644348, 0.3647521436214447, -0.49214041233062744, 0.2520917057991028, 0.33792269229888916, -0.10065311193466187, -8.930830955505371, -0.4072969853878021, 0.0, -0.38999998569488525, 0.47999998927116394, -0.22206895053386688, -0.6671021580696106, 0.6765443682670593, 0.2189696580171585, 0.1426856368780136, 0.47491586208343506, -0.2890511155128479, -0.8188681602478027, -0.04235941916704178, -0.4508639872074127, 0.5006827712059021, -0.0396486259996891, -0.4923441410064697, 0.8644633889198303, 0.09342535585165024, -0.38778263330459595, 0.08388376235961914, 0.40021562576293945, -0.031500160694122314, -0.5563008189201355, -2.699023962020874, 0.003072523046284914, -0.4574092626571655, 0.4869757294654846, 0.04044542834162712, -0.5994982719421387, 0.7967566251754761, -0.06437907367944717, -0.06604649871587753, -0.00848023034632206, 0.3162399232387543, 1.2052133083343506, 0.26479774713516235, 1.323334813117981, 0.022625107318162918, -0.43531087040901184, 0.5223270058631897, -0.0142594575881958, 0.08348919451236725, 0.9929323792457581, -0.08313491195440292, -0.2693827450275421, 0.4650762379169464, 0.8406684398651123, -7.326356410980225, -0.9369300603866577, -0.5377161502838135, 0.025768285617232323, -0.4188443124294281, 0.5392186641693115, -0.08597466349601746, 0.1962568461894989, 0.9760937094688416, 0.03650500997900963, -0.3632846474647522, 0.8411417603492737, 0.5903964042663574, -21.102876663208008, -1.1446157693862915, -5.183607578277588, -0.06640133261680603, -0.3622734546661377, 0.539992094039917, -0.12806127965450287, -0.38543185591697693, 0.8170232772827148, 0.4092864692211151, 0.46979594230651855, 0.07820863276720047, 0.5217441916465759, -1.4688470363616943, 10.030854225158691, -0.26222822070121765, -0.017133492976427078, -3.0471575260162354, 1.296504259109497, 0.02445955201983452, 0.0010716740507632494, 0.003326952923089266, 0.19519740343093872, -3.4554197788238525, 0.9566363096237183, 0.02586372196674347, 0.0024285828694701195, -0.002831347519531846, -0.42627689242362976, 0.03528843820095062, 2.040684938430786, 0.0008598126587457955, -0.0008136546821333468, 0.005855011288076639, -0.2902218997478485, -0.398446649312973, 2.1550395488739014, 0.018367625772953033, 0.00531466631218791, 0.005228622350841761, 1.045670986175537, -0.5311380624771118, 0.4437321424484253, -0.002003309316933155, 0.005249344743788242, 0.008461043238639832, 1.0, 1.0, 1.0, -0.459006130695343, -1.0, -1.0, -0.8351619243621826, -1.0, -0.5717491507530212, 1.0, -0.6647689938545227, 0.29460009932518005, 0.22288158535957336, 0.3423864245414734, 0.6371060609817505, 1.0, 0.76969313621521, 1.0, 0.5965542197227478, 1.0]
[0.541119396686554, 0.11275099217891693, 0.7178280353546143, -0.591755747795105, -0.8433797359466553, -0.8310475945472717, -0.4699994921684265, -0.8410881161689758, -0.8482075929641724, -0.9063823819160461, -0.46884939074516296, -0.0954584926366806, -0.2724093794822693, -0.20870481431484222, -0.34563085436820984, 0.1581728607416153, -0.17120708525180817, 0.007436808198690414, -0.07277002185583115, 0.2914979159832001, 0.2860257029533386, 0.4109233319759369, 0.4713459610939026, 0.9576637148857117, 0.28358370065689087, 0.8936168551445007, 0.2190384417772293, -0.36383146047592163, -0.3012239336967468, -0.11618904024362564, -0.429338276386261, -0.30550888180732727, -0.30335694551467896, -0.11890560388565063, -0.3092751204967499, 1.79726243019104, -0.8666475415229797, -0.2783946394920349, 0.4014871120452881, -0.10014992952346802, 0.3327763080596924, 0.5946351885795593, 1.0506749153137207, 1.673456072807312, 0.6183432936668396, 0.21649102866649628, 0.31854838132858276, 0.07014855742454529, 0.24921995401382446, 3.3372464179992676, -0.004633484408259392, 0.11338870227336884, 0.04224546626210213, 0.014537850394845009, 0.042368583381175995, 0.21523134410381317, 0.08612382411956787, 0.030203761532902718, -0.014729391783475876, 0.10629594326019287, 0.02098553255200386, 0.0003265333944000304, 0.25641149282455444, -0.057397954165935516, 0.011014344170689583, -0.07231441885232925, -0.053097017109394073, -0.23652590811252594, -0.0007511419244110584, -0.027815943583846092, 0.11205755174160004, 0.03316551074385643, -0.004255157429724932, -0.3945479989051819, 0.5127475261688232, 0.5244631171226501, 0.45524507761001587, -0.46735504269599915, 0.5470553636550903, -0.4916388988494873, 0.20580048859119415, 0.2131754755973816, -0.18001320958137512, -7.842090129852295, -0.11062698811292648, 0.0, -0.38999998569488525, 0.47999998927116394, -0.22206895053386688, -0.6671021580696106, 0.6765443682670593, 0.2189696580171585, 0.240105539560318, 0.7156642079353333, -0.2236691415309906, -0.6165598630905151, -0.04835069179534912, -0.44928234815597534, 0.5089515447616577, -0.056456152349710464, -0.48964881896972656, 0.8632298707962036, 0.10904485732316971, -0.39835986495018005, 0.1268259733915329, 0.5625057220458984, -0.6781154870986938, -0.9345957636833191, -2.5546998977661133, 0.0011216853745281696, -0.45730066299438477, 0.49535953998565674, 0.048078883439302444, -0.5993889570236206, 0.796030580997467, -0.06896866858005524, -0.12253425270318985, 0.027311082929372787, 0.6172894239425659, -0.8826871514320374, 0.510868489742279, 0.7540727853775024, 0.018457159399986267, -0.4275088608264923, 0.5381779670715332, -0.015363486483693123, 0.14654920995235443, 0.9856412410736084, -0.08245376497507095, -0.25422394275665283, 0.6647060513496399, 0.9403175711631775, -7.683973789215088, -0.637000322341919, 0.10699585825204849, 0.020054731518030167, -0.41056397557258606, 0.5509905815124512, -0.09388229995965958, 0.3423142731189728, 0.9331107139587402, 0.05754438415169716, -0.2936135530471802, 0.6578853726387024, 0.5241589546203613, -15.346426963806152, -1.1776725053787231, -3.176330804824829, -0.06116826459765434, -0.3600637912750244, 0.5470566153526306, -0.07791633158922195, -0.33806684613227844, 0.828302264213562, 0.4399489760398865, 0.37951669096946716, 0.2115347981452942, 0.47558891773223877, -2.712898015975952, 7.913896560668945, -1.00621497631073, -0.009684983640909195, -0.6785271167755127, 0.3598784804344177, 0.004359941929578781, 7.965727127157152e-05, 0.0017440725350752473, 0.22565555572509766, -1.3026082515716553, 0.2954499125480652, 0.010664640925824642, 0.0023222975432872772, -0.0017893475014716387, -0.1334524303674698, 0.053027696907520294, 0.7385445237159729, 0.001121948822401464, -0.00024671043502166867, 0.0022932961583137512, -0.30171287059783936, 1.1868903636932373, -0.17020775377750397, -0.035293664783239365, 0.0018815317889675498, 0.004648033529520035, 1.435729742050171, 0.2941834628582001, 0.2538357079029083, -0.005300159100443125, 0.010193838737905025, 0.006020518019795418, 1.0, 1.0, 1.0, -0.8425343632698059, -1.0, -1.0, -0.9886731505393982, -1.0, -0.9472371935844421, 1.0, -0.79915851354599, 0.12808987498283386, -0.0710253119468689, -0.08738849312067032, 0.23747216165065765, 1.0, 0.7037968635559082, 0.8199865221977234, 0.8049387335777283, 1.0]
[0.6152195930480957, 0.24289479851722717, 0.7658514976501465, -0.6381758451461792, -0.8715349435806274, -0.8418195843696594, -0.5611168742179871, -0.8370584845542908, -0.8782001733779907, -0.9181557297706604, -0.44959384202957153, 0.036599453538656235, -0.3722214996814728, -0.2400311380624771, -0.28049999475479126, 0.08716274052858353, -0.10462197661399841, 0.08360395580530167, 0.0168568454682827, 0.4130142331123352, 0.3507632911205292, 0.4735031723976135, 0.5187652111053467, 0.9645097255706787, 0.28120696544647217, 0.9026371836662292, 0.18480174243450165, -0.45241639018058777, -0.235306978225708, -0.08920876681804657, -0.31727567315101624, 0.15571008622646332, -0.26847290992736816, -0.09958630800247192, 0.1443580687046051, 1.1051737070083618, -0.9386081695556641, -0.3135397732257843, 0.20128534734249115, -0.3544843792915344, 0.6381153464317322, 0.7605760097503662, 0.7723782658576965, 1.3997660875320435, 0.38405320048332214, 0.12037569284439087, 0.27894291281700134, 0.05983663722872734, 0.2275484800338745, -0.6744498014450073, -0.012727725319564342, -0.06495307385921478, -0.015918446704745293, -0.0035951188765466213, 0.0719098374247551, 0.027025263756513596, 0.02114822156727314, 0.010124851018190384, 0.04465747997164726, -0.15825212001800537, -0.04603160545229912, -0.014351414516568184, -0.1406608372926712, -0.06355660408735275, -0.04681030660867691, -0.003052190877497196, -0.0026651211082935333, -0.13087408244609833, -0.15308374166488647, -0.09846708923578262, 0.04136107116937637, 0.011187968775629997, -0.012280050665140152, -0.3919421136379242, 0.5156873464584351, 0.6467544436454773, 0.22496747970581055, -0.25061213970184326, 0.6843185424804688, -0.43561720848083496, 0.11798480898141861, 0.4788965880870819, -0.8565964698791504, -15.532440185546875, 0.9870645403862, 0.0, -0.38999998569488525, 0.47999998927116394, -0.22206895053386688, -0.6671021580696106, 0.6765443682670593, 0.2189696580171585, 0.30856895446777344, 0.8876762986183167, -0.13635532557964325, -0.3134056329727173, -0.05416354537010193, -0.4470157027244568, 0.5182953476905823, -0.07430192828178406, -0.48390600085258484, 0.8634170889854431, 0.12175843119621277, -0.378998726606369, 0.17145581543445587, 0.5435203313827515, -0.7870771884918213, -1.0548962354660034, -2.2886881828308105, -0.0013717536348849535, -0.45612162351608276, 0.5078872442245483, 0.05453050136566162, -0.5800869464874268, 0.8097527623176575, -0.06946883350610733, -0.16883860528469086, 0.11908877640962601, 0.8183366656303406, -3.4676780700683594, 0.35579657554626465, 0.16778144240379333, 0.013735532760620117, -0.4198713004589081, 0.5520467758178711, -0.009717105887830257, 0.1850399225950241, 0.9803115725517273, -0.06822621822357178, -0.2667282819747925, 0.5238481760025024, 0.7261843085289001, -3.786888837814331, 0.18636387586593628, -2.128815174102783, 0.015942558646202087, -0.40033164620399475, 0.5625460743904114, -0.09887710213661194, 0.46854710578918457, 0.8754993677139282, 0.06471306830644608, -0.1702510267496109, 0.7696106433868408, 0.4045325517654419, -16.049028396606445, -0.11933867633342743, -2.239283323287964, -0.05721781402826309, -0.3569004237651825, 0.5530340075492859, -0.044059932231903076, -0.2940449118614197, 0.8335191607475281, 0.4656630754470825, 0.2701636254787445, 0.23301661014556885, 0.3554898798465729, -2.322103261947632, 5.958642959594727, -1.4900566339492798, -0.08170045912265778, 0.2683373689651489, -0.12622575461864471, 0.00042994142859242857, -0.001068000914528966, 2.5840183297987096e-05, 0.3715675473213196, -0.23908503353595734, -0.01742994785308838, 0.006538575980812311, 0.004220645409077406, -0.0009047961793839931, 0.16306369006633759, 0.4015228748321533, -0.710049569606781, -0.008328570984303951, -0.0009859571000561118, -0.00378383114002645, -0.40157806873321533, -0.14192092418670654, -0.492261677980423, -0.004793934524059296, 0.00012203562801005319, 0.007262077182531357, 0.4969296455383301, 1.2293717861175537, -0.0435066744685173, -0.009717922657728195, 0.0032370982225984335, 0.0022724957671016455, 1.0, 1.0, 1.0, -0.928149402141571, -1.0, -1.0, -0.5512035489082336, -1.0, -0.7624064087867737, 1.0, -0.9181890487670898, -0.4311208128929138, -0.4678429961204529, 0.0426698699593544, 0.5561663508415222, 1.0, 0.5618937015533447, 0.6332665085792542, 0.7660242319107056, 1.0]
[0.6560661196708679, 0.3105267584323883, 0.8124468922615051, -0.683623194694519, -0.8915995955467224, -0.8491565585136414, -0.6075625419616699, -0.7742496132850647, -0.9005496501922607, -0.9268829226493835, -0.444413959980011, 0.12746311724185944, -0.4501916170120239, -0.2697124183177948, -0.27968448400497437, -0.016469156369566917, -0.04000158607959747, 0.1877838522195816, 0.11095767468214035, 0.5101251602172852, 0.4062877893447876, 0.4910499155521393, 0.5508008003234863, 0.971214771270752, 0.06340459734201431, 0.18979953229427338, 0.18968361616134644, -0.41565820574760437, -0.16326811909675598, -0.056271523237228394, -0.12660415470600128, 0.7999439835548401, -0.1715405136346817, -0.06616979092359543, -0.09787996858358383, 0.7501379251480103, -0.6090167164802551, -0.23973429203033447, -0.13441304862499237, -0.4559841752052307, 0.5297706723213196, 1.070476770401001, 1.0476616621017456, 1.0932817459106445, 0.39688584208488464, -0.0004978370270691812, 0.14864541590213776, 0.06100301817059517, -5.038832664489746, -10.044706344604492, -0.2363038957118988, -0.6268577575683594, -0.20965135097503662, -0.06646572053432465, -0.1424456536769867, -0.5193309783935547, -0.1604343205690384, -0.04631969705224037, -0.11119697988033295, -0.6109666228294373, -0.15743249654769897, -0.03373332321643829, -0.9273430705070496, -0.04852375388145447, -0.43361538648605347, -0.06211089342832565, 0.009883562102913857, 0.2895020842552185, -0.2889314591884613, -0.16536302864551544, -0.2063371241092682, -0.06412160396575928, -0.019146321341395378, -0.3904178738594055, 0.5218610167503357, 0.6695677042007446, -0.06194295361638069, 0.05763198062777519, 0.7379163503646851, -0.25277742743492126, 0.004873838275671005, 0.3901078402996063, -0.2995907962322235, -9.992602348327637, 0.35585182905197144, 0.0, -0.38999998569488525, 0.47999998927116394, -0.22206895053386688, -0.6671021580696106, 0.6765443682670593, 0.2189696580171585, 0.3139440715312958, 0.944492518901825, -0.026187852025032043, 0.09320394694805145, -0.05787966027855873, -0.4457653760910034, 0.5219117403030396, -0.08750126510858536, -0.49007168412208557, 0.8574285507202148, 0.13034355640411377, -0.15615686774253845, 0.005756928585469723, -0.03699472174048424, 2.0648281574249268, -1.0357364416122437, -1.1808404922485352, -0.002900015329942107, -0.4542931914329529, 0.5174360871315002, 0.05681844800710678, -0.5534365177154541, 0.828010082244873, -0.06984975188970566, -0.023504061624407768, 0.13656382262706757, 0.4537805914878845, -3.712230920791626, -0.3908802270889282, 0.35900768637657166, 0.011323419399559498, -0.41464701294898987, 0.5591654777526855, -0.006139456294476986, 0.19826048612594604, 0.978208065032959, -0.06135205551981926, -0.04448263719677925, 0.23748169839382172, 0.20337021350860596, -0.457590252161026, 0.13795459270477295, 0.16422559320926666, 0.015259023755788803, -0.39246219396591187, 0.5675024390220642, -0.09581626206636429, 0.5753298997879028, 0.8099939227104187, 0.06102769076824188, 0.08825020492076874, 0.40137702226638794, -0.12733067572116852, -13.94868278503418, 1.0296107530593872, -1.2123074531555176, -0.05327744036912918, -0.35616934299468994, 0.5556793212890625, -0.010850254446268082, -0.2704388499259949, 0.832775354385376, 0.48293909430503845, 0.3204244375228882, -0.07723866403102875, 0.05820654332637787, 1.0454157590866089, 4.680541038513184, -0.2304585576057434, -1.3774914741516113, 3.335407257080078, -1.2017438411712646, -0.01643460988998413, -0.00791478157043457, -0.0020961842965334654, -0.7844868898391724, 2.744274139404297, -0.48490074276924133, -0.005155583843588829, -0.0003704620467033237, 0.005095606669783592, -0.7655220031738281, 0.8847209811210632, -3.4807708263397217, -0.020462509244680405, 0.006683593615889549, 0.008306697010993958, -0.5046179294586182, -1.4564841985702515, -2.814166784286499, -0.01196369994431734, -0.001379809807986021, 0.004040442407131195, -3.026243209838867, 2.189812660217285, -0.9407616257667542, -0.014964554458856583, -0.01570170558989048, 0.0021288886200636625, 0.23828253149986267, -0.2234322726726532, 1.0, -1.0, -1.0, -0.7502844929695129, -0.23636150360107422, -1.0, -0.8286585211753845, 0.5672239065170288, -0.7679799199104309, -1.0, -0.6995471119880676, 0.11566688865423203, 0.8573291897773743, 1.0, 0.6622156500816345, 0.3371809124946594, 0.6119017004966736, 1.0]
[0.600725531578064, 0.27083081007003784, 0.8629828691482544, -0.6902651190757751, -0.7815557718276978, -0.8349254727363586, -0.6200243830680847, -0.6272338032722473, -0.88383948802948, -0.9277423024177551, -0.44627872109413147, 0.15043658018112183, -0.49863842129707336, -0.2894578278064728, -0.32450559735298157, -0.10542567074298859, 0.0077873035334050655, 0.3108408451080322, 0.24002854526042938, 0.5855525732040405, 0.48193085193634033, 0.4722338616847992, 0.5623074173927307, 0.9778217673301697, -0.4035934507846832, -0.5672178864479065, 0.20558539032936096, 0.12577112019062042, 1.6538422107696533, 0.3567067086696625, -0.02097918651998043, 1.6458452939987183, 0.3278772830963135, 0.05777096375823021, 0.030599320307374, -0.08741908520460129, -0.3728073537349701, -0.1474938988685608, -0.29359015822410583, -0.31923210620880127, 0.36907318234443665, 1.1685857772827148, 1.3329628705978394, 0.8603014349937439, 0.6158798933029175, -0.07135225087404251, 0.019143281504511833, 0.057501208037137985, -10.696739196777344, -10.45313835144043, -0.47589439153671265, -0.510391116142273, -0.024259693920612335, 0.0272876787930727, -0.415825217962265, -0.5097182989120483, -0.12724114954471588, -0.027844760566949844, -0.17188811302185059, -0.7270960807800293, -0.2193017303943634, -0.05641597509384155, -1.020129919052124, -0.09026564657688141, -0.4178008437156677, -0.056744325906038284, 0.004457577597349882, 0.48619240522384644, -0.0745428204536438, -0.0510769784450531, -0.30645671486854553, -0.09267264604568481, -0.022026408463716507, -0.391242653131485, 0.5268720984458923, 0.5893494486808777, -0.31442153453826904, 0.29637643694877625, 0.6826178431510925, -0.11804558336734772, -0.10458295047283173, 0.2625867426395416, -0.6898810267448425, -9.213126182556152, 0.029801001772284508, 0.0, -0.38999998569488525, 0.47999998927116394, -0.22206895053386688, -0.6671021580696106, 0.6765443682670593, 0.2189696580171585, 0.2956446707248688, 0.851064145565033, 0.06605571508407593, 0.42885950207710266, -0.05549508333206177, -0.4463508427143097, 0.5197955369949341, -0.08061317354440689, -0.46036747097969055, 0.8737098574638367, 0.13488632440567017, 0.3792385458946228, -0.026108458638191223, -0.11871728301048279, -7.304261684417725, 3.217193126678467, 0.7703725099563599, 0.0003959981258958578, -0.4522290527820587, 0.5215212106704712, 0.05668792128562927, -0.5088859796524048, 0.8549094796180725, -0.08337445557117462, 0.3817923963069916, 0.19172409176826477, 0.20973721146583557, -7.129308700561523, -2.0306689739227295, 2.273077964782715, 0.014061229303479195, -0.4158475399017334, 0.5565891861915588, -0.007650316227227449, 0.1692478507757187, 0.9830405116081238, -0.07019980251789093, 0.31379345059394836, -0.3250208795070648, -0.34278640151023865, 5.8458099365234375, 0.3259590268135071, 1.8326407670974731, 0.019344370812177658, -0.39018678665161133, 0.5642452836036682, -0.09467928856611252, 0.6549663543701172, 0.7480834126472473, 0.04925457760691643, 0.3765780031681061, 0.015381327830255032, -0.5308497548103333, -10.670347213745117, 0.7609886527061462, 0.5028595924377441, -0.04640300199389458, -0.3603699803352356, 0.5540200471878052, 0.03648107126355171, -0.2713544964790344, 0.8331066966056824, 0.4805923402309418, 0.6012511253356934, -0.44165852665901184, -0.21708065271377563, 4.068642616271973, 4.469789028167725, 3.121701955795288, -2.7100887298583984, 0.9966092109680176, -1.0551345348358154, 0.0422368161380291, -0.013620526529848576, 0.00068185746204108, -2.2028744220733643, 2.3546676635742188, -0.39524686336517334, 0.007475253194570541, -0.007550065405666828, 0.008884523995220661, -1.4745426177978516, 1.6480648517608643, -3.957951545715332, -0.03169499710202217, 0.006983540020883083, 0.00763479620218277, -0.9804878234863281, -1.844877004623413, -2.48187518119812, -0.02321557328104973, 0.003041215240955353, 0.0010603175032883883, -4.468732833862305, 0.7274694442749023, -0.9644153118133545, -0.007363437209278345, -0.02117292955517769, 0.008803891018033028, -1.0, -1.0, 1.0, -0.5349436402320862, 0.5558258295059204, -0.7338482737541199, 0.4674539268016815, -0.6120157837867737, -0.4062195122241974, -0.13871875405311584, -0.7062907814979553, -1.0, -0.5158535838127136, 0.15043258666992188, 1.0, 1.0, 1.0, 0.2559506893157959, 0.487840473651886, 1.0]
[0.4992595911026001, 0.14635495841503143, 0.897612988948822, -0.619300127029419, -0.5497420430183411, -0.7643181681632996, -0.6543144583702087, -0.4429903030395508, -0.7897338271141052, -0.9084505438804626, -0.37369033694267273, 0.15998251736164093, -0.5588099360466003, -0.3068992793560028, -0.37972575426101685, -0.14003486931324005, 0.04002214968204498, 0.4279624819755554, 0.38278451561927795, 0.6487939953804016, 0.5648523569107056, 0.5069413185119629, 0.5742137432098389, 0.9828532934188843, -0.3684707283973694, -1.071332335472107, 0.10752739012241364, 0.9369406700134277, 2.403475046157837, 1.202837347984314, -0.20428891479969025, 1.7262279987335205, 1.1524189710617065, 0.3000663220882416, 0.4402817189693451, 0.16922852396965027, -0.6528515815734863, -0.20394419133663177, -0.2518675923347473, -0.04567655175924301, 0.25188693404197693, 1.0336021184921265, 1.308574914932251, 0.757158637046814, 0.5963782668113708, 0.165171816945076, 0.0971420630812645, 0.03942478448152542, 1.1275722980499268, -4.808059215545654, 0.010693613439798355, -0.09764249622821808, 0.02104126289486885, 0.061564818024635315, -0.032741498202085495, -0.34405457973480225, -0.07048200070858002, -0.008689939975738525, 0.0762021616101265, -0.1658274531364441, -0.05738299340009689, -0.018057651817798615, -0.31877464056015015, 0.06989694386720657, -0.18706458806991577, -0.04053611308336258, -0.011450916528701782, 0.1196487694978714, -0.20696966350078583, -0.0777602568268776, -0.06099831312894821, -0.019512899219989777, -0.021348657086491585, -0.39403772354125977, 0.5290628671646118, 0.3951869308948517, -0.5379521250724792, 0.504403293132782, 0.5477334260940552, 0.058056194335222244, -0.18561966717243195, 0.07128526270389557, -1.604791522026062, -9.778571128845215, -0.2709265649318695, 0.0, -0.38999998569488525, 0.47999998927116394, -0.22206895053386688, -0.6671021580696106, 0.6765443682670593, 0.2189696580171585, 0.23562845587730408, 0.6269727349281311, 0.12297560274600983, 0.7322984337806702, -0.04905558377504349, -0.4461687207221985, 0.5157046318054199, -0.05144196003675461, -0.3625248968601227, 0.9202511310577393, 0.1380840688943863, 0.49584031105041504, 0.23417194187641144, -0.10000070929527283, -16.356063842773438, 6.779294967651367, 1.3332432508468628, 0.0062688905745744705, -0.4492450952529907, 0.5204312801361084, 0.052282948046922684, -0.43786925077438354, 0.8906388878822327, -0.11090239137411118, 0.33236873149871826, 0.30703145265579224, -0.07111167162656784, -10.074997901916504, -3.740286111831665, 2.833571672439575, 0.018469996750354767, -0.4207061529159546, 0.5470413565635681, -0.009020412340760231, 0.10635143518447876, 0.9915800094604492, -0.07332871854305267, 0.24678955972194672, -0.4449186325073242, -0.6650179624557495, 8.755538940429688, 0.6089994311332703, -0.3536822199821472, 0.02506806142628193, -0.3919273912906647, 0.5553133487701416, -0.09507378190755844, 0.7061666250228882, 0.700395941734314, 0.04165288805961609, 0.32897159457206726, -0.1731189638376236, -0.7369746565818787, -6.677217960357666, 0.09467745572328568, -0.39274945855140686, -0.03763402998447418, -0.3671742081642151, 0.5485370755195618, 0.09551291167736053, -0.2844346761703491, 0.8339819312095642, 0.4630856513977051, 0.6272953152656555, -0.4994518458843231, -0.4567565321922302, 5.281029224395752, 4.570652008056641, 4.0414910316467285, -0.03224509581923485, -0.5574142336845398, -0.4789057970046997, 0.053203605115413666, -0.002845869166776538, -0.001844384241849184, 0.07927568256855011, 1.2078444957733154, -0.6763383150100708, 0.00942772626876831, -0.0005240885075181723, 0.0029745525680482388, 0.5276151895523071, 0.32556140422821045, -1.32403564453125, -0.013174230232834816, -0.0006923447363078594, -0.00850039441138506, 0.4290548264980316, -0.6109225749969482, -1.0715346336364746, -0.020614752545952797, -0.008569549769163132, -0.0022848721127957106, -0.8906484246253967, 1.1283042430877686, -0.47763434052467346, -0.003916875924915075, -0.005262522026896477, -0.0004623973509296775, 0.004749303683638573, -1.0, 1.0, 0.089175283908844, 1.0, -1.0, 0.5745068788528442, 0.024514010176062584, 0.4000682234764099, 0.2757645547389984, -1.0, -0.7735400199890137, -0.0746055394411087, 0.14057838916778564, 1.0, 1.0, 1.0, 1.0, 0.6648066639900208, 1.0]
[0.4511342942714691, -0.014884640462696552, 0.9235799312591553, -0.5228742361068726, -0.33335015177726746, -0.5570592880249023, -0.7144629955291748, -0.294817715883255, -0.7030991315841675, -0.8704627752304077, -0.2565211057662964, 0.22074472904205322, -0.629880964756012, -0.3531665802001953, -0.37452682852745056, -0.10655837506055832, 0.030233630910515785, 0.5285279154777527, 0.5108518600463867, 0.7075870633125305, 0.6426029205322266, 0.5834696292877197, 0.6071838736534119, 0.9858642220497131, -0.053778816014528275, -1.1733813285827637, 0.058316733688116074, 0.9006286859512329, 1.810276985168457, 2.341203212738037, -0.2576582431793213, 1.1636335849761963, 0.6094285845756531, 0.45239606499671936, 0.506685197353363, 0.7737753987312317, -0.6532415151596069, -0.6439372301101685, 0.1719345897436142, 0.23914073407649994, -0.2706966698169708, 0.8705325126647949, 1.1071313619613647, 0.7055537104606628, 0.5338525772094727, 0.19842900335788727, 0.2587100863456726, 0.021994175389409065, 8.072179794311523, -0.5653630495071411, 0.3148737847805023, -0.08312574774026871, -0.09822934865951538, -0.01677142083644867, 0.2531769573688507, -0.20627859234809875, -0.13113203644752502, -0.04192109405994415, 0.16068382561206818, 0.1287534385919571, 0.06181132793426514, 0.00612159026786685, 0.3173343539237976, 0.14910736680030823, -0.05578400939702988, -0.05163661390542984, -0.024480896070599556, -0.1676824688911438, -0.2541949152946472, -0.12347674369812012, 0.10720763355493546, 0.031122196465730667, -0.017161956056952477, -0.3953697681427002, 0.5289615988731384, 0.1675454080104828, -0.6373145580291748, 0.6510757803916931, 0.37664172053337097, 0.31156906485557556, -0.016664819791913033, -0.028391767293214798, -2.2211339473724365, -6.741192817687988, 0.05716127157211304, 0.0, -0.38999998569488525, 0.47999998927116394, -0.22206895053386688, -0.6671021580696106, 0.6765443682670593, 0.2189696580171585, 0.11716532707214355, 0.36964157223701477, 0.14104868471622467, 0.9109021425247192, -0.04508513584733009, -0.4441750943660736, 0.5088934302330017, -0.013406766578555107, -0.21457408368587494, 0.9659647345542908, 0.1438409984111786, 0.24172061681747437, 0.4197191298007965, -0.3437206447124481, -18.40422821044922, 7.22184944152832, 0.8651058673858643, 0.009022708982229233, -0.4466927647590637, 0.5137880444526672, 0.04113946482539177, -0.3836027979850769, 0.9127594828605652, -0.13426275551319122, 0.01893395557999611, 0.1798713058233261, -0.4560588002204895, -4.8019304275512695, -3.080296754837036, 1.2299308776855469, 0.01950864866375923, -0.4240826666355133, 0.5356223583221436, -0.007289694622159004, 0.036629099398851395, 0.9974679946899414, -0.060519471764564514, -0.03337524086236954, -0.2556062340736389, -0.6624516844749451, 8.449706077575684, 0.8294349312782288, -2.2231688499450684, 0.027058303356170654, -0.39588865637779236, 0.5443047881126404, -0.09004265815019608, 0.7317672371864319, 0.6735048294067383, 0.052916381508111954, 0.033641837537288666, -0.2661302089691162, -0.7089064121246338, -2.718024253845215, -1.1096971035003662, -2.6393771171569824, -0.030704228207468987, -0.37317758798599243, 0.540684700012207, 0.15196509659290314, -0.30150341987609863, 0.8292712569236755, 0.445321649312973, 0.4045998752117157, -0.36815622448921204, -0.5590659379959106, 5.128571510314941, 3.7398858070373535, 2.730543851852417, 1.7837036848068237, 0.9226974844932556, -0.40965205430984497, -0.002930958289653063, 0.0046434709802269936, -0.007792965043336153, 1.7586106061935425, 1.478240728378296, -0.6253713369369507, -0.019747484475374222, 0.006781144067645073, -0.00557289645075798, 1.4844555854797363, -0.5483328700065613, 0.33433371782302856, -0.0021034034434705973, -0.0011977418325841427, -0.009195423685014248, 1.4939429759979248, 0.5800321102142334, -0.599629819393158, -0.015780415385961533, -0.014117616228759289, -0.006054392084479332, 1.5506229400634766, 1.6856850385665894, -0.2511378824710846, -0.007112816907465458, 0.006312238052487373, -0.006692567840218544, 1.0, -1.0, 1.0, 0.030398786067962646, 0.629732608795166, -1.0, 0.26667532324790955, -0.4578307271003723, 0.4973202347755432, 0.8103264570236206, -1.0, 0.03756079077720642, 0.37042000889778137, -0.23008549213409424, 1.0, 1.0, 1.0, 1.0, 0.9010772705078125, 1.0]
[0.46142688393592834, -0.1139320433139801, 0.931501567363739, -0.4558015763759613, -0.24154876172542572, -0.34861820936203003, -0.7703083753585815, -0.1888417899608612, -0.6427311301231384, -0.8099316954612732, -0.08877001702785492, 0.29868271946907043, -0.6710935235023499, -0.42311182618141174, -0.27662864327430725, -0.014584863558411598, -0.02354857698082924, 0.6001016497612, 0.6122697591781616, 0.7610394358634949, 0.7041720747947693, 0.6521301865577698, 0.5596442818641663, 0.9877591729164124, 0.10895632952451706, -0.3982867896556854, 0.021795639768242836, 0.47594591975212097, 0.3368076682090759, 1.3282188177108765, -0.21113446354866028, 0.9028412699699402, 0.5365365743637085, 0.6413047313690186, 1.1845803260803223, 0.3009195923805237, -0.21136727929115295, -0.539455235004425, 0.3264339864253998, 0.28124603629112244, -0.4026198983192444, 0.5457887053489685, 0.7971327900886536, 0.6311571002006531, 0.4008432924747467, 0.15633749961853027, -0.5785573720932007, 0.014191157184541225, 3.9172327518463135, 11.042628288269043, 0.16886913776397705, 0.4906974732875824, 0.010427061468362808, -0.07438817620277405, 0.09422681480646133, 0.5859679579734802, 0.17832189798355103, 0.05925540253520012, 0.2865453362464905, -0.004470041021704674, -0.018353881314396858, -0.0051682982593774796, 0.5704168677330017, -0.07152938842773438, 0.34882521629333496, 0.01338211353868246, -0.023271344602108, -0.5844655632972717, 0.15339279174804688, 0.06601344048976898, 0.2059704065322876, 0.056868113577365875, -0.011968100443482399, -0.3956475853919983, 0.5264437794685364, -0.036820147186517715, -0.643035352230072, 0.7354466319084167, 0.21039938926696777, 0.31156906485557556, -0.016664819791913033, -0.19192446768283844, -2.478189468383789, -6.034097671508789, 0.2413473129272461, 0.0, -0.38999998569488525, 0.47999998927116394, -0.22206895053386688, -0.6671021580696106, 0.6765443682670593, 0.2189696580171585, -0.016915393993258476, 0.13796207308769226, 0.13693134486675262, 0.9807802438735962, -0.04478520527482033, -0.44222700595855713, 0.504378616809845, 0.012518738396465778, -0.10228471457958221, 0.9837508797645569, 0.14702148735523224, -0.01882101036608219, 0.22918900847434998, -0.117068812251091, -8.246679306030273, 3.1387362480163574, 0.04745215177536011, 0.008172386325895786, -0.4441474676132202, 0.5105012655258179, 0.026941169053316116, -0.3281659185886383, 0.9328963160514832, -0.1458963006734848, -0.16564667224884033, 0.2690640091896057, 0.09155585616827011, -7.941141605377197, -3.176017999649048, -0.013188641518354416, 0.01689884066581726, -0.42412301898002625, 0.5298300385475159, -0.0024821844417601824, -0.005687459371984005, 0.9995317459106445, -0.029961900785565376, -0.2547800838947296, -0.0974702388048172, -0.22018201649188995, 4.199854373931885, 1.2396613359451294, -6.365461826324463, 0.024275537580251694, -0.39886313676834106, 0.5379102826118469, -0.08088747411966324, 0.7486469149589539, 0.6527632474899292, 0.08297668397426605, -0.12629270553588867, -0.10353614389896393, -0.28401049971580505, -3.1421079635620117, -1.2720551490783691, -3.274205207824707, -0.025995390489697456, -0.3768552243709564, 0.5342334508895874, 0.20912890136241913, -0.31807154417037964, 0.8198347687721252, 0.4277457892894745, 0.3229357600212097, -0.19680842757225037, -0.36923229694366455, 5.1020965576171875, 4.463780879974365, 3.078932285308838, 1.2089364528656006, 0.7664015293121338, 2.4909627437591553, -0.06289216130971909, 0.008622501976788044, -0.0023373744916170835, 0.5879361033439636, -2.762030601501465, 2.157151937484741, 0.017824945971369743, -0.001284884987398982, -0.007913081906735897, 1.663253903388977, 0.7950531840324402, 1.7924529314041138, 0.006757499184459448, -0.007813062518835068, -0.03934864327311516, -0.5418510437011719, 2.2935593128204346, 0.9428123235702515, 0.011132044717669487, 0.011052312329411507, 0.009327787905931473, 3.091366767883301, -0.9267517924308777, 1.0388238430023193, 0.005428770091384649, 0.0074062468484044075, -0.004046992864459753, 1.0, 0.3722383379936218, 0.9935995936393738, -0.23141998052597046, -0.31279560923576355, -1.0, 0.3759388327598572, -0.3225918412208557, 0.7476102709770203, 1.0, -0.7075879573822021, 1.0, 0.8067861199378967, -0.5231643915176392, 0.8590455055236816, 1.0, 1.0, 1.0, -0.14302492141723633, 1.0]
[0.5032680630683899, -0.15288259088993073, 0.934373676776886, -0.33168455958366394, -0.27933940291404724, -0.29332807660102844, -0.7705148458480835, -0.07207654416561127, -0.5407058000564575, -0.7250202298164368, 0.15447638928890228, 0.3533109128475189, -0.7072492837905884, -0.4663041830062866, -0.19284698367118835, 0.008287009783089161, -0.047104742377996445, 0.619006335735321, 0.6689022779464722, 0.8050940036773682, 0.7547675371170044, 0.7107998132705688, 0.4275106191635132, 0.9778996706008911, 0.1953021138906479, -0.18105870485305786, 0.007441084831953049, 1.5045078992843628, -0.702851414680481, 0.02267340198159218, 0.2344941645860672, 1.1056290864944458, 1.1667555570602417, 1.0338062047958374, 0.6298155784606934, 0.7287728190422058, -0.39801090955734253, -0.36646148562431335, 0.4222685992717743, 0.08942808955907822, -0.1094394251704216, -0.02243044413626194, 0.25758442282676697, 0.5009517669677734, 0.3427127003669739, 0.13740722835063934, -0.9382805228233337, -0.14699463546276093, 2.148613214492798, 2.7435243129730225, 0.07816403359174728, 0.3681606650352478, 0.06452937424182892, -0.021189993247389793, 0.19920505583286285, 0.15005458891391754, 0.08486500382423401, 0.05046188831329346, -0.12698237597942352, 0.3276384472846985, 0.11879932880401611, 0.04018684849143028, 0.37248972058296204, 0.01850700192153454, 0.1952846199274063, -0.010863612405955791, -0.035991013050079346, -0.22538280487060547, -0.011508991941809654, -0.011529618874192238, 0.07753221690654755, 0.01767830364406109, -0.009571980684995651, -0.39653024077415466, 0.5236188173294067, 0.025959506630897522, -0.6446465253829956, 0.7130978107452393, 0.27431443333625793, 0.11145804822444916, -0.10503353923559189, -0.14036571979522705, 1.2720224857330322, 2.8633100986480713, -0.34759417176246643, 0.0, -0.38999998569488525, 0.47999998927116394, -0.22206895053386688, -0.6671021580696106, 0.6765443682670593, 0.2189696580171585, 0.027023961767554283, 0.21775735914707184, 0.1310345083475113, 0.9667891263961792, -0.04619946703314781, -0.439557284116745, 0.5061728358268738, 0.022373788058757782, -0.058942221105098724, 0.9862364530563354, 0.15284912288188934, -0.08570060133934021, 0.2462194263935089, 0.25161632895469666, -3.0159976482391357, 1.2620488405227661, -0.7447792887687683, 0.0039751254953444, -0.4398799240589142, 0.5134938955307007, 0.00651920773088932, -0.22605830430984497, 0.9637171626091003, -0.1417892724275589, -0.4350074529647827, 0.4797961711883545, 0.3644091486930847, -14.934386253356934, -4.441036224365234, -2.999417781829834, 0.012169652618467808, -0.4234621524810791, 0.5281618237495422, 0.004734668415039778, -0.026867995038628578, 0.9994571805000305, 0.018465915694832802, -0.2439076453447342, 0.1060938611626625, 0.005275239236652851, 1.0755369663238525, 0.5897162556648254, -4.071650981903076, 0.020571552217006683, -0.3999090790748596, 0.5360790491104126, -0.07742157578468323, 0.7593991160392761, 0.6377175450325012, 0.10312683880329132, -0.23065733909606934, -0.0336097776889801, -0.04006247967481613, -0.7580417394638062, -1.6678098440170288, -1.9217305183410645, -0.022659065201878548, -0.3789048492908478, 0.5295852422714233, 0.27131935954093933, -0.334627628326416, 0.8051289319992065, 0.40764880180358887, 0.25032544136047363, -0.14453735947608948, -0.34398746490478516, 6.055109977722168, 4.914203643798828, 3.0896759033203125, 0.5375436544418335, -0.1399492472410202, 1.5300061702728271, -0.023289229720830917, 0.0021797933150082827, -0.0020947521552443504, 1.181104063987732, -1.2972643375396729, 0.6275783777236938, 0.031002920120954514, 0.005821358412504196, -0.016828997060656548, -0.41101381182670593, -1.3532311916351318, 1.3403433561325073, 0.0198883768171072, 0.0044494010508060455, 0.02651243656873703, 0.41434913873672485, 1.5589247941970825, 0.30979102849960327, -0.012607140466570854, -0.0006143735954537988, -0.00523889996111393, 1.082193374633789, 0.19519560039043427, 0.16704225540161133, -0.0012354050995782018, 0.00036321140942163765, -0.0016520880162715912, 1.0, -0.10789763182401657, 0.9599767923355103, 0.7790516018867493, -0.863512396812439, -0.5395894646644592, 0.7647402286529541, 0.26607000827789307, 0.8561482429504395, 1.0, -0.9581547379493713, 1.0, 0.39575210213661194, -0.1321568489074707, 0.5038831233978271, 1.0, 1.0, 1.0, -0.4964117705821991, 0.8639163970947266]
[0.5629864931106567, -0.1103421002626419, 0.9386888742446899, -0.20284026861190796, -0.33840399980545044, -0.3061542809009552, -0.6790784001350403, -0.030730046331882477, -0.5203000903129578, -0.6290022730827332, 0.2168484330177307, 0.3515787124633789, -0.7516142129898071, -0.5093380808830261, -0.1482771337032318, -0.018719444051384926, -0.08200506865978241, 0.6346346735954285, 0.6815512180328369, 0.8453776836395264, 0.7783514857292175, 0.7383546829223633, 0.3352406322956085, 0.8927494287490845, 0.24227140843868256, 0.618508517742157, 0.025604626163840294, 1.0367788076400757, -0.459194153547287, -0.1602119505405426, 0.33502957224845886, 0.06618540734052658, -0.3407435715198517, 0.4635486304759979, -0.07495226711034775, -0.27038460969924927, -0.4236445128917694, -0.45347586274147034, 0.20826809108257294, -0.11005931347608566, -0.5384935736656189, 0.23171202838420868, 0.09039518237113953, 0.47886592149734497, 0.07637762278318405, 0.029772374778985977, -0.37026986479759216, -1.1148074865341187, 0.8894145488739014, 9.978740692138672, 0.06603586673736572, 0.38108712434768677, 0.1035124808549881, 0.021719718351960182, -0.04527908191084862, 0.4062425494194031, -0.0034724571742117405, -0.058802150189876556, -0.11122598499059677, 0.21456030011177063, 0.04787597805261612, 0.0026043537072837353, 0.732899010181427, -0.04523083567619324, 0.18522396683692932, -0.02645294740796089, -0.01753721758723259, -0.5219400525093079, 0.13926313817501068, 0.05056029185652733, 0.32950359582901, 0.08253075927495956, -0.007668058853596449, -0.3985861539840698, 0.5199080109596252, 0.10616210848093033, -0.651183545589447, 0.6677544116973877, 0.34466421604156494, 0.11226801574230194, -0.12250284850597382, -0.24520012736320496, 1.4138869047164917, 2.5032541751861572, -0.24781644344329834, 0.0, -0.38999998569488525, 0.47999998927116394, -0.22206895053386688, -0.6671021580696106, 0.6765443682670593, 0.2189696580171585, 0.09487965703010559, 0.30744773149490356, 0.1284659504890442, 0.9380671977996826, -0.04850852116942406, -0.4354655146598816, 0.5148763060569763, 0.02353714406490326, -0.024653444066643715, 0.986099898815155, 0.1626194715499878, -0.14824441075325012, 0.35490351915359497, 0.7068458795547485, -5.065431594848633, 0.6831958889961243, -1.21943199634552, -0.0013563440879806876, -0.43791207671165466, 0.5191380381584167, -0.001896718400530517, -0.15388630330562592, 0.981140673160553, -0.11695409566164017, -0.2914773225784302, 0.111257404088974, 0.45951971411705017, -4.053591251373291, 0.22533297538757324, -2.8637897968292236, 0.008329308591783047, -0.4234672784805298, 0.5310856699943542, 0.004493044223636389, -0.049251407384872437, 0.9980210065841675, 0.038832906633615494, -0.21359708905220032, -0.050282903015613556, 0.329608678817749, 2.629573106765747, -0.562893271446228, -0.9333018064498901, 0.01728699542582035, -0.39969760179519653, 0.5388652682304382, -0.07952774316072464, 0.7693405151367188, 0.6241114139556885, 0.11079379171133041, -0.1918017715215683, 0.033268917351961136, 0.27283531427383423, -2.7927792072296143, -0.8606871366500854, -0.5493128895759583, -0.021803580224514008, -0.3787655830383301, 0.5290341973304749, 0.3308691382408142, -0.3480958640575409, 0.7839335203170776, 0.39345017075538635, 0.04729907214641571, 0.044962476938962936, 0.03681596741080284, 4.658287048339844, 5.143374443054199, 1.684910774230957, 0.6376738548278809, -0.5182288885116577, 2.646893262863159, 0.013946285471320152, 0.007013238500803709, -0.002080041915178299, -0.4686815142631531, 0.43651872873306274, 2.2995412349700928, -0.05225437134504318, -0.00607356708496809, 0.003982780501246452, -0.34336671233177185, -0.061085596680641174, 2.2384910583496094, 0.0016880698967725039, 0.004340304993093014, 0.0220645759254694, -0.3336949944496155, 1.9293854236602783, -0.008466335013508797, 0.011403561569750309, 0.0039884536527097225, -0.002667471067979932, 4.193845272064209, -0.6670868992805481, 0.6162322163581848, 0.0018412532517686486, 0.01542923878878355, -0.0057333665899932384, 1.0, 0.9548386335372925, 1.0, 0.39161378145217896, -0.5537049770355225, -1.0, 0.5037557482719421, -1.0, -0.3843994438648224, -0.3943820595741272, -1.0, 0.4345070719718933, -0.057608459144830704, -0.6315882205963135, 0.8124977350234985, 1.0, 0.7890844345092773, 0.7475430369377136, 0.20214277505874634, 0.07031925767660141]
[0.6216045022010803, 0.0027944385074079037, 0.946692943572998, -0.07175177335739136, -0.4183489680290222, -0.328087717294693, -0.5935893654823303, -0.041887156665325165, -0.5807892680168152, -0.6225855946540833, 0.1950625628232956, 0.28595030307769775, -0.7936292290687561, -0.5593351125717163, -0.12303856015205383, -0.03788912668824196, -0.1315474957227707, 0.6594207882881165, 0.6989637017250061, 0.8790158033370972, 0.7988256216049194, 0.7471137642860413, 0.3243451714515686, 0.7502877712249756, 0.21483026444911957, 0.9392024278640747, 0.035015057772397995, 1.310651183128357, -0.8789467215538025, -0.2580871880054474, 0.42390885949134827, -0.19073177874088287, -0.6529634594917297, -0.13212811946868896, -0.11120770126581192, -0.688923180103302, -0.37567993998527527, -0.4702390730381012, 0.07471075654029846, -0.05729440599679947, -0.40980884432792664, 0.2282990664243698, 0.22974804043769836, 0.3724695146083832, 0.19126325845718384, 0.02083509974181652, 0.09355934709310532, -1.41643226146698, 0.2499600499868393, 3.651648998260498, 0.01669064350426197, 0.22981278598308563, 0.0482330285012722, 0.006013443227857351, 0.05213271453976631, 0.12303312122821808, 0.015404244884848595, -0.011462554335594177, 0.0003714440099429339, 0.1453614979982376, 0.051651641726493835, 0.015465273521840572, 0.1901477575302124, -0.022308800369501114, 0.12497147917747498, 0.010277461260557175, 0.003420684952288866, -0.24568381905555725, 0.13628563284873962, 0.07382507622241974, 0.17192769050598145, 0.05238185077905655, -0.011035925708711147, -0.3988878130912781, 0.5214459896087646, -0.16137364506721497, -0.6375782489776611, 0.750761091709137, 0.061726972460746765, -0.34458819031715393, 0.039055075496435165, 0.16839660704135895, -3.295090436935425, -9.52574634552002, 0.9849094748497009, 0.0, -0.38999998569488525, 0.47999998927116394, -0.22206895053386688, -0.6671021580696106, 0.6765443682670593, 0.2189696580171585, -0.0911126509308815, -0.04088778793811798, 0.15656645596027374, 0.9826053380966187, -0.050581153482198715, -0.429336279630661, 0.5289472937583923, 0.020372828468680382, 0.01959780417382717, 0.9844192862510681, 0.17354947328567505, -0.09981685131788254, 0.5192316174507141, 0.9249378442764282, -5.508121967315674, 0.41388747096061707, -1.2239936590194702, -0.005634652450680733, -0.43722614645957947, 0.5279066562652588, 0.003095960943028331, -0.14636430144309998, 0.9848484396934509, -0.09295932948589325, -0.2537648379802704, 0.04783669859170914, 0.5955297350883484, 0.09476175904273987, 1.2835259437561035, -3.0592854022979736, 0.005180343519896269, -0.4242986738681793, 0.5376283526420593, 4.5219258026918396e-05, -0.07752268761396408, 0.9959978461265564, 0.04447868838906288, -0.1916416734457016, -0.06864523142576218, 0.4630042016506195, 2.9473116397857666, -0.6508944630622864, -0.5760697722434998, 0.014578817412257195, -0.39779335260391235, 0.5455719828605652, -0.08101125806570053, 0.7905219197273254, 0.5962123274803162, 0.11420610547065735, -0.13257843255996704, 0.1495838612318039, 0.39455509185791016, -5.228091239929199, -0.17336788773536682, -0.8912510871887207, -0.022037003189325333, -0.376193642616272, 0.5332949757575989, 0.37811294198036194, -0.34708404541015625, 0.7655531167984009, 0.387932687997818, 0.039241377264261246, 0.20345160365104675, 0.29677578806877136, 1.8711239099502563, 4.764805793762207, 1.5239628553390503, 0.22033555805683136, -0.2877417206764221, 1.229801893234253, 0.0016973179299384356, 0.0025178100913763046, -0.0005932196509093046, 0.23501315712928772, -0.009825351648032665, 0.822618305683136, -0.011609933339059353, -0.0006207416299730539, -0.0069939508102834225, 0.058101944625377655, -0.5116248726844788, 0.9555595517158508, 0.0077909016981720924, 0.0006175178568810225, 0.0008525094599463046, -0.2700496017932892, 0.6664059162139893, 0.29961955547332764, 0.01341677363961935, 0.0016330938087776303, 0.0018585548968985677, 2.294912338256836, -0.8958452939987183, 0.057245321571826935, 0.0057456414215266705, 0.015663253143429756, -0.0013299782294780016, 1.0, 1.0, 1.0, 0.7927922606468201, -1.0, -0.7902752161026001, 0.5734432339668274, -1.0, -0.06407665461301804, -1.0, -1.0, -0.022589832544326782, -0.11178010702133179, -0.33709174394607544, 0.7939532995223999, 1.0, 1.0, 0.8291131854057312, 0.5598918795585632, -0.14316540956497192]
[0.6764973402023315, 0.06341496855020523, 0.9351288080215454, 0.08386506140232086, -0.39684268832206726, -0.34021928906440735, -0.4000088572502136, 0.008522212505340576, -0.5085278749465942, -0.6209557056427002, 0.24363858997821808, 0.22971242666244507, -0.8118816614151001, -0.5988452434539795, -0.12240827083587646, 0.02509978786110878, -0.2140859216451645, 0.6465583443641663, 0.7144086956977844, 0.8938974142074585, 0.8267670273780823, 0.7731299996376038, 0.2266213297843933, 0.6888754963874817, 0.21160976588726044, 0.09538768976926804, -0.09333423525094986, 1.5111291408538818, 0.7713455557823181, 0.08178111910820007, 0.8486102223396301, 0.5336855053901672, 1.4403599500656128, 0.24379821121692657, 0.3665352761745453, -0.4933653473854065, -0.05909283831715584, -0.24013328552246094, -0.06562290340662003, 0.4273280203342438, -0.9631019830703735, -0.30542632937431335, 0.005921822972595692, -0.17970585823059082, 0.1251126378774643, 0.08110987395048141, -0.8599783182144165, -0.13918401300907135, 0.6107020378112793, -11.797002792358398, -0.04618329554796219, -0.5432409048080444, -0.032953403890132904, 0.02918524667620659, 0.0671888068318367, -0.6414437294006348, 0.01718146726489067, 0.051279425621032715, 0.06035510450601578, -0.5704923868179321, -0.16723933815956116, -0.03488342463970184, -0.8825826048851013, 0.13945719599723816, -0.4895971417427063, -0.07102476060390472, -0.017336754128336906, 0.11439970880746841, -0.4365384876728058, -0.21972998976707458, -0.1292242407798767, -0.007086192257702351, -0.016275329515337944, -0.39623504877090454, 0.5236395001411438, -0.3021601736545563, -0.5766621232032776, 0.7555441856384277, -0.0728907436132431, 0.03671346604824066, 0.005217701196670532, 0.4959724545478821, 0.45337769389152527, 4.704434871673584, -3.2325451374053955, 0.0, -0.38999998569488525, 0.47999998927116394, -0.22206895053386688, -0.6671021580696106, 0.6765443682670593, 0.2189696580171585, -0.19623832404613495, -0.21153892576694489, 0.1412421315908432, 0.9469912052154541, -0.05078907310962677, -0.42061787843704224, 0.5393581986427307, 0.02937794290482998, 0.10078612715005875, 0.9782565236091614, 0.17886629700660706, 0.09570778906345367, 0.7321985960006714, 0.35244885087013245, -11.527230262756348, 4.200002193450928, -0.3554881513118744, -0.012043025344610214, -0.43280622363090515, 0.5356706976890564, -0.000565189984627068, -0.08055880665779114, 0.9954590201377869, -0.05070596560835838, -0.43448513746261597, 0.4859706163406372, 0.31070512533187866, -11.466681480407715, -1.1453601121902466, -5.4137067794799805, 0.0014136205427348614, -0.4253465533256531, 0.5405300855636597, -0.0035863062366843224, -0.10409190505743027, 0.9926596879959106, 0.061470769345760345, -0.2741192579269409, -0.1621580868959427, -0.047200173139572144, 3.461141347885132, -0.3410744071006775, -2.9041147232055664, 0.011855563148856163, -0.3996312916278839, 0.5481401085853577, -0.0720089003443718, 0.7820409536361694, 0.6067387461662292, 0.12286028265953064, -0.15359273552894592, -0.2582763433456421, 0.03925779089331627, 6.3637261390686035, -0.1585421860218048, -1.308144450187683, -0.021666787564754486, -0.37488651275634766, 0.5347192883491516, 0.41722726821899414, -0.3490108549594879, 0.7481764554977417, 0.3799271881580353, -0.017482025548815727, 0.0133168064057827, -0.05799369513988495, 2.7628352642059326, 2.186495065689087, 0.6927599310874939, -0.5798879861831665, -0.43513086438179016, -3.1716055870056152, 0.02265828475356102, -0.008012441918253899, 0.0033459183759987354, 0.41551053524017334, -0.19485068321228027, -2.9851624965667725, 0.04835667088627815, 0.004676328040659428, 0.0005383871030062437, 0.30264008045196533, 1.7735768556594849, -3.1342086791992188, -0.008279770612716675, -0.0008303011418320239, -0.009952644817531109, 0.7673890590667725, -2.590109348297119, -1.4406564235687256, -0.056188397109508514, -0.01586214080452919, 0.0055450149811804295, -1.3453099727630615, 2.9634807109832764, -0.42231249809265137, -0.01632111519575119, 0.014438774436712265, 0.01705784723162651, 1.0, -0.7277214527130127, 0.7445124387741089, 1.0, 0.347878634929657, 1.0, 1.0, 1.0, 1.0, -0.28924283385276794, -0.805194079875946, -0.48781588673591614, 0.8262945413589478, -0.9532626867294312, 0.36268186569213867, 1.0, 1.0, 1.0, -1.0, 0.8202507495880127]
[0.7324461936950684, 0.02227320522069931, 0.8099905848503113, 0.24053256213665009, -0.33513343334198, -0.32240989804267883, -0.17280077934265137, 0.01483840774744749, -0.3205587863922119, -0.5292790532112122, 0.27708983421325684, 0.201990008354187, -0.8031235337257385, -0.6037154793739319, -0.19134639203548431, 0.09203644096851349, -0.20834939181804657, 0.5537171363830566, 0.6977769136428833, 0.8631852269172668, 0.8581758737564087, 0.8182748556137085, 0.18019963800907135, 0.7090954184532166, 0.20790743827819824, -0.5687478184700012, -0.7383653521537781, 1.402571201324463, 0.4622108042240143, 0.17875534296035767, 0.9349486231803894, -0.024755720049142838, 1.9770262241363525, 1.600594401359558, 0.014413210563361645, -0.3108384907245636, 0.07070805877447128, 0.03247855603694916, -0.45560961961746216, 0.19493553042411804, 0.5842154026031494, -1.1411657333374023, -0.29015475511550903, -0.4635041356086731, 0.21561916172504425, 0.09674803167581558, 0.013356831856071949, 0.37954968214035034, -0.5541908144950867, -8.263834953308105, -0.10827121138572693, -0.43165212869644165, -0.14872026443481445, -0.04422132670879364, -0.028796300292015076, -0.36996304988861084, -0.04021028056740761, 0.060098595917224884, -0.06732075661420822, -0.6280582547187805, -0.2542235255241394, -0.08191204071044922, -0.7481579780578613, 0.008279386907815933, -0.06443266570568085, 0.03233262151479721, 0.004659533500671387, 0.2372334897518158, -0.162375807762146, -0.07958300411701202, 0.003385382005944848, 0.024724574759602547, -0.01860942505300045, -0.39594948291778564, 0.5244719386100769, -0.3801730275154114, -0.5198389887809753, 0.7626490592956543, -0.06002005934715271, -0.20034809410572052, 0.0636480525135994, -0.12526574730873108, 0.5532204508781433, 0.7607239484786987, -1.4895570278167725, 0.0, -0.38999998569488525, 0.47999998927116394, -0.22206895053386688, -0.6671021580696106, 0.6765443682670593, 0.2189696580171585, -0.2536456286907196, -0.24171167612075806, 0.06942909210920334, 0.9340338110923767, -0.04944637790322304, -0.41369614005088806, 0.5408697128295898, 0.04324353113770485, 0.17944510281085968, 0.9692533612251282, 0.1627187877893448, 0.12056072801351547, 0.4193429946899414, -0.17992481589317322, -6.801422595977783, 2.979149580001831, 2.8868157863616943, -0.01849670335650444, -0.43013620376586914, 0.5338131785392761, -0.002785824006423354, 0.019338946789503098, 0.9998070001602173, -0.0020479168742895126, -0.36678341031074524, 0.3434934914112091, -0.3229397237300873, -14.909196853637695, -0.09392000734806061, -5.804391860961914, -0.002224039053544402, -0.4275227189064026, 0.5363858342170715, -0.005180118139833212, -0.1254187822341919, 0.9891784191131592, 0.0759551003575325, -0.20687678456306458, -0.2694539427757263, -0.461029052734375, 3.869828701019287, -0.2732958495616913, -1.1174039840698242, 0.00966122467070818, -0.4035685360431671, 0.5450024604797363, -0.0541050098836422, 0.7438323497772217, 0.6539188027381897, 0.12718550860881805, -0.09847653657197952, -0.21321362257003784, -0.17441195249557495, 8.55316162109375, 1.1621581315994263, -0.7194205522537231, -0.022942718118429184, -0.37439829111099243, 0.5340989232063293, 0.4146270751953125, -0.3477613627910614, 0.7516130805015564, 0.3771263062953949, -0.13370586931705475, 0.005183940753340721, -0.07094686478376389, -1.2135274410247803, -2.0069358348846436, -0.2861894965171814, -0.8129695653915405, 0.9713040590286255, -2.885263442993164, -0.029651768505573273, -0.001036767615005374, 0.0131762083619833, -0.1917116641998291, -0.4369511902332306, -2.2257890701293945, 0.05354432761669159, 0.0018424377776682377, 0.006241289898753166, -0.48924827575683594, 3.0344460010528564, -2.6891181468963623, -0.036395344883203506, -0.002882333705201745, 0.006725701503455639, 0.06502790004014969, -1.2826929092407227, 0.23030352592468262, -0.014580858871340752, 0.0008773659355938435, 0.0061916629783809185, 0.004528626799583435, 1.048756718635559, -0.3038962185382843, -0.004262000322341919, 0.02465212345123291, 0.010222675278782845, 1.0, -1.0, -0.4669938385486603, 1.0, -0.1347145438194275, 1.0, 0.025467727333307266, 1.0, 0.14988668262958527, -0.19644388556480408, -0.8465046882629395, -1.0, 0.269182413816452, 0.3937424421310425, -0.25796055793762207, 0.7250300049781799, 1.0, 1.0, 0.29782798886299133, 1.0]
[0.7888712286949158, -0.0824827328324318, 0.6191012859344482, 0.36370983719825745, -0.23133811354637146, -0.29618728160858154, -0.009059094823896885, 0.06797471642494202, -0.11954832822084427, -0.3035148084163666, 0.33756300806999207, 0.09373234212398529, -0.812938928604126, -0.6025548577308655, -0.2917306423187256, 0.07299570739269257, -0.2130410373210907, 0.41967034339904785, 0.6587688326835632, 0.8323761224746704, 0.9046503305435181, 0.883681058883667, 0.15163083374500275, 0.7533218860626221, 0.2102402299642563, -0.8559948205947876, -0.46036240458488464, 0.9147443175315857, 1.1938616037368774, 0.3339240849018097, 0.11997409909963608, 0.2679314613342285, 1.6387481689453125, 2.3321950435638428, 0.37464606761932373, -1.3900569677352905, -0.189265176653862, -0.027848655357956886, -0.49183377623558044, -0.22124604880809784, -0.3884944021701813, -1.29269540309906, -0.4127434194087982, -0.5729323625564575, 0.6475746035575867, 0.328057199716568, -0.17813719809055328, 0.4082471430301666, -0.7397710084915161, -2.693845748901367, 0.11281396448612213, -0.3318564295768738, -0.07917708158493042, -0.014128796756267548, -0.2684507369995117, -0.4996734857559204, -0.26474878191947937, -0.08491706103086472, 0.009370560757815838, -0.44108206033706665, -0.19487157464027405, -0.07178249955177307, -0.24230286478996277, -0.04873703420162201, -0.27466848492622375, -0.07050501555204391, -0.01511867344379425, -0.27347415685653687, 0.36093786358833313, 0.27972909808158875, 0.17038509249687195, 0.05704445764422417, -0.019967420026659966, -0.39483970403671265, 0.5195265412330627, -0.3457183837890625, -0.5589120984077454, 0.7526351809501648, 0.04045110568404198, 0.01477842777967453, 0.11347857117652893, -0.3407779335975647, 1.5815225839614868, 1.0076199769973755, -0.9058626294136047, 0.0, -0.38999998569488525, 0.47999998927116394, -0.22206895053386688, -0.6671021580696106, 0.6765443682670593, 0.2189696580171585, -0.19067461788654327, -0.16215668618679047, 0.030924830585718155, 0.9676734805107117, -0.04843693971633911, -0.4088743329048157, 0.5362552404403687, 0.05159338563680649, 0.24594873189926147, 0.9585256576538086, 0.13444660604000092, 0.0009645260870456696, 0.35700660943984985, -0.45037782192230225, -7.498252868652344, 2.6525778770446777, 1.6112312078475952, -0.023482181131839752, -0.4262208044528961, 0.5278840065002441, 0.005955247674137354, 0.17564445734024048, 0.9838230013847351, 0.03472433239221573, -0.11785629391670227, 0.3765421509742737, -0.6087275743484497, -16.844680786132812, 1.855006456375122, -1.6051247119903564, -0.00715368939563632, -0.43425071239471436, 0.5235324501991272, -0.010316614992916584, -0.20101392269134521, 0.9749423265457153, 0.09473263472318649, -0.38445502519607544, -0.6548466682434082, -1.0364283323287964, 12.190509796142578, -1.5012567043304443, -3.031022071838379, 0.008563016541302204, -0.4110066294670105, 0.5366604924201965, -0.045492567121982574, 0.6676880121231079, 0.733485996723175, 0.11883337795734406, -0.08172297477722168, -0.5751975774765015, -0.4066760838031769, 15.682215690612793, 0.4317973554134369, 2.721547842025757, -0.023841463029384613, -0.3749750554561615, 0.5307018756866455, 0.4098667502403259, -0.35044562816619873, 0.7567517757415771, 0.369491308927536, 0.06068297475576401, 0.04976445809006691, -0.1522311270236969, -0.9281408190727234, -0.9207925200462341, 2.464205265045166, 0.15413622558116913, 0.5009371638298035, -1.6248981952667236, -0.006614740006625652, -0.015249552205204964, -0.021318379789590836, -1.417389988899231, 2.549453020095825, -2.672070026397705, -0.046675264835357666, 0.013791454024612904, 0.042317233979701996, 0.09614963829517365, 2.465965986251831, -1.4226573705673218, -0.03479301184415817, 0.0003634135937318206, -0.0060036079958081245, -0.12592819333076477, -0.9820398688316345, -1.356340765953064, -0.029849272221326828, 0.006661010906100273, 0.0015694580506533384, 2.2385330200195312, -3.3740007877349854, -0.17100933194160461, 0.031123246997594833, 0.021227918565273285, 0.004695035517215729, 1.0, -1.0, -0.9938511848449707, 1.0, 0.6488277912139893, 1.0, 1.0, 1.0, 1.0, -1.0, -1.0, -1.0, -0.395211786031723, -0.658935546875, -0.38045215606689453, 1.0, 1.0, 1.0, -0.45746105909347534, 1.0]
[0.8175280094146729, -0.20661716163158417, 0.5549843907356262, 0.4714348018169403, -0.22018463909626007, -0.27018970251083374, -0.008011572994291782, -0.007479832973331213, 0.051210369914770126, -0.07672912627458572, 0.381087064743042, -0.03591477870941162, -0.8390817046165466, -0.6178768873214722, -0.39601680636405945, -0.028529703617095947, -0.23661208152770996, 0.24385729432106018, 0.607157826423645, 0.8214831352233887, 0.956432044506073, 0.9590389728546143, 0.13276918232440948, 0.7948045134544373, 0.036778856068849564, -0.9032473564147949, -0.3649528920650482, 0.7993199229240417, -0.5237882137298584, 0.04667771980166435, 0.28065216541290283, -0.9686807990074158, 1.658301591873169, 1.9548742771148682, -0.2546505928039551, -0.8882388472557068, -0.2746555209159851, -0.2502079904079437, -0.4810817837715149, -0.5213699340820312, -0.13227498531341553, -1.794642448425293, -0.5562995076179504, 0.11263985931873322, 0.21795454621315002, 0.104652039706707, -0.09261325001716614, 0.36700984835624695, -3.855721950531006, -0.3505122661590576, -0.10388486087322235, -0.17395582795143127, -0.19013084471225739, -0.09320024400949478, 0.07525968551635742, -0.14615648984909058, -0.046917468309402466, -0.02892683446407318, -0.4450738728046417, 0.2433408796787262, 0.10076457262039185, 0.028283637017011642, -0.06192741543054581, -0.10212384164333344, 0.07779419422149658, 0.007958438247442245, -0.0074541340582072735, 0.37579330801963806, -0.09738479554653168, -0.0938081368803978, -0.16896295547485352, -0.0543549507856369, -0.018429407849907875, -0.39571261405944824, 0.5122853517532349, -0.3026289641857147, -0.6122910976409912, 0.7055304646492004, 0.18905574083328247, 0.22411870956420898, -0.21062952280044556, -0.4840095341205597, 3.3275437355041504, 2.7520854473114014, -2.631669044494629, 0.0, -0.38999998569488525, 0.47999998927116394, -0.22206895053386688, -0.6671021580696106, 0.6765443682670593, 0.2189696580171585, -0.08070193231105804, -0.056019142270088196, -0.03932839632034302, 0.994385302066803, -0.04813484102487564, -0.4065495729446411, 0.5296890139579773, 0.057268526405096054, 0.26511502265930176, 0.9544387459754944, 0.12442250549793243, 0.019703317433595657, -0.039817191660404205, -0.41333824396133423, 2.9204394817352295, -0.3181588649749756, 1.7073357105255127, -0.025196483358740807, -0.4280543625354767, 0.5158603191375732, 0.010208021849393845, 0.26299118995666504, 0.9639713168144226, 0.03860810771584511, -0.06580214202404022, -0.034783605486154556, -0.8670027256011963, -8.671666145324707, 0.7773221135139465, -1.6111955642700195, -0.010701531544327736, -0.4405135214328766, 0.5067182183265686, -0.017751632258296013, -0.3010936975479126, 0.9475789070129395, 0.10545847564935684, -0.06585550308227539, -0.39732465147972107, -1.0794849395751953, 11.36242389678955, -2.17720103263855, 0.8407959342002869, 0.009774681180715561, -0.4198600947856903, 0.5251632332801819, -0.05140291154384613, 0.5554894208908081, 0.8243295550346375, 0.09628094732761383, 0.07557825744152069, -0.5928188562393188, -0.4899691641330719, 17.62544059753418, -0.0643613412976265, 5.185020923614502, -0.022998962551355362, -0.37627896666526794, 0.5254012942314148, 0.4155835509300232, -0.35655131936073303, 0.7582164406776428, 0.35393384099006653, 0.0773780420422554, -0.153196781873703, -0.4492696523666382, 3.073896646499634, -0.21316465735435486, 0.9054564237594604, -0.7365906238555908, 2.075676679611206, -1.2786498069763184, -0.06206510215997696, 0.011049331165850163, 0.013815129175782204, -0.17003490030765533, 0.533037543296814, -0.7533360719680786, -0.020931269973516464, -0.013073115609586239, -0.015943042933940887, -2.630646228790283, -1.2673349380493164, 0.26329106092453003, 0.00927361473441124, -0.013682609423995018, 0.03758104145526886, -0.6254684925079346, -0.01296862494200468, 0.12866884469985962, -0.007648663595318794, 0.00874312687665224, 0.001339818350970745, -2.392240524291992, 1.057011365890503, 0.5009911060333252, -0.011241408064961433, -0.016079097986221313, 0.0012696417979896069, 0.4784490466117859, -1.0, -1.0, 1.0, -0.8176372051239014, 1.0, -0.45522335171699524, 1.0, 1.0, -1.0, -1.0, -1.0, -0.8795543313026428, -0.2735332250595093, -0.9003369808197021, 1.0, 1.0, 1.0, 0.033896807581186295, 1.0]
[0.7509616017341614, -0.3079827129840851, 0.4751923084259033, 0.5336077213287354, -0.3072440028190613, -0.28495702147483826, 0.05855349078774452, -0.030913526192307472, 0.12054624408483505, 0.08341008424758911, 0.33219000697135925, -0.029799818992614746, -0.8710538744926453, -0.6528298258781433, -0.5053563714027405, -0.08532622456550598, -0.14724457263946533, 0.09790990501642227, 0.5109670758247375, 0.8251856565475464, 0.9452173709869385, 0.9320424199104309, 0.0814506858587265, 0.8301059603691101, -0.452763170003891, -0.5722332000732422, -0.2570905089378357, 0.5583333373069763, -0.927177369594574, -0.2501710057258606, 0.16523699462413788, 0.050501223653554916, -0.027255797758698463, 0.8806582689285278, -0.16479754447937012, 0.5719780325889587, -0.2905557155609131, -0.3628638684749603, -0.5058054327964783, -0.08680810034275055, 1.3444879055023193, -1.1020150184631348, -1.2138080596923828, 0.017138516530394554, -0.2425144761800766, -0.15969224274158478, -0.4348738193511963, 0.3030507564544678, -11.129766464233398, 4.230977535247803, -0.0779908299446106, 0.12878546118736267, 0.005862320773303509, -0.011133475229144096, -0.2646324336528778, 0.32210075855255127, -0.059138815850019455, -0.09493372589349747, -0.30775272846221924, 0.7078006863594055, 0.2832672595977783, 0.0956648737192154, 0.09714031219482422, -0.18600210547447205, 0.48903948068618774, 0.20547278225421906, 0.027156397700309753, -0.06034671515226364, 0.2505648732185364, 0.0735357478260994, -0.007507266476750374, -0.0027144490741193295, -0.012199907563626766, -0.39901837706565857, 0.5060811042785645, -0.2906373143196106, -0.6382828950881958, 0.6467488408088684, 0.29973435401916504, 0.48200052976608276, -0.15746460855007172, -0.2731914520263672, 1.4886482954025269, 0.9282998442649841, -0.9451972246170044, 0.0, -0.38999998569488525, 0.47999998927116394, -0.22206895053386688, -0.6671021580696106, 0.6765443682670593, 0.2189696580171585, 0.003300108714029193, 0.007182679139077663, -0.1133071705698967, 0.9935284852981567, -0.04441848769783974, -0.40858784317970276, 0.5237065553665161, 0.04755875840783119, 0.22213830053806305, 0.9684922695159912, 0.102055124938488, 0.32830551266670227, -0.21928651630878448, -0.2356763631105423, 5.839616298675537, -1.2793748378753662, 3.3471643924713135, -0.022354263812303543, -0.4293029308319092, 0.5069012641906738, 0.015421136282384396, 0.31153425574302673, 0.9493615627288818, 0.03769683465361595, 0.35772904753685, -0.0674859806895256, -0.4101330637931824, -1.6287295818328857, 0.4927501678466797, 1.5287837982177734, -0.006106195040047169, -0.44175630807876587, 0.4973638951778412, -0.015135916881263256, -0.3523206412792206, 0.9317458868026733, 0.08654826134443283, 0.5057479739189148, -3.6211684346199036e-05, -0.3302675187587738, 3.248671293258667, -0.44994401931762695, 3.035343885421753, 0.015545624308288097, -0.42222124338150024, 0.517654538154602, -0.05463122949004173, 0.4685938358306885, 0.879115104675293, 0.0677633062005043, 0.4469810724258423, -0.013215810060501099, -0.14522558450698853, 9.157748222351074, 1.2912863492965698, 4.024353504180908, -0.020636126399040222, -0.3793083727359772, 0.5189182162284851, 0.427023321390152, -0.3808162808418274, 0.7488134503364563, 0.3345271646976471, 0.22129613161087036, -0.21603280305862427, -0.4140356779098511, 4.3529133796691895, -0.34768539667129517, 0.7368407845497131, -1.7204827070236206, 0.5667734146118164, 1.0409761667251587, -0.0026318738237023354, 0.002840575762093067, 0.0051035494543612, -2.210186719894409, 2.157668113708496, 1.1867142915725708, -0.06256870180368423, 0.013682812452316284, 0.015833770856261253, -2.2600016593933105, -3.8040196895599365, 1.6131324768066406, 0.03860458359122276, -0.0063477386720478535, 0.009181169793009758, -1.7758619785308838, 0.3148248791694641, 3.0598764419555664, 0.031878769397735596, 0.004681047983467579, 0.002727252896875143, -0.024554645642638206, -1.1944900751113892, 1.3139845132827759, 0.0011872181203216314, -0.0023215762339532375, 0.0019410699605941772, -1.0, -0.43793657422065735, -0.14024288952350616, 0.5362748503684998, -0.9965226650238037, 0.642420768737793, 0.6356304287910461, 0.0787033662199974, 0.035791072994470596, 0.6742425560951233, -1.0, -1.0, -0.09359253942966461, 0.9886294603347778, -0.39332282543182373, 0.8241304159164429, 0.6883264780044556, 0.43302321434020996, -0.40149417519569397, 1.0]
[0.5912480354309082, -0.35450777411460876, 0.3941876292228699, 0.5138134956359863, -0.4012936055660248, -0.31406018137931824, 0.08310116827487946, -0.04378980025649071, 0.033935416489839554, 0.09899743646383286, 0.2818434536457062, 0.04936342313885689, -0.8741942048072815, -0.6805421113967896, -0.603359580039978, -0.0681191012263298, -0.024593157693743706, 0.03237256780266762, 0.39024046063423157, 0.7927878499031067, 0.9072165489196777, 0.8818392753601074, 0.006292954087257385, 0.8581273555755615, -0.6986771821975708, -0.1657533496618271, -0.37766098976135254, -0.5847617387771606, -0.869637131690979, -0.2825763523578644, 0.07354717701673508, -0.2101658433675766, -1.1662235260009766, -0.25690436363220215, -0.23509183526039124, 0.8344316482543945, 0.11752820014953613, -0.10582073032855988, -0.4179859757423401, 0.14854757487773895, 1.0296040773391724, -0.3388855755329132, -0.8815779089927673, -0.6356241703033447, -0.28548234701156616, -0.10413791239261627, -0.46661972999572754, 0.2385314702987671, -5.127225399017334, 4.441030502319336, -0.05624080449342728, -0.12110038101673126, -0.07597286254167557, -0.030958831310272217, -0.10110968351364136, 0.13422977924346924, -0.05562000349164009, -0.058523308485746384, -0.15959514677524567, 0.3347802758216858, 0.15451477468013763, 0.06693390011787415, 0.28979721665382385, -0.08036480844020844, 0.12962955236434937, 0.06414409726858139, 0.038754574954509735, -0.3916803300380707, 0.2633991539478302, 0.13743175566196442, 0.19311445951461792, 0.06144629791378975, -0.004224943462759256, -0.40264877676963806, 0.5016975998878479, -0.2942119240760803, -0.637300431728363, 0.6487008333206177, 0.2940656840801239, 0.5346946120262146, -0.24676579236984253, -0.19548627734184265, -0.4767617881298065, -0.14699040353298187, 0.738947331905365, 0.0, -0.38999998569488525, 0.47999998927116394, -0.22206895053386688, -0.6671021580696106, 0.6765443682670593, 0.2189696580171585, -0.0007083468372002244, 0.0016312954248860478, -0.11164744198322296, 0.9937461614608765, -0.036809489130973816, -0.4142691195011139, 0.5194966197013855, 0.03208716958761215, 0.1550607830286026, 0.9851158261299133, 0.06688223779201508, 0.4757297933101654, -0.5620430111885071, -0.1781332641839981, 9.397537231445312, -1.910604476928711, 4.904785633087158, -0.013982637785375118, -0.4326785206794739, 0.5020645260810852, 0.009540893137454987, 0.2670489251613617, 0.9634749889373779, 0.01760128326714039, 0.565610408782959, -0.35605794191360474, -0.13947194814682007, 8.986634254455566, -0.29645371437072754, 3.0752744674682617, 0.004411837551742792, -0.43998560309410095, 0.4968712329864502, -0.004002019297331572, -0.34793519973754883, 0.9359257221221924, 0.05447877198457718, 0.7728168964385986, 0.19006499648094177, 0.17127731442451477, -3.3733952045440674, 0.16461488604545593, 4.744217395782471, 0.0251656211912632, -0.4195191264152527, 0.5157790184020996, -0.053423888981342316, 0.4226459264755249, 0.903951108455658, 0.03726495802402496, 0.6158457398414612, 0.1913938671350479, 0.02077833190560341, 3.098731756210327, 1.8113025426864624, 3.4013404846191406, -0.016519971191883087, -0.3815871477127075, 0.5165948867797852, 0.4275882840156555, -0.39251473546028137, 0.750551700592041, 0.31586796045303345, 0.28912171721458435, -0.08838541060686111, 0.004832455888390541, 0.3820522129535675, -1.9568736553192139, 1.5015926361083984, -0.7693325877189636, 1.324118971824646, 0.1358121931552887, -0.011097048409283161, 0.004963003098964691, 0.006291936617344618, -0.9594924449920654, 1.5719685554504395, 0.5203806161880493, -0.034943778067827225, 0.0043249111622571945, 0.005189807154238224, -1.1022531986236572, -2.1913576126098633, 1.1501083374023438, 0.034063536673784256, -0.0033551324158906937, 0.005823483224958181, -0.7952761054039001, -0.04093267768621445, 1.0634870529174805, 0.03814058378338814, 0.0030339681543409824, 0.00037957332096993923, 2.7017271518707275, -1.8547369241714478, 0.5453450083732605, 0.010944320820271969, 0.018218664452433586, 0.00019493349827826023, -1.0, -0.19162020087242126, -0.819595992565155, -0.3755652904510498, -1.0, 0.9972884058952332, 0.2654285132884979, -0.5049459934234619, -0.11079192906618118, 0.6602136492729187, -0.7090044617652893, -1.0, 0.19507023692131042, 0.573425829410553, -0.018811091780662537, 0.3759307861328125, 0.7299758195877075, 0.7526582479476929, -0.37624889612197876, 1.0]
[0.3899834156036377, -0.36461275815963745, 0.2959800362586975, 0.4569340646266937, -0.4901506304740906, -0.3441790044307709, 0.08559282124042511, -0.11826851963996887, -0.023702768608927727, 0.07195316255092621, 0.2383669763803482, 0.060708943754434586, -0.8495749235153198, -0.6794840097427368, -0.6741788387298584, -0.02332117035984993, 0.019782748073339462, -0.022008949890732765, 0.324319452047348, 0.7335820198059082, 0.8920625448226929, 0.8496189713478088, -0.04886136204004288, 0.8812693953514099, -0.7958237528800964, -0.017621973529458046, -0.4417756497859955, -0.5460311770439148, -0.8018125891685486, -0.27809205651283264, 0.013189556077122688, -0.8548490405082703, -0.13851957023143768, -0.1649421751499176, -0.14915573596954346, -0.28722187876701355, 0.27781155705451965, 0.0686647817492485, -0.28498217463493347, 0.20089426636695862, 0.07987169921398163, -0.5917899012565613, -0.5304629802703857, -0.7871521711349487, -0.0033500127028673887, -0.059319913387298584, -0.2681766152381897, 0.20233790576457977, -2.226731538772583, 1.2544262409210205, -0.03212709352374077, 0.049972862005233765, 0.024682577699422836, 0.008482757955789566, -0.03658571466803551, -0.038462989032268524, 0.054258957505226135, 0.03195405751466751, -0.04693622887134552, -0.2456177920103073, -0.09985785186290741, -0.03273269534111023, 0.11045731604099274, -0.032294176518917084, -0.13548018038272858, -0.07835327088832855, -0.022144997492432594, -0.05212918668985367, 0.22601620852947235, 0.12514358758926392, 0.05639708787202835, 0.019322240725159645, 0.005895812064409256, -0.40594959259033203, 0.49789321422576904, -0.26593655347824097, -0.6425596475601196, 0.6583189964294434, 0.2881162166595459, 0.6658584475517273, -0.1865304857492447, -0.2233433574438095, 0.15222619473934174, 0.5892288088798523, 0.3059996962547302, 0.0, -0.38999998569488525, 0.47999998927116394, -0.22206895053386688, -0.6671021580696106, 0.6765443682670593, 0.2189696580171585, 0.0013037144672125578, 0.017776237800717354, -0.08548582345247269, 0.9961798787117004, -0.02648397721350193, -0.4207278788089752, 0.5165875554084778, 0.01816294714808464, 0.084466852247715, 0.996025800704956, 0.02163556031882763, 0.6507689356803894, -0.4797479212284088, -0.13421767950057983, 8.246992111206055, -1.0683481693267822, 5.807174205780029, -0.0027551106177270412, -0.43671512603759766, 0.4978224039077759, 0.002220966387540102, 0.20357412099838257, 0.978977620601654, -0.012463761493563652, 0.6996614933013916, -0.27941879630088806, -0.21340306103229523, 5.880593776702881, 0.217488631606102, 3.8613030910491943, 0.016775526106357574, -0.4387969672679901, 0.4968779981136322, 0.00777077954262495, -0.337151437997818, 0.9412615895271301, 0.017178254202008247, 0.7958933711051941, 0.0341036282479763, -0.0694287121295929, -0.19848930835723877, -0.269791841506958, 4.691212177276611, 0.03629576787352562, -0.41761648654937744, 0.5146174430847168, -0.05319555848836899, 0.38363635540008545, 0.9219323396682739, 0.005828784313052893, 0.6624071002006531, -0.004806064069271088, -0.02895757369697094, 6.114043712615967, 1.527431845664978, 3.931950807571411, -0.010816379450261593, -0.3822690546512604, 0.5183848142623901, 0.4166996479034424, -0.382566899061203, 0.7692031860351562, 0.2972041964530945, 0.4098796844482422, 0.02755562961101532, 0.2129947990179062, -2.132983922958374, -2.6613810062408447, 2.966968536376953, -0.4184412956237793, -0.13346824049949646, 0.39953529834747314, 0.006480734795331955, 0.002350184600800276, 0.004725079983472824, -0.4302838444709778, -0.48439767956733704, 0.26122352480888367, 0.024688096717000008, 0.0008448963635601103, 0.0018882285803556442, -0.38186925649642944, 1.2758435010910034, -0.2082025706768036, -0.013595042750239372, -0.0007062953081913292, 0.00019391265232115984, -0.25716912746429443, 0.47764313220977783, -0.8464910984039307, -0.014980349689722061, 0.0027502141892910004, -0.0005418072105385363, 0.7625775933265686, -1.6054390668869019, 0.30873891711235046, 0.010997517965734005, 0.007120992988348007, -0.0004493504820857197, -1.0, -0.3070901930332184, -1.0, -0.11039245128631592, -1.0, 1.0, -0.3778020739555359, 0.20856070518493652, 0.060488294810056686, -0.3341665267944336, -0.6727195382118225, -0.9944977760314941, 0.259490966796875, -0.11433083564043045, -0.4234161376953125, 0.34425562620162964, 1.0, 0.815593421459198, -0.22354039549827576, 1.0]
[0.18093998730182648, -0.37201979756355286, 0.2149001657962799, 0.4188271462917328, -0.5693155527114868, -0.3723335266113281, 0.11601872742176056, -0.20976456999778748, -0.011840798892080784, 0.06585049629211426, 0.19746653735637665, 0.05768773704767227, -0.8232495784759521, -0.6713018417358398, -0.7152597904205322, 0.025825249031186104, 0.03558605909347534, -0.07997934520244598, 0.2637530267238617, 0.7221380472183228, 0.8783899545669556, 0.8534731864929199, -0.07916099578142166, 0.902222752571106, -0.7799343466758728, -0.07704814523458481, -0.2815176546573639, -0.29252132773399353, -0.6984646320343018, -0.24982106685638428, 0.1790267527103424, -0.7119835019111633, 0.29579827189445496, 0.026402968913316727, -0.17813584208488464, 0.11669065058231354, 0.2287905514240265, 0.078085757791996, -0.15868231654167175, 0.2029350847005844, 0.15231715142726898, -0.5018735527992249, -0.5966340899467468, 0.22103314101696014, -0.1505092829465866, 0.043440043926239014, -0.15675446391105652, 0.18464724719524384, 0.7452765107154846, -0.7216686606407166, 0.027888119220733643, 0.02792559191584587, 0.02917652763426304, 0.013098475523293018, 0.03970624879002571, 0.09600940346717834, 0.08508545160293579, 0.038300663232803345, 0.01333308033645153, 0.06465848535299301, 0.029300840571522713, 0.011651916429400444, -0.009965736418962479, 0.01557695772498846, -0.03910212963819504, -0.00044495653128251433, 0.00026341708144173026, 0.4288940131664276, -0.10024004429578781, -0.03842685744166374, -0.19705505669116974, -0.06426148861646652, 0.016561970114707947, -0.4075098931789398, 0.49441421031951904, -0.21841305494308472, -0.6565175652503967, 0.6522145867347717, 0.3096715211868286, 0.5415066480636597, -0.05938270315527916, -0.09295517206192017, 2.5837132930755615, 1.8347972631454468, 0.6366949677467346, 0.0, -0.38999998569488525, 0.47999998927116394, 0.6264294981956482, -0.18647466599941254, -0.15781119465827942, 0.7402088046073914, -0.5808860063552856, -0.8023126125335693, 0.07965414226055145, 0.11189834773540497, -0.014946438372135162, -0.4253019392490387, 0.5141822099685669, 0.011380236595869064, 0.025557318702340126, 0.9993311762809753, -0.023548444733023643, 0.696870744228363, -0.32223114371299744, -0.14791148900985718, 6.640187740325928, -0.07759067416191101, 5.089599609375, 0.008876549080014229, -0.4390164911746979, 0.4934217035770416, -0.00029464083490893245, 0.168465718626976, 0.9848904609680176, -0.040124524384737015, 0.6788560748100281, -0.09171437472105026, -0.2274320125579834, 2.291731357574463, 0.5452062487602234, 3.022871732711792, 0.029384665191173553, -0.4370795786380768, 0.496480256319046, 0.01895691081881523, -0.3271995782852173, 0.9445295929908752, -0.021089881658554077, 0.7878283858299255, 0.17709369957447052, 0.015205884352326393, -1.700046420097351, -0.32989737391471863, 4.791735649108887, 0.04720745235681534, -0.41574159264564514, 0.5132984519004822, -0.05411621555685997, 0.3381318151950836, 0.939232349395752, -0.02410062775015831, 0.6176811456680298, 0.07003757357597351, -0.028568394482135773, 5.518863677978516, 1.3676644563674927, 3.5344858169555664, -0.003066325094550848, -0.383042573928833, 0.5179927945137024, 0.42341867089271545, -0.3722134530544281, 0.7794236540794373, 0.27326256036758423, 0.563459575176239, -0.04737228527665138, -0.15531766414642334, 1.3014613389968872, 0.6396195888519287, 3.6644978523254395, 0.1450476497411728, -0.4027073383331299, 0.013466239906847477, 0.0070578656159341335, -0.0012930737575516105, -0.0030042417347431183, 0.20433753728866577, -0.832745373249054, 0.6761329174041748, 0.025809479877352715, -0.0020301693584769964, -0.0027372450567781925, 0.11684376746416092, -0.4141797423362732, -0.005312354303896427, 0.005439219996333122, 0.000246592506300658, -0.00039183010812848806, 0.1770801544189453, -0.08486974984407425, -0.17619511485099792, -0.0010096291080117226, 6.13088850514032e-05, -0.0011745616793632507, -2.7477807998657227, 0.5008803606033325, 0.09187876433134079, -0.0027246575336903334, -0.02029700204730034, -0.004400195088237524, -0.9403089880943298, -0.4504612982273102, -0.41008177399635315, 0.09736847877502441, -1.0, 0.9801233410835266, -0.45649826526641846, 0.2871285676956177, -0.05252295359969139, 0.2114787995815277, -0.6903564929962158, -0.756007194519043, 0.3068242073059082, 0.2095317840576172, -0.3534799814224243, 1.0, 0.7179107069969177, 1.0, -0.23811137676239014, 1.0]
[0.059060100466012955, -0.4120650887489319, 0.20575913786888123, 0.4122050106525421, -0.5811582803726196, -0.3884669542312622, 0.16843996942043304, -0.304538756608963, -0.052040889859199524, 0.06245239078998566, 0.19765478372573853, 0.03510747849941254, -0.8244065642356873, -0.6663026213645935, -0.7482908368110657, 0.03475629538297653, 0.10432694852352142, -0.04384336993098259, 0.229282408952713, 0.7550596594810486, 0.8616528511047363, 0.8823114037513733, -0.008884049952030182, 0.919028639793396, -0.22602680325508118, -0.41406670212745667, 0.08967041969299316, 0.06716833263635635, 0.2045573741197586, -0.03657584264874458, 0.24016232788562775, -0.966183602809906, -0.7248662114143372, -0.14016930758953094, 0.10520879179239273, -0.39913979172706604, -0.14487281441688538, 0.0012958530569449067, -0.13692134618759155, -0.04565531015396118, 0.9089476466178894, 0.7823758721351624, 0.015429836697876453, 0.49804097414016724, -0.1126190572977066, 0.08147694915533066, 0.7398638129234314, 0.14092525839805603, 13.204928398132324, -3.4829020500183105, 0.22885116934776306, -0.005151057615876198, 0.07825800776481628, 0.04512947425246239, 0.33295369148254395, -0.22483482956886292, -0.12200665473937988, -0.047332800924777985, 0.4005996584892273, -0.3825759291648865, -0.17205151915550232, -0.06382550299167633, 0.08706968277692795, 0.20749075710773468, -0.0008725340012460947, 0.10146848857402802, 0.07457207888364792, 0.015562143176794052, -0.47880953550338745, -0.22585386037826538, 0.08441311120986938, 0.026098864153027534, 0.023525135591626167, -0.4073946177959442, 0.49152326583862305, -0.13023103773593903, -0.702171266078949, 0.6057305335998535, 0.35083600878715515, 0.25633811950683594, 0.006816307548433542, -0.2295515090227127, 2.835749864578247, 1.77196204662323, 0.48628804087638855, 0.0, -0.38999998569488525, 0.47999998927116394, 0.6264294981956482, -0.18647466599941254, -0.15781119465827942, 0.7402088046073914, -0.5399360656738281, -0.8132268786430359, 0.0395873598754406, 0.21345746517181396, -0.008257073350250721, -0.4267582595348358, 0.5106932520866394, 0.012268075719475746, 0.0003493654658086598, 0.9989473819732666, -0.04419616237282753, 0.19552303850650787, -0.019893918186426163, -0.2515093684196472, 0.8514770865440369, 0.4083073139190674, 0.7323436141014099, 0.015353262424468994, -0.441659152507782, 0.4851994812488556, 0.004805329255759716, 0.10326364636421204, 0.9933298230171204, -0.051080651581287384, 0.19974437355995178, -0.3579135835170746, -0.6040568947792053, 11.086109161376953, 1.6716152429580688, -0.17053371667861938, 0.03634871542453766, -0.43656283617019653, 0.4918394684791565, 0.026789367198944092, -0.3448150157928467, 0.9374919533729553, -0.03864893689751625, 0.1996762752532959, -0.09745747596025467, -0.4893653988838196, 4.723521709442139, 0.727013111114502, 0.5736651420593262, 0.053399406373500824, -0.4112567901611328, 0.5120677351951599, -0.05514319986104965, 0.3488335907459259, 0.9345914721488953, -0.04257914796471596, 0.16177235543727875, 0.3924765884876251, -0.13444356620311737, -6.124253273010254, -0.10188206285238266, 0.8894599676132202, 0.0020775040611624718, -0.38412150740623474, 0.5146891474723816, 0.4292939007282257, -0.3708100914955139, 0.7810289263725281, 0.2611522376537323, 0.15502622723579407, -0.06666635721921921, -0.2423705905675888, 0.41098320484161377, -0.3881312906742096, 0.03737106919288635, 2.5526320934295654, -1.352561593055725, -0.5466955304145813, 0.024841055274009705, -0.003274127608165145, -0.021444611251354218, 2.627028226852417, 0.5597624182701111, -1.7862588167190552, -0.038936369121074677, -0.004941323306411505, -0.014391886070370674, 3.0489397048950195, 2.3146722316741943, -1.052842378616333, -0.02910541743040085, 0.010559159331023693, -0.01708337292075157, 2.2623937129974365, -1.2563896179199219, 0.42455238103866577, 0.05572624132037163, -0.005561409052461386, -0.009757507592439651, 1.0298619270324707, 3.043292760848999, -1.5402379035949707, -0.015384507365524769, 0.009621085599064827, -0.0035856589674949646, 0.9859879016876221, -0.9579611420631409, 0.5435352921485901, 0.5368930101394653, -0.29085204005241394, 0.6929945945739746, -1.0, -0.6767062544822693, 0.5719113349914551, -0.3577413856983185, -1.0, -0.7969059944152832, -0.0597665049135685, 0.8178997039794922, 0.6589014530181885, 1.0, 0.6990560293197632, 0.9790012240409851, 0.9016302824020386, 1.0]
[0.04844801127910614, -0.4834718406200409, 0.27841660380363464, 0.42561790347099304, -0.5260493755340576, -0.3801403343677521, 0.22652949392795563, -0.33584868907928467, -0.0786694809794426, 0.04776999354362488, 0.23138700425624847, -0.030420830473303795, -0.8000463843345642, -0.6630077958106995, -0.7779920101165771, 0.05578495189547539, 0.1343301236629486, 0.0704871416091919, 0.2529272735118866, 0.7946115136146545, 0.8688253164291382, 0.9098083972930908, 0.11881358921527863, 0.9325865507125854, 0.09957163035869598, -0.563130795955658, 0.4107961654663086, 0.15851865708827972, 0.6702787280082703, 0.1646980494260788, 0.2453077882528305, 0.06640318781137466, 0.012574312277138233, -0.07389756292104721, 0.16024509072303772, -0.7189646363258362, 0.41556301712989807, 0.0874909907579422, -0.14707396924495697, 0.15977148711681366, -0.06353257596492767, 1.1928735971450806, 0.34090766310691833, 0.4808288514614105, 0.138339564204216, 0.061749059706926346, 0.8097173571586609, 0.11695927381515503, 7.918858528137207, -1.4214791059494019, 0.1395505964756012, -0.015403995290398598, 0.029525237157940865, 0.020291466265916824, 0.21386303007602692, 0.16201727092266083, 0.13001376390457153, 0.054733868688344955, 0.2236938774585724, -0.17837628722190857, -0.03081849217414856, -0.002242113696411252, 0.0771695002913475, 0.13988065719604492, -0.31114327907562256, -0.09407610446214676, -0.013604119420051575, -0.09293626993894577, -0.18415305018424988, -0.08450374752283096, 0.04321322590112686, 0.01038504671305418, 0.02415221743285656, -0.40735986828804016, 0.48606592416763306, -0.10079451650381088, -0.734817624092102, 0.5701234936714172, 0.3533307611942291, -0.13015110790729523, 0.00708983838558197, -0.3240125775337219, -1.0659984350204468, -2.6167843341827393, -0.2461584359407425, 0.0, -0.38999998569488525, 0.47999998927116394, 0.6264294981956482, -0.18647466599941254, -0.15781119465827942, 0.7402088046073914, -0.5182218551635742, -0.8192669153213501, -0.0013370867818593979, 0.24545088410377502, -0.00822382140904665, -0.4260832667350769, 0.5060355067253113, 0.01817918010056019, 0.009851766750216484, 0.9991782903671265, -0.03485835716128349, -0.1159742996096611, 0.10419640690088272, -0.29950666427612305, -2.2961068153381348, 0.8327261209487915, -2.232255220413208, 0.015038232319056988, -0.4423938989639282, 0.476975679397583, 0.012723906897008419, 0.054206185042858124, 0.9974870681762695, -0.04380827397108078, -0.14220978319644928, -0.004366091452538967, -0.40837863087654114, 2.6795120239257812, 0.8912770748138428, -1.6481314897537231, 0.036433860659599304, -0.43774962425231934, 0.4826712906360626, 0.03025849722325802, -0.37814557552337646, 0.9246523380279541, -0.03329300507903099, -0.13351716101169586, -0.12461937218904495, -0.6490570306777954, 3.804403305053711, 0.8482392430305481, -1.2751281261444092, 0.0540049746632576, -0.40872839093208313, 0.5075162649154663, -0.05012613162398338, 0.3877212107181549, 0.9194872975349426, -0.04126445949077606, -0.043230295181274414, 0.09010995924472809, -0.4276500940322876, -4.166446208953857, 0.460720032453537, -1.468737006187439, 0.00331394886597991, -0.3848356306552887, 0.5104249119758606, 0.4265841245651245, -0.3746508061885834, 0.7807266712188721, 0.261014461517334, -0.007492934353649616, -0.03459472954273224, -0.26844170689582825, 0.33437615633010864, -0.33341076970100403, -0.6668280959129333, 1.557022213935852, -0.5813981890678406, -0.297494500875473, 0.011570492759346962, -0.0023240684531629086, -0.01393466629087925, 1.6291497945785522, -1.257880449295044, 1.0027999877929688, 0.0358656644821167, -0.0017141947755590081, -0.009088259190320969, 1.732980489730835, 0.5019460916519165, -0.3342472016811371, 0.005287076346576214, 0.0060750627890229225, -0.007474689744412899, 1.3169728517532349, 0.21123571693897247, -1.6752451658248901, -0.010435585863888264, -0.010037742555141449, -0.007546787150204182, 0.5975605249404907, 1.1736432313919067, -0.8417420387268066, -0.004725867882370949, 0.0008240825263783336, -0.0018486565677449107, 1.0, -1.0, 1.0, 0.5449308753013611, -0.044936805963516235, 0.7311025857925415, -0.05964666232466698, 0.08464720100164413, 0.5376759171485901, -0.5326615571975708, -0.4628472626209259, -1.0, 0.3931042551994324, -0.11137834936380386, 0.8310604095458984, 1.0, 1.0, 1.0, 0.8723402619361877, 1.0]
[0.10512681305408478, -0.5649363994598389, 0.2927372455596924, 0.43892231583595276, -0.5209140181541443, -0.36870110034942627, 0.30741816759109497, -0.2898697853088379, -0.020519932731986046, 0.053500235080718994, 0.2817174196243286, -0.04391363635659218, -0.779838502407074, -0.6545361876487732, -0.8076476454734802, 0.08682842552661896, 0.07385239750146866, 0.17717619240283966, 0.29050394892692566, 0.8263946771621704, 0.8642805218696594, 0.9360597729682922, 0.08622085303068161, 0.9449999928474426, 0.2979843318462372, -0.5748347640037537, -0.12626729905605316, 0.0943012461066246, -0.28310275077819824, 0.006058216094970703, 0.3954603374004364, 0.652563750743866, 0.829833984375, 0.17612867057323456, 0.23494954407215118, 0.19712722301483154, 0.07263346761465073, 0.051323242485523224, -0.14531689882278442, 0.1118946298956871, -0.8307890892028809, 0.8688875436782837, 0.33141428232192993, 0.3662782609462738, -0.13289250433444977, 0.06010322645306587, -0.7364885210990906, 0.10817276686429977, 4.629427433013916, 0.24900469183921814, 0.011070257052779198, -0.009055711328983307, -0.07091650366783142, -0.03894735872745514, 0.1509196162223816, 0.1515248417854309, 0.11329512298107147, 0.05032133683562279, 0.13979041576385498, 0.25575247406959534, 0.08504223823547363, 0.0267107505351305, 0.12812308967113495, 0.05575817823410034, -0.1731894612312317, -0.09710693359375, -0.033370744436979294, -0.1215808093547821, -0.24694769084453583, -0.1293128877878189, -0.11573069542646408, -0.04817717522382736, 0.019660159945487976, -0.4047314524650574, 0.4810784161090851, -0.225056454539299, -0.724597692489624, 0.594855010509491, 0.2654340863227844, -0.336086630821228, 0.22470980882644653, -0.26498889923095703, -2.4089419841766357, -3.562556028366089, -1.1139334440231323, 0.0, -0.38999998569488525, 0.47999998927116394, 0.6264294981956482, -0.18647466599941254, -0.15781119465827942, 0.7402088046073914, -0.5581395626068115, -0.823975145816803, -0.013671296648681164, 0.09673899412155151, -0.011281078681349754, -0.42591413855552673, 0.5001510381698608, 0.02178484946489334, -0.002516617299988866, 0.9994618892669678, -0.024393459782004356, -0.23098613321781158, -0.0777188166975975, -0.374565064907074, 3.7943942546844482, 0.22840911149978638, -0.944534182548523, 0.010335704311728477, -0.4402042627334595, 0.4726416766643524, 0.02111743949353695, 0.07357144355773926, 0.9967835545539856, -0.023745091632008553, -0.3511301279067993, 0.26962777972221375, -0.17328494787216187, -5.549863338470459, 0.7841905951499939, -2.933828592300415, 0.03226770833134651, -0.43798378109931946, 0.47506698966026306, 0.029555534943938255, -0.39486581087112427, 0.9181273579597473, -0.015799300745129585, -0.353023499250412, 0.007959125563502312, -0.3739098906517029, 1.1718412637710571, 0.8028386831283569, -2.4921579360961914, 0.05181841552257538, -0.41051724553108215, 0.49903595447540283, -0.03801818937063217, 0.39366909861564636, 0.9179196953773499, -0.031665828078985214, -0.1545725166797638, -0.19831940531730652, -0.5547288060188293, 1.3386484384536743, 1.087406873703003, -1.8184821605682373, 0.002471276093274355, -0.3858981132507324, 0.5034934282302856, 0.449209600687027, -0.39835333824157715, 0.7584473490715027, 0.2535404860973358, -0.08302349597215652, -0.10846592485904694, -0.6059896349906921, 6.443051338195801, 3.5203237533569336, -0.09100285917520523, 0.710118293762207, 0.8003325462341309, -0.27613306045532227, -0.02694236859679222, 0.004231334198266268, 0.004192969761788845, 1.055519461631775, -0.9894442558288574, 1.081549882888794, 0.035479672253131866, -0.0020454174373298883, -0.0076981596648693085, 1.0599992275238037, -1.1176050901412964, 0.5330090522766113, 0.009946677833795547, 0.004161651246249676, -0.004700180143117905, 0.7059803605079651, 0.6435717344284058, -1.1566940546035767, -0.023717164993286133, -0.002856666687875986, -0.0027122749015688896, -1.3954168558120728, 1.6650199890136719, -0.45954960584640503, -0.010299849323928356, -0.02585049904882908, -0.001585742924362421, 1.0, -1.0, -0.08197368681430817, 0.4637250006198883, -0.8636294603347778, 1.0, 0.2863861918449402, 0.6459013223648071, 0.6734005808830261, 0.2644473910331726, -0.7824326753616333, -1.0, 0.23829945921897888, -0.5886820554733276, 0.618811845779419, 1.0, 0.6525573134422302, 1.0, -1.0, 1.0]
[0.12726306915283203, -0.5886788964271545, 0.20979322493076324, 0.4686592221260071, -0.5771324038505554, -0.3795044422149658, 0.31527748703956604, -0.22730541229248047, 0.0393853522837162, 0.07386339455842972, 0.3341453969478607, -0.006130590103566647, -0.7974873781204224, -0.6556204557418823, -0.8290969133377075, 0.1162351593375206, -0.05380451679229736, 0.2178053855895996, 0.3152581751346588, 0.8562081456184387, 0.8403674364089966, 0.8984877467155457, -0.06083740293979645, 0.9546193480491638, -0.08466172218322754, 0.1068585142493248, -0.32036688923835754, 0.5201978087425232, -0.6423026323318481, -0.17642387747764587, -0.42119550704956055, 0.44935956597328186, 0.34833893179893494, 0.15087972581386566, 0.20060987770557404, 0.44475919008255005, -0.2800958752632141, -0.06235041841864586, -0.06975828856229782, 0.12372279167175293, -1.3629721403121948, 0.11142485588788986, 0.12949219346046448, 0.3654608726501465, -0.18797455728054047, -0.16982537508010864, -0.9924933314323425, 0.07828623801469803, -9.36977481842041, 9.366662979125977, -0.08519372344017029, 0.49537670612335205, 0.13747425377368927, 0.0317969024181366, -0.45373570919036865, 0.4099160432815552, 0.031107023358345032, -0.017360951751470566, -0.2619130611419678, 0.6188059449195862, 0.1937056928873062, 0.05439246445894241, 0.5077954530715942, -0.1630774438381195, 0.2967069149017334, -0.019174672663211823, -0.03674566373229027, -0.3054378032684326, 0.5284633040428162, 0.22438912093639374, 0.13168400526046753, 0.03934049606323242, 0.01880207657814026, -0.40319669246673584, 0.4813569188117981, -0.2616502642631531, -0.7091976404190063, 0.6123657822608948, 0.2314864546060562, 0.1292794942855835, 0.07643640041351318, 0.15591008961200714, -0.457916796207428, 0.14718423783779144, -0.09823121130466461, 0.0, -0.38999998569488525, 0.47999998927116394, 0.6264294981956482, -0.18647466599941254, -0.15781119465827942, 0.7402088046073914, -0.5647958517074585, -0.8241006135940552, -0.0032437576446682215, 0.04305209591984749, -0.011843242682516575, -0.42570701241493225, 0.49880731105804443, 0.016890881583094597, -0.024644920602440834, 0.9989785552024841, -0.03389795124530792, 0.09400230646133423, 0.04934205859899521, 0.15153832733631134, 1.0524606704711914, -0.6899079084396362, 1.8069870471954346, 0.008994117379188538, -0.437807559967041, 0.4741753935813904, 0.021732712164521217, 0.12237156182527542, 0.9920334815979004, -0.020552746951580048, 0.15267111361026764, 0.1722211092710495, 0.21293281018733978, -5.14044713973999, -1.0617496967315674, 2.5866904258728027, 0.03015882894396782, -0.43741557002067566, 0.47460439801216125, 0.029277939349412918, -0.3942968249320984, 0.918509840965271, -0.0035077380016446114, 0.035101719200611115, 0.056301578879356384, 0.2081933617591858, -1.0979255437850952, 0.36214810609817505, -0.4445992708206177, 0.05133529379963875, -0.414326012134552, 0.4921261966228485, -0.02907302789390087, 0.36281344294548035, 0.9309740662574768, -0.028430230915546417, 0.09927811473608017, -0.2781091630458832, -0.23413944244384766, 5.228035926818848, 0.8700026273727417, 0.18741026520729065, 0.002650979906320572, -0.3867184817790985, 0.497639000415802, 0.48585349321365356, -0.4240630567073822, 0.7254116535186768, 0.2406134158372879, 0.12576046586036682, -0.02700868807733059, -0.33333447575569153, 4.883676528930664, 3.6342811584472656, 1.1592519283294678, -1.5280113220214844, -0.7395612597465515, 3.1815836429595947, 0.020703483372926712, -0.001628634287044406, 0.003164884401485324, -2.7813503742218018, 1.1920567750930786, 2.427410840988159, 0.0005198995349928737, 0.023297995328903198, 0.034050121903419495, -1.9545620679855347, -2.6006743907928467, 2.298488140106201, 0.015382351353764534, -0.006044039037078619, 0.00919802114367485, -1.603312611579895, 1.7857850790023804, 1.3469398021697998, -0.009958887472748756, 0.009009510278701782, 0.0066212378442287445, 1.9198118448257446, -3.0347723960876465, 1.4324193000793457, 0.013347037136554718, 0.008623499423265457, -0.005162506829947233, -0.9255529046058655, 0.24127411842346191, -1.0, 0.10174918174743652, -1.0, 0.9346802830696106, 0.901672899723053, 0.5860069394111633, 0.5117295384407043, 0.3736076056957245, -1.0, -0.8057265281677246, 0.24338220059871674, -0.9426088333129883, 0.14766068756580353, 1.0, 0.760506272315979, 0.46920138597488403, -1.0, 1.0]
[0.06469392031431198, -0.5066614151000977, 0.1038207858800888, 0.47182998061180115, -0.6443344950675964, -0.4009658098220825, 0.2485315501689911, -0.26256904006004333, -0.036533892154693604, 0.0696771889925003, 0.34259313344955444, -0.06234600394964218, -0.8276203870773315, -0.6640562415122986, -0.814103364944458, 0.18596994876861572, -0.13038696348667145, 0.25836142897605896, 0.32682672142982483, 0.8866661190986633, 0.8220755457878113, 0.7978422045707703, -0.1763492226600647, 0.9612289667129517, -0.3406413495540619, 0.8721358180046082, -0.5851026773452759, -0.3966211676597595, -0.6055628061294556, -0.2333630621433258, -0.0010557204950600863, -0.5701684951782227, -1.1743783950805664, -0.23523776233196259, -0.05910009145736694, -1.0291883945465088, -0.28411516547203064, -0.0898933857679367, 0.1859140247106552, 0.3693620562553406, -0.33198148012161255, 0.522327184677124, 0.13567839562892914, 0.36444517970085144, -0.09123330563306808, -0.2826399505138397, -0.5585122108459473, 0.05377611145377159, -5.591326713562012, 10.08953857421875, -0.12095382809638977, 0.04074171930551529, -0.023237569257616997, -0.02052927389740944, 0.023677010089159012, 0.3401558995246887, -0.05150948092341423, -0.06051871180534363, -0.19114601612091064, 0.19201599061489105, 0.03189574182033539, -0.0002838240470737219, 0.7868431806564331, -0.07521510869264603, 0.7091585397720337, 0.19224685430526733, 0.03975902497768402, -0.43273621797561646, 0.4877041280269623, 0.23144178092479706, 0.27415308356285095, 0.0871451124548912, 0.023349203169345856, -0.40370291471481323, 0.4842987060546875, -0.19450999796390533, -0.7082350850105286, 0.6084628701210022, 0.30056896805763245, 0.39789050817489624, -0.07236117124557495, 0.19157172739505768, 2.6968774795532227, 4.383662700653076, 0.40818849205970764, 0.0, -0.38999998569488525, 0.47999998927116394, 0.6264294981956482, -0.18647466599941254, -0.15781119465827942, 0.7402088046073914, -0.5574936866760254, -0.8186566233634949, 0.017892220988869667, 0.13668270409107208, -0.0077279298566281796, -0.4262617528438568, 0.5046947598457336, 0.009228872135281563, -0.03436128795146942, 0.9975578784942627, -0.06010274216532707, 0.34067919850349426, -0.14879827201366425, 0.44450730085372925, 2.0076160430908203, -1.1776223182678223, 4.253631114959717, 0.013673581182956696, -0.440166175365448, 0.4788822829723358, 0.013236582279205322, 0.1011991947889328, 0.9940242767333984, -0.0387195385992527, 0.3260176479816437, -0.31245526671409607, 0.41531312465667725, 5.558465480804443, 0.08797141164541245, 1.3807940483093262, 0.03358245640993118, -0.43887364864349365, 0.478575199842453, 0.03046242892742157, -0.40597814321517944, 0.9133131504058838, -0.010616584680974483, 0.33259880542755127, -0.1779845952987671, 0.26428160071372986, 2.706460475921631, -0.505563497543335, 1.6204863786697388, 0.053586408495903015, -0.4146655797958374, 0.4960457384586334, -0.02837424911558628, 0.3775777816772461, 0.9251566529273987, -0.026737840846180916, 0.1606707125902176, 0.17391648888587952, 0.4982202351093292, -6.358509063720703, -0.8347384929656982, -0.37609291076660156, 0.005680565722286701, -0.38681501150131226, 0.49811074137687683, 0.5099172592163086, -0.4233776330947876, 0.710657000541687, 0.23601365089416504, 0.26115748286247253, 0.02649865671992302, 0.18934892117977142, -0.47403693199157715, 2.0459115505218506, 1.4501869678497314, -1.121422290802002, 1.1386948823928833, 1.8784409761428833, -0.003448850940912962, 0.0048196809366345406, 0.0157917570322752, -0.3675088584423065, 2.11997127532959, 1.833957552909851, -0.02871914580464363, -0.009384575299918652, -0.010736610740423203, -1.3344416618347168, -0.4363330006599426, 1.7346442937850952, -0.006828819401562214, -0.004134983755648136, 0.010314982384443283, -0.6637162566184998, 1.12221097946167, 4.145905494689941, 0.0565921925008297, 0.0041894493624567986, -0.0019049575785174966, 3.8375658988952637, -3.002647876739502, 0.8827089667320251, 0.015503788366913795, 0.025744058191776276, -0.007698159199208021, -1.0, 1.0, -1.0, 0.02338927984237671, -1.0, 0.6487752199172974, -0.7153236865997314, -0.9769220948219299, 0.09972677379846573, -0.925956130027771, -1.0, -0.23138052225112915, 0.7584874033927917, -0.052682168781757355, 0.6657353043556213, 1.0, 0.8480006456375122, 0.19000141322612762, -0.5172168612480164, 1.0]
[-0.02044709399342537, -0.4214261770248413, 0.06564366817474365, 0.44573643803596497, -0.6529508233070374, -0.4267258644104004, 0.2560657262802124, -0.34719452261924744, -0.17457908391952515, 0.032045599073171616, 0.3124121129512787, -0.1375802755355835, -0.8560338020324707, -0.6737406253814697, -0.7746423482894897, 0.2285197675228119, -0.07815538346767426, 0.3256942629814148, 0.34523943066596985, 0.9112371802330017, 0.8302052021026611, 0.7611280679702759, -0.12259180098772049, 0.9663856625556946, -0.3085494637489319, 0.4203738272190094, 0.0696825385093689, -0.1525329053401947, 0.2009671926498413, -0.11731397360563278, 0.04793890193104744, -0.9067398905754089, -1.3307594060897827, -0.41763949394226074, -0.15933452546596527, -0.5181823372840881, -0.24900463223457336, -0.08807724714279175, 0.15099529922008514, 0.06545891612768173, 0.9032376408576965, 0.6833028197288513, 0.2052389681339264, 0.2541331350803375, 0.14323186874389648, 0.013833406381309032, 0.8009569048881531, 0.048396628350019455, 0.8137695789337158, -5.200169563293457, 0.07116203010082245, -0.14518754184246063, 0.02048492059111595, 0.02931266278028488, 0.025545282289385796, -0.33445388078689575, -0.09162251651287079, -0.022898349910974503, 0.00045937264803797007, -0.15695057809352875, -0.03651988133788109, -0.006746144965291023, -0.4673311114311218, -0.034956708550453186, -0.0006855372339487076, 0.06237868219614029, 0.030503831803798676, 0.18497660756111145, -0.055982157588005066, 0.017997877672314644, 0.058364108204841614, 0.027990009635686874, 0.02947053872048855, -0.40427032113075256, 0.4875955879688263, -0.07896950840950012, -0.7106460332870483, 0.569601833820343, 0.4053390324115753, 0.2666850686073303, 0.0635138526558876, 0.4246883690357208, 1.9629391431808472, 2.5420572757720947, 0.27385029196739197, 0.0, -0.38999998569488525, 0.47999998927116394, 0.6264294981956482, -0.18647466599941254, -0.15781119465827942, 0.7402088046073914, -0.5307344198226929, -0.7947940826416016, 0.02569582499563694, 0.29319456219673157, -0.0028566005639731884, -0.4267038106918335, 0.510424017906189, 0.006622294895350933, -0.03296655789017677, 0.9962707161903381, -0.07946109771728516, 0.25108277797698975, 0.048688873648643494, 0.26241713762283325, -1.753338098526001, -0.14430713653564453, 1.2302746772766113, 0.018763503059744835, -0.4440884590148926, 0.4808255732059479, 0.014317830093204975, 0.024569636210799217, 0.9983997344970703, -0.048879124224185944, 0.3072218894958496, -0.3931051194667816, -0.05352545529603958, 11.127603530883789, 0.9760664701461792, 0.9121410250663757, 0.039038389921188354, -0.44011425971984863, 0.4819512665271759, 0.03377724438905716, -0.4233647286891937, 0.9049095511436462, -0.02756989188492298, 0.34984931349754333, -0.04706506058573723, 0.1010156124830246, 2.2440731525421143, -0.31262993812561035, 2.134899139404297, 0.05615662783384323, -0.40967583656311035, 0.5056424140930176, -0.038275256752967834, 0.45253512263298035, 0.8905429244041443, -0.026081878691911697, 0.131547749042511, 0.5025185942649841, 0.386383593082428, -11.293505668640137, -1.6546154022216797, 0.6267251372337341, 0.009494594298303127, -0.3861031234264374, 0.5023087859153748, 0.5047325491905212, -0.39821895956993103, 0.726607084274292, 0.24229885637760162, 0.231744647026062, 0.08265971392393112, 0.34252339601516724, -4.8975830078125, -1.736218810081482, 1.1134154796600342, 0.33545929193496704, -0.6500449180603027, -1.1398563385009766, 0.019561991095542908, -0.003954675979912281, -0.012802924029529095, 0.10944195836782455, 0.09470704942941666, -2.1230292320251465, -0.02147774212062359, -0.0014095385558903217, -0.0009890939109027386, -0.03765270859003067, 0.5194265842437744, -0.973748505115509, 0.0010452547576278448, -0.0014451122842729092, 0.0004472284344956279, -0.17502298951148987, -1.2177454233169556, 0.0635974258184433, 0.01223764754831791, 0.0031138479243963957, 0.005673510953783989, 0.5549157857894897, -0.1577974557876587, -0.16836358606815338, 0.005705499090254307, 0.019111357629299164, 0.0041963523253798485, -0.4114627242088318, -0.3025611937046051, 0.43442779779434204, 0.3976838290691376, -0.3884687125682831, 0.34511798620224, -1.0, -1.0, 0.05486446991562843, -0.3773669898509979, -1.0, -0.503034234046936, 0.21536196768283844, 0.7287377715110779, 0.770272970199585, 1.0, 1.0, 1.0, 0.9614233374595642, 1.0]
[-0.0402776263654232, -0.4190962016582489, 0.14695695042610168, 0.46634969115257263, -0.6062163710594177, -0.4229218363761902, 0.260132372379303, -0.40071141719818115, -0.2666717767715454, -0.006940090097486973, 0.3185122609138489, -0.16371062397956848, -0.8369736075401306, -0.6754595637321472, -0.7595844268798828, 0.270912766456604, 0.013909850269556046, 0.4046329855918884, 0.3810117840766907, 0.8963183164596558, 0.8587098717689514, 0.7933747172355652, 0.029192114248871803, 0.9712033867835999, 0.09924415498971939, -0.24063153564929962, 0.47629639506340027, 0.37335243821144104, 0.5553696751594543, 0.12967650592327118, 0.0040678055956959724, -0.2817786633968353, -0.5942452549934387, -0.2849193215370178, 0.13003621995449066, -0.10017015039920807, 0.39895448088645935, 0.06630238145589828, 0.008170667104423046, 0.23732154071331024, 0.8097288012504578, 0.7540773153305054, 0.5605419874191284, -0.4229026436805725, 0.22995789349079132, 0.11070920526981354, 1.009555697441101, 0.044817063957452774, 9.752223014831543, -6.886930465698242, 0.1709412783384323, -0.11589431762695312, 0.002915377728641033, 0.015653342008590698, 0.2743414044380188, -0.22986716032028198, 0.01936505362391472, 0.032418910413980484, 0.35930103063583374, -0.3289162516593933, -0.06148919463157654, -0.005044590216130018, -0.36198365688323975, 0.169678196310997, -0.3532083034515381, -0.06506523489952087, 0.015361974015831947, -0.03517090901732445, -0.4518303871154785, -0.20934997498989105, 0.029969725757837296, 0.011193502694368362, 0.0336410328745842, -0.40331655740737915, 0.49270713329315186, 0.02625110000371933, -0.7076181769371033, 0.5165678858757019, 0.48139891028404236, 0.2511478364467621, 0.054357461631298065, 0.2572040259838104, 2.0801808834075928, 2.764080762863159, 0.21535126864910126, 0.0, -0.38999998569488525, 0.47999998927116394, 0.6264294981956482, -0.18647466599941254, -0.15781119465827942, 0.7402088046073914, -0.4901280999183655, -0.7617526054382324, 0.01996050402522087, 0.42321285605430603, -0.0026564383879303932, -0.4251176118850708, 0.5117501020431519, 0.009165742434561253, -0.003961480688303709, 0.9975374937057495, -0.06942040473222733, -0.15129783749580383, 0.19204893708229065, -0.04676014930009842, -4.20384407043457, 0.2302253246307373, -2.658104181289673, 0.019971085712313652, -0.44620439410209656, 0.4770830571651459, 0.018087638542056084, -0.04705425351858139, 0.9974690079689026, -0.050141591578722, -0.08126811683177948, -0.17581826448440552, -0.3499193489551544, 6.949288368225098, 0.8520070910453796, -0.6953669786453247, 0.040066517889499664, -0.44023504853248596, 0.48116567730903625, 0.03501007705926895, -0.4257444739341736, 0.9036928415298462, -0.029242271557450294, -0.1373259723186493, 0.00042156263953074813, -0.1648896336555481, -0.6769694089889526, 0.28385257720947266, -1.041137933731079, 0.055905237793922424, -0.4045430123806, 0.5092025399208069, -0.038084082305431366, 0.5249941349029541, 0.8500479459762573, -0.018688540905714035, -0.1048353761434555, 0.29610636830329895, -0.12352794408798218, -9.385390281677246, -0.2845267951488495, -2.1449837684631348, 0.00994044542312622, -0.3852418065071106, 0.5061824917793274, 0.4716082215309143, -0.3758028447628021, 0.7568098306655884, 0.25218403339385986, -0.1489078551530838, 0.051496781408786774, 0.2873811721801758, -4.624350070953369, -4.514571189880371, -1.1924926042556763, 1.8867452144622803, -0.65444016456604, -1.5733129978179932, 0.00583674106746912, -0.002216964028775692, -0.01745377480983734, 1.928530216217041, -0.9383150935173035, -1.3864432573318481, 0.018344184383749962, -0.000766883953474462, -0.009632304310798645, 2.383167266845703, 0.9947353005409241, -1.1709681749343872, 0.009876439347863197, 0.0098815793171525, -0.012648463249206543, 1.376185655593872, -1.3381879329681396, -1.9947359561920166, -0.00471084238961339, -0.01460795383900404, -0.0017386286053806543, 0.3469279706478119, 2.833014488220215, -1.2915407419204712, -0.013269903138279915, 0.005642665084451437, 0.006879632826894522, 1.0, -1.0, 1.0, 0.7733797430992126, -0.21522894501686096, 0.33033257722854614, -0.48248040676116943, -0.4855072796344757, 0.7168553471565247, -0.18499252200126648, -0.49694669246673584, -0.9332791566848755, 0.7125672698020935, 0.4315526485443115, 0.8503928780555725, 0.6092449426651001, 0.9753322601318359, 1.0, 1.0, 1.0]
[0.017359023913741112, -0.47466591000556946, 0.2693047523498535, 0.529430627822876, -0.5500277280807495, -0.4058482348918915, 0.2707997262477875, -0.3568156361579895, -0.2400432676076889, -0.018166327849030495, 0.3494311273097992, -0.17935368418693542, -0.7484973669052124, -0.6564094424247742, -0.7785509824752808, 0.3490888476371765, 0.07076888531446457, 0.4933183193206787, 0.46638280153274536, 0.8673920631408691, 0.889406144618988, 0.8370075225830078, 0.1861087679862976, 0.9761223196983337, 0.3029843270778656, -0.48482561111450195, 0.5165913105010986, 0.6941995024681091, 0.5014765858650208, 0.1703537255525589, 0.06817746162414551, 0.7851434946060181, 0.6978587508201599, 0.0769590362906456, 0.12816719710826874, -0.1699495166540146, 1.0344642400741577, 0.2774171829223633, -0.14645229279994965, 0.375080406665802, 0.36862149834632874, 0.8524332046508789, 0.9647270441055298, -0.31574350595474243, 0.2086573839187622, 0.1023145467042923, 0.9407466053962708, 0.04506152495741844, 5.610244274139404, -2.439084053039551, 0.07034710049629211, -0.010684341192245483, 9.812276402954012e-05, 0.001976141007617116, 0.1752137988805771, 0.11660240590572357, 0.1551361232995987, 0.07782682776451111, 0.16599030792713165, -0.18038608133792877, -0.024867216125130653, 0.0038619088008999825, -0.06707645952701569, 0.10038955509662628, -0.21596699953079224, -0.053565435111522675, 0.0023599329870194197, 0.0941709578037262, -0.24322527647018433, -0.12218044698238373, -0.0651935487985611, -0.022831030189990997, 0.03331351652741432, -0.4024967849254608, 0.4941568076610565, 0.18007315695285797, -0.6763982176780701, 0.41478174924850464, 0.5813906788825989, -0.2385895997285843, 0.0304641742259264, 0.005359743721783161, 3.9822309017181396, 5.216705322265625, 0.22065220773220062, 0.0, -0.38999998569488525, 0.47999998927116394, 0.6264294981956482, -0.18647466599941254, -0.15781119465827942, 0.7402088046073914, -0.41499802470207214, -0.6805103421211243, 0.008638329803943634, 0.6038275361061096, -0.0067179249599576, -0.4220767319202423, 0.5099987983703613, 0.01630278304219246, 0.03371170535683632, 0.998435914516449, -0.04151330888271332, -0.28806138038635254, 0.2745774984359741, -0.15077799558639526, -4.581460475921631, 0.7876381278038025, -3.674994468688965, 0.016247037798166275, -0.4450022578239441, 0.47454291582107544, 0.01941762864589691, -0.04025408998131752, 0.9982017278671265, -0.03994755074381828, -0.31762951612472534, 0.22773243486881256, -0.04982215166091919, -5.397594451904297, -0.1607292741537094, -1.5676859617233276, 0.03609364107251167, -0.44014471769332886, 0.47686779499053955, 0.032349199056625366, -0.4079829752445221, 0.9122728109359741, -0.016173509880900383, -0.335318386554718, 0.03982667624950409, -0.2737771272659302, -3.3467354774475098, 0.3059430420398712, -1.8538837432861328, 0.05289074033498764, -0.40239158272743225, 0.506391167640686, -0.01899152807891369, 0.585802435874939, 0.810221254825592, -0.0040365057066082954, -0.1655900627374649, 0.10317327082157135, -0.38973236083984375, -8.188152313232422, 1.3019131422042847, -3.364915609359741, 0.006791986990720034, -0.38480061292648315, 0.5077160000801086, 0.4323067367076874, -0.36805716156959534, 0.7794381976127625, 0.2648032009601593, -0.2950391173362732, 0.015838123857975006, 0.08875145763158798, -2.826631784439087, -3.6575794219970703, -2.2444889545440674, 0.9697386622428894, -0.25666332244873047, -0.527199387550354, -0.0018738086801022291, -0.00044182201963849366, -0.005692393518984318, 1.1914165019989014, -1.7619309425354004, 0.8030269145965576, 0.05139787122607231, -6.89633161528036e-05, -0.006949782371520996, 1.1414661407470703, 0.4014163017272949, -0.45538756251335144, 0.009883152320981026, 0.0039054546505212784, -0.003925348166376352, 0.7732704877853394, -0.5924744606018066, -1.2274121046066284, -0.006527185905724764, -0.010466605424880981, -0.0005929304752498865, -0.8815544843673706, 1.6728034019470215, -0.7005870342254639, -0.009158910252153873, -0.008726158179342747, -0.0008362476364709437, 1.0, -1.0, 1.0, 1.0, -0.2623339891433716, 0.4356539845466614, 0.34289997816085815, 0.4209010899066925, 0.5670639276504517, -0.30627623200416565, -0.03129184618592262, -1.0, 1.0, 0.17657127976417542, 1.0, 0.7534201145172119, 1.0, 1.0, 1.0, 1.0]
[0.11566366255283356, -0.5418941378593445, 0.37625831365585327, 0.5968866944313049, -0.48739349842071533, -0.38636142015457153, 0.28422707319259644, -0.3495381772518158, -0.19920699298381805, -0.004344575572758913, 0.40565088391304016, -0.25173768401145935, -0.6766270995140076, -0.6274287104606628, -0.8091946840286255, 0.41899415850639343, 0.06179063022136688, 0.5399054288864136, 0.5582687854766846, 0.8648064136505127, 0.9137767553329468, 0.8722525835037231, 0.31636252999305725, 0.9808750748634338, 0.4183332026004791, -0.4804525375366211, 0.3979682922363281, 0.5894033312797546, 0.6194949150085449, 0.1989026963710785, 0.0614471435546875, -0.31083106994628906, 0.21262896060943604, 0.11849993467330933, 0.28855857253074646, -0.9464646577835083, 0.4594758152961731, 0.2216109037399292, -0.14482583105564117, 0.2406769096851349, -0.32886362075805664, 0.2008873075246811, 0.6343161463737488, 0.12596730887889862, 0.1546732485294342, 0.07704714685678482, 0.7244544625282288, 0.04149743914604187, 2.7850728034973145, -0.09486536681652069, 0.016257504001259804, -0.03821438550949097, -0.010512720793485641, -0.0022778306156396866, 0.08268722146749496, -0.28943750262260437, -0.1517786681652069, -0.05373653024435043, 0.10408066213130951, -0.22364281117916107, -0.1397026926279068, -0.0577768012881279, 0.052004534751176834, 0.01631237380206585, -0.14891546964645386, -0.09626282751560211, -0.05125470831990242, 0.13356587290763855, -0.11027052253484726, -0.05927112698554993, -0.09962087869644165, -0.035190388560295105, 0.028032654896378517, -0.40111684799194336, 0.4922119975090027, 0.3524625897407532, -0.5938162803649902, 0.2499357908964157, 0.6787373423576355, -0.3439037501811981, 0.05144500732421875, -0.16967138648033142, 4.207289695739746, 5.609661102294922, -0.19375722110271454, 0.0, -0.38999998569488525, 0.47999998927116394, 0.6264294981956482, -0.18647466599941254, -0.15781119465827942, 0.7402088046073914, -0.30460283160209656, -0.5251704454421997, -0.014141545630991459, 0.7944894433021545, -0.012306730262935162, -0.4184161424636841, 0.5074970126152039, 0.026329943910241127, 0.07283054292201996, 0.9969342350959778, -0.011155074462294579, -0.33070486783981323, 0.2920854389667511, -0.17189593613147736, -4.766204833984375, 1.0259428024291992, -3.5192487239837646, 0.010068042203783989, -0.44406408071517944, 0.46936023235321045, 0.021323902532458305, -0.035992804914712906, 0.9988573789596558, -0.023103846237063408, -0.41050004959106445, -0.027665577828884125, -0.44886142015457153, 2.257143020629883, 0.5006871819496155, -2.3605215549468994, 0.029121961444616318, -0.4410494267940521, 0.46829232573509216, 0.028411878272891045, -0.4159866273403168, 0.9088913202285767, 0.008025788702070713, -0.51324462890625, -0.11812750995159149, -0.668667733669281, 3.618882894515991, 0.9960963129997253, -3.467775583267212, 0.04856718331575394, -0.4039824306964874, 0.5006377696990967, 0.006038060411810875, 0.6086927652359009, 0.793332040309906, 0.00899275578558445, -0.24141812324523926, -0.18488125503063202, -0.3860225975513458, 0.19017380475997925, 1.535125732421875, -2.916144371032715, 0.0026999306865036488, -0.3846801519393921, 0.5064532160758972, 0.40751227736473083, -0.37107640504837036, 0.7868470549583435, 0.2776828706264496, -0.29123663902282715, -0.009875637479126453, -0.12255845218896866, -0.5887399315834045, -1.363863468170166, -2.2535648345947266, 0.4524630308151245, 0.08224326372146606, -0.17037931084632874, -0.0010441816411912441, 0.0011547170579433441, -0.0002269309916300699, 0.5902656316757202, 1.2723236083984375, -1.6091622114181519, -0.03465167433023453, -9.869284258456901e-05, -0.0036423150449991226, 0.7444579601287842, 1.7758116722106934, -0.49972954392433167, -0.03113963082432747, 0.003340546740218997, -0.004570105113089085, 0.3762941062450409, 0.4766392707824707, -1.1952495574951172, -0.04410512372851372, 0.0001932933955686167, -0.000991040258668363, -1.3274574279785156, 0.776832640171051, -0.3295564353466034, -0.004556289408355951, -0.013951066881418228, -0.0032651186920702457, 1.0, -1.0, 0.8713815212249756, 0.9312788844108582, -0.10208117961883545, 0.40695899724960327, -0.7816489934921265, -0.18360535800457, 0.8939689993858337, -1.0, -0.5266464352607727, -1.0, 0.697410523891449, -0.2864878177642822, 0.5261213779449463, 1.0, 1.0, 1.0, 0.8902824521064758, 1.0]
[0.23482471704483032, -0.609054446220398, 0.44236430525779724, 0.6330344676971436, -0.4491783380508423, -0.36858096718788147, 0.3005017936229706, -0.3946232795715332, -0.17286857962608337, 0.005727509502321482, 0.4751030504703522, -0.35378965735435486, -0.6350046992301941, -0.6095086932182312, -0.8402888178825378, 0.4771890640258789, 0.025378527119755745, 0.5484145879745483, 0.5925912261009216, 0.8791892528533936, 0.9316345453262329, 0.8984495401382446, 0.3791253864765167, 0.9849711060523987, 0.4644528031349182, -0.4738219678401947, 0.20462878048419952, 0.19238272309303284, 0.2089848816394806, 0.12001793831586838, 0.07176808267831802, -0.4736771285533905, 0.25815850496292114, 0.08844616264104843, 0.28665870428085327, -0.9422928094863892, 0.34354543685913086, 0.13708297908306122, -0.1423417031764984, 0.23885202407836914, -0.34154748916625977, 0.013267755508422852, 0.11592365801334381, 0.21172988414764404, 0.11196418851613998, 0.05655530095100403, 0.2065277099609375, 0.03408374264836311, 0.7629141211509705, 0.21523131430149078, -0.012040193192660809, -0.10960675776004791, -0.07663794606924057, -0.033519282937049866, 0.017708363011479378, -0.025207366794347763, -0.009240315295755863, -0.003198504215106368, 0.003941779490560293, 0.02600836008787155, 0.00044727028580382466, -0.002704477868974209, 0.03050929307937622, 0.002979445504024625, 0.006721768528223038, -0.011931881308555603, -0.020202267915010452, 0.01692274771630764, -0.03974556177854538, -0.024179678410291672, -0.07163102924823761, -0.026801269501447678, 0.02229977957904339, -0.40025925636291504, 0.4873390197753906, 0.4958239197731018, -0.468120276927948, 0.05991552397608757, 0.728993833065033, -0.3439037501811981, 0.05144500732421875, -0.33320409059524536, 3.81583833694458, 5.2037482261657715, -0.322510689496994, 0.0, -0.38999998569488525, 0.47999998927116394, 0.6264294981956482, -0.18647466599941254, -0.15781119465827942, 0.7402088046073914, -0.1746973693370819, -0.32634732127189636, -0.04139234870672226, 0.9280436635017395, -0.018414774909615517, -0.41613686084747314, 0.5038874745368958, 0.03609995171427727, 0.0888701006770134, 0.9952670335769653, 0.015565531328320503, -0.3476983904838562, 0.08992482721805573, -0.24902954697608948, -0.28561508655548096, 0.8510236740112305, -3.0389716625213623, 0.0025512485299259424, -0.4436480402946472, 0.46138671040534973, 0.023687636479735374, -0.059532999992370605, 0.9979431629180908, -0.0020323076751083136, -0.46560364961624146, -0.003755254438146949, -0.49473410844802856, 2.9757046699523926, 0.4074726998806, -2.6722466945648193, 0.020378420129418373, -0.441692590713501, 0.45759984850883484, 0.022452175617218018, -0.4488767385482788, 0.8925045132637024, 0.03796381875872612, -0.5823267102241516, -0.042333610355854034, -0.6936477422714233, 4.592894554138184, 0.7783003449440002, -3.771368980407715, 0.04313497617840767, -0.4070974886417389, 0.4940504729747772, 0.031033668667078018, 0.5921831130981445, 0.8048937320709229, 0.022408097982406616, -0.2957983613014221, -0.20013055205345154, -0.341825008392334, 3.7809414863586426, 1.257480263710022, -3.1514394283294678, -0.0013838312588632107, -0.3847418427467346, 0.5030848979949951, 0.40191811323165894, -0.3838766813278198, 0.7805601954460144, 0.28605273365974426, -0.2611698806285858, -0.026399919763207436, -0.2626989483833313, 1.7573133707046509, 0.3253474533557892, -1.675430178642273, 0.11445122957229614, 0.8980903029441833, -0.4721945524215698, -0.020047929137945175, 0.002292052609845996, 0.0026397411711513996, 0.15129894018173218, 0.08326973766088486, -0.10428984463214874, -0.001949458266608417, 2.7306119591230527e-05, -0.0009343750425614417, 0.12934190034866333, -0.004146002233028412, 0.07602429389953613, -0.002766667865216732, 0.00047998997615650296, -0.00017192507220897824, 0.11495941877365112, 0.32686862349510193, -0.09032604098320007, -0.015299237333238125, -0.00035422644577920437, -0.0006209117127582431, -0.9180116057395935, 0.3030198812484741, -0.07443414628505707, -0.002116251504048705, -0.012113084085285664, -0.0010249025654047728, 1.0, -1.0, 0.6405961513519287, 0.6562283039093018, -0.40831857919692993, 0.4097180962562561, -0.7100241780281067, -0.013770082965493202, 0.8717155456542969, -0.9180614948272705, -0.452325701713562, -1.0, 0.8026315569877625, -0.18408912420272827, 0.5219873785972595, 1.0, 1.0, 1.0, 0.41632765531539917, 1.0]
[0.30314064025878906, -0.6746287941932678, 0.4432629942893982, 0.6341944336891174, -0.4522978365421295, -0.3628920614719391, 0.3359440565109253, -0.44149649143218994, -0.1568794995546341, 0.013169022276997566, 0.5473273396492004, -0.39628490805625916, -0.6010176539421082, -0.5974879860877991, -0.8644213676452637, 0.5337707996368408, 0.0032048404682427645, 0.5306352972984314, 0.5943343639373779, 0.8942691683769226, 0.9404183626174927, 0.9123969078063965, 0.35355088114738464, 0.988574743270874, 0.1128009781241417, -0.4563310742378235, -0.10438760370016098, -0.09138380736112595, -0.15683792531490326, -0.004708588123321533, 0.17842499911785126, -0.4117518365383148, 0.08981630206108093, 0.04907244071364403, 0.29518958926200867, -0.08939255774021149, 0.3059206008911133, 0.10309218615293503, -0.103995181620121, 0.2259376049041748, -0.1301114559173584, -0.25573962926864624, -0.04658655822277069, 0.18434296548366547, 0.04262154921889305, 0.02454552985727787, -0.3525364100933075, 0.03040572814643383, -7.5749101638793945, 0.4040566086769104, -0.08450283855199814, -0.06900572031736374, -0.05713360384106636, -0.026842016726732254, -0.21837520599365234, 0.05768636241555214, 0.006907904054969549, -0.0019406634382903576, -0.2744787931442261, 0.29588374495506287, 0.12195447087287903, 0.042553603649139404, -0.1485961377620697, -0.11029772460460663, 0.10764580219984055, 0.022410742938518524, -0.005429690238088369, 0.11440674960613251, 0.2305973321199417, 0.10265219956636429, -0.12155574560165405, -0.04008762538433075, 0.017721587792038918, -0.3992466926574707, 0.48007744550704956, 0.5697682499885559, -0.3639993965625763, -0.08360394835472107, 0.7320374846458435, -0.04313914477825165, 0.08455691486597061, -0.37612244486808777, 0.5049530267715454, 0.2578911781311035, -0.742824375629425, 0.0, -0.38999998569488525, 0.47999998927116394, 0.6264294981956482, -0.18647466599941254, -0.15781119465827942, 0.7402088046073914, -0.07867562770843506, -0.17047299444675446, -0.06813324987888336, 0.9798505306243896, -0.021817592903971672, -0.4161567986011505, 0.49908843636512756, 0.0392080694437027, 0.07066197693347931, 0.9964039325714111, 0.0254707932472229, -0.09013468772172928, -0.10397173464298248, -0.29872751235961914, 3.555802583694458, -0.13757732510566711, -0.19492346048355103, -0.002333161886781454, -0.4426936209201813, 0.4533424973487854, 0.02715783752501011, -0.08815809339284897, 0.9956346154212952, 0.014217712916433811, -0.16087225079536438, 0.017724018543958664, -0.47945523262023926, 3.60410737991333, 0.5678384304046631, -1.4213212728500366, 0.014696819707751274, -0.4406305253505707, 0.45014721155166626, 0.02020343951880932, -0.4644846022129059, 0.8832851648330688, 0.060441773384809494, -0.20831437408924103, 0.10136888176202774, -0.3392416536808014, 0.633385181427002, 1.0046974420547485, -1.720550537109375, 0.039791855961084366, -0.40907204151153564, 0.48807671666145325, 0.049434613436460495, 0.5616835355758667, 0.8252912759780884, 0.0310149397701025, -0.07051891833543777, -0.09952113032341003, -0.2724224627017975, 4.700784683227539, 0.8523781895637512, -1.4580625295639038, -0.003027150873094797, -0.38498297333717346, 0.4983177185058594, 0.41614899039268494, -0.4027622938156128, 0.7653393149375916, 0.2808167636394501, 0.018554681912064552, -0.03301600366830826, -0.37446680665016174, 3.973461389541626, 1.6102133989334106, 0.6672747135162354, -1.3623183965682983, 0.7864625453948975, -0.18557938933372498, -0.015045076608657837, 0.005173412151634693, 0.013247648254036903, -1.5757471323013306, 0.02056567184627056, 0.2580966055393219, -0.0016321784351021051, -0.0016533989692106843, 0.0072480905801057816, -1.7410974502563477, -1.6523222923278809, 0.5349738001823425, 0.017768770456314087, -0.007314642425626516, 0.0057537006214261055, -1.138345718383789, 0.19365869462490082, 0.6312513947486877, -0.002524810377508402, 0.009001406840980053, 0.0021658921614289284, -1.6752591133117676, -1.4063423871994019, 0.7805111408233643, 0.0062015363946557045, -0.013283480890095234, 0.00261573470197618, -0.31801897287368774, -1.0, 0.1560242772102356, 0.5125496983528137, -0.6169097423553467, 0.5511157512664795, -0.6730948686599731, -0.13177771866321564, 0.8662718534469604, -0.2587560713291168, -0.40775150060653687, -1.0, 0.8006306290626526, -0.026393182575702667, 0.33678388595581055, 1.0, 1.0, 1.0, -0.1335737109184265, 1.0]
[0.2687010169029236, -0.7331926822662354, 0.3304609954357147, 0.5667746067047119, -0.4823782742023468, -0.3681695759296417, 0.4066751003265381, -0.45109066367149353, -0.19302715361118317, 0.009715215303003788, 0.6267425417900085, -0.4025209844112396, -0.5940893888473511, -0.5906583070755005, -0.8767761588096619, 0.5885274410247803, 0.00016617972869426012, 0.45902109146118164, 0.5797330141067505, 0.9066396951675415, 0.9033591151237488, 0.9060041904449463, 0.21665515005588531, 0.9918410181999207, -0.30002108216285706, -0.3846740424633026, -0.6535700559616089, -0.9168649911880493, -0.34920281171798706, -0.08675871044397354, 0.3441234529018402, 0.08432146906852722, -0.553609311580658, -0.11767428368330002, 0.3287341594696045, -0.04157564416527748, -0.06304312497377396, 0.018449071794748306, -0.02374769002199173, 0.22048835456371307, 0.02547922544181347, -0.8736934065818787, -0.225411519408226, 0.15175743401050568, -0.433312326669693, -0.04123828932642937, -1.1052228212356567, 0.026648929342627525, -8.880108833312988, 0.9906507730484009, -0.11406493186950684, -0.17847940325737, -0.09367124736309052, -0.0376523956656456, -0.25058260560035706, 0.19452227652072906, 0.02829578146338463, -0.00463952636346221, -0.3096790015697479, 0.10707592964172363, 0.01547323353588581, -0.0011257320875301957, -0.10729066282510757, -0.12508229911327362, 0.13589580357074738, 0.005835899151861668, -0.016699885949492455, 0.10442451387643814, 0.1368926465511322, 0.04022827371954918, -0.13255628943443298, -0.04465056583285332, 0.017220735549926758, -0.39779162406921387, 0.4733268916606903, 0.6177160739898682, -0.3095504939556122, -0.19950784742832184, 0.6948394179344177, 0.006025819573551416, 0.10382478684186935, -0.41546231508255005, 2.8497071266174316, 2.3113884925842285, -1.013526439666748, 0.0, -0.38999998569488525, 0.47999998927116394, 0.6264294981956482, -0.18647466599941254, -0.15781119465827942, 0.7402088046073914, 0.01032360177487135, -0.07206698507070541, -0.11674723029136658, 0.9904897212982178, -0.019882941618561745, -0.4199419617652893, 0.49216386675834656, 0.029635312035679817, 0.012899743393063545, 0.9994689226150513, 0.0041434913873672485, 0.2355164736509323, -0.4423733651638031, -0.46427491307258606, 8.8067626953125, -1.6539480686187744, 3.8777613639831543, -0.0018096767598763108, -0.4417515695095062, 0.4470692574977875, 0.034108761698007584, -0.12407717108726501, 0.9914773106575012, 0.020351480692625046, 0.18998336791992188, -0.017982203513383865, -0.3332548439502716, 4.767110824584961, 0.9446152448654175, -0.1836785078048706, 0.01495788712054491, -0.4388347566127777, 0.4448780119419098, 0.025733821094036102, -0.476212739944458, 0.8761836886405945, 0.06972347944974899, 0.1796552687883377, 0.09651274234056473, -0.32647088170051575, 2.2707462310791016, 0.9694127440452576, 0.050626419484615326, 0.04107433930039406, -0.40992772579193115, 0.4833270013332367, 0.05660231411457062, 0.5167891979217529, 0.8537355065345764, 0.02934005856513977, 0.1958066076040268, -0.07483503967523575, -0.15443526208400726, 7.295083999633789, 0.19411347806453705, 0.24346384406089783, -0.0014344151131808758, -0.3859422504901886, 0.491595983505249, 0.4530053436756134, -0.4315440058708191, 0.7354622483253479, 0.26009827852249146, 0.20870453119277954, -0.08576086163520813, -0.5789294838905334, 7.542459487915039, 3.5612120628356934, 1.7635375261306763, -1.6363273859024048, 1.2797284126281738, -0.4287986755371094, -0.018456468358635902, 0.006740016397088766, 0.017861364409327507, -1.8038653135299683, 0.004429074469953775, 0.8197318911552429, -0.0045730904676020145, -0.002585291163995862, 0.007692946121096611, -1.991444706916809, -0.33460813760757446, 0.04649274796247482, -0.006144855171442032, -0.008339890278875828, 0.006476630922406912, -1.2675154209136963, 0.46384888887405396, 0.6017414927482605, -0.00974215380847454, 0.009935302659869194, 0.0019576901104301214, -1.8096423149108887, -0.6878122091293335, 0.9049630761146545, -0.0001619111280888319, -0.015696290880441666, 0.0006656735204160213, -1.0, -1.0, -0.8005874156951904, -0.15874916315078735, -0.737144947052002, 0.8575125336647034, -0.29840973019599915, -0.6263894438743591, 1.0, -0.4114871621131897, -0.6931050419807434, -0.8913155794143677, 0.8455913066864014, 0.0534742996096611, -0.16274963319301605, 1.0, 0.4829365313053131, 0.7852605581283569, -1.0, 1.0]
[0.16189175844192505, -0.7300425171852112, 0.1862664818763733, 0.47172847390174866, -0.543626070022583, -0.3834843039512634, 0.48245903849601746, -0.46718159317970276, -0.28925788402557373, -0.013307885266840458, 0.6976231336593628, -0.2995527684688568, -0.6353316903114319, -0.5984691977500916, -0.8354672193527222, 0.6171538829803467, 0.04220942407846451, 0.37771278619766235, 0.5528373718261719, 0.9238625764846802, 0.8068230152130127, 0.8314198851585388, 0.07152526080608368, 0.9930295348167419, -0.48184719681739807, 0.2585029602050781, -0.5500726103782654, -0.8834279179573059, -0.6822577714920044, -0.19385449588298798, 0.2925717234611511, -0.2618584930896759, -1.063452124595642, -0.2999189794063568, 0.2713541090488434, 1.5177918672561646, -0.5267614126205444, -0.14261417090892792, 0.31111109256744385, 0.059369709342718124, 0.6032280325889587, -0.6814709305763245, -0.2488936185836792, 0.22816304862499237, -0.8353776931762695, -0.2613425850868225, -0.7764715552330017, 0.00496153999119997, -4.107843399047852, 8.543075561523438, -0.020596591755747795, 0.31876492500305176, 0.06892659515142441, 0.010560162365436554, -0.13554036617279053, 0.4107598066329956, 0.0653015673160553, -0.005625889636576176, -0.12993426620960236, 0.9397909045219421, 0.32190394401550293, 0.0983513742685318, 0.5512699484825134, -0.0760115310549736, 0.4184715747833252, 0.08368729799985886, 0.00897715613245964, -0.3312854766845703, 0.2055228352546692, 0.062255483120679855, 0.20924395322799683, 0.06631865352392197, 0.021946297958493233, -0.39900362491607666, 0.4696676731109619, 0.708419144153595, -0.1464628428220749, -0.36831220984458923, 0.5839836597442627, 0.38432902097702026, -0.10872722417116165, 0.07592024654150009, 3.985462188720703, 1.7271089553833008, 0.1537003368139267, 0.0, -0.38999998569488525, 0.47999998927116394, 0.6264294981956482, -0.18647466599941254, -0.15781119465827942, 0.7402088046073914, 0.20412090420722961, 0.11941021680831909, -0.14011512696743011, 0.961479902267456, -0.013518227264285088, -0.425174742937088, 0.4881576895713806, 0.018448607996106148, -0.05379857122898102, 0.997839093208313, -0.032900355756282806, 0.4628944396972656, -0.41974642872810364, -0.12086895108222961, 7.670960903167725, -0.9871202111244202, 4.456812858581543, 0.002806159434840083, -0.4427441954612732, 0.4449598491191864, 0.040439024567604065, -0.1746220737695694, 0.9836398959159851, 0.01800813525915146, 0.36318567395210266, -0.2093033343553543, -0.039963722229003906, 6.714420318603516, 0.42896395921707153, 0.46099042892456055, 0.020301008597016335, -0.43796807527542114, 0.45008888840675354, 0.035421356558799744, -0.45551520586013794, 0.8870284557342529, 0.0665706992149353, 0.45932260155677795, 0.06846631318330765, 0.7284441590309143, -5.565533638000488, 0.9479211568832397, 1.774064302444458, 0.04526457563042641, -0.4087877869606018, 0.48576676845550537, 0.04787630960345268, 0.49908000230789185, 0.8648664355278015, 0.025157954543828964, 0.2697097361087799, 0.1341710239648819, 0.3695564866065979, -0.411296010017395, -1.3222723007202148, 1.3965307474136353, 0.0007174829952418804, -0.3875536620616913, 0.48664453625679016, 0.4861578345298767, -0.45910826325416565, 0.70072340965271, 0.2487102746963501, 0.11636590957641602, -0.11444511264562607, -0.2816999554634094, 4.640474319458008, 3.1061830520629883, -0.604332447052002, -0.6444708108901978, -0.02978195995092392, 2.38038969039917, 0.010113431140780449, -0.000389030174119398, 0.0010794507106766105, -0.8430384993553162, 0.26954901218414307, 2.3961384296417236, -0.0015826562885195017, 0.0017630180809646845, 0.005484647583216429, -0.8152084946632385, -4.143853187561035, 3.057352304458618, 0.036193571984767914, -0.0009558273595757782, 0.006126717664301395, -0.445239782333374, 1.6892056465148926, 1.963188648223877, 0.034315239638090134, 0.008817756548523903, -0.0033524397294968367, 2.9165706634521484, -0.9482066631317139, 0.856282114982605, 0.0011024776613339782, 0.019653521478176117, -0.006874755024909973, -1.0, 0.36747148633003235, -0.6002380847930908, -0.03686106204986572, -1.0, 0.8178922533988953, -0.6490856409072876, -1.0, 0.9984259009361267, 1.0, -0.9806897044181824, 0.05531609058380127, 0.6437578201293945, 0.6046602129936218, 0.02247069776058197, 1.0, 0.0892399400472641, 0.1136423796415329, -0.5069254636764526, 1.0]
[0.02294878289103508, -0.6400736570358276, 0.13647760450839996, 0.4094139635562897, -0.565375804901123, -0.39931103587150574, 0.39784860610961914, -0.37127381563186646, -0.3603866696357727, -0.058832403272390366, 0.7542011141777039, -0.12471719831228256, -0.6533893942832947, -0.6109035015106201, -0.7085917592048645, 0.6432765126228333, 0.1109088808298111, 0.38202008605003357, 0.5396339297294617, 0.923390805721283, 0.6851725578308105, 0.8145466446876526, -0.05098295956850052, 0.874213457107544, -0.5594945549964905, 0.8781917691230774, -0.05850071832537651, -0.37368515133857727, 0.05932256206870079, -0.06836157292127609, -0.6938002705574036, 1.5370912551879883, -0.4225165545940399, -0.5296913981437683, 0.21117618680000305, 1.6945409774780273, 0.0344146303832531, -0.057482630014419556, 0.7823550701141357, 0.13759905099868774, 0.7095593214035034, 0.4227392375469208, 0.017163420096039772, -0.17283383011817932, -1.0308088064193726, -0.010946584865450859, -0.7169679999351501, -1.6611372232437134, -0.6160531044006348, 8.694440841674805, 0.04104224592447281, 0.48941975831985474, 0.21655318140983582, 0.07890786975622177, -0.21429342031478882, 0.9244669675827026, 0.3640258312225342, 0.09847835451364517, -0.022767698392271996, 0.513435959815979, 0.21094121038913727, 0.07412124425172806, 0.6575815677642822, -0.020684916526079178, 0.32267844676971436, 0.09666368365287781, 0.03265080228447914, -0.635377049446106, -0.025423457846045494, -0.03695490583777428, 0.35989898443222046, 0.07563381642103195, 0.026638731360435486, -0.39947351813316345, 0.4739421010017395, 0.7715936303138733, -0.15400388836860657, -0.2797607183456421, 0.5501452684402466, 0.21226051449775696, 0.007028518244624138, 0.25594836473464966, -0.46755462884902954, -4.801898956298828, 0.9479061365127563, 0.0, -0.38999998569488525, 0.47999998927116394, 0.6264294981956482, -0.18647466599941254, -0.15781119465827942, 0.7402088046073914, 0.25437799096107483, 0.04207743704319, -0.07285209745168686, 0.9634385704994202, -0.005512429866939783, -0.4281766712665558, 0.4925571084022522, 0.015238314867019653, -0.06631406396627426, 0.9957768321037292, -0.061633557081222534, 0.5011323094367981, -0.05347372591495514, 0.5042061805725098, -2.415362596511841, -0.48864635825157166, 3.042036294937134, 0.013186617754399776, -0.4443854093551636, 0.45680859684944153, 0.035308148711919785, -0.15634217858314514, 0.9869292378425598, -0.016763877123594284, 0.7748984098434448, 0.03249658644199371, 1.1685622930526733, -6.987290859222412, -2.3414788246154785, 6.0758209228515625, 0.028694281354546547, -0.43661993741989136, 0.4670697748661041, 0.04355151578783989, -0.3790534734725952, 0.9227824211120605, 0.05379867181181908, 0.5923393964767456, 0.26814931631088257, 1.363616943359375, -12.695068359375, 0.35618287324905396, 2.9017581939697266, 0.04937656223773956, -0.4041758179664612, 0.4973437190055847, 0.025114163756370544, 0.5508813858032227, 0.833651602268219, 0.03039567917585373, 0.18127933144569397, 0.4593057632446289, 0.7357226014137268, -11.782713890075684, -3.09216570854187, 0.773960530757904, 0.0028753336519002914, -0.38934212923049927, 0.487863689661026, 0.5308522582054138, -0.47707271575927734, 0.6625624895095825, 0.2271747887134552, 0.1208464577794075, -0.10434244573116302, 0.10081598162651062, 6.74411678314209, 4.503528594970703, 2.3621606826782227, 0.06971930712461472, -1.951952576637268, 3.1022751331329346, 0.04962858557701111, -0.0028845276683568954, -0.008562657050788403, -1.0181101560592651, -2.52085018157959, 5.226222038269043, 0.06066560745239258, 0.005481634754687548, 0.019099637866020203, -0.016801701858639717, -2.6299219131469727, 2.31986141204834, 0.034672416746616364, 0.0028992604929953814, 0.004059558734297752, 0.15176202356815338, 1.1898833513259888, 1.7186869382858276, 0.05049905180931091, 0.002207648940384388, -0.0065816049464046955, 4.343044757843018, 0.4257899224758148, 0.12170466780662537, -0.00653645908460021, 0.006145105697214603, -0.0013115681940689683, -1.0, 1.0, 0.18155671656131744, 0.38708800077438354, -0.37095221877098083, -1.0, 1.0, -0.44182783365249634, 1.0, 1.0, -0.5066576600074768, 1.0, 0.9589144587516785, 0.673437237739563, 0.8397666215896606, 1.0, -0.12597917020320892, 1.0, -0.9746474623680115, -0.5006853938102722]
[-0.0983157753944397, -0.48098862171173096, 0.05228018760681152, 0.4140273630619049, -0.5071298480033875, -0.3933780789375305, 0.28918924927711487, -0.26583072543144226, -0.38917481899261475, -0.11118166893720627, 0.78647780418396, 0.003292027860879898, -0.6735450625419617, -0.6159135699272156, -0.5077100396156311, 0.6808122396469116, 0.11594177037477493, 0.4127100706100464, 0.547991931438446, 0.870593249797821, 0.6937546730041504, 0.8788998126983643, -0.03348160162568092, 0.7717097997665405, -0.39466017484664917, 1.3420122861862183, -0.4953339993953705, 0.2865518033504486, 0.7991028428077698, 0.17063313722610474, -0.24647024273872375, 1.2446140050888062, -0.033462900668382645, -0.38200250267982483, 0.11436521261930466, 0.9582420587539673, -0.3064710199832916, -0.07227786630392075, 1.0334079265594482, 0.18344315886497498, -0.3051223158836365, 0.20585782825946808, 0.0859202891588211, -0.4433431327342987, 0.352889746427536, 0.05411113053560257, 0.2599879503250122, -0.6612733006477356, 2.8478190898895264, 6.157090187072754, -0.003514698240906, 0.45141518115997314, 0.20636707544326782, 0.0793677419424057, 0.16344454884529114, 0.7462217807769775, 0.33093416690826416, 0.11437521874904633, 0.08773413300514221, 0.1653120219707489, 0.01438666507601738, -0.004982569254934788, 0.6194894909858704, 0.04084794223308563, 0.023243717849254608, -0.08215297013521194, -0.032383646816015244, 0.2823394536972046, -0.0008042072295211256, -0.13540954887866974, -0.15951046347618103, -0.038571037352085114, 0.03197389096021652, -0.397600382566452, 0.48839616775512695, 0.7598338723182678, -0.13818681240081787, -0.23523545265197754, 0.5901025533676147, 0.2830525040626526, 0.3043997287750244, 0.9628897309303284, -2.6195976734161377, -1.0780220031738281, 0.5029987692832947, 0.0, -0.38999998569488525, 0.47999998927116394, 0.6264294981956482, -0.18647466599941254, -0.15781119465827942, 0.7402088046073914, 0.21483610570430756, 0.03520018234848976, -0.025873055681586266, 0.9756726026535034, 0.0013354986440390348, -0.42614153027534485, 0.5059517025947571, 0.002810464473441243, 0.007126147393137217, 0.9955281615257263, -0.09415324777364731, 0.297861784696579, 0.4512042701244354, 1.0191930532455444, -12.563581466674805, -3.393563747406006, 4.320364952087402, 0.022889822721481323, -0.4444928467273712, 0.4762697219848633, 0.024734534323215485, -0.10073550045490265, 0.9931532740592957, -0.053730569779872894, 0.4440060555934906, 0.22471758723258972, 1.4873489141464233, -10.601020812988281, -2.119429111480713, 3.3366968631744385, 0.036068037152290344, -0.4340336322784424, 0.4871794581413269, 0.04196169599890709, -0.2968813180923462, 0.9532018899917603, 0.03881582245230675, 0.3685625195503235, 0.3039039671421051, 1.3349707126617432, -9.499149322509766, -1.0161235332489014, 1.7347230911254883, 0.05016443505883217, -0.3994938135147095, 0.5125125050544739, -0.008303413167595863, 0.6140636205673218, 0.7873368859291077, 0.05438390374183655, -0.06829620897769928, 0.273064523935318, 0.8392971754074097, -8.519729614257812, -5.50316858291626, -0.6344258189201355, 0.006977585144340992, -0.38858529925346375, 0.500816822052002, 0.5286179184913635, -0.4366336166858673, 0.6942001581192017, 0.21908952295780182, 0.3118339776992798, 0.201747328042984, 0.9839088320732117, -7.246404647827148, -1.9257087707519531, 4.011602878570557, 0.45097815990448, -2.1013424396514893, 2.4712002277374268, 0.04784760624170303, 0.003341280622407794, 0.0036394596099853516, 1.1707454919815063, -2.7998995780944824, 4.170788764953613, 0.07237674295902252, 0.0007335125701501966, -0.012628469616174698, 0.8845189809799194, -0.07782956957817078, 1.2477803230285645, -0.006150010973215103, 0.005625494755804539, -0.0028827416244894266, 0.7727729082107544, 1.5155894756317139, -0.6309418678283691, -0.009649805724620819, -0.004612417425960302, -0.009770963340997696, -1.7430667877197266, 1.5347483158111572, 0.14863738417625427, -0.020919470116496086, -0.010681968182325363, -0.01284082978963852, -0.37171226739883423, 1.0, -0.7819351553916931, 0.7842618227005005, 0.12469854950904846, 0.32994234561920166, 1.0, -0.17877493798732758, 1.0, 0.5143643617630005, -0.9150040745735168, 1.0, 1.0, -0.24731290340423584, 0.48517167568206787, 1.0, 1.0, 0.5217480063438416, -0.006731297820806503, 0.4299609363079071]
[-0.1365368515253067, -0.2754371762275696, 0.03611968830227852, 0.4745764434337616, -0.4860650599002838, -0.3790976405143738, 0.17524661123752594, -0.1759626269340515, -0.2881920039653778, -0.11280257254838943, 0.7281674146652222, 0.09653083980083466, -0.6180009245872498, -0.6121590733528137, -0.31176629662513733, 0.7207694053649902, 0.09303401410579681, 0.4013362526893616, 0.5507758259773254, 0.839282214641571, 0.7246909141540527, 0.9372135400772095, -0.0038369353860616684, 0.7037730813026428, 0.037973951548337936, 1.5131325721740723, 0.16518567502498627, 0.7168088555335999, -0.11637852340936661, 0.04797101020812988, -0.5675148367881775, 0.6466652750968933, 1.4527688026428223, 0.27821245789527893, -0.421617716550827, 0.8314887285232544, 0.9499667286872864, 0.18367712199687958, 0.8938518762588501, 0.16671618819236755, -0.15352603793144226, -0.26690635085105896, -0.03670512139797211, -0.29869115352630615, 0.20990510284900665, 0.2226935476064682, 0.10014748573303223, -0.6263391971588135, 9.758203506469727, 1.3596231937408447, 0.18805861473083496, 0.2019108086824417, 0.012328284792602062, -0.009990525431931019, 0.20342087745666504, -0.08479362726211548, 0.04966951534152031, 0.04552122950553894, 0.13828295469284058, -0.05675084516406059, 0.05913025885820389, 0.03945254534482956, 0.33790019154548645, 0.12205606698989868, 0.026553375646471977, -0.03908795118331909, -0.01666225679218769, -0.0025135979522019625, -0.29501569271087646, -0.10575109720230103, -0.05204906314611435, -0.025821778923273087, 0.032372746616601944, -0.3936326801776886, 0.5039727091789246, 0.7260979413986206, -0.06250820308923721, -0.27023783326148987, 0.6291629076004028, -0.10016997158527374, 0.26658493280410767, 0.8795129060745239, -0.5902729034423828, 2.430717706680298, 0.672256350517273, 0.0, -0.38999998569488525, 0.47999998927116394, 0.6264294981956482, -0.18647466599941254, -0.15781119465827942, 0.7402088046073914, 0.18386587500572205, 0.12575232982635498, -0.004501574672758579, 0.9748637676239014, 0.0022316807880997658, -0.4201362133026123, 0.5238704681396484, -0.009135075844824314, 0.10489137470722198, 0.989189863204956, -0.10206753015518188, -0.17838893830776215, 0.5929904580116272, 1.0483291149139404, -10.605928421020508, -2.089672088623047, -0.9619708061218262, 0.026702895760536194, -0.44054850935935974, 0.5006360411643982, 0.005491612944751978, 0.03303423523902893, 0.9962829947471619, -0.07936356216669083, -0.03206776827573776, 0.6463183164596558, 1.4397777318954468, -18.95559310913086, -4.256094932556152, 2.7610998153686523, 0.039366066455841064, -0.4289504289627075, 0.5098204016685486, 0.03021312691271305, -0.18159238994121552, 0.9827103614807129, 0.019788704812526703, 0.03340883553028107, 0.6512187719345093, 1.4829024076461792, -17.044315338134766, -1.9512468576431274, 2.5408952236175537, 0.046277474611997604, -0.3953014016151428, 0.5291467905044556, -0.04211735725402832, 0.6582251787185669, 0.746319055557251, 0.08929425477981567, -0.3683820068836212, 0.2885386645793915, 0.9096699357032776, -6.686246395111084, -5.721350193023682, -1.610262393951416, 0.008233589120209217, -0.3853157162666321, 0.5154104828834534, 0.5138919949531555, -0.38395819067955017, 0.732056736946106, 0.22931206226348877, -0.01761949621140957, 0.3095645010471344, 0.9505021572113037, -7.309337615966797, -1.0960553884506226, 2.3255343437194824, 1.9785795211791992, -0.2137969434261322, 0.4368617832660675, -0.013197479769587517, -0.006883849855512381, -0.02267177402973175, 1.9059993028640747, -0.6758752465248108, -0.01787523925304413, 0.03538310155272484, 0.0022167477291077375, -0.006500208284705877, 1.6210830211639404, -0.5041309595108032, 0.3939287066459656, 0.03189057856798172, 0.0040516965091228485, -0.0005839884979650378, 1.412736415863037, 0.791868269443512, -0.4598836302757263, -0.004784232005476952, -0.011225653812289238, -0.003645445453003049, -0.7607784867286682, 1.489069938659668, -0.8786842823028564, -0.004714563488960266, -0.013649320229887962, -0.006614193320274353, 0.8191139101982117, 1.0, 0.575749397277832, 1.0, -0.7071375846862793, -0.5519347190856934, 0.4227156937122345, 0.9349493980407715, 0.00960880983620882, 0.6018962860107422, 0.17351695895195007, 0.9056462049484253, 1.0, 0.03389411419630051, 0.1590287834405899, 1.0, 0.5399981737136841, 1.0, -0.29153066873550415, 0.2543826997280121]
[-0.08527126908302307, -0.06384360045194626, 0.06126435101032257, 0.5022674202919006, -0.43513208627700806, -0.36986255645751953, 0.006009736564010382, -0.1120084747672081, -0.17616909742355347, -0.07707248628139496, 0.6818301677703857, 0.15705092251300812, -0.5163263082504272, -0.582811176776886, -0.14947067201137543, 0.751329243183136, 0.07601401954889297, 0.3469575345516205, 0.5391554236412048, 0.8052817583084106, 0.7405779361724854, 0.9865612983703613, -0.018447695299983025, 0.5403445959091187, 0.311564177274704, 1.4576812982559204, 0.06402484327554703, 0.08784451335668564, 0.7773633599281311, 0.17512448132038116, -0.6899774074554443, 0.40192294120788574, 0.704082190990448, 0.2561332881450653, -0.11852756887674332, 0.488316148519516, 0.9876198172569275, 0.3392251133918762, 0.7019664645195007, 0.11027269810438156, -0.15147611498832703, -0.6230656504631042, -0.1682511568069458, -0.5268020629882812, 0.12271571159362793, 0.10617747157812119, -0.1696031540632248, -1.9665619134902954, 6.6041765213012695, -1.1634879112243652, 0.06904175132513046, -0.13430893421173096, 0.005587142892181873, 0.01457066647708416, 0.16033706068992615, -0.24970170855522156, -0.176144078373909, -0.0712486281991005, 0.15262256562709808, -0.16311131417751312, -0.0547017827630043, -0.012468010187149048, 0.10488524287939072, 0.09739512205123901, -0.05704415962100029, -0.033487312495708466, -0.0109581109136343, -0.031845320016145706, -0.09717199206352234, -0.009285206906497478, -0.035381391644477844, -0.05179564654827118, 0.028389500454068184, -0.3887406885623932, 0.5160321593284607, 0.675263524055481, -0.03703965246677399, -0.29815346002578735, 0.6736109256744385, -0.29250413179397583, 0.23316699266433716, 0.6686776280403137, -2.7759299278259277, -0.9954716563224792, 0.1996244490146637, 0.0, -0.38999998569488525, 0.47999998927116394, 0.6264294981956482, -0.18647466599941254, -0.15781119465827942, 0.7402088046073914, 0.12761905789375305, 0.17840225994586945, -0.011675609275698662, 0.975576639175415, -0.0020428558345884085, -0.4127134382724762, 0.5401720404624939, -0.01663493923842907, 0.20070438086986542, 0.9755119681358337, -0.08841605484485626, -0.3728199899196625, 0.6603339910507202, 0.8138532042503357, -12.256736755371094, -2.4011430740356445, -1.8599456548690796, 0.024982165545225143, -0.4338435232639313, 0.5229877829551697, -0.01748303323984146, 0.17639648914337158, 0.9792816638946533, -0.09790749847888947, -0.2964574694633484, 0.6050136685371399, 1.0854723453521729, -13.703147888183594, -3.3872885704040527, 1.8253566026687622, 0.03673306852579117, -0.4217867851257324, 0.5306494832038879, 0.015913400799036026, -0.046626947820186615, 0.998624861240387, 0.0179140567779541, -0.3135320842266083, 0.7284091711044312, 1.1656033992767334, -16.1928768157959, -1.2755153179168701, -0.6690853238105774, 0.03856038674712181, -0.39064764976501465, 0.5449091196060181, -0.07126625627279282, 0.6840794086456299, 0.7151179909706116, 0.1247500628232956, -0.5217782258987427, 0.2988053858280182, 0.8295003175735474, -3.8358004093170166, -5.050738334655762, -1.2580840587615967, 0.0050741396844387054, -0.38050588965415955, 0.528948187828064, 0.5263829231262207, -0.35083919763565063, 0.7376009225845337, 0.2361726611852646, -0.2479950338602066, 0.37071892619132996, 0.7680609226226807, -1.5057066679000854, 3.384079933166504, 2.1064016819000244, 1.1190595626831055, -0.3008107542991638, -0.6560707688331604, 0.010058506391942501, -0.001134411315433681, -0.0050037819892168045, 1.436335563659668, 1.523941993713379, -1.9016058444976807, -0.0483894906938076, -0.0028484235517680645, -0.009690359234809875, 1.343845009803772, 0.7277036905288696, -0.5982635617256165, -0.0015524554764851928, 0.0008059187675826252, -0.010768482461571693, 1.0205409526824951, 0.16445033252239227, -0.5788741111755371, -0.008491355925798416, -0.0087538817897439, -0.0017241534078493714, -1.182347297668457, 0.2634352147579193, -0.5729524493217468, 0.0029211852233856916, -0.0328780934214592, -0.0031025251373648643, 1.0, 1.0, 0.14544321596622467, 0.3852428197860718, 0.1811637133359909, -1.0, 0.5049473643302917, 0.30472272634506226, 0.8442464470863342, 0.2933864891529083, 0.007177170366048813, 1.0, 1.0, 0.003076396882534027, -0.08424805104732513, 1.0, 0.6542098522186279, 0.8678355813026428, -0.8082780241966248, -1.0]
