2
[0.0, 0.0, 0.0, 0.0, 0.0, 0.0, 0.0, 0.0, 0.0, 0.0, 0.0, 0.0, 0.0, 0.0, 0.0, 0.0, 0.0, 0.0, 0.0, 0.0, 0.0, 0.0, 0.0, 0.0, 0.0, 0.0, 0.0, 0.0, 0.0, 0.0, 0.0, 0.0, 0.0, 0.0, 0.0, 0.0, 0.0, 0.0, 0.0, 0.0, 0.0, 0.0, 0.0, 0.0, 0.0, 0.0, 0.0, 0.0, 0.0, 0.0, 0.0, 0.0, 0.0, 0.0, 0.0, 0.0, 0.0, 0.0, 0.0, 0.0, 0.0, 0.0, 0.0, 0.0, 0.0, 0.0, 0.0, 0.0, 0.0, 0.0, 0.0, 0.0, 0.0, 0.0, 0.0, 0.0, 0.0, 0.0, 0.0, 0.0, 0.0, 0.0, 0.0, 0.0, 0.0, 0.0, 0.0, 0.0, 0.0, 0.0, 0.0, 0.0, 0.0, 0.0, 0.0, 0.0, 0.0, 0.0, 0.0, 0.0, 0.0, 0.0, 0.0, 0.0, 0.0, 0.0, 0.0, 0.0, 0.0, 0.0, 0.0, 0.0, 0.0, 0.0, 0.0, 0.0, 0.0, 0.0, 0.0, 0.0, 0.0, 0.0, 0.0, 0.0, 0.0, 0.0, 0.0, 0.0, 0.0, 0.0, 0.0, 0.0, 0.0, 0.0, 0.0, 0.0, 0.0, 0.0, 0.0, 0.0, 0.0, 0.0, 0.0, 0.0, 0.0, 0.0, 0.0, 0.0, 0.0, 0.0, 0.0, 0.0, 0.0, 0.0, 0.0, 0.0, 0.0, 0.0, 0.0, 0.0, 0.0, 0.0, 0.0, 0.0, 0.0, 0.0, 0.0, 0.0, 0.0, 0.0, 0.0, 0.0, 0.0, 0.0, 0.0, 0.0, 0.0, 0.0, 0.0, 0.0, 0.0, 0.0, 0.0, 0.0, 0.0, 0.0, 0.0, 0.0, 0.0, 0.0, 0.0, 0.0, 0.0, 0.0, 0.0, 0.0, 0.0, 0.0, 0.0, 0.0, 0.0, 0.0, 0.0, 0.0, 0.0, 0.0, 0.0, 0.0, 0.0, 0.0, 0.0]
[0.48026105761528015, 0.2689363956451416, 0.06290343403816223, -0.5522546172142029, -0.74317467212677, -0.8441264033317566, 0.2585311830043793, -0.8909996747970581, -0.9882173538208008, -0.9565179944038391, 0.12954851984977722, -0.687882125377655, -0.6573071479797363, -0.6764496564865112, -0.7055027484893799, 0.11485657095909119, -0.983098030090332, -0.6928707957267761, -0.7722496390342712, 0.11762017011642456, -0.8623471260070801, -0.03251240774989128, -0.020302319899201393, 0.8404191136360168, 0.1195913702249527, -0.021602321416139603, -0.47084861993789673, 1.835776686668396, 1.9986976385116577, 0.411527544260025, 0.3794935941696167, -0.1284693330526352, 0.04373148828744888, 0.011295463889837265, 0.4533419609069824, -0.34154173731803894, -0.4133608043193817, -0.08299937099218369, 1.011012077331543, 0.2031465768814087, -0.06926120817661285, -0.41732263565063477, -0.10067903250455856, 1.498948097229004, -0.07580529898405075, 0.3526550233364105, -0.23277802765369415, -0.29100796580314636, 3.052584171295166, 0.15397562086582184, -0.01539024617522955, 0.5135844945907593, 0.41627201437950134, 0.18423092365264893, 0.24241650104522705, -0.031411293894052505, -0.011280701495707035, -0.003659736830741167, 0.2115938812494278, -0.11036233603954315, -0.07728046923875809, -0.0339789018034935, 0.4828513264656067, 0.20454785227775574, 0.28873249888420105, 0.07508409023284912, 0.017244335263967514, 0.1276070475578308, -0.02360505610704422, 0.031381115317344666, 0.00813205260783434, -0.007329106330871582, 0.001792444847524166, -0.3923686444759369, 0.5313258171081543, 0.0700717493891716, 0.6207655072212219, -0.778609037399292, 0.05922854319214821, -0.13838832080364227, -0.04170370474457741, -0.06900010257959366, 0.21116672456264496, 2.0008633136749268, -0.773676335811615, 0.0, -0.38999998569488525, 0.47999998927116394, -0.22206895053386688, -0.6671021580696106, 0.6765443682670593, 0.2189696580171585, 0.12793277204036713, 0.049942027777433395, -0.30167022347450256, -0.9434689879417419, -0.029912199825048447, -0.44743409752845764, 0.5273287892341614, -0.00023747378145344555, -0.40767902135849, 0.913124680519104, -0.000948010478168726, 0.06103052198886871, 0.5990045666694641, 1.03545081615448, -21.125431060791016, 0.24962817132472992, 1.7158985137939453, -0.012543313205242157, -0.4581907391548157, 0.5054839849472046, -0.023198043927550316, -0.638766348361969, 0.7686753869056702, 0.024032913148403168, -0.29008957743644714, 0.007954582571983337, -0.0649527832865715, 0.4772745966911316, -0.12374424189329147, -2.4908065795898438, 0.012563982978463173, -0.44858843088150024, 0.5220178961753845, -0.005115211475640535, -0.36495354771614075, 0.9309617280960083, 0.009641039185225964, -0.29364776611328125, -0.13279610872268677, -0.21235811710357666, 4.300607204437256, -0.17058096826076508, -2.852534055709839, 0.03458847850561142, -0.44453197717666626, 0.5142328143119812, -0.04530007764697075, -0.48725834488868713, 0.8718370795249939, -0.020665613934397697, -0.2871147096157074, 0.012125683948397636, 0.2762914001941681, 0.33850985765457153, -4.3362040519714355, -1.1267224550247192, -0.07992931455373764, -0.37006676197052, 0.5089119672775269, -0.17210860550403595, -0.6470951437950134, 0.6952276229858398, 0.2613522708415985, 0.02612876333296299, -0.03172682598233223, 0.016695763915777206, 4.5824809074401855, 6.490046977996826, 1.7884600162506104, -0.02581113949418068, -5.36301851272583, 0.557525634765625, 0.10378564894199371, -0.004774485249072313, 0.002577555365860462, 1.3055133819580078, 0.1531917154788971, -0.006400611251592636, -0.0013618608936667442, 0.010394440963864326, -0.0015434788074344397, 1.1942392587661743, 0.9906837940216064, -0.23935742676258087, -0.019118644297122955, 0.007245586719363928, -0.007704612798988819, 1.2018554210662842, -1.154284954071045, 0.6641910076141357, -6.994002615101635e-05, 0.013528893701732159, 0.01106796320527792, 0.046058669686317444, -0.2026171088218689, 0.07129719108343124, 0.0017382355872541666, -0.008066045120358467, -0.02728382498025894, 1.0, 0.3288441300392151, -0.760727047920227, 1.0, 1.0, 1.0, -0.9954895377159119, -0.9571530222892761, 1.0, -1.0, -1.0, 1.0, 0.5369616746902466, -1.0, -1.0, 1.0, -0.9310705661773682, 1.0, -0.2925366461277008, 0.6148409843444824]
[0.5085487365722656, 0.2716427147388458, 0.08219373971223831, -0.4774109721183777, -0.6139431595802307, -0.7828459143638611, 0.20571286976337433, -0.8729735612869263, -0.9883797764778137, -0.956274688243866, 0.1528642177581787, -0.6584792137145996, -0.7093818783760071, -0.6912248134613037, -0.4757544994354248, 0.20832958817481995, -0.9836010336875916, -0.6770357489585876, -0.7765640020370483, 0.08152016252279282, -0.8247882127761841, 0.05968663468956947, 0.044396787881851196, 0.8386484384536743, 0.09892921894788742, 0.05000826716423035, 0.3827056586742401, 0.05129510909318924, 0.7535956501960754, 0.7214239239692688, -0.5484706163406372, 0.3301946818828583, -0.02051016502082348, -0.004956904798746109, -0.09965013712644577, 0.6101705431938171, -0.5068621039390564, -0.16720302402973175, 1.1021687984466553, 0.4852616488933563, 0.04338155686855316, 0.4472876489162445, 0.05583127215504646, -1.475481390953064, 0.46285295486450195, 0.16819548606872559, 0.7387959361076355, 0.1311163306236267, -0.5573459267616272, 1.0182466506958008, 0.20630291104316711, -0.46309155225753784, -0.3028155267238617, -0.10629022121429443, -0.30363982915878296, 0.18816471099853516, 0.07270406186580658, 0.025079062208533287, -0.1710766851902008, 0.317959189414978, 0.12939012050628662, 0.044001173228025436, 0.11922642588615417, 0.039745960384607315, 0.11477053165435791, 0.10237595438957214, 0.0477181002497673, -0.29201313853263855, 0.27753737568855286, 0.1258692741394043, 0.15666162967681885, 0.06773605197668076, -0.000676763360388577, -0.39299097657203674, 0.5291481018066406, 0.047884829342365265, 0.6316373348236084, -0.773754358291626, 0.00673987902700901, -0.15968537330627441, -0.030155811458826065, -0.14240042865276337, 0.3388284146785736, 0.9187480211257935, -0.5497943758964539, 0.0, -0.38999998569488525, 0.47999998927116394, -0.22206895053386688, -0.6671021580696106, 0.6765443682670593, 0.2189696580171585, 0.10082456469535828, 0.003374960273504257, -0.2823115289211273, -0.9540036916732788, -0.031999677419662476, -0.4434254467487335, 0.5330623388290405, -0.0029517686925828457, -0.3097023069858551, 0.9508071541786194, 0.006441361736506224, -0.2296617329120636, 0.21714940667152405, 0.173335000872612, -7.879885196685791, -0.017879771068692207, -2.4154059886932373, -0.0130549231544137, -0.4579811692237854, 0.5067359209060669, -0.01964883878827095, -0.6327452659606934, 0.7738305926322937, 0.020818840712308884, 0.12487369030714035, 0.017475461587309837, 0.18086840212345123, -1.7727102041244507, 0.2506471276283264, 2.2363927364349365, 0.010318825952708721, -0.44853946566581726, 0.522883415222168, -0.008710363879799843, -0.3778105676174164, 0.9256793856620789, 0.017344407737255096, -0.061542488634586334, 0.05045346915721893, 0.1805596649646759, 0.06816083192825317, -0.0021497858688235283, 0.004220262169837952, 0.029220696538686752, -0.4432861804962158, 0.5209587216377258, -0.088498055934906, -0.46057382225990295, 0.8828531503677368, -0.024700362235307693, -0.4459243714809418, 0.16508489847183228, 0.5261907577514648, -5.636233806610107, -4.8973388671875, -3.0031280517578125, -0.08158023655414581, -0.3682614862918854, 0.5113116502761841, -0.19198019802570343, -0.6216765642166138, 0.7102611660957336, 0.26868364214897156, -0.2073230892419815, 0.2310667186975479, 0.29391536116600037, -8.316681861877441, -3.309720993041992, -4.260542392730713, 1.112073540687561, 3.6500930786132812, -0.7152401208877563, -0.05153883248567581, 0.01131073385477066, -0.011720397509634495, -1.6295335292816162, -1.0492149591445923, 0.05367288738489151, 0.009340837597846985, -0.0184161439538002, 0.002647712826728821, -0.932503879070282, -1.699216365814209, 0.6746292114257812, 0.018512926995754242, -0.008361076936125755, 0.007902215234935284, 0.30957281589508057, -1.3207632303237915, 0.2447374314069748, 0.02790665067732334, 0.004392182920128107, -0.0012138772290199995, 2.2656283378601074, -1.6345645189285278, -0.21308766305446625, 0.015723824501037598, 0.031485989689826965, 0.0553472563624382, 0.6253089308738708, 0.382301390171051, 1.0, -0.8523265719413757, -0.4348830580711365, -1.0, -0.5676979422569275, -1.0, -0.24569088220596313, -0.07131940126419067, -1.0, 0.9589677453041077, 1.0, -0.9035349488258362, -0.24805596470832825, -1.0, -0.30282777547836304, 0.3903161883354187, 1.0, 1.0]
[0.5383316278457642, 0.23798632621765137, 0.19963733851909637, -0.510633111000061, -0.5526033639907837, -0.7025201320648193, 0.04541630297899246, -0.8314211368560791, -0.9886556267738342, -0.9561418294906616, 0.13759945333003998, -0.5842146873474121, -0.757779598236084, -0.7086953520774841, -0.27855634689331055, 0.2502778470516205, -0.9865310788154602, -0.6831409335136414, -0.772361695766449, -0.06336884200572968, -0.7769588232040405, 0.11007191240787506, 0.1776800900697708, 0.8583685755729675, 0.11943661421537399, -0.432116836309433, 0.5375227332115173, -0.5171679854393005, 0.45746585726737976, 0.706197202205658, -0.7184156775474548, 0.4012199938297272, 0.003898218274116516, 0.004932258743792772, 0.1170499250292778, 0.655954122543335, -0.4657023847103119, -0.1792980134487152, 0.7323445677757263, -0.085190549492836, -0.09033731371164322, -0.29982566833496094, -0.015380657278001308, -1.945816993713379, 0.2633585035800934, 0.0916241928935051, 0.869377076625824, 0.21059341728687286, 0.16891402006149292, -5.677513122558594, 0.03556453064084053, -0.49850746989250183, -0.2046748697757721, -0.07695256918668747, -0.02185838110744953, -0.37997034192085266, -0.1336546093225479, -0.04302598536014557, 0.22404849529266357, -0.5736421346664429, -0.23601889610290527, -0.08301375806331635, -0.6075289845466614, -0.2081815004348755, -0.3387567102909088, -0.1445525884628296, -0.0516049861907959, 0.02073308266699314, -0.28643715381622314, -0.16093558073043823, -0.0022921161726117134, 0.003033697372302413, -0.003368367673829198, -0.39404240250587463, 0.525395393371582, 0.03318324685096741, 0.646825909614563, -0.7611287236213684, -0.0346146821975708, -0.16258160769939423, -0.07584811747074127, -0.25491970777511597, 0.5670081973075867, 0.9037781953811646, -0.5209484696388245, 0.0, -0.38999998569488525, 0.47999998927116394, -0.22206895053386688, -0.6671021580696106, 0.6765443682670593, 0.2189696580171585, 0.06972344219684601, -0.02802940271794796, -0.26474905014038086, -0.9613849520683289, -0.03621837869286537, -0.4439516067504883, 0.5293287038803101, -0.010199564509093761, -0.278403639793396, 0.9599229693412781, 0.030579546466469765, -0.2983741760253906, -0.09633176028728485, -0.4348497986793518, -1.064155101776123, 0.15593984723091125, -3.2935280799865723, -0.011050399392843246, -0.4579469859600067, 0.505639374256134, -0.0035687321797013283, -0.6281139254570007, 0.7781030535697937, 0.00395949324592948, 0.17364715039730072, -0.008574465289711952, -0.22533947229385376, 0.10921505093574524, 0.19238559901714325, 2.9909017086029053, 0.00890897773206234, -0.4481460750102997, 0.5226225852966309, -0.009030362591147423, -0.38397130370140076, 0.9230966567993164, 0.019416864961385727, -0.1631205826997757, -0.030358394607901573, -0.20729178190231323, 2.1062710285186768, -0.02101580798625946, -1.1800225973129272, 0.02495560236275196, -0.4428991377353668, 0.5227838754653931, -0.12212983518838882, -0.4511050283908844, 0.883493185043335, -0.032065249979496, -0.1694633513689041, -0.06444184482097626, -0.17625363171100616, 1.9906179904937744, -3.057569980621338, 0.4352130591869354, -0.08485954999923706, -0.36500126123428345, 0.5117489099502563, -0.26815032958984375, -0.5792281031608582, 0.7249405384063721, 0.25894251465797424, -0.30657514929771423, 0.28254276514053345, -0.11227881163358688, -6.31540584564209, -6.722743034362793, -5.806099891662598, 0.19656288623809814, 2.8150691986083984, -1.5876747369766235, -0.03472653031349182, 0.0010742738377302885, -0.0024374069180339575, -0.11432581394910812, 2.127161741256714, -0.21852850914001465, -0.01111855823546648, -0.0018849957268685102, -0.0002578626445028931, 1.220076084136963, 3.239588975906372, -1.4672634601593018, -0.03441992402076721, 0.011246777139604092, -0.011012256145477295, -1.1852630376815796, 2.1624755859375, -0.7770636081695557, -0.01916785165667534, -0.017510592937469482, 0.0013105976395308971, 0.03228427469730377, 2.655806303024292, 0.03532211109995842, -0.016450166702270508, 0.0025171590968966484, -0.0016734639648348093, 0.7363172173500061, -0.5037216544151306, 1.0, -1.0, -0.36914390325546265, -1.0, -0.6308391094207764, -1.0, -0.8488878011703491, -0.21963518857955933, -1.0, 0.7228910326957703, 1.0, -1.0, -1.0, -1.0, -0.6983788013458252, 0.1499830186367035, 1.0, 1.0]
[0.548597514629364, 0.19150757789611816, 0.30721569061279297, -0.5624166131019592, -0.5186267495155334, -0.6448355317115784, -0.11793243885040283, -0.7957056164741516, -0.9898678660392761, -0.9562410116195679, 0.15714964270591736, -0.5312008857727051, -0.8026292324066162, -0.726674497127533, -0.150509774684906, 0.2242024838924408, -0.9793459177017212, -0.7116725444793701, -0.7804771065711975, -0.21345236897468567, -0.7750993371009827, 0.11977014690637589, 0.31143802404403687, 0.8807703256607056, -0.020129559561610222, -0.2602097988128662, 0.38746389746665955, -0.45511505007743835, 0.2380770444869995, 0.3953741490840912, -0.6481278538703918, 0.29506275057792664, -0.018288319930434227, -0.004940750543028116, 0.03896237164735794, 0.4240095317363739, -0.3758407533168793, -0.15441055595874786, 0.5114367008209229, -0.10470874607563019, 0.13303618133068085, -0.25425493717193604, -0.1032579317688942, -1.7962690591812134, -0.1330130398273468, -0.020486488938331604, 0.8015866279602051, 0.2054329216480255, -3.608410358428955, 2.1401877403259277, -0.1706259697675705, 0.14375334978103638, 0.03167783468961716, -0.003044823184609413, -0.10758078098297119, 0.0993807464838028, 0.0318162739276886, 0.009365927428007126, -0.1527256965637207, 0.07026518881320953, 0.03046766296029091, 0.010769804939627647, 0.0002797262277454138, -0.16838155686855316, 0.06134700030088425, 0.029003996402025223, 0.008814005181193352, 0.03673434630036354, -0.019581561908125877, -0.03324566036462784, -0.08010293543338776, -0.026847142726182938, -0.006036603823304176, -0.395353227853775, 0.5197009444236755, 0.020839756354689598, 0.6683785915374756, -0.7400973439216614, -0.07135618478059769, -0.15694963932037354, -0.0804935172200203, -0.3710770010948181, 0.8076593279838562, 0.6086571216583252, -0.46787309646606445, 0.0, -0.38999998569488525, 0.47999998927116394, -0.22206895053386688, -0.6671021580696106, 0.6765443682670593, 0.2189696580171585, 0.03025004267692566, -0.05150087922811508, -0.24830713868141174, -0.9668381214141846, -0.03916933387517929, -0.44556230306625366, 0.5231080055236816, -0.015027119778096676, -0.2763665020465851, 0.959611713886261, 0.0504097156226635, -0.11783502995967865, -0.08830472826957703, -0.32252657413482666, 0.41616538166999817, 0.10732780396938324, -1.836986780166626, -0.007761157117784023, -0.45791393518447876, 0.5029180645942688, 0.01369427889585495, -0.6281939744949341, 0.7777579426765442, -0.0166527908295393, 0.2921069264411926, 0.012051559053361416, -0.11833854764699936, -0.057187389582395554, -0.04355258122086525, 3.342634677886963, 0.007889531552791595, -0.4482577443122864, 0.5201413035392761, -0.010810722596943378, -0.4001503586769104, 0.9160680174827576, 0.02412511222064495, 0.007713491562753916, -0.017141425982117653, -0.13234147429466248, 1.8314663171768188, -0.02791234664618969, -0.09396778792142868, 0.02379506081342697, -0.443128377199173, 0.52200847864151, -0.1375436782836914, -0.4595074951648712, 0.876275360584259, -0.04556204006075859, -0.02078256383538246, -0.003514384850859642, -0.0171316247433424, 0.7734552621841431, -2.0515148639678955, 0.9284581542015076, -0.0876239687204361, -0.36247557401657104, 0.5085651278495789, -0.3502659797668457, -0.5509064793586731, 0.7184512615203857, 0.24009063839912415, -0.18571315705776215, 0.18272492289543152, -0.3040260076522827, -4.292134761810303, -8.314053535461426, -4.579728126525879, -0.9631552696228027, -0.3164738118648529, 0.558674693107605, -0.007791929878294468, -0.00368955684825778, 0.00645573902875185, -0.5797867178916931, -0.5412472486495972, 0.12948569655418396, 0.001247216947376728, -0.0011919274693354964, 0.00024966918863356113, -0.8729557991027832, -0.4633755087852478, 0.24040371179580688, 0.00381917180493474, -0.00395576748996973, 0.004033777397125959, -0.9402616024017334, -0.3968851566314697, -0.03713101148605347, 0.002860728185623884, -0.005825485102832317, -0.001624983036890626, -1.1995751857757568, 0.8874446749687195, -0.12392572313547134, -0.008971410803496838, -0.007653942331671715, -0.0026711553800851107, 0.18627864122390747, 0.08607539534568787, 0.7223393321037292, -0.8115131258964539, -0.4145026206970215, -1.0, -0.6226556897163391, -1.0, -0.9636111259460449, -0.3476795256137848, -1.0, 1.0, 1.0, -0.6224046349525452, -0.7758471369743347, -1.0, -1.0, -0.055751778185367584, 1.0, 1.0]
[0.5419418215751648, 0.1851581633090973, 0.3766629993915558, -0.6113811731338501, -0.5096846222877502, -0.6197541356086731, -0.23995253443717957, -0.7658238410949707, -0.9929302334785461, -0.9574236273765564, 0.18116477131843567, -0.4991234540939331, -0.8401408791542053, -0.742099940776825, -0.04703960567712784, 0.2148222029209137, -0.9796482920646667, -0.7536103129386902, -0.7938587665557861, -0.3454493284225464, -0.8027689456939697, 0.07424196600914001, 0.42899250984191895, 0.9010562896728516, -0.039493363350629807, 0.06750605255365372, 0.2331705391407013, -0.43882837891578674, 0.0036209726240485907, 0.10241502523422241, -0.07806485891342163, 0.16447602212429047, -0.02270333655178547, -0.01007096841931343, 0.030332570895552635, 0.24784615635871887, -0.3440350890159607, -0.1445087492465973, 0.46843060851097107, -0.05111341550946236, -0.06387880444526672, -0.44977426528930664, -0.14766930043697357, -1.5355466604232788, -0.2340344935655594, -0.16079449653625488, 0.6834946274757385, 0.17780818045139313, -0.6118703484535217, 2.9188661575317383, -0.06635494530200958, 0.1944514811038971, 0.048907067626714706, 0.0033979355357587337, 0.46702203154563904, 0.04696846008300781, 0.009437528438866138, 0.0010888773249462247, -0.08807725459337234, 0.14206644892692566, 0.04838133230805397, 0.014697826467454433, 0.19585835933685303, -0.1182451844215393, 0.09172932058572769, 0.018972504884004593, 0.0023993016220629215, 0.02890121191740036, 0.14768531918525696, 0.057633958756923676, -0.04622310400009155, -0.01874591037631035, -0.007805367931723595, -0.39586424827575684, 0.5140700936317444, 0.1113254725933075, 0.6804239749908447, -0.7241496443748474, 0.015397652052342892, -0.11320468783378601, 0.135641410946846, 0.015031046234071255, -0.9682291150093079, -6.437897682189941, 0.20568883419036865, 0.0, -0.38999998569488525, 0.47999998927116394, -0.22206895053386688, -0.6671021580696106, 0.6765443682670593, 0.2189696580171585, 0.050541020929813385, 0.07376943528652191, -0.2458195984363556, -0.9651820659637451, -0.04037853330373764, -0.4466623067855835, 0.5202881097793579, -0.01842782460153103, -0.28361448645591736, 0.9568232893943787, 0.06092901900410652, -0.05317344516515732, -0.0673019289970398, -0.09414567053318024, 1.3139362335205078, -0.20743824541568756, -0.9676588177680969, -0.0044278306886553764, -0.4574996531009674, 0.5038415193557739, 0.02747291326522827, -0.6213527917861938, 0.7823007702827454, -0.0342245027422905, 0.07253873348236084, 0.027182968333363533, 0.12478722631931305, -0.9917760491371155, -0.08699426800012589, 0.588005781173706, 0.007781673222780228, -0.4479511082172394, 0.5205023884773254, -0.012266794219613075, -0.40932542085647583, 0.9119088053703308, 0.026915675029158592, 0.029094703495502472, 0.01930430345237255, 0.08463197201490402, 0.8638693690299988, -0.07172361761331558, 0.04602609574794769, 0.02356100082397461, -0.44280996918678284, 0.5234988927841187, -0.14887787401676178, -0.4692535400390625, 0.8683457970619202, -0.0600988008081913, 0.014640724286437035, 0.013889826834201813, 0.12080255150794983, 1.399181842803955, -2.001417398452759, 1.4744508266448975, -0.08900661021471024, -0.3609146177768707, 0.5050846338272095, -0.4247143566608429, -0.5303741097450256, 0.7026123404502869, 0.211321622133255, -0.084000363945961, 0.11446559429168701, -0.2697429656982422, -3.7355518341064453, -8.275039672851562, -3.0832762718200684, -0.34969624876976013, -0.5677250027656555, 0.7196586728096008, -0.005117938853800297, -0.0016175494529306889, 0.003839139360934496, 2.5286855697631836, -0.2701717019081116, 0.12812504172325134, -0.0029636980034410954, 0.03065698780119419, -0.0070734694600105286, -0.4909771978855133, -0.7238444685935974, 0.43654605746269226, 0.003840159624814987, -0.003891715547069907, 0.003959695342928171, -0.653788149356842, -0.3557767868041992, 0.15495890378952026, -0.0029373494908213615, -0.004854993429034948, 0.0013690792256966233, -0.7294156551361084, -0.3830385208129883, -0.04042438417673111, -0.00023872054589446634, -0.007075261790305376, -0.003428356721997261, 0.4586624801158905, 0.5301890969276428, 0.6110066175460815, -0.8466208577156067, -0.5410298109054565, -1.0, -0.5012438297271729, -1.0, -0.34051379561424255, -0.38086336851119995, -1.0, 1.0, 1.0, -0.8752937912940979, -1.0, -1.0, -1.0, -0.37547045946121216, 1.0, 1.0]
[0.5148619413375854, 0.17307062447071075, 0.45630860328674316, -0.6643474102020264, -0.45661574602127075, -0.5984708666801453, -0.26057934761047363, -0.7366253137588501, -0.9939953088760376, -0.9579677581787109, 0.1559402197599411, -0.4561605453491211, -0.8749950528144836, -0.7577821016311646, -0.005552798975259066, 0.16957180202007294, -0.9450395703315735, -0.802401602268219, -0.8113395571708679, -0.4216562807559967, -0.8288105130195618, 0.04012091085314751, 0.528876781463623, 0.9184614419937134, -0.14930689334869385, -0.18589437007904053, 0.3767344355583191, -0.5187844038009644, 0.7455725073814392, 0.4407060146331787, -0.2593633532524109, 0.27016451954841614, -0.001030237996019423, -0.00044359383173286915, -0.07335229218006134, 0.5400654673576355, -0.3005125820636749, -0.13994000852108002, 0.06698500365018845, -0.17658933997154236, 0.5350082516670227, -0.4471518099308014, -0.17195141315460205, -0.6196673512458801, -0.1680554300546646, -0.046545855700969696, 0.5745581388473511, 0.15021781623363495, -2.8130030632019043, -2.8319168090820312, -0.07713443785905838, -0.18521815538406372, -0.01271962933242321, 0.023243967443704605, -0.336549311876297, -0.2594074308872223, -0.0944400206208229, -0.031222792342305183, -0.032894741743803024, 0.005072561092674732, 0.02256331779062748, 0.012338124215602875, -0.45155760645866394, -0.02242237515747547, -0.138802170753479, -0.033826544880867004, -0.008249152451753616, 0.11825542151927948, -0.07202957570552826, -0.015318762511014938, -0.06861431151628494, -0.02451479062438011, -0.010004254058003426, -0.3943733274936676, 0.5130133628845215, 0.26545336842536926, 0.640312135219574, -0.6987872123718262, 0.17672370374202728, -0.13529589772224426, 0.07805461436510086, -0.0931343212723732, -0.5835479497909546, -5.25060510635376, 0.1865319460630417, 0.0, -0.38999998569488525, 0.47999998927116394, -0.22206895053386688, -0.6671021580696106, 0.6765443682670593, 0.2189696580171585, 0.13033396005630493, 0.28251370787620544, -0.23768357932567596, -0.9201660752296448, -0.04054085165262222, -0.4474989175796509, 0.5173689723014832, -0.020347315818071365, -0.27882030606269836, 0.9575439095497131, 0.0703905001282692, 0.020771879702806473, -0.02088262513279915, -0.2167816013097763, -2.375638008117676, 0.47033077478408813, -1.138816475868225, -0.0022497507743537426, -0.4572696387767792, 0.5041942000389099, 0.03181961178779602, -0.6154347062110901, 0.7864880561828613, -0.040793247520923615, 0.2663154900074005, 0.01657506451010704, -0.05719902366399765, -0.40772733092308044, -0.11664529144763947, 2.0433268547058105, 0.010003875009715557, -0.44743654131889343, 0.5209000110626221, -0.008647388778626919, -0.41539013385772705, 0.9094027280807495, 0.01905146986246109, 0.18226097524166107, 0.03737564757466316, -0.014592313207685947, 0.4324292838573456, 0.04066760838031769, 1.1129999160766602, 0.025441747158765793, -0.44237709045410156, 0.5247297883033752, -0.14665620028972626, -0.4784158766269684, 0.862558126449585, -0.07485691457986832, 0.1676933914422989, 0.016075819730758667, 0.009612053632736206, 0.8581930994987488, -0.0715305283665657, 1.701650857925415, -0.08886732161045074, -0.36067360639572144, 0.5018585324287415, -0.4711947441101074, -0.5232614874839783, 0.6824129819869995, 0.19617700576782227, 0.034268818795681, 0.0009176665917038918, -0.26124855875968933, 0.31053245067596436, -4.274046421051025, -2.019380807876587, -0.46889010071754456, 0.055107131600379944, -0.589180052280426, 0.02407057397067547, -0.0011040365789085627, 0.00015907062334008515, -1.8206257820129395, 1.4478849172592163, -0.09851168096065521, -0.009504520334303379, -0.01682225428521633, 0.004501252435147762, -0.21177522838115692, -0.22672852873802185, -0.2789175510406494, 0.008937196806073189, 0.0015258201165124774, -0.00176272913813591, -0.14445656538009644, 0.6441266536712646, -0.4032098948955536, 0.0014127475442364812, -0.001119730994105339, -0.006068890914320946, -1.0167934894561768, 0.3469812572002411, -0.1400567889213562, 0.0025282567366957664, -0.008246093057096004, -0.023039085790514946, 0.012578390538692474, -0.1360517144203186, 1.0, -1.0, 0.10782969743013382, -1.0, -0.6440134644508362, -1.0, -1.0, 0.026410583406686783, -1.0, 0.41372770071029663, 1.0, -0.32733872532844543, -1.0, -0.5689754486083984, -0.9607181549072266, -0.012282139621675014, 1.0, 1.0]
[0.42535701394081116, 0.09509456157684326, 0.5521341562271118, -0.710371196269989, -0.4317791759967804, -0.5415494441986084, -0.3032379746437073, -0.6859912872314453, -0.9927980303764343, -0.9573283195495605, 0.13447174429893494, -0.4008616805076599, -0.9006102085113525, -0.7700892090797424, -0.08115031570196152, 0.13367916643619537, -0.8390957117080688, -0.8462163805961609, -0.82908695936203, -0.39761868119239807, -0.799202561378479, 0.026483498513698578, 0.6131716966629028, 0.9332043528556824, -0.47104930877685547, -0.7946356534957886, 0.3949504792690277, -0.39439088106155396, -0.04953359439969063, 0.4017817974090576, -0.12548057734966278, 0.5275217890739441, 0.01645888201892376, 0.010080757550895214, -0.11502047628164291, 0.5100831389427185, -0.21138465404510498, -0.10172796249389648, -0.5793307423591614, -0.10066526383161545, 1.2143380641937256, -0.3760360777378082, -0.15688353776931763, 0.7848048210144043, 0.417589396238327, -0.02179768867790699, 0.48552289605140686, 0.12731727957725525, -7.983508586883545, -7.340836048126221, -0.3071916699409485, -0.4105928838253021, -0.18603606522083282, -0.07729057967662811, -0.26378655433654785, -0.47915056347846985, -0.16722047328948975, -0.053496815264225006, -0.2936665415763855, -0.4542475938796997, -0.1566508710384369, -0.048869840800762177, -1.014773964881897, -0.10859798640012741, -0.4861304759979248, -0.1472252458333969, -0.04198557883501053, 0.17869240045547485, -0.13569948077201843, -0.04711093753576279, -0.12119270861148834, -0.03888174518942833, -0.012340264394879341, -0.3936343789100647, 0.5099802017211914, 0.4012008309364319, 0.5775334239006042, -0.6368646621704102, 0.3160637617111206, -0.1390983909368515, 0.033005330711603165, -0.21181966364383698, -0.38312119245529175, -5.257266998291016, 0.09235678613185883, 0.0, -0.38999998569488525, 0.47999998927116394, -0.22206895053386688, -0.6671021580696106, 0.6765443682670593, 0.2189696580171585, 0.1921655386686325, 0.46731138229370117, -0.2138955295085907, -0.8360269665718079, -0.03727181255817413, -0.4499371647834778, 0.5081655979156494, -0.017427591606974602, -0.28738024830818176, 0.9548012614250183, 0.07391472160816193, 0.3314707279205322, -0.25583383440971375, -0.7907790541648865, 4.177834510803223, 0.18781092762947083, 0.38909733295440674, 0.004357580095529556, -0.4570917785167694, 0.49920910596847534, 0.04322958365082741, -0.616633951663971, 0.783840000629425, -0.05906505137681961, 0.5526078343391418, 0.009296826086938381, -0.498058021068573, 1.2301182746887207, -0.29991045594215393, 2.970522165298462, 0.015919771045446396, -0.44730713963508606, 0.5158913731575012, -0.0003048964717891067, -0.4302423298358917, 0.9027074575424194, 0.003262016223743558, 0.525352954864502, -0.03967349976301193, -0.5236698389053345, 2.9869208335876465, 0.11891520023345947, 2.9320054054260254, 0.03097846731543541, -0.44218114018440247, 0.5204232335090637, -0.12827788293361664, -0.4925402104854584, 0.8571545481681824, -0.07896115630865097, 0.49936455488204956, -0.01456205639988184, -0.47300484776496887, 2.1552064418792725, 2.6159889698028564, 1.8659741878509521, -0.086670882999897, -0.3621576726436615, 0.49943438172340393, -0.4685567617416382, -0.5376465916633606, 0.6643372774124146, 0.2237110137939453, 0.18567101657390594, -0.12358352541923523, -0.13291841745376587, 6.0165300369262695, 3.231266975402832, -1.1776729822158813, -1.8161165714263916, 2.482241630554199, -1.8261635303497314, -0.040056951344013214, -0.0069921910762786865, 0.006135343108326197, -1.4307969808578491, 2.6764132976531982, -0.23634719848632812, -0.01335061714053154, -0.004227130673825741, 0.0025585764087736607, -1.7409420013427734, 2.2860512733459473, -1.330174207687378, -0.01457907073199749, -0.007381821516901255, 0.0052531203255057335, -0.6867249011993408, 2.399150848388672, -1.182783603668213, -0.005998320411890745, -0.003739528823643923, -0.00846987683326006, -1.7577049732208252, 0.46030595898628235, -0.4538428783416748, 0.007904494181275368, -0.01075846329331398, -0.03584415093064308, -1.0, -1.0, 1.0, -1.0, -0.6279433369636536, -1.0, -0.38232722878456116, -1.0, -1.0, -0.13922658562660217, -1.0, -0.6859197020530701, 1.0, 0.1453874409198761, -1.0, 0.1590217649936676, -0.36014580726623535, -0.011408216319978237, 1.0, 1.0]
[0.28264105319976807, -0.03677159547805786, 0.6473249793052673, -0.748900830745697, -0.4496157765388489, -0.5269978642463684, -0.3513428568840027, -0.6272649765014648, -0.9917745590209961, -0.9564379453659058, 0.10225449502468109, -0.33741724491119385, -0.9163175821304321, -0.7774976491928101, -0.2636130452156067, 0.12234070897102356, -0.6717360615730286, -0.8871066570281982, -0.846998929977417, -0.26683130860328674, -0.7104199528694153, 0.019714947789907455, 0.6839470863342285, 0.9403021931648254, -0.5939657688140869, -1.0220931768417358, 0.35186517238616943, -0.3707897365093231, -0.23706169426441193, -0.007228195667266846, -0.2620299160480499, 0.5535715818405151, 0.003541845828294754, 0.005967064294964075, -0.16662468016147614, 0.6328748464584351, -0.09829819202423096, -0.042012497782707214, -0.9955272674560547, 0.004949662368744612, 1.7087433338165283, -0.3809674084186554, -0.17568287253379822, 2.050605058670044, 0.7651614546775818, -0.005997576750814915, 0.40465018153190613, 0.031738147139549255, -3.1821300983428955, -2.254270076751709, -0.18444843590259552, -0.1338544487953186, -0.05781865864992142, -0.028658196330070496, -0.19059786200523376, -0.1578550785779953, -0.05708027631044388, -0.01880357787013054, -0.14847919344902039, -0.10558765381574631, -0.022564269602298737, -0.0028358548879623413, -0.41635093092918396, -0.030944662168622017, -0.1733953058719635, -0.055048372596502304, -0.01702132448554039, 0.13279989361763, 0.0465875044465065, 0.025018226355314255, -0.08583372831344604, -0.033191703259944916, -0.011010960675776005, -0.3954777419567108, 0.5041717290878296, 0.5840852856636047, 0.4209790527820587, -0.44721925258636475, 0.5306749939918518, 0.14650070667266846, -0.14482618868350983, -0.37772220373153687, -0.26818111538887024, -8.2907133102417, 0.8764444589614868, 0.0, -0.38999998569488525, 0.47999998927116394, -0.22206895053386688, -0.6671021580696106, 0.6765443682670593, 0.2189696580171585, 0.2592732906341553, 0.7420421838760376, -0.1607944518327713, -0.5969051122665405, -0.03069993294775486, -0.45275434851646423, 0.49348071217536926, -0.010259459726512432, -0.3396029770374298, 0.9379125833511353, 0.06988923996686935, 0.47753751277923584, -0.2393435835838318, -1.0368025302886963, 8.118792533874512, 0.20926065742969513, 1.1493099927902222, 0.014364205300807953, -0.45622241497039795, 0.4893464744091034, 0.05920092388987541, -0.6270726323127747, 0.7720239758491516, -0.085171177983284, 0.7322949767112732, 0.09380357712507248, -0.6929357647895813, 2.3481223583221436, -0.3036676049232483, 4.230185508728027, 0.025261903181672096, -0.4466962218284607, 0.5064103603363037, 0.013330123387277126, -0.45094332098960876, 0.8921967148780823, -0.021387023851275444, 0.669500470161438, 0.051831647753715515, -0.6497393846511841, 2.640101194381714, 0.2230423241853714, 3.8088090419769287, 0.0398886501789093, -0.441116064786911, 0.5112897753715515, -0.09407173097133636, -0.510398268699646, 0.8515511751174927, -0.07419370114803314, 0.6569287180900574, 0.09182391315698624, -0.6410164833068848, 2.020087242126465, 4.521151542663574, 2.0439453125, -0.08220795542001724, -0.3654400110244751, 0.4990230202674866, -0.4084463119506836, -0.5655719637870789, 0.6547998189926147, 0.2907524108886719, 0.34204256534576416, -0.2638573944568634, 0.10124766826629639, 9.138911247253418, 10.258830070495605, 0.8587695360183716, -1.0245869159698486, 0.8323378562927246, -0.5935512781143188, -0.01617312617599964, -0.004731076769530773, 0.005345272831618786, -1.0410561561584473, 0.8923441171646118, -0.06375118345022202, -0.005418415181338787, -0.006687941029667854, 0.002368377987295389, -0.8884150385856628, 0.3530188202857971, -0.3689071834087372, 0.002459427574649453, -0.00452942680567503, 0.0034783771261572838, -0.40299052000045776, 0.9150403738021851, -0.5037147998809814, -0.003295720089226961, -0.002116953022778034, -0.005817720200866461, -1.379671335220337, -0.5981721878051758, -0.29676616191864014, 0.009715036489069462, -0.011116965673863888, -0.022420335561037064, -1.0, -1.0, 0.9664771556854248, -1.0, -0.6350665092468262, -1.0, -0.30309417843818665, -1.0, -1.0, -0.0767330527305603, -1.0, -1.0, 1.0, 0.6868000030517578, -1.0, 0.838468611240387, -0.02571868896484375, 0.04981004446744919, 1.0, 0.937091588973999]
[0.11591099202632904, -0.1828787475824356, 0.7010221481323242, -0.7634826898574829, -0.47752276062965393, -0.5335068702697754, -0.4152061641216278, -0.5908640027046204, -0.9915147423744202, -0.9558719396591187, 0.011321338824927807, -0.33505529165267944, -0.9240484237670898, -0.7793343663215637, -0.4439903497695923, 0.16942709684371948, -0.47981780767440796, -0.9193195700645447, -0.8626011610031128, -0.17183881998062134, -0.579889178276062, 0.08025187999010086, 0.7413668632507324, 0.9395005106925964, -0.6445981860160828, -1.0399621725082397, 0.15735284984111786, -0.020115656778216362, -0.26938363909721375, -0.08592536300420761, -0.31129488348960876, 0.2352859526872635, -0.0026207787450402975, 0.0030940284486860037, -0.5452083945274353, -0.36496222019195557, -0.07965803146362305, -0.015083673410117626, -0.6942598223686218, 0.37626999616622925, 1.8494144678115845, -0.22972296178340912, -0.11357438564300537, 0.7087225914001465, 1.0317249298095703, 0.23554258048534393, 0.3184314966201782, -0.030412334948778152, -0.6502951383590698, 0.18701569736003876, -0.09858403354883194, 0.11293121427297592, 0.044640861451625824, 0.014299311675131321, -0.07855821400880814, -0.0831131637096405, -0.036261823028326035, -0.013483704999089241, -0.16400384902954102, -0.32265618443489075, -0.1412028670310974, -0.05202131345868111, 0.2770184874534607, 0.2273889034986496, 0.2138444185256958, 0.0985751673579216, 0.037694577127695084, -0.17321117222309113, 0.024313628673553467, 0.032096993178129196, 0.0328390896320343, 0.00540085369721055, -0.00759735144674778, -0.3972322940826416, 0.497073233127594, 0.7059757709503174, 0.2330607920885086, -0.20201589167118073, 0.637550413608551, 0.37371736764907837, 0.023455902934074402, -0.39347171783447266, 0.7142455577850342, -6.979417324066162, 0.05825766921043396, 0.0, -0.38999998569488525, 0.47999998927116394, -0.22206895053386688, -0.6671021580696106, 0.6765443682670593, 0.2189696580171585, 0.27325665950775146, 0.9091070294380188, -0.056364044547080994, -0.3093191683292389, -0.021683238446712494, -0.45400089025497437, 0.47844111919403076, 0.003430768847465515, -0.39689338207244873, 0.9161112904548645, 0.056602537631988525, 0.6100337505340576, -0.08916199207305908, -0.9404275417327881, 6.992794036865234, 0.7086953520774841, 2.3541862964630127, 0.026070043444633484, -0.4539487063884735, 0.4769481420516968, 0.07933418452739716, -0.6466208696365356, 0.7498157024383545, -0.11560188978910446, 0.7919558882713318, 0.19407640397548676, -0.8355181217193604, 4.06514835357666, 0.05327698588371277, 4.707810401916504, 0.03722400218248367, -0.44571709632873535, 0.4926246404647827, 0.033341195434331894, -0.49076414108276367, 0.8687092661857605, -0.058164551854133606, 0.8578672409057617, 0.017670471221208572, -1.0498149394989014, 7.508467674255371, 0.39389556646347046, 5.888019561767578, 0.04913043603301048, -0.43784987926483154, 0.5021384954452515, -0.05988326296210289, -0.5189679265022278, 0.850121259689331, -0.06618137657642365, 0.5305856466293335, 0.26994237303733826, -0.4734079837799072, -0.35298439860343933, 3.4936721324920654, 0.7218027710914612, -0.07588116079568863, -0.3696901798248291, 0.5000041127204895, -0.3426942527294159, -0.5738467574119568, 0.6629759073257446, 0.33722883462905884, 0.44993719458580017, -0.2985163629055023, 0.14847946166992188, 2.1525344848632812, 7.3052287101745605, 2.2322747707366943, -0.5113444924354553, -0.5264319181442261, 0.3384779095649719, 0.006402832455933094, -0.0029289128724485636, 0.004218653775751591, -0.45363500714302063, 0.48094186186790466, 0.023757638409733772, -0.0062695760279893875, -0.0037645373959094286, 0.001150597119703889, -1.0125255584716797, 1.8834573030471802, -0.3259168565273285, -0.023769453167915344, -0.009075178764760494, 0.008527509868144989, 1.1046748161315918, -1.4026533365249634, 0.2999204993247986, 0.01665477640926838, 0.014936971478164196, 0.0023221857845783234, 0.29938334226608276, -0.10823819786310196, 0.01976906880736351, -0.0007879291661083698, 0.0006107197841629386, 0.02816869132220745, -1.0, -1.0, 0.7724884748458862, -0.6796759366989136, -0.6259688138961792, -1.0, -0.4722942113876343, -1.0, -1.0, -0.8450641632080078, -1.0, -1.0, 1.0, 0.7173762321472168, -1.0, -0.038988176733255386, 0.2948695421218872, 0.7929913401603699, 1.0, 0.9092801809310913]
[-0.007667156867682934, -0.324309378862381, 0.734577476978302, -0.655389130115509, -0.4686127007007599, -0.5384283065795898, -0.5022922158241272, -0.5703182220458984, -0.9925940036773682, -0.9559900164604187, -0.14154180884361267, -0.40525728464126587, -0.9337601661682129, -0.781708836555481, -0.5307560563087463, 0.27192145586013794, -0.36079204082489014, -0.9363625049591064, -0.8706666231155396, -0.21214060485363007, -0.4682793617248535, 0.20721210539340973, 0.781829833984375, 0.94223952293396, -0.3310740292072296, -0.9596068263053894, 0.13433955609798431, 1.5628830194473267, 0.28405284881591797, 0.02095191180706024, -0.39278003573417664, 0.17959462106227875, -0.01579633168876171, -0.004571753088384867, -0.6642557382583618, -0.8250061869621277, -0.09891080111265182, -0.028276313096284866, -0.2542705535888672, 0.4493488371372223, 0.7002251744270325, -0.12395552545785904, -0.053471922874450684, -1.1381500959396362, 0.6683401465415955, 0.3458380401134491, 0.21786658465862274, 0.05547800287604332, 8.274462699890137, 1.532958984375, 0.3101027309894562, 0.4829091429710388, 0.23622772097587585, 0.09218831360340118, 0.3026956617832184, 0.09767382591962814, 0.03335833549499512, 0.010459532961249352, 0.30181851983070374, -0.035063862800598145, -0.021322472020983696, -0.009492955170571804, 0.5171315670013428, 0.32381677627563477, -0.11594018340110779, -0.05752500146627426, -0.022447502240538597, -0.3277721703052521, -0.20271211862564087, -0.10181083530187607, 0.22184433043003082, 0.07131697237491608, -0.001072620041668415, -0.39730679988861084, 0.4893781840801239, 0.763130247592926, 0.10582694411277771, -0.04387069493532181, 0.6360095739364624, 0.3710733950138092, 0.008968908339738846, -0.5229495763778687, 1.1543786525726318, -4.786204814910889, -0.04834553226828575, 0.0, -0.38999998569488525, 0.47999998927116394, -0.22206895053386688, -0.6671021580696106, 0.6765443682670593, 0.2189696580171585, 0.26600995659828186, 0.9540054202079773, 0.04568988457322121, -0.1304786056280136, -0.014518413692712784, -0.45260295271873474, 0.47114577889442444, 0.020631294697523117, -0.39374402165412903, 0.917829692363739, 0.04613751918077469, 0.3471181094646454, 0.19518595933914185, -0.13469451665878296, -4.607952117919922, 1.7350711822509766, 1.6637343168258667, 0.035284675657749176, -0.4504604935646057, 0.46430593729019165, 0.09742548316717148, -0.6693341732025146, 0.7224747538566589, -0.14328381419181824, 0.46568620204925537, 0.24472932517528534, -0.7755597829818726, 4.075113773345947, 0.02465137466788292, 3.4933533668518066, 0.04789097607135773, -0.4440104067325592, 0.47535213828086853, 0.05610015243291855, -0.552192747592926, 0.8261500597000122, -0.09701501578092575, 0.5885373950004578, 0.10135836899280548, -1.1908190250396729, 9.54181957244873, 0.944913923740387, 4.890443801879883, 0.05437028408050537, -0.4347621500492096, 0.4925591051578522, -0.04167216271162033, -0.533021092414856, 0.8433796763420105, -0.05350345000624657, 0.19373789429664612, 0.12591944634914398, -0.6491220593452454, 2.900728464126587, 2.33164644241333, -0.4880725145339966, -0.07192299515008926, -0.37158307433128357, 0.49908334016799927, -0.33267396688461304, -0.5627042651176453, 0.6753102540969849, 0.34153762459754944, 0.10893978923559189, 0.0007029678672552109, -0.10951091349124908, -2.840862512588501, -0.8453331589698792, -0.7566856145858765, 1.7765309810638428, -2.9202446937561035, 1.6023039817810059, 0.0483846478164196, 0.006756880320608616, -0.004979035817086697, 1.6859455108642578, -0.5654863119125366, -0.13183477520942688, 0.0019772369414567947, 0.007221859879791737, -0.0010922576766461134, 1.6744662523269653, 0.24374985694885254, 0.1938813179731369, -0.005836707539856434, 0.006725146435201168, -0.0032136973459273577, 1.9381418228149414, 0.7190061211585999, 0.6355207562446594, -0.011662411503493786, 0.012243522331118584, 0.0022011417895555496, 3.244764566421509, 1.6601636409759521, 0.9637918472290039, -0.01685640588402748, 0.01940075494349003, 0.029718980193138123, 0.2429671287536621, -1.0, 1.0, 0.6419638395309448, -0.1666300892829895, -1.0, -0.4476378560066223, -1.0, -1.0, -1.0, -1.0, -0.6368785500526428, 1.0, -0.15133681893348694, -1.0, -1.0, -0.07192456722259521, 1.0, 1.0, 1.0]
[-0.03529452532529831, -0.392880916595459, 0.7612184882164001, -0.45220768451690674, -0.37262386083602905, -0.516249418258667, -0.5815770030021667, -0.575274646282196, -0.9963672757148743, -0.9575198292732239, -0.2586444020271301, -0.49601131677627563, -0.947170615196228, -0.7863841652870178, -0.5283689498901367, 0.3738793432712555, -0.3840487003326416, -0.9482805728912354, -0.8753708004951477, -0.31713536381721497, -0.461780309677124, 0.3149564862251282, 0.8118787407875061, 0.9489545822143555, 0.06611072272062302, -0.2306542843580246, 0.10434432327747345, 2.0916171073913574, 1.2240012884140015, 0.5528721213340759, -0.26996561884880066, -0.14364051818847656, -0.036519214510917664, -0.01784496381878853, -0.38161665201187134, -0.8063037991523743, -0.12702707946300507, -0.050158657133579254, 0.18036438524723053, 0.40606483817100525, -0.6812720894813538, -0.10289930552244186, -0.03954597935080528, -1.3876311779022217, -0.2867530286312103, 0.21548128128051758, 0.17705582082271576, 0.06813926994800568, 10.234966278076172, 10.431629180908203, 0.3847607672214508, 0.6901904940605164, 0.28330957889556885, 0.12455877661705017, 0.43961578607559204, 0.5964219570159912, 0.20383180677890778, 0.06406435370445251, 0.4586257040500641, 0.6902443766593933, 0.24638421833515167, 0.07886190712451935, 1.2719144821166992, 0.27324822545051575, 0.3344714343547821, 0.09494983404874802, 0.024505581706762314, -0.1819872260093689, 0.035344161093235016, -0.028513632714748383, 0.17364126443862915, 0.05338682234287262, 0.005318149924278259, -0.3967675268650055, 0.47949686646461487, 0.7987048029899597, 0.024703767150640488, 0.0601322278380394, 0.5982009172439575, 0.3761551082134247, 0.029080098494887352, -0.6500141620635986, 1.4452165365219116, -3.411182403564453, -0.1414235383272171, 0.0, -0.38999998569488525, 0.47999998927116394, -0.22206895053386688, -0.6671021580696106, 0.6765443682670593, 0.2189696580171585, 0.25090643763542175, 0.958183228969574, 0.1357894390821457, -0.022177528589963913, -0.012292074039578438, -0.44900932908058167, 0.4771516025066376, 0.03199325501918793, -0.29376959800720215, 0.9543215036392212, 0.044117484241724014, 0.018755417317152023, 0.4919264614582062, 0.8135550022125244, -18.134124755859375, 1.5789376497268677, 0.88632732629776, 0.03848045691847801, -0.44833019375801086, 0.4574373960494995, 0.10633404552936554, -0.68515944480896, 0.7030880451202393, -0.15785035490989685, 0.026179391890764236, 0.07366477698087692, -0.2636111378669739, 2.1407175064086914, 0.12253916263580322, 0.9980012774467468, 0.0521460585296154, -0.4427729547023773, 0.4637182056903839, 0.07002004981040955, -0.6019832491874695, 0.7868803143501282, -0.11633003503084183, 0.08829770237207413, 0.0329350009560585, -0.5647033452987671, 5.985293865203857, 0.9204879999160767, 1.6131879091262817, 0.05390903353691101, -0.43472278118133545, 0.4847467243671417, -0.042929258197546005, -0.5640333890914917, 0.8237414360046387, -0.03838459774851799, -0.21878841519355774, -0.09994058310985565, -0.44029220938682556, 5.051295757293701, 0.08699080348014832, -2.052267551422119, -0.07286004722118378, -0.3702097237110138, 0.49574699997901917, -0.3732158839702606, -0.5519322156906128, 0.6699250936508179, 0.3275378942489624, -0.20751705765724182, 0.20173640549182892, -0.29903823137283325, -2.560093641281128, -5.644588947296143, -3.2575252056121826, 2.3865697383880615, -3.698410749435425, 3.0920705795288086, 0.06908261775970459, 0.011915791779756546, -0.005192863754928112, 2.4399466514587402, -3.331366539001465, 0.47707968950271606, 0.014093860983848572, 0.013249631971120834, -0.006135523319244385, 2.5825886726379395, -3.681260108947754, 1.6120166778564453, 0.02364300936460495, 0.013870561495423317, -0.00825683493167162, 1.8455816507339478, -1.6299599409103394, 1.8753527402877808, 5.618459908873774e-05, 0.011871090158820152, 0.005761587992310524, 2.5130233764648438, 0.3460727632045746, 1.1894433498382568, -0.013817990198731422, 0.013178451918065548, 0.012493778020143509, 1.0, 0.48029476404190063, 1.0, 1.0, 0.5493807196617126, -1.0, -0.5590164661407471, -1.0, -0.43197667598724365, -1.0, -1.0, 0.05629570037126541, 1.0, -1.0, -1.0, -1.0, -0.9209439158439636, 0.6637322902679443, 1.0, 1.0]
[0.007328480947762728, -0.36665427684783936, 0.7886115908622742, -0.2542496621608734, -0.20958830416202545, -0.39102813601493835, -0.5910449028015137, -0.6035861968994141, -1.0000008344650269, -0.959764301776886, -0.2662184536457062, -0.5331809520721436, -0.9619875550270081, -0.7927391529083252, -0.4931224584579468, 0.46920469403266907, -0.4746876358985901, -0.9595392346382141, -0.8798072934150696, -0.42460155487060547, -0.5269027948379517, 0.3481302857398987, 0.84004145860672, 0.9564443230628967, 0.24601617455482483, 0.3979671597480774, 0.1159747987985611, 1.7196931838989258, 1.6644190549850464, 1.6808500289916992, 0.1483139544725418, -0.09837823361158371, 2.0669118384830654e-05, -0.02124146744608879, 0.015276617370545864, -0.24545808136463165, -0.11810499429702759, -0.0546518974006176, 0.18285416066646576, 0.37753570079803467, -0.8996677398681641, -0.09932547062635422, -0.04102040454745293, -1.2863290309906006, -0.5560334920883179, 0.01098422147333622, 0.1706816554069519, 0.06950587034225464, 3.3799614906311035, 7.948975563049316, 0.1303814798593521, 0.3224650025367737, 0.08512262254953384, 0.059488944709300995, 0.22900161147117615, 0.7482050657272339, 0.2908358573913574, 0.09945661574602127, 0.061811767518520355, 0.3921070694923401, 0.13887104392051697, 0.04404149204492569, 0.7083033323287964, 0.036383822560310364, 0.4255143404006958, 0.1511281579732895, 0.04869244620203972, -0.02882106602191925, 0.24987660348415375, 0.08209333568811417, 0.023789241909980774, 0.005714458413422108, 0.0044616772793233395, -0.3971981406211853, 0.4748370051383972, 0.8082262277603149, -0.15480884909629822, 0.1819775104522705, 0.538227379322052, -0.35376840829849243, -0.06038690358400345, 0.12822912633419037, 1.9060014486312866, -6.456700325012207, -2.499913215637207, 0.0, -0.38999998569488525, 0.47999998927116394, -0.22206895053386688, -0.6671021580696106, 0.6765443682670593, 0.2189696580171585, 0.27983811497688293, 0.9123666882514954, 0.2492605596780777, 0.1647626906633377, -0.013794764876365662, -0.4428706467151642, 0.49154651165008545, 0.03841957077383995, -0.09985155612230301, 0.9930662512779236, 0.04871273785829544, -0.13107483088970184, 0.8441266417503357, 1.040907382965088, -27.12285614013672, 2.0381736755371094, 0.44773003458976746, 0.03628869727253914, -0.4492036700248718, 0.4583543837070465, 0.10472658276557922, -0.6895186305046082, 0.7000586986541748, -0.1533432900905609, -0.29631927609443665, -0.1351422667503357, 0.30458736419677734, -1.4410874843597412, 0.09297166019678116, -1.8921700716018677, 0.04998016729950905, -0.4439495801925659, 0.4638776183128357, 0.0687580481171608, -0.6141545176506042, 0.7783030271530151, -0.11104502528905869, -0.2386564016342163, -0.12540704011917114, 0.2149788737297058, 0.05850309133529663, 0.20810550451278687, -1.2411949634552002, 0.04954007640480995, -0.43666404485702515, 0.4827186167240143, -0.05833330377936363, -0.5896533131599426, 0.8052223920822144, -0.02286871336400509, -0.3762231469154358, -0.14637279510498047, -0.01719372160732746, 3.0452077388763428, -0.8634127974510193, -2.673140525817871, -0.0760262981057167, -0.36747750639915466, 0.49240824580192566, -0.4348403215408325, -0.5411903262138367, 0.6528008580207825, 0.30311378836631775, -0.23799185454845428, 0.2300957590341568, -0.2530946731567383, -3.5380897521972656, -7.333919525146484, -3.364567279815674, 0.9186437726020813, -1.1456433534622192, 1.7935560941696167, 0.04230429232120514, 0.005629564635455608, -0.002941527869552374, 1.2565808296203613, -4.353616714477539, 0.5137320756912231, 0.03415237367153168, 0.00983609352260828, -0.006075833924114704, 0.36226150393486023, -2.1535897254943848, 0.9668998718261719, 0.011737643741071224, -0.000609728682320565, -9.872020746115595e-05, 0.26093968749046326, -2.3184008598327637, 1.0748968124389648, 0.013916434720158577, 0.0017111666966229677, 0.0030228709802031517, 0.27337297797203064, -1.0764846801757812, 0.3907105326652527, -0.001087163807824254, 0.0013404899509623647, 0.007755305152386427, 1.0, 1.0, 1.0, 0.7567629814147949, 0.8493156433105469, -1.0, -0.5432895421981812, -1.0, 1.0, -0.46708694100379944, -1.0, -0.08402090519666672, 1.0, -1.0, -1.0, -1.0, -1.0, 0.26076507568359375, 1.0, 1.0]
[0.039014462381601334, -0.3176337480545044, 0.8278795480728149, -0.21864721179008484, -0.03802541270852089, -0.18664176762104034, -0.5811389088630676, -0.5807002782821655, -1.0000019073486328, -0.9608885049819946, -0.24379780888557434, -0.4568231999874115, -0.9741196036338806, -0.798493504524231, -0.48531854152679443, 0.5004534125328064, -0.4250792860984802, -0.9719263911247253, -0.88541179895401, -0.358809232711792, -0.45901960134506226, 0.3393537104129791, 0.8737525343894958, 0.9651606678962708, 0.014530177228152752, 0.34391000866889954, 0.16988475620746613, -0.43500709533691406, 1.5237925052642822, 1.9792801141738892, 0.02374819666147232, 0.4318760335445404, 2.377238888584543e-05, -0.006099080201238394, 0.10885156691074371, 1.1846001148223877, -0.09563060849905014, -0.047154609113931656, -0.13759757578372955, 0.0979793518781662, 1.1417537927627563, -0.10077120363712311, -0.04978294298052788, 1.9397341012954712, 1.0806139707565308, -0.011439762078225613, 0.2075062245130539, 0.07996413111686707, -6.4752607345581055, 0.25439944863319397, -0.15209107100963593, -0.5404872894287109, -0.25870370864868164, -0.09211748838424683, -0.23963356018066406, 0.18162530660629272, 0.07886157929897308, 0.029439589008688927, -0.30259910225868225, 0.402568519115448, 0.1770942211151123, 0.0658438503742218, -0.40004754066467285, -0.20223471522331238, 0.34346944093704224, 0.1639837622642517, 0.06368421018123627, 0.4927588105201721, 0.7449937462806702, 0.3964973986148834, -0.29660674929618835, -0.09637816250324249, 0.0020561921410262585, -0.3979719281196594, 0.4788811206817627, 0.827481746673584, -0.15858294069766998, 0.16236631572246552, 0.5135782361030579, -0.021939702332019806, -0.09361208230257034, 0.19327805936336517, 0.8805028796195984, -0.27428025007247925, -0.2856421172618866, 0.0, -0.38999998569488525, 0.47999998927116394, -0.22206895053386688, -0.6671021580696106, 0.6765443682670593, 0.2189696580171585, 0.2942166328430176, 0.9037689566612244, 0.27532604336738586, 0.14433905482292175, -0.015589060261845589, -0.4387788474559784, 0.49925193190574646, 0.045466337352991104, 0.07534733414649963, 0.9946526885032654, 0.05405121296644211, -0.012790439650416374, 0.37572401762008667, 0.15026311576366425, -16.9151554107666, 1.8204283714294434, 0.3709716498851776, 0.03420078754425049, -0.4504634737968445, 0.4643387496471405, 0.09974861145019531, -0.6736279129981995, 0.7169185280799866, -0.14934292435646057, -0.02977188117802143, -0.046902380883693695, 0.48847052454948425, -3.6947021484375, -0.9810882210731506, -0.3134390115737915, 0.04752201586961746, -0.44483745098114014, 0.47245535254478455, 0.061632368713617325, -0.5849510431289673, 0.8018174767494202, -0.10546234995126724, -0.07932908833026886, 0.025648314505815506, 0.7743881344795227, -6.772441864013672, -1.3890432119369507, -0.7294917106628418, 0.046688053756952286, -0.43667173385620117, 0.48965972661972046, -0.06655759364366531, -0.5672174096107483, 0.8207215666770935, -0.015829330310225487, -0.07678352296352386, 0.11685766279697418, 0.677541196346283, -6.242391109466553, 0.6646466255187988, -1.0129562616348267, -0.07665807753801346, -0.36650988459587097, 0.49795180559158325, -0.4222114682197571, -0.5190619230270386, 0.6678754687309265, 0.32596707344055176, 0.0781552642583847, -0.005422699265182018, 0.769984245300293, 0.007411561906337738, 10.268880844116211, -0.506437361240387, -1.2515722513198853, 2.6164989471435547, -2.6618289947509766, -0.0528700090944767, 4.554571569315158e-05, 0.006860588677227497, -1.3658056259155273, -1.0692182779312134, 0.270303875207901, 0.013401312753558159, -0.006206226535141468, 8.290297409985214e-05, -1.7753140926361084, -2.4016895294189453, 0.3480249345302582, 0.029818516224622726, -0.010433655232191086, 0.0042464821599423885, -1.286330223083496, -2.1694328784942627, -0.41143685579299927, 0.031142722815275192, -0.007344619370996952, -0.010083897039294243, -4.183787822723389, -5.867431640625, -1.000228762626648, 0.052385907620191574, -0.029437579214572906, -0.03788236156105995, -0.582084596157074, 0.0003156084567308426, 1.0, -1.0, 0.7833111882209778, -1.0, -0.394427090883255, -1.0, -0.22643160820007324, 1.0, -1.0, -1.0, 1.0, 0.5052640438079834, -1.0, 1.0, 0.8928065896034241, 0.535739541053772, 1.0, 1.0]
[0.0067577357403934, -0.32141128182411194, 0.8119889497756958, -0.2959061563014984, 0.050433650612831116, -0.014293808490037918, -0.6047677993774414, -0.5400398969650269, -0.9973507523536682, -0.9599277973175049, -0.26489853858947754, -0.3254949450492859, -0.9789872169494629, -0.8010843992233276, -0.5326203107833862, 0.5413230657577515, -0.24546407163143158, -0.9787976145744324, -0.8889895081520081, -0.17625878751277924, -0.2677960693836212, 0.3646774888038635, 0.9039670825004578, 0.9729295969009399, -0.2272067368030548, -0.27292582392692566, -0.1953919380903244, -0.885518491268158, 0.4319833815097809, 1.1384443044662476, -0.17568521201610565, 0.3206021189689636, 0.031866416335105896, 0.01628096215426922, -0.2751903533935547, 1.267950415611267, -0.022410748526453972, -0.01048620417714119, -0.24695006012916565, 0.2665024697780609, 1.9127323627471924, -0.03974204137921333, -0.020259197801351547, 2.4198672771453857, 1.5358911752700806, 0.10785871744155884, 0.16487263143062592, 0.06423237174749374, -5.8000993728637695, -7.155937671661377, -0.2220211923122406, -0.41895419359207153, -0.18567457795143127, -0.09962376207113266, -0.28707924485206604, -0.545772910118103, -0.19647635519504547, -0.0641799122095108, -0.391273558139801, -0.46943002939224243, -0.1621551215648651, -0.050427041947841644, -0.7170974016189575, -0.06242062896490097, -0.27557966113090515, -0.08333720266819, -0.02275943011045456, 0.07803278416395187, -0.11045164614915848, -0.04189206287264824, -0.12599831819534302, -0.046719446778297424, 0.0031582380179315805, -0.39985525608062744, 0.4796467423439026, 0.8206995129585266, -0.2596079111099243, 0.20957301557064056, 0.46382659673690796, 0.13611005246639252, -0.1350611448287964, -0.0489751398563385, 1.347413182258606, -4.2287278175354, -2.1824843883514404, 0.0, -0.38999998569488525, 0.47999998927116394, -0.22206895053386688, -0.6671021580696106, 0.6765443682670593, 0.2189696580171585, 0.31853941082954407, 0.8543527126312256, 0.3372320830821991, 0.2342825084924698, -0.013764326460659504, -0.4395579993724823, 0.49641138315200806, 0.047570470720529556, 0.14591525495052338, 0.9872149229049683, 0.04303954169154167, 0.21482311189174652, -0.10703948885202408, -0.43228259682655334, -2.007803201675415, 0.26451459527015686, 2.344527006149292, 0.036493055522441864, -0.4497824013233185, 0.4662848114967346, 0.10217475146055222, -0.6609577536582947, 0.7263635993003845, -0.15840090811252594, 0.28401458263397217, 0.10979204624891281, -0.09593990445137024, -0.3267732858657837, -0.6912060379981995, 1.8686614036560059, 0.04935106635093689, -0.4429324269294739, 0.479099303483963, 0.060258589684963226, -0.5457305908203125, 0.8277016282081604, -0.11600397527217865, 0.2762450873851776, 0.2311941385269165, 0.2786673605442047, -4.565974235534668, -1.707953691482544, 2.302513360977173, 0.0474541001021862, -0.43311983346939087, 0.49726346135139465, -0.0590238980948925, -0.5167256593704224, 0.8540907502174377, -0.006306839641183615, 0.12346620857715607, 0.34411948919296265, 0.4243122935295105, -7.158084869384766, 2.026855945587158, -0.8958064317703247, -0.07151566445827484, -0.3686625063419342, 0.5084399580955505, -0.33908990025520325, -0.4892975091934204, 0.7094219326972961, 0.3772618770599365, 0.5660436153411865, -0.2617027759552002, 0.7793104648590088, 1.499453067779541, 14.376955032348633, 2.5627737045288086, -1.7248449325561523, 1.354459524154663, -2.9849658012390137, -0.07930687069892883, 0.001446539768949151, 0.01479948777705431, -1.5993642807006836, 3.0765058994293213, -0.37480711936950684, -0.01803232729434967, -0.008847277611494064, 0.004911305382847786, -2.2617204189300537, 2.457862138748169, -1.0913444757461548, -0.013559112325310707, -0.015319861471652985, 0.010926216840744019, -0.5978518724441528, 1.3611011505126953, -1.2168093919754028, -0.002342916326597333, -0.0013193879276514053, -0.004651758354157209, -2.030771017074585, 0.6577192544937134, -0.9648396968841553, 0.004337897524237633, -0.014227115549147129, -0.014408648014068604, -1.0, -1.0, 0.3212279975414276, -1.0, 0.0792611613869667, -1.0, -0.4380231201648712, -1.0, -1.0, 0.39635157585144043, -1.0, -1.0, 1.0, 1.0, -1.0, 1.0, 1.0, 0.6729570031166077, 1.0, 1.0]
[-0.07301460206508636, -0.3808497190475464, 0.7217240929603577, -0.3943222463130951, 0.02798588015139103, 0.038962770253419876, -0.6535125374794006, -0.5113149285316467, -0.9948092103004456, -0.9583451747894287, -0.3529999256134033, -0.22537416219711304, -0.9798222780227661, -0.8011198043823242, -0.585534930229187, 0.6121442317962646, -0.044908590614795685, -0.9816616773605347, -0.8902146220207214, 0.009653845801949501, -0.06090375408530235, 0.4243994355201721, 0.9277207851409912, 0.979104220867157, -0.3612547814846039, -0.5197362899780273, -0.4671003818511963, -0.9341591000556946, -0.5485597252845764, 0.06301303952932358, -0.21479371190071106, 0.22800426185131073, 0.01616182178258896, 0.01216199155896902, -0.4093798100948334, 0.7309483289718628, -0.005581686273217201, 0.0034171361476182938, -0.2516596019268036, 0.30091169476509094, 1.8168290853500366, -0.0193498432636261, -0.006070986855775118, 2.2312846183776855, 1.4525953531265259, 0.16539029777050018, 0.12241852283477783, 0.04874734207987785, -3.064398765563965, -2.4857125282287598, -0.12604907155036926, -0.12139816582202911, -0.08964639157056808, -0.06209313124418259, -0.14349518716335297, -0.2334131896495819, -0.08729238063097, -0.029437944293022156, -0.15890024602413177, -0.35800161957740784, -0.13976936042308807, -0.04795052483677864, -0.27891114354133606, -0.06711551547050476, -0.2257140874862671, -0.08626805245876312, -0.029157688841223717, -0.07943086326122284, -0.1250174641609192, -0.08145834505558014, -0.03660400211811066, -0.017672047019004822, 0.00673939473927021, -0.4019335210323334, 0.47703638672828674, 0.7640734314918518, -0.4324984848499298, 0.2895503640174866, 0.3811788260936737, 0.27078285813331604, -0.1187182292342186, -0.19965742528438568, 1.475740909576416, -4.915307521820068, -2.877014398574829, 0.0, -0.38999998569488525, 0.47999998927116394, -0.22206895053386688, -0.6671021580696106, 0.6765443682670593, 0.2189696580171585, 0.3514016270637512, 0.7408109307289124, 0.4112778902053833, 0.3982039988040924, -0.00826721079647541, -0.44271549582481384, 0.4865354895591736, 0.042390406131744385, 0.10274079442024231, 0.9936702847480774, 0.01632959023118019, 0.38865259289741516, -0.340175986289978, -0.6638231873512268, 9.756634712219238, -0.6567252278327942, 3.4416747093200684, 0.04203663766384125, -0.44741979241371155, 0.4622460603713989, 0.11117500811815262, -0.6624237298965454, 0.7195858359336853, -0.1761564463376999, 0.4258566200733185, 0.18733130395412445, -0.35268163681030273, 1.4479326009750366, -0.35556676983833313, 2.728414297103882, 0.055081531405448914, -0.4394074082374573, 0.4788929224014282, 0.06625164300203323, -0.5265490412712097, 0.835411548614502, -0.14298346638679504, 0.4429198205471039, 0.24838347733020782, -0.14448262751102448, -0.7815440893173218, -1.2885022163391113, 3.5962274074554443, 0.050820183008909225, -0.42754143476486206, 0.500633716583252, -0.04438583552837372, -0.4698166251182556, 0.8816401362419128, 0.003581256838515401, 0.2954403758049011, 0.41523298621177673, 0.17468896508216858, -5.729023456573486, 2.420681953430176, 0.01664639636874199, -0.06076078861951828, -0.3734872341156006, 0.5161043405532837, -0.231940358877182, -0.4627024531364441, 0.750405490398407, 0.41109800338745117, 0.9247878789901733, -0.4241212010383606, 0.4790145754814148, 1.7559479475021362, 13.356683731079102, 5.587812900543213, -0.9760884046554565, 0.8445635437965393, -1.1120463609695435, -0.0494246743619442, 0.0022711013443768024, 0.008517548441886902, -0.8115737438201904, 1.341601014137268, -0.11061051487922668, -0.009313929826021194, -0.0037890453822910786, 0.0017610028153285384, -0.9143334627151489, 1.9787628650665283, -0.5966477394104004, -0.01826908253133297, -0.0045394292101264, 0.0034244353882968426, -0.6780528426170349, 1.2333753108978271, -0.6632285118103027, -0.010657058097422123, -0.003807270433753729, 0.0005182931199669838, -0.7851230502128601, 1.3617732524871826, -0.49236512184143066, -0.008759096264839172, -0.005110075697302818, -0.0007073994493111968, -1.0, -1.0, -0.07819654047489166, -1.0, -0.47901803255081177, -1.0, -0.423540323972702, -1.0, -1.0, 0.0704047679901123, -1.0, -1.0, 1.0, 1.0, -1.0, 1.0, 1.0, 0.7818909883499146, 1.0, 1.0]
[-0.17992164194583893, -0.45896413922309875, 0.5927016735076904, -0.4913547933101654, -0.03647060692310333, 0.027913717553019524, -0.7043753862380981, -0.5397334098815918, -0.9019554257392883, -0.9427984356880188, -0.4509761929512024, -0.21406832337379456, -0.979436457157135, -0.8001757860183716, -0.6392037868499756, 0.6800662875175476, 0.1329396814107895, -0.983578085899353, -0.8906859159469604, 0.13293428719043732, 0.12379124015569687, 0.49101516604423523, 0.9418820738792419, 0.9830490350723267, -0.4349219799041748, -0.5799711346626282, -0.5687422156333923, -0.8760075569152832, -0.6189397573471069, -0.17907501757144928, -0.20706193149089813, -0.5207401514053345, 1.2950079441070557, 0.3041520416736603, -0.3987221419811249, -0.24101905524730682, -0.0005217880825512111, 0.008466397412121296, -0.25174885988235474, 0.2635001838207245, 1.5499430894851685, -0.01666409894824028, -0.0034296486992388964, 1.1441196203231812, 1.2488124370574951, 0.1586674302816391, 0.06561405211687088, 0.02893086150288582, -1.5108596086502075, -0.4792952239513397, -0.04305143281817436, 0.007952800951898098, 0.004914287477731705, -0.002334963297471404, -0.058741647750139236, -0.254349946975708, -0.020650429651141167, 0.011094685643911362, -0.04517780616879463, -0.3332950472831726, -0.1390681117773056, -0.05007663741707802, -0.07700549066066742, -0.036099374294281006, -0.1436290144920349, -0.06028842180967331, -0.021793272346258163, -0.2737630307674408, -0.15514400601387024, -0.09830478578805923, 0.10125849395990372, 0.0313788503408432, 0.012340649962425232, -0.4033205509185791, 0.4724805951118469, 0.6713998317718506, -0.5896676778793335, 0.3468140959739685, 0.28501617908477783, 0.371507853269577, -0.057267267256975174, -0.28871074318885803, 1.433759093284607, -4.044955730438232, -2.660778522491455, 0.0, -0.38999998569488525, 0.47999998927116394, -0.22206895053386688, -0.6671021580696106, 0.6765443682670593, 0.2189696580171585, 0.3778853416442871, 0.5922640562057495, 0.46195486187934875, 0.5413165092468262, -0.0002624528715386987, -0.44516950845718384, 0.47403138875961304, 0.03758756443858147, 0.01243503112345934, 0.9990233182907104, -0.01961766742169857, 0.5259885191917419, -0.25804877281188965, -0.7707134485244751, 11.407527923583984, -0.04972366616129875, 4.1825947761535645, 0.04910081624984741, -0.44393905997276306, 0.45512843132019043, 0.1188356950879097, -0.6540548801422119, 0.7199837565422058, -0.19928233325481415, 0.4783802926540375, 0.25824102759361267, -0.4402557909488678, -1.919614553451538, -2.0622735023498535, 2.668640375137329, 0.0627971887588501, -0.4359666109085083, 0.4723549485206604, 0.07849667966365814, -0.5397222638130188, 0.8201850652694702, -0.17272672057151794, 0.5508899688720703, 0.19700820744037628, -0.5791604518890381, 4.092425346374512, 0.3242506980895996, 4.080470085144043, 0.056273430585861206, -0.421284556388855, 0.5011366009712219, -0.02444685995578766, -0.4331657290458679, 0.9009534120559692, 0.007260386366397142, 0.40696442127227783, 0.426190584897995, 0.023669937625527382, -4.27741813659668, 2.438610792160034, 1.025315523147583, -0.0484418086707592, -0.3779989778995514, 0.5197470784187317, -0.14365103840827942, -0.43919292092323303, 0.7847051620483398, 0.4131726920604706, 0.8721128702163696, -0.2888525128364563, 0.19024144113063812, -0.14976073801517487, 8.070528984069824, 6.1521687507629395, -0.4354848861694336, -0.02921043150126934, -0.05252097547054291, -0.0027731198351830244, 0.00043570378329604864, 0.003171568037942052, -0.3547095060348511, 0.42203807830810547, -0.032849617302417755, 0.017425253987312317, -0.0013733902014791965, 0.00034483091440051794, -0.3271034359931946, 1.905510663986206, -0.3511967658996582, -0.021493976935744286, -0.0009678582428023219, 0.00035341826151125133, -0.42071235179901123, 0.8269573450088501, -0.2777206599712372, -0.009388911537826061, -0.00257507455535233, 0.0020083077251911163, 1.2901597023010254, 1.6058738231658936, 0.10797262191772461, -0.015171142295002937, 0.01073630340397358, 0.01153191365301609, -1.0, -1.0, -0.2588466703891754, -1.0, -0.4120416045188904, -1.0, -0.9912253022193909, 0.08015900105237961, -1.0, -0.574698269367218, -1.0, -1.0, 1.0, 1.0, -1.0, 0.48850148916244507, 1.0, 0.7876691818237305, 1.0, 1.0]
[-0.2323102355003357, -0.5401918292045593, 0.4567248523235321, -0.544977605342865, -0.07167771458625793, 0.011209467425942421, -0.7391930222511292, -0.6065196990966797, -0.693519651889801, -0.8883486986160278, -0.5504301190376282, -0.28912851214408875, -0.9797638058662415, -0.799411416053772, -0.6907733082771301, 0.7297661304473877, 0.20169050991535187, -0.9824953079223633, -0.8896603584289551, 0.11415387690067291, 0.2825397849082947, 0.5466185808181763, 0.9413663148880005, 0.9837552905082703, -0.016995148733258247, -0.5724902153015137, -0.5487723350524902, -0.2855638563632965, -0.16417935490608215, -0.10920964926481247, -0.10091658681631088, -0.6597346663475037, 2.256638765335083, 0.8174749612808228, -0.4083458483219147, -0.9432427287101746, -0.011636419221758842, 0.0032239097636193037, -0.24759125709533691, 0.17637668550014496, 0.1337837427854538, 0.012621546164155006, 0.013475283980369568, -0.9804465174674988, 1.0711147785186768, 0.12048373371362686, -0.019274814054369926, 0.0009976130677387118, 10.39671516418457, 0.30561402440071106, 0.3311879634857178, 0.14618495106697083, 0.09548992663621902, 0.03862960264086723, 0.42827412486076355, 0.03692353516817093, 0.06963562965393066, 0.05241886526346207, 0.37970688939094543, -0.1418791562318802, -0.06537888944149017, -0.024958807975053787, 0.3158271908760071, 0.22113755345344543, -0.4774751663208008, -0.1972823590040207, -0.07110673189163208, -0.7826744318008423, -0.36185577511787415, -0.17896056175231934, 0.4322472810745239, 0.13742674887180328, 0.01853516511619091, -0.4042305648326874, 0.46569254994392395, 0.5563849806785583, -0.7173075675964355, 0.37501654028892517, 0.18779811263084412, 0.37084007263183594, -0.05503809079527855, -0.4486314058303833, 1.4727802276611328, -3.592965841293335, -2.7253060340881348, 0.0, -0.38999998569488525, 0.47999998927116394, -0.22206895053386688, -0.6671021580696106, 0.6765443682670593, 0.2189696580171585, 0.3986515998840332, 0.42791062593460083, 0.4855208396911621, 0.649799108505249, 0.004949541762471199, -0.4450991153717041, 0.4634145200252533, 0.03546631708741188, -0.053306132555007935, 0.9967373609542847, -0.049143072217702866, 0.14614921808242798, -0.0161846112459898, -0.5636267066001892, 5.824917316436768, -0.018188785761594772, 2.410801410675049, 0.052198998630046844, -0.4405936002731323, 0.4479454755783081, 0.1089979037642479, -0.6141875982284546, 0.750341534614563, -0.21881639957427979, -0.03555157780647278, 0.18960228562355042, -0.2619926631450653, -7.789170742034912, -5.104671001434326, -0.7103345990180969, 0.06789640337228775, -0.4336552321910858, 0.4609633684158325, 0.09215747565031052, -0.5811275243759155, 0.7853792905807495, -0.19229410588741302, 0.1875094175338745, 0.07691938430070877, -0.8664801716804504, 7.310919761657715, 1.8416837453842163, 2.3061463832855225, 0.05942380055785179, -0.41867974400520325, 0.4964541792869568, -0.006762015633285046, -0.4327176809310913, 0.9014148116111755, 0.01268389169126749, 0.06930750608444214, -0.009344905614852905, -0.45149460434913635, 2.431755304336548, 2.122176170349121, -0.2747756242752075, -0.04339941218495369, -0.37796851992607117, 0.5217896699905396, -0.1269455999135971, -0.413461297750473, 0.8095822334289551, 0.39687687158584595, 0.03092246875166893, 0.1790352165699005, 0.14664167165756226, -4.673107147216797, -0.8816924095153809, 1.245083212852478, 2.2032227516174316, -0.8927651643753052, 0.8720872402191162, 0.025238124653697014, 0.0001470141432946548, -0.01269950158894062, 2.4803547859191895, -1.160701036453247, -0.3679514229297638, 0.035008348524570465, 0.01329137198626995, -0.003281161654740572, 2.3291289806365967, 0.8405705690383911, -0.16429878771305084, -0.012350249104201794, 0.010898999869823456, -0.004644500557333231, 1.8212354183197021, 2.8423378467559814, 0.39495915174484253, -0.028471659868955612, 0.007427409756928682, -0.005699931178241968, 6.123664855957031, 2.7920150756835938, 1.4822256565093994, -0.020616795867681503, 0.039448127150535583, 0.0143806217238307, 0.7598021626472473, -1.0, -0.18214352428913116, -0.5850537419319153, -0.07423665374517441, -0.7039123773574829, -1.0, 0.8131024241447449, -1.0, -1.0, -1.0, -1.0, 1.0, -0.032145168632268906, -1.0, -0.6911733150482178, 1.0, 0.7022842168807983, 1.0, 1.0]
[-0.2025306522846222, -0.5547281503677368, 0.35336247086524963, -0.5122939348220825, 0.006770875304937363, 0.01725408434867859, -0.7398384809494019, -0.6616126894950867, -0.522619366645813, -0.7360204458236694, -0.5136240720748901, -0.4021683931350708, -0.9844868779182434, -0.8008193373680115, -0.7522315979003906, 0.7503845691680908, 0.10881190747022629, -0.9818957448005676, -0.8884093165397644, -0.007948481477797031, 0.3118702173233032, 0.5266175866127014, 0.9371953010559082, 0.9835444688796997, 0.23344390094280243, 0.11514091491699219, -0.3572351634502411, 0.6676381826400757, 1.2096261978149414, 0.24187171459197998, 0.08444787561893463, -0.3533723056316376, 1.231848120689392, 1.732095718383789, 0.4520171284675598, -1.0649456977844238, -0.0508882999420166, -0.02230016142129898, -0.2859259247779846, 0.03260805085301399, -1.377701759338379, -0.0036338362842798233, 0.007318474352359772, -1.8118826150894165, -0.2564672529697418, -0.1488507241010666, -0.009196862578392029, 0.002862632740288973, 7.1277642250061035, 9.89570426940918, 0.26263824105262756, 0.7270166873931885, 0.30128365755081177, 0.10329217463731766, 0.31871461868286133, 0.7744237780570984, 0.19050948321819305, 0.07248132675886154, 0.4431800842285156, 0.6118491291999817, 0.21448388695716858, 0.06737805902957916, 0.9130939841270447, 0.11475503444671631, 0.007032840512692928, -0.02271195873618126, -0.014586326666176319, -0.5717600584030151, -0.2563340961933136, -0.18572261929512024, 0.3281368613243103, 0.1043563261628151, 0.017305023968219757, -0.40374866127967834, 0.4624593257904053, 0.49110177159309387, -0.7773546576499939, 0.36598140001296997, 0.14351403713226318, -0.25248512625694275, -0.012387695722281933, -0.05454374477267265, 1.099327802658081, -2.6678390502929688, -2.887282133102417, 0.0, -0.38999998569488525, 0.47999998927116394, -0.22206895053386688, -0.6671021580696106, 0.6765443682670593, 0.2189696580171585, 0.4211742877960205, 0.3390467166900635, 0.48328661918640137, 0.6885443329811096, 0.005025022197514772, -0.4433543384075165, 0.46482065320014954, 0.026707224547863007, -0.012669266201555729, 0.9975972175598145, -0.06265666335821152, -0.15640276670455933, 0.2949422299861908, 0.42685970664024353, -10.86889934539795, -2.225968599319458, 1.0281111001968384, 0.05006621032953262, -0.44014304876327515, 0.44689488410949707, 0.08279753476381302, -0.5359240174293518, 0.8094606399536133, -0.2251744270324707, -0.3264022171497345, -0.008955736644566059, 0.30392220616340637, -12.1231689453125, -5.931210517883301, -2.9995601177215576, 0.06613168120384216, -0.43468114733695984, 0.45330750942230225, 0.0966377779841423, -0.6216240525245667, 0.7566995620727539, -0.17790578305721283, -0.32467103004455566, -0.1770993024110794, -0.3778025805950165, 4.412415504455566, 3.05183482170105, -2.756427049636841, 0.058686014264822006, -0.4218318462371826, 0.4894847869873047, 0.0023781522177159786, -0.472126305103302, 0.8812559843063354, 0.021880364045500755, -0.151558980345726, -0.35292285680770874, -0.5103244185447693, 6.842052459716797, 0.9147205948829651, -0.9639732241630554, -0.04941887781023979, -0.3740004301071167, 0.5224851369857788, -0.18640947341918945, -0.4002454876899719, 0.808586061000824, 0.3889005184173584, -0.7148981690406799, 0.37891390919685364, -0.06828846782445908, -3.6927061080932617, -8.115968704223633, -4.658783435821533, 1.8458688259124756, -1.8165392875671387, 4.658602714538574, 0.07604409009218216, 0.002058930229395628, -0.012935674749314785, 1.7821937799453735, -3.376323938369751, 1.7121495008468628, 0.02183646894991398, 0.00788938906043768, -0.010039824061095715, 2.610936403274536, -3.2524001598358154, 1.4106979370117188, 0.018592065200209618, 0.017769910395145416, -0.015488951466977596, 1.2156386375427246, 0.23715859651565552, 1.8018436431884766, -0.01102894451469183, 0.006978580728173256, 0.0012856068788096309, 4.596739768981934, 2.5611705780029297, 1.711694598197937, -0.02546682581305504, 0.030808506533503532, 0.0009319617529399693, 1.0, 1.0, 0.0219026617705822, 0.16367556154727936, 1.0, -0.3484492301940918, -0.6970564723014832, 0.03326990455389023, 0.5665127038955688, -1.0, -1.0, -1.0, 0.776921272277832, -1.0, -1.0, -1.0, -0.27175918221473694, -0.1235821396112442, 1.0, 1.0]
[-0.10797959566116333, -0.48101043701171875, 0.3517213463783264, -0.5246832966804504, 0.15118947625160217, 0.06761594861745834, -0.7230873107910156, -0.6504799723625183, -0.5085377097129822, -0.6050706505775452, -0.38588947057724, -0.4176930785179138, -0.989182710647583, -0.8055146932601929, -0.8191916942596436, 0.7210463285446167, -0.05572522059082985, -0.9849401712417603, -0.8889920115470886, -0.06222838535904884, 0.2151450663805008, 0.4012526571750641, 0.9455986618995667, 0.9859169125556946, 0.44173240661621094, 0.7661635279655457, 0.2062167376279831, -0.46998926997184753, 1.3949787616729736, 0.8388181924819946, 0.3036477267742157, 0.4329226613044739, -0.3740183711051941, 0.5332445502281189, 0.24681515991687775, 0.3126327693462372, -0.0553460493683815, -0.0548054575920105, -0.3021150529384613, -0.19929471611976624, -1.5867021083831787, -0.040183912962675095, -0.013777895830571651, -0.05287352204322815, -0.934718906879425, -0.39753827452659607, 0.07174627482891083, 0.027934327721595764, 4.511411666870117, 9.51596736907959, 0.24402262270450592, 0.25696632266044617, 0.019397325813770294, 0.022625362500548363, 0.46773260831832886, 0.7610331773757935, 0.15295976400375366, -0.024827811866998672, -0.224307119846344, 1.0331337451934814, 0.4085870385169983, 0.14148131012916565, 0.8527693152427673, 0.0718536376953125, 0.4337051808834076, 0.15512613952159882, 0.049651212990283966, 0.20665276050567627, 0.15229588747024536, 0.02781892940402031, -0.09634894132614136, -0.03291114792227745, 0.012293296866118908, -0.40564534068107605, 0.46715131402015686, 0.4016495943069458, -0.830814778804779, 0.36989128589630127, 0.10772532969713211, -0.36625975370407104, -0.2053004652261734, 0.5232393741607666, 0.18316292762756348, -1.0032826662063599, -1.0977448225021362, 0.0, -0.38999998569488525, 0.47999998927116394, -0.22206895053386688, -0.6671021580696106, 0.6765443682670593, 0.2189696580171585, 0.4271993339061737, 0.24381573498249054, 0.46055349707603455, 0.7388808131217957, -0.000442876189481467, -0.4424276649951935, 0.47266462445259094, 0.01944068819284439, 0.07995834201574326, 0.9953993558883667, -0.04907938465476036, -0.4721897542476654, 0.1987690031528473, 0.5109811425209045, -12.598440170288086, -1.3212031126022339, -2.7449865341186523, 0.04448181018233299, -0.4433605968952179, 0.4546208679676056, 0.062147412449121475, -0.4673132300376892, 0.8552210927009583, -0.21529710292816162, -0.5326228737831116, -0.25615164637565613, 0.7747491598129272, -6.555651664733887, -1.4623873233795166, -3.878577709197998, 0.0585620179772377, -0.4390099048614502, 0.45902585983276367, 0.08311127126216888, -0.6150956153869629, 0.7704238891601562, -0.14559143781661987, -0.5104606747627258, -0.281679630279541, 0.771112859249115, -4.735385417938232, -0.8162828683853149, -3.4505152702331543, 0.05499306693673134, -0.4274730980396271, 0.4859437942504883, 0.0014253633562475443, -0.5153854489326477, 0.8564549684524536, 0.029337238520383835, -0.3040251135826111, -0.3819510042667389, -0.1280238926410675, 5.0670952796936035, -0.27972760796546936, -1.0817209482192993, -0.05764340981841087, -0.3707815408706665, 0.5214346647262573, -0.24128077924251556, -0.4098343253135681, 0.7849130034446716, 0.39715349674224854, -0.5097781419754028, 0.17718660831451416, -0.12939459085464478, 1.420690894126892, -4.6153059005737305, -4.052927494049072, 1.538651466369629, 0.3344612717628479, 1.6744918823242188, 0.027642283588647842, -0.003638718742877245, -0.01641361601650715, 2.532665729522705, -1.6529511213302612, 2.292851686477661, -0.049622077494859695, 0.014558691531419754, -0.025095585733652115, -1.2279078960418701, -5.908604145050049, 1.624609112739563, 0.05285225436091423, -0.019992627203464508, 0.012691739946603775, 0.7554711103439331, -2.2841639518737793, 1.7223507165908813, 0.015388758853077888, 0.004754308145493269, 0.004568105563521385, -1.274530291557312, -0.7897970676422119, 0.5692857503890991, 0.0030011648777872324, -0.012518668547272682, -0.016339922323822975, 1.0, 1.0, 0.8140370845794678, -1.0, 1.0, -0.9945705533027649, -0.06021035462617874, -1.0, 1.0, 0.06647849082946777, -1.0, -1.0, 0.3910503089427948, -1.0, -1.0, 0.16824623942375183, -0.6600016355514526, -0.6709990501403809, 1.0, 1.0]
[-0.02009543590247631, -0.37576359510421753, 0.4415706694126129, -0.5835856795310974, 0.29290100932121277, 0.20438209176063538, -0.6844526529312134, -0.6053462028503418, -0.5576127767562866, -0.5899742841720581, -0.3538735806941986, -0.3297366201877594, -1.0000032186508179, -0.8161112666130066, -0.7935775518417358, 0.725268542766571, -0.03173592686653137, -0.9953449368476868, -0.89393150806427, 0.017954887822270393, 0.1881551742553711, 0.23408374190330505, 0.9554222226142883, 0.9900817275047302, 0.24769596755504608, 0.7528757452964783, 0.4236505627632141, -0.6227502226829529, 1.2630126476287842, 1.5413979291915894, 0.09131421148777008, 0.4072766900062561, -0.5145004391670227, -0.039713721722364426, 0.03740807995200157, 1.2963953018188477, 9.658419730840251e-05, -0.12803076207637787, 0.05524880811572075, 0.11358688026666641, 1.0133403539657593, -0.08035349100828171, -0.04673103243112564, 1.5662858486175537, 0.22438514232635498, -0.40008899569511414, 0.03519129380583763, 0.03756391629576683, -4.880404949188232, 0.29892638325691223, -0.10157202184200287, -0.016574706882238388, -0.03249134123325348, 0.0032329540699720383, -0.23295599222183228, -0.06419811397790909, -0.046003129333257675, -0.030170127749443054, -0.24066628515720367, 0.5280012488365173, 0.2605546712875366, 0.09591296315193176, -0.44477713108062744, -0.18737080693244934, 0.44985589385032654, 0.20739911496639252, 0.07908730953931808, 0.49593812227249146, 0.5625978708267212, 0.2955986559391022, -0.28189873695373535, -0.09098955988883972, 0.006685595028102398, -0.40908676385879517, 0.4741728901863098, 0.3395109176635742, -0.8585575819015503, 0.3773571848869324, 0.07219889760017395, -0.2881600260734558, -0.18691717088222504, 0.41274961829185486, 0.24344594776630402, -1.1980100870132446, -0.8549374938011169, 0.0, -0.38999998569488525, 0.47999998927116394, -0.22206895053386688, -0.6671021580696106, 0.6765443682670593, 0.2189696580171585, 0.4194922149181366, 0.17365947365760803, 0.45093145966529846, 0.768458902835846, -0.007092839106917381, -0.441902220249176, 0.48084184527397156, 0.02081403136253357, 0.1960638463497162, 0.9801259636878967, -0.02188318409025669, -0.3218599557876587, 0.24613139033317566, 0.3773782253265381, -14.719847679138184, -0.3725825548171997, -2.7022364139556885, 0.038773149251937866, -0.44683605432510376, 0.46603554487228394, 0.05534878745675087, -0.43701475858688354, 0.8756459951400757, -0.19798624515533447, -0.2716020941734314, -0.12811975181102753, 0.7166749238967896, -3.064988613128662, -0.22420047223567963, -1.605440616607666, 0.0527067705988884, -0.4416812062263489, 0.47342246770858765, 0.06924568116664886, -0.5708707571029663, 0.807292103767395, -0.13263069093227386, -0.30249181389808655, -0.03522521257400513, 1.1815052032470703, -9.278033256530762, -2.3769936561584473, -1.6684750318527222, 0.04976213723421097, -0.4283645451068878, 0.4966113269329071, -0.01632693037390709, -0.48436468839645386, 0.8738943338394165, 0.0378539003431797, -0.2743375897407532, 0.1753719598054886, 0.9813827872276306, -8.248619079589844, -0.43870246410369873, -1.7491130828857422, -0.05897350609302521, -0.37009912729263306, 0.5242081880569458, -0.23195305466651917, -0.41157254576683044, 0.77752685546875, 0.4150392711162567, 0.1727379560470581, -0.02684115432202816, 0.3519881069660187, 1.3209224939346313, 4.894710540771484, 0.04506397247314453, -0.8438395261764526, 0.12527459859848022, -0.3129464089870453, 0.0051120733842253685, 0.00034024298656731844, 0.003388861194252968, -1.4110912084579468, 0.7647741436958313, -0.024314649403095245, -0.018698517233133316, -0.007185961119830608, 0.007492253556847572, -1.4876621961593628, -3.429323673248291, 0.45394155383110046, 0.04447310417890549, -0.009645568206906319, 0.0048653180710971355, -1.5261155366897583, -2.7941300868988037, -0.46810197830200195, 0.03717534989118576, -0.0124723045155406, -0.009977959096431732, -3.9446215629577637, -4.240641117095947, -0.9155750274658203, 0.03266177326440811, -0.027875635772943497, -0.00394283514469862, -0.20163223147392273, 0.31191331148147583, 1.0, -1.0, 1.0, -1.0, -0.54523104429245, -1.0, -0.10566616803407669, 1.0, -1.0, -1.0, 0.9044159054756165, 1.0, -1.0, 1.0, 0.7332426309585571, -0.4996793866157532, 0.9110788702964783, 1.0]
[-0.0037703965790569782, -0.3298097550868988, 0.5186837315559387, -0.6409717202186584, 0.3570970892906189, 0.34462934732437134, -0.6913003325462341, -0.6085890531539917, -0.5884759426116943, -0.5983478426933289, -0.39334431290626526, -0.15020819008350372, -0.9988120198249817, -0.8213698267936707, -0.783766508102417, 0.76639324426651, 0.10781262814998627, -0.9987211227416992, -0.8965269327163696, 0.15288898348808289, 0.2688675820827484, 0.16025310754776, 0.9676920175552368, 0.9217972755432129, -0.08205118030309677, 0.045518722385168076, 0.25081774592399597, -0.48737049102783203, 0.23270569741725922, 0.9121578335762024, -0.09814061969518661, -0.285075306892395, -0.17406880855560303, -0.07080226391553879, -0.2772887349128723, 1.8448017835617065, 0.01901678554713726, -0.006897043436765671, 0.02377506159245968, 0.1961040198802948, 1.431408166885376, -0.00359579105861485, -0.008096451871097088, 1.72785222530365, 0.7754545211791992, -0.06071498990058899, 0.08552946895360947, -0.9795586466789246, -8.394805908203125, -9.775811195373535, -0.2714674472808838, -0.41944199800491333, -0.13517968356609344, -0.06497494131326675, -0.3342115581035614, -0.8485054969787598, -0.2756836414337158, -0.08353174477815628, -0.3526541590690613, -0.5031018853187561, -0.16934868693351746, -0.049031469970941544, -0.9617564082145691, -0.20905977487564087, -0.38830751180648804, -0.13360737264156342, -0.040966104716062546, 0.3465055227279663, -0.0606372244656086, 0.018425259739160538, -0.23004722595214844, -0.09808230400085449, 0.004016636870801449, -0.4121190905570984, 0.47811388969421387, 0.19631408154964447, -0.9023353457450867, 0.3836618661880493, -0.0074223619885742664, -0.05665276199579239, -0.21338802576065063, 0.10271089524030685, 1.1159714460372925, -4.966036319732666, -4.3335795402526855, 0.0, -0.38999998569488525, 0.47999998927116394, -0.22206895053386688, -0.6671021580696106, 0.6765443682670593, 0.2189696580171585, 0.3958667814731598, 0.015479040332138538, 0.4203740656375885, 0.816293478012085, -0.009415044449269772, -0.44197770953178406, 0.4829753637313843, 0.025331037119030952, 0.2656113803386688, 0.9637113213539124, -0.008328091353178024, 0.019841190427541733, 0.0132599463686347, -0.12338082492351532, -3.569289445877075, 0.38909146189689636, -0.6158124208450317, 0.03817424178123474, -0.44775137305259705, 0.4696957767009735, 0.05820966511964798, -0.439460813999176, 0.8746270537376404, -0.19624775648117065, 0.14213301241397858, -0.005193132907152176, -0.10625802725553513, 2.2328834533691406, 0.8565303087234497, 1.0606281757354736, 0.051371440291404724, -0.43942418694496155, 0.48721134662628174, 0.059968095272779465, -0.5020004510879517, 0.8510249257087708, -0.14197170734405518, 0.05182860791683197, 0.3464398980140686, 0.7670713663101196, -9.017110824584961, -3.1804752349853516, 1.3781386613845825, 0.04835525527596474, -0.4243107736110687, 0.5072373151779175, -0.02115527354180813, -0.42509394884109497, 0.9037087559700012, 0.046455178409814835, 0.04878365993499756, 0.39756518602371216, 0.5303107500076294, -7.31010103225708, 0.8439661860466003, -0.5713605880737305, -0.05296626687049866, -0.37188494205474854, 0.5284801125526428, -0.15165473520755768, -0.40981075167655945, 0.7958281636238098, 0.4191816449165344, 0.663510262966156, -0.2848115563392639, 0.26176247000694275, 4.281256198883057, 9.965027809143066, 6.879659652709961, -1.9441677331924438, -0.16024349629878998, -2.9149489402770996, -0.06737858802080154, 0.0047843679785728455, 0.013539092615246773, -1.8967649936676025, 3.784644603729248, -2.6667513847351074, -0.02676207758486271, -0.005165732000023127, 0.011670960113406181, -2.1519312858581543, 2.6029446125030518, -1.4665319919586182, -0.009987297467887402, -0.011013025417923927, 0.009930549189448357, -1.6900019645690918, 1.9727153778076172, -2.0099475383758545, -0.011375370435416698, -0.010271579027175903, -0.0003503532207105309, -3.818338394165039, 0.002547011012211442, -1.6292893886566162, 0.007281776517629623, -0.03698889538645744, -0.0026887180283665657, -1.0, -1.0, 0.6574728488922119, -1.0, 0.2908993363380432, -1.0, -1.0, -0.6672767996788025, -1.0, 1.0, -1.0, -1.0, 1.0, 1.0, -1.0, 1.0, 1.0, 0.2669832706451416, 1.0, 0.14826461672782898]
[-0.038545962423086166, -0.3611554801464081, 0.430924654006958, -0.6793417930603027, 0.3120522201061249, 0.38009560108184814, -0.6848345994949341, -0.6390856504440308, -0.47307872772216797, -0.5839357972145081, -0.4055270552635193, 0.002555829007178545, -0.9949429035186768, -0.8199845552444458, -0.7839524745941162, 0.8095974326133728, 0.2567274868488312, -0.9975122213363647, -0.8962318897247314, 0.2840554714202881, 0.38248202204704285, 0.15216661989688873, 0.9530618786811829, 0.7126498222351074, -0.1713525950908661, -0.3972019851207733, -0.6953023672103882, -0.2872104048728943, -0.760560929775238, -0.04311588779091835, 0.0946294292807579, -0.2760383188724518, 1.7630844116210938, 0.3706251084804535, 0.07467605918645859, 1.1629830598831177, 0.03657415136694908, 0.020269280299544334, -0.03097969852387905, 0.16637352108955383, 1.3375067710876465, 0.016855085268616676, 0.008425121195614338, 1.5732543468475342, 0.8305975794792175, -0.0005792185547761619, -0.1955253928899765, -2.4271981716156006, -2.3262240886688232, -4.741001605987549, -0.22519323229789734, -0.1939762830734253, -0.08597015589475632, -0.047979936003685, -0.029310712590813637, -0.3167871832847595, 0.06073610857129097, 0.057250767946243286, 0.0004531028098426759, -0.5309858918190002, -0.20840826630592346, -0.07140153646469116, -0.4694170355796814, -0.0699865072965622, -0.3153945505619049, -0.12126995623111725, -0.04093010351061821, 0.05905187129974365, -0.11558234691619873, -0.05569363012909889, -0.10411323606967926, -0.06850611418485641, 0.004971492104232311, -0.41510671377182007, 0.47815409302711487, -0.08423896878957748, -0.918896496295929, 0.3552272915840149, -0.14948733150959015, 0.14020679891109467, -0.1796848028898239, -0.06903406977653503, 1.8995954990386963, -6.685512542724609, -5.884984493255615, 0.0, -0.38999998569488525, 0.47999998927116394, -0.22206895053386688, -0.6671021580696106, 0.6765443682670593, 0.2189696580171585, 0.3330591022968292, -0.2790401577949524, 0.3267812132835388, 0.8392985463142395, -0.005967023782432079, -0.4431881308555603, 0.47791871428489685, 0.01761580817401409, 0.23821334540843964, 0.9706830382347107, -0.026803310960531235, 0.29103437066078186, -0.18408364057540894, -0.3832577168941498, 7.5925116539001465, -0.5564358830451965, 3.89036226272583, 0.03979210928082466, -0.4464522898197174, 0.4671694338321686, 0.05228129029273987, -0.41327449679374695, 0.8863975405693054, -0.20191599428653717, 0.060830339789390564, 0.18360084295272827, -0.12529420852661133, -6.5579752922058105, -3.215153455734253, -0.2702479660511017, 0.05218398571014404, -0.435586541891098, 0.4920801520347595, 0.05396952107548714, -0.45614731311798096, 0.8751623034477234, -0.15201228857040405, 0.04701856151223183, 0.25127866864204407, 0.10702168941497803, -3.8415582180023193, -1.473108172416687, 0.22594791650772095, 0.05016738921403885, -0.4190621078014374, 0.511159360408783, -0.01515267975628376, -0.37941774725914, 0.9237040281295776, 0.05082777515053749, 0.17799295485019684, 0.36255091428756714, 0.1256442666053772, -4.73966646194458, 1.4522671699523926, 0.1556980013847351, -0.04304872080683708, -0.3758450746536255, 0.5295372009277344, -0.001325680292211473, -0.4361230134963989, 0.8125739097595215, 0.3866763710975647, 0.9282411932945251, -0.47519126534461975, -0.10022307187318802, 11.41022777557373, 12.513951301574707, 14.006096839904785, -1.2491179704666138, 0.10925113409757614, -1.4936388731002808, -0.046341173350811005, 0.013406393118202686, 0.015768541023135185, -0.15955565869808197, -0.5227501392364502, -0.8076475858688354, 0.04940951243042946, 0.0021861614659428596, -7.6186183832760435e-06, -0.005767804570496082, 2.960022449493408, -1.0442399978637695, -0.02700120024383068, 0.003476511687040329, -0.0030306847766041756, -0.7228729128837585, 1.7294938564300537, -1.07144296169281, -0.014987695030868053, -0.006098858080804348, -0.0005651917890645564, -2.1131346225738525, 1.158724308013916, -0.47053420543670654, -0.00627738144248724, -0.03469596058130264, -0.001685982453636825, -0.578840970993042, -1.0, -1.0, -0.8651717901229858, -0.3209908604621887, -0.4869690537452698, -0.8052292466163635, 1.0, -0.1600237488746643, 0.5065983533859253, -1.0, -1.0, 1.0, 1.0, -1.0, 1.0, 1.0, 0.1430952250957489, 0.6643600463867188, -1.0]
[-0.11094466596841812, -0.36244598031044006, 0.24875275790691376, -0.5845417976379395, 0.20998379588127136, 0.35716795921325684, -0.5367711782455444, -0.6138515472412109, -0.26483091711997986, -0.4722333550453186, -0.27938979864120483, 0.059957947582006454, -0.9934539794921875, -0.8186101317405701, -0.790148913860321, 0.8464290499687195, 0.38018909096717834, -0.9983237385749817, -0.896334707736969, 0.3996824622154236, 0.48157283663749695, 0.2176075130701065, 0.7761126160621643, 0.45087897777557373, -0.3696170747280121, 0.2574743330478668, -0.7820859551429749, 1.5382298231124878, -1.025536298751831, -0.30651888251304626, 0.7758086323738098, 0.5414428114891052, 2.0229859352111816, 1.7772797346115112, 0.759376049041748, 0.1944182962179184, -0.002260190201923251, 0.005164135713130236, -0.013062655925750732, 0.14324010908603668, 1.0430371761322021, -0.017931388691067696, -0.00689961900934577, 1.3116909265518188, 0.6358256936073303, 0.24229741096496582, -1.5499670505523682, -2.4160470962524414, -5.4107770919799805, 9.799453735351562, -0.15046757459640503, 0.8628131151199341, 0.22086071968078613, 0.03158615902066231, -0.10681363940238953, 0.8073257207870483, 0.27181345224380493, 0.14303892850875854, -0.048165690153837204, 0.221242755651474, 0.057537760585546494, 0.011869659647345543, 0.5786211490631104, -0.10090645402669907, 0.38102447986602783, 0.1309782862663269, 0.04060935601592064, -0.30666178464889526, 0.38354888558387756, 0.20161837339401245, -0.010270551778376102, 0.005705891642719507, 0.010107461363077164, -0.4162069261074066, 0.4803823232650757, -0.20361296832561493, -0.8973360657691956, 0.3180110454559326, -0.22847022116184235, 0.1868639886379242, 0.06426435708999634, 0.24717804789543152, -2.692769765853882, 7.82079553604126, 8.12283992767334, 0.0, -0.38999998569488525, 0.47999998927116394, -0.22206895053386688, -0.6671021580696106, 0.6765443682670593, 0.2189696580171585, 0.2996205985546112, -0.4160352349281311, 0.28764480352401733, 0.8089513778686523, 0.0016147878486663103, -0.44315779209136963, 0.4809506833553314, -0.001012945082038641, 0.22520528733730316, 0.9721493721008301, -0.06486116349697113, 0.4997332692146301, 0.0763237252831459, 0.5557461977005005, -2.0349059104919434, -1.5046932697296143, 5.602996826171875, 0.04011556878685951, -0.4449569880962372, 0.47178784012794495, 0.028448620811104774, -0.2904907763004303, 0.9368890523910522, -0.1924695372581482, -0.057876359671354294, 0.3421914875507355, 0.8008307218551636, -21.521711349487305, -7.346149921417236, -3.2149670124053955, 0.05367137864232063, -0.43362680077552795, 0.4946861267089844, 0.05242735520005226, -0.4359342157840729, 0.8871929049491882, -0.14177939295768738, 0.1329011768102646, 0.09871218353509903, 0.27228233218193054, -2.459124803543091, 0.6737327575683594, -1.7664844989776611, 0.054028499871492386, -0.4132533073425293, 0.5158529877662659, -0.00805183406919241, -0.33535727858543396, 0.9408689141273499, 0.047289393842220306, 0.31623658537864685, 0.4599910080432892, 0.48192843794822693, -6.297904968261719, 0.5028054118156433, 1.2784510850906372, -0.030140306800603867, -0.3805474042892456, 0.5296913981437683, 0.19312623143196106, -0.467289000749588, 0.8050237894058228, 0.31028997898101807, 1.2232856750488281, -0.3516227602958679, -0.1530134379863739, 12.698105812072754, 13.619858741760254, 18.605554580688477, -0.9699136018753052, 1.292109727859497, 4.903653144836426, 0.050967805087566376, 0.0046853432431817055, 0.004029210656881332, -0.8897605538368225, -3.8628644943237305, 3.4491946697235107, 0.08509597182273865, -0.005012189503759146, -0.004067567642778158, -0.6286481618881226, -0.952712893486023, 1.5737478733062744, -0.0024210363626480103, 0.00024669416598044336, -0.008115425705909729, -0.7548254132270813, -2.020570755004883, 1.3982079029083252, 0.010300795547664165, 0.00029351215925998986, 0.00872831977903843, 0.4904530942440033, -2.310626983642578, 0.8909108638763428, 0.012183747254312038, -0.0021413625217974186, 0.014493832364678383, -1.0, 0.5968844890594482, -1.0, 0.8934596180915833, -0.41008061170578003, 1.0, -0.04387760907411575, 1.0, 1.0, 0.024803344160318375, -1.0, -0.6873545050621033, 1.0, 1.0, -1.0, 1.0, 1.0, 1.0, -1.0, -1.0]
[-0.15997369587421417, -0.28296223282814026, 0.22583915293216705, -0.41379040479660034, 0.05583828315138817, 0.31477436423301697, -0.4928317368030548, -0.5252333879470825, -0.12501321732997894, -0.2612273097038269, -0.20701400935649872, -0.007542283274233341, -0.9930096864700317, -0.8178866505622864, -0.818714439868927, 0.8716530203819275, 0.42748960852622986, -0.998237669467926, -0.8962949514389038, 0.5022761821746826, 0.5662255883216858, 0.2837853729724884, 0.5075148344039917, 0.30384013056755066, -0.05880730226635933, 0.7802594900131226, -0.06586761027574539, 1.8787850141525269, -1.6340957880020142, -0.4886689782142639, 0.14281068742275238, 0.8308202624320984, 0.9157841801643372, 1.8008756637573242, 0.05354088172316551, -1.0636073350906372, -0.001070266356691718, 0.004243325442075729, -0.19148723781108856, 0.08602520078420639, 0.10872526466846466, 0.004649399779736996, 0.0029527931474149227, 1.2423914670944214, 0.5907363295555115, 0.12035579979419708, -1.7040045261383057, -0.806404709815979, 6.982424736022949, 6.010782241821289, 0.09074337035417557, 0.5243425965309143, 0.12488031387329102, 0.011868663132190704, 0.31669196486473083, 0.3050917685031891, -0.01221497543156147, -0.04311174526810646, 0.06379901617765427, -0.013211905024945736, -0.027239911258220673, -0.01541665755212307, 0.5557278394699097, 0.10535642504692078, -0.11570023000240326, -0.05051051080226898, -0.019430415704846382, -0.4569516181945801, 0.03279590234160423, 0.0017131511121988297, 0.22120945155620575, 0.1167333796620369, 0.016771212220191956, -0.41579654812812805, 0.4923475682735443, -0.16406361758708954, -0.9058519005775452, 0.36522525548934937, -0.13829661905765533, 0.3738308846950531, 0.07942362129688263, 0.8748565316200256, -0.8571533560752869, 2.8641626834869385, -0.7920095920562744, 0.0, -0.38999998569488525, 0.47999998927116394, -0.22206895053386688, -0.6671021580696106, 0.6765443682670593, 0.2189696580171585, 0.3025701344013214, -0.32050320506095886, 0.26525142788887024, 0.8575375080108643, 0.004932373762130737, -0.44228971004486084, 0.49415528774261475, -0.007421405520290136, 0.23786891996860504, 0.9683880805969238, -0.07475103437900543, 0.05209845304489136, 0.13582512736320496, 0.9988079071044922, -2.5730278491973877, -0.8029178380966187, 0.5761064887046814, 0.04088246077299118, -0.4425688683986664, 0.4858086109161377, -0.003223724663257599, -0.10180801898241043, 0.9754424691200256, -0.1952858716249466, -0.18410955369472504, 0.44135749340057373, 1.0001310110092163, -20.18042755126953, -7.540014266967773, -1.218049168586731, 0.05579337477684021, -0.43454939126968384, 0.49858778715133667, 0.056126151233911514, -0.4379415512084961, 0.8869073390960693, -0.13583947718143463, 0.09877301752567291, -0.14227305352687836, 0.2526911199092865, 1.2596949338912964, 0.7019357681274414, 0.13356544077396393, 0.05669761076569557, -0.40920573472976685, 0.5231057405471802, -0.005648471415042877, -0.2979723811149597, 0.9535861015319824, 0.0430586114525795, 0.06423529982566833, 0.21184141933918, 0.5052006244659424, -4.0169453620910645, 0.12711569666862488, 0.10391710698604584, -0.01797742024064064, -0.38264143466949463, 0.531319797039032, 0.3471510410308838, -0.4650125801563263, 0.7760098576545715, 0.2470991462469101, 0.8384034633636475, 0.013351183384656906, -0.018517622724175453, 5.9637064933776855, 11.001856803894043, 10.618380546569824, 0.9609372019767761, 0.5686691999435425, 2.9205408096313477, 0.0203987006098032, 0.005493509583175182, 0.0011061688419431448, 1.8868865966796875, 0.5016331672668457, 1.083061933517456, -0.03558724746108055, 0.001640767091885209, -0.015879271551966667, 0.6748878955841064, 0.26922452449798584, 0.8512306213378906, -0.011378289200365543, -0.0026289098896086216, 0.00614812970161438, 1.1514015197753906, 0.762464165687561, 1.1335251331329346, -0.007993453182280064, 0.004799341782927513, -0.004084204323589802, 4.151149749755859, 0.299721360206604, -0.7445990443229675, -0.0023429186549037695, 0.05031499266624451, 0.00011325574450893328, 0.44020700454711914, 0.7127460837364197, -1.0, 0.9948972463607788, -1.0, 1.0, 0.046096377074718475, 0.21560591459274292, -0.38932180404663086, -0.8667788505554199, -1.0, -1.0, 1.0, 0.3151925802230835, -1.0, 1.0, 1.0, 0.4615379869937897, -1.0, 0.10846879333257675]
[-0.14028720557689667, -0.1449705958366394, 0.17386339604854584, -0.2157147079706192, -0.11535301059484482, 0.2520062327384949, -0.4197268784046173, -0.46544989943504333, -0.0785333514213562, -0.13458819687366486, -0.16579382121562958, -0.05343391373753548, -0.9971348643302917, -0.8194904923439026, -0.8598475456237793, 0.8043416142463684, 0.3934968113899231, -0.9828860759735107, -0.8935180306434631, 0.506377100944519, 0.6041944026947021, 0.3732941150665283, 0.24415843188762665, 0.23940996825695038, 0.17651882767677307, 1.1088441610336304, -0.21429072320461273, 1.8097597360610962, -1.5469659566879272, -0.8445267677307129, 0.31343117356300354, 0.4167797565460205, 0.16257880628108978, 0.6342229247093201, 0.234261617064476, -0.061766959726810455, -0.04554381221532822, -0.022699838504195213, -0.18594811856746674, -0.466997355222702, -0.5382120013237, 0.21039418876171112, 0.05112537741661072, -0.615821361541748, 0.09444940090179443, 0.26457521319389343, -1.5528160333633423, -0.47761374711990356, 5.8681960105896, 3.517300605773926, 0.13410763442516327, 0.1194411888718605, 0.04171360284090042, -0.015147186815738678, 0.20513850450515747, 0.11375636607408524, -0.040470805019140244, -0.06970781087875366, 0.21279683709144592, 0.49917298555374146, 0.20125485956668854, 0.07036217302083969, 0.43076974153518677, 0.044501595199108124, -0.07948452234268188, -0.020306667312979698, -0.005030058789998293, -0.8661415576934814, -0.24046549201011658, -0.10988077521324158, 0.4802701473236084, 0.160361647605896, 0.02226904220879078, -0.4141652286052704, 0.507956326007843, -0.13367564976215363, -0.8968342542648315, 0.42150813341140747, 0.012240026146173477, 0.27418771386146545, 0.13710661232471466, 0.9656460881233215, -0.8571094870567322, 3.6927831172943115, -1.9173439741134644, 0.0, -0.38999998569488525, 0.47999998927116394, -0.22206895053386688, -0.6671021580696106, 0.6765443682670593, 0.2189696580171585, 0.2990063428878784, -0.18504774570465088, 0.1940002590417862, 0.9158145189285278, 0.0040688421577215195, -0.4385351538658142, 0.5131040215492249, -0.015411734580993652, 0.2631518542766571, 0.9614617228507996, -0.07813408225774765, -0.18381141126155853, 0.3503773808479309, 1.1749807596206665, -2.4901065826416016, -0.9684814810752869, 0.12748204171657562, 0.03757588192820549, -0.44122591614723206, 0.5019648671150208, -0.019367732107639313, 0.029042793437838554, 0.9831002354621887, -0.1797086000442505, -0.329624205827713, 0.24636609852313995, 0.9633662104606628, -11.162541389465332, -3.039705991744995, -2.5448050498962402, 0.05414407327771187, -0.4352574944496155, 0.5088366866111755, 0.05315256491303444, -0.4196490943431854, 0.8972285389900208, -0.12669013440608978, -0.2642801105976105, 0.05050474777817726, 0.8836579322814941, -4.831170082092285, -0.8236180543899536, -2.0306437015533447, 0.05664776638150215, -0.40807539224624634, 0.5317298173904419, -0.008339892141520977, -0.268750935792923, 0.9626389741897583, 0.032086629420518875, -0.06659486889839172, 0.06983984261751175, 0.58463054895401, -3.6937179565429688, -0.8912315964698792, 1.5523666143417358, -0.014672033488750458, -0.38023677468299866, 0.5370794534683228, 0.41215038299560547, -0.44161057472229004, 0.7669886350631714, 0.21642667055130005, 0.00010697171092033386, 0.30204716324806213, 0.4725411534309387, -1.2184007167816162, 2.176182270050049, 4.707763671875, 1.128612756729126, 0.3696572780609131, 0.9226498603820801, -0.009602327831089497, -0.0020847716368734837, -0.005240496248006821, 1.219997763633728, 1.0919101238250732, 0.3628968596458435, -0.053329162299633026, -0.001080112298950553, -0.007650735322386026, 1.4569692611694336, -2.8133108615875244, 0.8357723951339722, 0.028162505477666855, 0.006770343519747257, -0.006864568218588829, 0.809326171875, 0.36550936102867126, 0.8155018091201782, 0.00045258100726641715, 0.0023525122087448835, 0.005198614206165075, 6.496263027191162, 1.4721109867095947, -2.682926893234253, -0.0018824858125299215, 0.05642145499587059, 0.01759188622236252, 0.7953379154205322, 1.0, -1.0, 1.0, -1.0, 1.0, -0.3193137049674988, -0.11647780984640121, 0.2846147418022156, 0.16056501865386963, -1.0, -1.0, -0.027998603880405426, -0.046754028648138046, -0.8265412449836731, -0.11856985092163086, 0.5247063636779785, 1.0, -1.0, 0.03233065456151962]
[-0.07848088443279266, 0.008764543570578098, 0.13163159787654877, -0.012658645398914814, -0.25456616282463074, 0.11701343953609467, -0.4144868850708008, -0.371533066034317, -0.1449674516916275, -0.11911580711603165, -0.1282758116722107, -0.05772218480706215, -0.9730983972549438, -0.8170181512832642, -0.8937786817550659, 0.6149044036865234, 0.3324906527996063, -0.8361196517944336, -0.8675143122673035, 0.36558854579925537, 0.6100018620491028, 0.45492830872535706, 0.016703065484762192, 0.20163846015930176, 0.274053692817688, 1.0838617086410522, -0.19184169173240662, 2.0056376457214355, -1.1420120000839233, -1.483885645866394, -0.10562416166067123, 1.0334558486938477, -1.0332669019699097, -0.16069504618644714, 0.11203864961862564, -0.019788851961493492, 0.36486074328422546, 0.07639871537685394, -0.13787822425365448, -0.9413914680480957, -0.5573164820671082, 1.9760698080062866, 0.46578460931777954, -2.3600382804870605, 0.01148507185280323, 0.16611826419830322, -1.295416235923767, -0.27433106303215027, 2.165295124053955, -0.147612065076828, 0.03247831016778946, 0.048821672797203064, 0.06324028968811035, 0.01116851158440113, 0.021186543628573418, 0.05680694431066513, -0.050448477268218994, -0.04534761980175972, 0.04999557137489319, -0.0057464600540697575, 0.027888014912605286, 0.016702357679605484, 0.07340317964553833, -0.011426369659602642, -0.006057908292859793, 0.1333836168050766, 0.07495897263288498, -0.5407055020332336, -0.06925472617149353, -0.0656234547495842, 0.3255086839199066, 0.10907016694545746, 0.025935471057891846, -0.4113033711910248, 0.5236198306083679, -0.17198379337787628, -0.856694221496582, 0.459218829870224, 0.16004502773284912, 0.14180761575698853, 0.2237561047077179, 0.911927342414856, -0.8865365982055664, 2.3039727210998535, -2.4442496299743652, 0.0, -0.38999998569488525, 0.47999998927116394, -0.22206895053386688, -0.6671021580696106, 0.6765443682670593, 0.2189696580171585, 0.2711276113986969, -0.09520003199577332, 0.06779187172651291, 0.9554218053817749, -0.00015484390314668417, -0.4306762218475342, 0.5325651168823242, -0.019319042563438416, 0.27978602051734924, 0.9569942951202393, -0.0742192268371582, -0.3141520321369171, 0.6404160857200623, 1.1203184127807617, -2.2259294986724854, -0.7054951786994934, -0.4282550513744354, 0.032941512763500214, -0.4387296140193939, 0.519406795501709, -0.02304619736969471, 0.09134262055158615, 0.9810508489608765, -0.169306218624115, -0.30059248208999634, 0.2708267867565155, 1.0211076736450195, -4.548710346221924, -0.857671856880188, -0.817912220954895, 0.04949536919593811, -0.4339970648288727, 0.522857666015625, 0.04332908242940903, -0.37071165442466736, 0.9207553267478943, -0.11360035836696625, -0.3503377437591553, 0.19563618302345276, 0.9258365631103516, -7.361319065093994, -1.5553113222122192, -1.9413788318634033, 0.05570114031434059, -0.40562325716018677, 0.5421119928359985, -0.010121283121407032, -0.1850312352180481, 0.9826543927192688, 0.007159088738262653, -0.055123232305049896, 0.43056806921958923, 0.7456281781196594, -14.539255142211914, -0.5531644225120544, 3.244252920150757, -0.021251453086733818, -0.37277066707611084, 0.5473361015319824, 0.3940568268299103, -0.40338045358657837, 0.8004131317138672, 0.203327938914299, -0.5880983471870422, 0.6316743493080139, 0.808860719203949, -7.452781677246094, -5.768354892730713, 1.8825860023498535, 0.3376862406730652, -0.42209434509277344, 0.5125139951705933, 0.004837095737457275, 0.00017451224266551435, -0.0002560269203968346, 0.1777021884918213, 0.7126597166061401, -0.12965825200080872, -0.03465772420167923, 0.001466448768042028, 0.0032839386258274317, 0.32544398307800293, -0.3372292220592499, -0.03054998628795147, 0.011643918231129646, 0.0001952099846675992, 0.0003958797315135598, 0.17834259569644928, -1.5950292348861694, 0.13228407502174377, 0.05103353410959244, -0.0005311389686539769, 0.005226927809417248, 4.17176628112793, 0.6700388193130493, -2.1866445541381836, 0.0022018160670995712, 0.042321912944316864, 0.014672327786684036, 0.5886234045028687, 0.9201543927192688, -1.0, 1.0, -0.8344801068305969, 0.35292381048202515, 0.6815570592880249, -0.8683919310569763, -0.01209915243089199, -0.04977517947554588, -0.6812156438827515, -1.0, -0.8418108224868774, 0.03663209453225136, 0.6953561902046204, -1.0, 0.5813519954681396, 0.7415765523910522, -1.0, 0.08823534101247787]
[-0.021657001227140427, 0.1558579057455063, 0.06703280657529831, 0.18895681202411652, -0.36903879046440125, -0.03440648689866066, -0.49694693088531494, -0.2507258951663971, -0.22372707724571228, -0.14459829032421112, -0.11667463928461075, -0.014563717879354954, -0.9231533408164978, -0.8045545220375061, -0.9215821623802185, 0.37671321630477905, 0.30063876509666443, -0.5846099853515625, -0.7920695543289185, 0.1646648496389389, 0.641381561756134, 0.4742032289505005, -0.16344764828681946, 0.13360880315303802, 0.17708022892475128, 1.0097612142562866, -0.28694388270378113, 1.690383791923523, -1.0005382299423218, -1.3194483518600464, -0.35238412022590637, 1.254837989807129, -0.5343557000160217, -0.23177719116210938, 0.0086366580799222, 0.6369439959526062, 0.5200372934341431, 0.15002968907356262, -0.21672165393829346, -1.0608102083206177, -0.10774077475070953, 2.516417980194092, 1.1300995349884033, -2.539823055267334, 0.3471243679523468, -0.007168622221797705, -1.0083274841308594, -0.811130702495575, -2.3218133449554443, -0.7593623399734497, -0.044387686997652054, -0.26060017943382263, -0.0727064236998558, -0.008775440976023674, -0.03387681767344475, 0.0018302013631910086, 0.05815152823925018, 0.027658220380544662, -0.0780482217669487, 0.11124813556671143, 0.06235996261239052, 0.027066320180892944, -0.3291040360927582, -0.12840218842029572, 0.0779932290315628, 0.06219189241528511, 0.06007904186844826, 0.13991297781467438, 0.15766260027885437, 0.033630285412073135, -0.01700485311448574, -0.011489875614643097, 0.026979690417647362, -0.4058997333049774, 0.537222146987915, -0.2181587517261505, -0.8033574223518372, 0.5010018944740295, 0.2366865873336792, 0.036068446934223175, 0.5025128126144409, 0.7746897339820862, -2.4414384365081787, -0.24643924832344055, -1.1479241847991943, 0.0, -0.38999998569488525, 0.47999998927116394, -0.22206895053386688, -0.6671021580696106, 0.6765443682670593, 0.2189696580171585, 0.2140781134366989, -0.054353855550289154, -0.017558228224515915, 0.9751449227333069, -0.004305702168494463, -0.4194498658180237, 0.5494204163551331, -0.023372022435069084, 0.29709649085998535, 0.9515838623046875, -0.07533495873212814, -0.22772793471813202, 0.7251803278923035, 0.8554837107658386, -1.8557764291763306, -0.4284202754497528, 0.5510081052780151, 0.029426444321870804, -0.432992547750473, 0.5365250706672668, -0.026293650269508362, 0.14088349044322968, 0.974176824092865, -0.17447055876255035, -0.23297110199928284, 0.5606459379196167, 0.980543851852417, -7.2632880210876465, -1.747093677520752, 0.8622390627861023, 0.04497059807181358, -0.4292483329772949, 0.5382475852966309, 0.032235197722911835, -0.29127809405326843, 0.9502017498016357, -0.10599250346422195, -0.28029850125312805, 0.5347771048545837, 1.0385857820510864, -11.340725898742676, -2.3504714965820312, -0.9341679215431213, 0.055243637412786484, -0.39878910779953003, 0.5529538989067078, -0.01216735690832138, -0.028963349759578705, 0.9991883039474487, -0.025212034583091736, 0.0209931880235672, 0.8548406362533569, 0.6328997611999512, -22.3553524017334, -0.6003056168556213, 3.940579414367676, -0.030955195426940918, -0.3610038757324219, 0.5573509335517883, 0.3560320734977722, -0.3476242423057556, 0.8460531234741211, 0.1912921518087387, -0.5640468597412109, 0.8815256357192993, 0.6477702856063843, -8.371053695678711, -4.185067176818848, 3.529719114303589, -0.38021230697631836, 0.3179832696914673, -1.2291920185089111, -0.004005691036581993, 0.0011078933021053672, 0.0018761277897283435, -0.28000783920288086, -0.6413255929946899, 0.1273910105228424, 0.01803833618760109, 0.000256208935752511, -0.00028858784935437143, -0.5904810428619385, -0.8245214819908142, -0.10122456401586533, 0.014698497951030731, -0.0028161366935819387, 0.003824117360636592, -1.1384302377700806, -1.229737401008606, -0.46111828088760376, 0.04163297265768051, -0.009293057024478912, 0.005990275181829929, -0.4090672731399536, -0.5210481882095337, 0.20541471242904663, 0.0025506201200187206, -0.004944801330566406, -0.0005104696610942483, -0.05630309134721756, 0.9517713189125061, -1.0, 1.0, -0.928573727607727, -0.7736056447029114, 0.801761269569397, -0.37629738450050354, -0.17455799877643585, 0.5083279013633728, -0.5768425464630127, -0.9087390303611755, -0.8916941285133362, 0.30347010493278503, 1.0, -1.0, 1.0, 0.37832796573638916, -1.0, -0.44643792510032654]
[-0.0019005731446668506, 0.300113320350647, -0.03415307775139809, 0.29423439502716064, -0.47079047560691833, -0.1603720784187317, -0.5523638129234314, -0.16104575991630554, -0.2636249363422394, -0.1629188060760498, -0.1547165811061859, 0.03154349327087402, -0.9031953811645508, -0.792208731174469, -0.944355845451355, 0.22601881623268127, 0.26757916808128357, -0.324922114610672, -0.5761839747428894, 0.004347267560660839, 0.6929352283477783, 0.47981223464012146, -0.30304408073425293, 0.03386606276035309, 0.007507664151489735, 1.005012035369873, -0.39689281582832336, 0.6310552954673767, -0.9108411073684692, -1.0951155424118042, -0.24544647336006165, 0.5491995215415955, -0.302822083234787, -0.1291765719652176, -0.25059953331947327, 0.3149898648262024, 0.007101170718669891, 0.0606100857257843, -0.037769027054309845, -0.3826863765716553, -0.4015936553478241, 2.3372251987457275, 2.650648832321167, -1.6660034656524658, 0.3873833119869232, 0.028968054801225662, -0.7893818616867065, -0.980651319026947, -3.5726442337036133, -0.6307124495506287, -0.0465083085000515, -0.327620267868042, -0.11091195791959763, -0.026612423360347748, -0.09750744700431824, -0.31590086221694946, -0.10605505108833313, -0.028071284294128418, -0.14603255689144135, -0.15587091445922852, -0.09990464895963669, -0.04262543469667435, 0.02190452255308628, 0.02429046854376793, 9.355717338621616e-05, -0.044475801289081573, 0.024571459740400314, 0.4976988136768341, 0.008214186877012253, -0.012510176748037338, -0.199725940823555, -0.05564520135521889, 0.026575393974781036, -0.398414671421051, 0.5476924180984497, -0.2598005533218384, -0.7465949654579163, 0.5655515193939209, 0.2350553423166275, 0.010825088247656822, 0.4277598559856415, 0.5389191508293152, -2.1786999702453613, 0.03386637568473816, -0.5081756114959717, 0.0, -0.38999998569488525, 0.47999998927116394, -0.22206895053386688, -0.6671021580696106, 0.6765443682670593, 0.2189696580171585, 0.12313403189182281, -0.05685088783502579, -0.04270470142364502, 0.9898393154144287, -0.005843516439199448, -0.41054481267929077, 0.5618364214897156, -0.026931971311569214, 0.29172539710998535, 0.9519352912902832, -0.08938796818256378, -0.04415498301386833, 0.43762868642807007, 0.6575568318367004, 1.7822569608688354, 0.5440089702606201, 1.9425171613693237, 0.027351509779691696, -0.42562803626060486, 0.551478385925293, -0.02917223423719406, 0.19485227763652802, 0.9636519551277161, -0.18043407797813416, -0.07026185095310211, 0.5115942358970642, 0.750266969203949, -5.509537220001221, -0.9983144998550415, 1.2045496702194214, 0.04320521652698517, -0.422571063041687, 0.5522541403770447, 0.027282293885946274, -0.22033628821372986, 0.9687108993530273, -0.11093518882989883, -0.03117571584880352, 0.5076046586036682, 0.7968450784683228, -6.826551914215088, -1.2269096374511719, 1.224299669265747, 0.055065810680389404, -0.3901858329772949, 0.5619730353355408, -0.0211297906935215, 0.184345081448555, 0.9815657138824463, -0.045814476907253265, -0.07550869882106781, 0.9172781705856323, 0.33243411779403687, -27.747560501098633, -2.7868857383728027, 1.3023109436035156, -0.03782466799020767, -0.3486388027667999, 0.564202606678009, 0.34408387541770935, -0.2852819859981537, 0.8757771849632263, 0.18230362236499786, -0.27087631821632385, 0.8077754974365234, 0.37167683243751526, -6.923322677612305, 0.3941369354724884, 3.6795248985290527, -0.5133683085441589, 0.9102662801742554, -1.474204659461975, -0.012958431616425514, 0.0006136728916317225, 0.0007526783156208694, -0.6865319609642029, 0.9030836224555969, -1.4484241008758545, -0.014525031670928001, 0.0022771568037569523, 0.005106342025101185, -0.9847086071968079, 1.3163862228393555, -0.38371461629867554, -0.022879643365740776, -0.004435000475496054, 0.007803304120898247, 0.07379167526960373, -0.05033499747514725, -0.2650388777256012, 0.023816436529159546, 0.00232656835578382, -0.010585757903754711, -2.347482442855835, 0.19876396656036377, 1.7622928619384766, -0.004766901023685932, -0.018085481598973274, -0.0038284254260361195, -0.36283814907073975, 1.0, -1.0, 0.3749432861804962, -1.0, -0.4721675515174866, 0.12222801893949509, -0.3688448667526245, -0.6442907452583313, 0.13846571743488312, -1.0, -0.9312111735343933, -0.01449304074048996, -0.02489982172846794, 1.0, -0.5900068283081055, 1.0, 0.5730140805244446, -1.0, -0.5924335718154907]
[-0.024182191118597984, 0.4338367283344269, -0.11093688011169434, 0.30714163184165955, -0.5214199423789978, -0.25459083914756775, -0.6248692274093628, -0.11217791587114334, -0.2669788897037506, -0.17067499458789825, -0.22441348433494568, 0.014461050741374493, -0.8776654005050659, -0.785273015499115, -0.9167170524597168, 0.18179544806480408, 0.15866923332214355, -0.09394246339797974, -0.2818661630153656, -0.11802317202091217, 0.7034494280815125, 0.4553931653499603, -0.4178963005542755, -0.04524785652756691, -0.14606375992298126, 0.8904444575309753, -0.22403526306152344, -0.11424825340509415, -0.23589041829109192, -0.6210183501243591, -0.3838364779949188, 0.3629133999347687, 0.09691114723682404, -0.018819088116288185, -0.3085272014141083, -0.40970826148986816, 0.351665735244751, 0.09357979148626328, 0.206128790974617, -0.07421678304672241, -1.3327298164367676, 2.0152180194854736, 2.6901729106903076, -1.4228401184082031, -0.10204572975635529, -0.11321645975112915, -0.6639807820320129, -0.6009209752082825, -3.2546627521514893, -1.7425305843353271, -0.021242093294858932, -0.29580727219581604, -0.057916026562452316, 0.010208485648036003, -0.11311528086662292, -0.1827009916305542, -0.03198988735675812, -0.00018676990293897688, -0.09918716549873352, -0.30734068155288696, -0.10107941180467606, -0.031242217868566513, -0.047878727316856384, -0.00648456858471036, -0.18225133419036865, -0.12235128879547119, -0.05831685662269592, 0.27305325865745544, -0.2437293827533722, -0.15569773316383362, -0.10977035760879517, -0.01628938317298889, 0.02626343071460724, -0.3906714916229248, 0.555014431476593, -0.27371135354042053, -0.6940117478370667, 0.6392307281494141, 0.1865846961736679, -0.0621420294046402, 0.505133330821991, 0.35279178619384766, -2.700429677963257, -0.7237533330917358, 1.402400016784668, 0.0, -0.38999998569488525, 0.47999998927116394, -0.22206895053386688, -0.6671021580696106, 0.6765443682670593, 0.2189696580171585, 0.024597734212875366, -0.07072099298238754, -0.014735669828951359, 0.9970837831497192, -0.00507616251707077, -0.40478047728538513, 0.5710721611976624, -0.02811705507338047, 0.27989181876182556, 0.9537087678909302, -0.10634668171405792, 0.07947544008493423, 0.28871023654937744, 0.4841720759868622, 0.3194313645362854, 0.4756515920162201, 1.8041183948516846, 0.02780991978943348, -0.41779425740242004, 0.56349116563797, -0.033522363752126694, 0.24717827141284943, 0.9484862685203552, -0.195327490568161, 0.05446949228644371, 0.5662491321563721, 0.5896831154823303, -6.467052459716797, -1.3656235933303833, 2.697444200515747, 0.044590141624212265, -0.4170444905757904, 0.5626873970031738, 0.02877052314579487, -0.17513228952884674, 0.9759874939918518, -0.12629035115242004, 0.151199609041214, 0.3630204498767853, 0.5511606931686401, -4.591672420501709, -0.6218824982643127, 2.2600932121276855, 0.054868049919605255, -0.3845309615135193, 0.5687025785446167, -0.0408506765961647, 0.38056352734565735, 0.9224938154220581, -0.05007719248533249, -0.04005745053291321, 0.46541836857795715, 0.08760079741477966, -21.555429458618164, -3.7776525020599365, 0.593291163444519, -0.042959004640579224, -0.3392598032951355, 0.567522406578064, 0.33481940627098083, -0.23599401116371155, 0.8964208960533142, 0.16921108961105347, -0.2838760316371918, 0.542576789855957, 0.15645137429237366, -4.648521900177002, -1.8972914218902588, 3.5746517181396484, -0.39010488986968994, 0.2431229054927826, -1.2112782001495361, 0.013855330646038055, -0.0004455550224520266, -0.002120068296790123, -0.6964768171310425, 0.12808552384376526, -0.8830868005752563, 0.0017345130909234285, 0.003972637001425028, 0.007303130812942982, -0.6759738922119141, 1.4226340055465698, -0.6209716796875, -0.00990271009504795, -0.001573496381752193, 0.004271616227924824, -0.1265767514705658, 1.3852078914642334, -1.2135593891143799, -0.03753874450922012, 0.0018902348820120096, -0.0038944792468100786, -1.1025753021240234, 2.015437602996826, 0.9546434879302979, -0.010280029848217964, 0.0013518277555704117, 0.013534046709537506, -0.5664548277854919, 1.0, -1.0, -0.30850526690483093, -0.5462591648101807, -0.4658607840538025, 0.5626752972602844, 0.017274953424930573, -0.695084810256958, -0.38985443115234375, -0.6243508458137512, -0.6716431379318237, 0.20126911997795105, -0.8496270179748535, 1.0, -0.7063837647438049, 0.4568653106689453, 0.024298720061779022, -1.0, -0.3440825939178467]
[-0.028692150488495827, 0.5524762868881226, -0.15680965781211853, 0.24520091712474823, -0.5641242861747742, -0.30007579922676086, -0.6251633763313293, -0.14692208170890808, -0.1612526923418045, -0.15426000952720642, -0.2911645472049713, -0.08652257174253464, -0.8389624357223511, -0.7727692127227783, -0.8963685631752014, 0.20315589010715485, 0.0010528509737923741, 0.06466516107320786, -0.03917265683412552, -0.1739494651556015, 0.6773498058319092, 0.45895916223526, -0.48998743295669556, -0.08681122213602066, 0.07782559841871262, 0.7825953960418701, -0.07520454376935959, -0.8869203925132751, -0.48032093048095703, -0.3874271810054779, 0.13173644244670868, -0.6235270500183105, 1.4434202909469604, 0.3351490795612335, -0.25267794728279114, -1.2158311605453491, 0.3533797264099121, 0.12553542852401733, 0.026912366971373558, 0.17451106011867523, -1.531087875366211, 1.1662397384643555, 1.8399040699005127, -0.29042965173721313, -0.23632650077342987, 0.07043374329805374, -0.3372797667980194, -0.27324581146240234, 4.829596996307373, -1.9138379096984863, 0.11787986755371094, -0.26995015144348145, -0.11925805360078812, -0.04007980599999428, 0.17315754294395447, -0.2737766206264496, -0.013960830867290497, 0.020062318071722984, 0.16129282116889954, -0.32100415229797363, -0.13141873478889465, -0.04587320238351822, -0.1727462112903595, 0.09536490589380264, -0.15057197213172913, -0.10723669081926346, -0.07545336335897446, 0.34232795238494873, -0.1454617977142334, -0.05389724671840668, -0.12189250439405441, -0.025697924196720123, 0.022717300802469254, -0.38483837246894836, 0.5590620636940002, -0.227351114153862, -0.6595421433448792, 0.7063572406768799, 0.11989615857601166, -0.29128387570381165, 0.26123008131980896, 0.15766185522079468, -1.743870735168457, 0.21673229336738586, 1.7161182165145874, 0.0, -0.38999998569488525, 0.47999998927116394, -0.680834949016571, 0.29280850291252136, -0.346786230802536, 0.5748621225357056, -0.07095874845981598, 0.1455024927854538, 0.9632460474967957, -0.21436209976673126, -0.00457095168530941, -0.4028095304965973, 0.5779917240142822, -0.02471059560775757, 0.257188081741333, 0.959090530872345, -0.11571131646633148, -0.00570056214928627, -0.06123431771993637, 0.3895910978317261, 4.659380912780762, 1.4530638456344604, -0.12776251137256622, 0.026844972744584084, -0.411969929933548, 0.571776807308197, -0.03967864438891411, 0.3131369352340698, 0.928780734539032, -0.19426016509532928, -0.18022844195365906, 0.4020150899887085, 0.31502315402030945, -9.127551078796387, -3.1130564212799072, -0.7626517415046692, 0.04595654457807541, -0.41523900628089905, 0.5692508816719055, 0.03383352980017662, -0.1590896099805832, 0.9771036505699158, -0.13716445863246918, 0.03680659830570221, 0.009138179942965508, 0.29830214381217957, -0.36003509163856506, 0.583641529083252, 0.7662323713302612, 0.05405796691775322, -0.3833692669868469, 0.5734611749649048, -0.05213193967938423, 0.499006450176239, 0.8640803694725037, -0.0404941700398922, -0.0842476412653923, 0.04282153397798538, 0.0783764123916626, -11.141645431518555, -1.9630604982376099, -1.6021702289581299, -0.04618831351399422, -0.3334128260612488, 0.5692501664161682, 0.3297925591468811, -0.20456700026988983, 0.9071177244186401, 0.16287001967430115, -0.13043218851089478, 0.3218957781791687, 0.10550710558891296, -2.7268872261047363, 0.3653982877731323, 0.9500669240951538, 0.9427202939987183, 1.0824052095413208, -1.3582764863967896, -0.023843728005886078, -0.005175524856895208, -0.011079197749495506, 1.1806542873382568, -0.36196601390838623, -1.1719509363174438, 0.01463282760232687, -0.004830688238143921, -0.011957306414842606, 1.10316002368927, 1.7814089059829712, -0.7041705846786499, -0.019152069464325905, 0.0030802981927990913, -0.0067023602314293385, 0.5371530055999756, 1.2239696979522705, -1.3624496459960938, -0.05709382891654968, -0.010580736212432384, -0.004480808973312378, -1.0487216711044312, 1.0880881547927856, 1.1825652122497559, -0.015320316888391972, -0.00891837663948536, -0.007554669864475727, 0.5653061866760254, 1.0, -1.0, -0.5723704099655151, -0.9049675464630127, 0.7527682185173035, -0.5187460780143738, 1.0, -0.5632836818695068, -0.9995943903923035, -0.6493889093399048, -1.0, 0.5637691617012024, -1.0, 0.5757536292076111, -0.12797856330871582, 0.4432535171508789, 0.7085954546928406, -0.7355547547340393, -0.19951671361923218]
[-0.02875308133661747, 0.6229886412620544, -0.16559958457946777, 0.13689081370830536, -0.6200063824653625, -0.3512282967567444, -0.7191826105117798, -0.16920411586761475, -0.16116845607757568, -0.13290530443191528, -0.37487131357192993, -0.2171088010072708, -0.8333320021629333, -0.7643418908119202, -0.8856815695762634, 0.15082161128520966, -0.151238352060318, 0.05142427608370781, 0.06874734163284302, -0.24974681437015533, 0.5446342825889587, 0.3704913258552551, -0.4483559727668762, -0.009311756119132042, -0.059296634048223495, 0.30578863620758057, -0.0033569454681128263, -1.0471744537353516, -0.49977436661720276, -0.5664006471633911, -0.6723019480705261, -0.015336163341999054, -0.8051280379295349, -0.028476392850279808, -0.39484724402427673, -1.214461326599121, -0.11189436167478561, 0.02079561911523342, 0.04334540292620659, -0.4215976297855377, -1.355703353881836, -0.8923097848892212, 0.2483847439289093, -1.3012880086898804, -1.3665807247161865, -0.387663334608078, 0.5861439108848572, 1.2346233129501343, -2.862832546234131, -5.4772844314575195, -0.04186517745256424, -0.28314584493637085, -0.07442649453878403, -0.024189690127968788, -0.17693720757961273, -0.1791318953037262, -0.2129078507423401, -0.09715983271598816, -0.10539823025465012, -0.31307387351989746, -0.1411057710647583, -0.05286949872970581, -0.48003220558166504, -0.11765599250793457, -0.15932363271713257, -0.20516188442707062, -0.13784585893154144, -0.12595060467720032, -0.5555782914161682, -0.32837238907814026, 0.12921632826328278, 0.07997411489486694, 0.01854098215699196, -0.38195204734802246, 0.5594622492790222, -0.1937265545129776, -0.6146543622016907, 0.7646046280860901, -0.007045645732432604, -0.24082109332084656, 0.11290064454078674, -0.07196802645921707, -2.3867907524108887, -1.762109637260437, 3.4252688884735107, 0.0, -0.38999998569488525, 0.47999998927116394, -0.680834949016571, 0.29280850291252136, -0.346786230802536, 0.5748621225357056, -0.10543393343687057, 0.2364726960659027, 0.9123018383979797, -0.31728485226631165, -0.0035783741623163223, -0.4056711494922638, 0.5809485912322998, -0.01605956256389618, 0.1957659125328064, 0.9733291268348694, -0.1185244619846344, 0.14416885375976562, -0.38018813729286194, 0.11190477758646011, 8.76018238067627, 2.2315354347229004, 0.14615975320339203, 0.027853475883603096, -0.40893930196762085, 0.5763468742370605, -0.0403687059879303, 0.3318507671356201, 0.9188036322593689, -0.20986972749233246, 0.1865953952074051, 0.06230328977108002, 0.19992463290691376, 2.243607997894287, 2.2277469635009766, 3.314409017562866, 0.04839424043893814, -0.4170331358909607, 0.5706533789634705, 0.0454886332154274, -0.18239247798919678, 0.9708988666534424, -0.14838837087154388, 0.26688075065612793, -0.22997169196605682, -0.08678458631038666, 4.624407768249512, 2.199382781982422, 1.9824926853179932, 0.05491834878921509, -0.3872240483760834, 0.5758713483810425, -0.057620614767074585, 0.49828338623046875, 0.8636941313743591, -0.04925284534692764, 0.12444603443145752, -0.41391611099243164, 0.17815729975700378, 8.125723838806152, 1.3804821968078613, 2.886263608932495, -0.05352338030934334, -0.3327878415584564, 0.5673071146011353, 0.2410789579153061, -0.19648125767707825, 0.9405555129051208, 0.13649612665176392, -0.7811574339866638, -0.08660711348056793, -0.11334969103336334, -1.8087131977081299, -17.5880126953125, 2.522683620452881, -0.384853720664978, 0.6481034755706787, -1.7238752841949463, -0.014468139037489891, 0.001907016383484006, 0.0011346784885972738, -0.892151951789856, 1.7662043571472168, -2.1435508728027344, -0.07066677510738373, 0.011494788341224194, 0.01575249433517456, -0.6914517879486084, 1.9486589431762695, -1.1961101293563843, -0.02363961562514305, -0.001331340754404664, 0.006173341069370508, -0.7383822798728943, 1.7890830039978027, -2.0772383213043213, -0.1110096126794815, 0.010051613673567772, 0.009947450831532478, 1.640610694885254, 4.563817977905273, -1.5053143501281738, -0.013254720717668533, 0.05372436344623566, 0.03949306532740593, -0.4444945752620697, 0.5064002275466919, -1.0, -1.0, -0.9875794649124146, -1.0, 0.35329294204711914, -1.0, -1.0, -1.0, -1.0, -1.0, -0.6877167820930481, -1.0, -1.0, -1.0, -0.8991444706916809, -1.0, 0.36357662081718445, 1.0]
[-0.07964426279067993, 0.6025683879852295, -0.16318897902965546, 0.0028695217333734035, -0.6690989136695862, -0.41211581230163574, -0.8163084983825684, -0.22482037544250488, -0.26873940229415894, -0.15502193570137024, -0.47174662351608276, -0.2951717674732208, -0.8521010875701904, -0.7669896483421326, -0.8703033924102783, 0.0659290999174118, -0.26924607157707214, -0.08106239140033722, 0.0522407591342926, -0.3623453974723816, 0.3685356080532074, 0.1952992081642151, -0.28162986040115356, 0.1362888514995575, -0.2866602838039398, -0.37461352348327637, -0.060452770441770554, -1.4133387804031372, -0.4471208155155182, -0.5610143542289734, -0.25621676445007324, -0.7709491848945618, -1.0996993780136108, -0.30893799662590027, -0.37667372822761536, -0.5126502513885498, -0.20833542943000793, -0.05200375244021416, 0.04290018975734711, -0.3114512860774994, -0.9720273017883301, -1.398685336112976, -0.36459821462631226, -1.4243710041046143, -1.2428749799728394, -0.4666302800178528, 1.2537130117416382, 1.399243712425232, -4.483943939208984, -9.419307708740234, -0.13294005393981934, -0.5829412341117859, -0.1814630627632141, -0.04954376071691513, -0.02759508043527603, -0.6849581599235535, -0.21527817845344543, -0.0620955266058445, -0.1047525480389595, -0.42451873421669006, -0.13640841841697693, -0.04145219922065735, -0.79530268907547, -0.05725310742855072, -0.2920014262199402, -0.06609058380126953, -0.022608764469623566, 0.21535681188106537, -0.2593311369419098, -0.1232113316655159, -0.0990196168422699, -0.026491276919841766, 0.01638479344546795, -0.38377833366394043, 0.5544907450675964, -0.15877895057201385, -0.5789794921875, 0.7749260067939758, -0.19764001667499542, -0.05529047176241875, -0.17027533054351807, -0.37938204407691956, -1.632761836051941, -3.4871127605438232, 4.3264546394348145, 0.0, -0.38999998569488525, 0.47999998927116394, -0.680834949016571, 0.29280850291252136, -0.346786230802536, 0.5748621225357056, -0.19971340894699097, 0.30769631266593933, 0.8176180720329285, -0.44377726316452026, 0.0009109319653362036, -0.4142778813838959, 0.5766938924789429, -0.005096119828522205, 0.09567425400018692, 0.9872527122497559, -0.12709219753742218, 0.43252846598625183, -0.8515673279762268, -0.38831377029418945, 13.554723739624023, 3.4270753860473633, 1.5514731407165527, 0.03383936360478401, -0.41308534145355225, 0.5732600688934326, -0.02742597460746765, 0.25750061869621277, 0.9365089535713196, -0.23641511797904968, 0.5217821598052979, -0.5640581250190735, -0.2705753743648529, 11.448460578918457, 5.634781837463379, 1.8614730834960938, 0.05406217649579048, -0.4199722409248352, 0.566020131111145, 0.0610487163066864, -0.22458428144454956, 0.9577506184577942, -0.16896356642246246, 0.4624212682247162, -0.2404138296842575, -0.43226027488708496, 5.35474157333374, 2.2055985927581787, 3.0807206630706787, 0.059603653848171234, -0.39493173360824585, 0.5728586912155151, -0.059318576008081436, 0.4006575047969818, 0.911088764667511, -0.07662994414567947, 0.36887326836586, -0.6616407632827759, -0.15336550772190094, 15.030691146850586, 3.12147855758667, 3.5925793647766113, -0.061944760382175446, -0.33805590867996216, 0.5603329539299011, 0.0843755379319191, -0.2121361792087555, 0.96979159116745, 0.08592518419027328, -0.706488847732544, -0.4561348259449005, -0.48282501101493835, 1.4757080078125, -20.736473083496094, 2.12652587890625, -0.9691928625106812, 1.8165850639343262, -3.152061700820923, -0.02229498326778412, 0.0031625127885490656, 0.010788199491798878, -0.22366963326931, 1.2756742238998413, -4.110138893127441, -0.04296041280031204, 0.0066286856308579445, -0.003096825908869505, -0.7030706405639648, 2.05853009223938, -1.6920444965362549, -0.010574249550700188, 0.001646346179768443, 0.005386389791965485, -0.6500470638275146, -0.5589079260826111, -2.2649965286254883, -0.030992384999990463, 0.0019257223466411233, 0.0014346448006108403, -1.6034044027328491, 2.816122055053711, 0.3193086087703705, -0.015237612649798393, -0.0008368014241568744, 0.007042554207146168, -1.0, -1.0, -0.4016505777835846, -1.0, -0.9470354914665222, -1.0, -0.899096667766571, -1.0, -1.0, -0.5370046496391296, -1.0, -1.0, -0.3409413993358612, -0.8251979351043701, -1.0, -1.0, -0.6321588158607483, -1.0, 1.0, 1.0]
[-0.16098280251026154, 0.48961323499679565, -0.2058006227016449, -0.1465992033481598, -0.6610388159751892, -0.44937193393707275, -0.8547104597091675, -0.31816330552101135, -0.383136123418808, -0.19132377207279205, -0.5305011868476868, -0.3429453372955322, -0.8726863861083984, -0.7728767991065979, -0.8236888647079468, 0.0006287948344834149, -0.34497636556625366, -0.22769179940223694, 0.006413854658603668, -0.47087639570236206, 0.24728064239025116, 0.02311800979077816, -0.07912658900022507, 0.2780231535434723, -0.3210948407649994, -1.1038609743118286, -0.2390468418598175, -1.3681139945983887, 0.3483324646949768, -0.08243244886398315, -0.04397304728627205, -0.8540458679199219, -1.0392974615097046, -0.3524783253669739, -0.1928143948316574, -0.4678671061992645, -0.18174611032009125, -0.05499068647623062, 0.24696679413318634, -0.2654012143611908, -0.5696879625320435, -1.3245590925216675, -0.45173484086990356, -1.2797247171401978, -0.6857620477676392, -0.4037211835384369, 1.2375028133392334, 1.2575122117996216, -0.29474225640296936, -9.520923614501953, -0.013976632617413998, -0.49185678362846375, -0.09578447788953781, 0.0050199273973703384, 0.11468300223350525, -0.46097755432128906, -0.10869817435741425, -0.019824068993330002, 0.05283340439200401, -0.6263192892074585, -0.21487432718276978, -0.06767207384109497, -0.8210644125938416, 0.015782227739691734, -0.38413769006729126, -0.06771459430456161, -0.004136376548558474, 0.18273694813251495, -0.1186075210571289, -0.030709298327565193, -0.12230060249567032, -0.05008130520582199, 0.015463100746273994, -0.3866168260574341, 0.5461218953132629, -0.14369994401931763, -0.543921709060669, 0.711610734462738, -0.4208439290523529, -0.05529047176241875, -0.17027533054351807, -0.5429147481918335, -0.4223945140838623, -3.115618944168091, 4.662191390991211, 0.0, -0.38999998569488525, 0.47999998927116394, -0.680834949016571, 0.29280850291252136, -0.346786230802536, 0.5748621225357056, -0.34939172863960266, 0.3448692858219147, 0.6755326390266418, -0.5501330494880676, 0.008737323805689812, -0.42588257789611816, 0.5640804171562195, 0.007750091142952442, -0.006967001128941774, 0.9890429973602295, -0.14725960791110992, 0.5687598586082458, -0.879252552986145, -0.9921766519546509, 10.589934349060059, 3.1031882762908936, 2.7008373737335205, 0.042449045926332474, -0.4224643409252167, 0.560977041721344, -0.007491234689950943, 0.13340650498867035, 0.9569877982139587, -0.25752824544906616, 0.6253368258476257, -0.8533356189727783, -0.9108390212059021, 15.099309921264648, 6.820405960083008, 1.1822956800460815, 0.06116265431046486, -0.4246956706047058, 0.554423987865448, 0.0750415101647377, -0.2829468250274658, 0.937444269657135, -0.18843601644039154, 0.5040567517280579, -0.4598488211631775, -0.9979140758514404, 8.573090553283691, 2.7888104915618896, 2.424457311630249, 0.06596299260854721, -0.4037275016307831, 0.5635751485824585, -0.05950983241200447, 0.27442118525505066, 0.9539484977722168, -0.10551619529724121, 0.42743203043937683, -0.7736667990684509, -0.6169043183326721, 16.163692474365234, 3.128101110458374, 3.7486331462860107, -0.06668145954608917, -0.3459891676902771, 0.5505121946334839, -0.0654994547367096, -0.24970178306102753, 0.965001106262207, 0.046168796718120575, -0.4074499011039734, -0.602035641670227, -0.7345961332321167, 5.307403564453125, -17.033231735229492, -0.3954499661922455, -0.23651567101478577, 0.7565908432006836, -2.5791213512420654, 0.016368787735700607, 0.0009298579534515738, 0.004573972895741463, 0.5994061231613159, 0.41097909212112427, -3.009965181350708, -0.013659384101629257, 0.005152094177901745, -0.007953577674925327, 0.23432610929012299, 3.152703285217285, -1.8744735717773438, -0.02038152515888214, 0.004565506242215633, 0.0010737731354311109, -0.1390291154384613, -0.4692745506763458, -2.631829261779785, -0.011175496503710747, -0.0010058908956125379, 0.001220635836943984, -1.9078764915466309, 1.4648237228393555, 0.27648138999938965, -0.012555139139294624, -0.01955527812242508, -0.013488042168319225, -0.7361763119697571, -1.0, -0.6177080869674683, -1.0, -0.32578086853027344, -1.0, -1.0, -1.0, -1.0, -0.5243189930915833, -1.0, -0.5941647291183472, -0.16638648509979248, -0.7355822324752808, -1.0, -1.0, -0.19354861974716187, -0.8879901170730591, 1.0, 1.0]
[-0.18451906740665436, 0.3091332018375397, -0.24668598175048828, -0.28599780797958374, -0.5815353393554688, -0.43823692202568054, -0.8862136006355286, -0.3995981812477112, -0.485198974609375, -0.22740064561367035, -0.582430899143219, -0.3995624780654907, -0.8913822174072266, -0.7787489891052246, -0.7372788786888123, -0.06817439198493958, -0.425220251083374, -0.3577660620212555, -0.043765440583229065, -0.5623103380203247, 0.18836677074432373, -0.13503028452396393, 0.10148697346448898, 0.4001680910587311, 0.07293664664030075, -1.3933390378952026, -0.12727545201778412, -1.2411683797836304, 0.9378053545951843, 0.2316150665283203, -0.1670723408460617, -0.7505766749382019, -0.8914653062820435, -0.3200714886188507, -0.2375382035970688, -0.5371886491775513, -0.17234909534454346, -0.056125130504369736, 0.48538538813591003, -0.2667883336544037, -0.8402808308601379, -1.1385186910629272, -0.6133884191513062, -1.0400227308273315, -0.2807428240776062, -0.3790644109249115, 1.047639012336731, 1.0583375692367554, 9.019314765930176, -2.33099627494812, 0.2974259853363037, -0.03855261206626892, 0.034430742263793945, 0.026854928582906723, 0.27283555269241333, -0.06795349717140198, 0.0025904388166964054, 0.0072682518512010574, 0.34539535641670227, -0.16725149750709534, -0.05744899809360504, -0.018176913261413574, 0.03838087618350983, 0.3031666874885559, -0.1482263207435608, -0.036790989339351654, -0.020362544804811478, -0.03487878292798996, 0.2108290046453476, 0.12348672747612, 0.02147872932255268, -0.004096874501556158, 0.019316906109452248, -0.3907102346420288, 0.5375804305076599, -0.13286393880844116, -0.5856193900108337, 0.6919184327125549, -0.40080639719963074, 0.15233008563518524, -0.3490946590900421, -0.6053740978240967, -0.10008944571018219, 4.429666519165039, -1.539374828338623, 0.0, -0.38999998569488525, 0.47999998927116394, -0.680834949016571, 0.29280850291252136, -0.346786230802536, 0.5748621225357056, -0.3497465252876282, 0.29786673188209534, 0.6963773965835571, -0.5513721108436584, 0.013589334674179554, -0.4364936649799347, 0.5449455976486206, 0.016108570620417595, -0.0790097564458847, 0.9841858744621277, -0.15772104263305664, 0.1528996229171753, -0.6631301045417786, -1.278730869293213, 7.0974225997924805, 1.8031561374664307, 0.27545762062072754, 0.048041678965091705, -0.4325089454650879, 0.5415489077568054, 0.013266080059111118, -0.0029082875698804855, 0.9635801315307617, -0.26707449555397034, 0.29648810625076294, -0.8003098964691162, -1.306315541267395, 15.14456558227539, 6.790172576904297, 0.23153157532215118, 0.06558813154697418, -0.4315175414085388, 0.5357856750488281, 0.08755816519260406, -0.3617885410785675, 0.9068891406059265, -0.19747036695480347, 0.17297394573688507, -0.5238974094390869, -1.3436834812164307, 10.214738845825195, 3.353076934814453, 0.7558143138885498, 0.06997174024581909, -0.41430017352104187, 0.5481234788894653, -0.05788864567875862, 0.1311945617198944, 0.9816882610321045, -0.1253991425037384, 0.1480684131383896, -0.9295495748519897, -0.9771378040313721, 18.19621467590332, 2.96391224861145, 2.1395397186279297, -0.07003731280565262, -0.35240644216537476, 0.5397136807441711, -0.18553626537322998, -0.29987749457359314, 0.9348952174186707, 0.040257059037685394, -0.39996492862701416, -0.34890016913414, -0.7952980995178223, 6.8608174324035645, -12.682157516479492, -4.198829650878906, 1.8456529378890991, -0.6931692957878113, -0.5655657649040222, 0.016457388177514076, 0.00199385778978467, -0.012036530300974846, 1.6066293716430664, -0.39106863737106323, -0.8005248308181763, 0.00140222383197397, 0.0006216976908035576, -0.006970880553126335, 1.9283881187438965, 0.8304381370544434, -0.6123716235160828, -0.005720342509448528, 0.006917751394212246, -0.006748237647116184, 1.799793004989624, 0.5138534903526306, -0.8448901176452637, -0.0126547422260046, -0.0018855491653084755, -0.010899211280047894, 0.47918006777763367, -1.3675110340118408, 0.12097626179456711, 0.003104986622929573, -0.011763759888708591, -0.019505977630615234, 0.7877846360206604, -1.0, -0.2942538559436798, -1.0, 0.0806548073887825, -1.0, -0.8980644345283508, -1.0, -0.8119783401489258, -0.7490829229354858, -1.0, -0.11355464905500412, -0.34634268283843994, -1.0, -1.0, -1.0, 0.10250210762023926, -0.9144863486289978, 1.0, 1.0]
[-0.12657974660396576, 0.18020060658454895, -0.28942567110061646, -0.36313873529434204, -0.46962854266166687, -0.40743082761764526, -0.8694903254508972, -0.4451063275337219, -0.5769633650779724, -0.28443679213523865, -0.5588778853416443, -0.4674074053764343, -0.9117918610572815, -0.7859978675842285, -0.6584181785583496, -0.13390350341796875, -0.5202237963676453, -0.470725417137146, -0.144975945353508, -0.6359795331954956, 0.06933034956455231, -0.27713197469711304, 0.25255531072616577, 0.5020986199378967, 0.32565879821777344, -0.6979641914367676, -0.19943372905254364, -0.3780011832714081, 1.1034969091415405, 0.3344503343105316, 0.18555209040641785, -0.28357914090156555, -0.8209773898124695, -0.7765297293663025, 0.1750393658876419, -0.583763837814331, -0.18619370460510254, -0.07178323715925217, 0.33797502517700195, -0.2733253538608551, -0.8736690878868103, -0.9853813052177429, -1.1668143272399902, -0.8465614318847656, -1.150914192199707, -0.3347390592098236, 0.8736447691917419, 0.8802686929702759, 6.2748260498046875, 9.875277519226074, 0.17068690061569214, 0.8357197642326355, 0.2968357503414154, 0.09631894528865814, 0.2021988332271576, 0.7184869050979614, 0.23989684879779816, 0.04655855894088745, 0.24071255326271057, 0.6180945634841919, 0.21847772598266602, 0.06954960525035858, 0.9053902626037598, 0.146287202835083, 0.5063828825950623, 0.15846161544322968, 0.022114133462309837, -0.0879490002989769, 0.15234920382499695, 0.07112423330545425, 0.012797745876014233, 0.0004790950333699584, 0.020288832485675812, -0.39758166670799255, 0.526979386806488, -0.10589498281478882, -0.632533609867096, 0.6967865228652954, -0.3212100863456726, -0.05585052818059921, -0.4065089225769043, -0.5864759087562561, 1.5895967483520508, -1.2806576490402222, -0.27880939841270447, 0.0, -0.38999998569488525, 0.47999998927116394, -0.680834949016571, 0.29280850291252136, -0.346786230802536, 0.5748621225357056, -0.2948949635028839, 0.2415529489517212, 0.750822901725769, -0.5394017696380615, 0.012129577808082104, -0.44096481800079346, 0.5317907333374023, 0.014705795794725418, -0.09171467274427414, 0.9833295941352844, -0.15631647408008575, -0.24977391958236694, -0.06937646120786667, -0.5463674664497375, -1.6207019090652466, -0.9269519448280334, -0.6266188621520996, 0.04660658538341522, -0.4392784833908081, 0.5267472267150879, 0.030771875753998756, -0.11477814614772797, 0.9598389863967896, -0.25414201617240906, -0.19014416635036469, -0.48589587211608887, -0.7593949437141418, 11.559062004089355, 5.436384677886963, -2.533860921859741, 0.06332430988550186, -0.43762046098709106, 0.5203775763511658, 0.08977343142032623, -0.43141552805900574, 0.8789591789245605, -0.18235187232494354, -0.2935863733291626, -0.3760753571987152, -0.8534115552902222, 7.265598773956299, 2.428605079650879, -2.4948854446411133, 0.06960723549127579, -0.4232325553894043, 0.5344642400741577, -0.051099859178066254, -0.018006926402449608, 0.9896571040153503, -0.1328284740447998, -0.07801458984613419, -0.7051265835762024, -0.7246635556221008, 17.101821899414062, 3.2135238647460938, 1.3338749408721924, -0.07438143342733383, -0.3567497730255127, 0.5286643505096436, -0.2896975576877594, -0.35110682249069214, 0.8893751502037048, 0.0425582155585289, -0.42284947633743286, -0.25387468934059143, -0.8603164553642273, 7.200104713439941, -12.513276100158691, -2.90596079826355, 1.0622601509094238, -3.509828805923462, 3.5722601413726807, 0.04367152228951454, -0.0007723091403022408, -0.006109466310590506, 1.0891691446304321, -2.1979129314422607, 3.357789993286133, 0.01358986645936966, -0.004753962159156799, -0.010851504281163216, 1.3479386568069458, -3.269550323486328, 1.4725408554077148, 0.0205063596367836, 0.004103227984160185, -0.009014423936605453, 0.6952279210090637, -0.6926628351211548, 2.859867811203003, 0.011724191717803478, -0.004838103894144297, -0.005027090199291706, 0.4358786344528198, -1.1644375324249268, 0.6651630997657776, 0.004007129464298487, -0.006494964938610792, 0.00848776288330555, 1.0, 1.0, -0.5374815464019775, -0.33255094289779663, 0.249975323677063, -1.0, -0.16940218210220337, -1.0, 0.5488036870956421, -1.0, -1.0, -0.11829894036054611, -0.4653909206390381, -1.0, -1.0, -1.0, -1.0, -1.0, 1.0, 1.0]
[-0.03073623776435852, 0.14307157695293427, -0.25750765204429626, -0.438017338514328, -0.4125940203666687, -0.3788837492465973, -0.8302341103553772, -0.47408193349838257, -0.660086452960968, -0.38103070855140686, -0.5153184533119202, -0.49528828263282776, -0.9322062134742737, -0.7942688465118408, -0.6665141582489014, -0.23298878967761993, -0.6075161099433899, -0.5662000179290771, -0.26952415704727173, -0.6312822103500366, -0.09885620325803757, -0.4072173237800598, 0.38353294134140015, 0.5878562331199646, 0.38567665219306946, -0.00976480357348919, 0.31123441457748413, -0.8477945327758789, 0.22294464707374573, 0.1698807328939438, 0.14039142429828644, -0.08643978834152222, -0.7224215269088745, -0.9502077102661133, 0.11811474710702896, -0.1657300442457199, -0.1727287918329239, -0.07333441078662872, -0.22590585052967072, -0.48427915573120117, -0.7639397978782654, -0.8230563998222351, -1.1091006994247437, 0.5447881817817688, -1.2278627157211304, -0.3084448277950287, 0.7605997323989868, 0.7412936687469482, 1.066265344619751, 9.761675834655762, 0.12267626076936722, 0.43673935532569885, 0.053318433463573456, -0.007162249647080898, -0.007610106375068426, 0.7637269496917725, 0.27354443073272705, 0.07906125485897064, -0.01593274064362049, 0.652889609336853, 0.23784658312797546, 0.07772751897573471, 0.6148051023483276, -0.11074298620223999, 0.43448275327682495, 0.15014898777008057, 0.04647764563560486, 0.243862584233284, 0.36467936635017395, 0.18732836842536926, -0.18294832110404968, -0.06055828928947449, 0.016043011099100113, -0.4018140733242035, 0.5192261934280396, -0.32524704933166504, -0.5878044366836548, 0.5548019409179688, -0.4908106029033661, -0.37106016278266907, -0.17316068708896637, -0.32921862602233887, 3.406475782394409, -10.949901580810547, 0.8197661638259888, 0.0, -0.38999998569488525, 0.47999998927116394, -0.680834949016571, 0.29280850291252136, -0.346786230802536, 0.5748621225357056, -0.5625249743461609, 0.29632675647735596, 0.6441611647605896, -0.42522066831588745, 0.006516440771520138, -0.44365620613098145, 0.5258877277374268, 0.012741034850478172, -0.09880852699279785, 0.9856884479522705, -0.1359884887933731, -0.4056972861289978, -0.2032517045736313, -0.23897042870521545, 2.2164576053619385, 0.7000012993812561, -3.481485366821289, 0.041337739676237106, -0.44335368275642395, 0.520702064037323, 0.04664534702897072, -0.20482687652111053, 0.9502339363098145, -0.23005566000938416, -0.3323722779750824, -0.26724115014076233, -0.17189674079418182, 7.886081218719482, 4.002305030822754, -2.5490529537200928, 0.05732740834355354, -0.4411471486091614, 0.5151425004005432, 0.0835581123828888, -0.46259766817092896, 0.8678966164588928, -0.16055190563201904, -0.4073379635810852, -0.1749398410320282, -0.11018341034650803, 1.9768515825271606, 0.7294531464576721, -2.5066447257995605, 0.06833746284246445, -0.42920464277267456, 0.5259215831756592, -0.03142426535487175, -0.146885484457016, 0.9788158535957336, -0.13912765681743622, 0.008954118005931377, -0.4658670127391815, -0.4526725113391876, 13.146751403808594, 4.608871936798096, 1.9381659030914307, -0.07727692276239395, -0.3599548935890198, 0.5208300352096558, -0.3576875627040863, -0.40447452664375305, 0.8398705720901489, 0.05547283589839935, -0.18870097398757935, -0.16637487709522247, -0.5000441074371338, 8.085634231567383, -6.253589630126953, -2.6825497150421143, 0.6879100203514099, -0.3808784782886505, 2.2644262313842773, -0.012875426560640335, -0.00012561694893520325, -0.011303124949336052, -0.09434075653553009, -2.97654390335083, 3.403846263885498, 0.034413110464811325, -0.005447107367217541, -0.0024947933852672577, -0.101748026907444, -3.5536699295043945, 1.4635288715362549, 0.02442247048020363, -0.0035356422886252403, -0.0020816209726035595, -0.8264505863189697, -1.4044688940048218, 2.1999282836914062, 0.025410614907741547, -0.01147804781794548, 0.0018550733802840114, -2.4461348056793213, -2.7409908771514893, 0.8007024526596069, 0.012238288298249245, -0.02142013981938362, -0.008939888328313828, 0.7052816152572632, 1.0, 0.4067809283733368, -1.0, -0.4317060708999634, -1.0, -0.5981550812721252, -1.0, 1.0, -0.17741107940673828, -1.0, -1.0, -1.0, -1.0, -1.0, -0.17867067456245422, -1.0, -1.0, 1.0, 1.0]
[0.007129103876650333, 0.07955105602741241, -0.14168033003807068, -0.5176156759262085, -0.4484422504901886, -0.375943660736084, -0.8031179308891296, -0.5002985000610352, -0.7218310832977295, -0.46981918811798096, -0.49714964628219604, -0.4022107422351837, -0.9474881291389465, -0.8010013103485107, -0.7081780433654785, -0.295724481344223, -0.5859118700027466, -0.6450737714767456, -0.37369590997695923, -0.4797743856906891, -0.1444486826658249, -0.5232089757919312, 0.4977385401725769, 0.6601588726043701, -0.020113088190555573, -0.729805588722229, 0.5840839147567749, -0.6882659196853638, -0.6213632225990295, -0.10167961567640305, 0.055764853954315186, -0.40636298060417175, -0.4955078661441803, -0.7102746367454529, 0.10673564672470093, 1.460310459136963, -0.11718630790710449, -0.052223581820726395, -0.17644675076007843, -0.14067977666854858, 0.7088139057159424, -0.6698278784751892, -0.8670841455459595, 2.5813796520233154, 0.16401241719722748, -0.2586986720561981, 0.6577029824256897, 0.6234418749809265, -9.344120979309082, -8.380979537963867, -0.2193107008934021, -0.4745318293571472, -0.19836120307445526, -0.07226201891899109, -0.3371990919113159, -0.710655152797699, -0.23284021019935608, -0.05912226438522339, -0.278292179107666, -0.058634452521800995, 0.02236204594373703, 0.018471738323569298, -0.8613066673278809, -0.16346445679664612, -0.09224803745746613, 0.025972386822104454, 0.030498234555125237, 0.46835097670555115, 0.07806243002414703, 0.06087919697165489, -0.2788868248462677, -0.09379932284355164, 0.01116530504077673, -0.40547990798950195, 0.5123133659362793, -0.5072354078292847, -0.47461509704589844, 0.3853371739387512, -0.6074272990226746, -0.05890020355582237, -0.3587021231651306, -0.39565980434417725, 1.2074341773986816, -3.0519356727600098, 0.2051972597837448, 0.0, -0.38999998569488525, 0.47999998927116394, -0.680834949016571, 0.29280850291252136, -0.346786230802536, 0.5748621225357056, -0.7569079995155334, 0.34327489137649536, 0.48252570629119873, -0.27644431591033936, 0.002873161341995001, -0.4480231702327728, 0.5159181952476501, 0.016540218144655228, -0.1612711399793625, 0.9806939363479614, -0.10934977233409882, -0.07386064529418945, -0.4551219046115875, -0.8748510479927063, 10.449982643127441, 2.3409671783447266, -2.7972238063812256, 0.03935873508453369, -0.4462485611438751, 0.5124196410179138, 0.058686111122369766, -0.2889356017112732, 0.9307113289833069, -0.21644529700279236, 0.11010026186704636, -0.31527847051620483, -0.8585302233695984, 10.865446090698242, 4.115774631500244, -0.0662613958120346, 0.054216451942920685, -0.4410638213157654, 0.5135970711708069, 0.07506170123815536, -0.45569998025894165, 0.8733672499656677, -0.1547025889158249, -0.08748947829008102, 0.11325592547655106, -0.08673851191997528, -2.4756131172180176, -1.558353066444397, -0.47946202754974365, 0.06849119812250137, -0.43147900700569153, 0.518995463848114, -0.013824994675815105, -0.23033924400806427, 0.9624354243278503, -0.14307548105716705, 0.11935034394264221, -0.1522073745727539, -0.5206497311592102, 7.8817548751831055, 2.52722430229187, 1.198286533355713, -0.0758947804570198, -0.36288565397262573, 0.5192502737045288, -0.34830325841903687, -0.46497097611427307, 0.8041561841964722, 0.12577567994594574, 0.19427436590194702, -0.20890997350215912, -0.028782660141587257, 12.361133575439453, 7.360489845275879, -4.838103294372559, -1.3114951848983765, 2.32749342918396, -2.446593999862671, -0.03734961524605751, 0.000374394265236333, 0.0030374443158507347, -1.9048981666564941, 2.9537174701690674, -2.452359437942505, -0.014816508628427982, -0.002147326245903969, 0.014620628207921982, -1.595893144607544, 0.023877382278442383, -0.6909983158111572, 0.01882989890873432, -0.003602628130465746, 0.0061644590459764, -0.9321578741073608, -0.5304093956947327, -1.0364623069763184, 0.022542092949151993, 0.002774049062281847, 0.002284849528223276, -4.069222927093506, -1.1135989427566528, -0.25428318977355957, 0.011919942684471607, -0.028691772371530533, -0.04533965513110161, -1.0, -0.9509050250053406, 0.5644322633743286, -1.0, -1.0, -1.0, -1.0, -1.0, -0.17876607179641724, 0.8569143414497375, -1.0, -1.0, -0.40675655007362366, 0.09183922410011292, -1.0, 1.0, 0.32639598846435547, -1.0, 1.0, 1.0]
[-0.031317975372076035, -0.04622970148921013, -0.09977125376462936, -0.588572084903717, -0.5033685564994812, -0.3921772837638855, -0.8071681261062622, -0.5615003705024719, -0.6637395024299622, -0.5018109083175659, -0.5191019177436829, -0.3076193928718567, -0.9551137685775757, -0.8041064143180847, -0.7526640892028809, -0.2500819265842438, -0.4384525418281555, -0.7099719643592834, -0.45526859164237976, -0.2625442147254944, -0.07501678913831711, -0.6128404140472412, 0.5880023241043091, 0.7198536396026611, -0.23688650131225586, -0.9935355186462402, -0.0643048882484436, -0.651634156703949, -0.4447156488895416, -0.1597021073102951, -0.059281039983034134, -0.6556535363197327, 1.0751230716705322, 0.09603296220302582, -0.20403054356575012, 0.5524216890335083, -0.05191242694854736, -0.016422567889094353, -0.2082233726978302, 0.3631575107574463, 1.7124375104904175, -0.5538167953491211, -0.6915202736854553, 2.728444814682007, 0.675953209400177, -0.19530372321605682, 0.4958326816558838, 0.510734498500824, -5.363583087921143, -2.5628910064697266, -0.35382840037345886, -0.15596118569374084, -0.0363716222345829, -0.008297571912407875, -0.20639252662658691, -0.2456320822238922, 0.017041562125086784, 0.04767768457531929, -0.27372002601623535, -0.4586389660835266, -0.17940634489059448, -0.06175557151436806, -0.32187435030937195, -0.04918806254863739, 0.07965895533561707, 0.06329873949289322, 0.03282180055975914, 0.05559993535280228, 0.035558298230171204, -0.0008521215058863163, -0.10141681879758835, -0.03923911973834038, 0.012850804254412651, -0.4088427722454071, 0.5031062960624695, -0.6213840842247009, -0.3668117821216583, 0.22410205006599426, -0.6550641655921936, 0.23885460197925568, -0.1977238804101944, -0.58072429895401, 1.8822287321090698, -4.5978193283081055, 0.2940634489059448, 0.0, -0.38999998569488525, 0.47999998927116394, -0.680834949016571, 0.29280850291252136, -0.346786230802536, 0.5748621225357056, -0.8647869825363159, 0.34900614619255066, 0.3333453834056854, -0.13863268494606018, 0.005083176773041487, -0.4515925943851471, 0.49978768825531006, 0.02544986456632614, -0.2519076466560364, 0.961566150188446, -0.10623233020305634, 0.3196386992931366, -0.2885398864746094, -1.1338396072387695, 11.026902198791504, 2.211066484451294, 1.5327361822128296, 0.042274001985788345, -0.4473780393600464, 0.49826106429100037, 0.06180626526474953, -0.33656060695648193, 0.9130297303199768, -0.22199882566928864, 0.26787230372428894, -0.01503356546163559, -0.9268994927406311, 2.572509527206421, -0.25753170251846313, 1.4300683736801147, 0.056349530816078186, -0.4397723078727722, 0.506456196308136, 0.07386041432619095, -0.4593341052532196, 0.8695547580718994, -0.1656237542629242, 0.28267285227775574, 0.058114685118198395, -0.6387782096862793, 2.6456243991851807, -0.07771813869476318, 2.133056879043579, 0.06934817880392075, -0.4304574131965637, 0.5125154256820679, -0.0056581343524158, -0.27131739258766174, 0.9525622725486755, -0.13776792585849762, 0.0723668709397316, 0.09279234707355499, -0.3866812288761139, 3.2051892280578613, 1.3428125381469727, -0.7192718982696533, -0.06994661688804626, -0.36751416325569153, 0.5203767418861389, -0.28037339448928833, -0.5145960450172424, 0.7791534066200256, 0.22248947620391846, 0.48663920164108276, -0.3574911653995514, 0.07712893187999725, 10.411147117614746, 11.629652976989746, -2.8736793994903564, -2.0512022972106934, 0.5310894846916199, -0.6146470308303833, -0.00033122909371741116, -0.0066838618367910385, 0.0187519583851099, -1.2602753639221191, -0.22120022773742676, -0.38942641019821167, 0.04435968026518822, -0.003614356042817235, 0.007515452802181244, -1.5852484703063965, 2.5408804416656494, -0.6230498552322388, -0.023642366752028465, -0.008798370137810707, 0.008162043057382107, -0.3570537567138672, -0.8721151947975159, -0.0631428137421608, 0.019740073010325432, 0.002666192129254341, -0.00317339226603508, -1.6423838138580322, -0.13302770256996155, -0.26293641328811646, 0.004575028549879789, -0.012960981577634811, -0.0008333107107318938, -1.0, -1.0, -0.6558086276054382, -1.0, -0.7426910400390625, -1.0, -1.0, 0.24551039934158325, -1.0, -0.19602461159229279, -1.0, -1.0, 0.4234578013420105, 0.7823008894920349, -1.0, 1.0, 0.5594689846038818, -1.0, 0.9621374011039734, 1.0]
[-0.11552370339632034, -0.1853550672531128, -0.13783642649650574, -0.6563326120376587, -0.5467368364334106, -0.40799975395202637, -0.8253226280212402, -0.6301476955413818, -0.5687617063522339, -0.47672930359840393, -0.5776659846305847, -0.31824615597724915, -0.9592878818511963, -0.8049797415733337, -0.7885144352912903, -0.18064583837985992, -0.2867867350578308, -0.7615391612052917, -0.5205016136169434, -0.14141574501991272, -0.08008093386888504, -0.661798357963562, 0.6566048860549927, 0.7678638696670532, -0.3738572895526886, -0.9836221933364868, -0.19538897275924683, -0.6245244741439819, -0.3816889822483063, -0.13919895887374878, -0.08851464837789536, -0.6228808760643005, 0.7717639803886414, 0.2702590227127075, -0.2643137276172638, -0.4556228220462799, -0.04050495848059654, -0.007060303818434477, -0.1495809406042099, 0.23754985630512238, 1.2353299856185913, -0.4354465901851654, -0.5523194074630737, 0.8292938470840454, -0.44973132014274597, -0.10261907428503036, 0.3861003816127777, 0.408212274312973, -3.3463687896728516, 0.3210020661354065, -0.13119377195835114, 0.029819561168551445, 0.014005322940647602, 0.005548188928514719, -0.11283180862665176, 0.022193005308508873, -0.01842472516000271, -0.007487705443054438, -0.11227023601531982, -0.2797403633594513, -0.11980661749839783, -0.04391860216856003, -0.010579037480056286, -0.13533884286880493, -0.1364007294178009, -0.047456949949264526, -0.011594157665967941, -0.273855060338974, -0.4970434606075287, -0.281411737203598, 0.10583985596895218, 0.032564274966716766, 0.017666244879364967, -0.4108312726020813, 0.49208465218544006, -0.700624406337738, -0.2760032117366791, 0.09450706094503403, -0.6511651277542114, 0.335431307554245, -0.04021384194493294, -0.6750869154930115, 1.7686752080917358, -3.019484043121338, 0.11577911674976349, 0.0, -0.38999998569488525, 0.47999998927116394, -0.680834949016571, 0.29280850291252136, -0.346786230802536, 0.5748621225357056, -0.9141399264335632, 0.33931347727775574, 0.2215748131275177, -0.010910460725426674, 0.011446225456893444, -0.4525516629219055, 0.4822845160961151, 0.038951802998781204, -0.3378996253013611, 0.932346761226654, -0.12262161076068878, 0.4907858967781067, -0.09526868909597397, -1.150272011756897, 10.39284896850586, 2.278228998184204, 2.882434129714966, 0.047837745398283005, -0.4461313486099243, 0.4829709827899933, 0.06035684421658516, -0.3558124303817749, 0.9017431735992432, -0.23793631792068481, 0.4017038643360138, 0.11115795373916626, -0.9454367756843567, 2.987882375717163, -0.05934469401836395, 2.1710193157196045, 0.06260068714618683, -0.4387453496456146, 0.4928748309612274, 0.08440271764993668, -0.49883851408958435, 0.8424450159072876, -0.18526366353034973, 0.49852454662323, 0.03736519813537598, -1.0201947689056396, 7.192194938659668, 1.7097783088684082, 3.252376079559326, 0.0720917209982872, -0.4277022182941437, 0.5055572986602783, 0.0023765761870890856, -0.30214813351631165, 0.9436254501342773, -0.13517354428768158, 0.2629917562007904, 0.14403791725635529, -0.49087607860565186, 3.943148136138916, 1.60733163356781, 0.7407730221748352, -0.06396885216236115, -0.37327295541763306, 0.5159592032432556, -0.23354080319404602, -0.558769166469574, 0.745951235294342, 0.27711424231529236, 0.28901538252830505, -0.3644934594631195, -0.5359148383140564, 8.638140678405762, 2.04645037651062, -1.1393405199050903, -0.8508741855621338, -0.09455494582653046, 0.20068341493606567, 0.0041298652067780495, -0.0029452363960444927, 0.004956898745149374, -0.7463398575782776, 0.22130686044692993, 0.13758161664009094, -0.00416810205206275, -0.0027802165132015944, 0.0032256068661808968, -0.7758461236953735, 1.6306793689727783, -0.17817646265029907, -0.019458414986729622, -0.0037133044097572565, 0.0024755974300205708, -0.8353582620620728, 0.532382607460022, -0.353950560092926, -0.003608419094234705, -0.0026057460345327854, 0.006185989361256361, 1.5062055587768555, 3.7602949142456055, 0.05030778795480728, -0.027018364518880844, 0.008465004153549671, 0.033789701759815216, -1.0, -1.0, -0.5716347098350525, -1.0, -0.7479214072227478, -1.0, -1.0, -0.1678769290447235, -1.0, -0.8067987561225891, -1.0, -1.0, 0.04503091424703598, 0.36014434695243835, -1.0, -0.049838755279779434, -0.7861891984939575, -1.0, 1.0, 1.0]
[-0.17627760767936707, -0.26520437002182007, -0.19863618910312653, -0.6882591247558594, -0.540353000164032, -0.4159208834171295, -0.8558627367019653, -0.6772764921188354, -0.48347410559654236, -0.4490971863269806, -0.6377379894256592, -0.4028629660606384, -0.9661743640899658, -0.8069548010826111, -0.7754027843475342, -0.10367019474506378, -0.2554224133491516, -0.8031688928604126, -0.5727876424789429, -0.1752941757440567, -0.18553413450717926, -0.707557737827301, 0.6864310503005981, 0.8058807849884033, -0.13439501821994781, -0.33212971687316895, -0.27358099818229675, -0.07875782251358032, 0.30661100149154663, 0.012774071656167507, -0.18298037350177765, -0.4588911533355713, 0.8149445652961731, 0.265610933303833, -0.23193299770355225, -0.9351258277893066, -0.07214156538248062, -0.02516229823231697, 0.19404059648513794, 0.36536261439323425, -0.199194997549057, -0.35956522822380066, -0.44755059480667114, -1.100804090499878, -0.9217974543571472, -0.12113245576620102, 0.09930791705846786, 0.32695144414901733, 5.660576343536377, 8.434406280517578, 0.18856260180473328, 0.6911974549293518, 0.29161885380744934, 0.10397952049970627, 0.13449627161026, 0.49729466438293457, 0.1609179973602295, 0.04627963528037071, 0.21198324859142303, 0.41477394104003906, 0.1375783085823059, 0.041197892278432846, 1.0291907787322998, 0.1911287009716034, 0.1623058319091797, 0.028945041820406914, 0.003017482813447714, -0.47167226672172546, 0.08724584430456161, 0.02947894111275673, 0.2505549192428589, 0.07583129405975342, 0.02291165478527546, -0.4104346036911011, 0.48055270314216614, -0.7557323575019836, -0.20971298217773438, 0.00091005046851933, -0.6203934550285339, 0.002999342978000641, 0.3134557604789734, -0.1938186138868332, 3.18969988822937, -8.939839363098145, -1.3732537031173706, 0.0, -0.38999998569488525, 0.47999998927116394, -0.680834949016571, 0.29280850291252136, -0.346786230802536, 0.5748621225357056, -0.9292864799499512, 0.3237976133823395, 0.14944402873516083, 0.09616696834564209, 0.01644696108996868, -0.45153799653053284, 0.47310715913772583, 0.047142889350652695, -0.37144219875335693, 0.9165571331977844, -0.14046813547611237, 0.2204371988773346, 0.09042907506227493, -0.26164963841438293, 0.5320683121681213, -0.26223453879356384, 1.9799063205718994, 0.051869817078113556, -0.44409507513046265, 0.47438764572143555, 0.05706188455224037, -0.35371819138526917, 0.8987632393836975, -0.2526895999908447, 0.1601133495569229, 0.13331298530101776, -0.3087880611419678, -1.020279884338379, -1.378566861152649, 1.3100030422210693, 0.06796996295452118, -0.4379352033138275, 0.48084336519241333, 0.09952159970998764, -0.5473612546920776, 0.8068022727966309, -0.19889968633651733, 0.2706359028816223, 0.02104017324745655, -0.6811019778251648, 6.336726665496826, 2.3119261264801025, 2.087322950363159, 0.07368914783000946, -0.4269801080226898, 0.4996055066585541, 0.006486398167908192, -0.3469759225845337, 0.9288642406463623, -0.1295250952243805, 0.006147511303424835, -0.10714996606111526, -0.34514182806015015, 6.136755466461182, 1.1978552341461182, -0.9247519969940186, -0.06340590864419937, -0.37557974457740784, 0.50787752866745, -0.2556014358997345, -0.5946854948997498, 0.7092186212539673, 0.27933117747306824, -0.15752512216567993, 0.004971392452716827, -0.6019296646118164, 2.8545539379119873, -7.189572334289551, -2.5609524250030518, 1.075946569442749, -3.637195587158203, 2.7761387825012207, 0.04942159727215767, 0.0026461214292794466, -0.0039723776280879974, 0.7169788479804993, -2.0918784141540527, 1.9860475063323975, 0.014901457354426384, -0.002158532850444317, -0.003800623118877411, 1.1290743350982666, -2.160231351852417, 1.116302490234375, 0.008794424124062061, 0.0038699028082191944, -0.006213285028934479, 1.318605661392212, -0.3070047199726105, 1.5856194496154785, -0.0015875885728746653, 0.00772392563521862, -0.0039040835108608007, 3.711693525314331, -0.22810041904449463, 0.61620032787323, -0.005268475040793419, 0.01644420623779297, 0.0449930801987648, 0.33440276980400085, 0.19685786962509155, -0.5472620725631714, -0.5337244868278503, -0.19928514957427979, -1.0, -0.6941028833389282, 0.02757296711206436, -0.8823267221450806, -1.0, -1.0, -0.26587003469467163, 0.5038405656814575, -0.6052777767181396, -1.0, -0.9719704389572144, -1.0, -1.0, 0.7623084783554077, 1.0]
[-0.17189888656139374, -0.2516923248767853, -0.17582136392593384, -0.7150920629501343, -0.4503259062767029, -0.4000747799873352, -0.905144989490509, -0.7014551162719727, -0.42549294233322144, -0.42557376623153687, -0.6134839057922363, -0.5002580881118774, -0.9753541946411133, -0.8106206059455872, -0.7324687838554382, -0.012727683410048485, -0.30734607577323914, -0.8391019105911255, -0.6167023181915283, -0.1556561291217804, -0.3192494511604309, -0.7643521428108215, 0.6407817006111145, 0.8390806317329407, 0.13436652719974518, 0.32637715339660645, 0.3080581724643707, -0.31128624081611633, 1.1130865812301636, 0.2732715904712677, -0.18459631502628326, -0.07155751436948776, 0.3987470865249634, 0.1726170778274536, 0.2825157940387726, -0.8532314300537109, -0.08250885456800461, -0.03669885918498039, 0.23132839798927307, 0.37842440605163574, -0.6115726232528687, -0.31385865807533264, -0.38622769713401794, 0.9642576575279236, -0.9636896252632141, -0.14220546185970306, -0.4951610267162323, 0.2896253168582916, 7.076474189758301, 9.107817649841309, 0.40575501322746277, 0.5075535774230957, 0.21002836525440216, 0.07639548182487488, 0.23800872266292572, 0.6770661473274231, 0.1976902037858963, 0.0506298691034317, 0.3718385398387909, 0.6312931776046753, 0.2274497002363205, 0.07365463674068451, 0.9519834518432617, 0.17732161283493042, 0.41374528408050537, 0.13835401833057404, 0.042049162089824677, 0.16381584107875824, 0.46886831521987915, 0.23395366966724396, -0.06945536285638809, -0.028421049937605858, 0.02073170244693756, -0.4111027419567108, 0.4791814088821411, -0.8036903142929077, -0.028829893097281456, -0.14409299194812775, -0.5766175389289856, -0.2237495332956314, -0.07369079440832138, 0.09347176551818848, 1.9069255590438843, -4.7698469161987305, -1.3194715976715088, 0.0, -0.38999998569488525, 0.47999998927116394, -0.680834949016571, 0.29280850291252136, -0.346786230802536, 0.5748621225357056, -0.9067819118499756, 0.3328704833984375, -0.02784092165529728, 0.2572326362133026, 0.015579651109874249, -0.4513796865940094, 0.4745888113975525, 0.041862547397613525, -0.33917760848999023, 0.9296849966049194, -0.13744789361953735, -0.27024903893470764, 0.04058552905917168, 0.35184913873672485, -6.819504737854004, -1.5577447414398193, -2.2538719177246094, 0.05245337262749672, -0.4434906542301178, 0.47551098465919495, 0.05200209468603134, -0.3291284739971161, 0.9058184027671814, -0.2616548538208008, -0.10255850106477737, 0.025399595499038696, 0.32725685834884644, -3.6707663536071777, -1.8877983093261719, 0.015550114214420319, 0.06796657294034958, -0.43914949893951416, 0.47666212916374207, 0.10617023706436157, -0.5790545344352722, 0.7856676578521729, -0.19013167917728424, -0.17878003418445587, -0.1574162393808365, -0.09920896589756012, 2.714334487915039, 2.061762809753418, -1.760886549949646, 0.07160699367523193, -0.42881280183792114, 0.4986737370491028, 0.0022738017141819, -0.388083279132843, 0.9144683480262756, -0.11460241675376892, -0.2492077499628067, -0.20218436419963837, 0.0388210155069828, 4.434384346008301, 0.3944169878959656, -2.2090375423431396, -0.0634017288684845, -0.37726300954818726, 0.5028890371322632, -0.2567964494228363, -0.627926766872406, 0.6795607805252075, 0.27921435236930847, 0.04227781295776367, -0.13333533704280853, -0.23529201745986938, 5.691621780395508, 0.7371925115585327, 1.1921336650848389, 2.3004150390625, -2.690398931503296, 2.227536678314209, 0.03603948652744293, 0.00951317697763443, -0.016935860738158226, 1.3156116008758545, -2.4687623977661133, 2.5848073959350586, 0.013598436489701271, 0.00017627615306992084, -0.00936801452189684, 2.124793767929077, -3.4454636573791504, 1.1901662349700928, 0.02197268232703209, 0.012806420214474201, -0.011686393059790134, 1.1620334386825562, -1.7776224613189697, 2.021350383758545, 0.015384829603135586, 0.0038924545515328646, -0.0040309978649020195, -0.7751346826553345, -3.3625411987304688, 0.40312814712524414, 0.019095629453659058, -0.016018912196159363, -0.02127714827656746, 0.7189213633537292, 1.0, 0.5513066053390503, -0.8526639938354492, 0.3759644031524658, -1.0, -0.5608441233634949, -0.23787471652030945, 0.08450894802808762, -0.9252743124961853, -1.0, -0.23158031702041626, 0.5614671111106873, -0.6990019083023071, -1.0, 0.5714313387870789, -1.0, -1.0, 0.018914150074124336, 1.0]
[-0.1738833785057068, -0.1934240460395813, -0.1308947056531906, -0.760037899017334, -0.3142746090888977, -0.36145076155662537, -0.9037310481071472, -0.6610434651374817, -0.36992016434669495, -0.408271461725235, -0.5835974812507629, -0.44801563024520874, -0.9867541193962097, -0.8161023855209351, -0.7005316019058228, 0.11842891573905945, -0.24440985918045044, -0.8729123473167419, -0.6568015217781067, -0.02581353485584259, -0.43991899490356445, -0.8144780397415161, 0.4711633622646332, 0.8680101037025452, -0.11468245834112167, 0.49439549446105957, 0.1070147305727005, -0.4592798352241516, 1.330730676651001, 0.41864529252052307, 0.029474306851625443, 0.7049285769462585, 0.5758569836616516, 0.17417675256729126, 0.08936349302530289, 1.143171787261963, -0.09368206560611725, -0.05038140341639519, 0.13784274458885193, 0.6208605766296387, 1.233662486076355, -0.295251727104187, -0.3630436360836029, 1.9433403015136719, -0.8145639300346375, -0.11272381991147995, -1.3419800996780396, 0.2500533163547516, -6.607390403747559, 2.470029354095459, -0.2822120189666748, 0.11739364266395569, 0.033541083335876465, 0.012340311892330647, -0.2664426565170288, 0.4531680941581726, 0.17699682712554932, 0.05982865020632744, -0.2094140648841858, 0.5533048510551453, 0.2335813343524933, 0.08432680368423462, 0.07972545921802521, -0.16430093348026276, 0.6337264180183411, 0.2683612108230591, 0.09713650494813919, 0.19751431047916412, 0.30139991641044617, 0.15915244817733765, -0.22789739072322845, -0.07614032179117203, 0.019257767125964165, -0.41187769174575806, 0.4831855893135071, -0.8105663657188416, 0.015685036778450012, -0.1898147314786911, -0.5538108944892883, 0.008968368172645569, -0.0036091161891818047, 0.38619834184646606, 0.16219328343868256, -0.22176776826381683, 0.4169507920742035, 0.0, -0.38999998569488525, 0.47999998927116394, -0.680834949016571, 0.29280850291252136, -0.346786230802536, 0.5748621225357056, -0.8931576013565063, 0.3230379521846771, -0.07450953871011734, 0.30391478538513184, 0.014615947380661964, -0.4512699544429779, 0.48011696338653564, 0.033060118556022644, -0.2749745547771454, 0.9517057538032532, -0.1324848234653473, 0.04404731094837189, 0.13782894611358643, 0.4586560130119324, -8.651244163513184, -2.164614200592041, -0.012151308357715607, 0.05195249244570732, -0.4431263208389282, 0.4841274321079254, 0.041215986013412476, -0.27195045351982117, 0.9244226813316345, -0.264171838760376, -0.009708451107144356, 0.1768946796655655, 0.7727289795875549, -8.660781860351562, -4.224093437194824, -0.07867742329835892, 0.06722889840602875, -0.4393075108528137, 0.48475614190101624, 0.10191076993942261, -0.5543806552886963, 0.804423451423645, -0.18756107985973358, 0.023228798061609268, 0.10321935266256332, 0.8800674676895142, -6.974699020385742, -2.5209403038024902, -0.09422615170478821, 0.06810837984085083, -0.4277450144290924, 0.5070536136627197, -0.009166460484266281, -0.374831885099411, 0.922139585018158, -0.09526515752077103, -0.2155245840549469, 0.2571524977684021, 0.816960334777832, -5.298266410827637, -1.19906485080719, -2.8538241386413574, -0.05992667376995087, -0.38112524151802063, 0.5009549260139465, -0.19334471225738525, -0.6675167083740234, 0.6605830788612366, 0.2840231955051422, 0.40347692370414734, -0.3550984561443329, -0.11499850451946259, 7.262417316436768, 4.897608280181885, 6.942250728607178, -1.6669505834579468, -0.2793393135070801, 0.7492998838424683, 0.008150222711265087, -0.005989862605929375, 0.009680558927357197, -1.6184875965118408, -1.847045660018921, 1.9775311946868896, 0.03212296590209007, -0.006744920276105404, 0.008314969018101692, -1.2622791528701782, -3.2345376014709473, 0.6935606002807617, 0.0358087457716465, -0.0051216077990829945, 0.0002179340663133189, -1.1042065620422363, -3.641772508621216, 1.1026384830474854, 0.04250992089509964, -0.002855288563296199, 0.00218316656537354, -3.17840576171875, -1.6438353061676025, -0.41799235343933105, 0.01065156888216734, -0.025285828858613968, -0.010191797278821468, -1.0, 0.49084949493408203, -0.2596348822116852, -1.0, 0.5233041644096375, -1.0, 0.07451363652944565, 0.021689750254154205, -0.49848365783691406, 0.5828063488006592, -1.0, -0.37169867753982544, 1.0, 0.9104607701301575, -1.0, 1.0, -1.0, -1.0, -1.0, 1.0]
[-0.22656933963298798, -0.18647395074367523, -0.1346806138753891, -0.7891565561294556, -0.18276847898960114, -0.3046720027923584, -0.9211574792861938, -0.5296083092689514, -0.311295747756958, -0.3888233006000519, -0.6028407216072083, -0.2866383194923401, -0.9911091327667236, -0.8189864754676819, -0.6436883211135864, 0.2624545097351074, -0.07870643585920334, -0.8333156108856201, -0.6723929047584534, 0.13088199496269226, -0.5319318175315857, -0.8280031681060791, 0.25026509165763855, 0.891527533531189, -0.2601574659347534, -0.2521728575229645, -0.06854800879955292, -0.1797086000442505, 1.1522400379180908, 0.7934780120849609, -0.14448122680187225, 1.4860438108444214, 0.5267221331596375, 0.18457786738872528, -0.17531470954418182, 1.6698397397994995, -0.009893725626170635, -0.0098195755854249, 0.32993632555007935, 0.5747330784797668, 1.6975034475326538, 0.7199710011482239, 0.08325694501399994, 1.921473503112793, -0.5936762094497681, 0.0014802676159888506, -1.36831796169281, 0.19968324899673462, -3.866448402404785, -9.975330352783203, -0.15603646636009216, -0.540736198425293, -0.17851832509040833, -0.025741832330822945, -0.13995911180973053, -0.4253349304199219, -0.11636070907115936, -0.026816580444574356, -0.18017829954624176, -0.5273005366325378, -0.17221304774284363, -0.0509035624563694, -0.7767036557197571, -0.05455929785966873, -0.4027148485183716, -0.062407486140728, 0.009200223721563816, 0.11990556120872498, -0.1872485876083374, -0.07086658477783203, -0.09916792809963226, -0.02829892560839653, 0.019842887297272682, -0.411723256111145, 0.4861889183521271, -0.8137205243110657, 0.07094419747591019, -0.2698877453804016, -0.5098884701728821, 0.048867445439100266, 0.021956123411655426, 0.016415664926171303, 1.562545657157898, -2.779048204421997, 0.4862452447414398, 0.0, -0.38999998569488525, 0.47999998927116394, -0.680834949016571, 0.29280850291252136, -0.346786230802536, 0.5748621225357056, -0.8693498969078064, 0.2885209023952484, -0.14200754463672638, 0.37526023387908936, 0.01761755906045437, -0.44996970891952515, 0.48145830631256104, 0.026299376040697098, -0.2127630114555359, 0.966224193572998, -0.14300672709941864, 0.22860953211784363, 0.20776647329330444, -0.09345422685146332, -7.223679542541504, -2.2824513912200928, 1.5528838634490967, 0.053483668714761734, -0.4400283694267273, 0.49241918325424194, 0.020992336794734, -0.1927753984928131, 0.9409663677215576, -0.2774513363838196, 0.06229909509420395, 0.37603890895843506, 0.37773042917251587, -8.048651695251465, -5.644369602203369, 1.300138235092163, 0.06921415776014328, -0.43591201305389404, 0.4938421845436096, 0.09556694328784943, -0.5018528699874878, 0.8352290987968445, -0.20347699522972107, 0.17223607003688812, 0.3409753739833832, 0.4419161081314087, -6.165140628814697, -3.4459099769592285, 1.8092727661132812, 0.0656471699476242, -0.42181065678596497, 0.5172114372253418, -0.0276709645986557, -0.300040602684021, 0.9502533674240112, -0.07892072200775146, -0.16670507192611694, 0.5838233828544617, 0.5581461787223816, -11.468847274780273, -2.507599353790283, -3.0250842571258545, -0.05363011360168457, -0.38581180572509766, 0.4970557987689972, -0.09798914939165115, -0.7110181450843811, 0.6341569423675537, 0.28756949305534363, 0.5032246708869934, -0.32365667819976807, -0.44147810339927673, 9.99407958984375, 5.99910306930542, 7.440010070800781, -0.8819299340248108, 1.5548592805862427, -2.8569328784942627, -0.002418946009129286, -0.001595412497408688, 0.006181617267429829, -0.6658700108528137, 1.232069969177246, -2.3645098209381104, -0.008335531689226627, 0.003715835278853774, 0.009112175554037094, -0.9740654230117798, 2.7159178256988525, -1.3248871564865112, -0.010164791718125343, -0.004974319599568844, 0.008275827392935753, -0.36399877071380615, 0.8271855711936951, -1.772303819656372, 0.021608008071780205, -0.000537956366315484, 0.0038182265125215054, -1.4654884338378906, 2.0002260208129883, -0.028948690742254257, -0.006992686074227095, -0.004851110745221376, -0.011656224727630615, -1.0, -1.0, -0.6943598985671997, -1.0, 0.42081302404403687, -1.0, 0.4879668653011322, -0.019471608102321625, -1.0, 0.7482147812843323, -1.0, -0.3369097113609314, 1.0, 1.0, -0.23413771390914917, 1.0, -1.0, -0.8323395252227783, -1.0, 1.0]
[-0.30983075499534607, -0.2550170421600342, -0.18500952422618866, -0.8066057562828064, -0.07734929770231247, -0.19172890484333038, -0.9625161290168762, -0.3302118480205536, -0.3193169832229614, -0.3797144889831543, -0.6537942290306091, -0.09416213631629944, -0.9914481043815613, -0.8192538022994995, -0.5072113275527954, 0.3870616555213928, 0.09692458808422089, -0.7654589414596558, -0.6540132761001587, 0.2742876410484314, -0.6033730506896973, -0.8346101641654968, 0.04490368440747261, 0.9103343486785889, -0.34716591238975525, -0.6260590553283691, -0.28445369005203247, -0.15303300321102142, 0.8810141682624817, 1.172204852104187, -0.19063571095466614, 2.0134785175323486, -0.38816937804222107, -0.028232503682374954, -0.2290731519460678, 1.82758367061615, 0.0003221738152205944, 0.0015874048694968224, 0.7829836010932922, 0.48019227385520935, 1.5824092626571655, 0.5780929923057556, 0.19975772500038147, 1.6824604272842407, -0.490849107503891, -0.03588365390896797, -1.208807110786438, 0.160123810172081, -2.246673583984375, -3.615246295928955, -0.1253087967634201, -0.23545798659324646, -0.09518274664878845, -0.023086830973625183, -0.05856466293334961, -0.14549405872821808, -0.09449519962072372, -0.04142943024635315, -0.07798699289560318, -0.24718093872070312, -0.08779367804527283, -0.027887430042028427, -0.11967809498310089, -0.023565450683236122, -0.1845037043094635, -0.08477520942687988, -0.028441637754440308, 0.032416846603155136, 0.03169364482164383, 0.009908486157655716, -0.022702068090438843, -0.0025981897488236427, 0.020430788397789, -0.41128918528556824, 0.4847011864185333, -0.8121658563613892, 0.14794960618019104, -0.38655683398246765, -0.41118279099464417, 0.010963395237922668, 0.03185040503740311, -0.15761305391788483, 2.5768258571624756, -3.7229621410369873, 0.8652011752128601, 0.0, -0.38999998569488525, 0.47999998927116394, -0.680834949016571, 0.29280850291252136, -0.346786230802536, 0.5748621225357056, -0.8087111711502075, 0.2239149659872055, -0.22772963345050812, 0.4939509630203247, 0.023241568356752396, -0.4476793110370636, 0.4758617579936981, 0.01811910793185234, -0.15580089390277863, 0.9736347198486328, -0.1656295508146286, 0.36135104298591614, 0.24783127009868622, -0.4228631556034088, -5.875205993652344, -2.5963122844696045, 2.9696428775787354, 0.05605447292327881, -0.4352390170097351, 0.49570155143737793, -0.000700316159054637, -0.13827954232692719, 0.9448577165603638, -0.29685360193252563, 0.11336106806993484, 0.362415075302124, 0.10840176045894623, -3.4818170070648193, -3.902745008468628, 1.9893425703048706, 0.07244937121868134, -0.43030938506126404, 0.4972594380378723, 0.08799512684345245, -0.4538668096065521, 0.8565964102745056, -0.22913801670074463, 0.19219821691513062, 0.4274396598339081, 0.16735143959522247, -4.957958698272705, -3.759129762649536, 2.331099510192871, 0.06348779797554016, -0.41415664553642273, 0.5227148532867432, -0.05458036810159683, -0.21131251752376556, 0.9737060070037842, -0.06530359387397766, -0.19598598778247833, 0.6073564887046814, 0.269713431596756, -9.674382209777832, -3.5507431030273438, -2.9677720069885254, -0.046777330338954926, -0.3893752992153168, 0.4892873466014862, 0.001356428605504334, -0.754932701587677, 0.588179349899292, 0.2900341749191284, 0.48119422793388367, -0.1783641129732132, -0.6665630340576172, 11.161121368408203, 5.322765827178955, 6.703838348388672, -0.6696648597717285, 0.7963759899139404, -1.371225357055664, -0.011141190305352211, -0.0009523400804027915, 0.007144911680370569, -0.1575004905462265, 1.0140981674194336, -1.0942286252975464, -0.026217952370643616, 0.002170848660171032, 0.0015790816396474838, -0.30500030517578125, 1.3086423873901367, -0.6298770904541016, -0.008257796056568623, -0.0006960279424674809, 0.002698381431400776, 0.0702456533908844, 1.0350836515426636, -0.7650941014289856, -0.012915384955704212, 0.003565115388482809, 0.004633971489965916, -0.2861071527004242, 0.9421641826629639, 0.02588089182972908, -0.005311170127242804, 0.001979527762159705, 0.001967027550563216, -1.0, -1.0, -1.0, -1.0, 0.34691864252090454, -1.0, 1.0, -0.7179404497146606, -1.0, 0.9974527955055237, -1.0, 0.5132558941841125, 1.0, 1.0, -0.45899727940559387, 1.0, -1.0, -1.0, -1.0, 1.0]
[-0.40911391377449036, -0.35261788964271545, -0.27790823578834534, -0.82830411195755, -0.007254617754369974, -0.08176573365926743, -0.9923005104064941, -0.11958771198987961, -0.3683258891105652, -0.3907742500305176, -0.6666558384895325, 0.0887971892952919, -0.9914458990097046, -0.8189758062362671, -0.3036152720451355, 0.4902624487876892, 0.2496858686208725, -0.6608797907829285, -0.6263200640678406, 0.39690709114074707, -0.6662603616714478, -0.8511002659797668, -0.1324051171541214, 0.9254499673843384, -0.3838367760181427, -0.7253687977790833, -0.44659820199012756, -0.23193354904651642, 0.5189500451087952, 0.848161518573761, -0.07311572134494781, 1.9098995923995972, -0.48521366715431213, -0.1431715339422226, 0.042941100895404816, 1.612879991531372, -0.0009644253295846283, 0.0027813869528472424, 1.024322509765625, 0.39690670371055603, 1.3270031213760376, 1.1708731651306152, 0.33494433760643005, 1.421565055847168, -0.4341829717159271, -0.05129243806004524, -1.0280591249465942, 0.12932734191417694, -0.8230471611022949, -0.4688393771648407, -0.058130353689193726, -0.06149490177631378, -0.04845694079995155, -0.033552758395671844, 0.011286010965704918, -0.10759957134723663, -0.041840821504592896, -0.01635410636663437, 0.030614685267210007, -0.14796504378318787, -0.06038391962647438, -0.02144479751586914, 0.06612521409988403, -0.019987385720014572, -0.09588095545768738, -0.008538464084267616, 0.004996881820261478, -0.017605161294341087, 0.131473571062088, 0.06293196976184845, 0.022299204021692276, 0.011364319361746311, 0.02138652838766575, -0.4106058180332184, 0.48096248507499695, -0.7992187142372131, 0.23964117467403412, -0.482211709022522, -0.2670079171657562, 0.05408751592040062, 0.03856557980179787, -0.2510823905467987, 2.650411605834961, -2.4512939453125, 0.9158153533935547, 0.0, -0.38999998569488525, 0.47999998927116394, -0.680834949016571, 0.29280850291252136, -0.346786230802536, 0.5748621225357056, -0.6993201971054077, 0.16479429602622986, -0.29893794655799866, 0.6280366778373718, 0.030459292232990265, -0.4444993734359741, 0.46688923239707947, 0.00967806950211525, -0.12381166219711304, 0.972561776638031, -0.19672410190105438, 0.43736952543258667, 0.24150066077709198, -0.5744762420654297, -1.5591202974319458, -1.7977803945541382, 3.871126413345337, 0.05855563282966614, -0.4300067722797394, 0.4960186183452606, -0.018407341092824936, -0.11135563254356384, 0.942482590675354, -0.31462275981903076, 0.09077276289463043, 0.33978772163391113, -0.029720090329647064, -1.621514916419983, -2.82919979095459, 1.584019422531128, 0.07523524761199951, -0.4243015646934509, 0.49727845191955566, 0.07837947458028793, -0.41618406772613525, 0.870858371257782, -0.2495058923959732, 0.12348906695842743, 0.39441758394241333, -0.01286466233432293, -3.508222818374634, -2.9262187480926514, 1.1277703046798706, 0.060730934143066406, -0.40582752227783203, 0.5256633758544922, -0.08835852146148682, -0.11619701236486435, 0.9880625605583191, -0.04922809451818466, -0.25848549604415894, 0.6932251453399658, 0.15445083379745483, -11.690044403076172, -4.285526275634766, -3.888047456741333, -0.040551695972681046, -0.3909427225589752, 0.47988972067832947, 0.09082620590925217, -0.791912317276001, 0.5303630232810974, 0.2886873781681061, 0.3989749550819397, -0.014355664141476154, -0.7021468281745911, 10.730413436889648, 4.552695274353027, 5.574192047119141, -0.2884647250175476, 0.6104074120521545, -0.4590219557285309, -0.02439664863049984, 0.0001305470068473369, 0.004549006000161171, 0.2063063681125641, 0.46174898743629456, -0.4821479320526123, -0.009427870623767376, 0.0003156218444928527, -0.004146454855799675, 0.3063775897026062, 0.8369792103767395, -0.2078961730003357, -0.008890108205378056, 0.003376636654138565, -0.004038269631564617, 0.09793242812156677, 0.13276325166225433, -0.17527459561824799, 0.006988330278545618, 0.0019263860303908587, 0.0021912509109824896, 0.40925467014312744, 0.05969381332397461, -0.013777120038866997, -1.3008269888814539e-05, 0.004816245287656784, 0.006510587874799967, -1.0, -1.0, -1.0, -1.0, 0.22090023756027222, -1.0, 1.0, -0.6761017441749573, -0.4858829081058502, 1.0, -1.0, 1.0, 1.0, 1.0, 0.13267406821250916, 1.0, -1.0, -1.0, -1.0, 1.0]
[-0.5109777450561523, -0.4529760479927063, -0.38779956102371216, -0.8426114320755005, 0.034426670521497726, -0.015785859897732735, -0.9688400030136108, 0.04627179726958275, -0.3980286717414856, -0.40370070934295654, -0.5804147720336914, 0.24481946229934692, -0.9918420314788818, -0.818809986114502, -0.09183139353990555, 0.5761975049972534, 0.37768349051475525, -0.5058538317680359, -0.5818541646003723, 0.5000377893447876, -0.7024118304252625, -0.8744834065437317, -0.28197598457336426, 0.9377160668373108, -0.37239888310432434, -0.6953840255737305, -0.45460349321365356, -0.08044152706861496, 0.31468889117240906, 0.45160362124443054, 0.18720512092113495, 1.329246997833252, -0.16455428302288055, -0.08729525655508041, 0.5210243463516235, 1.3490394353866577, -0.005391854327172041, 0.0006151625420898199, 0.9496440291404724, 0.3314334452152252, 1.1096423864364624, 1.5686784982681274, 0.4864036738872528, 1.1890232563018799, -0.16806833446025848, -0.06180800870060921, -0.8619140982627869, 0.10559753328561783, 0.530859649181366, 0.7739933729171753, 0.03649495169520378, 0.0685168206691742, 0.009220442734658718, -0.012252697721123695, 0.04496581479907036, -0.14883986115455627, -0.042489394545555115, -0.010853203013539314, 0.09115533530712128, -0.07420079410076141, -0.03428591042757034, -0.013243122957646847, 0.043296217918395996, -0.024080224335193634, -0.0780101791024208, -0.019938874989748, -0.001055216183885932, -0.04392259567975998, 0.21131572127342224, 0.11000291258096695, 0.04789005219936371, 0.017906559631228447, 0.022517403587698936, -0.40992477536201477, 0.4748724102973938, -0.7819643020629883, 0.30653300881385803, -0.5293387174606323, -0.11987458914518356, 0.07083065807819366, 0.04046998172998428, -0.40479177236557007, 3.219076156616211, -2.1931159496307373, 0.680341899394989, 0.0, -0.38999998569488525, 0.47999998927116394, -0.680834949016571, 0.29280850291252136, -0.346786230802536, 0.5748621225357056, -0.5798298120498657, 0.12209664285182953, -0.3256002962589264, 0.7368000149726868, 0.03783121705055237, -0.44052204489707947, 0.4577663838863373, 0.0026248586364090443, -0.1181149110198021, 0.9660427570343018, -0.22978968918323517, 0.413114458322525, 0.2522439956665039, -0.5177085995674133, 0.5023041367530823, -1.1971886157989502, 3.8010730743408203, 0.06051618978381157, -0.4253939092159271, 0.4940870702266693, -0.03143022581934929, -0.09569869190454483, 0.9409974217414856, -0.32307547330856323, 0.07541283220052719, 0.26956748962402344, -0.15975485742092133, -1.0652316808700562, -1.7956169843673706, 0.32496750354766846, 0.07675022631883621, -0.41904526948928833, 0.4955538213253021, 0.06950639933347702, -0.38933369517326355, 0.8832474946975708, -0.2519163489341736, 0.032501064240932465, 0.3185039162635803, -0.09561040997505188, -2.8095297813415527, -1.3472707271575928, -1.0785859823226929, 0.05785953626036644, -0.39695143699645996, 0.5268961787223816, -0.1195627897977829, -0.00524859968572855, 0.9924807548522949, -0.02567223832011223, -0.21784202754497528, 0.7436378598213196, 0.01241871528327465, -13.063932418823242, -3.555515766143799, -4.905640602111816, -0.03501538187265396, -0.391020268201828, 0.471383273601532, 0.16891829669475555, -0.8158393502235413, 0.4740522503852844, 0.2848636209964752, 0.3511010408401489, 0.06394615024328232, -0.571338415145874, 8.839262008666992, 4.166647911071777, 5.127296447753906, 0.2205379605293274, 0.11872333288192749, 0.31442198157310486, -0.010471847839653492, 3.240869409637526e-05, -0.0015569363022223115, 0.33563685417175293, 0.47992584109306335, -0.3998112678527832, -0.003654315136373043, -0.0009493579855188727, -0.005728882737457752, 0.6012635827064514, 0.45611274242401123, 0.03739480674266815, -0.006401432678103447, 0.004624458961188793, -0.008294381201267242, -0.16291013360023499, 0.26405638456344604, -0.17075443267822266, 0.002905629575252533, -0.002659341786056757, 0.0012663506204262376, 0.7563766241073608, -0.7588891983032227, -0.09815143048763275, 0.006262738257646561, 0.005804532207548618, 0.006976197008043528, -1.0, -1.0, -1.0, -0.8596153259277344, 0.18413978815078735, -0.5975019335746765, 0.73019939661026, -0.445055216550827, 0.3374243974685669, 1.0, -1.0, 1.0, 1.0, 1.0, 0.486661821603775, 1.0, -0.7586324214935303, -1.0, -1.0, 1.0]
[-0.602497935295105, -0.5458838939666748, -0.48833996057510376, -0.8241732120513916, 0.053992096334695816, 0.017269184812903404, -0.901020348072052, 0.14779721200466156, -0.41513603925704956, -0.4104689955711365, -0.39459720253944397, 0.3531315326690674, -0.9919121265411377, -0.8185219764709473, 0.09674046188592911, 0.6477381587028503, 0.4649966061115265, -0.34957414865493774, -0.511276364326477, 0.5861882567405701, -0.662738561630249, -0.9048799276351929, -0.4064825773239136, 0.9478618502616882, -0.32117244601249695, -0.626118540763855, -0.3964483439922333, 0.31361639499664307, 0.1133265420794487, 0.20151618123054504, 0.32733312249183655, 0.7250656485557556, -0.15767765045166016, -0.054435815662145615, 0.8914201855659485, 0.8111929893493652, -0.0013240337138995528, 0.002789112040773034, 0.8190003633499146, 0.2756858170032501, 0.6372254490852356, 1.3759057521820068, 1.0115104913711548, 0.9913601875305176, 0.5337194800376892, -0.07383441925048828, -0.7148696780204773, 0.08791806548833847, 1.2939704656600952, 1.1142189502716064, 0.06156532093882561, 0.14550217986106873, 0.03847115486860275, 0.0006834217347204685, 0.03812447190284729, -0.1195695623755455, -0.05649309605360031, -0.02043650485575199, 0.07746385782957077, -0.12210510671138763, -0.055264364928007126, -0.021088065579533577, 0.0468011349439621, -0.014179781079292297, -0.13832691311836243, -0.08722132444381714, -0.001092907041311264, -0.05493203550577164, 0.34323814511299133, 0.18561868369579315, 0.05733063444495201, 0.018546268343925476, 0.024433717131614685, -0.40924131870269775, 0.46726953983306885, -0.7960066795349121, 0.2717674970626831, -0.5397988557815552, -0.033659517765045166, 0.12446088343858719, 0.05102754011750221, -0.4545521140098572, 0.04064390808343887, -0.02965356409549713, 2.45205020904541, 0.0, -0.38999998569488525, 0.47999998927116394, -0.680834949016571, 0.29280850291252136, -0.346786230802536, 0.5748621225357056, -0.5443230867385864, 0.07461486756801605, -0.27393388748168945, 0.7893702387809753, 0.04406433552503586, -0.4363563656806946, 0.450797438621521, -0.004577198065817356, -0.11920333653688431, 0.9585421681404114, -0.25877881050109863, 0.32822462916374207, 0.24399493634700775, -0.349218487739563, 0.5035246014595032, -1.2230875492095947, 3.1827847957611084, 0.062493305653333664, -0.42216333746910095, 0.4901224374771118, -0.03584425523877144, -0.09445658326148987, 0.9409204125404358, -0.3232056498527527, 0.12451305985450745, 0.15126919746398926, -0.2751599848270416, 0.6646692752838135, 0.20718544721603394, -0.221027672290802, 0.07742927223443985, -0.41527485847473145, 0.49227651953697205, 0.06692265719175339, -0.3768536448478699, 0.8936295509338379, -0.23436902463436127, 0.01746259070932865, 0.19376201927661896, -0.21988752484321594, -1.3146765232086182, 0.9425686597824097, -2.6851253509521484, 0.05560051649808884, -0.3895495533943176, 0.5260822772979736, -0.1414514183998108, 0.0998706966638565, 0.9848901033401489, 0.0029711152892559767, -0.13308505713939667, 0.5809304118156433, -0.1473400741815567, -12.319028854370117, -2.538494825363159, -5.306393623352051, -0.028881512582302094, -0.39114129543304443, 0.4656154215335846, 0.24273265898227692, -0.8213137984275818, 0.4349097013473511, 0.27816882729530334, 0.4487106204032898, 0.002456150483340025, -0.33678001165390015, 5.564694404602051, 3.940783739089966, 6.585648059844971, 0.3687429130077362, -0.11378651857376099, 0.7426657676696777, -0.0010233755456283689, -0.00024612623383291066, -0.0031020687893033028, 0.2874690294265747, 0.6685938835144043, -0.30066436529159546, -0.010407594963908195, -0.0009423719020560384, -0.0035098372027277946, 0.505631685256958, 0.7391917109489441, 0.09050383418798447, -0.010000188834965229, 0.0029454068280756474, -0.0064468965865671635, -0.1878107339143753, 0.6842625141143799, -0.44770902395248413, 0.00917103048413992, -0.0030291941948235035, 0.0017888321308419108, 0.8118822574615479, -1.8816416263580322, -0.21295347809791565, 0.014917228370904922, 0.005556146614253521, 0.004475072026252747, -1.0, -1.0, -1.0, -0.5332334637641907, 0.09575624018907547, -0.39245033264160156, 0.46210598945617676, -0.5153058171272278, 0.973310112953186, 0.7307291030883789, -1.0, 1.0, 1.0, 0.7423163652420044, 0.4117664396762848, 1.0, -0.045746564865112305, -1.0, -1.0, 1.0]
[-0.6830039024353027, -0.6258362531661987, -0.5363706946372986, -0.8433945178985596, 0.13283374905586243, 0.0565110482275486, -0.7578237056732178, 0.18899886310100555, -0.33324095606803894, -0.4006968140602112, -0.17953136563301086, 0.3521018326282501, -0.990164577960968, -0.8172872066497803, 0.25999340415000916, 0.7075173258781433, 0.43860891461372375, -0.2183067351579666, -0.3688785433769226, 0.6579926013946533, -0.5195719599723816, -0.9393935799598694, -0.508917510509491, 0.9564907550811768, -0.2824694812297821, -0.5178765654563904, -0.06953547149896622, -0.5059706568717957, 1.0275022983551025, 0.6924992799758911, 0.7111839652061462, 0.3092521131038666, 1.2327605485916138, 0.2639189660549164, 0.8759962916374207, -0.45964986085891724, 0.014258848503232002, 0.01257569994777441, 0.7016589641571045, 0.23021112382411957, -0.7267164587974548, 1.1132500171661377, 1.471373438835144, 0.8284055590629578, 1.225530743598938, -0.11234795302152634, -0.5957359671592712, 0.07457685470581055, 1.181333065032959, 1.3265938758850098, 0.1250801980495453, -0.1615624874830246, -0.019450178369879723, 0.02599778026342392, 0.05187784880399704, 0.023915385827422142, 0.09190583229064941, 0.05136366933584213, 0.00562022952362895, -0.29991111159324646, -0.1319599151611328, -0.04930634796619415, 0.032055363059043884, -0.010821613483130932, -0.3371569812297821, -0.17288312315940857, -0.05563411861658096, -0.06935245543718338, 0.23348364233970642, 0.11274076253175735, 0.058114901185035706, 0.01599433459341526, 0.02546011097729206, -0.41030117869377136, 0.46088653802871704, -0.7852007150650024, 0.2721569538116455, -0.5515627264976501, 0.07189576327800751, 0.09203150868415833, -0.10856997966766357, -0.3405330777168274, -2.078897714614868, 0.9756128191947937, 2.9002842903137207, 0.0, -0.38999998569488525, 0.47999998927116394, -0.680834949016571, 0.29280850291252136, -0.346786230802536, 0.5748621225357056, -0.46955493092536926, 0.03217463940382004, -0.2475205808877945, 0.8468864560127258, 0.04823076352477074, -0.4321248233318329, 0.4441692531108856, -0.013886497355997562, -0.1060619205236435, 0.9549158215522766, -0.27693620324134827, 0.15532328188419342, 0.29042550921440125, -0.4210277795791626, -2.67063570022583, -2.37014102935791, 1.1930104494094849, 0.06352432817220688, -0.4194544851779938, 0.48579585552215576, -0.041037507355213165, -0.06781016290187836, 0.9475277066230774, -0.30969151854515076, -0.03746478259563446, 0.2634594738483429, -0.19751830399036407, -5.453268051147461, -2.8005125522613525, -2.8612124919891357, 0.079166479408741, -0.414396196603775, 0.48538386821746826, 0.07643186300992966, -0.3972706198692322, 0.8906698822975159, -0.2074640691280365, 0.1491522192955017, -0.06805425882339478, -0.5539440512657166, 3.5597667694091797, 3.823209524154663, -2.3842735290527344, 0.0546301044523716, -0.38772836327552795, 0.5223777890205383, -0.15506099164485931, 0.17954811453819275, 0.970973551273346, 0.030475907027721405, -0.023887572810053825, 0.06458762288093567, -0.3364112377166748, -6.947426795959473, -1.7281172275543213, -3.9086086750030518, -0.020367642864584923, -0.39217984676361084, 0.46281152963638306, 0.31976473331451416, -0.8064088225364685, 0.4209724962711334, 0.26502329111099243, 0.6365067362785339, -0.056263238191604614, -0.16361159086227417, 2.813523530960083, 3.2066125869750977, 8.61001968383789, 0.6856645345687866, -0.3527606725692749, -0.5660631656646729, 0.02070637233555317, -0.0020590429194271564, -0.00939619168639183, 0.3116036057472229, -1.049405813217163, 0.5110713839530945, 0.03562258183956146, -0.0019487349782139063, -0.005865892861038446, 0.16076916456222534, 1.7893117666244507, 0.009571311995387077, -0.02246667444705963, 6.345438305288553e-05, 0.0008140512509271502, -0.20353037118911743, 1.892442226409912, -1.260492205619812, -0.027247488498687744, -0.0020664301700890064, 0.002494035754352808, 0.7260268926620483, -1.09859037399292, -0.1910301297903061, 0.008356619626283646, 0.004377900157123804, 0.004645299632102251, -1.0, -1.0, -1.0, -1.0, 1.0, 0.6401373744010925, 0.08820074051618576, 0.6470337510108948, 1.0, -0.18737229704856873, -1.0, 1.0, 1.0, -0.2912324368953705, 0.35502374172210693, 1.0, 0.7392700910568237, -1.0, -1.0, 1.0]
[-0.7518666982650757, -0.6931800246238708, -0.5213891267776489, -0.9046629071235657, 0.24877803027629852, 0.16807758808135986, -0.5597582459449768, 0.20654068887233734, -0.1828949749469757, -0.3339209258556366, -0.0005337519105523825, 0.2942561209201813, -0.9902727007865906, -0.8167137503623962, 0.39303794503211975, 0.7573710083961487, 0.3411775231361389, -0.11825144290924072, -0.22651055455207825, 0.7172409892082214, -0.3504243493080139, -0.9688755869865417, -0.5932531952857971, 0.9638282656669617, -0.2370263636112213, -0.4463207423686981, 0.08613070100545883, -0.5945543050765991, 1.0925623178482056, 1.273066520690918, 0.9085903167724609, 0.10389133542776108, 1.4715502262115479, 1.1242812871932983, 0.647269070148468, -0.5732750296592712, -0.010356617160141468, -8.08990589575842e-05, 0.5606580376625061, 0.19135470688343048, -0.9968833327293396, 0.8189840316772461, 1.1679186820983887, 0.6788970828056335, 1.2367815971374512, -0.03840849921107292, -0.48621875047683716, 0.06259889155626297, 1.2179218530654907, 1.0397924184799194, 0.03133605420589447, 0.038933902978897095, 0.007323853205889463, 0.015728477388620377, 0.048439256846904755, 0.014066990464925766, 0.005206218920648098, 0.043208397924900055, -0.018657261505723, 0.02113829180598259, 0.005355041939765215, 0.0008569505298510194, 0.016880298033356667, -0.00588929932564497, -0.05138963833451271, -0.04842676222324371, -0.033270008862018585, -0.07686571031808853, 0.01689940318465233, 0.021081918850541115, 0.058154817670583725, 0.015643782913684845, 0.0261060893535614, -0.41217854619026184, 0.4553488790988922, -0.7789519429206848, 0.29157453775405884, -0.5228142142295837, 0.18677060306072235, 0.016980009153485298, -0.1275521069765091, -0.33422237634658813, 2.606851100921631, -0.3391893804073334, 1.2253340482711792, 0.0, -0.38999998569488525, 0.47999998927116394, -0.680834949016571, 0.29280850291252136, -0.346786230802536, 0.5748621225357056, -0.37260037660598755, 0.027106769382953644, -0.20620699226856232, 0.9043853282928467, 0.050325121730566025, -0.42818453907966614, 0.43724140524864197, -0.027911927551031113, -0.06345337629318237, 0.9567301869392395, -0.2825983762741089, 0.038639720529317856, 0.3142942488193512, -0.37975260615348816, -5.46842098236084, -3.666440486907959, 0.019748814404010773, 0.0634092316031456, -0.41651299595832825, 0.48220983147621155, -0.05082380026578903, 0.002661295235157013, 0.9570347666740417, -0.28547215461730957, -0.09519419074058533, 0.3299933671951294, -0.2046457976102829, -10.026209831237793, -4.503663539886475, -4.1194915771484375, 0.08117949962615967, -0.41473543643951416, 0.47690513730049133, 0.09043610841035843, -0.4339311122894287, 0.8775191307067871, -0.18298958241939545, 0.1202089935541153, -0.058070242404937744, -0.5595242381095886, 4.077129364013672, 3.531803607940674, -1.6235480308532715, 0.054632775485515594, -0.3895682990550995, 0.5170019865036011, -0.16295629739761353, 0.22093866765499115, 0.9602044820785522, 0.05136875808238983, 0.01755167916417122, -0.09327518939971924, -0.36505502462387085, -2.9564290046691895, -1.1143041849136353, -2.4972095489501953, -0.01125312875956297, -0.3926527202129364, 0.4607428014278412, 0.39093804359436035, -0.7832891345024109, 0.41551902890205383, 0.2469199150800705, 0.6355502009391785, 0.011572480201721191, -0.14923982322216034, 2.0455970764160156, 2.4078667163848877, 8.429073333740234, 0.21363025903701782, -0.1964174211025238, 0.2175329029560089, 0.012782217003405094, 1.0386529538664035e-05, -0.000935279531404376, 0.2972049117088318, -0.5079671144485474, 0.15528085827827454, 0.03558889031410217, -0.002165901707485318, -0.005129171535372734, 0.060983914881944656, -0.07737024873495102, 0.17765775322914124, -0.00030360298114828765, -0.0007895060698501766, 0.0036502783186733723, -0.16858844459056854, 0.7124647498130798, -0.2817996144294739, -0.02258303575217724, -0.001819402095861733, 0.0024211572017520666, 0.7107771039009094, 0.032490324229002, -0.08079543709754944, 0.0019335278775542974, 0.004271350335329771, 0.005145387724041939, -1.0, -1.0, -1.0, -1.0, 1.0, 1.0, 0.033249370753765106, 0.721384584903717, 1.0, -0.09247049689292908, -1.0, 1.0, 1.0, -0.321998655796051, 0.29799169301986694, 1.0, 0.610970139503479, -1.0, -1.0, 1.0]
[-0.8041174411773682, -0.7533195614814758, -0.5404320359230042, -0.9433644413948059, 0.21928848326206207, 0.256593257188797, -0.46193253993988037, 0.21910136938095093, -0.16196998953819275, -0.2198476493358612, 0.09383995085954666, 0.31935638189315796, -0.9946113228797913, -0.8184656500816345, 0.49169814586639404, 0.7986045479774475, 0.3413729965686798, -0.008131803944706917, -0.11224013566970825, 0.7656043171882629, -0.22940729558467865, -0.9700489044189453, -0.6628868579864502, 0.9699231386184692, -0.17239297926425934, -0.3969985544681549, -0.22086627781391144, -0.19009576737880707, -1.088538646697998, 0.1885230988264084, 0.1558479368686676, 0.08136747777462006, -0.5590350031852722, 0.5828768014907837, 0.2506214380264282, 0.6743905544281006, -0.044370077550411224, -0.02203035168349743, 0.410098135471344, 0.15838000178337097, 0.5491739511489868, 1.1338579654693604, 1.11427903175354, 0.556243896484375, 0.6632489562034607, 0.00830218754708767, -0.4043058454990387, 0.051357802003622055, 1.2353359460830688, 1.0802931785583496, -0.036490365862846375, 0.15442074835300446, -0.1502797156572342, -0.12680065631866455, -0.05678258091211319, 0.04335496202111244, -0.18341124057769775, -0.12543407082557678, -0.028352513909339905, 0.39935624599456787, 0.16853274405002594, 0.06081709265708923, 0.04902038350701332, -0.005344808101654053, 0.3966604471206665, 0.1724165678024292, 0.0623171404004097, -0.07468175888061523, -0.2310558259487152, -0.12073980271816254, 0.0593450665473938, 0.016841886565089226, 0.027360940352082253, -0.41447246074676514, 0.4489229619503021, -0.7685099840164185, 0.2907031178474426, -0.4897054135799408, 0.2916721999645233, 0.08664431422948837, -0.1389697641134262, -0.4206104874610901, 2.1033761501312256, -0.21414752304553986, 1.479578971862793, 0.0, -0.38999998569488525, 0.47999998927116394, -0.680834949016571, 0.29280850291252136, -0.346786230802536, 0.5748621225357056, -0.2857847213745117, 0.014810224063694477, -0.1532597690820694, 0.9458431601524353, 0.05283372104167938, -0.4251880347728729, 0.4297911524772644, -0.028864707797765732, -0.07401251792907715, 0.9530906081199646, -0.2920738458633423, 0.2454908937215805, 0.052751727402210236, -0.46206241846084595, 6.605435848236084, 3.242326498031616, 2.2958743572235107, 0.06470043212175369, -0.41499724984169006, 0.4779195785522461, -0.055966947227716446, 0.0420345701277256, 0.9586572647094727, -0.27582046389579773, 0.1527252197265625, 0.013035079464316368, -0.28546786308288574, 1.1449919939041138, 0.9808652997016907, 0.20934522151947021, 0.08222618699073792, -0.4128013253211975, 0.47293704748153687, 0.09726940095424652, -0.44189828634262085, 0.8748062252998352, -0.17314329743385315, 0.04029259830713272, 0.1959201842546463, -0.06555908918380737, -1.2734990119934082, 0.24700772762298584, -0.15854604542255402, 0.05411510914564133, -0.387068510055542, 0.514294445514679, -0.16184356808662415, 0.2918345034122467, 0.9396224617958069, 0.07582176476716995, -0.012269963510334492, 0.4671263098716736, -0.14681364595890045, -11.489520072937012, -0.051027216017246246, -5.580904960632324, -0.004344778135418892, -0.3918726146221161, 0.4579097330570221, 0.4470311403274536, -0.7642511129379272, 0.40428245067596436, 0.22943192720413208, 0.38669833540916443, 0.10940174758434296, -0.23575083911418915, 2.9104156494140625, 2.1008527278900146, 5.557099342346191, -0.12896056473255157, 2.278272867202759, -0.3146682381629944, -0.09262655675411224, 0.0028211581520736217, 0.005218571983277798, -0.01090748980641365, 2.469904661178589, -0.43653184175491333, -0.08838550001382828, 0.007995584979653358, 0.010427778586745262, -0.06682735681533813, -2.299311637878418, 0.47987741231918335, 0.02632741816341877, -0.002010349417105317, 0.006691738497465849, -0.09180600941181183, -1.4448761940002441, 1.9855611324310303, 0.040643997490406036, -0.0007704884046688676, 0.0017005042172968388, 0.7837880849838257, 1.7503554821014404, 0.02759900875389576, -0.010930071584880352, 0.0043012835085392, 0.00897928886115551, -1.0, -1.0, -1.0, -1.0, -0.9903513789176941, -0.5475592017173767, 0.22148633003234863, -1.0, 0.27070897817611694, 1.0, -1.0, 1.0, 1.0, 1.0, 0.7360633015632629, 1.0, 0.10274827480316162, -1.0, -1.0, 1.0]
[-0.8442898392677307, -0.8032854199409485, -0.6017035245895386, -0.9618445038795471, 0.13692791759967804, 0.24433715641498566, -0.48925450444221497, 0.2059323489665985, -0.2596193850040436, -0.21552835404872894, 0.15363158285617828, 0.3705395758152008, -0.9968277812004089, -0.8197846412658691, 0.5732946991920471, 0.8329102396965027, 0.4115521311759949, 0.10671265423297882, 0.015766510739922523, 0.8059775829315186, -0.14565570652484894, -0.9709457755088806, -0.7210609912872314, 0.9748876094818115, -0.13923346996307373, -0.31970033049583435, -0.27119016647338867, -0.14857810735702515, -0.584621787071228, -0.20150811970233917, -0.2536148726940155, -0.2407069057226181, -1.0852712392807007, -0.22948308289051056, 0.24312272667884827, 0.3634923994541168, -0.009720989502966404, -0.006281192880123854, 0.36014458537101746, 0.1320285052061081, 0.7028043866157532, 1.0229823589324951, 1.2448251247406006, 0.4645090103149414, 0.5801486372947693, -0.0008920278633013368, -0.3358471393585205, 0.042590223252773285, 0.7420591115951538, 1.1660497188568115, 0.022082235664129257, 0.09172671288251877, 0.06334490329027176, 0.017107529565691948, -0.02712823823094368, -0.02772284857928753, -0.05296339839696884, -0.03972555696964264, 0.01440495252609253, -0.04894586279988289, -0.021346040070056915, -0.008023538626730442, 0.07912048697471619, -0.008041203022003174, 0.06303943693637848, 0.0001755249104462564, -0.0009973431006073952, -0.06543631851673126, -0.029253344982862473, -0.01913471147418022, 0.04907459765672684, 0.014512687921524048, 0.029345162212848663, -0.41647040843963623, 0.4421917200088501, -0.7744789719581604, 0.22707027196884155, -0.4712921679019928, 0.355675607919693, 0.09638673067092896, -0.09666700661182404, -0.37514787912368774, -0.5659308433532715, -0.9549164175987244, 2.5147640705108643, 0.0, -0.38999998569488525, 0.47999998927116394, -0.680834949016571, 0.29280850291252136, -0.346786230802536, 0.5748621225357056, -0.2623157501220703, -0.025904282927513123, -0.0754079595208168, 0.9616825580596924, 0.0556676909327507, -0.4223138689994812, 0.4233704209327698, -0.017757363617420197, -0.13182871043682098, 0.9423094987869263, -0.3071784973144531, 0.20262210071086884, 0.10275466740131378, -0.35420241951942444, 5.543488502502441, 2.703549861907959, 2.371425151824951, 0.0679493099451065, -0.4152460992336273, 0.47226396203041077, -0.04468344897031784, -0.0135763855651021, 0.956744372844696, -0.2871570587158203, 0.2884425222873688, -0.15937748551368713, -0.3601556718349457, 8.226408004760742, 4.287942886352539, 2.4607696533203125, 0.08285325020551682, -0.41032516956329346, 0.4711889624595642, 0.10098668187856674, -0.4374096989631653, 0.8774576187133789, -0.16894519329071045, 0.04004986956715584, 0.12945333123207092, -0.11134245246648788, -0.443012535572052, 0.6200829148292542, -0.26456427574157715, 0.05316321179270744, -0.38153666257858276, 0.5137976408004761, -0.15277932584285736, 0.3945021331310272, 0.9000614881515503, 0.10447902232408524, 0.019366897642612457, 0.47783178091049194, -0.1564474105834961, -12.55735969543457, 0.37310558557510376, -5.99716329574585, 0.0006012998055666685, -0.390498548746109, 0.45492395758628845, 0.4899781048297882, -0.7499186992645264, 0.3893476128578186, 0.2143634855747223, 0.31857067346572876, 0.11886008083820343, -0.19960986077785492, 2.4714431762695312, 1.6725986003875732, 4.705461025238037, 0.1073371171951294, -0.3040445148944855, 0.729262113571167, 0.012546861544251442, -7.760638982290402e-05, -0.00022986403200775385, -0.007025334984064102, 0.8373466730117798, -0.17200259864330292, -0.027165357023477554, 0.004115213640034199, 0.00545877730473876, 0.14963172376155853, 0.2911739945411682, 0.1688997447490692, -0.0036559291183948517, 0.0005917592206969857, 6.0407408454921097e-05, -0.06016071140766144, 0.1526033878326416, 0.18393167853355408, 0.0012917076237499714, 0.0006323675042949617, 0.000981009448878467, 0.6563559770584106, 0.3545207977294922, -0.0973721519112587, -0.0018321130191907287, 0.004010993521660566, 0.004794890061020851, -1.0, -1.0, -1.0, -1.0, -0.10335301607847214, -1.0, -0.013587512075901031, -1.0, 0.48269715905189514, 0.5284277200698853, -1.0, 1.0, 1.0, 0.8621777296066284, 0.6827883124351501, 1.0, 0.2696515619754791, -1.0, -1.0, 1.0]
[-0.8717200756072998, -0.843086838722229, -0.6618128418922424, -0.9897605180740356, 0.175258070230484, 0.23894216120243073, -0.5226681232452393, 0.16160956025123596, -0.23106767237186432, -0.22686992585659027, 0.21206742525100708, 0.3407653272151947, -0.9955564141273499, -0.8191854357719421, 0.6474811434745789, 0.8612805008888245, 0.4045974612236023, 0.22838208079338074, 0.1504364311695099, 0.8400245904922485, -0.016769293695688248, -0.9801591634750366, -0.7693862915039062, 0.978999674320221, -0.08213736116886139, -0.25976642966270447, -0.19059062004089355, -0.5980446338653564, 0.7482747435569763, 0.1215440183877945, 0.17427635192871094, -0.3023083806037903, 1.087883710861206, 0.10408985614776611, 0.002156818052753806, -0.4481601417064667, 0.005260545294731855, 0.0055142417550086975, 0.32636138796806335, 0.10883642733097076, -0.48123645782470703, 1.1675176620483398, 1.3060741424560547, 0.3924023509025574, 1.1193851232528687, -0.025717467069625854, -0.27806565165519714, 0.035369280725717545, 1.2280880212783813, 0.5947956442832947, 0.09352286159992218, -0.26056480407714844, -0.03814470395445824, 0.010521466843783855, 0.16592977941036224, 0.18300719559192657, 0.2883932590484619, 0.1318741738796234, -0.11322137713432312, -0.04220573604106903, -0.0219593346118927, -0.00876565370708704, 0.0535954087972641, -5.0029935664497316e-05, -0.24956271052360535, -0.10166458040475845, -0.028189336881041527, -0.06069435179233551, 0.1654958724975586, 0.0899367481470108, 0.03934919461607933, 0.011276346631348133, 0.031101442873477936, -0.4178723990917206, 0.43652212619781494, -0.7683448791503906, 0.1671166867017746, -0.4545925259590149, 0.4184061884880066, 0.09866077452898026, -0.08397821336984634, -0.2653259038925171, 2.1867306232452393, 0.9371611475944519, 1.0053561925888062, 0.0, -0.38999998569488525, 0.47999998927116394, -0.680834949016571, 0.29280850291252136, -0.346786230802536, 0.5748621225357056, -0.23198160529136658, -0.06949488073587418, -0.005031490232795477, 0.9702215194702148, 0.057117022573947906, -0.4191039800643921, 0.4196041524410248, -0.020921627059578896, -0.14254756271839142, 0.9366922974586487, -0.3191392719745636, 0.029274538159370422, 0.20610924065113068, -0.26738667488098145, 0.32627660036087036, -0.7306807041168213, 1.016075849533081, 0.06995488703250885, -0.41459402441978455, 0.4673590064048767, -0.0428290069103241, -0.03629552945494652, 0.9536048173904419, -0.29578036069869995, -0.020906656980514526, 0.13614091277122498, -0.1898462474346161, -2.7143537998199463, -1.4638046026229858, -0.7489920854568481, 0.08356413245201111, -0.4101182818412781, 0.4664486050605774, 0.10851234197616577, -0.4562661051750183, 0.8685014843940735, -0.16047292947769165, 0.08293954282999039, -0.03093520924448967, -0.3653642237186432, 3.1822731494903564, 1.4002076387405396, 0.3150198459625244, 0.05256766825914383, -0.37927401065826416, 0.5117210745811462, -0.14238505065441132, 0.472950279712677, 0.8599456548690796, 0.12859949469566345, 0.037691716104745865, 0.0887732282280922, -0.2887849509716034, -8.211710929870605, 0.24498669803142548, -4.477954387664795, 0.0065835947170853615, -0.38909342885017395, 0.45325416326522827, 0.5324854254722595, -0.727616012096405, 0.38579005002975464, 0.19544869661331177, 0.4698106646537781, 0.11297982931137085, -0.08006036281585693, 0.9767017364501953, 0.6384873986244202, 6.492872714996338, 0.5238873362541199, -0.35940027236938477, -1.0886977910995483, 0.005130462814122438, -0.0014212970854714513, -0.00613062921911478, 0.764205813407898, -3.0050477981567383, 1.6896278858184814, 0.08679845184087753, -0.012979168444871902, -0.022853706032037735, -0.5184502601623535, 0.2978639006614685, 0.08261767029762268, -0.004297694191336632, -0.0059212190099060535, 0.018728923052549362, 0.0268701259046793, 0.5896351933479309, -1.443570852279663, -0.019344810396432877, -0.0002829394943546504, 0.0006235023611225188, 0.4914860725402832, -1.0570906400680542, -0.20702728629112244, 0.008961504325270653, 0.0034125649835914373, -0.0005474677891470492, -0.8646798729896545, -1.0, -1.0, -1.0, 1.0, -0.8828957676887512, -0.28831911087036133, 1.0, 1.0, -0.2806568145751953, -1.0, 1.0, 1.0, -0.12841424345970154, 0.9165668487548828, 1.0, 1.0, -1.0, -1.0, 1.0]
[-0.8535584211349487, -0.8818438053131104, -0.643839418888092, -1.0000098943710327, 0.20523598790168762, 0.25143590569496155, -0.5405664443969727, 0.15831077098846436, -0.2393459975719452, -0.21770507097244263, 0.15571895241737366, 0.3711240291595459, -0.9980453252792358, -0.8201435804367065, 0.7043550610542297, 0.8836629986763, 0.3664281964302063, 0.3054742217063904, 0.2748153507709503, 0.8688567280769348, 0.14248934388160706, -0.982280969619751, -0.7433965802192688, 0.98188716173172, 0.17704366147518158, -0.25706377625465393, 0.14036501944065094, 1.2461583537515253e-05, 0.08526124805212021, 0.0640023723244667, -0.29942789673805237, -0.033235568553209305, -0.694279670715332, -0.060734767466783524, -0.12217675894498825, 0.6326375007629395, -0.028340375050902367, -0.013970297761261463, 0.22734041512012482, 0.08475402742624283, -0.290547639131546, 0.4689730107784271, 0.9312847256660461, 0.33437877893447876, 1.1525993347167969, 0.004748214967548847, 0.38913998007774353, 0.023387568071484566, 5.518974304199219, 0.6680750250816345, 0.18441680073738098, 0.045316148549318314, -0.005703564267605543, -0.010688869282603264, 0.019847262650728226, -0.039630237966775894, -0.15242668986320496, -0.07710187882184982, 0.21156549453735352, 0.3373715281486511, 0.14314837753772736, 0.05183224380016327, 0.20993946492671967, 0.03072904422879219, 0.02926037646830082, -0.05000302568078041, -0.041193049401044846, -0.08879812061786652, -0.21850261092185974, -0.09907659143209457, 0.1413700133562088, 0.045945748686790466, 0.031343746930360794, -0.4189661741256714, 0.4352736473083496, -0.7818400263786316, 0.1837879717350006, -0.38667434453964233, 0.4532451033592224, -0.04173724353313446, -0.04614733159542084, 0.0745648592710495, 0.2899373471736908, 1.9682279825210571, 0.6020947694778442, 0.0, -0.38999998569488525, 0.47999998927116394, -0.680834949016571, 0.29280850291252136, -0.346786230802536, 0.5748621225357056, -0.19035150110721588, -0.01919134519994259, 0.038694851100444794, 0.9807654619216919, 0.054972093552351, -0.4178878962993622, 0.41647517681121826, -0.022535007447004318, -0.1416427493095398, 0.9389812350273132, -0.3126400113105774, -0.21994198858737946, 0.0068420423194766045, -0.17183101177215576, 0.3789592683315277, 0.49639156460762024, -1.5518031120300293, 0.06909903138875961, -0.4145453870296478, 0.46392926573753357, -0.04268191009759903, -0.048805661499500275, 0.9533230066299438, -0.29490926861763, -0.04151101037859917, -0.1374092847108841, -0.24051155149936676, 4.781588077545166, 1.9697271585464478, 0.738481342792511, 0.08283796906471252, -0.4091585874557495, 0.46464985609054565, 0.10688885301351547, -0.4576404094696045, 0.8666403889656067, -0.16755403578281403, -0.17360231280326843, 0.06279431283473969, 0.037346772849559784, -1.39847731590271, -0.9316365122795105, -0.30021655559539795, 0.050819892436265945, -0.37993377447128296, 0.508810818195343, -0.1290614902973175, 0.5204226970672607, 0.8306990265846252, 0.1498076170682907, -0.10899055749177933, -0.050245314836502075, -0.21305827796459198, -4.047947883605957, 0.4120117723941803, -3.854271173477173, 0.011419357731938362, -0.3880440294742584, 0.45295193791389465, 0.5639907121658325, -0.6992964148521423, 0.39759671688079834, 0.186589777469635, 0.25497451424598694, 0.042146164923906326, 0.036852575838565826, -2.096954584121704, 0.38711246848106384, 4.27061128616333, 1.1699022054672241, -0.01650199107825756, 0.10141453146934509, -0.010936400853097439, 0.0008201951859518886, -0.007594692520797253, 0.8210423588752747, 1.6354399919509888, -0.6602709889411926, -0.05257028341293335, 0.007445652037858963, 0.005176723003387451, 1.7856465578079224, -1.9305378198623657, 0.4522431492805481, 0.02287418022751808, 0.010527627542614937, -0.0162641704082489, 0.4698133170604706, 1.0822930335998535, -0.24160771071910858, -0.0249586533755064, -0.004220689181238413, -0.001179438317194581, 1.8576122522354126, 1.4058241844177246, -0.23670855164527893, -0.004125943873077631, 0.016223957762122154, 0.0063267722725868225, -0.0452597513794899, -1.0, -1.0, -1.0, 0.41358619928359985, -1.0, -0.5033145546913147, -1.0, 0.3151141405105591, 1.0, -1.0, 1.0, 1.0, 0.21356993913650513, 0.4470525085926056, 1.0, 1.0, -1.0, -0.1973940134048462, 1.0]
[-0.8048654794692993, -0.9111895561218262, -0.6156802177429199, -1.0000131130218506, 0.26651647686958313, 0.26329272985458374, -0.6234325170516968, 0.14864107966423035, -0.337693452835083, -0.23961970210075378, 0.13801173865795135, 0.3932640254497528, -0.9983744621276855, -0.8204835057258606, 0.7506687045097351, 0.9029135704040527, 0.3219393789768219, 0.33591166138648987, 0.3384600579738617, 0.8902831077575684, 0.26027554273605347, -0.9923086762428284, -0.7319679856300354, 0.9862626791000366, 0.1829385757446289, -0.16975554823875427, 0.013825014233589172, -0.00011818324128398672, 0.7813183665275574, 0.16814814507961273, -0.310001939535141, -0.1252237856388092, -1.0220797061920166, -0.2941376268863678, -0.059360064566135406, -0.03171839937567711, 0.004894330631941557, 0.0020419242791831493, 0.20731575787067413, 0.07630538195371628, -0.47833672165870667, 0.1786758154630661, 0.3430846929550171, 0.20234544575214386, 0.5996288657188416, -0.09545387327671051, -0.05937693268060684, 0.06935172528028488, -0.038834311068058014, 1.0623469352722168, -0.08197695016860962, 0.0555771142244339, 0.04517078772187233, 0.020091040059924126, 0.013770699501037598, 0.023969795554876328, -0.016593074426054955, -0.01476985588669777, 0.0032462517265230417, -0.14482122659683228, -0.0632462352514267, -0.023527421057224274, 0.02928381972014904, -0.010457661002874374, -0.008882471360266209, -0.03032582253217697, -0.03181809186935425, -0.09952038526535034, -0.3160598874092102, -0.2092510163784027, 0.02273796871304512, 0.007684776093810797, 0.030773987993597984, -0.4194525182247162, 0.43689167499542236, -0.8082740902900696, 0.22637128829956055, -0.2956791818141937, 0.4560951888561249, -0.05856034532189369, -0.003712652251124382, 0.10492478311061859, 1.8913843631744385, 3.6962246894836426, -0.40986761450767517, 0.0, -0.38999998569488525, 0.47999998927116394, -0.680834949016571, 0.29280850291252136, -0.346786230802536, 0.5748621225357056, -0.16219554841518402, 0.07557334005832672, 0.07074082642793655, 0.9813140034675598, 0.05112440511584282, -0.4176110029220581, 0.4151701331138611, -0.028951792046427727, -0.1224927008152008, 0.94561368227005, -0.2999531924724579, -0.24505634605884552, 0.0756017342209816, -0.010042372159659863, -3.1249606609344482, -2.2712812423706055, -1.5723570585250854, 0.06829018890857697, -0.4159225821495056, 0.4598734676837921, -0.03452708199620247, -0.1071874275803566, 0.9471001625061035, -0.30053257942199707, 0.01508396491408348, -0.1964344084262848, -0.26116943359375, 7.051860809326172, 3.546673536300659, 1.2471898794174194, 0.08031363040208817, -0.4094202220439911, 0.4633054733276367, 0.1034235879778862, -0.45872339606285095, 0.8671776056289673, -0.16394928097724915, -0.14497974514961243, -0.06516052782535553, -0.13941405713558197, 0.9594876170158386, 0.23965060710906982, -0.6831079125404358, 0.04799211397767067, -0.3820464313030243, 0.5062432289123535, -0.11924033612012863, 0.5321217179298401, 0.8214578628540039, 0.1668383628129959, -0.1458544135093689, -0.15089254081249237, -0.1394508183002472, 0.47624701261520386, -0.30275988578796387, -1.8304030895233154, 0.013560408726334572, -0.38692983984947205, 0.45245248079299927, 0.5827475190162659, -0.6820582747459412, 0.40360498428344727, 0.1797354519367218, 0.06369174271821976, 0.08117937296628952, -0.06064542755484581, 0.3568419814109802, 0.35377681255340576, 1.7596068382263184, -0.43101269006729126, -0.2825596332550049, 0.5334902405738831, 0.01585264690220356, 0.0022568264976143837, 0.007143199909478426, 0.004124419763684273, 0.34735429286956787, 0.12670055031776428, -0.009559541009366512, -0.0015794800128787756, -0.0017898695077747107, 0.0157611221075058, 0.8596822619438171, 0.08833646029233932, -0.010632187128067017, 0.0002574938116595149, -0.0005911507760174572, -0.09374216198921204, 0.5496334433555603, -0.19964364171028137, -0.02357359044253826, 0.0015281053492799401, -9.515816054772586e-05, 0.4182959794998169, 2.5812931060791016, 0.05227657034993172, -0.020461488515138626, 0.0009920505108311772, 0.013762145303189754, -0.4876224100589752, -1.0, -0.7848992347717285, -1.0, 1.0, -1.0, -0.14205050468444824, -1.0, 0.11386951059103012, 0.23960334062576294, -1.0, 1.0, 1.0, -0.005919273942708969, 0.3840915262699127, 1.0, 0.7388726472854614, -1.0, -1.0, 1.0]
[-0.7776349186897278, -0.9318339824676514, -0.6108081936836243, -0.9999977350234985, 0.3326243460178375, 0.2961988151073456, -0.6419482827186584, 0.15643355250358582, -0.4406753182411194, -0.27266108989715576, 0.13064061105251312, 0.40095821022987366, -1.0000019073486328, -0.8215855956077576, 0.7954848408699036, 0.9202641844749451, 0.24777427315711975, 0.35829389095306396, 0.36147528886795044, 0.9050763249397278, 0.20759263634681702, -0.9938039183616638, -0.7574294209480286, 0.9913084506988525, 0.059642430394887924, -0.12429308146238327, -0.05288217216730118, 0.0002666751097422093, 0.6758509278297424, 0.5541737079620361, 0.14114795625209808, 0.22445452213287354, -0.7793196439743042, -0.2580290734767914, -0.06926444917917252, -0.0018096923595294356, 1.5322119679694879e-06, -0.044163789600133896, 0.19864414632320404, 0.06747729331254959, -0.7966212630271912, 0.21961188316345215, 0.17872995138168335, 0.2016635686159134, -0.8975304961204529, 0.03194339945912361, -0.2307749092578888, 0.022211909294128418, -2.1609983444213867, 0.646080493927002, -0.14980576932430267, 0.030689574778079987, 0.020114146173000336, 0.027565106749534607, 0.041885025799274445, 0.09923986345529556, 0.0856606662273407, 0.037525638937950134, -0.061941348016262054, -0.06813324242830276, -0.02795727550983429, -0.013462929055094719, -0.08169713616371155, -0.025660142302513123, -0.03289850056171417, -0.008911692537367344, -0.004997284151613712, -0.013121789321303368, -0.4712827801704407, -0.2477569580078125, -0.00015589292161166668, -0.001970647368580103, 0.029513424262404442, -0.41718295216560364, 0.43901440501213074, -0.8203920722007751, 0.29614418745040894, -0.22429291903972626, 0.43468165397644043, -0.03281805291771889, 0.21712210774421692, 0.12460820376873016, -0.7913790345191956, 1.2793930768966675, -0.3279951512813568, 0.0, -0.38999998569488525, 0.47999998927116394, -0.680834949016571, 0.29280850291252136, -0.346786230802536, 0.5748621225357056, -0.13864201307296753, 0.17475779354572296, 0.06039656326174736, 0.9729288220405579, 0.0488857701420784, -0.41694340109825134, 0.4147166609764099, -0.039784714579582214, -0.09142192453145981, 0.9507735371589661, -0.2934090197086334, -0.13107378780841827, 0.12448858469724655, 0.010594760999083519, -4.443228244781494, -3.274886131286621, -0.8743250966072083, 0.06772517412900925, -0.416939377784729, 0.45708587765693665, -0.02086050622165203, -0.16092383861541748, 0.9400249719619751, -0.3000355660915375, -0.016802292317152023, -0.09055833518505096, -0.11818907409906387, 3.715573787689209, 2.9095795154571533, -0.2898021638393402, 0.07888283580541611, -0.40960493683815, 0.46195679903030396, 0.1022096499800682, -0.46277934312820435, 0.8656989336013794, -0.16110138595104218, -0.04168027639389038, -0.010860909707844257, -0.09746969491243362, 0.8666203022003174, 0.14711156487464905, -0.030144942924380302, 0.04607492685317993, -0.3849474787712097, 0.5033094882965088, -0.1175185814499855, 0.5197078585624695, 0.8274660706520081, 0.17718060314655304, -0.08255161345005035, -0.19545350968837738, -0.1564731001853943, 2.264521360397339, -0.7791582345962524, -0.3241484761238098, 0.010380972176790237, -0.386229544878006, 0.44966477155685425, 0.5818770527839661, -0.6948727369308472, 0.3804005980491638, 0.1840278059244156, -0.3782186210155487, 0.056909043341875076, -0.27458494901657104, 3.331840991973877, 2.416132688522339, -3.3994247913360596, -0.8613861799240112, -0.24033023416996002, 0.27909499406814575, 0.02396015264093876, 0.002792489482089877, 0.010012619197368622, -0.10295891016721725, -0.8314486742019653, 0.6688313484191895, 0.025053909048438072, -0.006280604284256697, -0.01030652690678835, -0.5874437689781189, 0.41522061824798584, 0.03180795907974243, -0.007234618533402681, -0.0030489976052194834, 0.004093364346772432, -0.33549532294273376, -0.0856720507144928, -0.1253935694694519, -0.006282364949584007, 0.0032166196033358574, 0.0015069530345499516, 0.014384333044290543, 3.1662943363189697, 0.36669713258743286, -0.024145634844899178, -0.002200785791501403, 0.010253826156258583, -0.8224057555198669, -1.0, -1.0, -1.0, 0.820160984992981, -1.0, 0.0819888636469841, -1.0, 0.4954187572002411, 0.48201727867126465, -1.0, 1.0, 1.0, -0.2905876934528351, 0.49229177832603455, 1.0, -0.9223904013633728, -1.0, -1.0, 1.0]
[-0.7552396059036255, -0.9338594079017639, -0.5748300552368164, -1.0000054836273193, 0.3799731135368347, 0.36232423782348633, -0.580120861530304, 0.11468738317489624, -0.3789641857147217, -0.2776445150375366, 0.15214094519615173, 0.340091347694397, -0.9985647201538086, -0.8226001858711243, 0.739143967628479, 0.9354624152183533, 0.1067647784948349, 0.3880385458469391, 0.3859129548072815, 0.921108603477478, 0.0524495504796505, -0.9838326573371887, -0.7958601713180542, 0.9928929209709167, 0.1069486141204834, 0.03947373852133751, 0.3953321576118469, -0.0001866150414571166, 0.22733326256275177, 0.5629088282585144, 0.34680068492889404, -0.5318071246147156, 1.3808655738830566, 0.1988479197025299, 0.03634093329310417, -0.7357136607170105, 0.007438052445650101, 0.0007869419641792774, -0.5222694873809814, 0.05715012550354004, -1.5778093338012695, 0.2989734709262848, 0.28954800963401794, 0.19164453446865082, -1.2364000082015991, 0.014497282914817333, -0.23672933876514435, 0.011473606340587139, 1.146986484527588, 1.085235595703125, 0.17407254874706268, 0.058220960199832916, -0.03001204878091812, -0.022140538319945335, 0.07002556324005127, 0.023764176294207573, 0.21298305690288544, 0.10758974403142929, -0.018526162952184677, -0.024876417592167854, -0.015270708128809929, -0.005976338405162096, -0.20399175584316254, -0.027632765471935272, -0.17407400906085968, -0.0462409183382988, -0.004576403647661209, -0.04853624477982521, -0.11076441407203674, -0.059799984097480774, 0.04294866696000099, 0.012271903455257416, 0.026913532987236977, -0.4153108596801758, 0.4396056532859802, -0.8209075927734375, 0.3390365242958069, -0.221426323056221, 0.40266042947769165, -0.2064850628376007, 0.08734733611345291, 0.007030980661511421, -1.146101474761963, -0.38427481055259705, -0.7692256569862366, 0.0, -0.38999998569488525, 0.47999998927116394, -0.680834949016571, 0.29280850291252136, -0.346786230802536, 0.5748621225357056, -0.14502565562725067, 0.2109215259552002, 0.02188829891383648, 0.9664371609687805, 0.04682346060872078, -0.41733092069625854, 0.41530972719192505, -0.04935556650161743, -0.04866461083292961, 0.9565812349319458, -0.28310444951057434, -0.2040584236383438, -0.02954363264143467, 0.0420493483543396, -3.963202476501465, -1.095428228378296, -2.585479497909546, 0.06615228950977325, -0.4177752733230591, 0.4556986093521118, -0.017953714355826378, -0.1549966186285019, 0.9449529647827148, -0.28760650753974915, -0.19335557520389557, 0.028841614723205566, 0.011455475352704525, -4.930861949920654, -1.9866507053375244, -2.5913376808166504, 0.07795992493629456, -0.4115058481693268, 0.45876753330230713, 0.1049276664853096, -0.48392483592033386, 0.855412483215332, -0.15190911293029785, -0.057973481714725494, -0.17427869141101837, -0.2525921165943146, 3.1659677028656006, 1.3356752395629883, -0.800929069519043, 0.047421373426914215, -0.3900871276855469, 0.4984440207481384, -0.11386346071958542, 0.48917126655578613, 0.8481130599975586, 0.16867347061634064, 0.14331798255443573, -0.4023410975933075, -0.28563085198402405, 5.141402244567871, 1.3051607608795166, 2.3414316177368164, 0.003692080732434988, -0.38569092750549316, 0.44644877314567566, 0.5673502683639526, -0.7227866053581238, 0.3415675461292267, 0.19754698872566223, -0.5372827649116516, 0.06141747906804085, -0.20754437148571014, 3.1063826084136963, 2.569749116897583, -5.290780544281006, 0.8870870471000671, 0.46314144134521484, 0.05132683366537094, -0.01519341766834259, -0.007376560941338539, -0.012892169877886772, 0.44201570749282837, -2.2886929512023926, 0.9904230833053589, 0.07325935363769531, -0.0026614712551236153, -0.008724270388484001, 0.030714990571141243, 0.19618022441864014, 0.1921047866344452, -0.00303363474085927, -0.0008544748416170478, 0.005253851413726807, -0.735069215297699, -0.34674328565597534, -0.9386297464370728, -0.009777553379535675, -0.0001825027575250715, 0.012294082902371883, 0.5722334980964661, 0.7533356547355652, -0.09375235438346863, -0.004475463647395372, 0.0031161715742200613, 0.004196792840957642, -0.42535972595214844, -0.8313968181610107, -1.0, -1.0, 0.667900800704956, 0.029629573225975037, -0.5006201863288879, 1.0, 1.0, -0.6296020150184631, -1.0, -0.2273159623146057, 1.0, -1.0, 0.568864107131958, 1.0, -1.0, -1.0, -1.0, 1.0]
[-0.7342051267623901, -0.9323106408119202, -0.46209102869033813, -1.000001072883606, 0.3809363543987274, 0.39973121881484985, -0.4658447504043579, 0.1342078149318695, -0.2749268114566803, -0.24588893353939056, 0.19682469964027405, 0.31914177536964417, -0.9999640583992004, -0.8233684301376343, 0.6742630004882812, 0.9465689659118652, 0.014612888917326927, 0.4137745499610901, 0.4185914695262909, 0.934908926486969, -0.089383065700531, -0.9871104955673218, -0.8299615383148193, 0.9941110014915466, 0.06608843058347702, 0.02111753448843956, 0.2945288419723511, 9.594803850632161e-05, 0.0171455517411232, 0.1340978592634201, 0.48172837495803833, 0.39872315526008606, 0.75259929895401, 0.29500845074653625, 0.34993186593055725, -0.0910012498497963, -0.010560759343206882, -0.006740953307598829, -0.17581549286842346, 0.041671913117170334, -0.45884057879447937, 0.2119377702474594, 0.2981911897659302, 0.16161251068115234, -0.9007951021194458, -0.018185732886195183, -0.19952720403671265, 0.010092809796333313, -0.574220597743988, 0.4972553253173828, -0.17282867431640625, 0.022102423012256622, 0.01413247175514698, -0.013442037627100945, -0.006542379967868328, 0.12534038722515106, 0.00037742836866527796, -0.006498344708234072, 0.06796769052743912, 0.0375371128320694, 0.016582109034061432, 0.006052907090634108, 0.16292396187782288, -0.0008277215529233217, 0.2912217974662781, 0.08427492529153824, 0.017487067729234695, -0.01659649983048439, 0.19108116626739502, 0.09594453871250153, 0.014664139598608017, 0.004213409963995218, 0.02327531948685646, -0.41334453225135803, 0.44092482328414917, -0.8158604502677917, 0.3652198612689972, -0.25476640462875366, 0.36889034509658813, -0.2046162635087967, 0.10635170340538025, 0.06750629842281342, -0.7390826344490051, -0.544628918170929, -0.8525592684745789, 0.0, -0.38999998569488525, 0.47999998927116394, -0.680834949016571, 0.29280850291252136, -0.346786230802536, 0.5748621225357056, -0.1657983660697937, 0.21141213178634644, -0.02829303964972496, 0.9628164172172546, 0.043885745108127594, -0.41885146498680115, 0.4152035713195801, -0.042384158819913864, -0.03130647912621498, 0.9630536437034607, -0.26410436630249023, -0.11937522888183594, -0.04356808960437775, 0.010423916392028332, -1.111601710319519, 0.4226589500904083, -1.5548667907714844, 0.06280631572008133, -0.4174898564815521, 0.4580945074558258, -0.02530023828148842, -0.09452993422746658, 0.9587584137916565, -0.2668449878692627, -0.23943394422531128, 0.1378171741962433, 0.21272966265678406, -6.879357814788818, -2.343524932861328, -2.9448671340942383, 0.07654538005590439, -0.4126679003238678, 0.45782536268234253, 0.10555709153413773, -0.4913116693496704, 0.8530595898628235, -0.14056941866874695, -0.11814913898706436, -0.07042072713375092, -0.019061097875237465, -0.012741666287183762, 1.1279107332229614, -1.7361645698547363, 0.04878932610154152, -0.3931695222854614, 0.4948907196521759, -0.10672460496425629, 0.47635766863822937, 0.8577638268470764, 0.1610412448644638, 0.03876759484410286, -0.08394047617912292, -0.11367443948984146, -0.011609956622123718, 0.8061937689781189, -0.16840600967407227, -0.0025553612504154444, -0.3847629129886627, 0.44402867555618286, 0.5507894158363342, -0.7473978996276855, 0.30629265308380127, 0.21026690304279327, -0.38950562477111816, 0.09286589175462723, -0.14184501767158508, 2.460667610168457, 1.9405745267868042, -3.8951220512390137, -0.8675097823143005, 0.2153209149837494, 0.19715893268585205, -0.010212223045527935, 0.00859787780791521, 0.01352095976471901, -0.14277173578739166, 0.06015720218420029, 0.3761921525001526, -0.005595986731350422, -0.0003066652861889452, 0.0008392043528147042, 0.3559911251068115, -0.23028472065925598, 0.09732675552368164, 0.0025986365508288145, 0.003946603275835514, -0.010609961114823818, 0.3142389953136444, 0.3763957619667053, 1.5686486959457397, 0.02313300035893917, 0.0021976514253765345, -0.007054264657199383, 0.15932880342006683, -1.3174660205841064, -0.14341787993907928, 0.008494893088936806, 0.001664146315306425, -0.003009338630363345, -0.7127785682678223, -0.8610939383506775, -1.0, -1.0, 0.4492071866989136, 0.5045035481452942, 0.41724520921707153, 0.06595329195261002, 0.9430779218673706, 0.2664497494697571, -1.0, 0.6639496684074402, 1.0, -0.027552839368581772, 0.5355247259140015, 1.0, -0.6756324172019958, -1.0, -1.0, 1.0]
[-0.730334997177124, -0.9346674680709839, -0.4657590091228485, -0.9988650679588318, 0.35367467999458313, 0.40085896849632263, -0.37379083037376404, 0.17553526163101196, -0.2577974796295166, -0.22697828710079193, 0.24201726913452148, 0.3002382814884186, -0.9999058842658997, -0.8235200643539429, 0.6806032657623291, 0.9555161595344543, 0.001076298300176859, 0.42753103375434875, 0.44381284713745117, 0.9462212324142456, -0.20696483552455902, -0.9936546087265015, -0.8584033250808716, 0.9951757788658142, -0.024239039048552513, -0.040583010762929916, -0.18620319664478302, 0.012512746267020702, -0.39369747042655945, -0.0744171142578125, 0.32277506589889526, 0.36100471019744873, -0.15681354701519012, 0.05524706467986107, 0.09670617431402206, -0.2191636860370636, 0.0022718727122992277, 0.0007670525810681283, 0.14679980278015137, 0.03506415709853172, 0.05664820596575737, 0.0845671221613884, 0.17029975354671478, 0.12842686474323273, -0.815062940120697, -0.01559949666261673, -0.16333413124084473, 0.009416528977453709, -1.8575339317321777, -0.5901848673820496, -0.1463332623243332, -0.032996438443660736, -0.03580785542726517, -0.018578730523586273, -0.05238806828856468, -0.06462050974369049, -0.08518858253955841, -0.04310967028141022, -0.08114039897918701, -0.058041658252477646, -0.02303035743534565, -0.007874740287661552, 0.03223782032728195, -0.0033856509253382683, 0.12217987328767776, 0.03461316600441933, 0.0009992800187319517, 0.017080780118703842, 0.11672079563140869, 0.05720243230462074, -0.014943499118089676, -0.004434392787516117, 0.020892433822155, -0.41077715158462524, 0.44023653864860535, -0.8122376203536987, 0.36186152696609497, -0.3047153353691101, 0.34128397703170776, -0.0883372575044632, 0.19343090057373047, -0.074187271296978, -1.1798433065414429, -0.9890179634094238, -0.34125176072120667, 0.0, -0.38999998569488525, 0.47999998927116394, -0.680834949016571, 0.29280850291252136, -0.346786230802536, 0.5748621225357056, -0.19830122590065002, 0.1823016107082367, -0.0653546079993248, 0.9608181715011597, 0.043864838778972626, -0.41895169019699097, 0.4145907163619995, -0.0400855727493763, -0.041501134634017944, 0.9626907110214233, -0.26438087224960327, 0.08520183712244034, -0.0065950932912528515, -0.06560622900724411, 2.3676109313964844, 0.7007420063018799, 1.0774112939834595, 0.060989633202552795, -0.4170461893081665, 0.459994375705719, -0.024453170597553253, -0.06427714973688126, 0.965118408203125, -0.2526201009750366, -0.04514245316386223, 0.045211661607027054, 0.06412000209093094, -1.349673867225647, 0.38794535398483276, -1.234829068183899, 0.07588537037372589, -0.41328081488609314, 0.4566894471645355, 0.10736984014511108, -0.4979651868343353, 0.8504206538200378, -0.1314801126718521, 0.006214833352714777, -0.026904283091425896, -0.11535841226577759, 1.08942449092865, 0.7076981067657471, -0.3175082802772522, 0.04851413890719414, -0.39338093996047974, 0.4943496286869049, -0.10384940356016159, 0.4843788743019104, 0.8529680371284485, 0.16443169116973877, -0.025845110416412354, 0.0428326390683651, -0.008630482479929924, -1.3861734867095947, -0.17632785439491272, -0.915470540523529, -0.007258144672960043, -0.38354262709617615, 0.44209036231040955, 0.537386953830719, -0.7659239172935486, 0.27618592977523804, 0.21976561844348907, -0.30004358291625977, 0.11268690228462219, -0.13466140627861023, 2.3334922790527344, 1.7953487634658813, -3.1909146308898926, -0.8049713969230652, 0.300851047039032, -0.3886192739009857, -0.014065965078771114, 0.005314832553267479, 0.00963900238275528, -0.46130356192588806, 0.9242180585861206, -0.5874431133270264, -0.02924639731645584, 0.0017682391917333007, 0.0054160901345312595, -0.654056191444397, 0.3086424469947815, -0.18537214398384094, -0.0032451029401272535, -0.004147207830101252, 0.005906377919018269, 0.15342189371585846, 0.1481379270553589, 0.672907829284668, 0.003221348859369755, 0.0018979490268975496, -0.004638989455997944, -0.2514578402042389, -0.8083078861236572, 0.03133535757660866, 0.003955045714974403, -0.00041106902062892914, -0.00276169297285378, -1.0, -1.0, -1.0, -1.0, 0.04560095816850662, -0.021589651703834534, 0.36073991656303406, -0.5202661156654358, 0.2500094175338745, 0.13443055748939514, -1.0, 1.0, 1.0, 0.14026379585266113, 0.45977070927619934, 1.0, -0.7959756851196289, -1.0, -1.0, 1.0]
[-0.7453016042709351, -0.942611813545227, -0.5258718132972717, -1.000006914138794, 0.3675020635128021, 0.39766058325767517, -0.29930296540260315, 0.1853647530078888, -0.19172723591327667, -0.21531087160110474, 0.28565242886543274, 0.2652115225791931, -0.9993999600410461, -0.8232812285423279, 0.724394679069519, 0.9633080363273621, -0.02797502838075161, 0.42037513852119446, 0.4517366588115692, 0.9558619260787964, -0.2777337431907654, -1.0000020265579224, -0.8820012807846069, 0.9960793852806091, -0.08617209643125534, -0.07376235723495483, -0.26448485255241394, 7.553768955403939e-05, 0.40208226442337036, 0.05330058932304382, 0.2899015247821808, -0.05436807870864868, 1.012955665588379, 0.22720852494239807, 0.15097405016422272, -0.3363552391529083, 0.002836727537214756, 0.0015642086509615183, 0.23109427094459534, 0.030774030834436417, -0.44479629397392273, -0.14916951954364777, -0.0016024478245526552, 0.11124958842992783, -0.3386678397655487, 2.2842539692646824e-05, -0.1357395499944687, 0.007834351621568203, -1.4972546100616455, -0.4930303990840912, -0.04729311540722847, -0.01904924213886261, 0.042578622698783875, 0.026799295097589493, -0.04084790498018265, -0.10237052291631699, 0.03684712201356888, 0.029862724244594574, -0.0652383416891098, -0.05311766639351845, -0.021598124876618385, -0.007572206202894449, -0.06171294301748276, -0.010712703689932823, -0.10171091556549072, -0.04488898813724518, -0.019378194585442543, 0.011887856759130955, 0.2398049533367157, 0.13225072622299194, -0.01556434202939272, -0.004187978804111481, 0.019773567095398903, -0.4069393277168274, 0.4384620785713196, -0.8048286437988281, 0.35107773542404175, -0.35827839374542236, 0.31722500920295715, -0.09224459528923035, 0.11057060211896896, -0.07977793365716934, 2.3695991039276123, 0.2074340134859085, -3.0381622314453125, 0.0, -0.38999998569488525, 0.47999998927116394, -0.680834949016571, 0.29280850291252136, -0.346786230802536, 0.5748621225357056, -0.22984564304351807, 0.14411015808582306, -0.09931674599647522, 0.9573606252670288, 0.045423753559589386, -0.417702853679657, 0.41428619623184204, -0.04671122878789902, -0.04156766086816788, 0.9595693945884705, -0.2744387090206146, 0.08360041677951813, 0.11679771542549133, 0.005946790333837271, -1.274835228919983, -1.7743995189666748, 1.2298450469970703, 0.06038079783320427, -0.41593462228775024, 0.4605777859687805, -0.025126704946160316, -0.03191003203392029, 0.968987226486206, -0.2437501698732376, -0.044312991201877594, 0.17365707457065582, 0.01698334515094757, -5.228111743927002, -1.8336689472198486, -1.1048442125320435, 0.07614339888095856, -0.4136104881763458, 0.4542602598667145, 0.11163701117038727, -0.5107042789459229, 0.8433657884597778, -0.12430790066719055, 0.04559846967458725, -0.016480423510074615, -0.1873939335346222, 1.7210907936096191, 1.1087990999221802, -0.26535987854003906, 0.0481366328895092, -0.39412495493888855, 0.49323251843452454, -0.10892485082149506, 0.4739498198032379, 0.8573610782623291, 0.16863861680030823, -0.023985370993614197, -0.10350705683231354, -0.07682077586650848, 2.832033157348633, -1.2919586896896362, 0.7417188882827759, -0.009466771967709064, -0.382412850856781, 0.44060471653938293, 0.5326643586158752, -0.7754299640655518, 0.2548995614051819, 0.22361399233341217, -0.07613196969032288, 0.0810721293091774, -0.09085976332426071, 1.6169238090515137, 0.9897373914718628, -0.7492251396179199, -0.30713048577308655, -0.44890087842941284, 0.19260245561599731, 0.020065784454345703, 0.00024100474547594786, 0.001992457313463092, -0.360874205827713, -0.5240790247917175, -0.20638740062713623, 0.022001538425683975, 0.0015349703608080745, 0.004220238886773586, -0.5150421857833862, 0.29093506932258606, -0.15906868875026703, -0.003208180656656623, -0.003277239855378866, 0.00427496200427413, -0.09715308248996735, -0.017057601362466812, -0.6126753091812134, -0.019634058699011803, 0.0010424500796943903, 0.0001844204671215266, -0.24541762471199036, -1.7591081857681274, -0.0703614130616188, 0.01159602403640747, -0.0002613012329675257, -0.006545126438140869, -1.0, -1.0, -1.0, -1.0, 0.7566315531730652, -0.15435834228992462, 0.24760642647743225, 0.6123692393302917, 0.7834983468055725, -0.21963757276535034, -1.0, 1.0, 1.0, -0.3997342884540558, 0.2843829095363617, 1.0, -0.3850620985031128, -1.0, -1.0, 1.0]
[-0.7675759792327881, -0.955956220626831, -0.5647175908088684, -0.998371958732605, 0.33986660838127136, 0.3977367579936981, -0.3254176676273346, 0.21815307438373566, -0.19582292437553406, -0.2010682076215744, 0.2799273729324341, 0.3111448287963867, -1.0000001192092896, -0.8242043852806091, 0.7661775946617126, 0.9697366952896118, 0.008995634503662586, 0.37457025051116943, 0.44322308897972107, 0.9641844034194946, -0.2674727737903595, -0.9999983310699463, -0.9016292095184326, 0.996826171875, -0.09076666086912155, -0.09782884269952774, -0.2136385291814804, 0.04772333428263664, -0.5835223197937012, -0.09973984211683273, -0.31902381777763367, 0.45580586791038513, -0.589090883731842, -0.03346783295273781, -0.056145984679460526, 0.7874267101287842, 7.220920679174014e-07, -0.007508327718824148, 0.18137617409229279, 0.024954022839665413, 0.7622545957565308, -0.5606344938278198, -0.144550159573555, 0.0959179550409317, 0.3024285137653351, -9.352283086627722e-06, -0.1141921803355217, 0.00607905350625515, -0.43007606267929077, 0.03510423004627228, -0.07184016704559326, 0.02920115366578102, -0.04762749373912811, -0.03014177456498146, -0.06591467559337616, 0.07717135548591614, -0.07680478692054749, -0.04973337799310684, -0.008501526899635792, 0.27747902274131775, 0.11858968436717987, 0.04377536103129387, -0.033533334732055664, -0.008269519545137882, 0.2254258394241333, 0.06331208348274231, 0.0083511583507061, -0.005296334158629179, 0.2543950378894806, 0.13120892643928528, -0.0012911559315398335, 1.5509540389757603e-05, 0.018902447074651718, -0.40392547845840454, 0.43543508648872375, -0.7713871002197266, 0.3702486455440521, -0.4070477783679962, 0.31967172026634216, -0.04560830071568489, 0.17386361956596375, -0.21120585501194, -0.2325230836868286, -1.275709629058838, -0.7877686619758606, 0.0, -0.38999998569488525, 0.47999998927116394, -0.680834949016571, 0.29280850291252136, -0.346786230802536, 0.5748621225357056, -0.21658745408058167, 0.10961341112852097, -0.14934809505939484, 0.9585250020027161, 0.047128867357969284, -0.41658762097358704, 0.4129093289375305, -0.04708569869399071, -0.05619257688522339, 0.956245481967926, -0.2832309305667877, 0.15382380783557892, 0.011892778798937798, -0.11471892893314362, 3.3793797492980957, 1.279779314994812, 1.6672711372375488, 0.06116136908531189, -0.4145580530166626, 0.460970401763916, -0.031247878447175026, -0.0201435349881649, 0.9675258994102478, -0.25002288818359375, 0.08567330241203308, 0.045695479959249496, 0.02262621745467186, 1.5865521430969238, -0.3289041817188263, 1.7495027780532837, 0.07705586403608322, -0.4119412302970886, 0.45550429821014404, 0.1119561567902565, -0.49887123703956604, 0.8495550751686096, -0.1298050433397293, 0.060282301157712936, 0.1737915426492691, 0.2348182648420334, -3.1554133892059326, -1.2489120960235596, 0.9121311902999878, 0.047591302543878555, -0.39341431856155396, 0.4938918352127075, -0.11304309964179993, 0.46584099531173706, 0.860663115978241, 0.1716749370098114, -0.04468062147498131, 0.11131469905376434, 0.12463364750146866, -0.003612533211708069, -0.44398191571235657, -0.210614874958992, -0.008293161168694496, -0.38182082772254944, 0.4396815299987793, 0.5422677397727966, -0.7723919749259949, 0.2483898550271988, 0.21830886602401733, 0.16826465725898743, 0.027408434078097343, -0.04732583835721016, 0.7757019400596619, -0.1258234977722168, 2.0997977256774902, -0.3706473410129547, 0.5803640484809875, -0.22471684217453003, -0.021436315029859543, 0.0033537030685693026, 0.00543003436177969, -0.2707591652870178, 0.9473559260368347, -0.08687834441661835, -0.03552304208278656, 0.006477729417383671, 0.009174319915473461, -0.08111685514450073, -1.6266618967056274, 0.17956089973449707, 0.019375432282686234, -0.00032610492780804634, -2.551308716647327e-05, -0.09832090884447098, 0.2169724702835083, 1.1620744466781616, 0.011605743318796158, 0.00039783783722668886, 0.001030842773616314, -0.0344475582242012, -1.7459766864776611, -0.15332841873168945, 0.011849671602249146, 0.0005666626966558397, -0.005608552135527134, -1.0, -1.0, -1.0, -0.9452235102653503, -0.1720505654811859, -1.0, 0.5401777029037476, -0.8302789330482483, 0.20392626523971558, 1.0, -1.0, 1.0, 1.0, 0.7025812864303589, -0.016826573759317398, 1.0, 0.15753334760665894, -1.0, -1.0, 1.0]
[-0.7927480936050415, -0.969330370426178, -0.6224210262298584, -0.9995020627975464, 0.3513416647911072, 0.3920007348060608, -0.398602157831192, 0.2820744514465332, -0.1958339959383011, -0.20619526505470276, 0.29193440079689026, 0.3775812089443207, -0.9995028376579285, -0.8242480754852295, 0.80281662940979, 0.9751109480857849, 0.10979023575782776, 0.33442530035972595, 0.42776989936828613, 0.9715606570243835, -0.14919832348823547, -1.0000009536743164, -0.918001115322113, 0.9974278807640076, -0.10133935511112213, -0.08491098880767822, -0.25473806262016296, -0.027790239080786705, 0.473257452249527, 0.0511440634727478, -0.16829560697078705, 0.6079475283622742, 0.31638967990875244, 0.02104572020471096, 0.09331760555505753, 0.5934650301933289, 0.00221395050175488, 0.0007613375782966614, 0.1652723103761673, 0.02103435806930065, 1.0239615440368652, -0.2673388421535492, -0.12139152735471725, 0.08409278839826584, 1.158310055732727, 4.957058536092518e-06, -0.09523322433233261, 0.004882845561951399, -0.3561360239982605, 0.3318375051021576, -0.014327558688819408, 0.0024962672032415867, 0.063852459192276, 0.035605717450380325, 0.05343705788254738, -0.029427653178572655, 0.04940745234489441, 0.02852773293852806, 0.009530027396976948, 0.035613350570201874, 0.013131637126207352, 0.004474793095141649, -0.004454105626791716, -0.00929854903370142, 0.041631802916526794, 0.03679310530424118, 0.014971049502491951, -0.019240232184529305, 0.3168475031852722, 0.16365796327590942, 0.005541053134948015, 0.0012754625640809536, 0.018005771562457085, -0.4003235399723053, 0.4316462576389313, -0.7420305013656616, 0.3610394299030304, -0.46784237027168274, 0.31648802757263184, -0.06248105689883232, 0.2338857203722, -0.21948689222335815, -0.5899350047111511, -1.5306648015975952, -0.5034317374229431, 0.0, -0.38999998569488525, 0.47999998927116394, -0.680834949016571, 0.29280850291252136, -0.346786230802536, 0.5748621225357056, -0.22287382185459137, 0.05368002876639366, -0.18772658705711365, 0.9550939798355103, 0.049025166779756546, -0.41494208574295044, 0.4121690094470978, -0.0526568740606308, -0.05976918339729309, 0.9523734450340271, -0.2943462133407593, 0.08267625421285629, 0.13151347637176514, 0.0018955301493406296, -1.3389452695846558, -1.91156005859375, 1.176099419593811, 0.06180280074477196, -0.4121990501880646, 0.4628295600414276, -0.04424531012773514, -0.0035616180393844843, 0.9639361500740051, -0.26240548491477966, -0.03699116408824921, 0.21226143836975098, 0.13968855142593384, -3.454259157180786, -2.6921637058258057, 0.7486766576766968, 0.07777916640043259, -0.40977558493614197, 0.45780107378959656, 0.11163068562746048, -0.4791634976863861, 0.8602706789970398, -0.13369788229465485, 0.040955401957035065, 0.14851723611354828, 0.16631805896759033, -2.533566951751709, -0.565618097782135, 0.3314415216445923, 0.04691888764500618, -0.3903755843639374, 0.4966573119163513, -0.11268138140439987, 0.4786016047000885, 0.8527594208717346, 0.17619532346725464, -0.01700066402554512, 0.2414720356464386, 0.15097953379154205, -2.682783842086792, 0.15265196561813354, -1.1496633291244507, -0.002807674231007695, -0.3818535804748535, 0.43968817591667175, 0.569342315196991, -0.753012478351593, 0.2616915702819824, 0.20084592700004578, 0.5090237259864807, -0.016184603795409203, 0.029543263837695122, -0.38726258277893066, -1.7673550844192505, 5.952799320220947, -0.08941703289747238, -0.5863347053527832, 0.4537568688392639, 0.026810698211193085, 8.000511297723278e-05, 0.0008100848062895238, 0.10708995163440704, -0.5334709882736206, 0.15786536037921906, 0.020525667816400528, -0.007423600647598505, -0.009071088396012783, 0.024404218420386314, -0.1862192004919052, 0.06575223803520203, 0.0016815051203593612, 0.000576120160985738, -0.0019912011921405792, -0.08573509752750397, -0.19800657033920288, 0.39623379707336426, 0.012000951915979385, 0.00068450573598966, 0.00048516286187805235, 0.024472836405038834, -2.173664093017578, -0.21800482273101807, 0.01486417930573225, 0.0008838910143822432, -0.006906935479491949, -1.0, -1.0, -1.0, -1.0, 0.8283253908157349, -1.0, 0.8167262673377991, 0.15892210602760315, 0.5141885280609131, 0.5490114092826843, -1.0, 1.0, 1.0, 0.781076967716217, 0.2339896857738495, 1.0, 1.0, -1.0, -1.0, 1.0]
[-0.8146584630012512, -0.9842639565467834, -0.6854024529457092, -0.98192298412323, 0.4254453778266907, 0.4122191369533539, -0.41607871651649475, 0.35994595289230347, -0.08748823404312134, -0.18392498791217804, 0.343678742647171, 0.44310685992240906, -0.9994438886642456, -0.8242073655128479, 0.8364272713661194, 0.9793134927749634, 0.2086397111415863, 0.3110073208808899, 0.4177819788455963, 0.9846101403236389, -0.014281506650149822, -1.0000369548797607, -0.9346558451652527, 0.9957811832427979, -0.11025543510913849, -0.0660717636346817, -0.28068119287490845, 0.24933166801929474, 0.6907278895378113, 0.3623378574848175, -0.04444318264722824, 0.8117510676383972, 1.3642686605453491, 0.5083061456680298, 0.2949783504009247, 0.6052688956260681, -0.002436679555103183, -0.0009070452651940286, 0.1507146805524826, 0.019439594820141792, 0.8491631746292114, -0.1898656040430069, -0.0763688012957573, 0.19686806201934814, 0.7463213801383972, -0.00029170536436140537, -0.0857558473944664, -0.011454728431999683, -1.4645626544952393, 1.1470327377319336, -0.05973575636744499, 0.09502939879894257, 0.009126403369009495, 0.012784912250936031, -0.015137610957026482, 0.10143653303384781, 0.09500740468502045, 0.060832679271698, -0.00017613600357435644, 0.03841950744390488, 0.012884700670838356, 0.003798309713602066, -0.019150385633111, -0.0262274369597435, -0.023847930133342743, -0.005521997343748808, -0.0006010964862070978, -0.006469802465289831, -0.2931981682777405, -0.15685361623764038, 0.006729883141815662, -9.928691724780947e-05, 0.024513844400644302, -0.4020892083644867, 0.4326210916042328, -0.6656901240348816, 0.44567152857780457, -0.45504340529441833, 0.3888044059276581, 0.12802794575691223, 0.03143545985221863, 0.08333447575569153, -2.0503079891204834, -0.8477960824966431, 1.5390197038650513, 0.0, -0.38999998569488525, 0.47999998927116394, -0.680834949016571, 0.29280850291252136, -0.346786230802536, 0.5748621225357056, -0.09665621072053909, 0.06339715421199799, -0.23526424169540405, 0.965033233165741, 0.05038302764296532, -0.41315433382987976, 0.41329634189605713, -0.07161370664834976, -0.023936163634061813, 0.9500719308853149, -0.3027569651603699, 0.04683450236916542, 0.1632644534111023, 0.11654770374298096, -4.590930461883545, -4.383433818817139, 0.6626166701316833, 0.06042908877134323, -0.40819230675697327, 0.4661054313182831, -0.06716272979974747, 0.07024536281824112, 0.9598413109779358, -0.2631714642047882, -0.2005142867565155, 0.45698282122612, 0.2287043184041977, -11.086721420288086, -6.889129638671875, -0.5179314613342285, 0.07790409028530121, -0.40769392251968384, 0.45989641547203064, 0.11242718994617462, -0.45961806178092957, 0.871268093585968, -0.13039660453796387, 0.0167912058532238, 0.1509225070476532, 0.1823394000530243, -2.9207851886749268, -0.006788594648241997, -0.36150339245796204, 0.04633320868015289, -0.38692474365234375, 0.4991266429424286, -0.11008518934249878, 0.4976118505001068, 0.8410384058952332, 0.18143346905708313, 0.005148569121956825, 0.2242869883775711, 0.11418329924345016, -2.5033061504364014, 0.13614855706691742, -0.9877961874008179, 0.003142895642668009, -0.3813199996948242, 0.43964576721191406, 0.600030779838562, -0.7295726537704468, 0.27396833896636963, 0.1806323528289795, 0.3497818410396576, 0.05691774934530258, -0.007602591998875141, 0.3734343647956848, -0.6239014863967896, 4.411545276641846, -0.36956173181533813, 0.1247192919254303, 0.42271819710731506, 0.014655700884759426, 0.00027657169266603887, 0.0031944443471729755, -0.308289110660553, -1.0629856586456299, 0.7873455286026001, 0.04488789290189743, -0.0009894159156829119, 0.0010873540304601192, -0.16617107391357422, -0.18935534358024597, 0.1880713403224945, 0.000957979413215071, 2.3990114641492255e-06, -0.002855961211025715, -0.2682311534881592, -0.049597326666116714, -0.07312513142824173, -0.0013450563419610262, 0.002570139244198799, 0.0006030764197930694, 0.05422184243798256, 2.101111888885498, 0.17091213166713715, -0.01703955978155136, -0.000966826337389648, 0.005144855007529259, -1.0, -1.0, -1.0, -0.7450443506240845, 1.0, -1.0, 0.985968291759491, 0.9122579097747803, 1.0, 0.6630755066871643, -1.0, 1.0, 1.0, 0.6855181455612183, 0.21182963252067566, 1.0, 1.0, -1.0, -0.9103292226791382, 1.0]
[-0.8450825810432434, -0.9900635480880737, -0.7194831967353821, -0.9489361643791199, 0.4175660312175751, 0.44796356558799744, -0.37326404452323914, 0.4104073941707611, 0.05702627822756767, -0.06859732419252396, 0.4037945568561554, 0.49005118012428284, -0.9991432428359985, -0.8240437507629395, 0.8668269515037537, 0.9833464026451111, 0.2602847218513489, 0.30490055680274963, 0.41286563873291016, 0.9994228482246399, 0.0885322093963623, -1.0000019073486328, -0.9096577167510986, 0.9938714504241943, -0.10695429146289825, -0.030912239104509354, -0.07458237558603287, 0.37258419394493103, -0.4017893970012665, 0.1060936376452446, 0.27649986743927, 0.1692565530538559, 1.3207716941833496, 1.4815378189086914, 0.3141036331653595, 0.366798996925354, 0.0026967653539031744, 0.002092953771352768, 0.12988702952861786, 0.014250571839511395, 0.2782439589500427, 0.011941795237362385, -0.017945412546396255, 0.12623664736747742, 0.8775779008865356, -6.303538248175755e-05, 0.306456059217453, -0.01090024784207344, 0.387005478143692, 0.3005385398864746, 0.025195632129907608, 0.06420663744211197, -0.029406562447547913, -0.0384407714009285, 0.028929155319929123, -0.2623675763607025, -0.12544767558574677, -0.014499406330287457, 0.05214551091194153, 0.0010238145478069782, -0.0008687367662787437, -0.0005709503311663866, 0.007208131719380617, -0.000888193491846323, -0.12355028837919235, -0.03416082262992859, -0.004824387840926647, -0.04068601503968239, 0.06362258642911911, 0.033950988203287125, 0.06475632637739182, 0.02237863466143608, 0.025601787492632866, -0.40293949842453003, 0.4332890510559082, -0.6768527030944824, 0.4233851134777069, -0.43773937225341797, 0.4135209918022156, 0.10124427825212479, -0.11105799674987793, 0.031030267477035522, -0.29806992411613464, 0.003068150719627738, 1.0413482189178467, 0.0, -0.38999998569488525, 0.47999998927116394, -0.680834949016571, 0.29280850291252136, -0.346786230802536, 0.5748621225357056, -0.08890710771083832, 0.05900053679943085, -0.19830355048179626, 0.9743152856826782, 0.05241090804338455, -0.412557989358902, 0.4143037497997284, -0.08233659714460373, -0.0041504232212901115, 0.947285532951355, -0.3096020817756653, 0.1122080609202385, 0.0018441476859152317, 0.04465804249048233, -0.052164629101753235, -0.38878780603408813, 0.7537713646888733, 0.05924355611205101, -0.40417224168777466, 0.46874964237213135, -0.09360348433256149, 0.18565288186073303, 0.9448307752609253, -0.25311294198036194, -0.1289498209953308, 0.3772616684436798, -0.021626438945531845, -12.914946556091309, -6.778759479522705, -1.7798371315002441, 0.07854180783033371, -0.4058891534805298, 0.4617817997932434, 0.11464539915323257, -0.44345924258232117, 0.8798978328704834, -0.12641189992427826, 0.02447514794766903, 0.10686672478914261, 0.11760888993740082, -2.0340335369110107, 0.36614033579826355, -0.5116894245147705, 0.046485092490911484, -0.3845902681350708, 0.5005775690078735, -0.11087853461503983, 0.5098403096199036, 0.8329553604125977, 0.1842661201953888, 0.019820423796772957, 0.10707411915063858, 0.03252580389380455, -1.2250897884368896, -0.1712656170129776, -0.3729051947593689, 0.008121702820062637, -0.38105249404907227, 0.4401206076145172, 0.6225709319114685, -0.7068122029304504, 0.2887054979801178, 0.1716710478067398, 0.39007675647735596, -0.014474766328930855, 0.08703240752220154, -1.9344991445541382, -1.096409559249878, 4.452419281005859, 0.13752460479736328, 0.6954996585845947, 0.019157875329256058, -0.028008276596665382, -0.0011157055851072073, -0.0015678367344662547, 0.07055479288101196, 0.7354742884635925, -1.463747501373291, -0.0034672915935516357, -0.004508476238697767, -0.003338685492053628, 0.3311270475387573, 0.012727564200758934, 0.044849902391433716, -0.0003800368867814541, 0.0024978742003440857, -0.007518967147916555, -0.016639435663819313, -0.0743255615234375, -0.6373259425163269, -0.005939269904047251, 1.1554207958397456e-05, 0.0004551317833829671, 0.8167243003845215, -0.4975711703300476, -0.11693479120731354, 0.004343853797763586, 0.00931104552000761, 0.0007718272972851992, -1.0, -1.0, -1.0, -0.6122055053710938, 0.10515324026346207, 0.2378806620836258, 0.19092035293579102, 0.8051192760467529, 1.0, 0.711237370967865, -1.0, 1.0, 1.0, 0.3143306076526642, 0.3417302966117859, 1.0, 1.0, -1.0, -0.48154035210609436, 1.0]
[-0.8709688186645508, -0.9937864542007446, -0.7494603991508484, -0.9173098802566528, 0.3584843575954437, 0.44009271264076233, -0.37105560302734375, 0.4200229048728943, 0.05680318921804428, 0.050244249403476715, 0.4615914225578308, 0.5494310855865479, -0.9997751116752625, -0.8242791891098022, 0.8897819519042969, 0.9862772822380066, 0.3088797628879547, 0.3128439486026764, 0.41336795687675476, 1.000003457069397, 0.1800142228603363, -1.0000330209732056, -0.8950251340866089, 0.9938365817070007, -0.09688322991132736, -0.015246972441673279, -0.18962006270885468, 0.2568757236003876, -0.6025583744049072, -0.15909463167190552, -0.11834027618169785, 0.02276475727558136, -0.8169873356819153, 0.43542155623435974, 0.1969647854566574, 0.6482833027839661, -0.007325130980461836, -0.0037326239980757236, 0.09599756449460983, 0.011513336561620235, 0.5415247678756714, 0.10767755657434464, 0.022555310279130936, 0.006205993238836527, 0.38886791467666626, -0.0013054842129349709, 0.06686090677976608, 0.033957112580537796, 0.05380715802311897, 0.29058653116226196, -0.04021097347140312, -0.013396269641816616, -0.01609676517546177, -0.012100456282496452, -0.03251800313591957, -0.02136092633008957, -0.22191888093948364, -0.15204927325248718, -0.011164425872266293, 0.07815682888031006, 0.032939039170742035, 0.011843763291835785, 0.0006248487625271082, -0.003394542494788766, 0.05049562454223633, 0.023566551506519318, 0.008321884088218212, -0.008353807963430882, -0.41847947239875793, -0.21819113194942474, 0.003831619629636407, 0.0018708750139921904, 0.027690522372722626, -0.4050494432449341, 0.43322649598121643, -0.6960324048995972, 0.39542356133461, -0.4188139736652374, 0.4286884367465973, 0.12935706973075867, -0.1276053488254547, -0.05324263498187065, 0.16311727464199066, 0.049603383988142014, 0.8996020555496216, 0.0, -0.38999998569488525, 0.47999998927116394, -0.680834949016571, 0.29280850291252136, -0.346786230802536, 0.5748621225357056, -0.09376143664121628, 0.0580216720700264, -0.15751101076602936, 0.9813421964645386, 0.05455201119184494, -0.41238731145858765, 0.41452935338020325, -0.08105536550283432, -0.019439030438661575, 0.9443444013595581, -0.31822270154953003, 0.16168653964996338, -0.017443859949707985, 0.006537808571010828, 2.3159098625183105, 0.9893789291381836, 1.6263657808303833, 0.06023041158914566, -0.40339457988739014, 0.4688389301300049, -0.10667534917593002, 0.23157379031181335, 0.9336247444152832, -0.2516716718673706, 0.1285519152879715, -0.07586608827114105, -0.02694554813206196, 1.7775096893310547, 0.590186595916748, 1.084529995918274, 0.07898937165737152, -0.4037794768810272, 0.4643661379814148, 0.11597631126642227, -0.42275741696357727, 0.8903535008430481, -0.12286680191755295, 0.02841433696448803, 0.1759057492017746, 0.22393324971199036, -3.2098546028137207, -0.4079175889492035, 0.05463184416294098, 0.046728067100048065, -0.3821260929107666, 0.5019458532333374, -0.10984393954277039, 0.5275780558586121, 0.8213024139404297, 0.1872377246618271, 0.03372056037187576, 0.1929457038640976, 0.058418720960617065, -3.064962148666382, 0.3087981045246124, -1.083176612854004, 0.012615962885320187, -0.3807497024536133, 0.4409959018230438, 0.6378610134124756, -0.6882650852203369, 0.30575406551361084, 0.16105541586875916, 0.21017035841941833, 0.01800108142197132, 0.044868770986795425, -0.7878772020339966, -0.7385497093200684, 2.116001605987549, -0.1931193470954895, 0.16963469982147217, -0.14097851514816284, -0.00955593679100275, 0.0026878132484853268, 0.0033008703030645847, 0.028623679652810097, 2.789445161819458, -1.1885013580322266, -0.11020758748054504, 0.006846449337899685, 0.0028466894291341305, -0.06236640363931656, -0.44803887605667114, 0.10466232150793076, 0.005123179871588945, -0.0005061675910837948, 0.002560841850936413, -0.04811033234000206, -0.05407579988241196, 0.32103630900382996, 0.007510746363550425, 0.00032732862746343017, 0.0003954992280341685, 0.10032222419977188, 2.8860812187194824, 0.23168376088142395, -0.020193645730614662, 0.00026572984643280506, 0.010151760652661324, -1.0, -1.0, -1.0, -0.782386064529419, -0.03375851362943649, -0.6927739977836609, 0.3578166961669922, -1.0, 0.6779066324234009, 1.0, -1.0, 1.0, 1.0, 0.6885170936584473, 0.39706119894981384, 1.0, 0.6009781360626221, -1.0, -1.0, 1.0]
[-0.8953403830528259, -0.9944852590560913, -0.7954333424568176, -0.91222083568573, 0.2790904939174652, 0.4179346561431885, -0.4359155297279358, 0.408696711063385, -0.0718141496181488, 0.0423428975045681, 0.5166925191879272, 0.5976345539093018, -0.9995133280754089, -0.8242135643959045, 0.9085151553153992, 0.9887056946754456, 0.3611637055873871, 0.33143150806427, 0.41781628131866455, 0.9998921751976013, 0.2048974484205246, -1.0000076293945312, -0.8884595036506653, 0.9984577894210815, -0.0875491127371788, -0.0008437333744950593, -0.14467617869377136, -0.06901787221431732, -0.8021151423454285, -0.24648776650428772, -0.3265197277069092, -0.17822109162807465, -1.3850302696228027, -0.33416947722435, 0.2413702756166458, 0.33497148752212524, 0.005641905590891838, 0.0028144659008830786, 0.08167900890111923, 0.009071627631783485, 0.4527110159397125, 0.20548729598522186, 0.05798490718007088, -0.006338757462799549, 0.10688916593790054, 4.420020923134871e-05, 0.021402543410658836, 0.04648631438612938, 0.351232647895813, -0.021541381254792213, 0.05290871113538742, -0.07628992944955826, -0.036347441375255585, -0.013792105950415134, -0.008341279812157154, -0.03923910856246948, -0.0481325201690197, -0.03568117320537567, 0.008414456620812416, -0.10444902628660202, -0.0437711738049984, -0.01580415666103363, 0.004064652603119612, 0.0018489239737391472, -0.02894136682152748, -0.005434396676719189, 0.0007875176379457116, -0.002589392475783825, -0.037071868777275085, -0.01849149726331234, -0.012349425815045834, -0.005177910905331373, 0.029960311949253082, -0.4068189561367035, 0.43164336681365967, -0.7115180492401123, 0.36230215430259705, -0.40580785274505615, 0.4447462260723114, 0.12981384992599487, -0.08797770738601685, -0.08837820589542389, -0.4059447944164276, -0.3062524199485779, 1.1139856576919556, 0.0, -0.38999998569488525, 0.47999998927116394, -0.680834949016571, 0.29280850291252136, -0.346786230802536, 0.5748621225357056, -0.0994085744023323, 0.048504795879125595, -0.11738113313913345, 0.9869078397750854, 0.05702822282910347, -0.41181954741477966, 0.41346514225006104, -0.07343722879886627, -0.05671737715601921, 0.9392152428627014, -0.33055222034454346, 0.18554681539535522, -0.033654604107141495, -0.10899554193019867, 4.517553806304932, 3.007603168487549, 1.9732927083969116, 0.063146211206913, -0.40501075983047485, 0.4674586057662964, -0.10103586316108704, 0.17431700229644775, 0.9421688914299011, -0.26781171560287476, 0.24330733716487885, -0.2458825409412384, -0.05689097195863724, 8.419356346130371, 4.1553144454956055, 2.5865578651428223, 0.0794907659292221, -0.4019092619419098, 0.4666111469268799, 0.11753436177968979, -0.4045603275299072, 0.899047315120697, -0.11929160356521606, 0.028589773923158646, 0.10947771370410919, 0.12019934505224228, -1.9574666023254395, 0.16498541831970215, -0.2892470359802246, 0.04706588760018349, -0.37927666306495667, 0.5034704208374023, -0.10742230713367462, 0.5513608455657959, 0.8050646185874939, 0.190610870718956, 0.040538568049669266, 0.1829412579536438, 0.035818953067064285, -3.310450315475464, 0.3600613474845886, -1.1863751411437988, 0.014512686058878899, -0.3805948793888092, 0.44129887223243713, 0.6428576111793518, -0.6810030937194824, 0.31257641315460205, 0.15894897282123566, 0.09944042563438416, 0.004987115040421486, 0.01758699305355549, -0.4427250623703003, -0.2518157958984375, 0.8245948553085327, 0.2599022686481476, 0.0816115140914917, -0.5160984396934509, -0.012567933648824692, -0.0025519137270748615, -0.0037463081534951925, 0.06503303349018097, 0.5896982550621033, -0.42194461822509766, -0.026835698634386063, 0.002189481630921364, 0.0006693071918562055, 0.07613808661699295, 0.6007525324821472, -0.07839758694171906, -0.006792869418859482, 0.0003491315874271095, -0.0006513364496640861, 0.01689707301557064, -0.05384400486946106, -0.14649473130702972, -2.014238270930946e-05, -0.00031034054700285196, 0.0002915519871748984, -0.16276715695858002, 0.24802923202514648, 0.007786087226122618, -0.0013186277355998755, -0.002573636593297124, 0.0011653457768261433, -1.0, -1.0, -1.0, -1.0, -0.22860154509544373, -1.0, 0.24464449286460876, -0.9953104853630066, 0.8614217042922974, 0.7308620810508728, -1.0, 1.0, 1.0, 0.615493655204773, 0.4691910743713379, 1.0, 0.46013328433036804, -1.0, -1.0, 1.0]
[-0.9186104536056519, -0.9944350123405457, -0.8016168475151062, -0.9264351725578308, 0.23872984945774078, 0.39707672595977783, -0.4963742792606354, 0.3813219964504242, -0.14602993428707123, 0.009232004173099995, 0.5837382078170776, 0.5814163684844971, -0.997562825679779, -0.8231866955757141, 0.9260395169258118, 0.9906578660011292, 0.3673710823059082, 0.3477080166339874, 0.4240860342979431, 0.9992807507514954, 0.22166499495506287, -1.0000076293945312, -0.8849354386329651, 1.0, -0.0847819447517395, -0.00033816168433986604, 0.011304764077067375, -0.14622840285301208, -0.14305734634399414, -0.12195457518100739, -0.21676631271839142, -0.29088684916496277, -0.3153417706489563, -0.21556103229522705, 0.2924983501434326, -0.4167073667049408, 0.017546499148011208, 0.011009212583303452, 0.07656675577163696, 0.007312109228223562, -0.1571226716041565, 0.11754339933395386, 0.051442950963974, -0.011828924529254436, 0.11403880268335342, 1.1075675502070226e-05, 0.029654458165168762, 1.0202173825746286e-06, 0.21234183013439178, -0.099696584045887, 0.021707672625780106, -0.01112641766667366, 0.04071807488799095, 0.024059835821390152, 0.01118490006774664, -0.017657753080129623, 0.06856973469257355, 0.038251493126153946, 0.004331509582698345, -0.21713006496429443, -0.09324055165052414, -0.034136924892663956, -0.006596110761165619, 0.0017254649428650737, -0.12969417870044708, -0.05380578339099884, -0.015707895159721375, 0.003825172083452344, -0.00658803666010499, -0.0028646057471632957, -0.0038578372914344072, -0.001329729799181223, 0.03157268837094307, -0.4082340598106384, 0.430128812789917, -0.7237911820411682, 0.3215261697769165, -0.3986564576625824, 0.4624069631099701, 0.06879495084285736, -0.08956275135278702, -0.07756435871124268, 0.12608614563941956, -0.26006659865379333, 0.9710170030593872, 0.0, -0.38999998569488525, 0.47999998927116394, -0.680834949016571, 0.29280850291252136, -0.346786230802536, 0.5748621225357056, -0.10648646950721741, 0.02901809848845005, -0.075790174305439, 0.990996778011322, 0.058521855622529984, -0.4112498462200165, 0.41210508346557617, -0.06391739100217819, -0.08486513048410416, 0.9355561137199402, -0.3368191421031952, 0.0889228880405426, 0.012119924649596214, -0.06513530015945435, 1.5532231330871582, 1.3128284215927124, 0.7457306385040283, 0.06585457175970078, -0.4060704708099365, 0.465725302696228, -0.09475678205490112, 0.12203852832317352, 0.9466173052787781, -0.28291913866996765, 0.15980148315429688, -0.08988963067531586, -0.08254744857549667, 3.67183780670166, 1.7000610828399658, 1.7269086837768555, 0.08012533187866211, -0.40194424986839294, 0.4659622311592102, 0.1223774328827858, -0.40764549374580383, 0.8980990648269653, -0.11075600981712341, 0.04419589042663574, -0.07201496511697769, -0.13763107359409332, 1.417116403579712, 1.425087332725525, -0.9416552186012268, 0.04752537980675697, -0.37830883264541626, 0.5037407875061035, -0.10841822624206543, 0.5602638125419617, 0.7984301447868347, 0.19198745489120483, 0.026700446382164955, -0.0020657810382544994, -0.022441484034061432, -0.12275218963623047, -0.2896665036678314, 0.16682888567447662, 0.016067903488874435, -0.3804507255554199, 0.44154348969459534, 0.646936297416687, -0.6755697727203369, 0.31712326407432556, 0.15656201541423798, 0.10070190578699112, 0.006862506736069918, 0.018861038610339165, -0.2746679186820984, -0.2866993844509125, 0.8720314502716064, 0.1175067126750946, -0.4464702606201172, 0.22112376987934113, 0.01736278273165226, -0.0007513398304581642, -0.0015695260372012854, 0.04657333344221115, -0.7651163339614868, 0.2614938020706177, 0.02677474543452263, -0.0016082117799669504, -0.0012284268159419298, 0.05014999955892563, 1.2727868556976318, -0.16781866550445557, -0.015045120380818844, 0.00021581162582151592, -0.0006106420769356191, 0.003632511477917433, 0.05112440139055252, -0.7922519445419312, -0.014941031113266945, -0.0002499781840015203, 0.00045270693954080343, -0.05361604690551758, 0.044599749147892, 0.005577576346695423, -7.990156882442534e-05, -0.0004718730633612722, 7.099674985511228e-05, -1.0, -1.0, -1.0, -1.0, 0.2809486389160156, -0.9039897322654724, 0.19279694557189941, -0.13690504431724548, 1.0, 0.168542742729187, -1.0, 1.0, 1.0, 0.14755845069885254, 0.3932877779006958, 1.0, 0.6055525541305542, -1.0, -1.0, 1.0]
[-0.9366082549095154, -0.9966145157814026, -0.8056537508964539, -0.9404614567756653, 0.20544321835041046, 0.38622164726257324, -0.5280453562736511, 0.3583696186542511, -0.17137257754802704, -0.005150433164089918, 0.5785636901855469, 0.5697849988937378, -0.9978783130645752, -0.8230492472648621, 0.9396899938583374, 0.9920674562454224, 0.3517746329307556, 0.3662375807762146, 0.42968955636024475, 0.9980630278587341, 0.2495020180940628, -1.0000088214874268, -0.8772611021995544, 1.0000001192092896, -0.05871780589222908, -0.019959086552262306, -0.022988269105553627, -0.1053658276796341, -0.39185863733291626, -0.1141536608338356, -0.06723036617040634, -0.12537632882595062, -0.1915232241153717, -0.09221350401639938, -0.19782103598117828, 0.007170895580202341, -0.00721760606393218, -0.0024520575534552336, 0.055519964545965195, 0.005427803844213486, -0.13727955520153046, 0.19921043515205383, 0.05998460203409195, -0.026057124137878418, 0.2420831173658371, 2.036669320659712e-05, 0.07104885578155518, -1.162728835879534e-06, 0.42965051531791687, -0.15355797111988068, 0.016627158969640732, 0.00879140105098486, -0.008434738032519817, -0.005265253130346537, 0.021166743710637093, 0.05887886509299278, 0.03459199145436287, 0.015006926842033863, -0.032012227922677994, 0.06479877978563309, 0.02817041426897049, 0.010290644131600857, 0.0007055423920974135, 0.003927056211978197, -0.0010741287842392921, 0.00491983350366354, 0.0029914635233581066, -0.00347601855173707, 0.048463910818099976, 0.026491040363907814, 0.00575382960960269, 0.0021261945366859436, 0.032910481095314026, -0.40980589389801025, 0.42841434478759766, -0.7260271310806274, 0.2910512387752533, -0.38645339012145996, 0.488699734210968, 0.08314110338687897, -0.10773705691099167, -0.10270494222640991, 0.5349387526512146, -0.16727645695209503, 0.8388336300849915, 0.0, -0.38999998569488525, 0.47999998927116394, -0.680834949016571, 0.29280850291252136, -0.346786230802536, 0.5748621225357056, -0.09686590731143951, 0.012884130701422691, -0.03825400769710541, 0.9944785833358765, 0.059602443128824234, -0.41064372658729553, 0.4106910526752472, -0.056217044591903687, -0.10709355771541595, 0.9321385622024536, -0.34130367636680603, 0.0920582041144371, -0.002881707390770316, -0.09635787457227707, 2.4476611614227295, 1.8878237009048462, 0.9256055951118469, 0.06760255992412567, -0.40640702843666077, 0.4643634259700775, -0.091804638504982, 0.09683697670698166, 0.9472494721412659, -0.2913980185985565, 0.09170810878276825, -0.03632791340351105, -0.052216317504644394, 1.8452425003051758, 1.0255945920944214, 0.7966508269309998, 0.0810115858912468, -0.4017921984195709, 0.4652406871318817, 0.12404511123895645, -0.41209667921066284, 0.8954874873161316, -0.11354020982980728, 0.06977952271699905, 0.03520360216498375, -0.016700033098459244, 0.3858829736709595, -0.5147019028663635, 1.0521713495254517, 0.047973886132240295, -0.3782801032066345, 0.5032765865325928, -0.10988614708185196, 0.5623961687088013, 0.7966285943984985, 0.19240152835845947, 0.026465555652976036, 0.00713565805926919, -0.036578524857759476, -0.5111542344093323, -0.060197941958904266, -0.1129252016544342, 0.017806027084589005, -0.38025179505348206, 0.44186991453170776, 0.6517062783241272, -0.6688507795333862, 0.3232749402523041, 0.15300558507442474, 0.1291644126176834, 0.008589637465775013, 0.03293661028146744, -0.535207986831665, -0.5779516696929932, 1.23127019405365, 0.10585607588291168, 0.07385316491127014, -0.045323651283979416, -0.004157455638051033, -2.3138098185881972e-05, -0.0008794877212494612, 0.10639197379350662, -0.3447398245334625, 0.3253023624420166, 0.009835829958319664, -0.002834168728441, -0.002528001554310322, -0.10624426603317261, -0.37958425283432007, 0.020610421895980835, 0.004596879705786705, -0.0011108635226264596, 0.0069267638027668, 0.02682647481560707, -0.05181882530450821, 0.017709916457533836, 0.002214181236922741, -0.0005615174886770546, 0.0004638677928596735, 0.06949456036090851, -0.3454033136367798, -0.049121759831905365, 0.0030165305361151695, 0.001014280249364674, -0.0006919948500581086, -1.0, -1.0, -1.0, -1.0, -0.06684739887714386, -1.0, 0.1737717092037201, -0.25792935490608215, 0.7638581991195679, 0.6151840090751648, -1.0, 1.0, 1.0, 0.2735261619091034, 0.49861791729927063, 1.0, 0.8570568561553955, -1.0, -1.0, 1.0]
