0
[0.0, 0.0, 0.0, 0.0, 0.0, 0.0, 0.0, 0.0, 0.0, 0.0, 0.0, 0.0, 0.0, 0.0, 0.0, 0.0, 0.0, 0.0, 0.0, 0.0, 0.0, 0.0, 0.0, 0.0, 0.0, 0.0, 0.0, 0.0, 0.0, 0.0, 0.0, 0.0, 0.0, 0.0, 0.0, 0.0, 0.0, 0.0, 0.0, 0.0, 0.0, 0.0, 0.0, 0.0, 0.0, 0.0, 0.0, 0.0, 0.0, 0.0, 0.0, 0.0, 0.0, 0.0, 0.0, 0.0, 0.0, 0.0, 0.0, 0.0, 0.0, 0.0, 0.0, 0.0, 0.0, 0.0, 0.0, 0.0, 0.0, 0.0, 0.0, 0.0, 0.0, 0.0, 0.0, 0.0, 0.0, 0.0, 0.0, 0.0, 0.0, 0.0, 0.0, 0.0, 0.0, 0.0, 0.0, 0.0, 0.0, 0.0, 0.0, 0.0, 0.0, 0.0, 0.0, 0.0, 0.0, 0.0, 0.0, 0.0, 0.0, 0.0, 0.0, 0.0, 0.0, 0.0, 0.0, 0.0, 0.0, 0.0, 0.0, 0.0, 0.0, 0.0, 0.0, 0.0, 0.0, 0.0, 0.0, 0.0, 0.0, 0.0, 0.0, 0.0, 0.0, 0.0, 0.0, 0.0, 0.0, 0.0, 0.0, 0.0, 0.0, 0.0, 0.0, 0.0, 0.0, 0.0, 0.0, 0.0, 0.0, 0.0, 0.0, 0.0, 0.0, 0.0, 0.0, 0.0, 0.0, 0.0, 0.0, 0.0, 0.0, 0.0, 0.0, 0.0, 0.0, 0.0, 0.0, 0.0, 0.0, 0.0, 0.0, 0.0, 0.0, 0.0, 0.0, 0.0, 0.0, 0.0, 0.0, 0.0, 0.0, 0.0, 0.0, 0.0, 0.0, 0.0, 0.0, 0.0, 0.0, 0.0, 0.0, 0.0, 0.0, 0.0, 0.0, 0.0, 0.0, 0.0, 0.0, 0.0, 0.0, 0.0, 0.0, 0.0, 0.0, 0.0, 0.0, 0.0, 0.0, 0.0, 0.0, 0.0, 0.0, 0.0, 0.0, 0.0, 0.0, 0.0, 0.0]
[0.4533487558364868, 0.2653554379940033, 0.20648694038391113, -0.6375467777252197, -0.7486613392829895, -0.8438570499420166, 0.10698965191841125, -0.8851789236068726, -0.9343879818916321, -0.948240339756012, 0.08651532977819443, -0.5396182537078857, -0.5967070460319519, -0.6700515747070312, -0.7931416034698486, 0.018195513635873795, -0.8369032740592957, -0.5806921720504761, -0.751067578792572, 0.06452617794275284, -0.8311636447906494, -0.068209208548069, 0.08813241124153137, 0.7914979457855225, -0.05641288682818413, -0.04029699042439461, 0.4407893717288971, 0.6070659756660461, 1.8463640213012695, 0.40326571464538574, -0.592353343963623, -0.042613886296749115, 0.802871823310852, 0.18345783650875092, 0.1853741556406021, 1.810712456703186, 0.46555182337760925, 0.08197788149118423, 0.41699132323265076, -0.4187128245830536, 2.062669038772583, 1.1790878772735596, 0.48613977432250977, 0.49915486574172974, 0.26875749230384827, 0.22234387695789337, 0.7868900895118713, -0.9735032320022583, -1.4038513898849487, 0.5157240629196167, 0.07140014320611954, 0.19257071614265442, 0.23340217769145966, 0.11267529428005219, -0.2328411042690277, 0.018989361822605133, 0.05890272185206413, 0.03242237865924835, -0.00640630628913641, 0.5543036460876465, 0.2666005492210388, 0.10308623313903809, 0.2580287754535675, -0.18320855498313904, 0.8651336431503296, 0.4357907772064209, 0.19077080488204956, 0.04531360790133476, 0.11801518499851227, 0.09213302284479141, 0.054458796977996826, -0.0018972510006278753, 0.0013161359820514917, -0.3907483220100403, 0.5327767133712769, 0.15844924747943878, 0.5982396602630615, -0.7652106285095215, 0.17735758423805237, -0.1533629447221756, 0.12122045457363129, 0.05452565476298332, -0.2218564748764038, -3.9813687801361084, 0.7462202906608582, 0.0, -0.38999998569488525, 0.47999998927116394, -0.22206895053386688, -0.6671021580696106, 0.6765443682670593, 0.2189696580171585, 0.17981921136379242, 0.1865803599357605, -0.3146967887878418, -0.9131366610527039, -0.03153626248240471, -0.44976624846458435, 0.522678792476654, -0.010536128655076027, -0.44076037406921387, 0.8973994851112366, 0.01712891086935997, -0.1068044900894165, 0.2977235019207001, 0.5421931743621826, -14.07111644744873, 0.3541678488254547, -1.9674783945083618, -0.007146815769374371, -0.45821085572242737, 0.5064975023269653, -0.0024363365955650806, -0.6192011833190918, 0.7852271795272827, 0.0014951517805457115, 0.3114510774612427, 0.020665248855948448, 0.11693558841943741, -4.521690368652344, 0.2465093433856964, 3.2275002002716064, 0.015157538466155529, -0.44424399733543396, 0.5298540592193604, -0.0005116011598147452, -0.28607016801834106, 0.958207905292511, -0.0010764896869659424, -0.013212176971137524, 0.47067204117774963, 0.6680590510368347, -11.588251113891602, -0.08645496517419815, -0.6606845855712891, 0.03819025680422783, -0.44157886505126953, 0.5211122632026672, -0.024661963805556297, -0.39820292592048645, 0.916556179523468, -0.02740410529077053, 0.10304698348045349, 0.49402815103530884, 1.179268479347229, -19.670806884765625, -1.919620394706726, 1.3177320957183838, -0.08036931604146957, -0.36921635270118713, 0.5099190473556519, -0.1919407844543457, -0.6343165636062622, 0.7062899470329285, 0.24890875816345215, -0.010453631170094013, 0.050371188670396805, 0.14877158403396606, 0.2140607088804245, 3.573286771774292, 1.1660804748535156, 0.36217543482780457, -2.967494487762451, 0.35595372319221497, 0.06816288828849792, 0.0060322824865579605, -0.003175335004925728, -1.2488455772399902, -0.7692790627479553, 0.030841652303934097, 0.020883193239569664, -0.012403106316924095, 0.0019870346877723932, -0.06429700553417206, -3.4405436515808105, 1.2587522268295288, 0.051478080451488495, 0.0010926390532404184, -0.0010996197815984488, -0.7747089266777039, -6.00681734085083, 1.6465249061584473, 0.10066855698823929, -0.0039640748873353004, 0.01134479884058237, 0.19335058331489563, -1.1435641050338745, -0.1058356910943985, 0.008942123502492905, -0.004990862682461739, -0.00910925678908825, 0.25394153594970703, 0.4292968511581421, 1.0, -0.09957820922136307, 0.7704477310180664, -1.0, -0.9015834331512451, -0.31403037905693054, 0.4319359064102173, 1.0, -0.18756037950515747, 0.18697820603847504, -0.7570639848709106, 1.0, 0.3785623013973236, 0.35782212018966675, -0.5326558351516724, 0.6263054609298706, 1.0, 0.042718008160591125]
[0.4573364853858948, 0.3016156256198883, 0.3182467520236969, -0.48277679085731506, -0.5309380888938904, -0.7590586543083191, 0.002072542207315564, -0.8944198489189148, -0.9016849398612976, -0.9315253496170044, 0.1417936384677887, -0.4136119484901428, -0.43916773796081543, -0.6281591653823853, -0.7682002782821655, 0.04319193214178085, -0.6487786173820496, -0.556555986404419, -0.6799002289772034, 0.1029091477394104, -0.7023184299468994, -0.0018638927722349763, 0.22269080579280853, 0.5926469564437866, 0.07289107888936996, 0.45458146929740906, 0.4698445796966553, 1.9004539251327515, 2.1196796894073486, 1.437225341796875, -0.3402162492275238, -0.10135217756032944, 0.04043720290064812, 0.08556971698999405, 0.2509309649467468, 0.8355798125267029, 1.9793022871017456, 0.9677504897117615, -0.049010343849658966, 0.3966995179653168, 1.5560129880905151, -0.28502628207206726, 0.4583681523799896, 0.4568888247013092, 1.30810546875, 0.15431766211986542, 0.8452750444412231, -2.282461404800415, 3.709716796875, 5.965259075164795, 0.15145041048526764, 0.7104312181472778, 0.27145829796791077, 0.1524936854839325, 0.23398694396018982, 0.3636745810508728, 0.07293160259723663, 0.011620610021054745, 0.13780081272125244, 0.06522048264741898, 0.08497881889343262, 0.08204429596662521, 0.33401137590408325, 0.2915630042552948, 0.019286297261714935, -0.12068608403205872, -0.07768499851226807, -0.07400262355804443, 0.6373010873794556, 0.3357267677783966, 0.08569808304309845, -0.005127327516674995, -0.0013841119362041354, -0.3893791437149048, 0.5323835611343384, 0.25091367959976196, 0.5674137473106384, -0.7304407358169556, 0.2855525016784668, -0.1653410643339157, 0.06621447950601578, -0.046242546290159225, -0.023676471784710884, -3.3670051097869873, 0.6732109189033508, 0.0, -0.38999998569488525, 0.47999998927116394, -0.22206895053386688, -0.6671021580696106, 0.6765443682670593, 0.2189696580171585, 0.2217528373003006, 0.32228508591651917, -0.31175321340560913, -0.8658912181854248, -0.03387725353240967, -0.44191136956214905, 0.536624014377594, -0.014514671638607979, -0.26286956667900085, 0.9639914631843567, 0.03753954917192459, -0.18051107227802277, 1.040553092956543, 1.3398900032043457, -29.481117248535156, 1.7824753522872925, -2.899174690246582, -0.00486703310161829, -0.45772767066955566, 0.5102364420890808, 0.008935054764151573, -0.5980687737464905, 0.8013048768043518, -0.012014321982860565, 0.06236853450536728, 0.05608779937028885, 0.3852975070476532, -2.3984079360961914, 0.014923331327736378, 1.3338472843170166, 0.013796674087643623, -0.43705570697784424, 0.5407140254974365, -0.0032290094532072544, -0.1509764939546585, 0.988491415977478, 0.008955493569374084, -0.14335505664348602, 0.7955896258354187, 0.8132280111312866, -21.180625915527344, 0.11538449674844742, -1.6745167970657349, 0.03632257133722305, -0.4360651969909668, 0.5346071720123291, -0.03330190107226372, -0.2811281681060791, 0.9588441252708435, -0.021813776344060898, -0.2673655152320862, 0.4760289192199707, 0.8153102993965149, -10.59706974029541, -0.3393697440624237, -3.035588026046753, -0.08082012087106705, -0.3665775954723358, 0.5175249576568604, -0.13492348790168762, -0.6114273071289062, 0.7400342226028442, 0.24556370079517365, 0.09553006291389465, 0.1813962310552597, 0.776304304599762, -4.711443901062012, 7.412191390991211, 6.959800720214844, 0.7409151792526245, -4.515181064605713, 1.4921742677688599, 0.0847659632563591, 0.002952439012005925, -0.0016422276385128498, 1.2649822235107422, -1.3757104873657227, 0.2579216957092285, -0.009015047922730446, 0.009217486716806889, -0.0019590421579778194, 0.7637050151824951, -1.504848599433899, 0.864356517791748, 0.05947156250476837, 0.002431840868666768, -0.003766934620216489, 1.527296781539917, 1.5622649192810059, 0.19124168157577515, -0.05425102263689041, 0.007720262743532658, -0.01911557838320732, 0.6959484815597534, -4.307851314544678, -0.13739871978759766, 0.02875300869345665, -0.016262520104646683, 0.0048782494850456715, 0.9253520369529724, 1.0, 1.0, 1.0, 0.8047060966491699, -0.28725892305374146, -0.9291301369667053, -1.0, 0.543709397315979, -0.03717109560966492, 1.0, -1.0, 1.0, 0.16557897627353668, -1.0, 0.2973742187023163, 0.6681826710700989, 0.5005080103874207, 1.0, -1.0]
[0.4841102361679077, 0.37945085763931274, 0.42736726999282837, -0.2654149830341339, -0.37005406618118286, -0.5583493709564209, -0.11818303167819977, -0.9096665978431702, -0.902031660079956, -0.9281381368637085, 0.1734863817691803, -0.26362016797065735, -0.22116054594516754, -0.4380505383014679, -0.8027909994125366, 0.11159983277320862, -0.43904367089271545, -0.5426765084266663, -0.6617118716239929, 0.07884185761213303, -0.5275137424468994, 0.1063840240240097, 0.3474382758140564, 0.37455809116363525, 0.1154436245560646, 0.6179633140563965, 0.4353407919406891, 2.069617986679077, 1.1558165550231934, 1.9277302026748657, -0.5768663287162781, -0.1584615260362625, -0.025302890688180923, 0.0044037639163434505, 0.06503167003393173, 1.698982834815979, 2.044013261795044, 2.3294692039489746, -0.19815543293952942, 0.2162444144487381, 2.1533544063568115, 0.3557150661945343, 0.10307209938764572, -0.6962305307388306, 1.2358354330062866, 0.32827168703079224, 0.7324129939079285, -1.8708645105361938, 0.9198620319366455, 2.465386152267456, 0.047949258238077164, 0.15476654469966888, -0.04207511991262436, -0.027755197137594223, -0.029612751677632332, 0.10137183964252472, 0.03113645687699318, 0.007746103219687939, -0.002237696899101138, 0.3698351979255676, 0.11281394958496094, 0.07369757443666458, 0.18176135420799255, -0.007122807204723358, 0.20482631027698517, 0.12327902764081955, 0.043709367513656616, -0.13180458545684814, 0.022330932319164276, 0.02842777594923973, 0.04663880914449692, 0.03272918611764908, -0.0042373137548565865, -0.3888494372367859, 0.5302518010139465, 0.3304021656513214, 0.5353896617889404, -0.681725025177002, 0.37342098355293274, -0.17367985844612122, 0.01850128546357155, -0.1524953842163086, 0.17925406992435455, -3.0063560009002686, 0.5760212540626526, 0.0, -0.38999998569488525, 0.47999998927116394, -0.22206895053386688, -0.6671021580696106, 0.6765443682670593, 0.2189696580171585, 0.24783861637115479, 0.4384857416152954, -0.3003943860530853, -0.8099810481071472, -0.03655722364783287, -0.42833372950553894, 0.5535151958465576, -0.009953358210623264, -0.015737997367978096, 0.9978574514389038, 0.06271906197071075, -0.0924278125166893, 1.3551183938980103, 0.9376257658004761, -28.64308738708496, 2.950460910797119, -3.192164897918701, -0.0036672954447567463, -0.45663169026374817, 0.5171189308166504, 0.020446736365556717, -0.5830521583557129, 0.8118164539337158, -0.024209368973970413, 0.11704249680042267, 0.09579481929540634, 0.4879398047924042, -2.2015252113342285, 0.3135509192943573, 2.285205602645874, 0.011917686089873314, -0.4248676598072052, 0.5545474290847778, -0.001912541571073234, 0.09057797491550446, 0.9957027435302734, 0.019180668517947197, -0.07510517537593842, 1.394265055656433, 0.7869587540626526, -33.42887878417969, 1.033451795578003, -1.112318992614746, 0.03302965313196182, -0.427464097738266, 0.5495226383209229, -0.034724026918411255, -0.1702170968055725, 0.9847917556762695, -0.0023514016065746546, -0.17451488971710205, 0.8769969344139099, 1.0364259481430054, -15.500373840332031, 0.6542690992355347, -2.652353286743164, -0.08150676637887955, -0.3607862889766693, 0.528435230255127, -0.08682221174240112, -0.5551621913909912, 0.7952688932418823, 0.2276051938533783, 0.04271232336759567, 0.4551698565483093, 0.7948482632637024, -9.552656173706055, 4.455095291137695, 5.004848003387451, 0.059606797993183136, 0.49072831869125366, 0.2719118297100067, -0.02039427123963833, -1.6372086975025013e-06, 0.001006132923066616, -0.157262921333313, -0.5010040402412415, 0.07977500557899475, 0.00023104247520677745, -0.002947884611785412, 0.0004988467553630471, -0.07287543267011642, -1.6901071071624756, 1.0954270362854004, 0.04834596812725067, -0.0004494460590649396, 0.003126715309917927, -0.25268909335136414, -1.4421337842941284, 0.6602218151092529, 0.02207735925912857, -0.003186765592545271, 0.0023815601598471403, 1.0842852592468262, -0.22142447531223297, -0.18779009580612183, 0.007885991595685482, 0.015380624681711197, 0.021620947867631912, 0.7028037905693054, 1.0, 1.0, 1.0, 0.12762126326560974, -1.0, -1.0, -0.9235768914222717, 0.18177910149097443, 0.9561282396316528, 1.0, -1.0, 0.3153594434261322, 1.0, -0.200180783867836, -0.3999611437320709, 0.41969048976898193, 0.9735251069068909, 1.0, -0.6723950505256653]
[0.5067998766899109, 0.47356125712394714, 0.5255398154258728, -0.05750197917222977, -0.2252821922302246, -0.377763569355011, -0.21924462914466858, -0.9258118271827698, -0.9098049402236938, -0.9294381141662598, 0.20566430687904358, -0.14686015248298645, -0.013926392421126366, -0.17773574590682983, -0.8342602849006653, 0.1862226277589798, -0.24030756950378418, -0.5299109220504761, -0.6472830772399902, 0.07787420600652695, -0.3584024906158447, 0.22189903259277344, 0.4565398693084717, 0.20148207247257233, 0.06615310162305832, 0.685658872127533, 0.3810977339744568, 1.8461811542510986, 1.4359142780303955, 1.591369390487671, -0.32800206542015076, -0.1388140618801117, -0.09430745244026184, -0.02417866513133049, 0.1779114007949829, 0.7646802663803101, 1.8380348682403564, 2.405444622039795, -0.12036361545324326, 0.3513621389865875, 1.6684166193008423, -0.005754807032644749, 0.11602228134870529, 0.34852391481399536, 1.2084215879440308, 0.2636968195438385, 0.6420735716819763, -1.4548887014389038, -0.7840429544448853, 1.1151487827301025, -0.012021888978779316, -0.020454267039895058, -0.01981392502784729, -0.01632516458630562, 0.04202223941683769, 0.026425939053297043, 0.0065656849183142185, 0.0011490016477182508, 0.008903728798031807, -0.12133850902318954, -0.10754992067813873, -0.05067448690533638, 0.12477707117795944, 0.026681460440158844, -0.13131973147392273, -0.08700473606586456, -0.0363447442650795, 0.16128197312355042, -0.009951146319508553, -0.01916242390871048, -0.10318759083747864, -0.01648459956049919, -0.008631631731987, -0.387553870677948, 0.5285441875457764, 0.5008333921432495, 0.39166146516799927, -0.5094843506813049, 0.5798214673995972, -0.2976886034011841, 0.09612718969583511, -0.09151433408260345, -0.33499452471733093, -9.26369857788086, 1.7982752323150635, 0.0, -0.38999998569488525, 0.47999998927116394, -0.22206895053386688, -0.6671021580696106, 0.6765443682670593, 0.2189696580171585, 0.31332942843437195, 0.6982574462890625, -0.2567053735256195, -0.5902232527732849, -0.03770982846617699, -0.41197842359542847, 0.5672620534896851, 0.0024794943165034056, 0.2189883142709732, 0.9720895290374756, 0.08414214104413986, 0.0589333102107048, 1.4117767810821533, 0.5019634962081909, -27.44310188293457, 3.670414924621582, -2.9815452098846436, -0.002665072213858366, -0.4549291729927063, 0.5253453254699707, 0.031231218948960304, -0.5679997205734253, 0.8217589259147644, -0.03336307033896446, 0.0665137767791748, 0.12920622527599335, 0.5353071689605713, -2.151193857192993, 0.36568963527679443, 1.2660666704177856, 0.01060143020004034, -0.41183316707611084, 0.5653446912765503, 0.003552430309355259, 0.3409990072250366, 0.9396321773529053, 0.028254328295588493, -0.03626849502325058, 1.0515016317367554, 0.20659317076206207, -28.426990509033203, 1.190537691116333, -1.5191549062728882, 0.030522342771291733, -0.41618070006370544, 0.5634033679962158, -0.03408729285001755, -0.05806157365441322, 0.9975842833518982, 0.017101380974054337, -0.12199577689170837, 0.8760914206504822, 0.7437823414802551, -11.861127853393555, 0.43829211592674255, -2.7098217010498047, -0.08100137859582901, -0.3536134660243988, 0.538956344127655, -0.03858805075287819, -0.4934057891368866, 0.8381810188293457, 0.2291601002216339, 0.18857936561107635, 0.47584277391433716, 0.7186660170555115, -6.07093620300293, 8.046525001525879, 2.518043041229248, -0.2761777639389038, 0.4381958842277527, -0.2840760052204132, -0.009752226062119007, 0.0004215179360471666, 0.003236729884520173, 0.22380127012729645, -0.09759817272424698, 0.03658468276262283, -0.000314970820909366, 0.00434873765334487, -0.0007112090825103223, -0.06772030889987946, 1.2874056100845337, -1.0763757228851318, -0.031363409012556076, -0.000322289444738999, -0.0016790383961051702, -0.020543452352285385, 1.0759100914001465, -0.3663333058357239, -0.02020609751343727, 0.0015358977252617478, -2.714720176300034e-05, -1.0242809057235718, 0.3554154932498932, 0.4619419574737549, -0.009631632827222347, -9.61051118792966e-05, -0.015172491781413555, 0.5282353162765503, 1.0, 1.0, 1.0, 0.660019040107727, -0.5530411601066589, -1.0, -0.975418210029602, 0.5078672170639038, 0.1214296966791153, 1.0, -1.0, 0.7072666883468628, 0.6548640727996826, -0.6061840057373047, 0.38283684849739075, 0.562553346157074, 0.7668268084526062, 1.0, -0.602546215057373]
[0.527521014213562, 0.5642157196998596, 0.6078623533248901, 0.11796703934669495, -0.08774889260530472, -0.2139723300933838, -0.2930423319339752, -0.9419010877609253, -0.9155771136283875, -0.9317611455917358, 0.2516508996486664, -0.07450679689645767, 0.16421356797218323, 0.053913481533527374, -0.8570303320884705, 0.2537786066532135, -0.05637180432677269, -0.5233107805252075, -0.640048086643219, 0.11221777647733688, -0.21004076302051544, 0.3221004903316498, 0.5488783717155457, 0.0809243693947792, 0.08245383948087692, 0.6158357262611389, 0.3136521577835083, 1.4937915802001953, 1.1825298070907593, 1.4805511236190796, -0.29511508345603943, -0.12643945217132568, -0.03403831645846367, -0.016843831166625023, 0.1944602131843567, 0.6083588600158691, 1.540529727935791, 1.9742201566696167, -0.09862398356199265, 0.23635272681713104, 1.71919846534729, 0.10058984905481339, 0.06207171827554703, 0.4613085687160492, 0.9870283007621765, 0.23535828292369843, 0.5316882729530334, -0.9349743723869324, 0.4645654261112213, -0.19240480661392212, 0.00548654654994607, -0.10166462510824203, -0.07885511964559555, -0.03657369315624237, 0.02737940475344658, -0.031205784529447556, -0.004191968590021133, 0.00016503981896676123, 0.010399055667221546, -0.019339758902788162, -0.048343222588300705, -0.03819235414266586, 0.01731860265135765, 0.00378743396140635, -0.06574864685535431, -0.01703561097383499, -0.004777195397764444, 0.01980799064040184, -0.15288250148296356, -0.08767096698284149, -0.029392611235380173, 0.006235170178115368, -0.014434874057769775, -0.38589781522750854, 0.5316567420959473, 0.6027356386184692, 0.1883421391248703, -0.266971230506897, 0.7279858589172363, -0.37027984857559204, 0.1199449971318245, 0.26395782828330994, -0.5889789462089539, -8.04741382598877, 1.659748911857605, 0.0, -0.38999998569488525, 0.47999998927116394, -0.22206895053386688, -0.6671021580696106, 0.6765443682670593, 0.2189696580171585, 0.3443191349506378, 0.8753735423088074, -0.19071204960346222, -0.28070342540740967, -0.03772247955203056, -0.39598599076271057, 0.576018750667572, 0.01980123110115528, 0.4199073016643524, 0.9018489718437195, 0.09977004677057266, 0.09093161672353745, 1.13164484500885, 0.0945909321308136, -23.42507553100586, 3.7385263442993164, -2.9501821994781494, -0.0021819237153977156, -0.45290228724479675, 0.5331742167472839, 0.03967396542429924, -0.5533446669578552, 0.8311145901679993, -0.03852403908967972, 0.036567989736795425, 0.14508439600467682, 0.4825935661792755, -2.2012827396392822, 0.4125779867172241, 1.0021404027938843, 0.009450556710362434, -0.4007892310619354, 0.5723322629928589, 0.012098724022507668, 0.5344816446304321, 0.8442456126213074, 0.03784342110157013, -0.030467048287391663, 0.7676619291305542, -0.001112098339945078, -23.627479553222656, 1.3547762632369995, -1.7765710353851318, 0.028851209208369255, -0.4037535488605499, 0.5744340419769287, -0.03227714076638222, 0.043775640428066254, 0.997929573059082, 0.03432588279247284, -0.05862830951809883, 0.9666202664375305, 0.5614520907402039, -12.113059997558594, 0.6847009658813477, -2.2768239974975586, -0.07908952981233597, -0.34669387340545654, 0.5478230118751526, 0.008039504289627075, -0.4405278265476227, 0.8625962734222412, 0.24859260022640228, 0.20554254949092865, 0.4572537839412689, 0.5475288033485413, -4.878046989440918, 6.901732921600342, 0.4204574227333069, -0.055568963289260864, 0.8639937043190002, -0.9492568969726562, -0.023613786324858665, 0.00040884659392759204, 0.0018428136827424169, 0.14574556052684784, 0.11703713983297348, -0.03581441566348076, 0.001920596812851727, 0.00142007227987051, -9.740561654325575e-05, 0.014160444028675556, 0.5946481823921204, -0.7341777086257935, -0.02927263267338276, -0.0002431096218060702, 3.6387100408319384e-05, -0.0971989631652832, 0.23485738039016724, -0.2766384482383728, -0.0012543342309072614, -0.0005839383229613304, 0.0024983235634863377, -0.0750962570309639, 1.2077829837799072, 0.12741057574748993, -0.00912383385002613, 0.007436713669449091, 0.0012946666684001684, 0.6718782186508179, 1.0, 1.0, 0.9193506836891174, 0.5461234450340271, -0.6710065603256226, -1.0, -0.9265448451042175, 0.5210853219032288, 0.23463089764118195, 1.0, -1.0, 0.5197765827178955, 0.9803516864776611, -0.4448029398918152, 0.33548176288604736, 0.4708861708641052, 0.7882893085479736, 1.0, -0.3910214304924011]
[0.5459190607070923, 0.6442442536354065, 0.6804473996162415, 0.25300338864326477, 0.00769601808860898, -0.07625175267457962, -0.37278756499290466, -0.9526326060295105, -0.908554196357727, -0.931489884853363, 0.2792447805404663, 0.0027233746368438005, 0.31174489855766296, 0.24051176011562347, -0.8734521269798279, 0.28653430938720703, 0.11665217578411102, -0.4914734363555908, -0.6230152249336243, 0.13253071904182434, -0.09746178984642029, 0.41805192828178406, 0.6248242855072021, 0.009213565848767757, 0.05194219946861267, 0.5300353765487671, 0.28031885623931885, 1.119928240776062, 0.7198125123977661, 1.0863093137741089, -0.3442523777484894, -0.08316899836063385, 0.11732663959264755, 0.023090852424502373, 0.07015996426343918, 0.7653184533119202, 1.2685152292251587, 1.588620662689209, -0.06865004450082779, 0.07932590693235397, 1.5377858877182007, 0.39940789341926575, 0.2945273518562317, 0.1352250874042511, 0.7103540897369385, 0.23343367874622345, 0.43790361285209656, -0.5193472504615784, -1.268538475036621, -0.4604557454586029, -0.03002222441136837, -0.09275549650192261, -0.076825350522995, -0.047450922429561615, -0.06780266016721725, -0.05734793096780777, -0.009131123311817646, -2.6838970370590687e-05, -0.03603876009583473, 0.04114110767841339, -0.0132221020758152, -0.02237255685031414, -0.011166667565703392, -0.04289517179131508, -0.11484572291374207, -0.028009412810206413, 0.0027904482558369637, -0.021036025136709213, -0.17330768704414368, -0.09505730867385864, -0.012534791603684425, 0.008356723934412003, -0.01723393425345421, -0.3814205229282379, 0.5368281602859497, 0.6015780568122864, 0.16611790657043457, -0.24009113013744354, 0.7435487508773804, -0.03336367383599281, 0.3587404489517212, 0.32858988642692566, -0.11853444576263428, 3.4272143840789795, -0.6764633059501648, 0.0, -0.38999998569488525, 0.47999998927116394, -0.22206895053386688, -0.6671021580696106, 0.6765443682670593, 0.2189696580171585, 0.3446256220340729, 0.8860752582550049, -0.19119200110435486, -0.24402712285518646, -0.037305645644664764, -0.38299161195755005, 0.580919086933136, 0.03718716651201248, 0.5641738176345825, 0.81730717420578, 0.11105775833129883, 0.09642375260591507, 0.7662402391433716, -0.04042550548911095, -16.86441421508789, 2.9401698112487793, -2.575178861618042, -0.001395240193232894, -0.4505773186683655, 0.5403693318367004, 0.04928271472454071, -0.5342524647712708, 0.8427165746688843, -0.044430822134017944, 0.09015320986509323, 0.16654187440872192, 0.44619929790496826, -2.935678720474243, 0.434795618057251, 1.4034801721572876, 0.008883965201675892, -0.39046627283096313, 0.5770318508148193, 0.021186787635087967, 0.6806754469871521, 0.7310525178909302, 0.04235796257853508, 0.01106372568756342, 0.615301787853241, -0.09719206392765045, -20.677879333496094, 1.5771641731262207, -1.0880694389343262, 0.028339305892586708, -0.39057403802871704, 0.5824159383773804, -0.027953779324889183, 0.15218016505241394, 0.9869226217269897, 0.0452050119638443, 0.03027358278632164, 0.9839226603507996, 0.3188472390174866, -13.533808708190918, 1.0574736595153809, -1.4833849668502808, -0.07732918858528137, -0.3401375710964203, 0.5541877150535583, 0.033596500754356384, -0.39135023951530457, 0.8795907497406006, 0.26839566230773926, 0.13815681636333466, 0.43860137462615967, 0.38123080134391785, -5.260396957397461, 4.045374870300293, -0.42193999886512756, -0.2853907346725464, 0.8324017524719238, -0.9359951019287109, -0.034964896738529205, 0.0031881756149232388, 0.0032077825162559748, -0.3674542307853699, 0.19611404836177826, 0.002841314999386668, 0.0029148717876523733, -0.0016865006182342768, 0.0009687861893326044, -0.2634872794151306, 0.20928195118904114, -0.2808185815811157, -0.019233329221606255, 0.0037475377321243286, 0.0018207193352282047, -0.3629117012023926, 0.2226203978061676, -0.4496661424636841, 0.006129753775894642, -0.00010341625602450222, 0.004766066092997789, 0.002777617424726486, 1.2888789176940918, -0.02105746418237686, -0.005964586511254311, 0.008312287740409374, 0.00919040571898222, 0.47965002059936523, 1.0, 1.0, 0.8429872393608093, 0.3328046500682831, -0.8731205463409424, -1.0, -0.8142035603523254, 0.31566643714904785, 0.4748442769050598, 1.0, -1.0, 0.31758368015289307, 1.0, -0.2073153257369995, 0.1465252786874771, 0.3535324037075043, 0.8908385038375854, 1.0, -0.2303454428911209]
[0.5529358386993408, 0.7144944667816162, 0.7388131618499756, 0.3317137658596039, 0.08202441781759262, 0.018272332847118378, -0.4442080855369568, -0.9607707262039185, -0.8785272240638733, -0.9251740574836731, 0.29506880044937134, 0.07667418569326401, 0.4319934546947479, 0.3919820785522461, -0.8791226148605347, 0.2718285620212555, 0.26629146933555603, -0.43200400471687317, -0.5728734135627747, 0.15676391124725342, -0.026622790843248367, 0.49531006813049316, 0.6891480684280396, -0.021652687340974808, 0.005203458946198225, 0.4631495177745819, 0.21720658242702484, 0.5120022296905518, 0.6654991507530212, 0.7759295105934143, -0.2660957872867584, -0.0658491924405098, 0.3626525104045868, 0.09497733414173126, 0.061838336288928986, 0.6358491778373718, 1.0257575511932373, 1.294475793838501, -0.006423881743103266, -0.13526956737041473, 1.3047820329666138, 0.630885899066925, 0.6267005801200867, 0.38436493277549744, 0.3977026641368866, 0.1638723462820053, 0.37389564514160156, -0.1636248081922531, -1.0439202785491943, -0.8111053705215454, -0.020925503224134445, -0.17673730850219727, -0.07319195568561554, -0.03188379481434822, -0.01772048883140087, -0.07377955317497253, -0.009697932749986649, 0.0014686675276607275, -0.017583802342414856, -0.03633905574679375, -0.031456246972084045, -0.023138893768191338, -0.016509639099240303, -0.04294760525226593, -0.11327173560857773, -0.0352184996008873, 0.0002987319021485746, 0.0844859778881073, -0.17958372831344604, -0.1058647632598877, -0.06357148289680481, -0.01085672713816166, -0.01741793565452099, -0.37581488490104675, 0.5402629971504211, 0.5666681528091431, 0.2397337108850479, -0.3323914706707001, 0.7147942185401917, 0.0021394991781562567, 0.3229035437107086, 0.1663721203804016, -0.16514430940151215, 2.774132013320923, -0.5712329745292664, 0.0, -0.38999998569488525, 0.47999998927116394, -0.22206895053386688, -0.6671021580696106, 0.6765443682670593, 0.2189696580171585, 0.3423653244972229, 0.8388975262641907, -0.23158548772335052, -0.35412564873695374, -0.03664085268974304, -0.3738998770713806, 0.5837283730506897, 0.05019513890147209, 0.6556394696235657, 0.7440969944000244, 0.1180543601512909, 0.07548899948596954, 0.45654040575027466, -0.05702877417206764, -11.754013061523438, 2.0422754287719727, -1.8551563024520874, -0.00010983040556311607, -0.4480169415473938, 0.547060489654541, 0.05846629664301872, -0.5066797733306885, 0.8586238622665405, -0.051208965480327606, 0.10449714958667755, 0.19055883586406708, 0.43584921956062317, -4.252005100250244, 0.13915757834911346, 1.327459692955017, 0.009008011780679226, -0.3813649117946625, 0.5799654722213745, 0.028261760249733925, 0.7862274646759033, 0.6158139109611511, 0.04267078638076782, 0.02847263775765896, 0.4264163672924042, -0.12470784783363342, -17.017318725585938, 1.349916696548462, -0.8020021915435791, 0.028961192816495895, -0.37771502137184143, 0.5874462127685547, -0.02284185215830803, 0.2713417112827301, 0.9611169099807739, 0.04589163511991501, 0.07861347496509552, 0.9407579302787781, 0.09802813082933426, -15.065750122070312, 1.2501567602157593, -0.2820882797241211, -0.07561229169368744, -0.3351041376590729, 0.5584582090377808, 0.044506706297397614, -0.35306990146636963, 0.8892439007759094, 0.2874124050140381, 0.1286955028772354, 0.29415231943130493, 0.250078409910202, -3.4790968894958496, 2.683858633041382, -1.2816978693008423, -0.20101113617420197, 0.46493056416511536, -1.1704972982406616, -0.024909835308790207, 0.0023892889730632305, 0.0017288033850491047, -0.09951791912317276, 0.21657425165176392, -0.015225544571876526, 0.004717281088232994, 0.0008507811580784619, 0.0006309179589152336, -0.1682811826467514, 0.09135809540748596, -0.5666577219963074, -0.021768519654870033, 0.0015562318731099367, 0.0002005770365940407, -0.22721879184246063, 0.28000110387802124, -0.49259692430496216, 0.004498748108744621, 0.001446352805942297, 0.005026683211326599, -0.7015912532806396, 1.3862310647964478, 0.3207210898399353, -0.011334570124745369, 0.0003687366552185267, 0.0015551678370684385, 0.4503621459007263, 1.0, 1.0, 0.49985235929489136, 0.4496031403541565, -0.7792382836341858, -1.0, -0.6223090887069702, 0.36978214979171753, 0.41732257604599, 0.9814570546150208, -0.9125853776931763, -0.00638020783662796, 1.0, -0.026454932987689972, 0.3692662715911865, 0.17379623651504517, 0.7643142342567444, 1.0, -0.06099925935268402]
[0.5496351718902588, 0.7735238671302795, 0.7849855422973633, 0.3647293746471405, 0.15205027163028717, 0.09655997902154922, -0.49764254689216614, -0.9666311740875244, -0.8364548087120056, -0.9126306772232056, 0.31045782566070557, 0.13734647631645203, 0.5230520367622375, 0.5128106474876404, -0.8680459260940552, 0.22659488022327423, 0.39261630177497864, -0.361789733171463, -0.4955396354198456, 0.19250918924808502, 0.013479527086019516, 0.5499940514564514, 0.7433032989501953, -0.03202761337161064, -0.02566247060894966, 0.3793008029460907, 0.1745140701532364, 0.19174699485301971, 0.634833037853241, 0.7257925868034363, -0.1946735829114914, -0.04604439064860344, 0.4023056626319885, 0.13118664920330048, 0.06363559514284134, 0.5169298052787781, 0.7418362498283386, 0.9943831562995911, 0.08006847649812698, -0.2115076780319214, 1.0960716009140015, 0.6588162779808044, 0.7831657528877258, 0.4701174199581146, 0.2274264097213745, 0.1171470656991005, 0.31132373213768005, -0.0610039122402668, -0.6493473052978516, -0.9642704725265503, -0.013197878375649452, -0.10584264993667603, -0.03953760489821434, -0.01280672661960125, -0.0008312980062328279, -0.07952112704515457, -0.027485471218824387, -0.00784838292747736, -0.00935429334640503, -0.04650547355413437, -0.030528174713253975, -0.023064635694026947, -0.020146887749433517, -0.017692754045128822, -0.09673894196748734, -0.04386553913354874, -0.012293354608118534, 0.04343928396701813, -0.12481348216533661, -0.0721554309129715, -0.039384160190820694, -0.01062336191534996, -0.01712379977107048, -0.37069860100746155, 0.5410663485527039, 0.526643693447113, 0.3007547855377197, -0.4114522635936737, 0.6803674101829529, 0.026394929736852646, 0.2983081340789795, 0.010114859789609909, -0.19518372416496277, 2.600468397140503, -0.5666602849960327, 0.0, -0.38999998569488525, 0.47999998927116394, -0.22206895053386688, -0.6671021580696106, 0.6765443682670593, 0.2189696580171585, 0.3374142050743103, 0.7846577167510986, -0.2658574879169464, -0.4469713866710663, -0.03596815839409828, -0.3679732084274292, 0.5854734778404236, 0.05959915369749069, 0.718256413936615, 0.6823991537094116, 0.12201179563999176, 0.060387711971998215, 0.2785060703754425, -0.0624261274933815, -9.368779182434082, 1.6589809656143188, -1.4258015155792236, 0.0013528934214264154, -0.4454605281352997, 0.552920401096344, 0.06560755521059036, -0.4744630753993988, 0.8759162425994873, -0.057889796793460846, 0.1040354073047638, 0.18727801740169525, 0.37293002009391785, -4.296996593475342, -0.06028933450579643, 1.1863524913787842, 0.00948464684188366, -0.37409907579421997, 0.581679105758667, 0.033192191272974014, 0.8565418720245361, 0.5133092403411865, 0.04180680960416794, 0.03476744145154953, 0.2863500118255615, -0.10098563134670258, -13.09714126586914, 1.016904592514038, -0.597983181476593, 0.029781537130475044, -0.36596858501434326, 0.590046763420105, -0.020826468244194984, 0.3904523253440857, 0.9195411801338196, 0.03946220502257347, 0.04819684103131294, 0.8159120082855225, -0.07251942902803421, -14.80933666229248, 0.8076199889183044, 0.3466961979866028, -0.0737706795334816, -0.33187243342399597, 0.561411440372467, 0.05142378434538841, -0.3278253972530365, 0.8927862048149109, 0.30466166138648987, 0.12450156360864639, 0.1853824406862259, 0.17315620183944702, -2.156416893005371, 2.044503688812256, -1.2309330701828003, -0.12985149025917053, 0.058996621519327164, -0.7343277931213379, -0.011921776458621025, 0.0016031936975196004, 0.00113602913916111, -0.007406275719404221, 0.4368443489074707, -0.051366645842790604, -0.0012957175495103002, 0.0011160231661051512, 0.000494269363116473, -0.09930182993412018, 0.027698975056409836, -0.48563939332962036, -0.02264915406703949, 0.0008307571988552809, 3.965977157349698e-06, -0.016877463087439537, 0.4417381286621094, -0.5131646990776062, -0.005667282268404961, 0.0016448412789031863, 0.0011994254309684038, -0.5169957280158997, 0.9407484531402588, 0.1755628138780594, -0.006958228535950184, -0.002351425588130951, 0.0018400801345705986, 0.45024579763412476, 0.9954933524131775, 1.0, 0.4046631455421448, 0.5105937719345093, -0.7340239882469177, -1.0, -0.5953593254089355, 0.3942875266075134, 0.41037362813949585, 0.900129497051239, -0.7809784412384033, -0.0901208221912384, 1.0, 0.02172357589006424, 0.42024585604667664, 0.12628096342086792, 0.7473824620246887, 1.0, -0.05278101563453674]
[0.5379918813705444, 0.8205105066299438, 0.8224949836730957, 0.3780632019042969, 0.21364299952983856, 0.1712995022535324, -0.5437734723091125, -0.9706698060035706, -0.7964642643928528, -0.8987369537353516, 0.319657564163208, 0.1991700381040573, 0.5864378809928894, 0.6008883714675903, -0.8455138802528381, 0.170942023396492, 0.49834439158439636, -0.289275199174881, -0.4114176332950592, 0.21917736530303955, 0.03603534772992134, 0.5940110087394714, 0.7875527143478394, -0.042052119970321655, -0.05669337511062622, 0.2965357005596161, 0.1428118348121643, 0.08444645255804062, 0.5327619314193726, 0.671940267086029, -0.1876857429742813, -0.03308584541082382, 0.35146546363830566, 0.12660208344459534, 0.023862358182668686, 0.598241925239563, 0.5026140809059143, 0.6902679800987244, 0.11414163559675217, -0.23659668862819672, 0.9135932326316833, 0.6757011413574219, 0.7951275706291199, 0.25217148661613464, 0.12526766955852509, 0.10209532082080841, 0.2529929578304291, -0.10867293924093246, -0.5896686315536499, -1.0173097848892212, -0.010694576427340508, -0.055895112454891205, -0.022306092083454132, -0.00988732185214758, -0.01823345199227333, -0.08182112127542496, -0.03480542451143265, -0.012189066037535667, -0.011449428275227547, -0.015425393357872963, -0.012532389722764492, -0.016659952700138092, -0.05738130956888199, -0.011036462150514126, -0.09064552187919617, -0.04061033949255943, -0.0145267928019166, -0.017349736765027046, -0.09837223589420319, -0.0529446043074131, -0.004144884645938873, -0.003161471337080002, -0.016277970746159554, -0.36718034744262695, 0.5412848591804504, 0.48998525738716125, 0.3412274420261383, -0.46859800815582275, 0.6510715484619141, 0.0652882531285286, 0.13216429948806763, 0.09825993329286575, -0.2748052775859833, 1.2865915298461914, -0.2901492416858673, 0.0, -0.38999998569488525, 0.47999998927116394, -0.22206895053386688, -0.6671021580696106, 0.6765443682670593, 0.2189696580171585, 0.33362194895744324, 0.7364853620529175, -0.29199331998825073, -0.510906457901001, -0.035231221467256546, -0.3639630377292633, 0.5865983366966248, 0.06670738756656647, 0.7653570175170898, 0.6280602812767029, 0.12376941740512848, 0.05837451294064522, 0.1750120371580124, -0.06185276806354523, -7.670301914215088, 1.389280080795288, -1.0655884742736816, 0.003116134088486433, -0.4431343078613281, 0.5576261281967163, 0.07207193225622177, -0.4443775415420532, 0.8905508518218994, -0.06521754711866379, 0.13005517423152924, 0.16862156987190247, 0.29191717505455017, -3.6671953201293945, -0.05791127681732178, 1.311321496963501, 0.010258089751005173, -0.36795541644096375, 0.5825797319412231, 0.03545370325446129, 0.9025192260742188, 0.42733776569366455, 0.03980429470539093, 0.047643061727285385, 0.24200621247291565, -0.08837046474218369, -10.386556625366211, 0.8283928036689758, -0.20338410139083862, 0.030380576848983765, -0.3558071553707123, 0.5907803773880005, -0.02288759872317314, 0.497467964887619, 0.8666478395462036, 0.030385002493858337, 0.023172803223133087, 0.6624436378479004, -0.18546068668365479, -13.756084442138672, 0.3895741403102875, 0.7048181295394897, -0.07230816036462784, -0.32960277795791626, 0.5633525848388672, 0.05571239814162254, -0.30936503410339355, 0.8953977823257446, 0.3153601586818695, 0.08545608073472977, 0.14324361085891724, 0.11085651069879532, -1.818533182144165, 1.2010892629623413, -0.47416266798973083, -0.11481482535600662, -0.03486240282654762, -0.4414823055267334, -0.010410257615149021, 0.0013660183176398277, 0.0008771824650466442, -0.09740404784679413, 0.5312342643737793, -0.07355936616659164, -0.004220551811158657, -5.631396925309673e-05, 0.0007755871629342437, -0.08439593017101288, -0.009837837889790535, -0.18034280836582184, -0.016807522624731064, 0.001449953531846404, -0.0002730602282099426, -0.04561746120452881, 0.39336657524108887, -0.5602726340293884, -0.008626295253634453, 0.0005266462685540318, 0.00027486146427690983, -0.13820591568946838, 0.7143303751945496, -0.05844779312610626, -0.003194457618519664, -0.0009501747554168105, 0.004651191644370556, 0.3932862877845764, 1.0, 1.0, 0.3982912302017212, 0.502373218536377, -0.8027852773666382, -1.0, -0.6019991040229797, 0.3330242335796356, 0.5640915632247925, 0.8353729844093323, -0.7360281348228455, -0.15879151225090027, 1.0, 0.10235334187746048, 0.3029261827468872, 0.09189427644014359, 0.7884718179702759, 1.0, -0.11560504138469696]
[0.518694281578064, 0.8573655486106873, 0.8533100485801697, 0.38253337144851685, 0.26780688762664795, 0.23756720125675201, -0.5850562453269958, -0.9738836288452148, -0.7642539739608765, -0.8865569233894348, 0.32111454010009766, 0.2634938955307007, 0.6313198804855347, 0.660977303981781, -0.8192703723907471, 0.11394832283258438, 0.5862221717834473, -0.21763458847999573, -0.32802465558052063, 0.23122262954711914, 0.04897111654281616, 0.6343849897384644, 0.8238828182220459, -0.05854231119155884, -0.08311597257852554, 0.23492030799388885, 0.11759968101978302, 0.017372077330946922, 0.48202261328697205, 0.5865159630775452, -0.16064123809337616, -0.028721382841467857, 0.2684834599494934, 0.10295224189758301, -0.003645049873739481, 0.5909092426300049, 0.36791935563087463, 0.4751696288585663, 0.12272723019123077, -0.23202648758888245, 0.7572530508041382, 0.654069185256958, 0.7759837508201599, 0.09255710989236832, 0.0746704563498497, 0.09693930298089981, 0.20897476375102997, -0.17456619441509247, -0.5065710544586182, -0.696887731552124, -0.008485452271997929, -0.03492920100688934, -0.012753551825881004, -0.006892508361488581, -0.00884020235389471, -0.05890253931283951, -0.02873336523771286, -0.011004540137946606, -0.00839199684560299, -0.024568863213062286, -0.01139744371175766, -0.011267280206084251, -0.04820961505174637, -0.004869177937507629, -0.06870153546333313, -0.03477709740400314, -0.013599041849374771, -0.009649096056818962, -0.05888168141245842, -0.03128071129322052, -0.004658176563680172, -0.003319505834951997, -0.015210063196718693, -0.36612263321876526, 0.5429373979568481, 0.47197315096855164, 0.3528880476951599, -0.48919180035591125, 0.6429639458656311, 0.05603994056582451, 0.008845461532473564, 0.1053769588470459, -0.17662450671195984, 0.44839397072792053, -0.031101593747735023, 0.0, -0.38999998569488525, 0.47999998927116394, -0.22206895053386688, -0.6671021580696106, 0.6765443682670593, 0.2189696580171585, 0.3337266147136688, 0.7168708443641663, -0.30562299489974976, -0.5303933620452881, -0.0343719907104969, -0.36118045449256897, 0.5873134732246399, 0.0716446116566658, 0.8012232780456543, 0.5809780359268188, 0.12398674339056015, 0.059163205325603485, 0.10874322801828384, -0.058514539152383804, -6.377628326416016, 1.1626856327056885, -0.75510573387146, 0.0051905433647334576, -0.44113317131996155, 0.5612503290176392, 0.07828928530216217, -0.4195227026939392, 0.9014002680778503, -0.07313704490661621, 0.14316986501216888, 0.1430603414773941, 0.22337575256824493, -2.8519139289855957, -0.03682375326752663, 1.2916921377182007, 0.011269794777035713, -0.36259526014328003, 0.5828472971916199, 0.034939344972372055, 0.9329653978347778, 0.3563586473464966, 0.03692344203591347, 0.05539551004767418, 0.2029380202293396, -0.0821203961968422, -8.307385444641113, 0.649997353553772, 0.11484895646572113, 0.030789285898208618, -0.34732088446617126, 0.5902518033981323, -0.028153838589787483, 0.5891315340995789, 0.807275652885437, 0.02091100998222828, 0.0059763239696621895, 0.5173620581626892, -0.24162480235099792, -12.50381088256836, 0.017748365178704262, 0.8918343186378479, -0.07131342589855194, -0.3278273344039917, 0.5645543932914734, 0.0583161860704422, -0.29426318407058716, 0.8989783525466919, 0.3191337585449219, 0.06316396594047546, 0.11527854949235916, 0.07233026623725891, -1.5530239343643188, 0.7981744408607483, 0.1604645848274231, -0.0871691107749939, -0.04839784651994705, -0.26785945892333984, -0.007618475705385208, 0.0011963675497099757, 0.0005053878994658589, -0.04492393881082535, 0.42766717076301575, -0.06130598485469818, -0.004589533898979425, 0.0003840097924694419, 0.0005066997837275267, -0.064890556037426, -0.054403748363256454, -0.15844300389289856, -0.012083334848284721, 0.000996935646981001, -0.0003982175257988274, -0.05825906619429588, 0.3194512128829956, -0.47067683935165405, -0.008807273581624031, -0.0001052126899594441, -7.893193105701357e-05, -0.12971171736717224, 0.4340577721595764, -0.030544400215148926, -0.0017587676411494613, -0.0012441168073564768, 0.0031073365826159716, 0.356131374835968, 1.0, 1.0, 0.373775839805603, 0.537485659122467, -0.7951510548591614, -1.0, -0.6238692402839661, 0.30325886607170105, 0.6099240779876709, 0.8206570744514465, -0.7011334896087646, -0.19740746915340424, 1.0, 0.155023992061615, 0.251435786485672, 0.08424075692892075, 0.8338311910629272, 1.0, -0.17474739253520966]
[0.494539737701416, 0.886104941368103, 0.8786706328392029, 0.38119709491729736, 0.3174248933792114, 0.2964211404323578, -0.6194384694099426, -0.976730465888977, -0.740458607673645, -0.8771255612373352, 0.3181474804878235, 0.32454466819763184, 0.6649312973022461, 0.7039968967437744, -0.7922729849815369, 0.06029355525970459, 0.6590203046798706, -0.15028072893619537, -0.24804721772670746, 0.2344081997871399, 0.05607733875513077, 0.6716501712799072, 0.8540336489677429, -0.08022565394639969, -0.0946374163031578, 0.18363627791404724, 0.09674328565597534, -0.029095593839883804, 0.44484806060791016, 0.5315408706665039, -0.13149020075798035, -0.026563037186861038, 0.1933908760547638, 0.0766943171620369, -0.016772206872701645, 0.5485659837722778, 0.28007861971855164, 0.3542613983154297, 0.12341149151325226, -0.21366195380687714, 0.6263805031776428, 0.6046900749206543, 0.7308342456817627, 0.010931932367384434, 0.03712865337729454, 0.0879024788737297, 0.17351891100406647, -0.21329878270626068, -0.1817532777786255, -0.5649771690368652, -0.004601195454597473, -0.02523047663271427, -0.008930010721087456, -0.004507801961153746, 0.006241843104362488, -0.04816975072026253, -0.02381180226802826, -0.009310930036008358, -0.0032203898299485445, -0.028480133041739464, -0.010311598889529705, -0.0073640113696455956, -0.04104427993297577, 0.0009261723607778549, -0.055948346853256226, -0.030530991032719612, -0.013109654188156128, 0.0003060685412492603, -0.044422950595617294, -0.02434871904551983, -0.006945829372853041, -0.003193506971001625, -0.014273608103394508, -0.3658839464187622, 0.5444011092185974, 0.4631599485874176, 0.35587334632873535, -0.4930713474750519, 0.6447615623474121, 0.058702461421489716, 0.018393509089946747, 0.07624918222427368, -0.14387147128582, 0.062331296503543854, 0.09910523146390915, 0.0, -0.38999998569488525, 0.47999998927116394, -0.22206895053386688, -0.6671021580696106, 0.6765443682670593, 0.2189696580171585, 0.33276432752609253, 0.7118997573852539, -0.31423085927963257, -0.5326586961746216, -0.0334526002407074, -0.3592744767665863, 0.5877369046211243, 0.07493574172258377, 0.829319417476654, 0.5398426055908203, 0.12322260439395905, 0.056045569479465485, 0.06164214387536049, -0.05634660646319389, -5.453118324279785, 1.0035436153411865, -0.5552399754524231, 0.007363161072134972, -0.43947821855545044, 0.563988208770752, 0.0839017927646637, -0.40039193630218506, 0.9089025259017944, -0.08088891953229904, 0.14119361340999603, 0.11640526354312897, 0.1669410616159439, -2.1072514057159424, -0.010804416611790657, 1.1807074546813965, 0.012358671985566616, -0.3580470681190491, 0.5826634764671326, 0.03254551440477371, 0.9535844922065735, 0.2974342703819275, 0.03391491249203682, 0.05535343289375305, 0.1659325212240219, -0.07864562422037125, -6.807197093963623, 0.501130223274231, 0.28062063455581665, 0.031009595841169357, -0.34039658308029175, 0.5889936685562134, -0.03570546209812164, 0.6653041839599609, 0.7456136345863342, 0.012478928081691265, -0.007620519492775202, 0.3899199664592743, -0.2581551671028137, -11.124716758728027, -0.3002510666847229, 0.9463601112365723, -0.0706172063946724, -0.3264709413051605, 0.5652751326560974, 0.06081715226173401, -0.2821441888809204, 0.902922511100769, 0.3184756934642792, 0.04805213585495949, 0.08674802631139755, 0.04458944499492645, -1.196740746498108, 0.589229941368103, 0.5141767859458923, -0.03997066989541054, -0.05976826325058937, -0.18672162294387817, -0.005404325667768717, 0.0007236158708110452, 0.0004312298260629177, 0.036658450961112976, 0.35183870792388916, -0.06693655252456665, -0.004033349454402924, 0.0007096230983734131, 0.00018041131261270493, -0.022241484373807907, -0.09405814111232758, -0.14099586009979248, -0.008774884045124054, 0.00038257683627307415, -8.338595944223925e-05, -0.03374238312244415, 0.2670292258262634, -0.4177244007587433, -0.009104214608669281, -0.0007215461228042841, -0.00025016802828758955, -0.12486010789871216, 0.33963537216186523, 0.0015555210411548615, -0.0018367539159953594, -0.0011957443784922361, 0.0015652959700673819, 0.3423459827899933, 1.0, 1.0, 0.3502514362335205, 0.5684715509414673, -0.7843912243843079, -1.0, -0.6423549652099609, 0.2897077202796936, 0.6405051350593567, 0.8114712834358215, -0.6695220470428467, -0.220118448138237, 1.0, 0.1890772581100464, 0.22886818647384644, 0.06770362704992294, 0.8516020774841309, 1.0, -0.21506239473819733]
[0.46836408972740173, 0.9084030985832214, 0.8995638489723206, 0.3755917549133301, 0.36215075850486755, 0.3501794636249542, -0.6490399837493896, -0.9794448614120483, -0.7223952412605286, -0.8694290518760681, 0.31259453296661377, 0.38362330198287964, 0.6868905425071716, 0.7355367541313171, -0.7645711302757263, 0.010432605631649494, 0.7191187739372253, -0.08760183304548264, -0.17365112900733948, 0.2322583645582199, 0.05750970169901848, 0.7038043737411499, 0.8790194988250732, -0.1035672277212143, -0.0995456799864769, 0.14230434596538544, 0.07978150248527527, -0.06470586359500885, 0.3954786956310272, 0.4834214746952057, -0.11706055700778961, -0.025845397263765335, 0.152457132935524, 0.08830003440380096, -0.026003925129771233, 0.5433676242828369, 0.1621382087469101, 0.24202850461006165, 0.1287025362253189, -0.19967952370643616, 0.5164215564727783, 0.5647446513175964, 0.6768643260002136, -0.04632015526294708, -0.005638055969029665, 0.07332142442464828, 0.14365200698375702, -0.2164229154586792, -0.056172680109739304, -0.44427961111068726, -0.002834998071193695, -0.018663693219423294, -0.007943865843117237, -0.0044939895160496235, 0.006807866506278515, -0.03819162771105766, -0.017431380227208138, -0.004419160541146994, -0.0014437506906688213, -0.019428983330726624, -0.009570453315973282, -0.008012054488062859, -0.029708918184041977, 0.002270585624501109, -0.04325451701879501, -0.024275943636894226, -0.010801443830132484, 0.0010955727193504572, -0.03886636719107628, -0.022274592891335487, -0.005785967689007521, -0.0018218642799183726, -0.013321573846042156, -0.36552920937538147, 0.545475959777832, 0.4562626779079437, 0.3579266667366028, -0.4953620433807373, 0.6467838287353516, 0.05392787978053093, 0.006368245929479599, 0.062425319105386734, -0.10779792070388794, 0.13787002861499786, 0.06645439565181732, 0.0, -0.38999998569488525, 0.47999998927116394, -0.22206895053386688, -0.6671021580696106, 0.6765443682670593, 0.2189696580171585, 0.3318421542644501, 0.7085233330726624, -0.3211577534675598, -0.533603847026825, -0.03255138918757439, -0.35803213715553284, 0.5879822373390198, 0.0770595371723175, 0.8516496419906616, 0.5038718581199646, 0.12193361669778824, 0.05151284113526344, 0.026616627350449562, -0.049851223826408386, -4.607932090759277, 0.8466393351554871, -0.3951735496520996, 0.00952264666557312, -0.43811628222465515, 0.5660468935966492, 0.08897846937179565, -0.3854725956916809, 0.9141597747802734, -0.08834879100322723, 0.13886672258377075, 0.09762399643659592, 0.1269966959953308, -1.7588210105895996, -0.020057598128914833, 1.130112648010254, 0.013422948308289051, -0.35412538051605225, 0.5822109580039978, 0.029033539816737175, 0.9676333069801331, 0.24874162673950195, 0.031152233481407166, 0.05364542827010155, 0.14786536991596222, -0.07159847021102905, -5.433470249176025, 0.37178653478622437, 0.39789503812789917, 0.031037548556923866, -0.3347964882850647, 0.587369978427887, -0.044858068227767944, 0.7275605201721191, 0.6845523118972778, 0.005604472476989031, -0.017965706065297127, 0.29012641310691833, -0.25381922721862793, -9.908817291259766, -0.5594610571861267, 0.9884641766548157, -0.07018354535102844, -0.32551106810569763, 0.5656272768974304, 0.06279105693101883, -0.27304014563560486, 0.9067739844322205, 0.3150668740272522, 0.030105991289019585, 0.059579603374004364, 0.02102246694266796, -0.889706015586853, 0.30266690254211426, 0.707702100276947, -0.01978340744972229, -0.035577718168497086, -0.14121341705322266, -0.005027655512094498, 0.0005050373147241771, 0.00035080112866126, 0.03958425670862198, 0.23295505344867706, -0.05988409370183945, -0.0009248350979760289, 0.0005152766825631261, 0.00011080850526923314, -0.006165023893117905, -0.0345049612224102, -0.10319824516773224, -0.008529629558324814, 0.00018907229241449386, 2.942844366771169e-05, -0.01614026539027691, 0.19678576290607452, -0.3411799967288971, -0.007849657908082008, -0.0007252118084579706, -0.00019273719226475805, -0.08423098921775818, 0.3069891333580017, 0.00396891962736845, -0.0019128398271277547, -0.00047416731831617653, 0.0011444821720942855, 0.3205125331878662, 1.0, 1.0, 0.3261597454547882, 0.5824025869369507, -0.7999865412712097, -1.0, -0.6419253945350647, 0.273711621761322, 0.7043288946151733, 0.7594687342643738, -0.6272578835487366, -0.25286391377449036, 1.0, 0.23093557357788086, 0.20400509238243103, 0.03550577908754349, 0.8478749394416809, 1.0, -0.23405207693576813]
[0.44259870052337646, 0.9255868196487427, 0.916774570941925, 0.3627728521823883, 0.4056047201156616, 0.3998142182826996, -0.6711578369140625, -0.9821038842201233, -0.706856906414032, -0.8554961085319519, 0.30833181738853455, 0.4368115961551666, 0.6962788701057434, 0.7537825107574463, -0.7318137884140015, -0.037277452647686005, 0.7686048150062561, -0.02999642677605152, -0.10487958788871765, 0.23200233280658722, 0.05329776927828789, 0.7284080982208252, 0.9000115394592285, -0.12507309019565582, -0.09382538497447968, 0.10976486653089523, 0.06571929901838303, -0.14776208996772766, 0.40343648195266724, 0.4625869691371918, -0.0767773687839508, -0.02477683685719967, 0.13848572969436646, 0.1599208265542984, -0.012973587028682232, 0.4624949097633362, 0.046662043780088425, 0.10798817127943039, 0.1628747135400772, -0.19362536072731018, 0.4250689446926117, 0.5142589807510376, 0.6225752234458923, 0.02064180187880993, -0.0449124351143837, 0.05273280292749405, 0.12087390571832657, -0.1893613189458847, 0.13972149789333344, -0.3541029989719391, -0.0005317277973517776, -0.024074362590909004, -0.007066506892442703, -0.0021721478551626205, 0.02325129136443138, -0.029545560479164124, -0.012193340808153152, -0.0020372741855680943, 0.002139077754691243, -0.030849752947688103, -0.013373011723160744, -0.009326218627393246, -0.009048172272741795, 0.0022411453537642956, -0.030436862260103226, -0.019801031798124313, -0.009400314651429653, 0.021776899695396423, -0.029413094744086266, -0.01811285689473152, -0.01521465927362442, -0.004109530244022608, -0.012400703504681587, -0.36524108052253723, 0.5462934374809265, 0.45071759819984436, 0.35974496603012085, -0.4962955415248871, 0.6489436626434326, 0.05322911590337753, 0.005531055852770805, 0.047028426080942154, -0.08262305706739426, 0.18340091407299042, 0.03468840941786766, 0.0, -0.38999998569488525, 0.47999998927116394, -0.22206895053386688, -0.6671021580696106, 0.6765443682670593, 0.2189696580171585, 0.3305000960826874, 0.7064035534858704, -0.3269263803958893, -0.5337439775466919, -0.031765177845954895, -0.3574288785457611, 0.5881170034408569, 0.07841751724481583, 0.8694434762001038, 0.47266027331352234, 0.12046129256486893, 0.04092186316847801, -0.010571932420134544, -0.044749654829502106, -3.986262559890747, 0.7370571494102478, -0.31454914808273315, 0.011469382792711258, -0.4370056092739105, 0.5676154494285583, 0.09269582480192184, -0.3705500364303589, 0.9192596673965454, -0.09519308805465698, 0.11545588076114655, 0.0844382792711258, 0.10344362258911133, -1.8743712902069092, -0.18738414347171783, 0.9521186947822571, 0.0143766850233078, -0.3508795201778412, 0.581716775894165, 0.025280071422457695, 0.9762759208679199, 0.21305948495864868, 0.029184771701693535, 0.04766082018613815, 0.1260191649198532, -0.05103375390172005, -3.6263461112976074, 0.1946953982114792, 0.38488146662712097, 0.03078233264386654, -0.330218642950058, 0.5856302380561829, -0.05565769225358963, 0.778307318687439, 0.6254115700721741, 0.0005318309995345771, -0.0358969010412693, 0.21734969317913055, -0.23606698215007782, -8.85336971282959, -0.8550559878349304, 1.0519042015075684, -0.06982893496751785, -0.3250467777252197, 0.5657722353935242, 0.06523116677999496, -0.267963707447052, 0.9094449281692505, 0.31120765209198, 0.030312983319163322, 0.01961662247776985, 0.008615952916443348, -0.3000163733959198, 0.3027399480342865, 0.587222695350647, 0.007666443474590778, -0.06470932811498642, -0.1429603397846222, -0.003142787842079997, 0.00021868864132557064, 0.000380445912014693, 0.12750113010406494, 0.15449070930480957, -0.05759868770837784, 0.0002800862130243331, 0.001141557702794671, -0.00028354793903417885, 0.013456352986395359, -0.03912524878978729, -0.15416516363620758, -0.009913098067045212, -0.0002650872338563204, 0.0004740339354611933, 0.03468216955661774, 0.16485609114170074, -0.26189059019088745, -0.00692747300490737, -0.0006540539907291532, -0.00045642961049452424, -0.1775514930486679, 0.2408543825149536, 0.08328638225793839, -0.002380001125857234, -0.001268705353140831, -0.000599859282374382, 0.32056552171707153, 0.9978092312812805, 1.0, 0.2555115222930908, 0.6407225728034973, -0.7523960471153259, -1.0, -0.6300699710845947, 0.29667121171951294, 0.69466233253479, 0.7014182209968567, -0.534765362739563, -0.29562097787857056, 1.0, 0.25784358382225037, 0.25234195590019226, 0.003455044701695442, 0.8243882060050964, 1.0, -0.23462684452533722]
[0.41891613602638245, 0.933301568031311, 0.9309848546981812, 0.3389563262462616, 0.4515610635280609, 0.4499877691268921, -0.6831104755401611, -0.9839180707931519, -0.690319836139679, -0.8370599746704102, 0.3086487352848053, 0.48285961151123047, 0.6885946989059448, 0.7576207518577576, -0.6863871812820435, -0.08586569875478745, 0.8094601631164551, 0.023266755044460297, -0.041739337146282196, 0.2401701807975769, 0.04232817515730858, 0.7429821491241455, 0.9178972244262695, -0.14167125523090363, -0.08453600853681564, 0.021445881575345993, 0.05432684347033501, -0.2600075900554657, 0.4344193935394287, 0.4879471957683563, -0.03397524356842041, -0.014710581861436367, 0.1592767834663391, 0.18267785012722015, 0.008842987939715385, 0.40344738960266113, -0.1328684538602829, -0.01379541214555502, 0.2337999790906906, -0.20240359008312225, 0.35150834918022156, 0.4797039031982422, 0.5737108588218689, 0.14498832821846008, -0.09986992925405502, 0.025211801752448082, 0.10272371768951416, -0.13493745028972626, 0.21234704554080963, -0.8714895844459534, 0.0002178219292545691, -0.043437834829092026, -0.007081976160407066, 0.0002090464113280177, 0.026252463459968567, -0.06652085483074188, -0.022707682102918625, -0.006567669101059437, 0.003250512760132551, -0.04015759378671646, -0.01377706229686737, -0.008187228813767433, -0.031417589634656906, 0.0003889549698214978, -0.03417859226465225, -0.016659928485751152, -0.0074634850025177, 0.04350270330905914, -0.05581244081258774, -0.03168385848402977, -0.026991965249180794, -0.007662898860871792, -0.011541040614247322, -0.36515724658966064, 0.5466641187667847, 0.44683146476745605, 0.3621751368045807, -0.49594616889953613, 0.6505444645881653, 0.049461472779512405, 0.0018633509753271937, 0.007803288754075766, -0.031640443950891495, 0.08897869288921356, 0.07620967924594879, 0.0, -0.38999998569488525, 0.47999998927116394, -0.22206895053386688, -0.6671021580696106, 0.6765443682670593, 0.2189696580171585, 0.3281274437904358, 0.705452024936676, -0.33106496930122375, -0.5339152812957764, -0.031158067286014557, -0.3578193485736847, 0.5879753828048706, 0.07970783114433289, 0.883501410484314, 0.44606682658195496, 0.11872705817222595, 0.02912159450352192, -0.07855170965194702, -0.05768117308616638, -3.2783193588256836, 0.6932112574577332, -0.282350093126297, 0.013056639581918716, -0.4363308250904083, 0.5684243440628052, 0.0944301038980484, -0.3559597432613373, 0.924208402633667, -0.10106576234102249, 0.0888737142086029, 0.048334166407585144, 0.0426899716258049, -1.6839159727096558, -0.3471479117870331, 0.7439267635345459, 0.015198306180536747, -0.3485637903213501, 0.5812245011329651, 0.02207251265645027, 0.9802054166793823, 0.19471591711044312, 0.028208136558532715, 0.04316342622041702, 0.09415765106678009, -0.0387219674885273, -1.3871324062347412, 0.04226705804467201, 0.3226732015609741, 0.030094826593995094, -0.3266279697418213, 0.5837782025337219, -0.06875850260257721, 0.8191617131233215, 0.5694209933280945, -0.0024256252218037844, -0.06135742738842964, 0.1423696130514145, -0.2254236489534378, -7.818668842315674, -1.217908263206482, 1.1933881044387817, -0.06938377022743225, -0.32544276118278503, 0.565731406211853, 0.06952967494726181, -0.26965662837028503, 0.9094944596290588, 0.30865928530693054, 0.03563839569687843, -0.05673809349536896, -0.013774816878139973, 0.748790442943573, 0.3253561854362488, 0.2999770939350128, -0.006773639470338821, -0.21661949157714844, -0.1977790892124176, -0.0030402455013245344, 0.00016329530626535416, 0.0008078772225417197, 0.14524132013320923, 0.3461781144142151, -0.12602302432060242, -0.001374998246319592, 0.0012809933396056294, -9.849554771790281e-05, 0.012309235520660877, -0.1416160613298416, -0.12843884527683258, -0.010311469435691833, -0.00028690305771306157, 0.0007468268740922213, 0.08399640023708344, 0.05738229304552078, -0.29445400834083557, -0.006602751091122627, -0.0005291682900860906, -0.0007871550042182207, -0.34098729491233826, 0.42206358909606934, 0.14070990681648254, -0.0039981333538889885, -0.0022071015555411577, -0.0011921055847778916, 0.3110508918762207, 0.8976088762283325, 1.0, 0.15691383183002472, 0.708716630935669, -0.704475462436676, -1.0, -0.5969709753990173, 0.3300720453262329, 0.7074527740478516, 0.5772681832313538, -0.39564433693885803, -0.36228975653648376, 1.0, 0.2942546308040619, 0.3263513147830963, -0.05882067233324051, 0.764904797077179, 1.0, -0.21452634036540985]
[0.39803820848464966, 0.928004801273346, 0.9427416920661926, 0.302888959646225, 0.5032872557640076, 0.5048794150352478, -0.6832864284515381, -0.9849013686180115, -0.6729294061660767, -0.8171771764755249, 0.31488627195358276, 0.5210768580436707, 0.6651038527488708, 0.7526142597198486, -0.6265906095504761, -0.13598676025867462, 0.8432570099830627, 0.07189071178436279, 0.016484953463077545, 0.25892361998558044, 0.024210313335061073, 0.7476497888565063, 0.9330219030380249, -0.15414634346961975, -0.07347666472196579, -0.0733824297785759, 0.04496807977557182, -0.3735102415084839, 0.4995012879371643, 0.5496135950088501, 0.01768464222550392, -0.00937106367200613, 0.16014839708805084, 0.18915803730487823, 0.03443269059062004, 0.3240780234336853, -0.261100172996521, -0.07145516574382782, 0.2975229322910309, -0.20737722516059875, 0.29071953892707825, 0.4324828088283539, 0.5258352756500244, 0.27883973717689514, -0.14937742054462433, 0.0025114428717643023, 0.08596118539571762, -0.10552077740430832, 0.23497086763381958, -0.910918116569519, 0.0006867418996989727, -0.0429229810833931, -0.004109744448214769, 0.002727754879742861, 0.028387319296598434, -0.0714043453335762, -0.026046782732009888, -0.008377357386052608, 0.003498615464195609, -0.04317355901002884, -0.010708858259022236, -0.005017481744289398, -0.03959393501281738, 0.0003123680653516203, -0.03205810487270355, -0.01525011658668518, -0.007099444046616554, 0.04437217861413956, -0.053086958825588226, -0.0295199453830719, -0.026985637843608856, -0.008371604606509209, -0.010731621645390987, -0.36536380648612976, 0.5464348793029785, 0.4428906738758087, 0.3659660220146179, -0.4968918263912201, 0.6503961086273193, 0.047911688685417175, -0.020128140226006508, -0.027196161448955536, -0.022332677617669106, 0.15517322719097137, 0.041710834950208664, 0.0, -0.38999998569488525, 0.47999998927116394, -0.22206895053386688, -0.6671021580696106, 0.6765443682670593, 0.2189696580171585, 0.3252977132797241, 0.703307032585144, -0.3346424400806427, -0.5362412929534912, -0.03072492964565754, -0.35941582918167114, 0.5873610973358154, 0.08152651786804199, 0.8948633670806885, 0.4230944812297821, 0.11646492779254913, 0.01886625960469246, -0.1486220508813858, -0.08332855254411697, -2.8701140880584717, 0.7457193732261658, -0.3075544834136963, 0.014227518811821938, -0.4362946152687073, 0.568176805973053, 0.09403303265571594, -0.3439084589481354, 0.928296685218811, -0.10559353232383728, 0.059027377516031265, 0.0020855506882071495, -0.027405068278312683, -1.2631796598434448, -0.4647037386894226, 0.46167534589767456, 0.0159114021807909, -0.34734436869621277, 0.5806840062141418, 0.019890477880835533, 0.9806735515594482, 0.19260703027248383, 0.02803947404026985, 0.03957638889551163, 0.05254542827606201, -0.03185107186436653, 0.4123660624027252, -0.06005334481596947, 0.21402235329151154, 0.028976764529943466, -0.32407352328300476, 0.581800103187561, -0.08391354233026505, 0.8512762784957886, 0.5179559588432312, -0.0029597922693938017, -0.08049685508012772, 0.0758202001452446, -0.2115619033575058, -6.73448371887207, -1.527923345565796, 1.2724647521972656, -0.06878077238798141, -0.3268904387950897, 0.5654632449150085, 0.07703646272420883, -0.27967342734336853, 0.9061298370361328, 0.30785834789276123, 0.046106379479169846, -0.1341041773557663, -0.03797316178679466, 1.8924154043197632, 0.5075455904006958, 0.02647562325000763, -0.006100770086050034, -0.26570719480514526, -0.15894532203674316, -0.0012578530004248023, 0.0001451360440114513, 0.0008546726312488317, 0.1566898077726364, 0.39296266436576843, -0.14474664628505707, -0.002482917858287692, 0.0013851093826815486, -0.00016245721781160682, 0.011954930610954762, -0.1967555284500122, -0.10721956193447113, -0.007968815043568611, -0.00029069979791529477, 0.0007947329431772232, 0.06933392584323883, 0.021212827414274216, -0.27620163559913635, -0.006781252101063728, -0.0007839535246603191, -0.0005319806514307857, -0.35287752747535706, 0.3971089720726013, 0.1420641541481018, -0.0037669073790311813, -0.0027255641762167215, -0.0013133547035977244, 0.3077927231788635, 0.8120889067649841, 1.0, 0.05310092866420746, 0.8047850131988525, -0.6298532485961914, -1.0, -0.5831144452095032, 0.3723471760749817, 0.6948075890541077, 0.4873734712600708, -0.26303383708000183, -0.4174616038799286, 1.0, 0.31331518292427063, 0.4068475067615509, -0.11343353241682053, 0.7223656177520752, 1.0, -0.2137647122144699]
[0.37998703122138977, 0.910393476486206, 0.9524818062782288, 0.2562451958656311, 0.5601606369018555, 0.566875696182251, -0.6732499599456787, -0.9848368167877197, -0.6548119783401489, -0.7969024777412415, 0.3201240003108978, 0.5556583404541016, 0.630462110042572, 0.7428292036056519, -0.571901261806488, -0.18969224393367767, 0.8673321008682251, 0.11557003110647202, 0.06935294717550278, 0.28670185804367065, 0.00020876259077340364, 0.7434818148612976, 0.9454684853553772, -0.16315297782421112, -0.06260854005813599, -0.14894656836986542, 0.03720478713512421, -0.46312227845191956, 0.5378565192222595, 0.6121280789375305, 0.05421287938952446, 0.001785947009921074, 0.1696217656135559, 0.1939370483160019, -0.06553961336612701, 0.2744576930999756, -0.2828372120857239, -0.07464422285556793, -0.014316725544631481, -0.23881995677947998, 0.1850118637084961, 0.3796948492527008, 0.47326260805130005, 0.377986878156662, -0.18844068050384521, -0.01890111155807972, 0.06961281597614288, -0.07222285121679306, 0.25988999009132385, -0.5440014004707336, 0.0014476783107966185, -0.026609167456626892, -0.003731347154825926, 0.0016342594753950834, 0.0232372023165226, -0.043050773441791534, -0.015602504834532738, -0.004812850616872311, -0.028230927884578705, -0.02580583095550537, 0.010385384783148766, 0.006476780399680138, -0.4860520362854004, 0.02390335500240326, -0.19584444165229797, -0.05585842579603195, -0.01791895180940628, 0.027280820533633232, -0.03254963457584381, -0.019536474719643593, -0.016340387985110283, -0.004588257521390915, -0.009951659478247166, -0.36590927839279175, 0.5456653237342834, 0.43821221590042114, 0.3711149990558624, -0.49971136450767517, 0.6484845280647278, 0.045932989567518234, -0.03556672856211662, -0.055447764694690704, -0.015234217047691345, 0.21879902482032776, 0.016091732308268547, 0.0, -0.38999998569488525, 0.47999998927116394, -0.22206895053386688, -0.6671021580696106, 0.6765443682670593, 0.2189696580171585, 0.3222461938858032, 0.6993680000305176, -0.33823102712631226, -0.5409634113311768, -0.0304294154047966, -0.3620915710926056, 0.5862247943878174, 0.08403601497411728, 0.9044591188430786, 0.40248942375183105, 0.1135505884885788, 0.010401735082268715, -0.20302371680736542, -0.10797002911567688, -2.549264907836914, 0.7977529764175415, -0.3295871913433075, 0.015027860179543495, -0.4368530213832855, 0.5669358372688293, 0.09183485805988312, -0.33458513021469116, 0.9315463900566101, -0.10881374031305313, 0.03550613671541214, -0.031181635335087776, -0.08021029829978943, -1.0025608539581299, -0.5571564435958862, 0.24752861261367798, 0.01654862053692341, -0.34697866439819336, 0.5799874663352966, 0.01793432980775833, 0.9789134860038757, 0.20158754289150238, 0.027731772512197495, 0.02817741222679615, 0.015813233330845833, -0.04054752364754677, 1.1507086753845215, 0.1621641218662262, 0.628757119178772, 0.027908986434340477, -0.3228592872619629, 0.5798601508140564, -0.09833977371454239, 0.8744423985481262, 0.4750470519065857, -0.003172924742102623, 0.004765169695019722, -0.05070414021611214, -0.17071984708309174, -4.500002384185791, -0.24604760110378265, 0.813379168510437, -0.06804294139146805, -0.3292546570301056, 0.5649304986000061, 0.08748023957014084, -0.2969833314418793, 0.8993977904319763, 0.3085962235927582, 0.050953757017850876, -0.191386416554451, -0.06345981359481812, 2.760772943496704, 0.6077365279197693, -0.2256832718849182, 0.01318422332406044, -0.16216802597045898, -0.097250796854496, -0.0007982604438439012, 5.538227560464293e-05, 0.0006037385319359601, 0.12746652960777283, 0.2306113839149475, -0.09919589757919312, -0.0013536796905100346, 0.0009628060506656766, -0.0002556021208874881, 0.12841972708702087, -0.25706037878990173, 0.06236347556114197, 0.0026208744384348392, 0.005036290735006332, -0.00412308145314455, -0.9926914572715759, -0.3397757411003113, -1.2617933750152588, -0.023015588521957397, 0.0007112757302820683, 0.01698344200849533, -0.19364342093467712, 0.26713666319847107, 0.08617831766605377, -0.0026021830271929502, -0.0014899615198373795, -0.0008390065049752593, 0.3008389472961426, 0.7363737225532532, 1.0, -0.04149142652750015, 0.8793725967407227, -0.5786331295967102, -0.9889332056045532, -0.5567604899406433, 0.40541136264801025, 0.6980762481689453, 0.3846293091773987, -0.13406872749328613, -0.47653481364250183, 1.0, 0.33375999331474304, 0.4729389250278473, -0.1624791920185089, 0.6747284531593323, 1.0, -0.2016945332288742]
[0.3761279881000519, 0.8746092915534973, 0.9601135849952698, 0.19218002259731293, 0.6244341135025024, 0.6355978846549988, -0.6365872621536255, -0.9842779040336609, -0.631161630153656, -0.7740053534507751, 0.30252760648727417, 0.5568057894706726, 0.6325711607933044, 0.7474299073219299, -0.5701008439064026, -0.2504327893257141, 0.8748077750205994, 0.13884718716144562, 0.11029955744743347, 0.3427284359931946, -0.019194159656763077, 0.7258550524711609, 0.9566324949264526, -0.15844060480594635, 0.019017290323972702, -0.3199445903301239, 0.02858690358698368, -0.6626421213150024, 0.6215173006057739, 0.6859294772148132, 0.2060350477695465, 0.002252508420497179, 0.24246083199977875, 0.2449914515018463, -0.031504955142736435, -0.06307767331600189, 0.024338573217391968, 0.05518290027976036, 0.028692174702882767, -0.2608127295970917, -0.05230710655450821, 0.1491008698940277, 0.28169122338294983, 0.86025470495224, -0.11522885411977768, -0.05654006078839302, 0.06342745572328568, 0.10187424719333649, 1.4705603122711182, -1.6287428140640259, 0.014329236000776291, -0.07737010717391968, -0.006414251402020454, 0.0037828099448233843, 0.11639229953289032, -0.12979689240455627, -0.041287727653980255, -0.010364568792283535, 0.02760065719485283, -0.06894095242023468, -0.021372683346271515, -0.008476920425891876, -0.035058848559856415, -0.001022939570248127, -0.1084439605474472, -0.04524390771985054, -0.02285701222717762, 0.11056602001190186, -0.02695382758975029, -0.01768866740167141, -0.05600646138191223, -0.014477764256298542, -0.009306295774877071, -0.36685752868652344, 0.5440759658813477, 0.42593643069267273, 0.3846398591995239, -0.5151028037071228, 0.6366313099861145, 0.03378736227750778, -0.06766895949840546, -0.12110788375139236, -0.06057077273726463, 0.8994171023368835, -0.22870340943336487, 0.0, -0.38999998569488525, 0.47999998927116394, -0.22206895053386688, -0.6671021580696106, 0.6765443682670593, 0.2189696580171585, 0.31804344058036804, 0.6826991438865662, -0.34477469325065613, -0.560268223285675, -0.030701151117682457, -0.3663024604320526, 0.5842247009277344, 0.08882725983858109, 0.9109050631523132, 0.387495756149292, 0.11049304157495499, -0.037555400282144547, -0.3096618056297302, -0.1668340116739273, -1.494545817375183, 0.8281961679458618, -0.6548106670379639, 0.014441130682826042, -0.4383520781993866, 0.5642495155334473, 0.08503797650337219, -0.3275918960571289, 0.9348577857017517, -0.10720477998256683, -0.10017688572406769, -0.11364426463842392, -0.19780802726745605, -0.7342057228088379, -0.9598205089569092, -0.8159044981002808, 0.01674189604818821, -0.34879761934280396, 0.5786745548248291, 0.015344135463237762, 0.9774906635284424, 0.20893017947673798, 0.024992067366838455, -0.0046586161479353905, -0.13773111999034882, -0.07982789725065231, 1.5112812519073486, 0.15105372667312622, 0.0493442565202713, 0.027768665924668312, -0.3243426978588104, 0.5784015655517578, -0.10464637726545334, 0.8825099468231201, 0.4584183990955353, -0.00881987065076828, -0.03556002676486969, -0.1558733880519867, -0.07023661583662033, -0.5427542328834534, 0.2234874814748764, 0.9357636570930481, -0.06657294183969498, -0.3328028619289398, 0.5643841624259949, 0.1054299846291542, -0.3234265446662903, 0.8847623467445374, 0.3185518682003021, 0.11203353852033615, -0.29781997203826904, -0.08122925460338593, 4.561888217926025, 1.9379533529281616, -1.791114091873169, 0.13405117392539978, -0.4779413044452667, -0.21718233823776245, -0.0033863086719065905, -0.0008738792384974658, 0.0025300949346274137, 0.629520058631897, 0.5969040989875793, -0.34079787135124207, -0.0014110079500824213, 0.0042708078399300575, -0.0019980999641120434, 0.08123816549777985, -0.3289807438850403, -0.21040746569633484, -0.013411632739007473, -0.0037296609953045845, 0.005069894716143608, 0.31486257910728455, 0.19591905176639557, -0.6840232014656067, -0.019918225705623627, -0.00227840687148273, -0.0014143571024760604, -0.6125922203063965, 0.2741219401359558, 0.3518870770931244, -0.0053885807283222675, -0.004676289856433868, -0.007607095874845982, 0.5444630980491638, 0.5124712586402893, 1.0, -0.25046464800834656, 1.0, -0.26133838295936584, -1.0, -0.4827212393283844, 0.6109838485717773, 0.2559785842895508, 0.4526711106300354, 0.17729349434375763, -0.5276870727539062, 1.0, 0.2208547592163086, 0.8042805194854736, -0.10040926188230515, 0.5637140870094299, 1.0, -0.07031793892383575]
[0.38150522112846375, 0.8171718120574951, 0.966611385345459, 0.10820485651493073, 0.6873921155929565, 0.7099580764770508, -0.5855389833450317, -0.9774836897850037, -0.5970771312713623, -0.7423362135887146, 0.28244516253471375, 0.5558183193206787, 0.6163806915283203, 0.756330132484436, -0.5523775815963745, -0.3235614597797394, 0.8678306341171265, 0.15808935463428497, 0.13278692960739136, 0.416806161403656, -0.045053210109472275, 0.6938574910163879, 0.9655423760414124, -0.14250154793262482, 0.020737210288643837, -0.4556204378604889, 0.025681694969534874, -0.8388089537620544, 0.5587993860244751, 0.6930071115493774, 0.21194401383399963, 0.09115754812955856, 0.35200175642967224, 0.35465627908706665, -0.175225630402565, -0.045092012733221054, -0.04404963180422783, 0.17214100062847137, 0.06457389146089554, -0.31275856494903564, -0.041802242398262024, 0.15926513075828552, 0.1820073276758194, 0.941961407661438, -0.23125723004341125, -0.09421420097351074, 0.04785380885004997, 0.16941307485103607, -0.01145191304385662, -1.1039084196090698, -0.0025737695395946503, -0.056233324110507965, -0.012146509252488613, -0.0037950489204376936, -0.0013843002961948514, -0.06685645133256912, -0.01602197252213955, 0.0005019176751375198, -0.027515895664691925, -0.056055281311273575, 0.023789305239915848, 0.019580695778131485, -0.11413528770208359, 0.0030269622802734375, -0.012841194868087769, -0.0021132451947778463, -0.0026967772282660007, 0.04322442412376404, -0.07204703241586685, -0.045338962227106094, -0.023533806204795837, -0.006291055120527744, -0.008741345256567001, -0.3682866394519806, 0.5414944291114807, 0.407531201839447, 0.40326598286628723, -0.5388469099998474, 0.6172023415565491, 0.03463337570428848, -0.09276953339576721, -0.1742342710494995, -0.07458263635635376, 0.9167537689208984, -0.23695190250873566, 0.0, -0.38999998569488525, 0.47999998927116394, -0.22206895053386688, -0.6671021580696106, 0.6765443682670593, 0.2189696580171585, 0.31293705105781555, 0.6560918092727661, -0.35324379801750183, -0.5889248847961426, -0.03146148473024368, -0.37237614393234253, 0.5810858011245728, 0.0948835238814354, 0.9122928977012634, 0.3836814761161804, 0.10727190226316452, -0.05072532594203949, -0.3949122428894043, -0.2143842726945877, 0.29723915457725525, 0.6058130860328674, -0.4755258560180664, 0.012997197918593884, -0.440522700548172, 0.5600669384002686, 0.07496292144060135, -0.31747671961784363, 0.9396508932113647, -0.10317551344633102, -0.10829558223485947, -0.1194145455956459, -0.2597177028656006, -1.5620026588439941, -1.2368838787078857, -0.7826762795448303, 0.01669788733124733, -0.3519302010536194, 0.5769171714782715, 0.013841998763382435, 0.973160982131958, 0.2286497801542282, 0.022029105573892593, -0.014957569539546967, -0.18813304603099823, -0.1188497468829155, 1.8420885801315308, 0.4761280119419098, 0.6873997449874878, 0.027130218222737312, -0.32732880115509033, 0.576991617679596, -0.11310308426618576, 0.881496012210846, 0.4582081437110901, -0.014752399176359177, -0.05049467459321022, -0.1965002715587616, -0.0936044231057167, 0.38163432478904724, 0.2528111934661865, 1.2469165325164795, -0.06492916494607925, -0.33779045939445496, 0.5630272030830383, 0.12735389173030853, -0.36003273725509644, 0.8619915843009949, 0.33335840702056885, 0.08327317982912064, -0.3910619914531708, -0.17839641869068146, 5.818796634674072, 1.6608755588531494, -2.1634645462036133, -0.04200104996562004, -0.2646440863609314, -0.17722484469413757, -0.007764710579067469, 0.00040006561903283, 0.0008350682910531759, -0.004697526805102825, 0.22695082426071167, -0.1599004566669464, 0.00390617991797626, 8.726229862077162e-05, 0.000605820445343852, 0.08918221294879913, -0.6155992746353149, 0.13713516294956207, 0.010346706956624985, 0.004876986611634493, -0.00396855128929019, -0.05447506904602051, -0.1888546645641327, -0.12407620251178741, -0.00552959693595767, -0.0003202565130777657, 0.001344739692285657, -0.3051929473876953, 0.6821229457855225, 0.07921597361564636, -0.004985037259757519, -0.0014079655520617962, 0.001097390428185463, 0.41130000352859497, 0.37862321734428406, 1.0, -0.4349021017551422, 1.0, -0.296968013048172, -0.915092945098877, -0.37479376792907715, 0.5874127745628357, 0.46719294786453247, 0.029201582074165344, 0.47986939549446106, -0.7294571399688721, 1.0, 0.34761038422584534, 0.8545914888381958, -0.27196040749549866, 0.4254481792449951, 1.0, -0.03071567416191101]
[0.38886722922325134, 0.7473137974739075, 0.972098708152771, 0.01526994351297617, 0.7416859865188599, 0.7786739468574524, -0.5335155129432678, -0.9680729508399963, -0.5576605200767517, -0.6996142864227295, 0.24134691059589386, 0.5487094521522522, 0.6044886112213135, 0.7734384536743164, -0.5390985012054443, -0.40161535143852234, 0.8591893315315247, 0.1747591495513916, 0.15149345993995667, 0.4941648244857788, -0.07876251637935638, 0.6546565890312195, 0.9719969630241394, -0.12337645888328552, 0.0334753543138504, -0.5113017559051514, 0.021005723625421524, -0.8703500032424927, 0.47058477997779846, 0.599235475063324, 0.21479713916778564, 0.08103296160697937, 0.3688545525074005, 0.43109390139579773, -0.1668630987405777, -0.07296596467494965, -0.09883322566747665, 0.1698024868965149, 0.08800162374973297, -0.324341744184494, -0.10673043876886368, 0.14139221608638763, 0.17256154119968414, 0.9590808153152466, -0.25348901748657227, -0.09985711425542831, 0.0341685488820076, 0.17928673326969147, 0.21910621225833893, -0.20744116604328156, 0.0010314456885680556, -0.002244168659672141, -0.005398586392402649, -0.006201579235494137, 0.00878826342523098, -0.027848944067955017, -0.011666961945593357, -0.002005527727305889, 0.0012256749905645847, -0.019431503489613533, -0.004231116734445095, -0.0004893931327387691, -0.0313728004693985, 0.0032069594599306583, -0.021697217598557472, -0.008198052644729614, -0.0027914289385080338, 0.007234988268464804, 0.0010933082085102797, -0.004996208474040031, 0.001452309195883572, 0.0009796966332942247, -0.008241254836320877, -0.36990952491760254, 0.5383613109588623, 0.3960959315299988, 0.41972529888153076, -0.5594021081924438, 0.5949856042861938, 0.02891303040087223, -0.10361989587545395, -0.17820705473423004, 0.39001113176345825, 0.9774258732795715, -0.3868967592716217, 0.0, -0.38999998569488525, 0.47999998927116394, -0.22206895053386688, -0.6671021580696106, 0.6765443682670593, 0.2189696580171585, 0.3080763518810272, 0.6325739026069641, -0.35399776697158813, -0.6161368489265442, -0.032406434416770935, -0.3793511688709259, 0.5769549012184143, 0.10049150884151459, 0.9087213277816772, 0.39149898290634155, 0.10418960452079773, -0.06046922132372856, -0.4023566246032715, -0.2544381022453308, 1.5994349718093872, 0.3644060492515564, -0.3744637668132782, 0.011405822820961475, -0.4428947865962982, 0.5548813343048096, 0.06425914168357849, -0.3037191927433014, 0.9454566240310669, -0.09867676347494125, -0.12240369617938995, -0.12360835820436478, -0.30972781777381897, -1.7111279964447021, -1.217806339263916, -0.9094651937484741, 0.016576146706938744, -0.35587838292121887, 0.5745925307273865, 0.009702475741505623, 0.9682034850120544, 0.24940066039562225, 0.0169470626860857, -0.019893910735845566, -0.20802433788776398, -0.13172556459903717, 2.5484366416931152, 0.4104987382888794, 0.6202365159988403, 0.026561031118035316, -0.33106815814971924, 0.5752644538879395, -0.1215776801109314, 0.8770323395729065, 0.46430861949920654, -0.021228644996881485, -0.05998510494828224, -0.2249068170785904, -0.09023205935955048, 1.0394783020019531, 0.21110396087169647, 1.3219223022460938, -0.06354992091655731, -0.3434399962425232, 0.560627281665802, 0.14992645382881165, -0.4010915458202362, 0.8338844776153564, 0.348258912563324, 0.061393577605485916, -0.3978240489959717, -0.2425985336303711, 6.1757121086120605, 1.7845808267593384, -2.3628408908843994, 0.03030661679804325, 0.05193689838051796, -0.02837640792131424, -0.0054225255735218525, -7.983317482285202e-05, 0.0004042165237478912, 0.04639124125242233, 0.13308322429656982, -0.08240491151809692, -9.279425285058096e-06, 1.785729364200961e-05, -1.0424048014101572e-05, 0.031195878982543945, -0.09679361432790756, -0.06223941221833229, -0.0019412969704717398, -7.67325036576949e-05, 0.00032015854958444834, -0.015958409756422043, -0.020960282534360886, -0.1400773823261261, -0.003105832962319255, -0.00072022236417979, 0.0008341250359080732, 0.05403580144047737, 0.16683948040008545, -0.047502338886260986, -0.0006974110146984458, 0.00011512435594340786, 0.0008890963508747518, 0.46791237592697144, 0.3105906844139099, 1.0, -0.5144397616386414, 1.0, -0.23957690596580505, -0.9265291690826416, -0.3419441878795624, 0.6169542670249939, 0.39991480112075806, 0.020909547805786133, 0.6189507246017456, -0.7878907918930054, 1.0, 0.3491279184818268, 0.9273115396499634, -0.2880062162876129, 0.4148596525192261, 1.0, -0.01445772498846054]
[0.3984189033508301, 0.6746971607208252, 0.9766185283660889, -0.07585391402244568, 0.7868809700012207, 0.8359872698783875, -0.4850635826587677, -0.9606216549873352, -0.5191426277160645, -0.6536105275154114, 0.20310598611831665, 0.5404350757598877, 0.5889497995376587, 0.7908334732055664, -0.5214943289756775, -0.4780663549900055, 0.8463531136512756, 0.18915517628192902, 0.169161856174469, 0.5670722723007202, -0.11367220431566238, 0.6175987124443054, 0.9763888120651245, -0.10408511757850647, 0.03519965335726738, -0.5123161673545837, 0.017758149653673172, -0.8266086578369141, 0.38931986689567566, 0.49032649397850037, 0.1813468337059021, 0.04872119426727295, 0.34211164712905884, 0.4253723621368408, -0.1640474945306778, -0.08753903210163116, -0.10395123809576035, 0.18856781721115112, 0.08668532222509384, -0.30877378582954407, -0.1280812919139862, 0.11543210595846176, 0.1563396006822586, 0.8640639185905457, -0.2535440921783447, -0.0881774052977562, 0.023812171071767807, 0.17704470455646515, -0.15338696539402008, 0.21220073103904724, -0.0038637793622910976, 0.024773798882961273, -0.0007980744121596217, -0.005450336262583733, -0.02795606665313244, -0.0154488580301404, -0.01396779716014862, -0.006462991237640381, -0.0031930808909237385, -0.011008007451891899, 0.0006691823364235461, 0.003081703558564186, -0.024292994290590286, 0.005566712934523821, -0.005985242314636707, -0.005169012118130922, -0.0027991996612399817, -0.019536659121513367, 0.027361992746591568, 0.010443886741995811, 0.016224786639213562, 0.005839326418936253, -0.008039608597755432, -0.37169408798217773, 0.5348908305168152, 0.3974818289279938, 0.4420457184314728, -0.5684933662414551, 0.5686993598937988, -0.032137081027030945, -0.06691057235002518, -0.1942376345396042, 0.4648450016975403, -0.17917250096797943, -0.11937741190195084, 0.0, -0.38999998569488525, 0.47999998927116394, -0.22206895053386688, -0.6671021580696106, 0.6765443682670593, 0.2189696580171585, 0.29350656270980835, 0.6188445687294006, -0.3422367572784424, -0.6432410478591919, -0.033458955585956573, -0.38617298007011414, 0.5721619129180908, 0.10554369539022446, 0.9017672538757324, 0.4066264033317566, 0.101642906665802, -0.06057431921362877, -0.37024950981140137, -0.27768462896347046, 2.3061046600341797, 0.17364844679832458, -0.28507962822914124, 0.009758440777659416, -0.44518157839775085, 0.5492278933525085, 0.05440711975097656, -0.29041898250579834, 0.9507629871368408, -0.09352143108844757, -0.11014822870492935, -0.1158870980143547, -0.33382800221443176, -1.4157991409301758, -0.985248327255249, -0.8475642204284668, 0.01638074219226837, -0.35996946692466736, 0.572059154510498, 0.006138804368674755, 0.962041437625885, 0.27254927158355713, 0.012472586706280708, -0.021377351135015488, -0.20852892100811005, -0.13990741968154907, 2.5613341331481934, 0.3659695088863373, 0.6082355380058289, 0.025882244110107422, -0.3350042700767517, 0.5734845399856567, -0.13045109808444977, 0.8708893656730652, 0.4731038212776184, -0.026588279753923416, -0.05761813372373581, -0.22552068531513214, -0.08976063132286072, 1.3681106567382812, 0.1766219437122345, 1.2725147008895874, -0.06254909187555313, -0.3488330841064453, 0.557535707950592, 0.17134477198123932, -0.4401894807815552, 0.8035256862640381, 0.3622439205646515, 0.0325835756957531, -0.35605698823928833, -0.27686116099357605, 5.787818908691406, 1.661360740661621, -2.2788848876953125, -0.007430524565279484, 0.18569715321063995, 0.03977421298623085, -0.0026648794300854206, 7.123506657080725e-05, -0.000201023489353247, -0.15371184051036835, 0.16884781420230865, -0.03684178739786148, -0.003930273931473494, -0.0014148505870252848, 0.0010260053677484393, 0.00020953417697455734, -0.06311408430337906, -0.035616435110569, 0.0021349922753870487, 0.0004784946795552969, -0.0005060626426711679, -0.11059245467185974, 0.02161913551390171, -0.057299382984638214, -0.0024749126750975847, -0.0005140789435245097, 0.0013289367780089378, 0.24544692039489746, -0.03753085434436798, -0.1278483271598816, 0.0016586714191362262, 0.0019121753284707665, 0.002532691927626729, 0.4768705368041992, 0.2844216227531433, 1.0, -0.5619799494743347, 1.0, -0.22689984738826752, -0.9159417748451233, -0.3150051534175873, 0.6189239025115967, 0.416949987411499, -0.03147943317890167, 0.7051190137863159, -0.8195933103561401, 1.0, 0.3605700731277466, 0.9396008253097534, -0.3117768466472626, 0.4241240620613098, 1.0, 0.002329878509044647]
[0.4081358015537262, 0.6057009696960449, 0.9803709387779236, -0.1590663194656372, 0.8241637945175171, 0.8828041553497314, -0.44380325078964233, -0.9562408328056335, -0.4851377308368683, -0.6113476157188416, 0.16949528455734253, 0.5311018228530884, 0.5736743211746216, 0.8093774318695068, -0.5048158168792725, -0.5485900044441223, 0.831824004650116, 0.20096342265605927, 0.1842355728149414, 0.6304364800453186, -0.1465878188610077, 0.5855436325073242, 0.9794113636016846, -0.08639243990182877, 0.03849377855658531, -0.4662010371685028, 0.014435549266636372, -0.7374434471130371, 0.3208690285682678, 0.40143391489982605, 0.16525082290172577, 0.04329471290111542, 0.3010803163051605, 0.37240639328956604, -0.13025133311748505, -0.08876018971204758, -0.11489769071340561, 0.18837955594062805, 0.08522369712591171, -0.28164395689964294, -0.14310157299041748, 0.09562548249959946, 0.1280890703201294, 0.7345430850982666, -0.2300802767276764, -0.07482005655765533, 0.01661800779402256, 0.1559428721666336, 0.030548395588994026, 0.7414425611495972, -0.00015748244186397642, 0.04981549084186554, 0.0014409237774088979, -0.004649580456316471, -0.005122034810483456, 0.047922275960445404, 0.010799472220242023, 0.0005794950993731618, 0.0017560799606144428, 0.005790011491626501, -0.002305392874404788, 0.0005939422408118844, 0.012903710827231407, 0.0059706298634409904, 0.004630730487406254, -0.0033710855059325695, -0.0025094528682529926, -0.04365742206573486, 0.047362517565488815, 0.02185681089758873, 0.032006844878196716, 0.01033108588308096, -0.009064415469765663, -0.37306490540504456, 0.531417727470398, 0.4316411018371582, 0.4324740469455719, -0.5373228788375854, 0.5813227891921997, -0.07258095592260361, -0.08375068008899689, -0.2094675451517105, 0.5681031942367554, -1.4144803285598755, 0.24513950943946838, 0.0, -0.38999998569488525, 0.47999998927116394, -0.22206895053386688, -0.6671021580696106, 0.6765443682670593, 0.2189696580171585, 0.28947144746780396, 0.6552020311355591, -0.31903836131095886, -0.6205891370773315, -0.03448718786239624, -0.39225295186042786, 0.5671181082725525, 0.10990557074546814, 0.893258810043335, 0.424373596906662, 0.09958191961050034, -0.059170931577682495, -0.3130921721458435, -0.2765790522098541, 2.401796340942383, 0.06849373131990433, -0.25523874163627625, 0.008256780914962292, -0.4471887946128845, 0.5435912609100342, 0.04630906507372856, -0.2801501452922821, 0.9547573328018188, -0.08837205171585083, -0.1068524718284607, -0.09375011175870895, -0.3115435540676117, -1.1753352880477905, -0.794539213180542, -0.8556084036827087, 0.016162240877747536, -0.3638479709625244, 0.5694987773895264, 0.0031108239199966192, 0.9556365609169006, 0.294401615858078, 0.00875894259661436, -0.02185901068150997, -0.1889723390340805, -0.13291685283184052, 2.397412061691284, 0.2698206901550293, 0.4391475319862366, 0.02525036595761776, -0.338786244392395, 0.5717311501502991, -0.13882014155387878, 0.8637950420379639, 0.48334118723869324, -0.031118756160140038, -0.05519317463040352, -0.20711518824100494, -0.08231804519891739, 1.4673482179641724, 0.13368643820285797, 1.1588573455810547, -0.0619293674826622, -0.3535020351409912, 0.5541483759880066, 0.19009460508823395, -0.4742181897163391, 0.7739042639732361, 0.3742367625236511, 0.008289176039397717, -0.2892712354660034, -0.27529799938201904, 5.046849250793457, 1.4927053451538086, -2.0513458251953125, 0.03837525472044945, 0.3330000936985016, 0.05878376215696335, 0.0003454202669672668, -0.00026702499599196017, -0.00044590927427634597, -0.03272324427962303, -0.14934930205345154, 0.14290346205234528, -0.001660744659602642, -0.0005885303835384548, 0.00011929508036701009, 0.012453461065888405, 0.09566164761781693, -0.06244329735636711, 0.0020288669038563967, -0.00035207034670747817, 0.00021116089192219079, -0.11437103897333145, 0.10173630714416504, 0.0058675347827374935, -0.0009834080701693892, -0.0005219201557338238, 0.0015617930330336094, 0.46040481328964233, -0.20720435678958893, -0.2062373012304306, 0.002982294885441661, 0.0029646081384271383, 0.002733567962422967, 0.48516833782196045, 0.28014010190963745, 1.0, -0.5803773999214172, 1.0, -0.22144794464111328, -0.9147792458534241, -0.3113631308078766, 0.6196178793907166, 0.416167676448822, -0.03798587620258331, 0.7322803735733032, -0.8226546049118042, 1.0, 0.36435094475746155, 0.9383963346481323, -0.31605061888694763, 0.43063560128211975, 1.0, 0.004770353436470032]
[0.4191551208496094, 0.5433653593063354, 0.983413577079773, -0.23254674673080444, 0.85489821434021, 0.9212846755981445, -0.40803882479667664, -0.9523768424987793, -0.4553212523460388, -0.5748040676116943, 0.14434054493904114, 0.5213047862052917, 0.5583926439285278, 0.8278285264968872, -0.4887370765209198, -0.613526463508606, 0.8159281015396118, 0.21145421266555786, 0.19677264988422394, 0.6844012141227722, -0.17599622905254364, 0.5583764314651489, 0.98172926902771, -0.07079863548278809, 0.04423777386546135, -0.41768237948417664, 0.011794952675700188, -0.6474072933197021, 0.2645828425884247, 0.330942839384079, 0.13827642798423767, 0.03600821644067764, 0.2632628083229065, 0.3218260407447815, -0.09237499535083771, -0.09162215143442154, -0.11756426095962524, 0.18445418775081635, 0.08193065971136093, -0.26205936074256897, -0.15654025971889496, 0.0889018103480339, 0.11065270006656647, 0.6264430284500122, -0.20345163345336914, -0.06331159174442291, 0.01355464942753315, 0.13750004768371582, 0.08284348249435425, 0.7551020383834839, 0.0011398086789995432, 0.0498308427631855, 0.0018801242113113403, -0.003838901873677969, -0.005160216242074966, 0.050295982509851456, 0.012314594350755215, 0.0014309055404737592, 0.0030629257671535015, 0.007431569509208202, -0.002824929542839527, 5.7264696806669235e-06, 0.018355712294578552, 0.004650536458939314, 0.00566129619255662, -0.002144469413906336, -0.0014671501703560352, -0.04151403158903122, 0.04312611371278763, 0.020547209307551384, 0.03074207343161106, 0.009789002127945423, -0.010663013905286789, -0.37459978461265564, 0.5281736254692078, 0.4739248752593994, 0.4096220135688782, -0.4884001612663269, 0.6075114607810974, -0.09791409224271774, -0.08359669148921967, -0.17450843751430511, 0.5061272978782654, -1.8604309558868408, 0.4196033477783203, 0.0, -0.38999998569488525, 0.47999998927116394, -0.22206895053386688, -0.6671021580696106, 0.6765443682670593, 0.2189696580171585, 0.2873699367046356, 0.7071396708488464, -0.29276132583618164, -0.5759015679359436, -0.035521771758794785, -0.39738744497299194, 0.5621582865715027, 0.11386758834123611, 0.8843420743942261, 0.44199338555336, 0.09805578738451004, -0.05947788804769516, -0.2595365047454834, -0.26549819111824036, 2.3347840309143066, 0.0017930591711774468, -0.2596365511417389, 0.006784992292523384, -0.4488067626953125, 0.5384120345115662, 0.03958950564265251, -0.271789014339447, 0.957947313785553, -0.08306849747896194, -0.10169452428817749, -0.07422958314418793, -0.2852938175201416, -0.9606888890266418, -0.6178080439567566, -0.8031063079833984, 0.01587844081223011, -0.36736607551574707, 0.5670693516731262, 0.0013773910468444228, 0.9492514729499817, 0.31445422768592834, 0.006190803833305836, -0.023581039160490036, -0.1704685539007187, -0.12354105710983276, 2.2059848308563232, 0.18693090975284576, 0.23141340911388397, 0.024621013551950455, -0.3422625660896301, 0.5700840950012207, -0.1465023010969162, 0.8565314412117004, 0.493632972240448, -0.03489124774932861, -0.05395738407969475, -0.18975672125816345, -0.07551980018615723, 1.4282925128936768, 0.10126710683107376, 1.0527280569076538, -0.06164230778813362, -0.35732337832450867, 0.5507829785346985, 0.20602048933506012, -0.5027397274971008, 0.7462760806083679, 0.3845519423484802, -0.009920023381710052, -0.23058100044727325, -0.2606697380542755, 4.361866474151611, 1.3477956056594849, -1.85106360912323, 0.04570811241865158, 0.3266535997390747, 0.04837615415453911, 0.0010609020246192813, -0.00033570145023986697, -0.00042836740612983704, -0.032213807106018066, -0.16631919145584106, 0.16185763478279114, -0.0010638826061040163, -0.0006345593137666583, 0.00021551355894189328, 0.01440096739679575, 0.11252479255199432, -0.06469078361988068, 0.0016935983439907432, -0.0005498133250512183, 0.0004086965345777571, -0.09791971743106842, 0.09419303387403488, 0.017045430839061737, -5.425457493402064e-05, -0.00031112850410863757, 0.0014468537410721183, 0.4394431710243225, -0.20793913304805756, -0.1911255419254303, 0.0027628825046122074, 0.00275791110470891, 0.0023375435266643763, 0.5019932389259338, 0.263369619846344, 1.0, -0.5995956063270569, 1.0, -0.2191445380449295, -0.9242149591445923, -0.305027574300766, 0.6227222084999084, 0.40546637773513794, -0.03439877927303314, 0.7621924877166748, -0.8320448398590088, 1.0, 0.3742430806159973, 0.9471597671508789, -0.32354432344436646, 0.42896848917007446, 1.0, 0.00970517098903656]
[0.43140438199043274, 0.4880666136741638, 0.9859407544136047, -0.29661303758621216, 0.8802493810653687, 0.9530451893806458, -0.37797248363494873, -0.9500318765640259, -0.4291609227657318, -0.5429595708847046, 0.12829451262950897, 0.511475145816803, 0.5428353548049927, 0.8460022211074829, -0.4732518792152405, -0.6735209226608276, 0.7991042137145996, 0.22026264667510986, 0.20780593156814575, 0.7303051352500916, -0.20154325664043427, 0.5353321433067322, 0.9836959838867188, -0.05658396705985069, 0.04729600250720978, -0.3676874041557312, 0.009990646503865719, -0.562039852142334, 0.21825626492500305, 0.27324387431144714, 0.11781380325555801, 0.013430366292595863, 0.23007307946681976, 0.28171753883361816, -0.05450523644685745, -0.08936597406864166, -0.12387895584106445, 0.18066605925559998, 0.07806969434022903, -0.24226093292236328, -0.16401328146457672, 0.06924085319042206, 0.0951506644487381, 0.5323275923728943, -0.1760851889848709, -0.053520359098911285, 0.011881883256137371, 0.12781795859336853, 0.023697681725025177, 0.6827878952026367, 0.0002856292703654617, 0.04606809467077255, 0.0021610530093312263, -0.0031648254953324795, -0.005928001366555691, 0.03950083255767822, 0.00832097977399826, 0.00036466793972067535, 0.0027339558582752943, 0.007433471269905567, -0.003002723678946495, -0.00030731738661415875, 0.01520717702805996, 0.003976290114223957, 0.0058594211004674435, -0.0024266482796519995, -0.001807094318792224, -0.03660694882273674, 0.03667280450463295, 0.017939912155270576, 0.026894327253103256, 0.008641954511404037, -0.011992109008133411, -0.37590262293815613, 0.525383710861206, 0.5110148191452026, 0.38972583413124084, -0.4476458430290222, 0.6217643022537231, -0.07151226699352264, -0.07201248407363892, -0.1572781205177307, 0.5464669466018677, -1.1070141792297363, 0.10480555146932602, 0.0, -0.38999998569488525, 0.47999998927116394, -0.22206895053386688, -0.6671021580696106, 0.6765443682670593, 0.2189696580171585, 0.2849299907684326, 0.7464343905448914, -0.26431891322135925, -0.5401723384857178, -0.03656283766031265, -0.4016309976577759, 0.5574563145637512, 0.11753697693347931, 0.8755117654800415, 0.4585306644439697, 0.0970253273844719, -0.05844948813319206, -0.21172983944416046, -0.24684877693653107, 2.173743963241577, -0.041875358670949936, -0.2636359930038452, 0.005356916226446629, -0.4500969350337982, 0.5337119698524475, 0.03409608080983162, -0.2650510370731354, 0.9604797959327698, -0.07787029445171356, -0.09617134928703308, -0.05995602905750275, -0.2604653239250183, -0.7474469542503357, -0.47426506876945496, -0.7534925937652588, 0.015527238138020039, -0.3705117702484131, 0.5648286938667297, 0.001075632986612618, 0.943044900894165, 0.3326296806335449, 0.004747248720377684, -0.024230599403381348, -0.15137529373168945, -0.11161205917596817, 1.9980614185333252, 0.11962704360485077, 0.032943058758974075, 0.02398975007236004, -0.3454173505306244, 0.5685843825340271, -0.15350301563739777, 0.8493897914886475, 0.5035113096237183, -0.038081441074609756, -0.05202256888151169, -0.17149168252944946, -0.06554408371448517, 1.4061050415039062, 0.0952143445611, 0.9597335457801819, -0.061599668115377426, -0.36038753390312195, 0.5476018786430359, 0.2193049043416977, -0.5262787342071533, 0.7211134433746338, 0.39361321926116943, -0.02193332649767399, -0.18084637820720673, -0.23764170706272125, 3.6988918781280518, 1.2038838863372803, -1.6671401262283325, 0.03209783136844635, 0.297095388174057, 0.040663205087184906, 0.0012916045961901546, -0.00026226905174553394, -0.0004320786683820188, -0.03583999350667, -0.11218355596065521, 0.13913103938102722, -0.0013180855894461274, -0.0005279671750031412, 0.00023734224669169635, 0.005161411128938198, 0.10947974026203156, -0.06071284040808678, 0.0013348787324503064, -0.000503892486449331, 0.0003594103327486664, -0.09614461660385132, 0.09282667934894562, 0.013989442028105259, -0.00041469433926977217, -0.00018492595700081438, 0.0013152309693396091, 0.38352805376052856, -0.18883757293224335, -0.16292643547058105, 0.0024581472389400005, 0.002505504060536623, 0.0021156729198992252, 0.5102479457855225, 0.24511180818080902, 1.0, -0.6134540438652039, 1.0, -0.21671922504901886, -0.9352747201919556, -0.29678478837013245, 0.6302033066749573, 0.400840163230896, -0.03800030052661896, 0.7790269255638123, -0.8314564228057861, 1.0, 0.37028229236602783, 0.9541077613830566, -0.33063000440597534, 0.4272730350494385, 1.0, 0.019509807229042053]
[0.44428160786628723, 0.4383465051651001, 0.9880958199501038, -0.3529873490333557, 0.9011768102645874, 0.9792661070823669, -0.35198894143104553, -0.9505990743637085, -0.4054589867591858, -0.5147780179977417, 0.12045692652463913, 0.5018243193626404, 0.5263527035713196, 0.8639417290687561, -0.4579757750034332, -0.7293254733085632, 0.781487762928009, 0.22603531181812286, 0.21641775965690613, 0.7700362801551819, -0.2243996411561966, 0.5160086750984192, 0.985546350479126, -0.041998472064733505, 0.04895980656147003, -0.33478593826293945, 0.008547240868210793, -0.49905261397361755, 0.18018262088298798, 0.22558175027370453, 0.1032492145895958, -0.014169636182487011, 0.21344521641731262, 0.2539639174938202, -0.022749247029423714, -0.08767019957304001, -0.13529734313488007, 0.1782294511795044, 0.07675671577453613, -0.22726941108703613, -0.17287376523017883, 0.03683348372578621, 0.06466518342494965, 0.4667084813117981, -0.16041181981563568, -0.04489356651902199, 0.0113100316375494, 0.13798026740550995, -0.0009043905301950872, 0.5202693343162537, -0.0002756552130449563, 0.03588907793164253, 0.0015407165046781301, -0.0026367432437837124, -0.005312420427799225, 0.028010614216327667, 0.005800464190542698, 0.0003210933064110577, 0.002047871006652713, 0.0034591834992170334, -0.0031849052757024765, -0.0003603201184887439, 0.007810411974787712, 0.002983616665005684, 0.0030895022209733725, -0.0033237573225051165, -0.002739338204264641, -0.027104411274194717, 0.027485381811857224, 0.013473919592797756, 0.02020762301981449, 0.006847088225185871, -0.01311778649687767, -0.3769893944263458, 0.5228104591369629, 0.54123854637146, 0.37506741285324097, -0.41664063930511475, 0.6267341375350952, -0.06716462969779968, -0.060861311852931976, -0.14764955639839172, 0.5053232312202454, -0.9698286056518555, 0.058024562895298004, 0.0, -0.38999998569488525, 0.47999998927116394, -0.22206895053386688, -0.6671021580696106, 0.6765443682670593, 0.2189696580171585, 0.28188514709472656, 0.773872971534729, -0.23747451603412628, -0.5150407552719116, -0.037596601992845535, -0.4051762521266937, 0.5530138611793518, 0.12092302739620209, 0.8667044639587402, 0.4742448627948761, 0.09639912098646164, -0.057503312826156616, -0.17770369350910187, -0.23267102241516113, 2.1173036098480225, -0.08891190588474274, -0.2625112235546112, 0.0039772940799593925, -0.45116424560546875, 0.5293211936950684, 0.029542572796344757, -0.26006612181663513, 0.962389349937439, -0.07279723137617111, -0.09167370200157166, -0.051044732332229614, -0.24799463152885437, -0.5628799796104431, -0.37209779024124146, -0.7127109169960022, 0.015128099359571934, -0.3733654022216797, 0.562751293182373, 0.002027810551226139, 0.9369236826896667, 0.34950247406959534, 0.004232098814100027, -0.024514377117156982, -0.13884319365024567, -0.10341767221689224, 1.8960309028625488, 0.07364919781684875, -0.13085371255874634, 0.023366205394268036, -0.3483318090438843, 0.5672354698181152, -0.15993286669254303, 0.8417476415634155, 0.5140059590339661, -0.040991831570863724, -0.05083002895116806, -0.15999950468540192, -0.05424213036894798, 1.5940834283828735, 0.1495683193206787, 0.912539541721344, -0.06173275411128998, -0.36287885904312134, 0.5446062684059143, 0.23014645278453827, -0.5458409786224365, 0.6982040405273438, 0.4019967317581177, -0.03138178959488869, -0.14626097679138184, -0.220463827252388, 3.1803531646728516, 1.0940181016921997, -1.5862371921539307, 0.021392803639173508, 0.2329811155796051, 0.02600044384598732, 0.0008579728309996426, -0.00018089833611156791, -0.00034330590278841555, -0.0317377895116806, -0.07775596529245377, 0.10578332841396332, -0.0008452461916022003, -0.000402759324060753, 0.00023441667144652456, 0.00188351608812809, 0.07725200802087784, -0.058714840561151505, 0.0007984599797055125, -0.00038194641820155084, 0.0002680386824067682, -0.08187344670295715, 0.08516310900449753, -0.004947892855852842, -0.001461891457438469, -7.17846050974913e-05, 0.0011165374889969826, 0.2950880527496338, -0.14107930660247803, -0.12104005366563797, 0.0018623500363901258, 0.0021256792824715376, 0.0016732574440538883, 0.523399293422699, 0.21079225838184357, 1.0, -0.6373761296272278, 1.0, -0.2084558755159378, -0.9551531076431274, -0.28059348464012146, 0.6427867412567139, 0.3945668339729309, -0.053008392453193665, 0.8147575855255127, -0.8313596248626709, 1.0, 0.35725751519203186, 0.969304621219635, -0.3439113199710846, 0.42443323135375977, 1.0, 0.043290168046951294]
[0.45732852816581726, 0.39304810762405396, 0.9899451732635498, -0.40270254015922546, 0.9184550642967224, 1.0000022649765015, -0.3297927975654602, -0.953606128692627, -0.38368868827819824, -0.48894456028938293, 0.11933788657188416, 0.49245327711105347, 0.508866548538208, 0.8816726207733154, -0.4427632987499237, -0.7820814251899719, 0.7632805705070496, 0.2287866771221161, 0.22135032713413239, 0.8047588467597961, -0.24539422988891602, 0.49964380264282227, 0.9872649908065796, -0.026705309748649597, 0.0488719679415226, -0.3046046793460846, 0.0073444838635623455, -0.4377945363521576, 0.15025043487548828, 0.049411024898290634, 0.08754775673151016, -0.03434666246175766, 0.19493819773197174, 0.23431460559368134, 0.0037614372558891773, -0.0823558047413826, -0.14711783826351166, 0.1747981458902359, 0.07715734094381332, -0.21656005084514618, -0.17777866125106812, 0.011987137608230114, 0.029807165265083313, 0.4072889983654022, -0.14774654805660248, -0.0382990688085556, 0.010273788124322891, 0.14262409508228302, -0.03712495416402817, 0.4760350286960602, -0.0009298952063545585, 0.03362193703651428, 0.002137233503162861, -0.012081358581781387, -0.0069433944299817085, 0.02745659090578556, 0.0057698143646121025, 0.0004916717298328876, 0.0015190965496003628, 0.003909056540578604, -0.003226490691304207, -0.0006176359602250159, 0.007197876460850239, 0.0020914918277412653, 0.003716102335602045, -0.002181646879762411, -0.0022619287483394146, -0.02419818565249443, 0.02406402677297592, 0.011772465892136097, 0.017835039645433426, 0.005835623014718294, -0.014188830740749836, -0.3779013156890869, 0.5204472541809082, 0.5680228471755981, 0.3608511686325073, -0.38855811953544617, 0.6294116377830505, -0.06299147754907608, -0.050954487174749374, -0.13598713278770447, 0.45943284034729004, -0.8567823767662048, 0.02405315451323986, 0.0, -0.38999998569488525, 0.47999998927116394, -0.22206895053386688, -0.6671021580696106, 0.6765443682670593, 0.2189696580171585, 0.27922865748405457, 0.7969032526016235, -0.2121119201183319, -0.4919196665287018, -0.03860640153288841, -0.4081600606441498, 0.5488195419311523, 0.1240084245800972, 0.8577622175216675, 0.489516943693161, 0.09611913561820984, -0.054019004106521606, -0.14275729656219482, -0.20856791734695435, 2.654975175857544, -0.32162776589393616, -0.2261114865541458, 0.0026685884222388268, -0.4520528316497803, 0.525172233581543, 0.025737393647432327, -0.2563088536262512, 0.9638556241989136, -0.06801217794418335, -0.0851861760020256, -0.042632803320884705, -0.23453034460544586, -0.4298926293849945, -0.29267919063568115, -0.650028645992279, 0.014696496538817883, -0.37598761916160583, 0.5608062148094177, 0.003973016981035471, 0.9308366775512695, 0.36538684368133545, 0.004430231638252735, -0.024263888597488403, -0.12685324251651764, -0.09544045478105545, 1.7957717180252075, 0.04092469811439514, -0.26148203015327454, 0.022758958861231804, -0.3510604500770569, 0.5660135746002197, -0.16592854261398315, 0.8331810832023621, 0.5256878137588501, -0.043921541422605515, -0.049973633140325546, -0.14886416494846344, -0.04446679726243019, 1.750098466873169, 0.20705127716064453, 0.8949379324913025, -0.06199825182557106, -0.3649284839630127, 0.541780948638916, 0.2389325648546219, -0.5623013973236084, 0.6772843599319458, 0.4098954200744629, -0.03821200504899025, -0.11785520613193512, -0.20311708748340607, 2.7400314807891846, 0.9873184561729431, -1.4944283962249756, 0.01266222819685936, 0.33547037839889526, 0.02699834480881691, -0.0070493025705218315, -0.00012585113290697336, -0.00034186450648121536, -0.040268298238515854, -0.0747741311788559, 0.10662619769573212, -0.0006299401866272092, -0.00039415815263055265, 0.0002975513052660972, -0.002833986422047019, 0.07724916189908981, -0.0547449104487896, 0.0005411012680269778, -0.000302681204630062, 0.00019406188221182674, -0.07613994181156158, 0.07341805100440979, 0.0028333161026239395, -0.00116065819747746, 6.963636405998841e-05, 0.000974887574557215, 0.25624459981918335, -0.12719354033470154, -0.10383990406990051, 0.0016442893538624048, 0.0017357091419398785, 0.0015629709232598543, 0.5323392748832703, 0.1882140040397644, 1.0, -0.651418924331665, 1.0, -0.20628897845745087, -0.9686776399612427, -0.26981765031814575, 0.6490170955657959, 0.3934195637702942, -0.06601528823375702, 0.8387551307678223, -0.8338819742202759, 1.0, 0.34890222549438477, 0.9787141680717468, -0.355760782957077, 0.42131102085113525, 1.0, 0.06030534207820892]
[0.4698505699634552, 0.35246187448501587, 0.991558313369751, -0.44602900743484497, 0.9331508278846741, 1.0000009536743164, -0.31063365936279297, -0.9579198956489563, -0.3644559681415558, -0.46543416380882263, 0.12414652109146118, 0.4837173819541931, 0.4909142553806305, 0.8979697227478027, -0.4273589253425598, -0.831523060798645, 0.7447081804275513, 0.22852686047554016, 0.2228071689605713, 0.8345335721969604, -0.2641874849796295, 0.4860849976539612, 0.9887765645980835, -0.011584244668483734, 0.04561455547809601, -0.2690829932689667, 0.006429246161133051, -0.38067230582237244, 0.12924420833587646, 5.980675723549211e-06, 0.07693817466497421, -0.042169295251369476, 0.1689363569021225, 0.20889750123023987, 0.027063434943556786, -0.08074422180652618, -0.15326331555843353, 0.1075487732887268, 0.07439538091421127, -0.2014794796705246, -0.17763561010360718, -0.016403326764702797, -0.0008877806249074638, 0.345518559217453, -0.12962307035923004, -0.031053081154823303, 0.008868991397321224, 0.1378270834684372, -0.09888965636491776, 0.5177445411682129, -0.00203782320022583, 0.03386816382408142, 0.0023933728225529194, -0.0006171792047098279, -0.008208445273339748, 0.034044962376356125, 0.007803400047123432, 0.0007913588779047132, 0.000686836545355618, 0.0034113784786313772, -0.003613813314586878, -0.005404506344348192, 0.007939241826534271, 0.0019358826102688909, 0.005598781164735556, -0.0017751073464751244, -0.002037804340943694, -0.024702949449419975, 0.027141692116856575, 0.013658290728926659, 0.017872443422675133, 0.005555678158998489, -0.015196120366454124, -0.3786574900150299, 0.5183032751083374, 0.5918548703193665, 0.3466629385948181, -0.3629072308540344, 0.630738377571106, -0.05849391222000122, -0.04115868732333183, -0.12129230052232742, 0.40960296988487244, -0.777059018611908, 0.0011210081866011024, 0.0, -0.38999998569488525, 0.47999998927116394, -0.22206895053386688, -0.6671021580696106, 0.6765443682670593, 0.2189696580171585, 0.2772290110588074, 0.8165012001991272, -0.1883436143398285, -0.4701025187969208, -0.03955444321036339, -0.41062718629837036, 0.544947624206543, 0.12615665793418884, 0.8458842039108276, 0.5090965628623962, 0.09687592089176178, -0.049389589577913284, -0.11603879928588867, -0.18695028126239777, 2.538442850112915, -0.3602922260761261, -0.21605321764945984, 0.0014570666244253516, -0.4527725577354431, 0.521350085735321, 0.022560913115739822, -0.25349873304367065, 0.96498042345047, -0.0635770931839943, -0.07747368514537811, -0.03414136916399002, -0.21281003952026367, -0.3172520697116852, -0.2279692441225052, -0.5921909809112549, 0.014257495291531086, -0.3783530294895172, 0.5590188503265381, 0.00670405151322484, 0.9248112440109253, 0.3803316056728363, 0.005202652886509895, -0.022490916773676872, -0.11106818914413452, -0.08155792951583862, 1.9775500297546387, 0.012183562852442265, -0.35963836312294006, 0.022184176370501518, -0.3535831570625305, 0.564942479133606, -0.17152971029281616, 0.82378751039505, 0.5382817983627319, -0.04694949463009834, -0.04666309431195259, -0.13582517206668854, -0.032934293150901794, 1.862929344177246, 0.27545252442359924, 0.8706566095352173, -0.062339622527360916, -0.36658740043640137, 0.5391913652420044, 0.24602636694908142, -0.5759348273277283, 0.6586328744888306, 0.4171004593372345, -0.039546575397253036, -0.09250825643539429, -0.18002134561538696, 2.2973058223724365, 0.8772491216659546, -1.3361728191375732, 0.001982545480132103, 0.19911034405231476, 0.02503174915909767, 0.002369475783780217, -6.508090882562101e-05, -0.0004148226580582559, -0.0474151074886322, -0.09266798198223114, 0.13465537130832672, -0.0005986608448438346, -0.00035656531690619886, 0.00028132350416854024, -0.010299221612513065, 0.14020322263240814, -0.062006525695323944, -0.0033014582004398108, -0.0001872031862149015, 7.693842053413391e-05, -0.08839355409145355, 0.07611329853534698, 0.011823504231870174, -0.0008961049607023597, 0.00013534196477849036, 0.0009974618442356586, 0.25078558921813965, -0.15970268845558167, -0.09872444719076157, 0.0018267506966367364, 0.0015431084902957082, 0.0015525252092629671, 0.5333698391914368, 0.17949698865413666, 1.0, -0.6605475544929504, 1.0, -0.19726528227329254, -0.974068284034729, -0.2665184438228607, 0.6550661325454712, 0.3910493850708008, -0.07347600162029266, 0.8500451445579529, -0.8243060111999512, 1.0, 0.33312731981277466, 0.9806158542633057, -0.358003705739975, 0.4261220097541809, 1.0, 0.07092425227165222]
[0.4812678396701813, 0.31651797890663147, 0.9929733276367188, -0.48331570625305176, 0.9459155797958374, 1.0000015497207642, -0.29331979155540466, -0.9624605774879456, -0.34691891074180603, -0.44455403089523315, 0.1308300942182541, 0.47319555282592773, 0.4764569103717804, 0.8959739208221436, -0.41086480021476746, -0.8808082342147827, 0.7263875603675842, 0.2252821922302246, 0.22176821529865265, 0.86013263463974, -0.2816450297832489, 0.4744541645050049, 0.9901309013366699, 0.0035650483332574368, 0.04076620191335678, -0.2391134351491928, 0.005638034548610449, -0.325356125831604, 0.11317362636327744, 4.95715721626766e-06, 0.06802265346050262, -0.042368028312921524, 0.15799087285995483, 0.18817342817783356, 0.0296345055103302, -0.08900068700313568, -0.08117545396089554, -0.0984996035695076, 0.10750173777341843, -0.20964574813842773, -0.18461063504219055, -0.049718428403139114, -0.015963485464453697, 0.29920434951782227, -0.12434764951467514, -0.027727607637643814, 0.008087476715445518, 0.1407257616519928, -0.1400211751461029, 0.4185994863510132, -0.002966466126963496, 0.029324810951948166, 0.00255512073636055, -0.0003710856253746897, -0.009497585706412792, 0.029609009623527527, 0.007726605050265789, 0.001344792079180479, 0.0001429553230991587, 0.012144187465310097, 0.006564139388501644, -0.004233906511217356, 0.047461580485105515, -0.0018614378059282899, 0.01351388543844223, -0.0021918679121881723, -0.0017176073743030429, -0.018879955634474754, 0.020186033099889755, 0.009740433655679226, 0.013775365427136421, 0.004385889042168856, -0.016193881630897522, -0.37929657101631165, 0.5163841247558594, 0.615283727645874, 0.32997825741767883, -0.3364175856113434, 0.631952166557312, -0.05986299365758896, -0.0362219475209713, -0.10863489657640457, 0.4147453010082245, -0.875169575214386, -0.026732219383120537, 0.0, -0.38999998569488525, 0.47999998927116394, -0.22206895053386688, -0.6671021580696106, 0.6765443682670593, 0.2189696580171585, 0.2762453854084015, 0.8353906273841858, -0.16402976214885712, -0.4459877610206604, -0.040409233421087265, -0.41264140605926514, 0.5414385795593262, 0.1280985027551651, 0.8351454734802246, 0.5259254574775696, 0.09759695082902908, -0.04377618059515953, -0.094992995262146, -0.16963882744312286, 2.2010819911956787, -0.31109264492988586, -0.20240244269371033, 0.0003506863722577691, -0.4533303678035736, 0.5179232358932495, 0.019857244566082954, -0.2510557174682617, 0.9659410119056702, -0.059452492743730545, -0.06909456849098206, -0.025178076699376106, -0.1903790384531021, -0.3112587630748749, -0.18948259949684143, -0.5301136374473572, 0.013834554702043533, -0.3805348873138428, 0.5573570728302002, 0.009487482719123363, 0.9164940118789673, 0.39988768100738525, 0.006211364641785622, -0.02053975872695446, -0.090613454580307, -0.07167626172304153, 2.5385963916778564, -0.014304189942777157, -0.3462969958782196, 0.02162763848900795, -0.35587286949157715, 0.5640285015106201, -0.17724110186100006, 0.8138704895973206, 0.5510529279708862, -0.050409842282533646, -0.05356952175498009, -0.12232697010040283, -0.02018529176712036, 1.8624485731124878, 0.22787843644618988, 0.980803370475769, -0.06273209303617477, -0.36792659759521484, 0.5368382334709167, 0.251522958278656, -0.5872541069984436, 0.6420914530754089, 0.4237772524356842, -0.042047202587127686, -0.07369980216026306, -0.16206970810890198, 1.945539951324463, 0.7696835398674011, -1.2601100206375122, -0.009185317903757095, 0.16838416457176208, 0.02820577658712864, 0.0021546767093241215, 1.79144881258253e-05, -0.00036685168743133545, -0.05418429151177406, -0.08963926881551743, 0.12162545323371887, 2.031117958267714e-07, -0.0003258346696384251, 0.0003185726236552, -0.016285713762044907, 0.13899359107017517, 0.04628479480743408, -0.002149002393707633, -0.00010982581443386152, 1.7216074411408044e-05, 0.0037686924915760756, 0.12958072125911713, 0.046160485595464706, 0.0002261032786918804, 0.00035739594022743404, -0.00048395927296951413, 0.19462235271930695, -0.11491850018501282, -0.0743817538022995, 0.0013038928154855967, 0.001271931454539299, 0.0013370462693274021, 0.5366219282150269, 0.16387338936328888, 1.0, -0.6654970645904541, 1.0, -0.20793205499649048, -0.9843534231185913, -0.255705863237381, 0.653616189956665, 0.40174341201782227, -0.09753972291946411, 0.865896463394165, -0.8372496366500854, 1.0, 0.3325466215610504, 0.9869922995567322, -0.3740689754486084, 0.4176880121231079, 1.0, 0.08897896111011505]
[0.49072304368019104, 0.2846866846084595, 0.9942606091499329, -0.5143523216247559, 0.957130491733551, 1.000002145767212, -0.2812012732028961, -0.9667457938194275, -0.3301504850387573, -0.4251760244369507, 0.1362820863723755, 0.4620153605937958, 0.4646089971065521, 0.8831045031547546, -0.39319875836372375, -0.9327878952026367, 0.7084569931030273, 0.218953475356102, 0.219401016831398, 0.8819735646247864, -0.2994653582572937, 0.4634401202201843, 0.9913303852081299, 0.020167768001556396, 0.03126586601138115, -0.21146054565906525, 0.0052034915424883366, -0.26625317335128784, 0.0996648520231247, 4.708362666860921e-06, 0.0397309772670269, -0.03861374780535698, 0.15290550887584686, 0.1792813092470169, 0.02391226403415203, -0.08218847960233688, -0.08228613436222076, -0.12145274132490158, 0.11241370439529419, -0.220173642039299, -0.17778657376766205, -0.07605580240488052, -0.02693002298474312, 0.25278976559638977, -0.13117018342018127, -0.0272834450006485, 0.007166329771280289, 0.15963655710220337, -0.24506179988384247, 0.37108007073402405, -0.005236214492470026, 0.027467381209135056, 0.002741987816989422, -0.00023978165700100362, -0.018898693844676018, 0.027382085099816322, 0.007472764700651169, 0.0017330528935417533, -0.000484040763694793, 0.020585689693689346, 0.004389364738017321, -4.9879890866577625e-05, 0.042381368577480316, -0.0016132297459989786, 0.014152913354337215, -0.0006158469477668405, -0.0010093299206346273, -0.016021333634853363, 0.01708337664604187, 0.007738771382719278, 0.011397386901080608, 0.004005702678114176, -0.017188694328069687, -0.3798668384552002, 0.5146461129188538, 0.6397775411605835, 0.3095569312572479, -0.3075808584690094, 0.6326555609703064, -0.05897342786192894, -0.032805878669023514, -0.09802114218473434, 0.42995721101760864, -0.986577033996582, -0.06130094453692436, 0.0, -0.38999998569488525, 0.47999998927116394, -0.22206895053386688, -0.6671021580696106, 0.6765443682670593, 0.2189696580171585, 0.2763438820838928, 0.8543631434440613, -0.13731643557548523, -0.41814059019088745, -0.041120633482933044, -0.41426482796669006, 0.5383026599884033, 0.12978185713291168, 0.8257604241371155, 0.5400418639183044, 0.09813879430294037, -0.034335169941186905, -0.07654879987239838, -0.1514742523431778, 1.845855712890625, -0.24766284227371216, -0.1644630879163742, -0.0005194277036935091, -0.4537365138530731, 0.5148853063583374, 0.017734592780470848, -0.24816250801086426, 0.9669138193130493, -0.05637810379266739, -0.04895348101854324, -0.01521447952836752, -0.16698752343654633, -0.4003709852695465, -0.16342835128307343, -0.3454866409301758, 0.013468114659190178, -0.382516473531723, 0.5558173656463623, 0.011732147075235844, 0.9068013429641724, 0.42133447527885437, 0.0071384599432349205, -0.016158942133188248, -0.0793062075972557, -0.06151820719242096, 2.4863479137420654, -0.02602331154048443, -0.27129751443862915, 0.021113663911819458, -0.35795220732688904, 0.563267707824707, -0.18348485231399536, 0.803539514541626, 0.5636177659034729, -0.05470367893576622, -0.05153508484363556, -0.1111726388335228, -0.01175499614328146, 1.8281699419021606, 0.2671884596347809, 1.0993309020996094, -0.06318362802267075, -0.3690115213394165, 0.5346765518188477, 0.25500231981277466, -0.5967439413070679, 0.6274628639221191, 0.43030309677124023, -0.045945148915052414, -0.05806713178753853, -0.14584845304489136, 1.5733284950256348, 0.6298285126686096, -1.263827919960022, -0.0296751968562603, 0.15521332621574402, 0.03175852447748184, 0.0020884182304143906, 0.00015079230070114136, -0.000382790167350322, -0.10521911829710007, -0.08661665767431259, 0.117174431681633, 0.00043380309944041073, -0.0005574552924372256, 0.0007333601242862642, -0.0313839390873909, 0.11228754371404648, 0.052149176597595215, 0.0016344331670552492, -4.52811254945118e-05, -3.991377161582932e-05, -0.010529089719057083, 0.10763177275657654, 0.056187860667705536, 0.000605147099122405, 0.00034676617360673845, -0.00048613789840601385, 0.16635777056217194, -0.0950007513165474, -0.05913987755775452, 0.0010324340546503663, 0.0013439785689115524, 0.0013724621385335922, 0.5207110643386841, 0.15211860835552216, 1.0, -0.6606753468513489, 1.0, -0.24448904395103455, -0.985935628414154, -0.24096453189849854, 0.6458864808082581, 0.445776104927063, -0.15901316702365875, 0.8654468059539795, -0.8567148447036743, 1.0, 0.3287436366081238, 0.9880772829055786, -0.4002477526664734, 0.40485572814941406, 1.0, 0.11961369961500168]
[0.4983503520488739, 0.25654417276382446, 0.9953431487083435, -0.5402666926383972, 0.9670352339744568, 1.0000026226043701, -0.2726789116859436, -0.9711958169937134, -0.3149298429489136, -0.40678870677948, 0.14294956624507904, 0.450930655002594, 0.4533095359802246, 0.8698406219482422, -0.37565600872039795, -0.9836759567260742, 0.6905586123466492, 0.2103099226951599, 0.2160557210445404, 0.900818943977356, -0.3164461851119995, 0.4532882869243622, 0.9924249649047852, 0.03704244643449783, 0.026191625744104385, -0.18700547516345978, 0.00417655473574996, -0.2252325564622879, 0.0881102979183197, 4.096463271707762e-06, 0.0325106605887413, -0.04304790496826172, 0.13365976512432098, 0.16577576100826263, 0.03834634646773338, -0.07519268244504929, -0.09040404856204987, -0.12312101572751999, 0.11177439987659454, -0.20379185676574707, -0.17778380215168, -0.09047802537679672, -0.034152958542108536, 0.22090183198451996, -0.1176830530166626, -0.023962555453181267, 0.006554347928613424, 0.15361212193965912, -0.14624479413032532, 0.31706297397613525, -0.0031627705320715904, 0.021929439157247543, 0.0018316135974600911, -0.0003211047442164272, -0.00858522392809391, 0.021532390266656876, 0.00449711736291647, 0.00029755005380138755, 0.0027280449867248535, 0.02471052296459675, 0.0037258509546518326, -0.0006704586558043957, 0.045565247535705566, 0.001893707667477429, 0.015581801533699036, 0.0015017493860796094, -5.043984856456518e-05, -0.01323855109512806, 0.020272398367524147, 0.010228226892650127, 0.00975457951426506, 0.002756540197879076, -0.01816238835453987, -0.38039013743400574, 0.5130730867385864, 0.6648988127708435, 0.2861400246620178, -0.2770237922668457, 0.6318948864936829, -0.05783718079328537, -0.030288731679320335, -0.08880815654993057, 0.4545563757419586, -1.0290573835372925, -0.0974457785487175, 0.0, -0.38999998569488525, 0.47999998927116394, -0.22206895053386688, -0.6671021580696106, 0.6765443682670593, 0.2189696580171585, 0.27713367342948914, 0.8725095391273499, -0.1081521213054657, -0.38759109377861023, -0.041700877249240875, -0.4155808091163635, 0.5355154871940613, 0.1312059909105301, 0.8176019191741943, 0.5519135594367981, 0.09850610792636871, -0.028825649991631508, -0.06272146850824356, -0.13528147339820862, 1.583532691001892, -0.2062891572713852, -0.14093829691410065, -0.001194824930280447, -0.4540417492389679, 0.5121661424636841, 0.016051016747951508, -0.24521273374557495, 0.9678256511688232, -0.054097216576337814, -0.04073379933834076, -0.011679674498736858, -0.1511509120464325, -0.3388146162033081, -0.13500560820102692, -0.28765669465065, 0.013157451525330544, -0.384314626455307, 0.5544190406799316, 0.01385875791311264, 0.8971287608146667, 0.4414765238761902, 0.008145264349877834, -0.013075546361505985, -0.07084433734416962, -0.05234258621931076, 2.377913236618042, -0.03922022879123688, -0.3190549314022064, 0.020687157288193703, -0.35987192392349243, 0.56264328956604, -0.18965937197208405, 0.7928537726402283, 0.5760864019393921, -0.05946844443678856, -0.046274472028017044, -0.10314815491437912, -0.004392231814563274, 1.8094003200531006, 0.295654296875, 1.0604770183563232, -0.06362932175397873, -0.3698973059654236, 0.5327236652374268, 0.2573109567165375, -0.6045941710472107, 0.6145706176757812, 0.4365316331386566, -0.04196466878056526, -0.04660028591752052, -0.12857194244861603, 1.3220571279525757, 0.5864537358283997, -1.141920804977417, -0.015301252715289593, 0.12724292278289795, 0.021178750321269035, 0.001587538979947567, 7.881619239924476e-05, -0.00029777083545923233, -0.04886714741587639, -0.047832585871219635, 0.0906253531575203, -0.00041993873310275376, -0.0002414549671811983, 0.00027364116976968944, -0.02496623992919922, 0.12683868408203125, 0.06165577098727226, 0.0012321213725954294, -0.0005986246396787465, 0.0003765363653656095, -0.00630553113296628, 0.08991625159978867, 0.07464795559644699, 0.0012983037158846855, -0.0004973608301952481, -0.0004994365153834224, 0.13215264678001404, -0.12845014035701752, -0.047973014414310455, 0.0012489763321354985, 0.0006420974968932569, 0.0009390460909344256, 0.5293022394180298, 0.14026598632335663, 1.0, -0.6658709645271301, 1.0, -0.23418332636356354, -0.995530366897583, -0.23990896344184875, 0.6533453464508057, 0.4367474317550659, -0.15577484667301178, 0.8724794983863831, -0.8495539426803589, 1.0, 0.31436821818351746, 0.9948635697364807, -0.4010496139526367, 0.40595149993896484, 1.0, 0.12846961617469788]
[0.5047078728675842, 0.23202505707740784, 0.996220052242279, -0.5621395111083984, 0.975791335105896, 1.0000029802322388, -0.2654045820236206, -0.9758243560791016, -0.3018985688686371, -0.3904857039451599, 0.15195025503635406, 0.440629780292511, 0.4424814283847809, 0.8572736382484436, -0.3607623875141144, -1.0000017881393433, 0.6718295216560364, 0.20044833421707153, 0.21216166019439697, 0.9170301556587219, -0.3312712013721466, 0.4446357488632202, 0.9933865070343018, 0.05269217491149902, 0.021717051044106483, -0.16073507070541382, 0.0034066536463797092, -0.18980278074741364, 0.07787549495697021, 3.4648460314201657e-06, 0.028526006266474724, -0.04307029768824577, 0.11300256103277206, 0.14214883744716644, 0.04101185128092766, -0.08454390615224838, -0.06273791193962097, -0.09976710379123688, 0.08830559253692627, -2.354068556087441e-06, -0.18710583448410034, -0.10526598989963531, -0.03890790417790413, 0.18818852305412292, -0.10090386122465134, -0.019965989515185356, 0.0056447433307766914, 0.13958944380283356, -0.1219501942396164, 0.32517316937446594, -0.0024828724563121796, 0.020837336778640747, 0.0015079457079991698, -0.00038803787901997566, -0.006590182427316904, 0.023281695321202278, 0.005214361008256674, 0.00024034816306084394, 0.0007908489787951112, 0.007583266124129295, 0.0030538972932845354, 0.0018346618162468076, 0.032942142337560654, -0.0008773517329245806, 0.013817455619573593, 0.0006763729033991694, -0.0003794488147832453, -0.013659377582371235, 0.020016709342598915, 0.010371236130595207, 0.010046044364571571, 0.002627340145409107, -0.019116781651973724, -0.380876749753952, 0.5116614699363708, 0.690125584602356, 0.26036378741264343, -0.24560432136058807, 0.6289799809455872, -0.05677337199449539, -0.02851410023868084, -0.07894057780504227, 0.4812873303890228, -1.0566147565841675, -0.13866043090820312, 0.0, -0.38999998569488525, 0.47999998927116394, -0.22206895053386688, -0.6671021580696106, 0.6765443682670593, 0.2189696580171585, 0.27848899364471436, 0.8889651298522949, -0.07674718648195267, -0.3553793728351593, -0.04218548908829689, -0.4166465997695923, 0.5330685377120972, 0.13241823017597198, 0.810540497303009, 0.5619012713432312, 0.09877380728721619, -0.023979587480425835, -0.05058247968554497, -0.11772583425045013, 1.3326270580291748, -0.17032720148563385, -0.11948270350694656, -0.0017621153965592384, -0.45427900552749634, 0.50975102186203, 0.014663878828287125, -0.24290131032466888, 0.9685373902320862, -0.052144717425107956, -0.034291692078113556, -0.009064246900379658, -0.13258673250675201, -0.2505747973918915, -0.10637759417295456, -0.24799945950508118, 0.012883475050330162, -0.3859099745750427, 0.5531724691390991, 0.016126126050949097, 0.8878479599952698, 0.4597592353820801, 0.009340220130980015, -0.01094789244234562, -0.06578849256038666, -0.04750408977270126, 2.0380659103393555, -0.04070177301764488, -0.3114098906517029, 0.020450472831726074, -0.3616897165775299, 0.562147855758667, -0.19169756770133972, 0.7822221517562866, 0.589668869972229, -0.06058913841843605, -0.018380966037511826, -0.09494107216596603, 0.007150696590542793, 2.079521656036377, 0.2616426944732666, 0.12237881124019623, -0.0640256479382515, -0.3706153333187103, 0.5310131907463074, 0.25915706157684326, -0.6109342575073242, 0.6033936142921448, 0.4421684145927429, -0.03645789623260498, -0.03666595742106438, -0.10986486077308655, 1.089402437210083, 0.5324168801307678, -0.98614901304245, -0.011100459843873978, 0.12377062439918518, 0.01730300299823284, 0.0014685215428471565, 5.1971910579595715e-05, -0.0002889197785407305, -0.03787131980061531, -0.05113939940929413, 0.09859311580657959, -0.0005267427768558264, -0.00018802080012392253, 0.0001921323564602062, -0.016696637496352196, 0.0399748831987381, 0.019201725721359253, 0.0024342851247638464, -0.00023248516663443297, 0.00010539092181716114, -0.011574212461709976, 0.07953856140375137, 0.06160395219922066, 0.0008136295364238322, 0.00027601662441156805, -0.00018814532086253166, 0.13233163952827454, -0.13134123384952545, -0.04784318804740906, 0.0012716315686702728, 0.0005100338021293283, 0.0009095354471355677, 0.5305739641189575, 0.13664859533309937, 1.0, -0.6676179766654968, 1.0, -0.23049820959568024, -0.9991569519042969, -0.23903805017471313, 0.6559557914733887, 0.43567806482315063, -0.15900123119354248, 0.875410795211792, -0.8454598188400269, 1.0, 0.30631309747695923, 0.9963020086288452, -0.4019242227077484, 0.4071544110774994, 1.0, 0.13433335721492767]
[0.5095686912536621, 0.2116241753101349, 0.9969720244407654, -0.5797598361968994, 0.9835213422775269, 1.0000033378601074, -0.2598932683467865, -0.9792631268501282, -0.29120969772338867, -0.3768727779388428, 0.16190990805625916, 0.4307972490787506, 0.4360986351966858, 0.8489468693733215, -0.346905916929245, -1.0000019073486328, 0.6534633636474609, 0.1894225776195526, 0.20770947635173798, 0.9300194382667542, -0.34384891390800476, 0.43738746643066406, 0.9941825270652771, 0.06594884395599365, 0.015533670783042908, -0.12855154275894165, 0.0029315778519958258, -0.14852701127529144, 0.06873661279678345, 3.2116586226038635e-06, 0.019359445199370384, -0.02618384175002575, 0.09098286926746368, 0.11604674160480499, 0.04555831849575043, -0.08495386689901352, -0.057919085025787354, -0.0686347559094429, 0.05943068861961365, -4.2752259332701215e-07, -0.16193337738513947, -0.0996309444308281, -0.04262690991163254, 0.1449306756258011, -0.0850055143237114, -0.016761422157287598, 0.004507747478783131, 0.1133221909403801, -0.16304999589920044, 0.38417860865592957, -0.0032524021808058023, 0.023480713367462158, 0.00167508190497756, -0.000445132318418473, -0.009713318198919296, 0.03146974369883537, 0.00824875757098198, 0.0011464566923677921, 0.0006013284437358379, 0.01999431848526001, 0.0037353180814534426, 0.0010648543247953057, 0.028292136266827583, -0.0010914962040260434, 0.018161868676543236, 0.004951173905283213, 0.0013030655682086945, -0.015942759811878204, 0.021132994443178177, 0.010844098404049873, 0.011572714895009995, 0.0028379657305777073, -0.020046014338731766, -0.3813317120075226, 0.5104355812072754, 0.715347409248352, 0.23189300298690796, -0.21334975957870483, 0.6236870288848877, -0.05518314987421036, -0.026909805834293365, -0.06648052483797073, 0.510760486125946, -1.0962669849395752, -0.18660788238048553, 0.0, -0.38999998569488525, 0.47999998927116394, -0.22206895053386688, -0.6671021580696106, 0.6765443682670593, 0.2189696580171585, 0.2805810868740082, 0.9034264087677002, -0.042955461889505386, -0.32132479548454285, -0.042559850960969925, -0.41747087240219116, 0.5310215353965759, 0.13340510427951813, 0.8048067688941956, 0.5698276162147522, 0.09892158210277557, -0.01749771274626255, -0.037890296429395676, -0.09552645683288574, 1.0195958614349365, -0.12198527902364731, -0.08963204175233841, -0.0021961303427815437, -0.45444244146347046, 0.5077582001686096, 0.013576839119195938, -0.2408553510904312, 0.9691429734230042, -0.050658419728279114, -0.024421490728855133, -0.0042288703843951225, -0.1029803603887558, -0.25656619668006897, -0.08727601170539856, -0.17279396951198578, 0.012661091051995754, -0.387245237827301, 0.5520691871643066, 0.018322693184018135, 0.8804816007614136, 0.4736090898513794, 0.010530802421271801, -0.007668185513466597, -0.057978030294179916, -0.03780892491340637, 1.6993523836135864, -0.040785856544971466, -0.3042008876800537, 0.020305564627051353, -0.3633301258087158, 0.5617950558662415, -0.1919126808643341, 0.7718557715415955, 0.6031482815742493, -0.06016778200864792, -0.010043014772236347, -0.08328249305486679, 0.008845380507409573, 1.874489426612854, 0.323487788438797, 0.1387024223804474, -0.06436807662248611, -0.3711702227592468, 0.5295848846435547, 0.2605302035808563, -0.6159573197364807, 0.594181478023529, 0.44684332609176636, -0.03061511553823948, -0.026731640100479126, -0.0881626158952713, 0.8505785465240479, 0.4153403043746948, -0.7985901236534119, -0.017322061583399773, 0.14111445844173431, 0.01912674307823181, 0.0016715845558792353, 8.428868022747338e-05, -0.00034717199741862714, -0.055114686489105225, -0.08235421776771545, 0.13495495915412903, -8.885650458978489e-05, -0.00026410489226691425, 0.00031294196378439665, -0.022395920008420944, 0.09764283150434494, 0.05191435664892197, 0.0025294965598732233, -0.00022849913511890918, 8.452242764178663e-05, -0.03383364900946617, 0.04735899716615677, 0.10165524482727051, 0.0020134502556174994, 0.00035816276795230806, 5.059224713477306e-05, 0.14815890789031982, -0.13988763093948364, -0.05335472896695137, 0.0013288274640217423, 0.0004674227675423026, 0.001092662918381393, 0.5209096670150757, 0.1459871381521225, 1.0, -0.6590490937232971, 1.0, -0.24023430049419403, -0.9881798028945923, -0.24090084433555603, 0.652248203754425, 0.44758009910583496, -0.16612359881401062, 0.8621129989624023, -0.8465151786804199, 1.0, 0.30575138330459595, 0.9882328510284424, -0.4021275043487549, 0.4069827198982239, 1.0, 0.12980949878692627]
[0.5136869549751282, 0.19465674459934235, 0.9975584149360657, -0.5945613980293274, 0.9903653860092163, 1.000003695487976, -0.2547703683376312, -0.9823587536811829, -0.28257960081100464, -0.3658785820007324, 0.1755506992340088, 0.42206212878227234, 0.42907747626304626, 0.8400192856788635, -0.33715561032295227, -1.000002145767212, 0.6379452347755432, 0.18021926283836365, 0.20353366434574127, 0.9409312009811401, -0.3538857102394104, 0.4314768314361572, 0.9949365854263306, 0.07662221044301987, 0.018198244273662567, -0.11190606653690338, 0.00452868128195405, -0.1391330361366272, 0.0610697865486145, 2.855740603990853e-06, 0.021171381697058678, -0.030379606410861015, 0.07343947142362595, 0.0931965634226799, 0.059428226202726364, -0.08323898911476135, -0.04327281937003136, -0.06834539771080017, 0.040047939866781235, 8.853698432176316e-07, -0.1409221589565277, -0.08502023667097092, -0.03818674013018608, 0.12904328107833862, -0.06461501866579056, -0.013028617016971111, 0.004408538341522217, 0.09067101031541824, 0.17169272899627686, 0.198900043964386, 0.005018776282668114, 0.0074487607926130295, -0.0008125246968120337, -0.0006240754155442119, 0.006581577006727457, 0.0132627934217453, 0.002491372637450695, -0.0003761246334761381, 0.0009656371548771858, -0.007462352979928255, -0.002257094718515873, 0.0012074626283720136, -0.02823041006922722, 0.0014089943142607808, -0.006445582024753094, -2.713467983994633e-05, 0.00033372428151778877, -0.010568128898739815, 0.00856125820428133, 0.005366781260818243, 0.008147531189024448, 0.0017486884025856853, -0.020861774682998657, -0.38176479935646057, 0.5094461441040039, 0.7368097901344299, 0.21128882467746735, -0.1901429146528244, 0.6134443879127502, -0.009392015635967255, -0.029300585389137268, -0.032956890761852264, 0.4570467472076416, 1.9522745609283447, 0.25805172324180603, 0.0, -0.38999998569488525, 0.47999998927116394, -0.22206895053386688, -0.6671021580696106, 0.6765443682670593, 0.2189696580171585, 0.28146445751190186, 0.9117555618286133, -0.012051191180944443, -0.29888826608657837, -0.042874112725257874, -0.4181225895881653, 0.5292977690696716, 0.13423429429531097, 0.8000370860099792, 0.5762917995452881, 0.09904228150844574, -0.019405724480748177, -0.03223099559545517, -0.08490065485239029, 0.9280734062194824, -0.12143106758594513, -0.1121508851647377, -0.002574210986495018, -0.45456501841545105, 0.5060831904411316, 0.012682944536209106, -0.23946593701839447, 0.969569206237793, -0.04930243268609047, -0.027383361011743546, -0.005209208000451326, -0.09353679418563843, -0.11826778203248978, -0.06304509937763214, -0.19623064994812012, 0.012456359341740608, -0.38839900493621826, 0.5511497259140015, 0.02093980647623539, 0.8733512759208679, 0.48649126291275024, 0.01204932201653719, -0.008961996994912624, -0.05263347551226616, -0.0336187370121479, 1.5326718091964722, -0.04314239323139191, -0.38747113943099976, 0.02022484317421913, -0.36473947763442993, 0.5614619851112366, -0.1919148713350296, 0.7627424001693726, 0.6146443486213684, -0.06004216894507408, -0.007828819565474987, -0.0758722722530365, 0.0057113515213131905, 1.660938024520874, 0.32555243372917175, 0.10145164281129837, -0.06464453786611557, -0.3716086149215698, 0.5284015536308289, 0.2619142532348633, -0.6199550032615662, 0.5864631533622742, 0.4506857097148895, -0.025883130729198456, -0.02137976512312889, -0.07540818303823471, 0.7573980689048767, 0.40050438046455383, -0.651253879070282, 0.03846006840467453, 0.05606742203235626, -0.010129027999937534, 0.0002169358922401443, -0.000357374781742692, -4.201057163299993e-05, 0.03653440997004509, -0.022722499445080757, 0.05265643820166588, -0.0007169621530920267, 3.569679392967373e-05, -0.0001557505747769028, 0.02603871002793312, -0.012588094919919968, -0.05000494047999382, 0.001018641167320311, -0.00010521365038584918, 3.74614646716509e-05, -0.06974340230226517, -0.03757038712501526, -0.03176478296518326, -0.00022983155213296413, -5.955724191153422e-05, 0.001366645796224475, 0.10245050489902496, -0.06153234839439392, -0.03978777304291725, 0.000802832015324384, 0.00010948012641165406, 0.0004242414725013077, 0.5347251892089844, 0.13593916594982147, 1.0, -0.6670544743537903, 1.0, -0.22393301129341125, -1.0, -0.24256393313407898, 0.6597110033035278, 0.42468565702438354, -0.14187182486057281, 0.8687076568603516, -0.8372528553009033, 1.0, 0.3025335967540741, 0.9962337017059326, -0.3972388803958893, 0.4075828790664673, 1.0, 0.12731996178627014]
[0.5179083943367004, 0.18092826008796692, 0.9982548952102661, -0.6074403524398804, 0.996414303779602, 1.0000039339065552, -0.2486976832151413, -0.9855986833572388, -0.2764504551887512, -0.35737118124961853, 0.19209270179271698, 0.41389474272727966, 0.4239348769187927, 0.8326356410980225, -0.33115050196647644, -1.0000016689300537, 0.6249611973762512, 0.17245319485664368, 0.19977504014968872, 0.9497672319412231, -0.3604361116886139, 0.42726200819015503, 0.9955720901489258, 0.08435556292533875, 0.010139099322259426, -0.08556898683309555, 0.003047178965061903, -0.10810395330190659, 0.0536920502781868, 2.605822601253749e-06, 0.024128489196300507, -0.03867686912417412, 0.047951169312000275, 0.06767543405294418, 0.08006802201271057, -0.03856733813881874, -0.043491315096616745, -0.07089132815599442, 0.0566059909760952, -4.0153258851205464e-06, -0.11406197398900986, -0.06644057482481003, -0.031758613884449005, 0.09774664044380188, -0.03807780519127846, -0.008978466503322124, 0.003925731871277094, 0.06139754131436348, -0.316592276096344, 0.2694045901298523, -0.006600251421332359, 0.016908207908272743, 0.0012440306600183249, -0.00034888676600530744, -0.015119322575628757, 0.009793367236852646, 2.6270427042618394e-05, -0.0015650660498067737, 0.0007600666722282767, 0.029211733490228653, 0.004087002482265234, -0.0010748603381216526, 0.03431270271539688, -0.0021687690168619156, 0.024317653849720955, 0.008959650993347168, 0.0030370033346116543, -0.009217815473675728, 0.026210667565464973, 0.013403346762061119, 0.006417775992304087, 0.0012738017830997705, -0.020637303590774536, -0.38207265734672546, 0.5085091590881348, 0.7422654032707214, 0.2300235480070114, -0.20243848860263824, 0.595944344997406, -0.019375037401914597, -0.018281739205121994, -0.05660092458128929, 0.26736459136009216, -0.16824783384799957, -0.12768898904323578, 0.0, -0.38999998569488525, 0.47999998927116394, -0.22206895053386688, -0.6671021580696106, 0.6765443682670593, 0.2189696580171585, 0.27430033683776855, 0.9051440954208374, -0.0034249322488904, -0.3247482478618622, -0.04318228363990784, -0.418632835149765, 0.5278656482696533, 0.1350274533033371, 0.7960249185562134, 0.5815988779067993, 0.09927044808864594, -0.011881857179105282, -0.024097509682178497, -0.06631405651569366, 0.6845590472221375, -0.08512470871210098, -0.06574881076812744, -0.0029783411882817745, -0.45467162132263184, 0.5046752095222473, 0.011897132731974125, -0.23909892141819, 0.9697485566139221, -0.04772612452507019, -0.019588544964790344, -0.007077110465615988, -0.07845316082239151, 0.044897936284542084, -0.03284984454512596, -0.17131006717681885, 0.012236206792294979, -0.3893732726573944, 0.5503796935081482, 0.023991918191313744, 0.8672716021537781, 0.49706366658210754, 0.013860277831554413, -0.003127902979031205, -0.033408597111701965, -0.024770228192210197, 1.1914126873016357, -0.03877825662493706, -0.4508994519710541, 0.020178813487291336, -0.36594194173812866, 0.5611661076545715, -0.19161634147167206, 0.7548462748527527, 0.6243999600410461, -0.06012427434325218, -0.010951297357678413, -0.05537378787994385, 0.0056516192853450775, 1.2445796728134155, 0.15714004635810852, 0.10881303995847702, -0.06484874337911606, -0.3719432055950165, 0.5274748206138611, 0.2634972929954529, -0.622950553894043, 0.5803062915802002, 0.4535927176475525, -0.01327791903167963, -0.017758730798959732, -0.05566985532641411, 0.5816086530685425, 0.32662710547447205, -0.4065696597099304, -0.046911098062992096, 0.1013958752155304, 0.016307806596159935, 0.0011720515321940184, 0.00023987601161934435, -0.00029892701422795653, -0.08552172034978867, 0.0121048828586936, 0.049991924315690994, -0.001383492723107338, -0.0002856701612472534, 0.0004257293476257473, -0.04677038639783859, 0.13813622295856476, 0.0880565494298935, 0.0009971829131245613, -0.00035747242509387434, 0.00016388078802265227, -0.015614382922649384, 0.020795894786715508, 0.14960141479969025, 0.0033489414490759373, 0.00047252298099920154, -0.0004868656978942454, 0.07550680637359619, -0.1797274649143219, -0.023797761648893356, 0.001418653642758727, 6.569216202478856e-05, 0.0007698222761973739, 0.525622546672821, 0.14794979989528656, 1.0, -0.6648975014686584, 1.0, -0.20894065499305725, -0.9970690011978149, -0.2527466416358948, 0.6611997485160828, 0.4109126329421997, -0.11378651857376099, 0.8475739359855652, -0.813289999961853, 1.0, 0.2965463697910309, 0.9890410900115967, -0.37899407744407654, 0.41657155752182007, 1.0, 0.11636938154697418]
[0.5204456448554993, 0.1697019785642624, 0.9994396567344666, -0.6176032423973083, 1.0000221729278564, 1.0000042915344238, -0.24456985294818878, -0.9896121025085449, -0.2714650630950928, -0.3512616753578186, 0.20998553931713104, 0.4085622727870941, 0.4197542667388916, 0.827605128288269, -0.3229406774044037, -1.0000019073486328, 0.6137902736663818, 0.16536840796470642, 0.196489617228508, 0.9567027688026428, -0.36543384194374084, 0.42400479316711426, 0.9961681365966797, 0.0906701609492302, 0.007794504053890705, -0.06877210736274719, 0.00363509776070714, -0.08433403819799423, 3.851222572848201e-06, -1.1682982403726783e-07, 0.016308827325701714, -0.030797502025961876, 0.044392045587301254, 0.051669128239154816, 0.07131010293960571, -0.05143086984753609, -0.0310190599411726, -0.034634243696928024, 0.031795233488082886, -7.541586910519982e-08, -0.10094895213842392, -0.06650643795728683, -0.03071351908147335, 0.079072006046772, -0.03537649288773537, -0.007778243161737919, 0.0032804415095597506, 0.056548383086919785, -0.10952059924602509, 0.22399139404296875, -0.002912003779783845, 0.014304932206869125, -0.007419288624078035, -0.0037453668192029, -0.0040097287856042385, 0.02210390754044056, 0.006983047351241112, 0.0016029048711061478, -0.0014536238741129637, 0.00943131186068058, 0.0031552568543702364, 0.0016560499789193273, 0.016764961183071136, -0.0009348449530079961, 0.009282780811190605, 0.001775099546648562, 0.00036453569191507995, -0.008152379654347897, 0.009456601925194263, 0.004704815335571766, 0.006124196108430624, 0.0017283586785197258, -0.02065974473953247, -0.3822561204433441, 0.5078494548797607, 0.7452175617218018, 0.2322893589735031, -0.20522812008857727, 0.590401291847229, -0.000747768091969192, -0.006082753650844097, -0.03351040557026863, 0.1252238154411316, 0.18421509861946106, -0.012010324746370316, 0.0, -0.38999998569488525, 0.47999998927116394, -0.22206895053386688, -0.6671021580696106, 0.6765443682670593, 0.2189696580171585, 0.27404385805130005, 0.9033201932907104, 0.0011805568356066942, -0.3300164043903351, -0.04339960590004921, -0.41905921697616577, 0.5267059803009033, 0.13560570776462555, 0.7924984693527222, 0.5862240195274353, 0.09949198365211487, -0.01064268872141838, -0.022376801818609238, -0.048575084656476974, 0.741663932800293, -0.13595077395439148, -0.05749613419175148, -0.0032312709372490644, -0.4547629654407501, 0.5034521222114563, 0.011377156712114811, -0.23964723944664001, 0.9696692824363708, -0.046702731400728226, -0.014334571547806263, -0.004407086875289679, -0.0622650608420372, 0.019025104120373726, -0.027329612523317337, -0.1206241250038147, 0.01208506990224123, -0.3900976777076721, 0.5497438907623291, 0.027022017166018486, 0.8626522421836853, 0.5048325061798096, 0.015651432797312737, -0.0025633054319769144, -0.03294287621974945, -0.02135501801967621, 0.928074300289154, -0.031985506415367126, -0.3957167863845825, 0.020106811076402664, -0.3669050931930542, 0.5609517693519592, -0.19176757335662842, 0.7481598258018494, 0.6323568224906921, -0.06005612388253212, -0.004043076187372208, -0.05099868401885033, 0.007248714100569487, 1.1653313636779785, 0.23169802129268646, 0.11188031733036041, -0.06497802585363388, -0.37222203612327576, 0.5267276763916016, 0.26485785841941833, -0.6252046823501587, 0.5754845142364502, 0.4558364748954773, -0.012460272759199142, -0.013355462811887264, -0.04532983526587486, 0.4473060071468353, 0.26500651240348816, -0.36286860704421997, -0.015203198418021202, 0.12803740799427032, -0.058598894625902176, -0.0018248057458549738, 0.0001621241244720295, -0.0002335273165954277, -0.02348804473876953, -0.07045145332813263, 0.09775376319885254, 0.0005461330874823034, -7.865527732064947e-05, 5.529531335923821e-05, -0.011682206764817238, 0.03576316311955452, 0.0354340597987175, 0.0021924972534179688, 0.00020023675460834056, -0.00015618161705788225, -0.02124916948378086, 0.034286461770534515, 0.05014617741107941, 0.0008788325940258801, 0.000227854834520258, 2.3474072804674506e-05, 0.08261781185865402, -0.062142446637153625, -0.02688801847398281, 0.000554329832084477, 0.00040647340938448906, 0.0005781889194622636, 0.524851381778717, 0.14353224635124207, 1.0, -0.6631990671157837, 1.0, -0.2219827026128769, -1.0, -0.24531206488609314, 0.6603420972824097, 0.4234955906867981, -0.13565778732299805, 0.8517047762870789, -0.822056770324707, 1.0, 0.29643377661705017, 0.9891735315322876, -0.3904728889465332, 0.40947192907333374, 1.0, 0.12396377325057983]
[0.5221254229545593, 0.16087950766086578, 1.0000001192092896, -0.6258190870285034, 1.0000221729278564, 1.0000042915344238, -0.24052467942237854, -0.9924440383911133, -0.26727959513664246, -0.3461555540561676, 0.22763824462890625, 0.40335044264793396, 0.41545727849006653, 0.822289228439331, -0.31800732016563416, -1.0000019073486328, 0.6044248938560486, 0.15994615852832794, 0.19357487559318542, 0.9623018503189087, -0.3693426251411438, 0.42124590277671814, 0.9966983199119568, 0.09553983807563782, 0.00520494906231761, -0.05324583873152733, -1.626568405299622e-06, -0.07197415828704834, 5.994789376018161e-08, -2.7478884945253412e-08, 0.017172284424304962, -0.023584935814142227, 0.03530510887503624, 0.04471820592880249, 0.07101248949766159, -0.05144587159156799, -0.023916561156511307, -0.038960590958595276, 0.01860783062875271, 1.500165012657817e-06, -0.08550669997930527, -0.047840844839811325, -0.025861764326691628, 0.06387794017791748, -0.02431136928498745, -0.006265645381063223, 0.0029437558259814978, 0.03880328685045242, -0.0469205304980278, 0.22004485130310059, -0.0020251343958079815, 0.011431703343987465, 0.0007682694704271853, -0.00022274187358561903, -0.0021018614061176777, 0.01763257198035717, 0.004870758857578039, 0.000991189619526267, -0.0019206397701054811, -0.0067894477397203445, -0.003362244926393032, 0.000292871001875028, -0.025347795337438583, -0.0002460941905155778, -0.006573190912604332, -0.00021888266201131046, 0.00033543299650773406, -0.00790645182132721, 0.010524436831474304, 0.005533374845981598, 0.006128770764917135, 0.0013978035422042012, -0.020697003230452538, -0.38236668705940247, 0.507353663444519, 0.7474789023399353, 0.23360984027385712, -0.2065494805574417, 0.5865483283996582, -0.0036267167888581753, -0.0030444322619587183, -0.023907504975795746, 0.07247137278318405, 0.018444087356328964, -0.021212751045823097, 0.0, -0.38999998569488525, 0.47999998927116394, -0.22206895053386688, -0.6671021580696106, 0.6765443682670593, 0.2189696580171585, 0.27367153763771057, 0.902275562286377, 0.004713243339210749, -0.3331371247768402, -0.043569840490818024, -0.41944798827171326, 0.5257998704910278, 0.13584773242473602, 0.7890123724937439, 0.5908058881759644, 0.09976520389318466, -0.007717283442616463, -0.018367934972047806, -0.03858228400349617, 0.6056258678436279, -0.1168447807431221, -0.027166469022631645, -0.003429471282288432, -0.45482373237609863, 0.5025116801261902, 0.010937400162220001, -0.23973803222179413, 0.9696943759918213, -0.045811984688043594, -0.011932051740586758, -0.0028157171327620745, -0.047832369804382324, -0.014736003242433071, -0.023014679551124573, -0.11210359632968903, 0.01196502149105072, -0.3907264769077301, 0.549245297908783, 0.0298708975315094, 0.8582665324211121, 0.5120383501052856, 0.017402293160557747, -0.0011768210679292679, -0.028168654069304466, -0.01551060937345028, 0.8364290595054626, -0.033506471663713455, -0.38148242235183716, 0.02010519988834858, -0.36771050095558167, 0.5607654452323914, -0.19176480174064636, 0.742520272731781, 0.6389525532722473, -0.06024466082453728, -0.0004241591377649456, -0.04269500821828842, 0.005492061376571655, 0.9455257058143616, 0.2137749344110489, 0.09718094766139984, -0.06506677716970444, -0.37244367599487305, 0.5261374711990356, 0.2660331130027771, -0.6269514560699463, 0.5716454386711121, 0.45758020877838135, -0.00771061098203063, -0.010874753817915916, -0.035094521939754486, 0.36905190348625183, 0.21809938549995422, -0.25246521830558777, -0.006213451270014048, 0.07099661231040955, 0.007689290679991245, 0.000842207227833569, 0.00017170394130516797, -0.0002318917540833354, -0.012464434839785099, -0.05018770694732666, 0.07834234833717346, 0.00023837403568904847, -6.643628148594871e-05, 3.5165030567441136e-05, -0.0014253543922677636, 0.006476236507296562, -0.0553174689412117, 0.00039001458208076656, 0.0003331377520225942, -0.00022911123232915998, -0.08566637337207794, -0.028367210179567337, -0.031367115676403046, -9.007520566228777e-05, 0.00012902263551950455, 0.001152394455857575, 0.07778327167034149, -0.07221510261297226, -0.026438359171152115, 0.000647585024125874, 0.00015327103028539568, 0.0004397970042191446, 0.5257872343063354, 0.14428728818893433, 1.0, -0.6664193272590637, 1.0, -0.21589572727680206, -1.0, -0.24765518307685852, 0.661976158618927, 0.4122859835624695, -0.11670353263616562, 0.8470563888549805, -0.8137258291244507, 1.0, 0.3013811409473419, 0.9885988235473633, -0.3834880590438843, 0.41113346815109253, 1.0, 0.11591819673776627]
[0.5235559344291687, 0.15355215966701508, 1.0, -0.6328833103179932, 1.0000221729278564, 1.0000042915344238, -0.23645618557929993, -0.994470477104187, -0.26373571157455444, -0.34179338812828064, 0.24475322663784027, 0.3986910283565521, 0.4133318364620209, 0.8186973333358765, -0.31331777572631836, -1.0000019073486328, 0.5958351492881775, 0.15579789876937866, 0.191094309091568, 0.9672530889511108, -0.3722374439239502, 0.4189445972442627, 0.9972051978111267, 0.09906322509050369, 0.005417169537395239, -0.0462847463786602, -1.8717994976213959e-07, -0.06239647418260574, 1.1379457376392565e-08, 6.825037957014501e-08, 0.01605091243982315, -0.015576208010315895, 0.031033817678689957, 0.038158830255270004, 0.07128952443599701, -0.03621823713183403, -0.019985036924481392, -0.029406551271677017, 0.023960599675774574, -4.270725355581817e-07, -0.07646740227937698, -0.03250664845108986, -0.020942440256476402, 0.05974701792001724, -0.019187714904546738, -0.005437005776911974, 0.0028560608625411987, 0.029130443930625916, 0.0036379103548824787, 0.10126248002052307, 0.00023103319108486176, 0.006220262032002211, 0.0006422286969609559, -2.998829586431384e-05, -0.0009628303814679384, 0.009989149868488312, 0.0029256788548082113, 0.0005839273799210787, -0.00010654396464815363, 0.006028726231306791, 0.0003289879532530904, 5.2434843382798135e-05, 0.004081102088093758, -0.00013023991778027266, 0.00526086799800396, 0.003061765106394887, 0.0012466451153159142, -0.0038710793014615774, 0.004190647974610329, 0.002288833260536194, 0.003024187870323658, 0.0006294953636825085, -0.02077428251504898, -0.38244199752807617, 0.5069451928138733, 0.7493661642074585, 0.23339343070983887, -0.20596399903297424, 0.5844283699989319, -0.004148482345044613, -0.0029526615981012583, -0.02156648226082325, 0.05798002704977989, 0.0005177094717510045, -0.018259571865200996, 0.0, -0.38999998569488525, 0.47999998927116394, -0.22206895053386688, -0.6671021580696106, 0.6765443682670593, 0.2189696580171585, 0.2733698785305023, 0.9022207260131836, 0.007582739926874638, -0.33348000049591064, -0.043709974735975266, -0.41977304220199585, 0.5250366926193237, 0.13597804307937622, 0.7860507369041443, 0.594677746295929, 0.09996296465396881, -0.007369694299995899, -0.015565983019769192, -0.033680759370326996, 0.5256208181381226, -0.10151463001966476, -0.028528964146971703, -0.003613081993535161, -0.4548671543598175, 0.5017483234405518, 0.0105387968942523, -0.23961840569972992, 0.9697688221931458, -0.04494636133313179, -0.011753474362194538, -0.0016243001446127892, -0.039766788482666016, -0.0355394184589386, -0.02135002240538597, -0.10762984305620193, 0.011856048367917538, -0.3912392258644104, 0.5488077998161316, 0.032615602016448975, 0.8549508452415466, 0.5173313617706299, 0.019067158922553062, -0.0012230633292347193, -0.02244517393410206, -0.014405513182282448, 0.65818852186203, -0.025349009782075882, -0.38399404287338257, 0.02010098285973072, -0.3684040307998657, 0.5606114864349365, -0.19180557131767273, 0.7377111911773682, 0.6444745659828186, -0.06037652865052223, -0.002792114159092307, -0.035851139575242996, 0.003455119440332055, 0.7610148191452026, 0.1376149207353592, 0.074459508061409, -0.06512483209371567, -0.37263166904449463, 0.52564936876297, 0.26729801297187805, -0.628411054611206, 0.5683553218841553, 0.45893728733062744, -0.006077960133552551, -0.009575310163199902, -0.03088374435901642, 0.34983715415000916, 0.20529551804065704, -0.2042780965566635, 0.0033695115707814693, 0.03624671325087547, 0.006479464937001467, 0.0005137124098837376, -2.798577224893961e-05, -7.377925794571638e-05, -0.005374100990593433, -0.029362736269831657, 0.04288100451231003, 0.00014348633703775704, -5.173637327970937e-05, 5.919389514019713e-05, 0.00186383374966681, 0.031146712601184845, 0.011560809798538685, 0.0005196355050429702, 1.3440676411846653e-05, -2.8980313800275326e-05, -0.011598643846809864, -0.009320772252976894, 0.03823373466730118, 0.0011068335734307766, 3.9894424844533205e-05, 0.0001425618538632989, 0.0374998040497303, -0.028918936848640442, -0.013335310854017735, 0.00028709854814223945, 2.949844565591775e-05, 0.00019864972273353487, 0.5339736938476562, 0.13640432059764862, 1.0, -0.6688029170036316, 1.0, -0.21227531135082245, -1.0, -0.24596962332725525, 0.6647850871086121, 0.40199244022369385, -0.10648449510335922, 0.8514122366905212, -0.8132543563842773, 1.0, 0.30289894342422485, 0.9934324026107788, -0.3849397301673889, 0.40857863426208496, 1.0, 0.11492154002189636]
[0.5246632099151611, 0.1474560648202896, 1.0, -0.6385102868080139, 1.0000221729278564, 1.0000042915344238, -0.23367919027805328, -0.995944619178772, -0.2605802118778229, -0.3380031883716583, 0.26131612062454224, 0.39527350664138794, 0.40954554080963135, 0.8149968981742859, -0.30945271253585815, -1.000002145767212, 0.5889124870300293, 0.15292063355445862, 0.18916761875152588, 0.9713453650474548, -0.37481316924095154, 0.416808545589447, 0.9976286888122559, 0.10203404724597931, 0.003291543573141098, -0.03607655689120293, 1.5339644221512572e-07, -0.04645753279328346, -2.5684977700279887e-08, -5.3584190418121125e-09, 0.006860149092972279, -0.01345751341432333, 0.02782679907977581, 0.033779967576265335, 0.06306703388690948, -0.03879822790622711, -0.019252484664320946, -0.02145601063966751, 0.012057251296937466, 1.4489310160570312e-06, -0.06477002799510956, -0.031102662906050682, -0.018207134678959846, 0.045727990567684174, -0.01843831315636635, -0.0052924323827028275, 0.0021744724363088608, 0.026423826813697815, -0.03623632714152336, 0.15423569083213806, -0.0006033473182469606, 0.009319718927145004, 0.0009312597685493529, -6.770140316803008e-05, -0.006045919843018055, 0.010681690648198128, 0.002914136741310358, 0.0005810156580992043, -0.0026175822131335735, -0.011274936608970165, -0.003924887161701918, 0.00037877674913033843, -0.028141150251030922, -0.0002562658046372235, -0.009183847345411777, -0.002435932867228985, -0.0006278504151850939, -0.006041157990694046, 0.004565315321087837, 0.002279436681419611, 0.0045084538869559765, 0.0013063112273812294, -0.0208367258310318, -0.3825085759162903, 0.5066042542457581, 0.7511782050132751, 0.23267124593257904, -0.20485244691371918, 0.5827785134315491, -0.0042392658069729805, -0.0036217025481164455, -0.017255419865250587, 0.045478880405426025, -0.014112343080341816, -2.9471255402313545e-05, 0.0, -0.38999998569488525, 0.47999998927116394, -0.22206895053386688, -0.6671021580696106, 0.6765443682670593, 0.2189696580171585, 0.273147314786911, 0.902434766292572, 0.01031153742223978, -0.3330098092556, -0.043819770216941833, -0.42003390192985535, 0.5244063138961792, 0.1360848844051361, 0.7836325764656067, 0.5978121161460876, 0.10010750591754913, -0.004930165130645037, -0.011841932311654091, -0.026118453592061996, 0.3993998169898987, -0.07565043866634369, -0.017832260578870773, -0.003747097682207823, -0.4548947811126709, 0.5011276006698608, 0.010228521190583706, -0.23929676413536072, 0.9698794484138489, -0.04434286803007126, -0.006207199767231941, -0.00037958810571581125, -0.030827874317765236, -0.05938432365655899, -0.01950847916305065, -0.051088638603687286, 0.011760822497308254, -0.3916739225387573, 0.5484658479690552, 0.035212792456150055, 0.8516812324523926, 0.5224661231040955, 0.020691636949777603, -0.00043663044925779104, -0.020611489191651344, -0.010553162544965744, 0.5765290260314941, -0.025322865694761276, -0.3323596119880676, 0.02009597234427929, -0.36896368861198425, 0.5604676008224487, -0.19186986982822418, 0.7339115142822266, 0.6487743854522705, -0.060428012162446976, 0.0006096019642427564, -0.0312021654099226, 0.003931892104446888, 0.6706119179725647, 0.15728022158145905, 0.07407156378030777, -0.06517790257930756, -0.3727845251560211, 0.525239109992981, 0.26830384135246277, -0.6296417117118835, 0.565592885017395, 0.4600750505924225, -0.00575477909296751, -0.007091608364135027, -0.0245176013559103, 0.26223304867744446, 0.1539606899023056, -0.18185102939605713, -0.002322420245036483, 0.054863091558218, 0.009908881969749928, 0.0007552449242211878, 4.528288172878092e-06, -0.00012625854287762195, -0.033107444643974304, -0.029901761561632156, 0.04932886362075806, 0.00013248923642095178, -0.00019425575737841427, 0.0003183230001013726, 0.0007353912806138396, -0.016167595982551575, -0.0668129026889801, 0.0001362627517664805, 0.00048548547783866525, -0.0002935993834398687, -0.07765688002109528, -0.01839430257678032, -0.055021144449710846, -0.0009037648560479283, 6.374394433805719e-05, 0.0010684638982638717, 0.06188474968075752, -0.02943499945104122, -0.019935671240091324, 0.00030128550133667886, 0.0003161552594974637, 0.00040265050483867526, 0.525845468044281, 0.1397131383419037, 1.0, -0.6641360521316528, 1.0, -0.22255834937095642, -1.0, -0.24449700117111206, 0.6617762446403503, 0.4147006869316101, -0.11868314445018768, 0.8430991172790527, -0.8162933588027954, 1.0, 0.30344530940055847, 0.9896948337554932, -0.3879004120826721, 0.40624719858169556, 1.0, 0.1175399050116539]
[0.5255646705627441, 0.14239774644374847, 0.9999999403953552, -0.6430422067642212, 1.0000221729278564, 1.0000042915344238, -0.23185057938098907, -0.9971110820770264, -0.25801733136177063, -0.3347010612487793, 0.27638667821884155, 0.39162999391555786, 0.4080951511859894, 0.8124887347221375, -0.30627408623695374, -1.0000019073486328, 0.5824034214019775, 0.1498071551322937, 0.18724577128887177, 0.9748021960258484, -0.37674248218536377, 0.4149916172027588, 0.9980096220970154, 0.10428134351968765, 0.0033573738764971495, -0.031111253425478935, -8.488063940603752e-07, -0.04039612039923668, -3.866475850600182e-08, 2.5861714547659176e-08, 0.01043821033090353, -0.009794153273105621, 0.02118050493299961, 0.028112629428505898, 0.0627845972776413, -0.026365576311945915, -0.014645935967564583, -0.02421930618584156, 0.018190793693065643, -3.2253794302050665e-07, -0.057631026953458786, -0.026146043092012405, -0.017499057576060295, 0.04121258854866028, -0.011620057746767998, -0.004089973401278257, 0.002097503747791052, 0.01767802983522415, 4.0595616155769676e-05, 0.07304073125123978, 0.00011167747288709506, 0.004044185392558575, 0.00033295698813162744, -5.480025720316917e-05, 0.0032629140187054873, 0.005971341859549284, 0.0013525312533602118, 5.8105790230911225e-05, -0.00012275968038011342, 0.005273162852972746, -0.0001014970475807786, -0.0004742683086078614, 0.0029423751402646303, -0.0001330361992586404, 0.004603198729455471, 0.002391529269516468, 0.0008562884759157896, -0.0029782517813146114, 0.004155843518674374, 0.00234314170666039, 0.00225462531670928, 0.00044205953599885106, -0.02087954431772232, -0.38254547119140625, 0.5063271522521973, 0.7525044679641724, 0.232435405254364, -0.20450514554977417, 0.5812816619873047, -0.0028184980619698763, -0.002465035766363144, -0.013610012829303741, 0.035995643585920334, -0.04467049241065979, -0.02622075378894806, 0.0, -0.38999998569488525, 0.47999998927116394, -0.22206895053386688, -0.6671021580696106, 0.6765443682670593, 0.2189696580171585, 0.2730332016944885, 0.9023590087890625, 0.012337428517639637, -0.3332397937774658, -0.04390871897339821, -0.4202442169189453, 0.5238856077194214, 0.13617628812789917, 0.7816489934921265, 0.6003639101982117, 0.10021944344043732, -0.004660945385694504, -0.010071424767374992, -0.02262663096189499, 0.3459814190864563, -0.06587433815002441, -0.018167978152632713, -0.003846395295113325, -0.4549148678779602, 0.5006145238876343, 0.00998997874557972, -0.23896797001361847, 0.9699819684028625, -0.043925005942583084, -0.007501733489334583, -0.000590889248996973, -0.026358623057603836, -0.041152358055114746, -0.01533800084143877, -0.06928961724042892, 0.011676579713821411, -0.39204421639442444, 0.5481561422348022, 0.03757057338953018, 0.8492293953895569, 0.5262199640274048, 0.022145438939332962, -0.0003252779133617878, -0.01562977023422718, -0.009338129311800003, 0.48040905594825745, -0.020676512271165848, -0.33127182722091675, 0.020107775926589966, -0.3694741427898407, 0.5603614449501038, -0.19188055396080017, 0.7302719354629517, 0.6528482437133789, -0.06061201170086861, -0.0018020083662122488, -0.026030002161860466, 0.0038129196036607027, 0.5696686506271362, 0.10828131437301636, 0.06382976472377777, -0.06521378457546234, -0.3729126453399658, 0.5249015688896179, 0.2692449986934662, -0.6306524276733398, 0.5632891058921814, 0.4609663486480713, -0.0034186283592134714, -0.00651616882532835, -0.020796451717615128, 0.24420371651649475, 0.1429649442434311, -0.12709349393844604, 0.0019331939984112978, 0.024495849385857582, 0.0033963124733418226, 0.0003126375377178192, -1.6552374290768057e-05, -5.4369960707845166e-05, 0.01715932786464691, -0.012080097571015358, 0.02540515549480915, -0.00012309569865465164, 9.57110314629972e-05, -0.00022090377751737833, 0.0011056947987526655, 0.03192978724837303, 0.008224069140851498, 4.678487584897084e-06, 1.716703627607785e-05, -2.663098530319985e-05, -0.008647330105304718, -0.0059751467779278755, 0.031490832567214966, 0.0007666612509638071, 3.0348985092132352e-05, 0.00010113402095157653, 0.02741865999996662, -0.02981378883123398, -0.00955507904291153, 0.0002873527118936181, 3.360869868629379e-06, 0.00015441651339642704, 0.53327876329422, 0.13572143018245697, 1.0, -0.6667130589485168, 1.0, -0.21059226989746094, -1.0, -0.246609628200531, 0.6664384007453918, 0.39868491888046265, -0.10046857595443726, 0.8444439172744751, -0.8080703020095825, 1.0, 0.29914766550064087, 0.9926769733428955, -0.38316041231155396, 0.40801987051963806, 1.0, 0.11340810358524323]
[0.5260923504829407, 0.13824135065078735, 1.0, -0.646582305431366, 1.0000221729278564, 1.0000042915344238, -0.23045089840888977, -0.9980764389038086, -0.2556747794151306, -0.33196592330932617, 0.2904641926288605, 0.38929620385169983, 0.40465742349624634, 0.8094958066940308, -0.30328118801116943, -1.0000022649765015, 0.577236533164978, 0.14760082960128784, 0.1855919510126114, 0.9775285124778748, -0.37864020466804504, 0.4132953882217407, 0.9983224272727966, 0.10637938231229782, 0.0009971190011128783, -0.02334131859242916, -7.751008723744235e-08, -0.029218902811408043, -3.370226409060706e-08, -7.260828738253622e-08, 0.003317577764391899, -0.008799515664577484, 0.021543804556131363, 0.024623224511742592, 0.05154487490653992, -0.03157293424010277, -0.015535727143287659, -0.01403289195150137, 0.007536762394011021, 1.599003553565126e-06, -0.050058115273714066, -0.025673678144812584, -0.01613367535173893, 0.029816750437021255, -0.01506586279720068, -0.004399928264319897, 0.001535373623482883, 0.020136389881372452, -0.04155866429209709, 0.12539231777191162, -0.000770990620367229, 0.006966967135667801, 0.0005795317119918764, -0.00010177125659538433, -0.00402110256254673, 0.008818882517516613, 0.0026267841458320618, 0.0006222986849024892, -0.002933245850726962, -0.013927364721894264, -0.004189516417682171, 0.0004954686155542731, -0.0299910269677639, -0.00034625199623405933, -0.011504516936838627, -0.003434584941715002, -0.0009718684013932943, -0.004677356220781803, 0.0025266988668590784, 0.0011407069396227598, 0.0035163501743227243, 0.0011413001921027899, -0.020911166444420815, -0.38259077072143555, 0.5060940980911255, 0.7536705136299133, 0.23204000294208527, -0.20382152497768402, 0.5801679491996765, -0.0016007079975679517, -0.0033119414001703262, -0.011675918474793434, 0.027815019711852074, -0.019309738650918007, -0.004067738074809313, 0.0, -0.38999998569488525, 0.47999998927116394, -0.22206895053386688, -0.6671021580696106, 0.6765443682670593, 0.2189696580171585, 0.27285274863243103, 0.902470052242279, 0.014106227084994316, -0.33301639556884766, -0.04396906867623329, -0.4204133450984955, 0.5234619975090027, 0.13623224198818207, 0.7800610065460205, 0.6024028062820435, 0.10028202831745148, -0.0022924989461898804, -0.007628525607287884, -0.01689743809401989, 0.25443407893180847, -0.047655049711465836, -0.0061166975647211075, -0.003912593703716993, -0.4549277424812317, 0.5001964569091797, 0.009803085587918758, -0.2386016547679901, 0.9700873494148254, -0.043631814420223236, -0.0025013191625475883, 0.0005359687493182719, -0.019388118758797646, -0.06939384341239929, -0.015229891985654831, -0.021906161680817604, 0.011610719375312328, -0.3923516273498535, 0.5479288101196289, 0.03970669209957123, 0.8466634750366211, 0.5301236510276794, 0.023518169298768044, 0.00048355612671002746, -0.015279482118785381, -0.006335581187158823, 0.4210524559020996, -0.021308686584234238, -0.26333728432655334, 0.020112182945013046, -0.3698734641075134, 0.560268223285675, -0.1919623464345932, 0.7274078726768494, 0.6560047268867493, -0.06071273982524872, 0.0017477795481681824, -0.023128101602196693, 0.004533576313406229, 0.5175270438194275, 0.1348089724779129, 0.06939277797937393, -0.06524963676929474, -0.3730151951313019, 0.5246191620826721, 0.26987677812576294, -0.6314870715141296, 0.5614103674888611, 0.46174535155296326, -0.004345736466348171, -0.004413138143718243, -0.016348036006093025, 0.1641361266374588, 0.0981043353676796, -0.1363084316253662, -0.004070790018886328, 0.04230671003460884, 0.006384268403053284, 0.0005328293773345649, 1.797495860955678e-05, -0.00010605895658954978, -0.02231624163687229, -0.027098963037133217, 0.041749805212020874, 0.0002158142306143418, -0.00011684009950840846, 0.0001809468085411936, 8.992112270789221e-05, -0.02889930084347725, -0.07373829931020737, 6.197901529958472e-05, 0.0005495442892424762, -0.00031441199826076627, -0.0759308859705925, -0.016597161069512367, -0.06991034746170044, -0.0012208259431645274, 3.964755160268396e-05, 0.0010386216454207897, 0.05037466436624527, -0.015094900503754616, -0.0155903035774827, 0.00015878693375270814, 0.0003353056963533163, 0.000334277719957754, 0.5237018465995789, 0.13851627707481384, 1.0, -0.6621395945549011, 1.0, -0.2277885526418686, -1.0, -0.2426745593547821, 0.6610560417175293, 0.41884493827819824, -0.12284959852695465, 0.8397798538208008, -0.8182048797607422, 1.0, 0.304454505443573, 0.9891525506973267, -0.3904557526111603, 0.40384119749069214, 1.0, 0.11897116899490356]
[0.5264346599578857, 0.13477633893489838, 1.0, -0.649444043636322, 1.0000221729278564, 1.0000042915344238, -0.22944000363349915, -0.9988229274749756, -0.2537118196487427, -0.3294823467731476, 0.30274447798728943, 0.386457622051239, 0.4036988914012909, 0.8075766563415527, -0.30086207389831543, -1.0000019073486328, 0.5720999836921692, 0.14498065412044525, 0.18385115265846252, 0.9798645377159119, -0.3801741898059845, 0.4117831885814667, 0.9986146688461304, 0.10804823786020279, 0.001507953624241054, -0.02078172378242016, -2.307830158088109e-07, -0.02520524524152279, -9.006207335460203e-09, -1.0285424956180123e-08, 0.0037455004639923573, -0.006289795972406864, 0.01600762829184532, 0.02151627279818058, 0.05110781267285347, -0.021873105317354202, -0.012431950308382511, -0.019962726160883904, 0.012008070945739746, 1.235245719044542e-07, -0.044598210602998734, -0.02127469703555107, -0.01605702005326748, 0.02857068181037903, -0.009054985828697681, -0.0034170213621109724, 0.0015701812226325274, 0.012826546095311642, 0.014639319851994514, 0.04285142570734024, 0.00040698389057070017, 0.002683352679014206, 0.0002865376300178468, -8.337319741258398e-06, -0.0003466575872153044, 0.003470389172434807, 0.0006409792695194483, -4.482449003262445e-05, -3.833360460703261e-05, 0.002726847305893898, -0.000960628385655582, -0.0006982117192819715, -0.0027138558216392994, 1.3749739082413726e-05, 0.0018942935857921839, 0.001803622697480023, 0.0007078381022438407, -0.0017303822096437216, 0.002813591156154871, 0.001660676090978086, 0.0013525784015655518, 0.00019803417671937495, -0.020940950140357018, -0.3826284110546112, 0.5059010982513428, 0.7545907497406006, 0.2317834347486496, -0.20312584936618805, 0.5793177485466003, -0.0008677319856360555, -0.0004719757998827845, -0.010150146670639515, 0.021293597295880318, 0.013365278020501137, -0.005838989745825529, 0.0, -0.38999998569488525, 0.47999998927116394, -0.22206895053386688, -0.6671021580696106, 0.6765443682670593, 0.2189696580171585, 0.27257484197616577, 0.9026238918304443, 0.015504675917327404, -0.33276504278182983, -0.044013384729623795, -0.4205520749092102, 0.5231108069419861, 0.13627009093761444, 0.778756320476532, 0.6040734052658081, 0.10032028704881668, -0.0024643486831337214, -0.006511509884148836, -0.01497979462146759, 0.2227136790752411, -0.041093647480010986, -0.008596058934926987, -0.003958096262067556, -0.454936683177948, 0.49985119700431824, 0.009653210639953613, -0.23819220066070557, 0.9701985120773315, -0.04342954605817795, -0.003127866890281439, 0.00024686494725756347, -0.017158951610326767, -0.05165291205048561, -0.012477000243961811, -0.026567932218313217, 0.011556422337889671, -0.39261800050735474, 0.5477115511894226, 0.0415663868188858, 0.844836413860321, 0.5328359603881836, 0.024684445932507515, 0.00033714945311658084, -0.011662106961011887, -0.005584006663411856, 0.37392696738243103, -0.018935872241854668, -0.26369690895080566, 0.02013731189072132, -0.3702564239501953, 0.5602058172225952, -0.19198773801326752, 0.7244900465011597, 0.659195065498352, -0.06096359342336655, -0.00027739093638956547, -0.019572392106056213, 0.004054021555930376, 0.4464627504348755, 0.09823406487703323, 0.0587783083319664, -0.06527367234230042, -0.37310290336608887, 0.5243837833404541, 0.27045542001724243, -0.6321826577186584, 0.5598254203796387, 0.4623790979385376, -0.002325227251276374, -0.0043930537067353725, -0.01422451063990593, 0.16513033211231232, 0.09789969027042389, -0.09188681095838547, 0.0036848345771431923, 0.015567604452371597, 0.002882154192775488, 0.00022517674369737506, -2.5431401809328236e-05, -2.7811751351691782e-05, -0.0017549957847222686, -0.005484926514327526, 0.014132728800177574, -0.0001270983921131119, -2.9669645300600678e-05, 4.3364434532122687e-05, 0.002839289139956236, 0.02359628863632679, -0.0032393333967775106, -0.00034426740603521466, 1.3338694770936854e-05, -1.8559399904916063e-05, -0.011358982883393764, -0.01375180296599865, 0.016146322712302208, 0.0005015610950067639, -8.010337296582293e-06, 0.00018267121049575508, 0.015486789867281914, -0.02094019204378128, -0.00564141571521759, 0.00020321691408753395, -4.9754511564970016e-05, 6.155513256089762e-05, 0.5319098830223083, 0.13429619371891022, 1.0, -0.6650161147117615, 1.0, -0.21435074508190155, -1.0, -0.2451997697353363, 0.6661735773086548, 0.4013557434082031, -0.10283981263637543, 0.8411704897880554, -0.80922532081604, 1.0, 0.2995409667491913, 0.9925824403762817, -0.385016530752182, 0.40587300062179565, 1.0, 0.11447887122631073]
[0.5265020728111267, 0.13201399147510529, 1.0, -0.6515383720397949, 1.0000221729278564, 1.0000042915344238, -0.22900663316249847, -0.9994058012962341, -0.252012699842453, -0.32741594314575195, 0.3142102062702179, 0.38433021306991577, 0.40045374631881714, 0.8051275014877319, -0.29957345128059387, -1.000002145767212, 0.5683004260063171, 0.14325852692127228, 0.1823054552078247, 0.9816064834594727, -0.38157516717910767, 0.4104330837726593, 0.9988444447517395, 0.10951608419418335, -0.0009652375592850149, -0.015261846594512463, -1.8829348391591338e-07, -0.016601691022515297, 4.6426094968410325e-08, -3.30892149236206e-08, 0.0012142239138484001, -0.005526402499526739, 0.01534116268157959, 0.01813153550028801, 0.04596095159649849, 0.0002670742687769234, -0.013669717125594616, -0.022082416340708733, 0.02880086377263069, -3.375385858817026e-06, -0.03927444666624069, -0.02095489762723446, -0.013550618663430214, 0.017807962372899055, -0.010896950960159302, -0.0034130194690078497, 0.0011957455426454544, 0.013872216455638409, -0.05957389622926712, 0.05912629887461662, -0.0012943021720275283, 0.0039584278129041195, 0.00048026780132204294, -6.622503860853612e-06, -0.003264512401074171, 0.003966893535107374, 0.0010670219780877233, 0.00016796853742562234, -0.0009274203330278397, 0.00991099327802658, 0.0036539160646498203, 0.0002893517666961998, 0.020577481016516685, -0.0005264935898594558, 0.00943959504365921, 0.0018518675351515412, 0.00045506481546908617, -0.0027235122397542, 0.0023783566430211067, 0.0011134742526337504, 0.0018111779354512691, 0.0005955406231805682, -0.020942891016602516, -0.38265299797058105, 0.5057472586631775, 0.7553248405456543, 0.23170219361782074, -0.2028786689043045, 0.5784795880317688, -0.00018026510952040553, -0.0006878050626255572, -0.007405753713101149, 0.014425947330892086, -0.01277286745607853, 0.0005962334689684212, 0.0, -0.38999998569488525, 0.47999998927116394, -0.22206895053386688, -0.6671021580696106, 0.6765443682670593, 0.2189696580171585, 0.27243953943252563, 0.9025984406471252, 0.016633568331599236, -0.33289021253585815, -0.04403633251786232, -0.4206598997116089, 0.5228357911109924, 0.1362825483083725, 0.7777625322341919, 0.6053494811058044, 0.10032143443822861, -0.00014309355174191296, -0.004878938663750887, -0.010799896903336048, 0.1545598804950714, -0.027001438662409782, 0.004080677404999733, -0.003973197657614946, -0.4549412727355957, 0.4995787739753723, 0.009551809169352055, -0.23777586221694946, 0.970304548740387, -0.04336349293589592, 0.00034427334321662784, 0.0007339477306231856, -0.012347796931862831, -0.06287647038698196, -0.011543777771294117, -0.001534546259790659, 0.011513902805745602, -0.3928626775741577, 0.5475654006004333, 0.04323701560497284, 0.8426728844642639, 0.5360661149024963, 0.02580563724040985, 0.002207353711128235, -0.00421029282733798, -0.0034631905145943165, 0.25276675820350647, -0.011261431500315666, -0.22541463375091553, 0.020173801109194756, -0.3705519139766693, 0.560141384601593, -0.19198112189769745, 0.72222501039505, 0.6616551280021667, -0.06121012941002846, -0.004349078051745892, -0.012693172320723534, 0.005778358317911625, 0.33404311537742615, 0.01396549865603447, 0.06305153667926788, -0.06529461592435837, -0.37317201495170593, 0.5241940021514893, 0.27082324028015137, -0.6327382922172546, 0.5585917234420776, 0.4628954529762268, -0.0024464959278702736, -0.0030381176620721817, -0.010660499334335327, 0.10026255995035172, 0.05718954652547836, -0.08979938179254532, -0.008939183317124844, 0.022568363696336746, 0.00564116146415472, 0.00033190296380780637, 5.243966734269634e-05, -6.105314241722226e-05, -0.018367305397987366, -0.009691351093351841, 0.019303886219859123, 2.259827306261286e-05, -6.706603744532913e-05, 0.00010849692625924945, -0.006699865218251944, 0.03129054233431816, 0.0510912723839283, 0.0007587097934447229, 0.00013943170779384673, -8.476600487483665e-05, 0.01849735714495182, 0.02646923065185547, 0.052456118166446686, 0.0008521034033037722, 0.0001293575478484854, -0.0004205198201816529, 0.02529316581785679, -0.014964647591114044, -0.0076729715801775455, 0.00014262348122429103, 0.0001908499834826216, 0.000266614428255707, 0.5225116610527039, 0.13891971111297607, 1.0, -0.6602818369865417, 1.0, -0.22800087928771973, -1.0, -0.24295574426651, 0.6615973114967346, 0.41857844591140747, -0.12088122963905334, 0.8351413607597351, -0.8158999681472778, 1.0, 0.30272120237350464, 0.9880669116973877, -0.38976767659187317, 0.4034911096096039, 1.0, 0.11805586516857147]
[0.5258374214172363, 0.13015927374362946, 1.0, -0.652650773525238, 1.0000221729278564, 1.0000042915344238, -0.22959020733833313, -0.9998827576637268, -0.25042420625686646, -0.32556581497192383, 0.3235933780670166, 0.3830159604549408, 0.3989066779613495, 0.8036453723907471, -0.29699695110321045, -1.000002145767212, 0.5645461678504944, 0.14081637561321259, 0.1806986778974533, 0.9824827313423157, -0.38321051001548767, 0.40904971957206726, 0.9990221858024597, 0.11102110892534256, -0.003824470331892371, -0.007939228788018227, -4.7623575483157765e-07, -0.007053310517221689, -2.3946123306473055e-08, -2.9863088002457516e-08, -0.004370055627077818, -0.003812890499830246, 0.014100851491093636, 0.016869915649294853, 0.0362824909389019, -0.010434557683765888, -0.01206506323069334, -0.01298742275685072, 0.014722377061843872, -8.580641406297218e-07, -0.03279770910739899, -0.024157250300049782, -0.015899963676929474, 0.007238679565489292, -0.012471302412450314, -0.0035297416616231203, 0.0008860022644512355, 0.01384394895285368, -0.07499594241380692, 0.0641293078660965, -0.0016457181191071868, 0.0042227101512253284, 0.0005011875182390213, -1.4057477528695017e-05, -0.00452466681599617, 0.004951915703713894, 0.0014036771608516574, 0.0003263732069171965, -0.0012109607923775911, 0.008274122141301632, 0.002873632125556469, 0.0005316960159689188, 0.01631358452141285, -0.0006215990870259702, 0.007985072210431099, 0.0015920947771519423, 0.0002537849941290915, -0.0025249666068702936, 0.003220304846763611, 0.0015037772245705128, 0.0017417233902961016, 0.0005498243845067918, -0.020924516022205353, -0.38268062472343445, 0.505641758441925, 0.7557201981544495, 0.23194488883018494, -0.20250952243804932, 0.5779950618743896, 0.0024729103315621614, -0.000982382451184094, -0.004310886841267347, 0.008044457994401455, 0.0048154559917747974, 0.0060086376033723354, 0.0, -0.38999998569488525, 0.47999998927116394, -0.22206895053386688, -0.6671021580696106, 0.6765443682670593, 0.2189696580171585, 0.2720080316066742, 0.9026778340339661, 0.017252102494239807, -0.3329961895942688, -0.04401208832859993, -0.42073410749435425, 0.5226596593856812, 0.13621556758880615, 0.7771794199943542, 0.6061267852783203, 0.10023872554302216, 0.002519922563806176, -0.0029465865809470415, -0.005441284738481045, 0.07294413447380066, -0.011389749124646187, 0.018793808296322823, -0.0039191823452711105, -0.4549393653869629, 0.4993988871574402, 0.009528533555567265, -0.2371792495250702, 0.9704411625862122, -0.04357968643307686, 0.005292394198477268, 0.0016811250243335962, -0.005645926110446453, -0.09554988145828247, -0.01231786236166954, 0.04066924378275871, 0.01151308510452509, -0.3930082321166992, 0.5474606156349182, 0.04452289268374443, 0.8413955569267273, 0.5379233956336975, 0.02663809433579445, 0.00328477518633008, -0.005170048214495182, -0.0007415099535137415, 0.21611779928207397, -0.013187209144234657, -0.1627732813358307, 0.020207881927490234, -0.37079304456710815, 0.5601398944854736, -0.19215027987957, 0.7200251221656799, 0.663971483707428, -0.06151231378316879, 0.0005570086650550365, -0.011162448674440384, 0.007279949728399515, 0.33283403515815735, 0.0701185017824173, 0.07817112654447556, -0.06531435996294022, -0.3732183575630188, 0.5240572690963745, 0.27076321840286255, -0.6331294178962708, 0.5578258037567139, 0.46331918239593506, -0.0021845800802111626, -0.001576058566570282, -0.0062545835971832275, 0.03116181120276451, 0.01617778092622757, -0.0830191969871521, -0.011534943245351315, 0.02422872744500637, 0.006017155945301056, 0.0003493734111543745, 6.845597818028182e-05, -6.896999548189342e-05, -0.025300409644842148, -0.01366980466991663, 0.023691149428486824, 0.00012132612755522132, -9.594635048415512e-05, 0.00016511848662048578, -0.008502853102982044, 0.024558717384934425, 0.04087742790579796, 0.0009000767604447901, 0.00018525429186411202, -0.00010798059520311654, 0.009302233345806599, 0.02354547567665577, 0.04430706053972244, 0.0006069671362638474, 0.00014164177991915494, -0.0003090401296503842, 0.023851029574871063, -0.02073379047214985, -0.007080509793013334, 0.0001669873163336888, 0.00016820790187921375, 0.0002517010143492371, 0.5155473947525024, 0.14264056086540222, 1.0, -0.6550402045249939, 1.0, -0.23738569021224976, -0.9997887015342712, -0.24210169911384583, 0.6592075228691101, 0.43071234226226807, -0.13173353672027588, 0.8273884057998657, -0.81929612159729, 1.0, 0.30323052406311035, 0.9841764569282532, -0.3924064338207245, 0.40197187662124634, 1.0, 0.11937730014324188]
[0.5247204303741455, 0.12900905311107635, 1.0, -0.6533041000366211, 1.0000221729278564, 1.0000042915344238, -0.2303907722234726, -0.999999463558197, -0.24913133680820465, -0.3238934576511383, 0.331717848777771, 0.38145145773887634, 0.3979947566986084, 0.8022570610046387, -0.2949550449848175, -1.000002145767212, 0.5612648725509644, 0.138384610414505, 0.1789780706167221, 0.9829307794570923, -0.3846019506454468, 0.4078734815120697, 0.9991978406906128, 0.1121954470872879, -0.004517061170190573, -0.00418207747861743, -4.64771318320345e-07, -0.00606604153290391, 1.4966311523423315e-09, 2.7278028724708747e-08, -0.00260174460709095, -6.684601316919725e-07, 0.010573144070804119, 0.01427329983562231, 0.03314594551920891, -0.011143754236400127, -0.010454759933054447, -0.015008914284408092, 0.010392826050519943, -3.694083829941519e-07, -0.028491461649537086, -0.02022578939795494, -0.015840910375118256, 0.004888841416686773, -0.00885519478470087, -0.00262350682169199, 0.0009073226829059422, 0.009189936332404613, -0.015420101583003998, 0.037303537130355835, -0.0003171475837007165, 0.0015588524984195828, 2.1483248929143883e-05, -6.720772944390774e-05, -0.00016183071420527995, 0.002509169513359666, 0.0004753127577714622, -3.882148303091526e-05, -0.00023614204837940633, 0.0054690055549144745, 0.0008776746108196676, -0.00021034927340224385, 0.0072103701531887054, -0.00018890327191911638, 0.004853216931223869, 0.0019838656298816204, 0.0006474264664575458, -0.0011674824636429548, 0.0028775534592568874, 0.00160858198069036, 0.0009488624054938555, 0.00016106682596728206, -0.020876044407486916, -0.382697194814682, 0.5055766701698303, 0.7560204267501831, 0.2321145385503769, -0.2022785097360611, 0.5776152610778809, 0.002899137092754245, -0.0007980105583555996, -0.002397380070760846, 0.003726992756128311, 0.00635923957452178, 0.0061368332244455814, 0.0, -0.38999998569488525, 0.47999998927116394, -0.22206895053386688, -0.6671021580696106, 0.6765443682670593, 0.2189696580171585, 0.2717205882072449, 0.9027159810066223, 0.01772218942642212, -0.3331030011177063, -0.04396018385887146, -0.42078882455825806, 0.522551417350769, 0.136089488863945, 0.7768410444259644, 0.6066084504127502, 0.10011819005012512, 0.0030926286708563566, -0.002388422144576907, -0.003137555904686451, 0.04950805380940437, -0.00989792961627245, 0.022298436611890793, -0.0038320773746818304, -0.4549331068992615, 0.49930182099342346, 0.009538671933114529, -0.2364218533039093, 0.9706113338470459, -0.04389975219964981, 0.005373072344809771, 0.001887366990558803, -0.0016149345319718122, -0.10281405597925186, -0.011315378360450268, 0.03531085327267647, 0.011533716693520546, -0.3931296467781067, 0.5473899841308594, 0.04555801674723625, 0.8403394222259521, 0.5394510626792908, 0.02732442505657673, 0.003581312485039234, -0.004169846884906292, 0.0008727949461899698, 0.20286855101585388, -0.01460256427526474, -0.1436699479818344, 0.020262880250811577, -0.3709884583950043, 0.5601624250411987, -0.1923149675130844, 0.7179949283599854, 0.6660805344581604, -0.061926424503326416, 0.0017571414355188608, -0.00911678560078144, 0.007102487608790398, 0.2880781292915344, 0.07305561006069183, 0.0753890872001648, -0.06531704217195511, -0.37325406074523926, 0.5239667296409607, 0.2706136405467987, -0.6333750486373901, 0.5573826432228088, 0.4636041820049286, -0.000399378826841712, -0.0014294777065515518, -0.0037066584918648005, 0.015738623216748238, 0.010043784976005554, -0.0496542789041996, -0.0018169829854741693, 0.010612653568387032, 0.00033309252467006445, 9.198207408189774e-05, 1.1283789717708714e-05, -3.289581945864484e-05, -0.0011727521196007729, -0.003644006559625268, 0.011192431673407555, -9.348158346256241e-05, 1.3572201851275167e-06, -1.954599611053709e-05, -0.0014225178165361285, 0.023476948961615562, 0.018891142681241035, 0.00014180497964844108, 3.3302450901828706e-05, -2.6752206395030953e-05, 0.0037597324699163437, 0.001082147820852697, 0.03157177194952965, 0.0006636586622335017, 4.5565095206256956e-05, -0.00010266999015584588, 0.011057919822633266, -0.02120360918343067, -0.0036287284456193447, 0.00017570950149092823, -1.5859943232499063e-05, 5.563971717492677e-05, 0.5185843706130981, 0.1420672982931137, 1.0, -0.6566941738128662, 1.0, -0.23189619183540344, -1.0, -0.2433689832687378, 0.6607147455215454, 0.42442506551742554, -0.12363120913505554, 0.8285918235778809, -0.8158961534500122, 1.0, 0.3021865785121918, 0.9848443269729614, -0.3898067772388458, 0.40367162227630615, 1.0, 0.11690638959407806]
[0.5235280990600586, 0.1282508671283722, 1.0, -0.6538448929786682, 1.0000221729278564, 1.0000042915344238, -0.23096974194049835, -0.9999985098838806, -0.2480786293745041, -0.3225517272949219, 0.3393401801586151, 0.37974047660827637, 0.3955594301223755, 0.7999576926231384, -0.29487472772598267, -1.000002145767212, 0.5588635802268982, 0.13689802587032318, 0.17745696008205414, 0.9832764267921448, -0.3856639564037323, 0.4069696366786957, 0.9993672966957092, 0.11305669695138931, -0.004776315297931433, -0.0029900167137384415, -1.4201552289705432e-07, -0.004583756905049086, 5.170619488126249e-09, -7.228481280208143e-08, -0.0019600859377533197, 7.525412365794182e-05, 0.009061438031494617, 0.011326269246637821, 0.03256107121706009, 0.006504436489194632, -0.010190200060606003, -0.02387537993490696, 0.025783246383070946, -4.00126145905233e-06, -0.0252713393419981, -0.01588023640215397, -0.012823342345654964, 0.0041144541464746, -0.007207655813544989, -0.0021083655301481485, 0.0009244779357686639, 0.007242558058351278, -0.008311648853123188, 0.003299757605418563, -0.0001877145259641111, 0.0004947116831317544, 0.00010928355914074928, 1.837206400523428e-05, 0.00011718486348399892, 0.0002748700208030641, -7.330768858082592e-05, -0.00013934735034126788, 0.0003094028797931969, 0.011090777814388275, 0.003326281439512968, -0.0002413424226688221, 0.02262108027935028, -7.023270154604688e-05, 0.011163619346916676, 0.0033283079974353313, 0.0010278478730469942, -0.0001978444925043732, 0.0011837348574772477, 0.000693981652148068, 0.00011541409185156226, -2.753269836830441e-05, -0.020831964910030365, -0.3827125132083893, 0.5055332183837891, 0.7561878561973572, 0.23222441971302032, -0.20194925367832184, 0.5774669647216797, 0.002945621032267809, -0.00023330681142397225, -0.0016528349369764328, 0.005592172034084797, 0.03314618021249771, 0.015457304194569588, 0.0, -0.38999998569488525, 0.47999998927116394, -0.22206895053386688, -0.6671021580696106, 0.6765443682670593, 0.2189696580171585, 0.2714303731918335, 0.9028275012969971, 0.017981935292482376, -0.33302319049835205, -0.04390338808298111, -0.4208339750766754, 0.5224767923355103, 0.13594646751880646, 0.776601254940033, 0.6069667339324951, 0.10000108927488327, 0.0033676479943096638, -0.0020445717964321375, -0.0022725819144397974, 0.03656329587101936, -0.007473444100469351, 0.023660117760300636, -0.00374527252279222, -0.4549264907836914, 0.49924522638320923, 0.00955473817884922, -0.2357240468263626, 0.9707677364349365, -0.044190920889377594, 0.005440824199467897, 0.0016151471063494682, -0.0008793369634076953, -0.08694399148225784, -0.00937351118773222, 0.03344488516449928, 0.011554816737771034, -0.3932691514492035, 0.5473586320877075, 0.04647444933652878, 0.8387979865074158, 0.5417314767837524, 0.02801470458507538, 0.004247694276273251, 0.0011598777491599321, 0.0015067127533257008, 0.151895672082901, -0.010191082023084164, -0.13932090997695923, 0.020349133759737015, -0.37114381790161133, 0.5601659417152405, -0.19233770668506622, 0.7163986563682556, 0.6677454113960266, -0.06241047382354736, -0.002863810397684574, -0.004365481901913881, 0.007010926492512226, 0.19014430046081543, -0.009463457390666008, 0.06621447950601578, -0.0653066337108612, -0.3732853829860687, 0.5239038467407227, 0.27052050828933716, -0.6335304379463196, 0.5570886135101318, 0.4637995660305023, 0.00042052604840137064, -0.0014652606332674623, -0.002809525467455387, 0.011379898525774479, 0.00869363360106945, -0.03466982766985893, -0.0013720779679715633, 0.0023144283331930637, 0.0012504965998232365, 5.308848631102592e-05, 8.346958566107787e-06, -4.726358838524902e-06, 0.0005009821616113186, 0.0019617420621216297, 0.0008360049687325954, -0.00010992122406605631, 9.78173738985788e-06, -2.2292570065474138e-05, -0.0016740203136578202, 0.03412577509880066, 0.05391983687877655, 0.00027054420206695795, -6.900190783198923e-05, 3.313961860840209e-05, 0.03612801060080528, 0.014300810173153877, 0.06706365942955017, 0.0012423601001501083, 6.656582263531163e-05, -0.0005683802301064134, 0.0003780553233809769, -0.009059792384505272, -0.00024133868282660842, 7.691778591834009e-05, -3.3581614843569696e-05, 1.5735851775389165e-05, 0.5187640190124512, 0.14151598513126373, 1.0, -0.6568527817726135, 1.0, -0.23270301520824432, -1.0, -0.24298164248466492, 0.6605528593063354, 0.42459720373153687, -0.12394631654024124, 0.8290104866027832, -0.8166866302490234, 1.0, 0.30320990085601807, 0.985144853591919, -0.3903675377368927, 0.4031941890716553, 1.0, 0.1170259565114975]
[0.5220730304718018, 0.12785793840885162, 0.9999844431877136, -0.6539198160171509, 1.0000221729278564, 1.0000042915344238, -0.23215347528457642, -0.9998316168785095, -0.24711881577968597, -0.3214327096939087, 0.3457488417625427, 0.37903857231140137, 0.3944873809814453, 0.7987533211708069, -0.29296934604644775, -1.000002145767212, 0.556373119354248, 0.1350061595439911, 0.17597772181034088, 0.9832823276519775, -0.3867848813533783, 0.40612292289733887, 0.9995013475418091, 0.11390922218561172, -0.0060949320904910564, 0.0009864207822829485, -0.0003032893582712859, 0.0011783764930441976, 1.3809827059674262e-08, -1.4424593075546e-08, -0.005588823929429054, 0.0026766967494040728, 0.008543326519429684, 0.01004864927381277, 0.024907197803258896, -0.004195137415081263, -0.00898213591426611, -0.009293830953538418, 0.012633736245334148, -1.3179923143979977e-06, -0.021250316873192787, -0.018455155193805695, -0.014324468560516834, -0.0018713640747591853, -0.008758675307035446, -0.0021955310367047787, 0.0005915439105592668, 0.008135869167745113, -0.0362146720290184, 0.02263517864048481, -0.0009377276292070746, 0.0018731418531388044, 0.0002920950355473906, 2.056250195892062e-05, -0.0018488395726308227, 0.002723665675148368, 0.0008721231133677065, 0.00022500955674331635, -0.0005581092555075884, 0.008525158278644085, 0.0032175935339182615, 0.0006738725351169705, 0.018817957490682602, -0.00028132094303146005, 0.008730045519769192, 0.0019218435045331717, 0.000376297568436712, -0.0011056155199185014, 0.0011662852484732866, 0.00053017697064206, 0.0006891259690746665, 0.00023986816813703626, -0.02076917327940464, -0.3827276825904846, 0.5055115818977356, 0.7562034130096436, 0.232643723487854, -0.20192721486091614, 0.5772854685783386, 0.005535527132451534, -0.000494870007969439, 0.00046193215530365705, -0.00021585662034340203, 0.009964574128389359, 0.00961967371404171, 0.0, -0.38999998569488525, 0.47999998927116394, -0.22206895053386688, -0.6671021580696106, 0.6765443682670593, 0.2189696580171585, 0.27109503746032715, 0.902813732624054, 0.018026871606707573, -0.3333311378955841, -0.043828390538692474, -0.42086362838745117, 0.5224441885948181, 0.1357761025428772, 0.7765443325042725, 0.6071030497550964, 0.09984789788722992, 0.004698774311691523, -0.0008839902002364397, 0.0007110250880941749, -0.01048769149929285, 0.001865842961706221, 0.032048024237155914, -0.0036282758228480816, -0.4549162685871124, 0.4992314279079437, 0.00960825476795435, -0.2349766492843628, 0.9709285497665405, -0.04462418705224991, 0.008077321574091911, 0.0023430262226611376, 0.0033688463736325502, -0.11082430928945541, -0.0105361919850111, 0.058162156492471695, 0.011597196571528912, -0.3933259844779968, 0.5473414063453674, 0.04720793664455414, 0.8380600214004517, 0.5427829623222351, 0.02851838991045952, 0.004432687070220709, -0.0009435462998226285, 0.0024106286000460386, 0.10669578611850739, -0.008933166041970253, -0.09439913928508759, 0.02040482871234417, -0.37126362323760986, 0.5602092742919922, -0.19255098700523376, 0.7148993015289307, 0.6692528128623962, -0.06279835850000381, 0.0012583608040586114, -0.004550823476165533, 0.007630137261003256, 0.20751193165779114, 0.044833939522504807, 0.07435570657253265, -0.06529509276151657, -0.3733080327510834, 0.5238628387451172, 0.2702725827693939, -0.6336180567741394, 0.5569838881492615, 0.4639500677585602, 0.00011931514018215239, -0.0005139784188941121, -0.0004936931654810905, -0.028826579451560974, -0.01493663527071476, -0.03706256300210953, -0.00618663989007473, 0.010034921579062939, 0.003460732288658619, 0.00017108634347096086, 5.2340627007652074e-05, -3.179398481734097e-05, -0.010405519977211952, -0.008373749442398548, 0.012430808506906033, 9.940332529367879e-05, -3.400551213417202e-05, 5.8599194744601846e-05, -0.004258051048964262, 0.01755146123468876, 0.04606202244758606, 0.0009371446212753654, 8.461232209810987e-05, -4.6579814807046205e-05, 0.024097422137856483, 0.021482957527041435, 0.04940081015229225, 0.0006985419313423336, 9.66509833233431e-05, -0.0004432733403518796, 0.009641182608902454, -0.007305349688977003, -0.0028115184977650642, 6.361604027915746e-05, 8.560927381040528e-05, 0.0001281965960515663, 0.511648416519165, 0.1450323462486267, 1.0, -0.6519478559494019, 1.0, -0.24260208010673523, -0.9959362745285034, -0.2419840395450592, 0.6579059958457947, 0.43726444244384766, -0.1360648274421692, 0.8223545551300049, -0.8208320140838623, 1.0, 0.30418819189071655, 0.9816074371337891, -0.3934602439403534, 0.40161675214767456, 1.0, 0.11895585805177689]
[0.5205304622650146, 0.12775373458862305, 0.9999279379844666, -0.6539030075073242, 1.0000221729278564, 1.0000042915344238, -0.23313933610916138, -0.9996678829193115, -0.2463298738002777, -0.32042396068573, 0.35128113627433777, 0.3779587745666504, 0.3939361572265625, 0.7978094816207886, -0.29158180952072144, -1.000002145767212, 0.5541750192642212, 0.1332179456949234, 0.17443877458572388, 0.9831749796867371, -0.3877083659172058, 0.4054388701915741, 0.9996302127838135, 0.1145344078540802, -0.005562953185290098, 0.0019881948828697205, -0.0003666660632006824, -0.0006340064574033022, -3.052365249445188e-09, 3.009386873031872e-08, -0.002805297030135989, 0.0008075753576122224, 0.00633366871625185, 0.00864390004426241, 0.023170776665210724, -0.0050355917774140835, -0.008798870258033276, -0.01237249281257391, 0.008541966788470745, -8.64704759351298e-07, -0.018698664382100105, -0.013457106426358223, -0.01388049591332674, -0.0007310555665753782, -0.005684226285666227, -0.001481816521845758, 0.0006118008168414235, 0.0044515710324049, 0.01293192058801651, -0.00015380381955765188, 0.0002291208365932107, -0.00029948659357614815, -8.847346907714382e-05, -1.832943053159397e-05, 0.001632500090636313, -0.00040015525883063674, -0.00035729078808799386, -0.00020533701172098517, 0.00029612271464429796, 0.0060792830772697926, 0.00097720418125391, -0.00041037489427253604, 0.008582985028624535, 8.09868797659874e-05, 0.005402770359069109, 0.0024220398627221584, 0.0008209085208363831, 3.665228723548353e-05, 0.000992427347227931, 0.0006679284851998091, 2.2342686861520633e-05, -0.00010516218026168644, -0.020699569955468178, -0.3827410638332367, 0.5055031776428223, 0.7561463117599487, 0.2332516461610794, -0.20215483009815216, 0.5770353674888611, 0.004223276395350695, -0.00027861425769515336, 0.000767668301705271, 0.0018355576321482658, 0.019506005570292473, 0.007210944779217243, 0.0, -0.38999998569488525, 0.47999998927116394, -0.22206895053386688, -0.6671021580696106, 0.6765443682670593, 0.2189696580171585, 0.2707675099372864, 0.9026907682418823, 0.017973076552152634, -0.3339328169822693, -0.043747566640377045, -0.42088666558265686, 0.5224365592002869, 0.13558389246463776, 0.776563823223114, 0.6071470379829407, 0.09968952089548111, 0.004205482080578804, -0.0009046218474395573, 0.001086816075257957, -0.006949644535779953, -0.001211842056363821, 0.029616298153996468, -0.003510219044983387, -0.454906702041626, 0.4992428719997406, 0.00966512318700552, -0.2342546582221985, 0.9710834622383118, -0.045035470277071, 0.006583737209439278, 0.0017564166337251663, 0.003184361383318901, -0.08852607756853104, -0.007775549311190844, 0.041652433574199677, 0.011644074693322182, -0.39338213205337524, 0.5473337769508362, 0.04780014231801033, 0.8374603986740112, 0.5436341166496277, 0.028933966532349586, 0.004025728441774845, -0.0008330815471708775, 0.0030693584121763706, 0.12024097144603729, -0.011403674259781837, -0.08844984322786331, 0.020470699295401573, -0.37136393785476685, 0.5602579116821289, -0.19272573292255402, 0.7134959101676941, 0.6706572771072388, -0.06323762983083725, 0.001930847531184554, -0.0038780472241342068, 0.006598354782909155, 0.1772838979959488, 0.047429826110601425, 0.0655340701341629, -0.06527520716190338, -0.3733268082141876, 0.5238418579101562, 0.27004384994506836, -0.6336472630500793, 0.5569950938224792, 0.46403005719184875, 0.0011952936183661222, -0.0006856500986032188, 0.00025957709294743836, -0.02105219103395939, -0.008831403218209743, -0.01485232263803482, 0.0020414828322827816, -0.0011860898230224848, -0.0010719492565840483, -3.612077489378862e-05, -4.402922058943659e-06, 9.705717047836515e-07, 0.008875458501279354, 0.004289921838790178, -0.0025207737926393747, -0.00014098819519858807, 4.18447598349303e-05, -8.659559534862638e-05, 0.0014944974100217223, 0.022639671340584755, 0.022837556898593903, -7.077985355863348e-05, -5.066489757155068e-05, 2.400946141278837e-05, 0.015185470692813396, -0.003056145738810301, 0.03603113815188408, 0.00077506632078439, 7.959055437822826e-06, -0.00020785855303984135, -0.0014761572238057852, -0.008389792405068874, 9.93385401670821e-05, 7.573547190986574e-05, -8.154370152624324e-05, -3.6344230466056615e-05, 0.5158576965332031, 0.14347197115421295, 1.0, -0.6545916795730591, 1.0, -0.23620663583278656, -0.9983376860618591, -0.2429673969745636, 0.6596469283103943, 0.4294329881668091, -0.12694239616394043, 0.8253399133682251, -0.8177782297134399, 1.0, 0.30368417501449585, 0.9831159710884094, -0.3909238874912262, 0.40323421359062195, 1.0, 0.11653445661067963]
[0.5191800594329834, 0.12771306931972504, 0.9999196529388428, -0.6539760828018188, 1.0000221729278564, 1.0000042915344238, -0.23376236855983734, -0.9996546506881714, -0.2457120567560196, -0.31961590051651, 0.3564193546772003, 0.37703606486320496, 0.39333534240722656, 0.7969160676002502, -0.2902745306491852, -1.000002145767212, 0.5522571802139282, 0.1318807601928711, 0.17302541434764862, 0.9831516146659851, -0.3883441686630249, 0.4049612283706665, 0.9997500777244568, 0.11493103951215744, -0.004746211227029562, 0.0022634058259427547, 0.00020621057774405926, -0.0008661191095598042, -8.375713456132416e-09, -1.201324817401428e-08, -0.00243474286980927, -0.0004095971235074103, 0.005078617017716169, 0.006662989500910044, 0.02079753391444683, -0.005901923403143883, -0.006798034068197012, -0.008393911644816399, 0.006792435888200998, -3.9473817992075055e-07, -0.017199533060193062, -0.010716309770941734, -0.012706555426120758, 0.0002537823747843504, -0.00420848373323679, -0.0011137997498735785, 0.0005062957643531263, 0.0031563248485326767, 0.018739094957709312, -0.002669751411303878, 0.0005148933851160109, -3.718694642884657e-05, 1.8517735952627845e-05, 1.2859789421781898e-05, 0.0009746724390424788, -0.0003375425876583904, -0.00023756538575980812, -0.00015531183453276753, 7.841819024179131e-05, 0.002972559304907918, 0.00046816395479254425, -0.0001206486631417647, 0.00408396078273654, 0.00012445737957023084, 0.0028313244692981243, 0.0013768605422228575, 0.0004923065425828099, 4.5777082959830295e-06, 3.773737989831716e-05, 0.00012721058737952262, 1.5804360373294912e-05, -4.312484816182405e-05, -0.020636094734072685, -0.3827534317970276, 0.5054993629455566, 0.7560845017433167, 0.23385517299175262, -0.2024398148059845, 0.5767720341682434, 0.003350310493260622, -0.0003886386111844331, 0.0009507398353889585, -0.0002759373455774039, 0.004994907882064581, 0.004031053278595209, 0.0, -0.38999998569488525, 0.47999998927116394, -0.22206895053386688, -0.6671021580696106, 0.6765443682670593, 0.2189696580171585, 0.27047738432884216, 0.9025421738624573, 0.017913581803441048, -0.33457207679748535, -0.04367811977863312, -0.4209079444408417, 0.5224312543869019, 0.1354162096977234, 0.7765678763389587, 0.6072002053260803, 0.09956185519695282, 0.0035159282851964235, -0.0007178099476732314, 0.0012213465524837375, -0.007230476476252079, -0.001531872316263616, 0.022658128291368484, -0.0034121377393603325, -0.45490047335624695, 0.4992498457431793, 0.009711246006190777, -0.2337142378091812, 0.9711983799934387, -0.045353587716817856, 0.0056520686484873295, 0.001337899942882359, 0.002732000080868602, -0.06772822886705399, -0.005727576557546854, 0.03576796501874924, 0.011684173718094826, -0.3934301435947418, 0.5473315119743347, 0.04835956543684006, 0.8369054794311523, 0.5444174408912659, 0.029329508543014526, 0.0034112355206161737, -0.0010153850307688117, 0.0026697975117713213, 0.09344445168972015, -0.009061387740075588, -0.08058857172727585, 0.02052544243633747, -0.3714446723461151, 0.5603005290031433, -0.19289040565490723, 0.7123274803161621, 0.671816349029541, -0.0636039450764656, 0.0018936444539576769, -0.003516469383612275, 0.005886826664209366, 0.15595434606075287, 0.044973224401474, 0.05716545879840851, -0.06524993479251862, -0.37334561347961426, 0.5238283276557922, 0.26993295550346375, -0.6336544156074524, 0.5570108890533447, 0.4640657305717468, 0.0013793993275612593, -0.0006597216706722975, 0.0004889850970357656, -0.016358505934476852, -0.0038683954626321793, -0.00765613280236721, 0.0034767151810228825, -0.0004884744994342327, 3.3574895496713e-05, 5.532671821129043e-06, -3.105999712715857e-05, 1.0258934707962908e-05, 0.005465027876198292, 0.003024184610694647, -0.002214284148067236, -0.00010994906187988818, 1.6794376278994605e-05, -3.272397952969186e-05, 0.002653503092005849, 0.009760656394064426, 0.011087413877248764, 2.5761175493244082e-05, -2.0603706616384443e-06, 1.1580052614590386e-06, 0.008669579401612282, -0.0035099326632916927, 0.01925753615796566, 0.00043965759687125683, -1.1186513802385889e-05, -9.695760672912002e-05, -0.0004085357068106532, -0.0011631122324615717, -0.00010387726069893688, 2.2665091819362715e-05, -3.658828791230917e-05, -2.6909428925137036e-05, 0.5161260366439819, 0.1432289332151413, 1.0, -0.6548742651939392, 1.0, -0.23607893288135529, -0.9987325668334961, -0.24290603399276733, 0.6596313714981079, 0.4289224147796631, -0.12684164941310883, 0.8259739875793457, -0.8181358575820923, 1.0, 0.3040655851364136, 0.9835032224655151, -0.39098766446113586, 0.4030541181564331, 1.0, 0.11656571179628372]
[0.5180620551109314, 0.1276698261499405, 1.0, -0.6540651917457581, 1.0000221729278564, 1.0000042915344238, -0.23426344990730286, -0.9997386932373047, -0.24520722031593323, -0.3189835846424103, 0.36108970642089844, 0.37624067068099976, 0.3928315043449402, 0.796234667301178, -0.28913483023643494, -1.000002145767212, 0.5505078434944153, 0.13085339963436127, 0.17172664403915405, 0.9831876158714294, -0.38880470395088196, 0.4045969545841217, 0.9998538494110107, 0.11518493294715881, -0.003835285548120737, 0.0020742048509418964, 0.0003124483919236809, -0.0008700240286998451, -1.1517990117226873e-08, -3.659840430714212e-08, -0.0019206515280529857, -0.0012003675801679492, 0.004149836953729391, 0.005325441714376211, 0.01896269991993904, -0.005425956565886736, -0.005650167819112539, -0.006945438217371702, 0.0059495652094483376, -4.0709997506382933e-07, -0.015438375063240528, -0.008112885989248753, -0.011705023236572742, 0.0008487759041599929, -0.0030760900117456913, -0.0008883244590833783, 0.00040386218461208045, 0.0018279831856489182, 0.021006125956773758, -0.006360521074384451, 0.0004799719899892807, -0.0001317549467785284, 3.399885827093385e-05, 2.3844149836804718e-05, 0.0009304678533226252, -0.0004818362940568477, -0.00024063388991635293, -0.00012287362187635154, 8.65601614350453e-05, 0.002169280545786023, 0.0004464024677872658, -7.724894385319203e-05, 0.00318272621370852, 0.0001493887830292806, 0.002276203129440546, 0.0011017360957339406, 0.00039643910713493824, 4.464616722543724e-06, -0.0003092743572779, -6.78176074870862e-05, -1.9277294995845295e-05, -5.2225241233827546e-05, -0.020586859434843063, -0.38276407122612, 0.5054958462715149, 0.7560587525367737, 0.23423536121845245, -0.20253583788871765, 0.5766178965568542, 0.002385549945756793, -0.0004296422121115029, 0.0011378908529877663, -0.003075334010645747, -0.01568407379090786, -0.001099374028854072, 0.0, -0.38999998569488525, 0.47999998927116394, -0.22206895053386688, -0.6671021580696106, 0.6765443682670593, 0.2189696580171585, 0.2702443301677704, 0.9024838805198669, 0.017895249649882317, -0.3349187970161438, -0.04362192004919052, -0.42092612385749817, 0.5224252343177795, 0.13528867065906525, 0.7765607833862305, 0.6072533130645752, 0.09946618229150772, 0.002816649852320552, -0.0005636676214635372, 0.0011106134625151753, -0.006265662610530853, -0.0015150133986026049, 0.01757231540977955, -0.0033311713486909866, -0.45489639043807983, 0.4992496967315674, 0.009751017205417156, -0.23332208395004272, 0.9712800979614258, -0.04561396688222885, 0.004559976980090141, 0.0010016675805673003, 0.0021048435010015965, -0.0515613928437233, -0.004251514095813036, 0.02867920510470867, 0.011716088280081749, -0.3934718370437622, 0.5473289489746094, 0.04888420179486275, 0.8364444375038147, 0.5450588464736938, 0.02969498373568058, 0.002800825284793973, -0.0009499137522652745, 0.0023161349818110466, 0.07911612838506699, -0.007694856729358435, -0.07592259347438812, 0.020571952685713768, -0.37151747941970825, 0.5603359937667847, -0.19302688539028168, 0.7113061547279358, 0.672828733921051, -0.0639176145195961, 0.0015179864130914211, -0.0030749659053981304, 0.005071677733212709, 0.1346285343170166, 0.038852352648973465, 0.04823195934295654, -0.0652255266904831, -0.3733632564544678, 0.523817241191864, 0.2698924243450165, -0.6336624622344971, 0.5570092797279358, 0.4640803337097168, 0.0013183999108150601, -0.000599170511122793, 0.000454044493380934, -0.009688037447631359, -0.0011235193815082312, -0.0030069767963141203, 0.0035269910003989935, -0.001309266546741128, 0.00018353768973611295, 4.205155164527241e-06, -2.1702195226680487e-05, 1.0558965186646674e-05, 0.0052713737823069096, 0.002747279591858387, -0.002912211697548628, -8.166441693902016e-05, 1.4178300261846744e-05, -2.5520272174617276e-05, 0.0029225312173366547, 0.006298028863966465, 0.009050416760146618, 1.7221493180841208e-05, -1.682833612903778e-06, 2.0681152363977162e-06, 0.008049918338656425, -0.003248755354434252, 0.015332693234086037, 0.0003477077989373356, -1.699041786196176e-05, -8.172664820449427e-05, -0.000932917813770473, 0.0014971302589401603, -3.891362575814128e-05, 5.2900104492437094e-06, -3.729856325662695e-05, -1.9931758288294077e-05, 0.5166419148445129, 0.14280879497528076, 1.0, -0.6550287008285522, 1.0, -0.23544462025165558, -0.999200165271759, -0.24288681149482727, 0.6599279046058655, 0.42762935161590576, -0.1252303123474121, 0.8259719610214233, -0.8178383111953735, 1.0, 0.3042296767234802, 0.9837565422058105, -0.39072272181510925, 0.4030039310455322, 1.0, 0.11601495742797852]
[0.5171743631362915, 0.12762248516082764, 1.0, -0.6541122794151306, 1.0000221729278564, 1.0000042915344238, -0.23474028706550598, -0.9998356699943542, -0.24477173388004303, -0.318460077047348, 0.3654771149158478, 0.37516605854034424, 0.39092200994491577, 0.7946863770484924, -0.2897828221321106, -1.000002145767212, 0.5493884086608887, 0.13049159944057465, 0.17060738801956177, 0.9832425117492676, -0.38918134570121765, 0.4042894244194031, 0.9999387860298157, 0.11535399407148361, -0.0032951028551906347, 0.001188362017273903, -5.897931600884476e-07, -0.000373109825886786, 1.5224003391267615e-08, -1.0883884904444585e-08, -0.001720719039440155, -0.0005315495072863996, 0.0037339001428335905, 0.0045822919346392155, 0.0193621926009655, 0.01178548764437437, -0.005346118938177824, -0.01751621812582016, 0.021722590550780296, -3.9058045331330504e-06, -0.013846985064446926, -0.006377656012773514, -0.009405477903783321, 0.0007869722321629524, -0.002775850472971797, -0.0008041434339247644, 0.0003885614569298923, 0.0013579496880993247, 0.006609777919948101, -0.023273471742868423, 0.00011757536412915215, -0.0007772395620122552, 4.540199370239861e-05, 5.5476171837653965e-05, 0.00041062277159653604, -0.0010681537678465247, -0.0003253458417020738, -0.00010046849638456479, 0.0005172884557396173, 0.010033785365521908, 0.0033982601016759872, -0.00017945333092939109, 0.021194498986005783, 0.00013049677363596857, 0.009946471080183983, 0.002754111774265766, 0.0008092381758615375, 0.00042935149394907057, -0.0005120554706081748, -0.00021774671040475368, -0.00044464526581577957, -0.00015478050045203418, -0.020548656582832336, -0.3827710747718811, 0.5054916739463806, 0.7560115456581116, 0.2345690280199051, -0.2026074379682541, 0.5765188932418823, 0.0025172019377350807, -0.0001572231121826917, 7.283041486516595e-05, -0.0013284907909110188, 0.014154287986457348, 0.0061328900046646595, 0.0, -0.38999998569488525, 0.47999998927116394, -0.22206895053386688, -0.6671021580696106, 0.6765443682670593, 0.2189696580171585, 0.2700340747833252, 0.902442991733551, 0.017840933054685593, -0.3352009952068329, -0.04357627034187317, -0.4209403991699219, 0.5224202275276184, 0.13517987728118896, 0.7765601277351379, 0.6072922945022583, 0.09938182681798935, 0.0024691750295460224, -0.0005234415293671191, 0.0006505409255623817, -0.004180765710771084, -0.000687887950334698, 0.016460230574011803, -0.0032650651410222054, -0.4548929035663605, 0.4992472231388092, 0.009784686379134655, -0.23300479352474213, 0.9713456034660339, -0.04583433270454407, 0.003934625070542097, 0.0008835553308017552, 0.0015045010950416327, -0.04469059780240059, -0.003961138427257538, 0.02498440071940422, 0.011734486557543278, -0.3935505747795105, 0.5473390221595764, 0.049366503953933716, 0.8354352712631226, 0.5465387105941772, 0.030104702338576317, 0.0030515985563397408, 0.0037413015961647034, 0.002168964594602585, 0.049038272351026535, -0.0036974335089325905, -0.0804978534579277, 0.02063959836959839, -0.37158116698265076, 0.5603412389755249, -0.19299742579460144, 0.7105268239974976, 0.673626720905304, -0.06426922231912613, -0.0035106497816741467, 0.00031289696926251054, 0.005015309434384108, 0.06896505504846573, -0.03644758090376854, 0.03897733613848686, -0.06520602107048035, -0.3733777701854706, 0.523807168006897, 0.2698761522769928, -0.6336804032325745, 0.5569908022880554, 0.4640873670578003, 0.0010914471931755543, -0.0006035943515598774, 5.637528374791145e-05, -0.004098544828593731, -0.0012133828131482005, -0.0029431006405502558, 0.0005760891363024712, -0.005871090572327375, 0.00045018241507932544, -3.2590189221082255e-05, -2.3403001705446513e-06, 1.9304325178381987e-05, 0.0023440676741302013, 0.0036599524319171906, -0.005764178466051817, -4.5569209760287777e-05, 1.1467336662462912e-05, -1.356148459308315e-05, -0.0001404763461323455, 0.02620065212249756, 0.05309346690773964, 0.0002135563117917627, -9.826909081311896e-05, 5.3897849284112453e-05, 0.039917558431625366, 0.013782575726509094, 0.0587870255112648, 0.001015976769849658, 4.901219654129818e-05, -0.0005830376758240163, -0.006790450308471918, 0.0032440724316984415, 0.0018526832573115826, -1.5115046153368894e-05, -4.613331111613661e-05, -1.2072716344846413e-05, 0.5163692235946655, 0.14269216358661652, 1.0, -0.6548195481300354, 1.0, -0.23624750971794128, -0.9990378022193909, -0.24261832237243652, 0.6597790122032166, 0.42823612689971924, -0.12583094835281372, 0.8258136510848999, -0.8185076713562012, 1.0, 0.3047121465206146, 0.9837431907653809, -0.3911037743091583, 0.40270379185676575, 1.0, 0.11603076756000519]
[0.5161650776863098, 0.12769559025764465, 1.0, -0.6537918448448181, 1.0000221729278564, 1.0000042915344238, -0.23587261140346527, -0.9994797110557556, -0.2443203181028366, -0.3179769217967987, 0.36894339323043823, 0.3750528395175934, 0.3901820182800293, 0.7939623594284058, -0.28865793347358704, -1.0000022649765015, 0.5480251312255859, 0.12953345477581024, 0.1694648414850235, 0.9830218553543091, -0.38979384303092957, 0.4039100408554077, 0.9999921321868896, 0.11567816138267517, -0.004353028256446123, 0.0037631492596119642, -6.113129416007723e-07, 0.004479079972952604, 9.529524724882776e-09, -3.335534870529955e-08, -0.005988982040435076, 0.0053884489461779594, 0.0042165773920714855, 0.004642087500542402, 0.012852487154304981, -0.0017653618706390262, -0.0034132131841033697, -0.0035613395739346743, 0.0088132843375206, -9.976497494790237e-07, -0.011565737426280975, -0.011500721797347069, -0.011613964103162289, -0.004371544346213341, -0.00556943891569972, -0.0011539648985490203, 0.00010433125862618908, 0.0037798122502863407, -0.03339487686753273, 0.009191399440169334, -0.0007639517425559461, 0.0011338943149894476, 0.00023186454200185835, 3.181059582857415e-05, -0.002129610162228346, 0.002354936208575964, 0.0009209780255332589, 0.0003160079650115222, -0.0005493242060765624, 0.004721510224044323, 0.002643135143443942, 0.0008497015223838389, 0.015619917772710323, -0.0002104171144310385, 0.006940201856195927, 0.0010254248045384884, 3.954562998842448e-05, -0.000645951135084033, 0.00022890344553161412, -4.786060685546545e-07, 0.000324851309414953, 0.0001744450128171593, -0.020499492064118385, -0.38277667760849, 0.5054951310157776, 0.7559050917625427, 0.23507221043109894, -0.2028810977935791, 0.5763573050498962, 0.003439492778852582, 4.2742613004520535e-05, 0.0015831636264920235, -0.0033758182544261217, 0.009693904779851437, 0.004219948314130306, 0.0, -0.38999998569488525, 0.47999998927116394, -0.22206895053386688, -0.6671021580696106, 0.6765443682670593, 0.2189696580171585, 0.26981696486473083, 0.9023126363754272, 0.017707591876387596, -0.3357335329055786, -0.04352094978094101, -0.420944482088089, 0.5224353671073914, 0.1350668966770172, 0.7766712307929993, 0.6071934700012207, 0.09927165508270264, 0.0035223637241870165, 0.00036294531309977174, 0.0027120367158204317, -0.03995056077837944, 0.007171372417360544, 0.02198786474764347, -0.003176954574882984, -0.45488300919532776, 0.49928051233291626, 0.009839469566941261, -0.2324874848127365, 0.9714522957801819, -0.046186357736587524, 0.00646750396117568, 0.0021277926862239838, 0.005943338852375746, -0.0897224172949791, -0.0077966139651834965, 0.051530320197343826, 0.011767604388296604, -0.39356085658073425, 0.5473507046699524, 0.04972898215055466, 0.8350870609283447, 0.547023355960846, 0.030366037040948868, 0.003028874285519123, 0.0005840999074280262, 0.0024466258473694324, 0.024562271311879158, -0.00350356986746192, -0.042631570249795914, 0.020675837993621826, -0.37163105607032776, 0.5603781342506409, -0.1931326687335968, 0.7096900343894958, 0.6744442582130432, -0.06453349441289902, 0.0006028572097420692, -0.0010579675436019897, 0.005845169071108103, 0.11548198759555817, 0.025938255712389946, 0.050010889768600464, -0.06519599258899689, -0.3733847141265869, 0.5238023400306702, 0.2696744203567505, -0.6336891055107117, 0.5570648908615112, 0.4641038179397583, 0.00017226021736860275, 0.0002892947231885046, 0.0014448573347181082, -0.0383615680038929, -0.0225951187312603, -0.01667364127933979, -0.00562666542828083, 0.005528087727725506, 0.0027970296796411276, 0.00011473191261757165, 3.46149317920208e-05, -1.6041651178966276e-05, -0.011828750371932983, -0.00930473767220974, 0.010650357231497765, 0.00017643689352553338, -4.277392145013437e-05, 8.39310378069058e-05, -0.00405149208381772, 0.002371275331825018, 0.03268920257687569, 0.0008852707105688751, 8.598173008067533e-05, -4.231862476444803e-05, 0.02154456079006195, 0.02199552208185196, 0.03673182427883148, 0.00036947839544154704, 8.795285975793377e-05, -0.00039025332080200315, 0.0053007351234555244, -0.0003778930986300111, -0.001382780959829688, 3.425818476898712e-06, 8.963326399680227e-05, 0.0001072118611773476, 0.509372889995575, 0.14605656266212463, 1.0, -0.6502654552459717, 1.0, -0.24620743095874786, -0.993419349193573, -0.24150660634040833, 0.657077968120575, 0.4412321448326111, -0.13877162337303162, 0.8201937079429626, -0.82308030128479, 1.0, 0.30574458837509155, 0.9803640842437744, -0.3944813311100006, 0.40129727125167847, 1.0, 0.11836149543523788]
[0.5151750445365906, 0.12784990668296814, 1.0, -0.653540849685669, 1.0000221729278564, 1.0000042915344238, -0.2368296980857849, -0.9990973472595215, -0.24392732977867126, -0.31747719645500183, 0.37182268500328064, 0.3744257688522339, 0.39010387659072876, 0.7934953570365906, -0.28780826926231384, -1.000002145767212, 0.5467498898506165, 0.12848037481307983, 0.16817615926265717, 0.982811689376831, -0.39032766222953796, 0.40358221530914307, 1.0000056028366089, 0.11591536551713943, -0.0033376191277056932, 0.0031980343628674746, -4.535233131264249e-07, 0.0007264038431458175, 1.9298356246366666e-09, -2.2028922685990437e-08, -0.0026875182520598173, 0.0023450893349945545, 0.0030248535331338644, 0.0043723019771277905, 0.012983366847038269, -0.00012448969937395304, -0.007363227196037769, -0.009702064096927643, 0.006154284346848726, -1.1256374818913173e-06, -0.009699276648461819, -0.005951888393610716, -0.011536828242242336, -0.0013223460409790277, -0.0031317032407969236, -0.0007115424959920347, -2.9396929335234745e-07, 0.0012630886631086469, 0.020076075568795204, -0.018129147589206696, 0.00040817592525854707, -0.0013395317364484072, -0.00018463810556568205, -6.36497134109959e-06, 0.0019034779397770762, -0.001989707350730896, -0.0007924408419057727, -0.00027636211598291993, 0.0006132795242592692, 0.006719107739627361, 0.0008937135571613908, -0.0006294746417552233, 0.00906865019351244, 0.00018927964265458286, 0.005695553496479988, 0.0026607001200318336, 0.0009071774547919631, 0.0006898289429955184, 0.00011825113324448466, 0.00018768731388263404, -0.0004872986755799502, -0.0002313238219358027, -0.020450768992304802, -0.3827822208404541, 0.5055028200149536, 0.755799412727356, 0.2355223000049591, -0.20314528048038483, 0.5762190818786621, 0.002564653754234314, 4.198241367703304e-05, 0.001278201350942254, -0.0031530936248600483, 0.00901391264051199, 0.0033201915211975574, 0.0, -0.38999998569488525, 0.47999998927116394, -0.22206895053386688, -0.6671021580696106, 0.6765443682670593, 0.2189696580171585, 0.269634872674942, 0.902188777923584, 0.01757282391190529, -0.3362193703651428, -0.04346729815006256, -0.4209485650062561, 0.5224546194076538, 0.1349509209394455, 0.7767795920372009, 0.6070970296859741, 0.0991704910993576, 0.00255604088306427, -7.694797386648133e-05, 0.0019496511667966843, -0.019417406991124153, 0.0009974120184779167, 0.016725435853004456, -0.003094016807153821, -0.45487332344055176, 0.49932196736335754, 0.00988808088004589, -0.23195333778858185, 0.9715642333030701, -0.04650546610355377, 0.004292973317205906, 0.0014072456397116184, 0.004169339779764414, -0.06447457522153854, -0.005212289281189442, 0.03000585362315178, 0.011799676343798637, -0.39358168840408325, 0.5473567247390747, 0.05001050606369972, 0.8348433375358582, 0.5473580956459045, 0.030569370836019516, 0.0024454311933368444, 0.0007011664565652609, 0.0031131249852478504, 0.0693473070859909, -0.008392930030822754, -0.04851950705051422, 0.020716708153486252, -0.37167924642562866, 0.5604169368743896, -0.19323281943798065, 0.7088049650192261, 0.675316572189331, -0.0648389458656311, 0.000663211802020669, -0.0008109523914754391, 0.00439991382881999, 0.09139630198478699, 0.02348720282316208, 0.03893647342920303, -0.06518342345952988, -0.3733912706375122, 0.5238023996353149, 0.26950541138648987, -0.6336888670921326, 0.5571534037590027, 0.4640960991382599, 0.0008213975816033781, -8.627108036307618e-05, 0.0011373291490599513, -0.01893283613026142, -0.00990268588066101, -0.0029809153638780117, 0.0029705907218158245, -0.007414636202156544, -0.002158414339646697, -0.00011758451000787318, -1.3981172742205672e-05, 1.7974962247535586e-05, 0.010466226376593113, 0.008305365219712257, -0.009683855809271336, -0.0001517816708656028, 4.7292116505559534e-05, -9.079657320398837e-05, 0.001820912817493081, 0.024836136028170586, 0.024625934660434723, -0.00025693263160064816, -0.00010823267075465992, 5.605270780506544e-05, 0.01993216946721077, -0.005470840726047754, 0.03834984451532364, 0.000825114781036973, 8.512350291312032e-08, -0.0002578131970949471, -0.008029291406273842, -0.0020998225081712008, 0.002213363302871585, 1.9239101675339043e-05, -0.00010285518510499969, -7.914510206319392e-05, 0.5147620439529419, 0.14345912635326385, 1.0, -0.6536722183227539, 1.0, -0.23875293135643005, -0.9970487356185913, -0.24237072467803955, 0.6591792106628418, 0.43175840377807617, -0.12852519750595093, 0.8243820667266846, -0.8198935985565186, 1.0, 0.30520308017730713, 0.9827880263328552, -0.3918929696083069, 0.40269070863723755, 1.0, 0.11618559062480927]
[0.5143793821334839, 0.127973735332489, 1.0, -0.6534894108772278, 1.0000221729278564, 1.0000042915344238, -0.23743975162506104, -0.9988456964492798, -0.24363473057746887, -0.31707441806793213, 0.3745857775211334, 0.3738762140274048, 0.3896080553531647, 0.7929129004478455, -0.28714966773986816, -1.000002145767212, 0.5457462668418884, 0.12779539823532104, 0.1669912040233612, 0.9827085137367249, -0.3906841576099396, 0.40337562561035156, 1.0000054836273193, 0.1160515695810318, -0.0027816935908049345, 0.0033302083611488342, -1.081288587556628e-07, -1.7044972992152907e-05, -1.2144385941326163e-08, 5.960142246408395e-08, -0.002488098805770278, 0.002060709288343787, 0.0022630130406469107, 0.0031863299664109945, 0.011382348835468292, -0.00043801264837384224, -0.006097689736634493, -0.006548205856233835, 0.00559908477589488, -7.952347118589387e-07, -0.009154933504760265, -0.005346884950995445, -0.010764448903501034, -0.0009364875149913132, -0.0025034938007593155, -0.0005106570897623897, -4.2492348484302056e-07, 0.0011608725180849433, 0.012218658812344074, -0.004957991186529398, 0.00027704911190085113, -0.0003794178774114698, -5.525808228412643e-05, -1.6409262570959982e-06, 0.0004967522691003978, -0.00045870611211284995, -0.00021531825768761337, -0.00011341424396960065, 0.0002006383438128978, 0.003956921398639679, 0.0003225427644792944, -0.0004347620706539601, 0.00492319418117404, 9.865521860774606e-05, 0.003368317848071456, 0.0015397525858134031, 0.0005217475118115544, 4.967456334270537e-05, -0.00018296411144547164, -3.1780331482877955e-05, -4.1340303141623735e-05, -2.114953167620115e-05, -0.020416028797626495, -0.38278695940971375, 0.5055086016654968, 0.7557380795478821, 0.23572754859924316, -0.20319069921970367, 0.5761995315551758, 0.0021096861455589533, -0.00013897230383008718, 0.0008661990286782384, -0.005906912498176098, 0.0054674712009727955, 0.0031260759569704533, 0.0, -0.38999998569488525, 0.47999998927116394, -0.22206895053386688, -0.6671021580696106, 0.6765443682670593, 0.2189696580171585, 0.2695084512233734, 0.9021690487861633, 0.01748957298696041, -0.33637765049934387, -0.04342551529407501, -0.42095568776130676, 0.5224657654762268, 0.13485170900821686, 0.7768310308456421, 0.6070652604103088, 0.09909702092409134, 0.0020960301626473665, -6.0169724747538567e-05, 0.0019412159454077482, -0.01656949892640114, -0.0002404788538115099, 0.013908126391470432, -0.0030308286659419537, -0.4548666477203369, 0.49935194849967957, 0.009922750294208527, -0.23155377805233002, 0.9716482162475586, -0.04673478752374649, 0.003670178120955825, 0.0012073991820216179, 0.004031951539218426, -0.05402381345629692, -0.004150269087404013, 0.026255715638399124, 0.011823287233710289, -0.39360761642456055, 0.5473657846450806, 0.050294794142246246, 0.8344961404800415, 0.5478491187095642, 0.030787482857704163, 0.0020368960686028004, 0.0006197645561769605, 0.002791931154206395, 0.04829477146267891, -0.006286453455686569, -0.04322298616170883, 0.020749323070049286, -0.37171512842178345, 0.5604456663131714, -0.19331160187721252, 0.7080994844436646, 0.6760101318359375, -0.06508463621139526, 0.0004987469874322414, -0.0007048820261843503, 0.0041953204199671745, 0.08347290754318237, 0.022323526442050934, 0.034630488604307175, -0.06516918540000916, -0.3733988106250763, 0.5238028764724731, 0.26942411065101624, -0.6336847543716431, 0.5572120547294617, 0.464078426361084, 0.0007483349763788283, 1.3056785974185914e-05, 0.0012905070325359702, -0.019335446879267693, -0.007262906525284052, -0.0018948649521917105, 0.002019549487158656, -0.0020832386799156666, -0.0007020195480436087, -3.288950756541453e-05, -1.2363735550025012e-05, 7.09722871761187e-06, 0.00283461669459939, 0.002587307244539261, -0.0025261074770241976, -7.460463530151173e-05, 7.024839305813657e-06, -1.180881736217998e-05, 0.0014577885158360004, 0.016381338238716125, 0.012632342986762524, -0.00018904202443081886, -3.127512172795832e-05, 1.584584970260039e-05, 0.010006007738411427, -0.003121760440990329, 0.022379830479621887, 0.00047492110752500594, -7.51885096406113e-08, -0.00012739385419990867, -0.000655094743706286, 0.000781523936893791, 0.00010733994713518769, 3.7593267734337132e-06, -1.0668013601389248e-05, -1.4854341316095088e-05, 0.5136945843696594, 0.14430153369903564, 1.0, -0.6533337235450745, 1.0, -0.23990045487880707, -0.9961238503456116, -0.24236860871315002, 0.6586297154426575, 0.43357032537460327, -0.1309938281774521, 0.8243882656097412, -0.8208264112472534, 1.0, 0.3053598701953888, 0.9824390411376953, -0.3922521770000458, 0.4026336669921875, 1.0, 0.11669735610485077]
[0.5137627720832825, 0.12807179987430573, 1.0, -0.6535191535949707, 1.0000221729278564, 1.0000042915344238, -0.23784127831459045, -0.9986885190010071, -0.24341633915901184, -0.3167835474014282, 0.3770604729652405, 0.373481810092926, 0.3893805742263794, 0.7925219535827637, -0.28650084137916565, -1.000002145767212, 0.5447194576263428, 0.12720374763011932, 0.16584926843643188, 0.9826642274856567, -0.3909156620502472, 0.4032347500324249, 1.0000056028366089, 0.11611129343509674, -0.0020313647110015154, 0.002930654911324382, -5.751935532316566e-07, -0.0005754500161856413, -8.729718281585974e-09, 2.1998721067006954e-08, -0.0011891070753335953, 0.0009102858020924032, 0.001607082667760551, 0.0022812008392065763, 0.010824216529726982, 0.0005325815873220563, -0.005826166830956936, -0.006580191198736429, 0.005692569073289633, -1.0077459364765673e-06, -0.007946119643747807, -0.0034946135710924864, -0.010281550697982311, -2.2605934645980597e-05, -0.0014588907361030579, -0.000365571235306561, -3.886452759616077e-07, 0.0001388361706631258, 0.015141645446419716, -0.01312151551246643, 0.0003322385309729725, -0.0005763859371654689, -1.697045263426844e-05, 2.3233396859723143e-05, 0.0009561171755194664, -0.0011687084333971143, -0.00043943090713582933, -0.00016363023314625025, 0.00040552171412855387, 0.0053891586139798164, 0.0008550722850486636, -0.0004192734486423433, 0.007851706817746162, 0.00014706372166983783, 0.004726004786789417, 0.0019827871583402157, 0.0006528536905534565, 0.00027796332142315805, -0.00030511803925037384, -9.07854046090506e-05, -0.00024000316625460982, -0.00010689341434044763, -0.020392008125782013, -0.38279053568840027, 0.505513608455658, 0.7557000517845154, 0.23580919206142426, -0.2031274139881134, 0.5762383341789246, 0.0015067656058818102, 0.00025196888600476086, 0.0008436194038949907, -0.006243735086172819, 0.005610184278339148, 0.0028340481221675873, 0.0, -0.38999998569488525, 0.47999998927116394, -0.22206895053386688, -0.6671021580696106, 0.6765443682670593, 0.2189696580171585, 0.2694113850593567, 0.9022011160850525, 0.017433641478419304, -0.33637234568595886, -0.04339388385415077, -0.42096298933029175, 0.5224725604057312, 0.13477222621440887, 0.7768547534942627, 0.6070612668991089, 0.09904405474662781, 0.0014999134000390768, -5.5242977396119386e-05, 0.001643793424591422, -0.011935809627175331, -0.0011383135570213199, 0.010131784714758396, -0.0029835619498044252, -0.45486196875572205, 0.4993734359741211, 0.009948166087269783, -0.23126941919326782, 0.9717076420783997, -0.046899739652872086, 0.0024623777717351913, 0.0008334806771017611, 0.0031467610970139503, -0.038532257080078125, -0.0026565983425825834, 0.01604367047548294, 0.011841129511594772, -0.3936235010623932, 0.5473715662956238, 0.05056751146912575, 0.8342776298522949, 0.5481457114219666, 0.030982553958892822, 0.0015869279159232974, 0.0007505228277295828, 0.0025532995350658894, 0.04427974298596382, -0.00567524554207921, -0.044163621962070465, 0.020775718614459038, -0.37175309658050537, 0.5604718923568726, -0.19337233901023865, 0.7074229121208191, 0.6766796708106995, -0.0653023049235344, -2.7370464522391558e-05, -0.00035995119833387434, 0.003591483924537897, 0.06895733624696732, 0.015567101538181305, 0.02787790074944496, -0.06515589356422424, -0.3734058439731598, 0.5238035917282104, 0.26939329504966736, -0.6336814165115356, 0.5572497844696045, 0.4640556871891022, 0.0007649077451787889, -1.830745895858854e-05, 0.0011335008312016726, -0.011956702917814255, -0.0031687640585005283, 0.0019325491739436984, 0.0023269797675311565, -0.0038509955629706383, -0.00030755691113881767, -3.453153476584703e-05, -1.3819172636431176e-05, 1.4025716154719703e-05, 0.0053412457928061485, 0.004755910951644182, -0.005835868418216705, -9.229157876688987e-05, 2.0454490368138067e-05, -3.657447814475745e-05, 0.0014648142969235778, 0.01888982206583023, 0.02079762890934944, -0.0001359261805191636, -7.009076216490939e-05, 3.654896863736212e-05, 0.01661118119955063, -0.0020751003175973892, 0.030732274055480957, 0.0006217272020876408, 4.293375241104513e-06, -0.00021825364092364907, -0.0038947639986872673, 0.0016080144559964538, 0.0009769788011908531, -2.9298578283487586e-06, -4.457719478523359e-05, -2.9055352570139803e-05, 0.5147473812103271, 0.14376863837242126, 1.0, -0.6537684202194214, 1.0, -0.23829622566699982, -0.9969419836997986, -0.24254155158996582, 0.6591750979423523, 0.4312511086463928, -0.12834446132183075, 0.8246785998344421, -0.8199770450592041, 1.0, 0.30519258975982666, 0.9828975200653076, -0.39160192012786865, 0.4027688801288605, 1.0, 0.11597777158021927]
[0.5132651329040527, 0.12815645337104797, 1.0, -0.6535152196884155, 1.0000221729278564, 1.0000042915344238, -0.23822742700576782, -0.9985236525535583, -0.24322034418582916, -0.31656113266944885, 0.3792869448661804, 0.37317538261413574, 0.3890237808227539, 0.7922378778457642, -0.2859165668487549, -1.000002145767212, 0.5438588261604309, 0.12678207457065582, 0.1647627204656601, 0.9826102256774902, -0.3911309838294983, 0.40310660004615784, 1.0000056028366089, 0.11615097522735596, -0.0018347486620768905, 0.0029546471778303385, -5.095545816402591e-07, 0.00014589870988857, -9.525805699794887e-10, -6.463348967145066e-08, -0.001806788146495819, 0.0015288152499124408, 0.0016689415788277984, 0.001959102228283882, 0.009511159732937813, 0.002241475274786353, -0.006464020814746618, -0.0057014659978449345, 0.006361001171171665, -1.2213673699079663e-06, -0.006734800525009632, -0.002461069030687213, -0.009795301593840122, -0.0007192067569121718, -0.001861302531324327, -0.00041202176362276077, -4.725058317944786e-07, 0.00039850451867096126, 0.0012888796627521515, -0.010137646459043026, 1.4244356862036511e-05, -0.00029323360649868846, 3.340224429848604e-05, 2.708701867959462e-05, -0.0003125639632344246, -0.0006328244344331324, -0.00018841351266019046, -5.153971869731322e-05, 0.00023496869835071266, 0.005893516819924116, 0.0010198581730946898, -0.0004454955051187426, 0.009243852458894253, 5.693433922715485e-05, 0.005385356489568949, 0.0020471643656492233, 0.0006468521896749735, 0.00010898050095420331, -0.00037833891110494733, -0.00019073591101914644, -0.00016813100955914706, -4.540779264061712e-05, -0.020371688529849052, -0.38279402256011963, 0.5055181384086609, 0.7556806206703186, 0.23588307201862335, -0.20308730006217957, 0.5762478113174438, 0.0012600371846929193, 0.0004714129609055817, 0.0008028706652112305, -0.008480190299451351, 0.005031326320022345, 0.0034546968527138233, 0.0, -0.38999998569488525, 0.47999998927116394, -0.22206895053386688, -0.6671021580696106, 0.6765443682670593, 0.2189696580171585, 0.26933249831199646, 0.9022194743156433, 0.017406707629561424, -0.33638817071914673, -0.04336804151535034, -0.42096805572509766, 0.522479236125946, 0.13470889627933502, 0.7768813967704773, 0.6070484519004822, 0.09899996221065521, 0.001389443757943809, 9.35583739192225e-05, 0.0017408159328624606, -0.015460324473679066, 4.68321013613604e-05, 0.009183441288769245, -0.002943997737020254, -0.4548574686050415, 0.4993935227394104, 0.009970074519515038, -0.23102101683616638, 0.9717596173286438, -0.047043830156326294, 0.0024746085982769728, 0.0009262955863960087, 0.0033904751762747765, -0.04043366014957428, -0.0029254285618662834, 0.01814350113272667, 0.011854701675474644, -0.3936382830142975, 0.547378420829773, 0.05081973224878311, 0.8340720534324646, 0.5484248399734497, 0.03116377256810665, 0.001468316768296063, 0.0011334811570122838, 0.002549185883253813, 0.034478068351745605, -0.004745349287986755, -0.03854862228035927, 0.02079596370458603, -0.37178319692611694, 0.5604933500289917, -0.19342365860939026, 0.7068452835083008, 0.6772509813308716, -0.0654832273721695, -0.0004393889685161412, 0.00021618408209178597, 0.0032923531252890825, 0.054442767053842545, 0.007865196093916893, 0.024518974125385284, -0.06514651328325272, -0.37341073155403137, 0.5238043069839478, 0.26935702562332153, -0.6336847543716431, 0.5572806596755981, 0.4640350043773651, 0.00040782749420031905, 0.0001714841928333044, 0.001159421750344336, -0.01479115430265665, -0.006116207223385572, -0.001657659187912941, -2.7502681405167095e-05, -0.0023810300044715405, 0.00035838648909702897, -8.62842716742307e-06, 7.07000936017721e-07, 7.979755537235178e-06, -0.0016142085660248995, 0.002021537395194173, -0.0030987707432359457, -2.12166560231708e-05, -9.178167601930909e-06, 2.418797703285236e-05, -0.0003137059975415468, 0.020934557542204857, 0.023389186710119247, -0.00013147715071681887, -4.6037948777666315e-05, 2.478990427334793e-05, 0.017295651137828827, 0.0003094048297498375, 0.03404915705323219, 0.0006514933193102479, 2.6148480174015276e-05, -0.00025430816458538175, -0.002385395113378763, 0.0026912183966487646, 0.0006602309294976294, -1.4743153769813944e-05, -7.241467301355442e-06, 7.658589311176911e-06, 0.513313889503479, 0.14433009922504425, 1.0, -0.6530113816261292, 1.0, -0.24071578681468964, -0.9958999752998352, -0.2421363890171051, 0.6584482192993164, 0.4340249300003052, -0.1311565339565277, 0.823891818523407, -0.8213924169540405, 1.0, 0.3060448467731476, 0.9822890162467957, -0.39248597621917725, 0.40233364701271057, 1.0, 0.11640143394470215]
[0.5128158926963806, 0.12825989723205566, 0.9999995827674866, -0.6534428000450134, 1.0000221729278564, 1.0000042915344238, -0.23863278329372406, -0.9982977509498596, -0.24304786324501038, -0.31635284423828125, 0.3811988830566406, 0.37290889024734497, 0.3889196813106537, 0.792111873626709, -0.2852555215358734, -1.000002145767212, 0.5430417060852051, 0.12634091079235077, 0.1636907458305359, 0.9825161099433899, -0.3913509249687195, 0.4029780924320221, 1.0000056028366089, 0.11618201434612274, -0.0016523387748748064, 0.003188725560903549, 7.745238690404221e-05, 0.0006261877715587616, -2.608612170718061e-08, 1.89687465734778e-08, -0.0015396644594147801, 0.0020875935442745686, 0.0012999320169910789, 0.001816173316910863, 0.008486063219606876, 0.001816369011066854, -0.005770923104137182, -0.005063728429377079, 0.005520607810467482, -1.2386225307636778e-06, -0.005720378831028938, -0.0022554746828973293, -0.009817826561629772, -0.0011025016428902745, -0.0016828341176733375, -0.000379333010641858, -2.791125552903395e-07, 0.00013938979827798903, -0.002319090534001589, -0.009402994997799397, 3.852801091852598e-05, -0.0003191862197127193, 1.7412046872777864e-05, 2.125194441759959e-05, -0.00027756986673921347, -0.0006014963728375733, -0.00021008389012422413, -6.61659287288785e-05, 0.000318849750328809, 0.006638385355472565, 0.0011925025610253215, -0.0004496946348808706, 0.010916775092482567, 3.748217204702087e-05, 0.006280736066401005, 0.0022926379460841417, 0.0006944305496290326, 0.00017936527729034424, -1.1669515515677631e-05, 2.4476187263644533e-06, -0.0002081059938063845, -7.017762254690751e-05, -0.020352642983198166, -0.3827953636646271, 0.505523681640625, 0.7556239366531372, 0.23600368201732635, -0.20311574637889862, 0.5762627124786377, 0.0012973427074030042, 0.00033923471346497536, 0.000725159770809114, -0.007846525870263577, 0.00896630622446537, 0.0036783465184271336, 0.0, -0.38999998569488525, 0.47999998927116394, -0.22206895053386688, -0.6671021580696106, 0.6765443682670593, 0.2189696580171585, 0.2692607641220093, 0.9022111296653748, 0.017325814813375473, -0.33647191524505615, -0.04334403946995735, -0.4209703207015991, 0.5224892497062683, 0.13465343415737152, 0.7769267559051514, 0.6070095300674438, 0.0989576056599617, 0.0012683204840868711, 0.0002370207803323865, 0.0019326912006363273, -0.01889840140938759, 0.000831450626719743, 0.007904919795691967, -0.0029070423915982246, -0.45485249161720276, 0.4994182288646698, 0.00999058224260807, -0.23075801134109497, 0.9718150496482849, -0.0471838153898716, 0.0021889617200940847, 0.0009595212177373469, 0.003737782360985875, -0.04183679446578026, -0.0029344274662435055, 0.01589588262140751, 0.011867678724229336, -0.3936466872692108, 0.5473840236663818, 0.05103682354092598, 0.8339688777923584, 0.5485531687736511, 0.031311824917793274, 0.00131109484937042, 0.0011041030520573258, 0.002526854397729039, 0.028810203075408936, -0.004395863972604275, -0.03432082384824753, 0.020812012255191803, -0.3718099892139435, 0.560516357421875, -0.19347773492336273, 0.7062890529632568, 0.67779940366745, -0.0656500905752182, -0.000382252037525177, 0.00043444393668323755, 0.0031697640661150217, 0.05013548955321312, 0.009169468656182289, 0.022695496678352356, -0.06513990461826324, -0.37341344356536865, 0.5238062143325806, 0.2692987322807312, -0.6336888074874878, 0.5573230981826782, 0.4640125036239624, 0.0003234468458686024, 0.0002876260259654373, 0.001334168016910553, -0.016574781388044357, -0.007456348743289709, -0.0011013816110789776, -0.00030865249573253095, -0.00238786987029016, 0.0002175839908886701, -1.4566102436219808e-05, -9.967297955881804e-06, 1.0482415746082552e-05, -0.00148288335185498, 0.002324905013665557, -0.002981480211019516, -3.1292354833567515e-05, -5.4305810408550315e-06, 1.562528996146284e-05, -0.0009622217621654272, 0.02315131574869156, 0.026642829179763794, -0.00010242490679956973, -6.586084782611579e-05, 3.389106132090092e-05, 0.019650354981422424, 0.0017300021136179566, 0.0392855703830719, 0.0007203806308098137, 3.6483030271483585e-05, -0.00029637981788255274, -0.0031406714115291834, 1.926864388224203e-05, 0.0009463215828873217, 1.5426406889673672e-06, -1.992688703467138e-05, 3.734899109986145e-07, 0.5130491852760315, 0.14460009336471558, 1.0, -0.6527159810066223, 1.0, -0.24083168804645538, -0.995466411113739, -0.24225354194641113, 0.6584567427635193, 0.43431538343429565, -0.1311102658510208, 0.8233248591423035, -0.8213037252426147, 1.0, 0.3058863580226898, 0.9820671081542969, -0.39237669110298157, 0.40242356061935425, 1.0, 0.11618834733963013]
[0.5124049186706543, 0.1283891499042511, 1.0, -0.6533343195915222, 1.0000221729278564, 1.0000042915344238, -0.2390384078025818, -0.9980281591415405, -0.24289952218532562, -0.3161696791648865, 0.3829275965690613, 0.3726290464401245, 0.38855117559432983, 0.7917906045913696, -0.28492599725723267, -1.000002145767212, 0.5424073338508606, 0.12604102492332458, 0.16265057027339935, 0.9823975563049316, -0.39155876636505127, 0.40286514163017273, 1.0000056028366089, 0.11620363593101501, -0.0015611107228323817, 0.0032707590144127607, -7.446781324915719e-08, 0.0010381101164966822, -1.136128702228234e-08, 2.3536030013815434e-08, -0.0016127413837239146, 0.0023771305568516254, 0.0011625450570136309, 0.001558517455123365, 0.007609629537910223, 0.0030682049691677094, -0.005590693559497595, -0.0061285593546926975, 0.006068692542612553, -1.3626969348479179e-06, -0.005018436349928379, -0.0017081790138036013, -0.009465046226978302, -0.0013606891734525561, -0.0016475914744660258, -0.00034002744359895587, -5.136720915288606e-07, 0.0001419672480551526, -0.0014671566896140575, -0.009308528155088425, -4.849215110880323e-05, -0.00023179801064543426, 4.2115985706914216e-05, 2.7096393750980496e-05, -0.00017066305736079812, -0.0006366650341078639, -0.00020883702381979674, -6.551398109877482e-05, 0.00025589377037249506, 0.00546712800860405, 0.0007516827899962664, -0.0005511880735866725, 0.008444143459200859, 3.82286416424904e-05, 0.005212323274463415, 0.0020419431384652853, 0.0006452360539697111, 0.00019567145500332117, -7.857257151044905e-05, -2.9954895580885932e-05, -0.0002116318792104721, -6.501431198557839e-05, -0.020335102453827858, -0.38279661536216736, 0.5055307149887085, 0.7555838823318481, 0.2360757291316986, -0.2031095027923584, 0.5762879848480225, 0.0010325172916054726, 0.0006049882504157722, 0.0009728501318022609, -0.00798730831593275, 0.010860413312911987, 0.005687070544809103, 0.0, -0.38999998569488525, 0.47999998927116394, -0.22206895053386688, -0.6671021580696106, 0.6765443682670593, 0.2189696580171585, 0.269204705953598, 0.9022181034088135, 0.017267316579818726, -0.3365013599395752, -0.04332174360752106, -0.4209705889225006, 0.5225025415420532, 0.1346033364534378, 0.7769845128059387, 0.6069530248641968, 0.09891825169324875, 0.0012290541781112552, 0.0003251532616559416, 0.002027776325121522, -0.021253230050206184, 0.0014905878342688084, 0.007856086827814579, -0.0028725448064506054, -0.4548470675945282, 0.4994473457336426, 0.010010008700191975, -0.23048976063728333, 0.971872091293335, -0.04731791839003563, 0.0021205057855695486, 0.0009751960751600564, 0.003885307116433978, -0.04172097146511078, -0.002907919231802225, 0.0158062893897295, 0.01187878753989935, -0.393659383058548, 0.5473940372467041, 0.05122565105557442, 0.8337692618370056, 0.5488308072090149, 0.03145658224821091, 0.0012723705731332302, 0.00150352215860039, 0.0025827279314398766, 0.02657640166580677, -0.004329379182308912, -0.030390197411179543, 0.02083088457584381, -0.371830552816391, 0.5605343580245972, -0.19350309669971466, 0.705805242061615, 0.6782796382904053, -0.065819151699543, -0.000656966760288924, 0.0008216311689466238, 0.0030325674451887608, 0.040845759212970734, 0.004000282846391201, 0.020833322778344154, -0.06513472646474838, -0.3734144866466522, 0.5238102078437805, 0.2692287266254425, -0.6336877942085266, 0.5573776364326477, 0.46398887038230896, 0.0002558022679295391, 0.00035263350582681596, 0.0014129364863038063, -0.018031058833003044, -0.008262510411441326, -0.0012644771486520767, -0.0004894760204479098, -0.0020397393964231014, 0.00047675741370767355, -3.499693548292271e-06, 3.5203606785216834e-06, 6.6065022110706195e-06, -0.0009023218881338835, 0.002316477010026574, -0.0030774869956076145, -3.0766826967010275e-05, -2.742609012784669e-06, 9.926762686518487e-06, -0.0007424968061968684, 0.02130911871790886, 0.020194968208670616, -0.00023155126837082207, -5.242759652901441e-05, 2.7546475394046865e-05, 0.015610144473612309, -0.0007390700047835708, 0.033079296350479126, 0.0006341499974951148, 2.7799393137684092e-05, -0.00023379773483611643, -0.003061446826905012, 0.00045154246618039906, 0.0009452528902329504, -2.0696527371910634e-06, -1.603116834303364e-05, -2.4043376924964832e-06, 0.5126270651817322, 0.14481902122497559, 1.0, -0.6525625586509705, 1.0, -0.24148494005203247, -0.9950597286224365, -0.24215459823608398, 0.6582245826721191, 0.43514484167099, -0.13189493119716644, 0.8232205510139465, -0.8217577934265137, 1.0, 0.30620354413986206, 0.9818585515022278, -0.39259079098701477, 0.40239769220352173, 1.0, 0.11625298857688904]
[0.5120365023612976, 0.12851674854755402, 1.0, -0.6532244086265564, 1.0000221729278564, 1.0000042915344238, -0.23946136236190796, -0.9977799654006958, -0.24277128279209137, -0.3160107135772705, 0.3844132721424103, 0.3723551034927368, 0.3886229693889618, 0.7917344570159912, -0.28427526354789734, -1.000002145767212, 0.5417558550834656, 0.12566381692886353, 0.1616046279668808, 0.9822918772697449, -0.391742467880249, 0.4027624726295471, 1.0000056028366089, 0.11621418595314026, -0.0013241305714473128, 0.003287865314632654, -3.286136163183073e-08, 0.0008235399727709591, 5.992262797072101e-10, 3.328790043610752e-08, -0.0013598300283774734, 0.0020786833483725786, 0.0009300582460127771, 0.0013328759232535958, 0.006639846600592136, 0.0009563324856571853, -0.004212433006614447, -0.0035265092737972736, 0.004018283914774656, -9.259538273909129e-07, -0.004598779138177633, -0.0015912071103230119, -0.009656057693064213, -0.0009729695739224553, -0.0013963868841528893, -0.000319096987368539, -9.969019032496362e-08, -1.840307049860712e-05, 0.0003954877029173076, -0.011696059256792068, -8.780695679888595e-06, -0.00046062516048550606, 2.3235691060108365e-06, 2.2433940102928318e-05, 0.000322387320920825, -0.0007801058236509562, -0.00025808418286032975, -7.930379797471687e-05, 0.00032275193370878696, 0.0058035156689584255, 0.001043371856212616, -0.0003431305231060833, 0.009586254134774208, 6.0740901972167194e-05, 0.005503969267010689, 0.002046615816652775, 0.0006191676366142929, 0.0003227582492399961, -9.228639828506857e-05, -3.391257632756606e-05, -0.00029596147942356765, -9.654394671088085e-05, -0.020319387316703796, -0.38279902935028076, 0.5055372714996338, 0.7555415630340576, 0.23614700138568878, -0.20310819149017334, 0.5763145685195923, 0.0008321355562657118, 0.0002034486096818, 0.0013601573882624507, -0.00494881859049201, 0.005140368826687336, 0.0035367358941584826, 0.0, -0.38999998569488525, 0.47999998927116394, -0.22206895053386688, -0.6671021580696106, 0.6765443682670593, 0.2189696580171585, 0.2691522538661957, 0.9022231101989746, 0.017205605283379555, -0.3365328013896942, -0.04330165684223175, -0.42097026109695435, 0.5225157141685486, 0.13455858826637268, 0.7770413756370544, 0.606895923614502, 0.0988827720284462, 0.0010383931221440434, 0.00034180370857939124, 0.0020129485055804253, -0.020326044410467148, 0.001133827376179397, 0.006660444661974907, -0.0028402681928128004, -0.4548420011997223, 0.49947482347488403, 0.010029670782387257, -0.23024725914001465, 0.9719228744506836, -0.04744833707809448, 0.0017943811835721135, 0.0008880520472303033, 0.0037507987581193447, -0.03804117813706398, -0.002515047788619995, 0.01336628571152687, 0.011889535933732986, -0.3936648666858673, 0.5473992824554443, 0.05139274522662163, 0.8337242007255554, 0.5488770604133606, 0.031568482518196106, 0.0010276585817337036, 0.0009549550013616681, 0.0022748757619410753, 0.017215970903635025, -0.0033677183091640472, -0.026692988350987434, 0.02084115333855152, -0.37184831500053406, 0.5605564713478088, -0.19355309009552002, 0.7053230404853821, 0.6787530779838562, -0.06596022099256516, -0.00021432084031403065, 0.0005369042628444731, 0.0028662628028541803, 0.044916339218616486, 0.01186909805983305, 0.019590439274907112, -0.06513003259897232, -0.3734152019023895, 0.5238144397735596, 0.26916688680648804, -0.6336864233016968, 0.557427704334259, 0.4639664590358734, 0.0002335223980480805, 0.00037032028194516897, 0.0014167347690090537, -0.01657959632575512, -0.006608226336538792, -0.0008653775439597666, -0.00022240135876927525, -0.0032175984233617783, 3.255689807701856e-05, -2.5830035156104714e-05, 1.9793978935922496e-06, 8.914415957406163e-06, 0.0017527687596157193, 0.0028108241967856884, -0.0038358743768185377, -3.7141442589927465e-05, 1.1625078514043707e-05, -1.9584602341637947e-05, -0.0005996570107527077, 0.019151264801621437, 0.023437220603227615, -5.586155748460442e-05, -6.444678001571447e-05, 3.384699084563181e-05, 0.01809326559305191, 0.0009846710599958897, 0.03459669277071953, 0.0006339376559481025, 2.929830770881381e-05, -0.0002667336957529187, -0.0043027023784816265, 0.00048797938507050276, 0.0013260026462376118, -4.412826456245966e-06, -2.7700702048605308e-05, -1.51800450112205e-05, 0.5128384232521057, 0.14465638995170593, 1.0, -0.6525450348854065, 1.0, -0.24129948019981384, -0.9951825141906738, -0.2421858012676239, 0.6583426594734192, 0.434800386428833, -0.13146072626113892, 0.8231567740440369, -0.8217238187789917, 1.0, 0.3061794936656952, 0.9820178747177124, -0.39253541827201843, 0.40233147144317627, 1.0, 0.11613807082176208]
[0.5117304921150208, 0.12862536311149597, 0.9999931454658508, -0.65313720703125, 1.0000221729278564, 1.0000042915344238, -0.23984673619270325, -0.997564971446991, -0.242654949426651, -0.31587305665016174, 0.3858215808868408, 0.37203505635261536, 0.3881218433380127, 0.7913283705711365, -0.28423017263412476, -1.000002145767212, 0.541333794593811, 0.12555333971977234, 0.16061292588710785, 0.9822150468826294, -0.39190489053726196, 0.4026739299297333, 1.0000056028366089, 0.1162169948220253, -0.001123674213886261, 0.0029925466515123844, -9.786576265469193e-05, 0.0005834652110934258, -5.383547829751478e-09, -4.373930551082594e-08, -0.0009681135416030884, 0.0019608407747000456, 0.000881687446963042, 0.0011826502159237862, 0.006182928569614887, 0.003356479573994875, -0.00431070476770401, -0.006146335043013096, 0.005814310163259506, -1.291071271225519e-06, -0.004112472292035818, -0.0006283006514422596, -0.008940177969634533, -0.0006409754860214889, -0.0013038960751146078, -0.00028129667043685913, -9.001791454466002e-07, -4.130527304369025e-05, 0.001964921597391367, -0.009186101146042347, -1.0246840247418731e-05, -0.00038107542786747217, -4.154903763264883e-06, 1.6491030692122877e-05, 0.0006682061357423663, -0.000500730297062546, -0.000150153340655379, -4.147360596107319e-05, 0.00021484782337211072, 0.003951708320528269, 0.00046123136417008936, -0.0005127651384100318, 0.006089931819587946, 5.532427894650027e-05, 0.0039059272967278957, 0.0016018003225326538, 0.0005278693861328065, 0.00024516036501154304, -0.0001676108513493091, -7.1203954576049e-05, -0.00022226321743801236, -7.073028245940804e-05, -0.020307453349232674, -0.38279983401298523, 0.5055431127548218, 0.7555078268051147, 0.23615731298923492, -0.203054741024971, 0.5763733983039856, 0.000863595400005579, 0.00010486827522981912, 0.0010036625899374485, -0.005620069336146116, -0.005365376826375723, 0.0009821077110245824, 0.0, -0.38999998569488525, 0.47999998927116394, -0.22206895053386688, -0.6671021580696106, 0.6765443682670593, 0.2189696580171585, 0.26911529898643494, 0.9022535681724548, 0.01715267077088356, -0.3364831805229187, -0.04328490421175957, -0.4209701120853424, 0.5225266814231873, 0.13452023267745972, 0.7770884037017822, 0.606849193572998, 0.0988529697060585, 0.0008848764118738472, 0.00029878001078031957, 0.0018128762021660805, -0.017715653404593468, 0.0007429875549860299, 0.00613552238792181, -0.0028127022087574005, -0.4548375606536865, 0.499498575925827, 0.010046721436083317, -0.23003549873828888, 0.9719672799110413, -0.047562483698129654, 0.001451335265301168, 0.000812090584076941, 0.0034422772005200386, -0.034990228712558746, -0.0022924274671822786, 0.010409917682409286, 0.011896396055817604, -0.3936828672885895, 0.5474089980125427, 0.05154462903738022, 0.8334673047065735, 0.5492454171180725, 0.031697966158390045, 0.0009772435296326876, 0.0015816970262676477, 0.0022778226993978024, 0.02027011848986149, -0.00361801078543067, -0.025418084114789963, 0.02085873857140541, -0.3718623220920563, 0.560566782951355, -0.19355010986328125, 0.7049331665039062, 0.6791442632675171, -0.06611037999391556, -0.0008904618443921208, 0.001006918027997017, 0.002606806345283985, 0.0314418189227581, 0.0005309167318046093, 0.016562648117542267, -0.06512624025344849, -0.37341591715812683, 0.5238175988197327, 0.2691187262535095, -0.6336881518363953, 0.5574640035629272, 0.46394839882850647, 0.00017458938236813992, 0.0003447405470069498, 0.0012553205015137792, -0.014083955436944962, -0.005209965165704489, -0.001215491909533739, -1.4826669939793646e-05, -0.0026023630052804947, -5.373493331717327e-05, -2.2544410967384465e-05, 5.394692379923072e-06, 5.874477210454643e-06, 0.0036070533096790314, 0.0016150721348822117, -0.0025584236718714237, -1.7247526557184756e-05, 2.0826744730584323e-05, -4.032098877360113e-05, -0.00016817684809211642, 0.016558025032281876, 0.014032600447535515, -0.00026439479552209377, -4.1508035792503506e-05, 2.2277414245763794e-05, 0.01195872388780117, -0.0018257340416312218, 0.02504449523985386, 0.0005004833801649511, 1.6486530512338504e-05, -0.00017254441627301276, -0.003191170748323202, 0.0010126830311492085, 0.0009675195906311274, -7.20556226951885e-06, -1.9671553673106246e-05, -1.275068279937841e-05, 0.5128547549247742, 0.14455284178256989, 1.0, -0.6527009010314941, 1.0, -0.24153442680835724, -0.9951229095458984, -0.24206796288490295, 0.658239483833313, 0.43499207496643066, -0.13168174028396606, 0.8235310316085815, -0.8221453428268433, 1.0, 0.3065847158432007, 0.9820923805236816, -0.3926801383495331, 0.40231096744537354, 1.0, 0.11614678055047989]
[0.5115047097206116, 0.12870414555072784, 1.0, -0.6530641317367554, 1.0000221729278564, 1.0000042915344238, -0.2401655912399292, -0.9974081516265869, -0.2425464391708374, -0.3157458007335663, 0.3871430456638336, 0.3716045022010803, 0.3866019546985626, 0.7900621891021729, -0.2856207489967346, -1.000002145767212, 0.5411738157272339, 0.12579721212387085, 0.15972110629081726, 0.9821859002113342, -0.392050564289093, 0.40258538722991943, 1.0000052452087402, 0.11622746288776398, -0.0010546103585511446, 0.0018426142632961273, -5.892722469980072e-07, 0.0006457373383454978, 2.8530349638344887e-08, -5.0796156614296706e-08, -0.0006476216949522495, 0.0014445106498897076, 0.0008573801605962217, 0.0011235516285523772, 0.007788759656250477, 0.016922859475016594, -0.005410987418144941, -0.016352688893675804, 0.02030554786324501, -5.017042894905899e-06, -0.0024523851461708546, -0.00034631192102096975, -0.007550849113613367, -3.094081694143824e-05, -0.0011759484186768532, -0.00030115558183752, -4.59710963696125e-06, 0.00011071145854657516, -0.00741494121029973, -0.03134861961007118, -0.00022170829470269382, -0.0011723757488653064, 2.5785902835195884e-05, 6.320427928585559e-05, 0.00022212025942280889, -0.0019261762499809265, -0.0005821475060656667, -0.00015149192768149078, 0.0007856573793105781, 0.011612625792622566, 0.003143885638564825, -0.0006014123209752142, 0.02493061125278473, 0.00011379982606740668, 0.012806948274374008, 0.003808361943811178, 0.0010975730838254094, 0.0008675061399117112, -0.0002674827992450446, -0.00013720180140808225, -0.0008243664633482695, -0.000251909252256155, -0.02029743790626526, -0.38279998302459717, 0.5055468082427979, 0.7554655075073242, 0.2362348735332489, -0.20309044420719147, 0.5763846635818481, 0.0005099878180772066, 0.0003446475020609796, 0.000587887829169631, -0.005848630331456661, -0.005416299216449261, 0.0015779940877109766, 0.0, -0.38999998569488525, 0.47999998927116394, -0.22206895053386688, -0.6671021580696106, 0.6765443682670593, 0.2189696580171585, 0.26907986402511597, 0.902241587638855, 0.017091790214180946, -0.33654722571372986, -0.043272584676742554, -0.420969694852829, 0.5225348472595215, 0.13449382781982422, 0.7771245837211609, 0.6068121790885925, 0.09883159399032593, 0.0008279988542199135, 0.00015903102757874876, 0.0011492026969790459, -0.012260900810360909, 0.0009361326228827238, 0.00530697125941515, -0.002791573526337743, -0.4548339247703552, 0.49951621890068054, 0.01005962211638689, -0.22986185550689697, 0.9720037579536438, -0.047652844339609146, 0.0012747101718559861, 0.0005972073995508254, 0.0022626088466495275, -0.026256902143359184, -0.0018821697449311614, 0.008469783701002598, 0.011897380463778973, -0.3937240540981293, 0.5474268198013306, 0.051669612526893616, 0.832775890827179, 0.5502718687057495, 0.031866446137428284, 0.0014618601417168975, 0.005138814449310303, 0.002283180831000209, 0.014798663556575775, -0.001963329967111349, -0.03374674543738365, 0.020901788026094437, -0.3718833327293396, 0.5605556964874268, -0.1934138685464859, 0.7046064734458923, 0.6795001029968262, -0.06633427739143372, -0.005349862389266491, 0.003994035068899393, 0.002694066148251295, -0.018634065985679626, -0.06544613838195801, 0.011734368279576302, -0.06512384116649628, -0.3734166622161865, 0.5238189697265625, 0.26908642053604126, -0.6336950659751892, 0.557476818561554, 0.4639424681663513, 0.000228790013352409, 9.973031410481781e-05, 0.0006587702082470059, -0.007044346537441015, -0.0025924881920218468, -0.0013706618919968605, -0.0020858971402049065, -0.008376763202250004, 0.0003746767761185765, -6.244717224035412e-05, 1.4699812709295657e-05, 2.1507898054551333e-05, 0.0011603099992498755, 0.006281725130975246, -0.009328128769993782, -5.726604285882786e-05, 1.7546990420669317e-05, -2.401899837423116e-05, -0.0027610829565674067, 0.03502818942070007, 0.055692046880722046, -7.598947559017688e-05, -0.00016303968732245266, 8.628387149656191e-05, 0.04659900814294815, 0.012641290202736855, 0.07630027830600739, 0.001287192339077592, 8.771150896791369e-05, -0.0007006190717220306, -0.011776532046496868, 0.001733802491798997, 0.0037135567981749773, -1.9522281945683062e-05, -6.348476017592475e-05, -2.716823473747354e-05, 0.5131986141204834, 0.1441640555858612, 1.0, -0.6527070999145508, 1.0, -0.24127297103405, -0.995464563369751, -0.24203011393547058, 0.6584421992301941, 0.43451428413391113, -0.13138286769390106, 0.8235988616943359, -0.822152853012085, 1.0, 0.306380957365036, 0.9824414849281311, -0.39272958040237427, 0.4021196961402893, 1.0, 0.11625292897224426]
[0.5110373497009277, 0.12886494398117065, 1.0, -0.6526683568954468, 1.0000221729278564, 1.0000042915344238, -0.241145059466362, -0.9968592524528503, -0.24237874150276184, -0.3156062662601471, 0.3878808617591858, 0.3718571960926056, 0.3865310847759247, 0.7898845076560974, -0.28451406955718994, -1.0000025033950806, 0.5407336950302124, 0.1251664161682129, 0.1587267518043518, 0.9819105863571167, -0.392476350069046, 0.4024059772491455, 1.0000053644180298, 0.11644896119832993, -0.0023599620908498764, 0.004746772348880768, -1.9644062376755755e-08, 0.00518448930233717, -1.0115634996310519e-09, -3.388539226989451e-08, -0.005531806033104658, 0.007008665706962347, 0.0017081048572435975, 0.0015849035698920488, 0.000835915096104145, -0.00652228994295001, 0.0003755517245735973, 0.004753003362566233, -0.002719483571127057, 1.3734799040321377e-06, -0.00398956099525094, -0.00842646136879921, -0.011028537526726723, -0.004916518926620483, -0.004363789223134518, -0.000670958252158016, 7.820906944289163e-07, 0.0029692405369132757, -0.03656268119812012, 0.02011062577366829, -0.0008199324365705252, 0.0015382154379040003, 0.00022234744392335415, 8.623583198641427e-06, -0.002480611437931657, 0.002931424416601658, 0.0011188217904418707, 0.0003833277150988579, -0.0007886815583333373, -0.0009837041143327951, 0.000536069564986974, 0.0008434447227045894, 0.0017276268918067217, -0.0002844897098839283, 0.00035202823346480727, -0.0008061532862484455, -0.0004975799238309264, -0.0008010037709027529, 0.0003828311455436051, 5.491752381203696e-05, 0.0005160421133041382, 0.0002473631757311523, -0.02027731202542782, -0.3828013241291046, 0.5055562257766724, 0.7553961873054504, 0.23637229204177856, -0.20309345424175262, 0.5764181017875671, 0.0014464540872722864, 0.0003815980744548142, 0.00238111917860806, -0.006689451634883881, -0.0034049940295517445, 0.0030943029560148716, 0.0, -0.38999998569488525, 0.47999998927116394, -0.22206895053386688, -0.6671021580696106, 0.6765443682670593, 0.2189696580171585, 0.26898112893104553, 0.9022464156150818, 0.016991743817925453, -0.33661821484565735, -0.043244700878858566, -0.42096269130706787, 0.5225590467453003, 0.13444702327251434, 0.7772576808929443, 0.6066616177558899, 0.09877309948205948, 0.002049308968707919, 0.0010021576890721917, 0.003364983946084976, -0.04821057617664337, 0.008199002593755722, 0.012047995813190937, -0.0027408103924244642, -0.45482420921325684, 0.49956321716308594, 0.010096660815179348, -0.22948622703552246, 0.9720802903175354, -0.04789447411894798, 0.004271859768778086, 0.0019465874647721648, 0.006913539953529835, -0.07498303055763245, -0.006128618028014898, 0.03932721167802811, 0.011916976422071457, -0.39370593428611755, 0.5474392771720886, 0.051715731620788574, 0.8328003287315369, 0.5502287149429321, 0.03189673274755478, 0.0012438263511285186, -0.0004852356796618551, 0.0019193957559764385, -0.016816282644867897, -0.001058471854776144, 0.0075966059230268, 0.020902086049318314, -0.3718857169151306, 0.5605852603912354, -0.1935196965932846, 0.7041690349578857, 0.6799127459526062, -0.06644321978092194, 0.00227671442553401, -0.0006602262728847563, 0.004070906899869442, 0.09129206091165543, 0.053471680730581284, 0.031966615468263626, -0.06512749195098877, -0.3734126687049866, 0.523822546005249, 0.26887184381484985, -0.633689820766449, 0.5575734376907349, 0.46395793557167053, -0.0006698932847939432, 0.0010256178211420774, 0.002176185604184866, -0.044297873973846436, -0.022931914776563644, -0.01728029176592827, -0.005905601195991039, 0.008434788323938847, 0.002711452078074217, 0.00013514539750758559, 3.5738517908612266e-05, -2.5162415113300085e-05, -0.01377754658460617, -0.011485136114060879, 0.01375879067927599, 0.00021105067571625113, -5.269535904517397e-05, 0.00010125891276402399, -0.004000383894890547, -0.011252721771597862, 0.001224195584654808, 0.0006746539147570729, 0.00013143497926648706, -6.595560989808291e-05, -0.0037375648971647024, 0.012840363197028637, -0.0021826066076755524, -0.0003049744409509003, 5.299739132169634e-05, -1.703134876152035e-05, 0.008336334489285946, -0.001312685664743185, -0.0022026095539331436, 4.335371158958878e-06, 0.00011398184869904071, 0.00010913641744991764, 0.5061807036399841, 0.14755494892597198, 1.0, -0.6482273936271667, 1.0, -0.25143030285835266, -0.9897151589393616, -0.24094036221504211, 0.6557130217552185, 0.4478856921195984, -0.1448616087436676, 0.8184182643890381, -0.8268753290176392, 1.0, 0.3073844313621521, 0.9790235161781311, -0.3963033854961395, 0.40088653564453125, 1.0, 0.11873101443052292]
[0.5107474327087402, 0.12894362211227417, 0.9999962449073792, -0.6526193618774414, 1.0000221729278564, 1.0000042915344238, -0.2414332628250122, -0.9966971278190613, -0.2422860860824585, -0.3154231607913971, 0.3886622488498688, 0.3710256814956665, 0.38702279329299927, 0.7896298170089722, -0.2843116521835327, -1.000002145767212, 0.5403529405593872, 0.12463585287332535, 0.1575714647769928, 0.9819133281707764, -0.39260345697402954, 0.4023239314556122, 1.0000054836273193, 0.11643735319375992, -0.00010327868221793324, 0.002047846792265773, -0.00010318774729967117, -0.002180865965783596, -2.0464783645479656e-08, -9.228722674947676e-09, 0.001756799640133977, -0.0018409788608551025, 1.7714419300318696e-05, 0.0012530619278550148, 0.004658275283873081, -0.005488377530127764, -0.0003147909592371434, -0.005505100823938847, -0.0021425029262900352, 6.085385848564329e-07, -0.00338707841001451, -0.000553447229322046, -0.010198547504842281, 0.00307347159832716, 0.0007451107958331704, -9.695934750197921e-06, -5.069309949590206e-08, -0.0018340818351134658, 0.05572320893406868, -0.02491655759513378, 0.0012142463820055127, -0.0021012541837990284, -0.0003349221951793879, -2.2940548660699278e-05, 0.004441005177795887, -0.003979234956204891, -0.001587448874488473, -0.0005520742852240801, 0.0008363982196897268, -0.001622827141545713, -0.0017265384085476398, -0.0007115002372302115, -0.007649637758731842, 0.000402771431254223, -0.0020380073692649603, 0.0008503338904120028, 0.0005065074074082077, 0.0012131311232224107, -0.00015511132369283587, 0.00015518136206083, -0.0007000018376857042, -0.0003680335939861834, -0.020263537764549255, -0.3828025758266449, 0.5055601000785828, 0.7553613781929016, 0.2364555299282074, -0.20313644409179688, 0.5764143466949463, -0.0001022734068101272, 0.00033930930658243597, 0.0008759855991229415, -0.003250222420319915, -0.003592007327824831, 7.571330206701532e-05, 0.0, -0.38999998569488525, 0.47999998927116394, -0.22206895053386688, -0.6671021580696106, 0.6765443682670593, 0.2189696580171585, 0.26894503831863403, 0.9022290706634521, 0.016943182796239853, -0.3366958498954773, -0.043229151517152786, -0.420963853597641, 0.5225664973258972, 0.13441047072410583, 0.7772895693778992, 0.6066332459449768, 0.09874582290649414, -3.067082434426993e-05, -5.167965719010681e-05, 0.0009437851840630174, 5.9680547565221786e-05, -0.0037421169690787792, 0.0009278407669626176, -0.0027163629420101643, -0.454820841550827, 0.49958091974258423, 0.01010983344167471, -0.2292952984571457, 0.9721205234527588, -0.04798954352736473, -0.0005103453295305371, 2.3207056074170396e-05, 0.0011287130182608962, -0.007404214236885309, 0.0003813275252468884, -0.008257251232862473, 0.011923735029995441, -0.39373284578323364, 0.5474331378936768, 0.05178503692150116, 0.8326799869537354, 0.5504006743431091, 0.03195706009864807, 4.1250401409342885e-05, -0.0008229809463955462, 0.0014780977508053184, 0.04587629437446594, -0.006350371055305004, -0.022979488596320152, 0.020916104316711426, -0.3719027638435364, 0.5606006979942322, -0.1935168206691742, 0.7036414742469788, 0.6804426312446594, -0.06661617010831833, 0.0008646405767649412, -0.0007603813428431749, 0.0018239868804812431, 0.060529038310050964, 0.0343991257250309, 0.012746287509799004, -0.06512140482664108, -0.3734155595302582, 0.5238237977027893, 0.2688666880130768, -0.633695125579834, 0.5575815439224243, 0.46394380927085876, 0.00069259392330423, -8.27930198283866e-05, 0.0006746361032128334, 0.0069807590916752815, 0.009965663775801659, 0.008198637515306473, 0.009007787331938744, -0.01121215708553791, -0.004093279130756855, -0.00019112290465272963, -4.9761867558117956e-05, 3.24301581713371e-05, 0.024496395140886307, 0.016182586550712585, -0.018846960738301277, -0.00030933553352952003, 9.993626736104488e-05, -0.0001993630430661142, 0.0067204865626990795, 0.0024147252552211285, -0.017214098945260048, -0.0006752792978659272, -0.00012612102727871388, 6.446887709898874e-05, -0.0036909054033458233, -0.02204071916639805, -0.006252985913306475, 0.00017589665367268026, -9.71866465988569e-05, 0.00016446926747448742, -0.01173330843448639, -0.0012438249541446567, 0.0030568346846848726, 1.4256415852287319e-05, -0.0001803006889531389, -0.00018045918841380626, 0.5178941488265991, 0.14173129200935364, 1.0, -0.6553937792778015, 1.0, -0.23497140407562256, -0.998523473739624, -0.24272659420967102, 0.6604058146476746, 0.42646539211273193, -0.12260310351848602, 0.8269245624542236, -0.8194683790206909, 1.0, 0.3057365417480469, 0.9846171140670776, -0.3905998468399048, 0.40319061279296875, 1.0, 0.11442676931619644]
[0.5108199119567871, 0.1287883073091507, 1.0, -0.6528415083885193, 1.0000221729278564, 1.0000042915344238, -0.24118903279304504, -0.9969576001167297, -0.24225278198719025, -0.31535258889198303, 0.38978055119514465, 0.37120765447616577, 0.386822909116745, 0.7892751693725586, -0.2839405834674835, -1.0000022649765015, 0.5399125218391418, 0.12469792366027832, 0.15661604702472687, 0.9821738004684448, -0.3924984037876129, 0.4023312032222748, 1.0000053644180298, 0.11631662398576736, 0.0006232890300452709, 0.0015009724302217364, -2.5301080341932902e-08, -0.0024109368678182364, -4.018892951762609e-08, 2.4199829695703556e-08, 0.0008322747307829559, -0.0030837387312203646, 0.00011956899106735364, 0.00024169885728042573, 0.0033585180062800646, -0.008028369396924973, 0.0005265349755063653, 0.0033132133539766073, -0.005134813487529755, 1.7760170294423006e-06, -0.004138933029025793, -0.00038959193625487387, -0.008925649337470531, 0.0036650511901825666, 0.0004792812396772206, -9.632018918637186e-05, 9.868643928712117e-07, -0.0008559591951780021, 0.02284933067858219, 0.00789931882172823, 0.0005442905239760876, 0.00020655679691117257, -3.560687036952004e-05, -1.897790025395807e-05, 0.00044014572631567717, 0.0002692293201107532, 5.92204014537856e-05, -1.725402762531303e-05, -0.0004140230012126267, -0.0077260080724954605, -0.0017539382679387927, 0.0005272102425806224, -0.014673709869384766, 7.81612834543921e-05, -0.007591914385557175, -0.002411529654636979, -0.0006724914419464767, -0.00035380886401981115, -0.000764461001381278, -0.000365922023775056, 0.0003500145976431668, 0.00013034811126999557, -0.020266205072402954, -0.3828059434890747, 0.5055506825447083, 0.7554187178611755, 0.23649290204048157, -0.20315177738666534, 0.5763185620307922, -0.00039888484752736986, 0.00027012525242753327, 0.0002310765557922423, -0.003617724170908332, 0.004720631521195173, 0.0013436729786917567, 0.0, -0.38999998569488525, 0.47999998927116394, -0.22206895053386688, -0.6671021580696106, 0.6765443682670593, 0.2189696580171585, 0.26892125606536865, 0.9022087454795837, 0.017034582793712616, -0.3367649018764496, -0.04323499649763107, -0.4209716022014618, 0.5225479006767273, 0.1344161182641983, 0.7772071957588196, 0.6067355871200562, 0.09875813126564026, -0.00060183898312971, -2.1597348677460104e-05, 0.0005984693998470902, 0.003879906376823783, -0.00406724214553833, -0.003231590613722801, -0.0027262046933174133, -0.454824298620224, 0.49955272674560547, 0.010099982842803001, -0.22940044105052948, 0.9720985293388367, -0.0479365773499012, -0.0009027115302160382, -0.0002130944048985839, 0.0001891464344225824, 0.006041238084435463, 0.0013439927715808153, -0.007244199048727751, 0.011918490752577782, -0.3937327265739441, 0.5474269986152649, 0.05195710062980652, 0.8325636386871338, 0.5505538582801819, 0.0320708341896534, -0.0005579442949965596, -0.0018855709349736571, 0.0005695723230019212, 0.01327588502317667, -0.0021897959522902966, -0.019981952384114265, 0.020912058651447296, -0.37192344665527344, 0.5605990290641785, -0.1935136765241623, 0.7032880187034607, 0.6808038949966431, -0.06666550040245056, 0.001471306779421866, -0.0018094271654263139, 0.001437464146874845, 0.06849842518568039, 0.04558377340435982, 0.008879207074642181, -0.06511518359184265, -0.37342339754104614, 0.5238142013549805, 0.2690264582633972, -0.6337330341339111, 0.5574666857719421, 0.4639374911785126, 0.00013117212802171707, 6.643182859988883e-05, 0.0003533230919856578, 0.008228620514273643, 0.012676148675382137, 0.0008581782458350062, 0.004203762859106064, 0.0017521008849143982, -0.000597748497966677, 7.303614438569639e-06, -2.6648071070667356e-05, 3.716281753440853e-07, 0.002653227187693119, -0.0006514298729598522, 0.0011354063171893358, -2.7025473173125647e-05, -4.911054020340089e-06, 8.674897799210157e-06, 0.004137473646551371, -0.026843303814530373, -0.03403577581048012, 0.00012456069816835225, 0.0001011251806630753, -4.984219776815735e-05, -0.02402913011610508, -0.007227799389511347, -0.04629598557949066, -0.0007809082744643092, -7.698743138462305e-05, 0.00039784936234354973, 0.005517457611858845, 0.005312810651957989, -0.0018436998361721635, -2.667110675247386e-05, 4.2068804759765044e-05, -2.6781046926771523e-06, 0.5153497457504272, 0.1427464634180069, 1.0, -0.6543184518814087, 1.0, -0.23873381316661835, -0.997450590133667, -0.24208304286003113, 0.6590777039527893, 0.4307689070701599, -0.12832076847553253, 0.8261050581932068, -0.8217567205429077, 1.0, 0.30670204758644104, 0.9839817881584167, -0.3920975625514984, 0.4021461009979248, 1.0, 0.11594400554895401]
[0.5111525654792786, 0.12849631905555725, 1.0, -0.6531585454940796, 1.0000221729278564, 1.0000042915344238, -0.24079281091690063, -0.9974188208580017, -0.24224905669689178, -0.3153356611728668, 0.39091119170188904, 0.37063291668891907, 0.3867781460285187, 0.7892045974731445, -0.284196138381958, -1.000002145767212, 0.5396305918693542, 0.1248537078499794, 0.1557055413722992, 0.9825531840324402, -0.39228200912475586, 0.40233728289604187, 1.0000056028366089, 0.11612100154161453, 0.001675325445830822, -0.0003551236295606941, 7.895994080797664e-09, -0.0032032744493335485, -1.0627334567914204e-08, 6.284920317511933e-08, 0.002516395878046751, -0.00514543941244483, -0.00032400942291133106, -2.9406495741568506e-05, 0.005766637623310089, 0.0027453904040157795, -0.0001048390768119134, -0.0040748282335698605, 0.004952738527208567, -1.0132340548807406e-06, -0.00324219255708158, 0.00243585929274559, -0.007909521460533142, 0.005540909245610237, 0.0018801706610247493, -2.785596916510258e-05, -1.4051438483875245e-06, -0.002402359386906028, 0.023003794252872467, -0.02085145190358162, 0.0005030531319789588, -0.0007587653817608953, 1.981679815798998e-05, 4.783895565196872e-05, 0.001603065524250269, -0.0017584324814379215, -0.0006074787233956158, -0.00018714867474045604, 0.0005077322712168097, 0.0031541548669338226, 0.0007886539679020643, -0.000271938624791801, 0.005654816050082445, 0.00022398025612346828, 0.003032101783901453, 0.0012435485841706395, 0.0004429359978530556, 0.0004669367626775056, -0.0006950688548386097, -0.0002846856077667326, -0.0003961434122174978, -0.000167525649885647, -0.020276835188269615, -0.38280993700027466, 0.50553297996521, 0.755501389503479, 0.23658975958824158, -0.20328150689601898, 0.5761245489120483, -0.0006785639561712742, 0.0002857206272892654, -0.0009044163743965328, 0.00027455942472442985, 0.020222026854753494, 0.0028866594657301903, 0.0, -0.38999998569488525, 0.47999998927116394, -0.22206895053386688, -0.6671021580696106, 0.6765443682670593, 0.2189696580171585, 0.2689173221588135, 0.9021276235580444, 0.017171042039990425, -0.33697810769081116, -0.04325518757104874, -0.4209809899330139, 0.5225160121917725, 0.13445384800434113, 0.7770723104476929, 0.6068941354751587, 0.09879413992166519, -0.001435586716979742, -0.00020474515622481704, -0.0005756078753620386, 0.016899870708584785, -0.005242529325187206, -0.0085306940600276, -0.0027555995620787144, -0.4548310339450836, 0.4995003044605255, 0.010079264640808105, -0.2296542227268219, 0.9720447063446045, -0.0478166826069355, -0.002548943040892482, -0.000814908416941762, -0.0022242346312850714, 0.029133357107639313, 0.0030628705862909555, -0.020888786762952805, 0.011897910386323929, -0.39377129077911377, 0.5474054217338562, 0.05216261371970177, 0.8323540687561035, 0.5508429408073425, 0.03221224248409271, -0.000752003223169595, 0.0006220919312909245, 6.842162838438526e-05, 0.008881903253495693, -3.9789010770618916e-05, -0.03722582757472992, 0.02091043069958687, -0.3719528317451477, 0.5605824589729309, -0.19342899322509766, 0.7029395699501038, 0.6811826229095459, -0.06671734899282455, -0.0021383939310908318, -9.331910405308008e-06, 0.000759725458920002, 0.027846528217196465, -0.00467726169154048, -0.0015468416968360543, -0.06511237472295761, -0.3734322786331177, 0.5237982273101807, 0.2692605257034302, -0.6338006854057312, 0.5572788715362549, 0.46393486857414246, 0.00017458548245485872, -0.00024726646370254457, -0.0005982955335639417, 0.027979640290141106, 0.02017837017774582, 0.005688111297786236, 0.0035110795870423317, -0.005512407049536705, 2.6473606340005063e-05, -3.484714397927746e-05, -2.0772238713107072e-05, 2.1995290808263235e-05, 0.008919356390833855, 0.006171884015202522, -0.008694947697222233, -9.457042324356735e-05, 3.5771430702880025e-05, -6.567214586539194e-05, 0.002362877829000354, 0.009281492792069912, 0.014899409376084805, -0.00013271621719468385, -8.434028131887317e-05, 4.502943193074316e-05, 0.015060446225106716, -0.0018288413994014263, 0.0196328554302454, 0.0004155033966526389, -1.1115594134025741e-05, -0.00017675399431027472, -0.0062887766398489475, 0.004316926468163729, 0.0015770188765600324, -2.144681457139086e-05, -6.690521695418283e-05, -4.4937143684364855e-05, 0.5184860229492188, 0.14084993302822113, 1.0, -0.6557726860046387, 1.0, -0.23419907689094543, -1.0, -0.2425125539302826, 0.6606897115707397, 0.42425793409347534, -0.12111824750900269, 0.8272225856781006, -0.8191198110580444, 1.0, 0.3059524595737457, 0.9854578971862793, -0.39038994908332825, 0.4024880528450012, 1.0, 0.11435703933238983]
[0.5114144682884216, 0.1282457411289215, 1.0, -0.653149425983429, 1.0000221729278564, 1.0000042915344238, -0.24089588224887848, -0.9975666999816895, -0.24220338463783264, -0.3153301179409027, 0.3918027877807617, 0.3708125948905945, 0.38631680607795715, 0.789223849773407, -0.2839010953903198, -1.0000022649765015, 0.5394159555435181, 0.12499811500310898, 0.1548546850681305, 0.9827012419700623, -0.39227333664894104, 0.40227028727531433, 1.0000054836273193, 0.11606507748365402, 0.0004061154613737017, 0.0014504458522424102, -1.6351937404124328e-07, 0.0015902735758572817, -1.2747847222271957e-08, 3.1111152765106453e-08, -0.002024008659645915, 0.00045229122042655945, 0.0005995901301503181, 0.0002371012669755146, 0.002358653349801898, 0.000718796334695071, 0.001553956069983542, 0.002798889297991991, 0.003794452641159296, -2.0800666789000388e-07, -0.003134608967229724, -0.0019047260284423828, -0.008381567895412445, 0.0001163153356174007, -0.0012119979364797473, -0.00039157463470473886, -7.245956794577069e-07, 0.000382764934329316, -0.03337644785642624, 0.01569792442023754, -0.0007526311674155295, 0.001378086395561695, 0.00022693043865729123, 1.8528971850173548e-05, -0.0025688931345939636, 0.0026569862384349108, 0.0010456442832946777, 0.00035957052023150027, -0.0006513410480692983, 0.0005608340143226087, 0.0017528502503409982, 0.0008602620800957084, 0.007753961719572544, -0.00023403516388498247, 0.0022495388984680176, -0.0005800325889140368, -0.0003795762895606458, -0.000871397671289742, 7.01509925420396e-05, -9.770039469003677e-05, 0.0004995809867978096, 0.00024626258527860045, -0.020285969600081444, -0.3828110694885254, 0.5055190920829773, 0.7555529475212097, 0.23667296767234802, -0.20335237681865692, 0.5759978294372559, -0.00025221731630153954, 0.00040397761040367186, 0.0004634739307221025, -0.0041027008555829525, 0.004008996766060591, 0.0017851324519142509, 0.0, -0.38999998569488525, 0.47999998927116394, -0.22206895053386688, -0.6671021580696106, 0.6765443682670593, 0.2189696580171585, 0.26889148354530334, 0.9020804166793823, 0.017257176339626312, -0.33712074160575867, -0.04326856508851051, -0.4209820330142975, 0.5224968194961548, 0.13449402153491974, 0.7770237922668457, 0.6069451570510864, 0.09880772978067398, -0.00022574714967049658, 0.000523682392667979, 0.0010292413644492626, -0.014760171994566917, 0.0025163351092487574, -0.0019526799442246556, -0.0027694315649569035, -0.4548328220844269, 0.4994688332080841, 0.010072723031044006, -0.22976388037204742, 0.9720199704170227, -0.047794535756111145, 0.0002899613173212856, 0.00039527504122816026, 0.001501044724136591, -0.01366177387535572, -0.00101432204246521, 0.008070098236203194, 0.011884583160281181, -0.3937796950340271, 0.5473960638046265, 0.05232826620340347, 0.8322460651397705, 0.5509844422340393, 0.03231752663850784, -0.0001564467092975974, 0.0005663151969201863, 0.00023183508892543614, -0.03242375701665878, 0.003335966495797038, -0.013721165247261524, 0.020897261798381805, -0.37196826934814453, 0.5605727434158325, -0.19340987503528595, 0.7026755809783936, 0.681460440158844, -0.06671737879514694, -0.0011399632785469294, 0.00011924211867153645, 0.0020062061958014965, 0.043616048991680145, 0.008527565747499466, 0.008926120586693287, -0.06511898338794708, -0.37343475222587585, 0.5237836241722107, 0.269336462020874, -0.6338697075843811, 0.557155430316925, 0.4639449417591095, -0.0007634340436197817, 0.0005396460182964802, 0.00045564392348751426, -0.005523260682821274, -0.0019227642333135009, -0.009840312413871288, -0.005458158440887928, 0.007271637208759785, 0.0027365279383957386, 0.00012760354729834944, 3.321056647109799e-05, -2.09655481739901e-05, -0.014189649373292923, -0.010665198788046837, 0.012402902357280254, 0.00019959252676926553, -5.718947795685381e-05, 0.00011316378368064761, -0.0037959101609885693, -0.00867956131696701, 0.01489655114710331, 0.0007300687138922513, 0.0001061345319612883, -5.287703243084252e-05, 0.007313868030905724, 0.019092334434390068, 0.008399455808103085, -9.319132368545979e-05, 6.988083623582497e-05, -0.0001753533724695444, 0.008116770535707474, 0.0009156677406281233, -0.0022109609562903643, -4.5389369915938005e-06, 0.00011639428703347221, 0.00012299901572987437, 0.5114697813987732, 0.1445695161819458, 1.0, -0.6518624424934387, 1.0, -0.24402932822704315, -0.9946486353874207, -0.24142852425575256, 0.6575565338134766, 0.43723225593566895, -0.1344093531370163, 0.8226627111434937, -0.8239257335662842, 1.0, 0.307564914226532, 0.9820257425308228, -0.39369967579841614, 0.40131649374961853, 1.0, 0.1167747974395752]
[0.5115038156509399, 0.12812688946723938, 1.0, -0.6530370116233826, 1.0000221729278564, 1.0000042915344238, -0.24123753607273102, -0.9975202679634094, -0.24212856590747833, -0.31525978446006775, 0.3922831416130066, 0.3707943856716156, 0.3866368532180786, 0.7894619703292847, -0.28345781564712524, -1.0000022649765015, 0.5390373468399048, 0.12478579580783844, 0.1538802981376648, 0.9826993942260742, -0.392385870218277, 0.40215277671813965, 1.0000056028366089, 0.11606045067310333, 0.00024671482970006764, 0.0018149545649066567, -5.299484087117889e-07, 0.0004863355425186455, -7.168704296844908e-09, 4.4430706225284666e-08, -0.0003894526744261384, 0.000468617508886382, 0.000448356760898605, 0.0007832374540157616, 0.002695766743272543, 0.0006423589657060802, -0.001983961323276162, -0.0018958583241328597, 0.0016550481086596847, -5.08079153860308e-07, -0.001552898553200066, -9.225151734426618e-05, -0.009074698202311993, 0.00022578044445253909, -0.0008425564737990499, -0.0003456783597357571, -4.915215257028649e-08, -0.00036132882814854383, -0.008278213441371918, -0.003762622829526663, -0.0001987783471122384, -0.00030712049920111895, -4.538815119303763e-05, -5.30522584085702e-06, 0.0004524413379840553, 1.8642340364749543e-05, 1.6549958672840148e-05, 2.1892938093515113e-05, 0.0002025453286478296, 0.00447115721181035, 0.001323997974395752, -3.8359830796252936e-05, 0.008540332317352295, -1.5271241863956675e-05, 0.00411997502669692, 0.0012477143900468946, 0.0003453743120189756, 0.0001760748855303973, 0.0003821341379079968, 0.0001933307939907536, -0.00016154750483110547, -6.691091402899474e-05, -0.02028961107134819, -0.3828106224536896, 0.5055123567581177, 0.7555583715438843, 0.2366800457239151, -0.2033453732728958, 0.5759902596473694, 0.00019357685232535005, 0.0005462262197397649, 0.00022189199808053672, -0.003825938794761896, 0.012963376939296722, 0.0032137357629835606, 0.0, -0.38999998569488525, 0.47999998927116394, -0.22206895053386688, -0.6671021580696106, 0.6765443682670593, 0.2189696580171585, 0.26888152956962585, 0.9020821452140808, 0.01726589910686016, -0.3371236324310303, -0.04327218234539032, -0.42098018527030945, 0.5224910974502563, 0.1345132440328598, 0.7770273685455322, 0.6069366931915283, 0.09880531579256058, -0.00016430774121545255, 0.0003815413801930845, 0.0011148531921207905, -0.011370299383997917, 0.0006763433921150863, -0.0012073771795257926, -0.002767400350421667, -0.45483145117759705, 0.49946096539497375, 0.010076692327857018, -0.2297242432832718, 0.9720269441604614, -0.047840144485235214, -0.0001343139447271824, 0.00039621334872208536, 0.0018153751734644175, -0.01753361150622368, -0.0010083892848342657, 0.0006926854839548469, 0.011880027130246162, -0.393779456615448, 0.5473852753639221, 0.05241948366165161, 0.8323386907577515, 0.5508335828781128, 0.03235621750354767, -6.417067925212905e-05, 0.0005184515612199903, 0.0012039403663948178, 0.00698516983538866, -0.0017315446166321635, -0.014769488014280796, 0.02089066617190838, -0.37198758125305176, 0.5605766773223877, -0.19340533018112183, 0.7022740244865417, 0.6818696856498718, -0.06677740812301636, -0.0005993880331516266, 0.00046893401304259896, 0.0015851245261728764, 0.03540708124637604, 0.01246280875056982, 0.007674730848520994, -0.06512667238712311, -0.3734338879585266, 0.5237755179405212, 0.2693181335926056, -0.633921205997467, 0.5571011900901794, 0.46395036578178406, -0.0004866436356678605, 0.0004834490828216076, 0.0006433998933061957, -0.004540995694696903, -0.0017287909286096692, -0.005535521544516087, -0.0015457981498911977, -0.0016412385739386082, -0.00041204443550668657, -2.992380177602172e-05, 9.871446309261955e-06, 5.465718686537002e-07, 0.002294336212798953, -0.00018882076255977154, -3.583106445148587e-05, 1.9060627892031334e-05, 2.0989244148950092e-05, -4.399471799843013e-05, -0.0015880860155448318, 0.012061452493071556, 0.022037094458937645, 0.00014256194117479026, -4.7264347813325e-05, 2.3256783606484532e-05, 0.014214128255844116, 0.004994189832359552, 0.025078944861888885, 0.00042028719326481223, 3.964775169151835e-05, -0.0002263238129671663, -0.0026330051477998495, -0.002735242247581482, 0.0008540644776076078, 1.5204310329863802e-05, -2.478284659446217e-05, -3.918556558346609e-06, 0.5137974619865417, 0.14330315589904785, 1.0, -0.6528785824775696, 1.0, -0.24097846448421478, -0.9961043000221252, -0.24177992343902588, 0.6587233543395996, 0.4332585334777832, -0.12963147461414337, 0.8235385417938232, -0.822219729423523, 1.0, 0.3069745898246765, 0.9829202890396118, -0.39264002442359924, 0.40179163217544556, 1.0, 0.11568222939968109]
[0.511505663394928, 0.12808404862880707, 0.9999971985816956, -0.6529206037521362, 1.0000221729278564, 1.0000042915344238, -0.24148210883140564, -0.9973850846290588, -0.2420642226934433, -0.31517335772514343, 0.39278873801231384, 0.3706062138080597, 0.38641998171806335, 0.7893379926681519, -0.2833307981491089, -1.0000022649765015, 0.5389342904090881, 0.12472175061702728, 0.15292920172214508, 0.9826597571372986, -0.3925158977508545, 0.4020572006702423, 1.0000056028366089, 0.11607760190963745, -0.00019207147124689072, 0.0024800151586532593, -0.0001293401583097875, 0.0013238529209047556, -2.064988890992936e-08, -4.877540593639651e-09, -0.0008988184854388237, 0.0012473935494199395, 0.0004082003142684698, 0.0007036917377263308, 0.0017155889654532075, -0.0003532663395162672, -0.0003373007057234645, -0.0006923756445758045, 0.0012337308144196868, -5.801521396620046e-08, -0.002056277124211192, -0.001292500994168222, -0.00903923250734806, -0.0005527049070224166, -0.0012392831267789006, -0.00029587888275273144, -2.888674544010428e-07, 0.0003329063474666327, -0.009433405473828316, 0.008097569458186626, -0.00026213921955786645, 0.0005554236122407019, 6.983676576055586e-05, -2.4262590159196407e-07, -0.0001942777307704091, 0.0006769730243831873, 0.00021342137188185006, 5.4474927310366184e-05, -0.00015965334023348987, 0.00022585118131246418, -6.498132279375568e-05, -6.543027120642364e-05, 0.0003414772218093276, -8.290857658721507e-05, 0.0003098446468356997, 5.504450382431969e-05, 3.3461867587902816e-06, -0.00020211836090311408, 0.0003452234959695488, 0.00016123637033160776, 0.0001615795335965231, 7.189720054157078e-05, -0.02028663642704487, -0.3828105330467224, 0.5055105090141296, 0.7555563449859619, 0.2367551475763321, -0.2034388929605484, 0.5759289264678955, 8.628315117675811e-05, 0.000356398057192564, 0.001035204972140491, -0.00498508894816041, 0.0005899530951865017, 0.001239111996255815, 0.0, -0.38999998569488525, 0.47999998927116394, -0.22206895053386688, -0.6671021580696106, 0.6765443682670593, 0.2189696580171585, 0.2688789963722229, 0.9020355343818665, 0.017268942669034004, -0.3372499644756317, -0.04327112436294556, -0.42097800970077515, 0.5224910378456116, 0.13451895117759705, 0.7770473957061768, 0.6069111824035645, 0.09879720211029053, 0.00022398453438654542, 0.0005126135074533522, 0.001599091337993741, -0.018649032339453697, 0.0019901732448488474, 0.0016711682546883821, -0.0027621029876172543, -0.4548291862010956, 0.499464750289917, 0.0100794592872262, -0.22962720692157745, 0.9720478057861328, -0.04788294434547424, 0.0004886073875240982, 0.0005744444788433611, 0.0026609585620462894, -0.02413712814450264, -0.001449028728529811, 0.0054245153442025185, 0.011877186596393585, -0.39379316568374634, 0.5473835468292236, 0.05248817428946495, 0.8322127461433411, 0.5510140061378479, 0.032412879168987274, 0.00015208538388833404, 0.0005448219599202275, 0.0012210920685902238, -0.005540149286389351, -0.0007765063783153892, -0.0076409801840782166, 0.020889608189463615, -0.3719930648803711, 0.5605773329734802, -0.19338935613632202, 0.7019768357276917, 0.6821732521057129, -0.06684766709804535, -0.00019641175458673388, 0.0003903773322235793, 0.0020332487765699625, 0.0409012995660305, 0.01718880794942379, 0.011346076615154743, -0.06513239443302155, -0.37343233823776245, 0.5237712860107422, 0.26927679777145386, -0.6339537501335144, 0.5570804476737976, 0.46395453810691833, -0.0004266235337127, 0.000570772506762296, 0.0010329869110137224, -0.012917006388306618, -0.004332111217081547, -0.006507045589387417, -0.0016221393598243594, 0.003146112198010087, 0.0008316684979945421, 4.694905874202959e-05, 1.6058624169090763e-05, -1.0755856237665284e-05, -0.0011940882541239262, -0.0020556452218443155, 0.0032901624217629433, 2.364024840062484e-05, -1.7361128357151756e-07, -4.022624125354923e-06, -0.0010448885150253773, 0.0026222565211355686, -0.0001974528859136626, -2.60964243352646e-05, 2.4727814889047295e-05, -1.3776553714706097e-05, -0.001687024487182498, 0.0010223631979897618, 0.001680245390161872, 1.8681635992834345e-05, 1.387734755553538e-05, 5.2481668717518914e-06, 0.002622427651658654, -0.002313008299097419, -0.000629747228231281, 1.4650286175310612e-05, 2.993835551023949e-05, 1.956132473424077e-05, 0.5125455856323242, 0.14413924515247345, 1.0, -0.6524544954299927, 1.0, -0.24271216988563538, -0.9949264526367188, -0.24170410633087158, 0.658019483089447, 0.43590641021728516, -0.13267678022384644, 0.8234180212020874, -0.8233668804168701, 1.0, 0.3072977662086487, 0.9823912382125854, -0.393261581659317, 0.40177595615386963, 1.0, 0.1163703203201294]
[0.5115178227424622, 0.12805332243442535, 1.0, -0.6528626084327698, 1.0000221729278564, 1.0000042915344238, -0.2415125072002411, -0.9973533153533936, -0.2420320361852646, -0.31510794162750244, 0.3932597041130066, 0.37062516808509827, 0.38616031408309937, 0.788939893245697, -0.28361567854881287, -1.000002145767212, 0.5387001037597656, 0.12472584843635559, 0.1519831269979477, 0.9826827645301819, -0.39256685972213745, 0.40199846029281616, 1.0000056028366089, 0.11606257408857346, 0.00011254091805312783, 0.0019492823630571365, -1.7818777564571064e-07, -0.00033277992042712867, -7.951821423546335e-09, -2.821523104046264e-08, 0.00019736355170607567, -0.000273434299742803, -5.479964238475077e-05, 0.0003546771768014878, 0.002964296378195286, 0.004060002975165844, -0.0028769734781235456, -0.005814023315906525, 0.004426189698278904, -1.2160595588284195e-06, -0.0009968336671590805, 0.0006099611055105925, -0.008526590652763844, 0.0010422953637316823, -0.00014458564692176878, -0.00016808883810881525, -6.46627029254887e-07, -0.00047984914272092283, 0.004969310946762562, -0.009967811405658722, 0.00014145812019705772, -0.0006930815288797021, -8.794406312517822e-05, -1.4217857824405655e-06, 7.099982758518308e-05, -0.000860181637108326, -0.00032126522273756564, -0.00011399955837987363, 0.0003312216722406447, 0.003462274093180895, 0.0005519879632629454, -0.0003416609833948314, 0.005457242019474506, 7.815179560566321e-05, 0.003202119842171669, 0.0012808055616915226, 0.0004271859070286155, 0.00040818468551151454, 0.00011540172272361815, 9.762246190803126e-05, -0.00030282160150818527, -0.00011821923544630408, -0.02028729021549225, -0.3828106224536896, 0.5055087208747864, 0.7555429935455322, 0.2368287444114685, -0.20347172021865845, 0.5759045481681824, 0.00018683022062759846, 0.0002589078794699162, 0.0004267306940164417, -0.004988042172044516, 0.006354238837957382, 0.00014860142255201936, 0.0, -0.38999998569488525, 0.47999998927116394, -0.22206895053386688, -0.6671021580696106, 0.6765443682670593, 0.2189696580171585, 0.26884278655052185, 0.9020190238952637, 0.01725292205810547, -0.3373236656188965, -0.043271202594041824, -0.4209768772125244, 0.5224904417991638, 0.13452395796775818, 0.7770554423332214, 0.6069002747535706, 0.09879416972398758, -0.00010652735363692045, 0.0002533817896619439, 0.001098975888453424, -0.008174138143658638, -0.0006802856805734336, -0.0005780542269349098, -0.002762229647487402, -0.4548286497592926, 0.4994639456272125, 0.010077334940433502, -0.22958651185035706, 0.9720572829246521, -0.04788682609796524, -0.0001873279979918152, 0.00019886111840605736, 0.001575749134644866, -0.009877480566501617, -0.00011780529166571796, -0.0015493894461542368, 0.011875077150762081, -0.39379751682281494, 0.54738450050354, 0.052551623433828354, 0.8320648670196533, 0.5512277483940125, 0.03246985748410225, 0.00014816017937846482, 0.0015268276911228895, 0.001575606525875628, 0.013227107003331184, -0.0025641736574470997, -0.015468275174498558, 0.020899949595332146, -0.372009813785553, 0.5605747103691101, -0.19332900643348694, 0.7016308903694153, 0.6825349926948547, -0.06696145236492157, -0.0014046094147488475, 0.0013067678082734346, 0.001573768095113337, 0.01870083063840866, -0.0022977746557444334, 0.006500752177089453, -0.06513435393571854, -0.3734325170516968, 0.5237683057785034, 0.2692798674106598, -0.6339755058288574, 0.5570528507232666, 0.46395623683929443, -3.804352672887035e-05, 0.0002942188293673098, 0.0007606119615957141, -0.003472797805443406, 0.0025150475557893515, -0.0007161434041336179, 0.0007499008206650615, -0.00390335894189775, -0.000984727987088263, -5.997216794639826e-05, -8.92057505552657e-06, 1.0418481906526722e-05, 0.0004785089986398816, 0.0034914249554276466, -0.004220642615109682, -6.16281758993864e-05, 2.636767426622555e-08, 4.860241460846737e-06, 0.0001034484594129026, 0.012739995494484901, 0.013528240844607353, -0.0001505610707681626, -6.292705802479759e-05, 3.206737892469391e-05, 0.011299933306872845, -0.001078135217539966, 0.020537355914711952, 0.00041101386887021363, 1.2110095667594578e-05, -0.0001565091806696728, -0.004604658577591181, -0.0012511847307905555, 0.0014066922012716532, 6.584564744116506e-06, -4.4544700358528644e-05, -3.747570008272305e-05, 0.5148020386695862, 0.1429743617773056, 1.0, -0.6535031795501709, 1.0, -0.2394513040781021, -0.9966816902160645, -0.24209558963775635, 0.6591180562973022, 0.43163877725601196, -0.12829934060573578, 0.8245161771774292, -0.8217042684555054, 1.0, 0.306525856256485, 0.9835108518600464, -0.39215362071990967, 0.4020618498325348, 1.0, 0.11558656394481659]
[0.5114845037460327, 0.12805432081222534, 1.0, -0.6527993083000183, 1.0000221729278564, 1.0000042915344238, -0.24165648221969604, -0.9972621202468872, -0.24201875925064087, -0.3150864839553833, 0.39362871646881104, 0.37043502926826477, 0.38644838333129883, 0.7892127633094788, -0.2830725610256195, -1.0000022649765015, 0.53853440284729, 0.12445411831140518, 0.15100736916065216, 0.9826613664627075, -0.3926238417625427, 0.40195000171661377, 1.0000054836273193, 0.11607532203197479, -0.0003028706705663353, 0.0029064789414405823, -8.471453583069888e-08, 0.0008688434027135372, -5.664212210376718e-09, -1.414774697394705e-08, -0.0009162455680780113, 0.0013661097036674619, -5.091159982839599e-05, 4.187087688478641e-05, 0.0011116116074845195, -0.001691938261501491, 0.0014102909481152892, 0.002978566801175475, -6.19663842371665e-05, 5.586531415247009e-07, -0.0020870971493422985, -0.002670232905074954, -0.009566009975969791, -0.0006510210805572569, -0.0008048683521337807, -0.00021264166571199894, -3.4714349794739974e-07, 0.0003356447268743068, -0.014066892676055431, 0.0022663481067866087, -0.00032396972528658807, 0.0003401316935196519, 7.588465814478695e-05, 1.1217500286875293e-05, -0.0009952301625162363, 0.0007646158919669688, 0.0002989920321851969, 9.199517080560327e-05, -0.0001039982889778912, 0.002233754610642791, 0.0011096171801909804, 0.00035853806184604764, 0.0062130773440003395, -7.628700404893607e-05, 0.0025291878264397383, 0.0003509255184326321, -2.9055991035420448e-06, -0.0001743416942190379, 0.0002320564817637205, 8.38803025544621e-05, 6.288514850893989e-05, 4.750941297970712e-05, -0.020285867154598236, -0.3828100264072418, 0.505509078502655, 0.7555376291275024, 0.2368181347846985, -0.20346243679523468, 0.5759193301200867, 0.00032475710031576455, 0.00039051176281645894, 0.0009891836671158671, -0.006708201952278614, 0.004472281783819199, 0.0009380429401062429, 0.0, -0.38999998569488525, 0.47999998927116394, -0.22206895053386688, -0.6671021580696106, 0.6765443682670593, 0.2189696580171585, 0.2688458561897278, 0.902025043964386, 0.01724376529455185, -0.33730584383010864, -0.043268878012895584, -0.4209756851196289, 0.5224924087524414, 0.13452227413654327, 0.7770713567733765, 0.6068810820579529, 0.09878765046596527, 0.0002693133719731122, 0.0004899263149127364, 0.0017956540687009692, -0.018633132800459862, 0.0012310347519814968, 0.0015571025433018804, -0.0027569765225052834, -0.45482733845710754, 0.49946901202201843, 0.010081250220537186, -0.2295379489660263, 0.97206711769104, -0.0479169636964798, 0.0006169814732857049, 0.0005324140656739473, 0.0029837428592145443, -0.021282082423567772, -0.0009916904382407665, 0.0060775186866521835, 0.011875052005052567, -0.39380139112472534, 0.5473802089691162, 0.05260656774044037, 0.8321424126625061, 0.5511040687561035, 0.032493289560079575, 0.0001568930019857362, 0.00033002582495100796, 0.0009541779290884733, -0.027914859354496002, 0.0016219912795349956, -0.003988497890532017, 0.020892027765512466, -0.3720126450061798, 0.5605846643447876, -0.19335000216960907, 0.7012982964515686, 0.6828649640083313, -0.06702030450105667, 0.00025005260249599814, 0.00015139038441702724, 0.002361098537221551, 0.05126354470849037, 0.026035025715827942, 0.013686519116163254, -0.06513570994138718, -0.37343212962150574, 0.5237674713134766, 0.26925942301750183, -0.633984386920929, 0.5570515394210815, 0.46395760774612427, -0.0001994490303331986, 0.000563361041713506, 0.001342666451819241, -0.016359567642211914, -0.0038426825776696205, -0.003726009977981448, -0.0024091587401926517, 0.0016010926337912679, 0.0009440964786335826, 3.523389023030177e-05, 1.4913037375663407e-05, -5.567790140048601e-06, -0.005503505934029818, -0.00282406248152256, 0.003470181254670024, 4.963423634762876e-05, -2.0671439415309578e-05, 4.2350169678684324e-05, -0.0019158305367454886, 0.0014501124387606978, 0.014466999098658562, 0.00038028971175663173, 1.0316747648175806e-05, -5.007644176657777e-06, 0.008780833333730698, 0.008628823794424534, 0.013627033680677414, 0.00012652673467528075, 3.970282705267891e-05, -0.00015732020256109536, 0.0011875990312546492, -0.0012848349288105965, -0.0002046873705694452, 8.684881322551519e-06, 2.8507822207757272e-05, 3.562380152288824e-05, 0.5122097134590149, 0.14446505904197693, 1.0, -0.6519595384597778, 1.0, -0.24267108738422394, -0.9946298599243164, -0.24188658595085144, 0.6581335067749023, 0.4360805153846741, -0.13282647728919983, 0.8225328922271729, -0.8229970932006836, 1.0, 0.30663055181503296, 0.9822046160697937, -0.39312323927879333, 0.40175119042396545, 1.0, 0.11639754474163055]
[0.5114335417747498, 0.12808294594287872, 1.0, -0.6527755856513977, 1.0000221729278564, 1.0000042915344238, -0.24170729517936707, -0.9971684813499451, -0.24200980365276337, -0.31507593393325806, 0.3940119743347168, 0.37045732140541077, 0.3863844871520996, 0.7891335487365723, -0.28290247917175293, -1.0000022649765015, 0.5383902192115784, 0.12438537180423737, 0.1500266045331955, 0.9826340675354004, -0.39265426993370056, 0.40192511677742004, 1.0000054836273193, 0.11605119705200195, -9.737656364450231e-05, 0.002739305142313242, -4.7629256982872903e-07, -0.00029474898474290967, -9.98193350199017e-09, 3.1281488510614963e-09, 0.0001789319794625044, 0.0003089942620135844, -0.00014755163283552974, 2.615202174638398e-05, 0.0016103575471788645, -0.0019009963143616915, -0.0008518011309206486, -0.0010406611254438758, -0.0008750785491429269, 1.879144377880948e-07, -0.0009503313340246677, 9.162602509604767e-05, -0.008978353813290596, 0.00018128279771190137, -0.00015177499153651297, -8.97359786904417e-05, 2.627677133659745e-07, -0.000620457052718848, 0.006366067565977573, 0.0008353002485819161, 0.00014930794714018703, -0.00011939280375372618, -4.6260811359388754e-05, -1.13879195851041e-05, 0.0003583153593353927, -0.0001717798295430839, -8.551310747861862e-05, -3.263815233367495e-05, 4.567347104966757e-07, -0.0016821937169879675, -0.0005573834059759974, -6.531961116706952e-05, -0.0030800385866314173, 2.7928852432523854e-05, -0.0011682971380650997, -0.00013906463573221117, 1.3019143807468936e-05, 4.9858776037581265e-05, 8.464207348879427e-05, 7.517636549891904e-05, 7.005587576713879e-06, -2.493682040949352e-05, -0.020283732563257217, -0.38280966877937317, 0.5055108070373535, 0.7555287480354309, 0.23680849373340607, -0.2034548819065094, 0.5759375095367432, 9.600995690561831e-05, 0.000395429611671716, 0.0008802699157968163, -0.0064255171455442905, 0.005624037701636553, 0.0018869750201702118, 0.0, -0.38999998569488525, 0.47999998927116394, -0.22206895053386688, -0.6671021580696106, 0.6765443682670593, 0.2189696580171585, 0.2688494324684143, 0.9020307064056396, 0.01722928322851658, -0.33728840947151184, -0.04326600581407547, -0.4209751784801483, 0.5224952697753906, 0.13451603055000305, 0.7770830988883972, 0.6068682670593262, 0.09878276288509369, 5.2677332860184833e-05, 0.0003325486904941499, 0.0015642503276467323, -0.012303568422794342, -0.0006719341035932302, 0.0004749346408061683, -0.002752711996436119, -0.45482611656188965, 0.499476820230484, 0.010083068162202835, -0.22948625683784485, 0.9720785617828369, -0.047933973371982574, 2.933586438302882e-05, 0.0003280059900134802, 0.002440944081172347, -0.014629065990447998, -0.0002533595834393054, -0.00040960274054668844, 0.011876283213496208, -0.39380013942718506, 0.5473828315734863, 0.052654631435871124, 0.8321177959442139, 0.5511346459388733, 0.0325271300971508, 3.410971112316474e-05, 0.00016036155284382403, 0.0014691627584397793, 0.0051236641593277454, -0.002300314139574766, -0.007635589223355055, 0.020892521366477013, -0.3720161020755768, 0.5605895519256592, -0.19334086775779724, 0.7009971737861633, 0.6831687092781067, -0.0671016052365303, 0.00026527995942160487, 0.0005092213395982981, 0.001647240831516683, 0.03381919488310814, 0.021280065178871155, 0.008952927775681019, -0.06513552367687225, -0.37343165278434753, 0.5237686634063721, 0.2692486345767975, -0.6339882016181946, 0.5570605993270874, 0.4639476239681244, 2.8770666176569648e-05, 0.00043506373185664415, 0.001237543299794197, -0.009955629706382751, -0.0006690141162835062, 0.0008743518264964223, 0.001136481179855764, -0.00036197673762217164, -0.0005574183305725455, -1.6817570212879218e-05, -7.1130989454104565e-06, 1.1215900030947523e-06, 0.001995743252336979, 0.000804837211035192, -0.0007965985569171607, -2.056559424090665e-05, 6.190156909724465e-06, -1.3208953532739542e-05, 0.0009650922147557139, -0.0035656089894473553, -0.00876933429390192, -0.00011880373494932428, 4.69790211354848e-06, -2.6578718461678363e-06, -0.0047713834792375565, -0.004332954529672861, -0.006238356698304415, -5.197517020860687e-05, -1.8706476112129167e-05, 8.229087688960135e-05, -0.0002656229480635375, -0.0009044727776199579, -2.2069129045121372e-05, 7.786798960296437e-06, -2.0686857169494033e-05, -1.8342258044867776e-05, 0.5139952301979065, 0.14357024431228638, 1.0, -0.6531544327735901, 1.0, -0.2405112087726593, -0.9958555102348328, -0.24203196167945862, 0.6587112545967102, 0.4330516457557678, -0.1293397694826126, 0.824009358882904, -0.8221937417984009, 1.0, 0.30704280734062195, 0.9829414486885071, -0.39235928654670715, 0.40213677287101746, 1.0, 0.11547710001468658]
[0.5114765167236328, 0.12806256115436554, 1.0, -0.6528469324111938, 1.0000221729278564, 1.0000042915344238, -0.2416137009859085, -0.9972403049468994, -0.24202702939510345, -0.31507426500320435, 0.39446520805358887, 0.3705172836780548, 0.38614392280578613, 0.7886847853660583, -0.28318265080451965, -1.0000022649765015, 0.5382434725761414, 0.12449699640274048, 0.14912687242031097, 0.9827012419700623, -0.3925848603248596, 0.40192848443984985, 1.0000054836273193, 0.11596149951219559, 0.00033737794728949666, 0.0022786096669733524, -2.285209532715271e-08, -0.0010752682574093342, -2.1978184605586648e-08, 1.622102629994515e-08, 0.0009710223530419171, -0.0015444926684722304, -0.0004813249397557229, -0.0001274326496059075, 0.0016309177735820413, -0.0028935049194842577, 0.0004801439063157886, -0.001238207216374576, -0.00224759872071445, 6.617378858209122e-07, -0.0014872330939397216, 0.00018104225455317646, -0.008565451018512249, 0.001530126784928143, 0.0005928277387283742, -5.017884177505039e-05, 4.312489636504324e-07, -0.0010448087705299258, 0.01402285136282444, 0.0035081785172224045, 0.0003319329989608377, 1.169132247014204e-05, -4.008967516710982e-05, -1.3486112948157825e-05, 0.0007533146999776363, -0.0002945225569419563, -0.0001705823524389416, -7.261229620780796e-05, -0.00013291423965711147, -0.003973093349486589, -0.001311652478761971, 1.7258298612432554e-06, -0.009912661276757717, 4.666805034503341e-05, -0.004702736157923937, -0.0012317004147917032, -0.0003108183736912906, -1.9418183001107536e-05, -0.00010516218026168644, -1.957542190211825e-05, 0.00010020969057222828, 1.6621423128526658e-05, -0.0202846247702837, -0.3828103542327881, 0.5055091977119446, 0.7555451989173889, 0.23680613934993744, -0.20347298681735992, 0.5759106278419495, -0.00026064820121973753, 0.00039497099351137877, 0.0006032779347151518, -0.0052529145032167435, 0.002889225957915187, 0.001540249795652926, 0.0, -0.38999998569488525, 0.47999998927116394, -0.22206895053386688, -0.6671021580696106, 0.6765443682670593, 0.2189696580171585, 0.26886069774627686, 0.9020194411277771, 0.0172550231218338, -0.3373086154460907, -0.04326895624399185, -0.42097681760787964, 0.5224915742874146, 0.1345193237066269, 0.7770617008209229, 0.6068939566612244, 0.09878987073898315, -0.0003165114903822541, 0.00023382448125630617, 0.0012057267595082521, -0.0063151223585009575, -0.0019241060363128781, -0.0017389896092936397, -0.00275752623565495, -0.4548272490501404, 0.49947085976600647, 0.010079587809741497, -0.2295255959033966, 0.9720703959465027, -0.04791080579161644, -0.0006699797231703997, -4.0043007174972445e-05, 0.0013196757063269615, -0.0006792612839490175, 0.001035231165587902, -0.006514258682727814, 0.0118730952963233, -0.3938019871711731, 0.5473845601081848, 0.052719566971063614, 0.8319738507270813, 0.5513421893119812, 0.032585259526968, -0.0002538007975090295, -0.00014852394815534353, 0.0011168979108333588, 0.006722540128976107, -0.0021810338366776705, -0.009909488260746002, 0.020899707451462746, -0.37202689051628113, 0.5605856776237488, -0.19328351318836212, 0.7007191777229309, 0.68346107006073, -0.0671936497092247, 0.0005091535858809948, -0.00010942932567559183, 0.0014311362756416202, 0.040122631937265396, 0.027057962492108345, 0.006968528963625431, -0.06513344496488571, -0.3734331727027893, 0.5237680077552795, 0.26930466294288635, -0.6339988112449646, 0.5570338368415833, 0.4639328420162201, 0.00015587788948323578, 0.00028803752502426505, 0.0009792530909180641, -0.0025790699291974306, 0.005012995097786188, 0.003202224848791957, 0.002546341624110937, 0.000466550380224362, -0.000562280067242682, -6.4878568082349375e-06, -1.6072224752861075e-05, 1.2284180002097855e-06, 0.004200584255158901, 0.0016262466087937355, -0.001347911893390119, -4.8218593292403966e-05, 1.2247888662386686e-05, -2.6876197807723656e-05, 0.0023434017784893513, -0.010124623775482178, -0.020734788849949837, -0.0001501435472164303, 3.7515837902901694e-05, -1.8840335542336106e-05, -0.016006845980882645, -0.007599974051117897, -0.027669038623571396, -0.00042481799027882516, -5.2605504606617615e-05, 0.00026290310779586434, 0.00137090845964849, 0.0004526718403212726, -0.0005112984217703342, -3.213416448488715e-07, -5.3131088861846365e-06, -2.5286151867476292e-05, 0.5151347517967224, 0.14289063215255737, 1.0, -0.6536641716957092, 1.0, -0.2387435883283615, -0.9969820380210876, -0.2423102855682373, 0.6592999696731567, 0.4306192398071289, -0.1270616352558136, 0.8244194984436035, -0.821191668510437, 1.0, 0.30644550919532776, 0.9836885929107666, -0.3917321264743805, 0.40212875604629517, 1.0, 0.11522266268730164]
[0.5116467475891113, 0.12794998288154602, 1.0, -0.6529961824417114, 1.0000221729278564, 1.0000042915344238, -0.24137263000011444, -0.9975022673606873, -0.24206368625164032, -0.3150853216648102, 0.3949279487133026, 0.37008172273635864, 0.38657069206237793, 0.7889084815979004, -0.2829414904117584, -1.0000022649765015, 0.5381249189376831, 0.12444160133600235, 0.14819346368312836, 0.9828806519508362, -0.39243313670158386, 0.4019395709037781, 1.0000054836273193, 0.11583349108695984, 0.0009055446134880185, 0.0014791222056373954, -2.0032953074178295e-08, -0.0017394466558471322, -1.7957651365918537e-08, 2.065172033383078e-08, 0.0013145607663318515, -0.0031524195801466703, -0.0005805107648484409, -0.00019985812832601368, 0.001972704892978072, -0.0027471210341900587, 0.002611350966617465, 0.002242548391222954, -0.0010687740286812186, 7.667204044992104e-07, -0.0020506558939814568, 0.00028730693156830966, -0.008790479972958565, 0.002924762899056077, 0.0011094959918409586, -4.009017357020639e-05, -5.021800575377711e-07, -0.0013613299233838916, 0.012875322252511978, -0.008487250655889511, 0.0002865132119040936, -0.0003817752585746348, -1.4079391803534236e-05, 1.4842321434116457e-05, 0.0005376829067245126, -0.0008604023605585098, -0.0003001040022354573, -9.177782339975238e-05, 0.0001490741124143824, 1.5957684809109196e-05, 0.0001468593254685402, 0.00014549915795214474, 0.0001495570468250662, 0.00010756585106719285, -0.00012284464901313186, 1.0735088835645001e-05, 9.204024536302313e-06, 0.00024351327738258988, -0.000414050358813256, -0.00017944096180144697, -0.00017484169802628458, -6.496025889646262e-05, -0.020290745422244072, -0.3828119933605194, 0.5055021643638611, 0.755583643913269, 0.23684737086296082, -0.20351748168468475, 0.575827419757843, -0.0004912047879770398, 0.0003128318930976093, 0.00020266335923224688, -0.003087118733674288, 0.00532841682434082, 0.0008903255802579224, 0.0, -0.38999998569488525, 0.47999998927116394, -0.22206895053386688, -0.6671021580696106, 0.6765443682670593, 0.2189696580171585, 0.26885250210762024, 0.9019890427589417, 0.0173181165009737, -0.3373928964138031, -0.04327916353940964, -0.4209806025028229, 0.5224786400794983, 0.13453789055347443, 0.7770023941993713, 0.6069625616073608, 0.09880917519330978, -0.0007797138532623649, 0.00012928027717862278, 0.000662884907796979, 0.0008176211267709732, -0.00296197272837162, -0.0046122316271066666, -0.0027733291499316692, -0.45483121275901794, 0.4994455873966217, 0.010069651529192924, -0.22967711091041565, 0.9720380306243896, -0.04784274846315384, -0.0013523484813049436, -0.00036109937354922295, 3.285286948084831e-05, 0.012172427028417587, 0.0020065251737833023, -0.011050822213292122, 0.011862893588840961, -0.3938197195529938, 0.5473700165748596, 0.05281447619199753, 0.8319963812828064, 0.5512961149215698, 0.03263609856367111, -0.0005829624133184552, -0.00029456132324412465, 0.00022244520368985832, -0.017851609736680984, 0.0014837166527286172, -0.014345960691571236, 0.020890049636363983, -0.37203526496887207, 0.5605839490890503, -0.1932617425918579, 0.7004251480102539, 0.6837648749351501, -0.06723016500473022, -7.640809053555131e-05, -0.000356512435246259, 0.0012948241783306003, 0.04394830763339996, 0.023464040830731392, 0.004564237780869007, -0.06513089686632156, -0.37343713641166687, 0.5237626433372498, 0.26942718029022217, -0.6340242624282837, 0.5569537281990051, 0.46392321586608887, 0.00011251834075665101, 0.00015246402472257614, 0.000511572347022593, 0.006670206319540739, 0.010574638843536377, 0.003508618101477623, 0.0020448220893740654, -0.0025271729100495577, -0.0002597513666842133, -2.306527312612161e-05, -1.2293106919969432e-05, 9.915549526340328e-06, 0.003071889281272888, 0.0029875142499804497, -0.0041652568615973, -4.6965105866547674e-05, 8.319841072079726e-06, -1.3044618754065596e-05, 0.0015669153071939945, -0.003004363039508462, 0.0014340083580464125, 0.00010043371003121138, -1.991727731365245e-05, 1.1581365470192395e-05, 0.002838147571310401, -0.0007142859976738691, -0.0004505599499680102, -1.5102635870789527e-06, -1.6195019270526245e-05, -1.6398706065956503e-05, -0.0025543964002281427, 0.002614259719848633, 0.0006683010724373162, -1.615552173461765e-05, -2.4089911676128395e-05, -2.8567104891408235e-05, 0.5164321064949036, 0.14198830723762512, 1.0, -0.6543139815330505, 1.0, -0.2371448129415512, -0.9982315301895142, -0.2423677146434784, 0.6598607897758484, 0.4281888008117676, -0.12480492889881134, 0.8252431154251099, -0.8205503225326538, 1.0, 0.3062652349472046, 0.9845072031021118, -0.3912930190563202, 0.4020599126815796, 1.0, 0.11492004990577698]
[0.5118314027786255, 0.12781986594200134, 1.0, -0.6530702114105225, 1.0000221729278564, 1.0000042915344238, -0.24132370948791504, -0.9976671934127808, -0.24208417534828186, -0.3151008188724518, 0.39538854360580444, 0.3704318404197693, 0.38633742928504944, 0.7889336943626404, -0.28277847170829773, -1.000002145767212, 0.5379760265350342, 0.12462645024061203, 0.147304967045784, 0.9829978346824646, -0.3923424482345581, 0.4019353985786438, 1.0000054836273193, 0.11574205011129379, 0.0005277167656458914, 0.0019061174243688583, -3.390064051700392e-08, -0.0003207859117537737, -3.332478115680715e-08, 3.846938767537722e-08, 3.1122181098908186e-05, -0.0009092449326999485, -0.000261126144323498, -0.0001791092217899859, 0.0016054045408964157, 0.0003556938609108329, -0.0025805470068007708, 0.0003238739154767245, -9.697941277408972e-05, -2.1697515251162258e-07, -0.0002880267857108265, 0.001562900491990149, -0.00815665815025568, 0.0009940143208950758, 0.00012811612396035343, -0.00012663984671235085, 4.380873122045159e-07, -0.0006753748166374862, -0.00865026842802763, 0.008166010491549969, -0.00018859501869883388, 0.0006098279845900834, 8.510943735018373e-05, 3.4184813557658345e-06, -0.0004218814428895712, 0.0011722887866199017, 0.00044760527089238167, 0.00014375083264894783, -0.00024036216200329363, -0.000938609940931201, -0.0002312131255166605, 5.6972830861923285e-06, -0.0015196106396615505, -8.432700269622728e-05, -0.0006603236543014646, -0.0002976781688630581, -8.146873733494431e-05, -0.00040398386772722006, -2.1788237063447013e-05, -4.928140697302297e-05, 0.0002661605831235647, 0.00010779136209748685, -0.020297667011618614, -0.3828132748603821, 0.5054947733879089, 0.7556127309799194, 0.2369004637002945, -0.20357148349285126, 0.5757482647895813, -0.0003211261937394738, 0.00034930079709738493, 0.0005541197024285793, -0.004269506316632032, 0.005576131399720907, 0.0018638273468241096, 0.0, -0.38999998569488525, 0.47999998927116394, -0.22206895053386688, -0.6671021580696106, 0.6765443682670593, 0.2189696580171585, 0.26884138584136963, 0.9019555449485779, 0.01736743189394474, -0.33748868107795715, -0.04328940436244011, -0.4209825098514557, 0.522466242313385, 0.1345617026090622, 0.7769573330879211, 0.6070123910903931, 0.09882510453462601, -0.0004197331436444074, 0.000328717811498791, 0.0010752672096714377, -0.008015261963009834, -0.000656838936265558, -0.002653977368026972, -0.002785786986351013, -0.4548337161540985, 0.4994239807128906, 0.010063689202070236, -0.22979190945625305, 0.9720128774642944, -0.04780559986829758, -0.0005395063781179488, 5.942494317423552e-05, 0.0012611064594238997, -0.002814565785229206, 0.0005335431196726859, -0.002777955261990428, 0.011855371296405792, -0.3938121497631073, 0.5473669171333313, 0.05291008576750755, 0.8320003151893616, 0.5512779355049133, 0.03268902376294136, -0.0002963152073789388, 0.00033998972503468394, 0.0011805698741227388, -0.00010145921260118484, -0.0010794010013341904, -0.010699678212404251, 0.02088143117725849, -0.372043639421463, 0.5605778694152832, -0.1932375282049179, 0.7001895904541016, 0.6840108633041382, -0.0672522708773613, -0.00034365462488494813, 0.0006578584434464574, 0.0010384101187810302, 0.022269204258918762, 0.012750459834933281, 0.003228864399716258, -0.0651322603225708, -0.37343931198120117, 0.5237561464309692, 0.26950743794441223, -0.6340568661689758, 0.5568825006484985, 0.46391749382019043, -0.00021044058667030185, 0.00040131693822331727, 0.0007867232197895646, -0.0031700762920081615, 0.0026438261847943068, -0.0009927009232342243, -0.0013117423513904214, 0.0033634002320468426, 0.0009893514215946198, 5.386948396335356e-05, 7.741638910374604e-06, -8.505302503181156e-06, -0.0023924715351313353, -0.0045575411058962345, 0.005418919026851654, 7.538771751569584e-05, -7.873651156842243e-06, 1.2547951882879715e-05, -0.0008125958847813308, -0.0015821207780390978, -0.004473709035664797, -1.803453233151231e-05, 4.175945286988281e-05, -2.1607213056995533e-05, -0.004724176600575447, 0.00025469542015343904, -0.004501285031437874, -7.764829933876172e-05, 5.992717433400685e-06, 5.215124838287011e-05, 0.004036334343254566, 0.0005971744540147483, -0.0012118015438318253, -1.0085184385388857e-06, 4.321002779761329e-05, 4.499208807828836e-05, 0.5140900611877441, 0.1433320790529251, 1.0, -0.6531926393508911, 1.0, -0.2403264343738556, -0.9963406324386597, -0.24201700091362, 0.6587488651275635, 0.4323599934577942, -0.1288323998451233, 0.8238792419433594, -0.8221032619476318, 1.0, 0.3071344792842865, 0.9832495450973511, -0.3922429382801056, 0.4018317461013794, 1.0, 0.11543451994657516]
[0.5119616389274597, 0.12774500250816345, 1.0, -0.6530857682228088, 1.0000221729278564, 1.0000042915344238, -0.24132370948791504, -0.997724175453186, -0.2421036809682846, -0.3151121139526367, 0.39569562673568726, 0.37009429931640625, 0.386416494846344, 0.7890337109565735, -0.2828160524368286, -1.0000022649765015, 0.5379595160484314, 0.1246417760848999, 0.14640578627586365, 0.9830537438392639, -0.39229387044906616, 0.401914119720459, 1.0000054836273193, 0.11566875129938126, 0.00043919237214140594, 0.002000893000513315, -7.0588299649898545e-09, -0.00014697165170218796, -1.6952057535490894e-09, -3.091514244601967e-08, 0.00046666059643030167, -0.0005845216801390052, -0.0004153686168137938, -0.00017136041424237192, 0.0014960988191887736, 0.0006101270555518568, -0.0006825902382843196, -0.0011352278525009751, 0.0006787217571400106, -1.6555570425680344e-07, -0.0006436914554797113, 0.0006442299345508218, -0.008572470396757126, 0.0008492058259434998, 0.000217646433156915, -0.0001253954687854275, -3.07829537860016e-07, -0.0007744762697257102, -0.0033134273253381252, -0.0005268114618957043, -7.791117968736216e-05, 9.792727360036224e-05, 3.577705501811579e-05, 8.871553291101009e-06, 0.000268327072262764, 3.708981239469722e-05, 9.157657586911228e-06, 2.559274435043335e-06, 0.00011588707275222987, 0.0018335890490561724, -0.000251900841249153, -0.0004831021651625633, 0.0012146435910835862, -1.560214877827093e-05, 0.0014866195851936936, 0.0008186917984858155, 0.00027164010680280626, 1.3926582141721155e-05, 0.00011730185360647738, 5.556376345339231e-05, -2.4952949388534762e-05, -7.325596016016789e-06, -0.020302273333072662, -0.3828134834766388, 0.5054903626441956, 0.7556312680244446, 0.23691090941429138, -0.20359854400157928, 0.5757099986076355, -0.0003663646930363029, 0.0003698206855915487, 0.0006350053008645773, -0.004279942251741886, 0.004719461314380169, 0.0023286021314561367, 0.0, -0.38999998569488525, 0.47999998927116394, -0.22206895053386688, -0.6671021580696106, 0.6765443682670593, 0.2189696580171585, 0.26884791254997253, 0.901938796043396, 0.01739741861820221, -0.33752647042274475, -0.04329625889658928, -0.42098259925842285, 0.5224601030349731, 0.13457933068275452, 0.7769374847412109, 0.6070322394371033, 0.09883508086204529, -0.00034376338589936495, 0.0003511191171128303, 0.001150578260421753, -0.009309534914791584, -0.00037684800918214023, -0.0022030496038496494, -0.0027938159182667732, -0.4548347592353821, 0.4994134306907654, 0.010059863328933716, -0.22984690964221954, 0.9720008373260498, -0.04778556153178215, -0.0006070552626624703, 7.53042331780307e-05, 0.0014389707939699292, -0.004176151007413864, 0.0005031125037930906, -0.00451421644538641, 0.011847165413200855, -0.3938295245170593, 0.5473591089248657, 0.052971288561820984, 0.8319496512413025, 0.551345944404602, 0.03273040056228638, -0.00021408169413916767, 0.000625097774900496, 0.0010599081870168447, -0.004014633130282164, -0.0006694796611554921, -0.009697401896119118, 0.020877879112958908, -0.3720487356185913, 0.5605737566947937, -0.1931968778371811, 0.6999329328536987, 0.6842795610427856, -0.06730622798204422, -0.0004934626631438732, 0.0006602430366910994, 0.0013320845318958163, 0.02736840769648552, 0.012594303116202354, 0.005016686860471964, -0.06513436138629913, -0.3734396696090698, 0.5237524509429932, 0.2695496082305908, -0.6340819597244263, 0.5568397045135498, 0.46390998363494873, -0.00013222293637227267, 0.00038928206777200103, 0.00085878383833915, -0.0038877218030393124, 0.0021535679697990417, 5.6626136938575655e-05, -0.0005938146496191621, 0.0003152178251184523, 0.0004168068990111351, 1.3599821613752283e-05, 3.730341632035561e-06, -5.105271156935487e-07, 0.0013793299440294504, -4.252113285474479e-05, 0.00014510338951367885, 1.9214571693737525e-06, 1.0959964129142463e-05, -2.3556473024655133e-05, -0.0006673200987279415, 0.01165522076189518, 0.002730920445173979, -0.00030827385489828885, -2.609669536468573e-05, 1.2235878784849774e-05, 0.001857925788499415, -0.0034621581435203552, 0.010221065022051334, 0.00021970775560475886, 8.43024372443324e-06, -3.335311703267507e-05, -0.00037912820698693395, -0.0007905216771177948, 0.0001500724902143702, 4.816751243197359e-06, -1.2595473890542053e-06, 3.448931693128543e-06, 0.5147342681884766, 0.14302761852741241, 1.0, -0.6532921195030212, 1.0, -0.2393404245376587, -0.9966855049133301, -0.242266446352005, 0.6591522097587585, 0.43117958307266235, -0.12737715244293213, 0.823738694190979, -0.8214030265808105, 1.0, 0.30659544467926025, 0.9835188984870911, -0.3918457329273224, 0.4019450843334198, 1.0, 0.11515367031097412]
[0.5120369791984558, 0.12771648168563843, 1.0, -0.6530579924583435, 1.0000221729278564, 1.0000042915344238, -0.2413886934518814, -0.9976933598518372, -0.24212424457073212, -0.3151250183582306, 0.39597171545028687, 0.3701700270175934, 0.38602039217948914, 0.7887997031211853, -0.28309911489486694, -1.0000022649765015, 0.5379459857940674, 0.12476872652769089, 0.14551280438899994, 0.9830610156059265, -0.392280250787735, 0.40189263224601746, 1.0000056028366089, 0.11562664061784744, 5.896063521504402e-05, 0.0023278973530977964, -5.302798200546022e-08, 0.00043387184268794954, 7.0491537051964315e-09, -1.2178879238433638e-08, -0.00029582116985693574, 0.0006450811633840203, -0.00032710336381569505, -0.00017209436919074506, 0.0013612540205940604, 0.004163029603660107, -0.00032572168856859207, -0.0027029409538954496, 0.0047753676772117615, -1.0664379033187288e-06, -0.000519291905220598, -5.48533171240706e-05, -0.008236543275415897, -2.325889545318205e-05, -0.00022796094708610326, -0.00013510794087778777, -1.0918122370640049e-06, -0.0002781703951768577, -0.011793059296905994, -0.0012737992219626904, -0.0002765062963590026, 0.00018151527910958976, 7.058863411657512e-05, 1.6970199794741347e-05, -0.00032880797516554594, 0.0002666873042471707, 0.00012627823161892593, 4.669351255870424e-05, -3.780674160225317e-05, 0.0028081974014639854, 0.0013214864302426577, 0.00016424090426880866, 0.007341918535530567, -4.6911241952329874e-05, 0.0029316083528101444, 0.0005060939583927393, 9.80273907771334e-05, 8.290029654745013e-06, 0.00017886320711113513, 6.630386633332819e-05, -6.077731814002618e-05, -3.6618075682781637e-07, -0.02030494064092636, -0.3828127682209015, 0.5054888725280762, 0.7556249499320984, 0.23694682121276855, -0.20363758504390717, 0.5756898522377014, 4.114485636819154e-05, 0.0003249466244596988, 0.0008827537531033158, -0.004712625872343779, -0.00033310469007119536, -0.0003285537241026759, 0.0, -0.38999998569488525, 0.47999998927116394, -0.22206895053386688, -0.6671021580696106, 0.6765443682670593, 0.2189696580171585, 0.2688438594341278, 0.9019203186035156, 0.017390316352248192, -0.3375798463821411, -0.04329988360404968, -0.42098137736320496, 0.5224586129188538, 0.13459046185016632, 0.7769373059272766, 0.6070291996002197, 0.09883955121040344, -2.6105684810318053e-05, 0.0004112062742933631, 0.0014082237612456083, -0.01368679665029049, 0.0005572943482547998, -0.0002732088905759156, -0.0027970229275524616, -0.45483458042144775, 0.4994118809700012, 0.010059217922389507, -0.22985634207725525, 0.9719985723495483, -0.04778531938791275, 3.873441892210394e-05, 0.000303981127217412, 0.0021796049550175667, -0.012363803572952747, -0.000270000979071483, 0.0011819538194686174, 0.011842873878777027, -0.39383360743522644, 0.5473619699478149, 0.05301510915160179, 0.8318220973014832, 0.5515317320823669, 0.03277326747775078, 0.0001453582663089037, 0.0017642441671341658, 0.0011828478891402483, -0.017268981784582138, 0.0007422344060614705, -0.007075648754835129, 0.02088167518377304, -0.3720536530017853, 0.5605681538581848, -0.19314000010490417, 0.6996952891349792, 0.6845310926437378, -0.06738287955522537, -0.0015194789739325643, 0.0015915994299575686, 0.0017482443945482373, 0.015358390286564827, -0.00396014703437686, 0.006644376553595066, -0.06513660401105881, -0.3734390139579773, 0.5237511396408081, 0.26955944299697876, -0.6340963840484619, 0.5568230748176575, 0.46390461921691895, -0.000140910386107862, 0.00045303720980882645, 0.0010643466375768185, -0.009850661270320415, -0.0011750682024285197, -0.0012343270936980844, -0.002099216915667057, 0.000551955949049443, 0.0008697641314938664, 2.524953924876172e-05, 1.3159889022062998e-05, -2.277620751556242e-06, -0.0019173957407474518, -0.0011447110446169972, 0.0012467203196138144, 2.952284376078751e-05, -1.0848477813851787e-06, 2.0095883428439265e-06, -0.0017308247042819858, 0.00486928503960371, 0.01772838458418846, 0.0002372801536694169, -1.18343871235993e-06, 1.3978700508232578e-06, 0.011501464992761612, 0.008228792808949947, 0.01639048382639885, 0.00022145931143313646, 4.142422403674573e-05, -0.00019219804380554706, -0.0006728966254740953, -0.001065020333044231, 0.00034785689786076546, 4.456405349628767e-06, 1.0400162864243612e-05, 1.819416502257809e-05, 0.5137646198272705, 0.14369012415409088, 1.0, -0.6528273820877075, 1.0, -0.2406550496816635, -0.9957751631736755, -0.24217209219932556, 0.658663809299469, 0.4331156611442566, -0.12943902611732483, 0.8233644366264343, -0.8221954107284546, 1.0, 0.30685362219810486, 0.9830324053764343, -0.3922868072986603, 0.4018930196762085, 1.0, 0.11551249027252197]
[0.5119717717170715, 0.12775494158267975, 1.0, -0.6528933048248291, 1.0000221729278564, 1.0000042915344238, -0.24166680872440338, -0.9975107312202454, -0.24210967123508453, -0.3151319921016693, 0.39599964022636414, 0.3701677620410919, 0.3862597346305847, 0.7889717817306519, -0.28261202573776245, -1.0000022649765015, 0.5378597974777222, 0.12456528842449188, 0.14457006752490997, 0.9829734563827515, -0.3923772871494293, 0.40183985233306885, 1.0000053644180298, 0.11566609889268875, -0.0004429395776242018, 0.003297703340649605, -6.464624391355756e-08, 0.0017382091609761119, -2.4724817748733585e-08, -3.151364680320512e-08, -0.0013899101177230477, 0.0019338036654517055, 0.00010011070844484493, -7.269091292982921e-05, -0.0007476296741515398, -0.0053953430615365505, 0.001091102953068912, 0.0037279643584042788, -0.004002125468105078, 1.2438383691915078e-06, -0.0007590287714265287, -0.002168395323678851, -0.009510750882327557, -0.0013067391701042652, -0.0012134936405345798, -0.0002542574948165566, 5.046918545303924e-07, 0.0005956395762041211, -0.012343316338956356, 0.010426905937492847, -0.0002711314591579139, 0.0005997432745061815, 5.564991442952305e-05, -8.490455911669414e-06, -0.0006863753660582006, 0.0009977060835808516, 0.00036480603739619255, 0.00011483652633614838, -0.00035077042412012815, -0.0023399353958666325, -0.0004835246945731342, 0.00027214165311306715, -0.003894608234986663, -0.00012212630826979876, -0.0019742301665246487, -0.0008121413411572576, -0.0003071851097047329, -0.00029435110627673566, 0.00024053362722042948, 7.433543942170218e-05, 0.00022560573415830731, 9.70424443949014e-05, -0.02030322514474392, -0.38281121850013733, 0.5054920315742493, 0.7556141018867493, 0.23689790070056915, -0.20357556641101837, 0.5757462382316589, 0.00021597811428364366, 0.0005273064016364515, 0.0012610224075615406, -0.00788123905658722, 0.0034743540454655886, 0.0024217679165303707, 0.0, -0.38999998569488525, 0.47999998927116394, -0.22206895053386688, -0.6671021580696106, 0.6765443682670593, 0.2189696580171585, 0.26884564757347107, 0.9019536375999451, 0.017369357869029045, -0.3374905586242676, -0.04329495131969452, -0.42097729444503784, 0.5224664807319641, 0.1345876306295395, 0.7769848704338074, 0.6069711446762085, 0.09882627427577972, 0.0004205995355732739, 0.0006480268202722073, 0.002124094869941473, -0.024693144485354424, 0.002638137200847268, 0.0023000799119472504, -0.0027868030592799187, -0.45483192801475525, 0.4994254410266876, 0.010068186558783054, -0.2297716587781906, 0.9720156788825989, -0.047843437641859055, 0.0009212929289788008, 0.0006763047422282398, 0.003543483791872859, -0.02624358981847763, -0.0013779542641714215, 0.009137844666838646, 0.011846096254885197, -0.39382827281951904, 0.5473618507385254, 0.053015463054180145, 0.8319172263145447, 0.5513887405395508, 0.032762374728918076, 5.382286326494068e-05, -0.0005948468460701406, 0.0012108194641768932, -0.013626575469970703, -0.0006878909189254045, 0.005940157920122147, 0.020874636247754097, -0.3720509111881256, 0.5605778694152832, -0.19316300749778748, 0.6994122266769409, 0.6848082542419434, -0.06743885576725006, 0.0013621255056932569, -4.8558489652350545e-05, 0.0020261488389223814, 0.05170361325144768, 0.038898538798093796, 0.013258681632578373, -0.0651395171880722, -0.37343674898147583, 0.5237525105476379, 0.2694982886314392, -0.6340987086296082, 0.5568488240242004, 0.4639059901237488, -0.00033091273508034647, 0.0006953835254535079, 0.0015436002286151052, -0.020891819149255753, -0.006661588326096535, -0.0056394850835204124, -0.0019026232184842229, 0.003606082871556282, 0.0007025054655969143, 4.5600783778354526e-05, 1.1309746696497314e-05, -1.1216552593396045e-05, -0.003859366290271282, -0.003693241160362959, 0.004890104290097952, 5.9437908930704e-05, -1.3669218787981663e-05, 2.3682634491706267e-05, -0.0011690856190398335, -0.008512327447533607, -0.01008041575551033, 0.00014445673150476068, 6.127514643594623e-05, -3.11523508571554e-05, -0.00937176775187254, 0.0010702162981033325, -0.0129727553576231, -0.0002911319024860859, 1.6478303450639942e-06, 0.00011432427709223703, 0.003568813903257251, -0.0012468105414882302, -0.0009433371596969664, 5.073115517006954e-06, 3.994143844465725e-05, 3.189125709468499e-05, 0.5121896266937256, 0.1442480832338333, 1.0, -0.6517342329025269, 1.0, -0.24320651590824127, -0.9945600628852844, -0.24181267619132996, 0.6580893397331238, 0.43629395961761475, -0.13255538046360016, 0.822005033493042, -0.8233251571655273, 1.0, 0.30712661147117615, 0.9822739362716675, -0.39327096939086914, 0.40148380398750305, 1.0, 0.11615520715713501]
[0.5119709372520447, 0.12776578962802887, 1.0, -0.6528958082199097, 1.0000221729278564, 1.0000042915344238, -0.2415560632944107, -0.9975132942199707, -0.2421320527791977, -0.3151339590549469, 0.3961779475212097, 0.37023240327835083, 0.38609474897384644, 0.7885746359825134, -0.2829723060131073, -1.000002145767212, 0.5377605557441711, 0.12463510036468506, 0.1436282992362976, 0.9830051064491272, -0.3923366367816925, 0.4018344283103943, 1.0000054836273193, 0.11560129374265671, 0.00032393517903983593, 0.0022695462685078382, -2.0907547693127526e-08, -0.001310042105615139, -3.234044854139029e-08, 5.381849277341644e-08, 0.001421551569364965, -0.0015327907167375088, -0.0006951528484933078, -0.00015836438979022205, 0.0012594829313457012, -0.001116662286221981, 0.0002312258875463158, -0.0031308659818023443, -0.0009948423830792308, 2.2823159895324352e-07, -0.0006223251111805439, 0.0009151432896032929, -0.008523399941623211, 0.0016694257501512766, 0.0008681475301273167, 2.2627105863648467e-05, 2.089870179133868e-07, -0.0013325647450983524, 0.022336240857839584, -0.0034301497507840395, 0.0005250099347904325, -0.0006741269025951624, -0.0001623530697543174, -2.8088006729376502e-05, 0.001098541310057044, -0.0012113114353269339, -0.0005302896606735885, -0.00018727517453953624, 0.00015975725546013564, -0.002863661153241992, -0.0009531181422062218, -9.606055391486734e-05, -0.006952702067792416, 0.00012914648687001318, -0.003229609690606594, -0.0006360176485031843, -9.110022074310109e-05, 0.00030566431814804673, 5.4039137467043474e-05, 0.00012048050848534331, -0.00011463759437901899, -9.42453189054504e-05, -0.020301947370171547, -0.3828114867210388, 0.5054931044578552, 0.7556242346763611, 0.23689375817775726, -0.20359718799591064, 0.5757269263267517, 1.286960468860343e-06, 0.00032882916275411844, 0.0005392151069827378, -0.005179338622838259, 0.004609436262398958, -0.00011126599565614015, 0.0, -0.38999998569488525, 0.47999998927116394, -0.22206895053386688, -0.6671021580696106, 0.6765443682670593, 0.2189696580171585, 0.2688608169555664, 0.9019418954849243, 0.017385408282279968, -0.33750882744789124, -0.04329498112201691, -0.4209771156311035, 0.522467315196991, 0.13458719849586487, 0.7769861817359924, 0.6069693565368652, 0.09882684797048569, -0.000318739766953513, 0.00019491539569571614, 0.0011734440922737122, -0.005161823704838753, -0.002308820839971304, -0.0016837186412885785, -0.0027892980724573135, -0.4548323154449463, 0.49942588806152344, 0.01006491482257843, -0.22977924346923828, 0.9720149040222168, -0.047824446111917496, -0.0008147210464812815, -8.634175901534036e-05, 0.00128502759616822, 0.0005250296089798212, 0.001214943127706647, -0.0086957523599267, 0.011845682747662067, -0.39382752776145935, 0.5473647713661194, 0.05303526297211647, 0.8318095207214355, 0.551547646522522, 0.03278932720422745, -0.0001928467972902581, 0.00036554623511619866, 0.0012353303609415889, 0.00857632514089346, -0.002470596693456173, -0.007993790321052074, 0.02088465355336666, -0.37205979228019714, 0.5605748891830444, -0.1931007206439972, 0.6991217136383057, 0.6851117610931396, -0.06754757463932037, 5.793608579551801e-05, 0.00046055030543357134, 0.0012788596795871854, 0.029145846143364906, 0.018888527527451515, 0.005501470994204283, -0.06513753533363342, -0.3734375536441803, 0.52375328540802, 0.2695297300815582, -0.6341026425361633, 0.556840181350708, 0.4638928472995758, 0.00029690616065636277, 0.00023021329252514988, 0.0009981649927794933, -0.001452775439247489, 0.005756557919085026, 0.005449538119137287, 0.0038622128777205944, -0.003038207534700632, -0.0019507239339873195, -7.366111822193488e-05, -2.5108947738772258e-05, 9.113032319874037e-06, 0.006177280563861132, 0.005251237191259861, -0.005685059353709221, -0.00010850661055883393, 1.780482125468552e-05, -3.4992932341992855e-05, 0.0030529240611940622, -0.0068723345175385475, -0.014875737950205803, -0.00019914556469302624, -1.5245670510921627e-05, 7.365244982793229e-06, -0.009161964990198612, -0.0080339964479208, -0.018038779497146606, -0.00021161015320103616, -5.356941983336583e-05, 0.00017738495080266148, -0.0022988857235759497, -0.0012763490667566657, 0.0004965740954503417, 1.2448307643353473e-05, -5.7463152188574895e-05, -6.482495518866926e-05, 0.5165066123008728, 0.14226630330085754, 1.0, -0.6543372869491577, 1.0, -0.23683001101016998, -0.997740626335144, -0.2426740825176239, 0.6598966717720032, 0.42812788486480713, -0.1240094006061554, 0.8249841332435608, -0.8202632665634155, 1.0, 0.3062860667705536, 0.9843132495880127, -0.39091768860816956, 0.4024535119533539, 1.0, 0.1144181489944458]
[0.5120672583580017, 0.12770694494247437, 1.0, -0.6529772281646729, 1.0000221729278564, 1.0000042915344238, -0.2413909137248993, -0.997671902179718, -0.24217750132083893, -0.31515052914619446, 0.3964148461818695, 0.3699698746204376, 0.3864766061306, 0.7888036370277405, -0.2826175093650818, -1.0000022649765015, 0.5377107858657837, 0.1245606541633606, 0.14269974827766418, 0.9831135272979736, -0.39221855998039246, 0.401854544878006, 1.0000053644180298, 0.11551061272621155, 0.0004666665045078844, 0.002262464491650462, -1.2593145015671325e-07, -0.0008663679473102093, -3.0625205482692763e-08, 3.614422983133636e-09, 3.8139034586492926e-05, -0.0016452207928523421, -0.0005833827308379114, -0.00023792865977156907, 0.0005864221602678299, -0.004592722747474909, 0.0002497996320016682, 0.0034527205862104893, -0.003918907605111599, 1.1498792673592106e-06, -0.0005610578809864819, 9.06866043806076e-05, -0.008991832844913006, 0.0015153713757172227, 0.0005808601854369044, -5.4607120546279475e-05, 3.8249245903898554e-07, -0.000686350220348686, 0.005247199907898903, 0.0034324517473578453, 0.00012748752487823367, 0.00013513999874703586, -1.3969502106192522e-06, -5.767511538579129e-06, -0.000626123568508774, 0.00026521648396737874, 9.543976921122521e-05, 2.6791898562805727e-05, -6.564226350747049e-05, -0.0018413288053125143, -0.0010512438602745533, -0.00010993643809342757, -0.005438728258013725, 5.055858309788164e-06, -0.0020810032729059458, -0.0003809588379226625, -8.950459596235305e-05, -0.0001690919161774218, -0.00026261794846504927, -0.00013764722098130733, 0.0001432082790415734, 6.24376189080067e-05, -0.02030550129711628, -0.3828127086162567, 0.5054894685745239, 0.7556480169296265, 0.23691879212856293, -0.203621044754982, 0.5756770372390747, 0.00023110386973712593, 0.00029980618273839355, 0.0004567255382426083, -0.004934535827487707, 0.008611706085503101, -0.00125637068413198, 0.0, -0.38999998569488525, 0.47999998927116394, -0.22206895053386688, -0.6671021580696106, 0.6765443682670593, 0.2189696580171585, 0.26885393261909485, 0.9019249081611633, 0.01742423139512539, -0.3375578820705414, -0.043300729244947433, -0.42097902297973633, 0.5224602818489075, 0.13459767401218414, 0.776954174041748, 0.6070062518119812, 0.09883784502744675, -0.00040312533383257687, 0.0002872355398721993, 0.001220401842147112, -0.007220923900604248, -0.0015780663816258311, -0.0023750432301312685, -0.0027988762594759464, -0.4548349678516388, 0.4994111955165863, 0.01005915179848671, -0.2298808991909027, 0.9719930291175842, -0.04778074473142624, -0.00046527822269126773, -4.178938252152875e-05, 0.0012521217577159405, 0.0009625267703086138, 0.0010549394646659493, -0.0024943023454397917, 0.011840146034955978, -0.39383578300476074, 0.5473551750183105, 0.05308813974261284, 0.8318725824356079, 0.5514463782310486, 0.03281114250421524, -0.0004450730630196631, -0.0007681523566134274, 0.000857700128108263, -0.006896010600030422, -0.00062204385176301, -0.005281930323690176, 0.02087383344769478, -0.3720606565475464, 0.5605766773223877, -0.1930990070104599, 0.6988604068756104, 0.6853756308555603, -0.06757990270853043, 0.0008489934261888266, -0.00019515040912665427, 0.0012640774948522449, 0.043011900037527084, 0.033228423446416855, 0.006171301007270813, -0.06513478606939316, -0.3734401762485504, 0.523750901222229, 0.2696117162704468, -0.634113073348999, 0.5567975044250488, 0.46388208866119385, 5.153631354914978e-05, 0.0003380479756742716, 0.0009956114226952195, -0.0040549952536821365, 0.005353306885808706, 0.0016653641359880567, 0.0010059475898742676, 0.0009399789851158857, -6.53937750030309e-05, 8.332171091751661e-06, -6.451924491557293e-06, -1.1347501640557311e-06, -0.0032607780303806067, -0.0010553851025179029, 0.001206277054734528, 1.0961122825392522e-05, -2.4040853531914763e-05, 5.048761158832349e-05, 0.000936040363740176, -0.002617801073938608, -0.013169433921575546, -0.00014920342073310167, 1.711911681923084e-05, -9.185928320221137e-06, -0.00926172360777855, -0.005577905103564262, -0.011834652163088322, -0.00017317318997811526, -2.6470397642697208e-05, 0.00014618698332924396, 0.0023653702810406685, 0.0019455926958471537, -0.0007353881374001503, -1.0313252460036892e-05, 2.459171082591638e-05, 7.387515779555542e-06, 0.5150911808013916, 0.1427984982728958, 1.0, -0.6534649729728699, 1.0, -0.2387607842683792, -0.9970976710319519, -0.242389976978302, 0.6593620181083679, 0.4303893446922302, -0.126792311668396, 0.8239040374755859, -0.8211089372634888, 1.0, 0.3063630759716034, 0.9838573932647705, -0.3916487395763397, 0.40189146995544434, 1.0, 0.11518283933401108]
[0.5122203230857849, 0.12763291597366333, 1.0, -0.653064489364624, 1.0000221729278564, 1.0000042915344238, -0.24119655787944794, -0.9978336691856384, -0.2422509640455246, -0.3151736557483673, 0.3967355191707611, 0.36996471881866455, 0.38643714785575867, 0.7888550758361816, -0.282640665769577, -1.0000022649765015, 0.5376800894737244, 0.1246655285358429, 0.14178788661956787, 0.9832256436347961, -0.39205116033554077, 0.40189793705940247, 1.0000054836273193, 0.11538700759410858, 0.0006807929021306336, 0.0019971660804003477, -1.0895695368162706e-07, -0.0011448932345956564, -7.3315433724019385e-09, -7.421646586180941e-08, 0.0010014647850766778, -0.0017663354519754648, -0.0010226572630926967, -0.0003351863124407828, 0.001503951265476644, -0.0002603036991786212, -7.13842673576437e-05, -0.0002566119364928454, -0.00023254775442183018, 5.780556122658709e-08, -0.00028968401602469385, 0.001171284238807857, -0.008335859514772892, 0.001664953539147973, 0.0012915555853396654, 8.597252599429339e-05, 2.700384094111996e-08, -0.0014830337604507804, 0.006680649239569902, 0.0006498661241494119, 0.0001565142156323418, -6.346630107145756e-05, -2.746296377154067e-05, -6.518493137264159e-06, 0.00020208331989124417, 1.9928311303374358e-05, -2.06255899684038e-05, -1.4838982679066248e-05, 4.851885751122609e-05, -0.00082877412205562, -0.0002478605601936579, -7.293911767192185e-05, -0.0015493865357711911, 3.517165532684885e-05, -0.0006640614592470229, -0.00012690422590821981, -3.096763521170942e-06, -7.376345456577837e-05, 1.1458928383945022e-05, 4.091115988558158e-05, 6.646863766945899e-05, 1.425328264303971e-06, -0.020310252904891968, -0.38281381130218506, 0.5054851770401001, 0.7556782364845276, 0.23693634569644928, -0.20367594063282013, 0.5756106972694397, -0.0001233261573361233, 0.00038525639683939517, 0.0003264695988036692, -0.005411320831626654, 0.009428688324987888, -1.1411825653340202e-05, 0.0, -0.38999998569488525, 0.47999998927116394, -0.22206895053386688, -0.6671021580696106, 0.6765443682670593, 0.2189696580171585, 0.26887062191963196, 0.9018927216529846, 0.017473367974162102, -0.33762797713279724, -0.043309442698955536, -0.42098069190979004, 0.5224519371986389, 0.13461528718471527, 0.7769168019294739, 0.6070476770401001, 0.09885380417108536, -0.0005792692536488175, 0.00024888920597732067, 0.0010335731785744429, -0.004579425789415836, -0.0020184407476335764, -0.003459505969658494, -0.002812581602483988, -0.45483800768852234, 0.4993942677974701, 0.010050876997411251, -0.23000171780586243, 0.9719673991203308, -0.0477234311401844, -0.0010219858959317207, -0.00018422017456032336, 0.0009154438739642501, 0.005559710320085287, 0.0015308919828385115, -0.008371620438992977, 0.01183264795690775, -0.3938397765159607, 0.5473509430885315, 0.05315650254487991, 0.8318576812744141, 0.5514598488807678, 0.032852329313755035, -0.0003909496881533414, 0.00039441711851395667, 0.0009350440814159811, -0.00706923333927989, -0.00028458089218474925, -0.010932320728898048, 0.020869038999080658, -0.37206506729125977, 0.5605717301368713, -0.19305899739265442, 0.6986222863197327, 0.6856251955032349, -0.06762512028217316, -0.00038015260361135006, 0.0006120025645941496, 0.0011364236706867814, 0.02481796219944954, 0.014340128749608994, 0.0029677976854145527, -0.0651322603225708, -0.3734426498413086, 0.5237488150596619, 0.2697084844112396, -0.6341240406036377, 0.5567529797554016, 0.4638643264770508, 0.00022265770530793816, 0.0002560310822445899, 0.0009407394099980593, -0.00035578501410782337, 0.006396395619958639, 0.006117580458521843, 0.0011874911142513156, -0.0001694899401627481, -0.0003571858105715364, -9.0608418759075e-06, -7.434613507939503e-06, 1.3477462061928236e-06, 0.0011708313832059503, 0.00016876179142855108, -7.907325198175386e-05, -1.2307555152801797e-05, 1.1186220945091918e-06, -2.1846606159670046e-06, 0.0009412083309143782, -0.001246254425495863, -0.004160288721323013, -9.163292997982353e-05, -4.833032107853796e-06, 1.750165097291756e-06, -0.002179657807573676, -0.0019240827532485127, -0.0037254621274769306, -3.195800672983751e-05, -1.380420053465059e-05, 4.3884261685889214e-05, 0.0006480644224211574, -0.00034091007546521723, -0.0003208966227248311, 8.701609658601228e-06, -8.943705324782059e-06, -3.882002147292951e-06, 0.5160850882530212, 0.14269720017910004, 1.0, -0.6541323661804199, 1.0, -0.23673541843891144, -0.9975388646125793, -0.242838054895401, 0.6598169207572937, 0.42813050746917725, -0.12400972843170166, 0.8244441747665405, -0.8199367523193359, 1.0, 0.3060373067855835, 0.984101414680481, -0.3906397521495819, 0.4025055468082428, 1.0, 0.11432559043169022]
