2
[0.0, 0.0, 0.0, 0.0, 0.0, 0.0, 0.0, 0.0, 0.0, 0.0, 0.0, 0.0, 0.0, 0.0, 0.0, 0.0, 0.0, 0.0, 0.0, 0.0, 0.0, 0.0, 0.0, 0.0, 0.0, 0.0, 0.0, 0.0, 0.0, 0.0, 0.0, 0.0, 0.0, 0.0, 0.0, 0.0, 0.0, 0.0, 0.0, 0.0, 0.0, 0.0, 0.0, 0.0, 0.0, 0.0, 0.0, 0.0, 0.0, 0.0, 0.0, 0.0, 0.0, 0.0, 0.0, 0.0, 0.0, 0.0, 0.0, 0.0, 0.0, 0.0, 0.0, 0.0, 0.0, 0.0, 0.0, 0.0, 0.0, 0.0, 0.0, 0.0, 0.0, 0.0, 0.0, 0.0, 0.0, 0.0, 0.0, 0.0, 0.0, 0.0, 0.0, 0.0, 0.0, 0.0, 0.0, 0.0, 0.0, 0.0, 0.0, 0.0, 0.0, 0.0, 0.0, 0.0, 0.0, 0.0, 0.0, 0.0, 0.0, 0.0, 0.0, 0.0, 0.0, 0.0, 0.0, 0.0, 0.0, 0.0, 0.0, 0.0, 0.0, 0.0, 0.0, 0.0, 0.0, 0.0, 0.0, 0.0, 0.0, 0.0, 0.0, 0.0, 0.0, 0.0, 0.0, 0.0, 0.0, 0.0, 0.0, 0.0, 0.0, 0.0, 0.0, 0.0, 0.0, 0.0, 0.0, 0.0, 0.0, 0.0, 0.0, 0.0, 0.0, 0.0, 0.0, 0.0, 0.0, 0.0, 0.0, 0.0, 0.0, 0.0, 0.0, 0.0, 0.0, 0.0, 0.0, 0.0, 0.0, 0.0, 0.0, 0.0, 0.0, 0.0, 0.0, 0.0, 0.0, 0.0, 0.0, 0.0, 0.0, 0.0, 0.0, 0.0, 0.0, 0.0, 0.0, 0.0, 0.0, 0.0, 0.0, 0.0, 0.0, 0.0, 0.0, 0.0, 0.0, 0.0, 0.0, 0.0, 0.0, 0.0, 0.0, 0.0, 0.0, 0.0, 0.0, 0.0, 0.0, 0.0, 0.0, 0.0, 0.0, 0.0, 0.0, 0.0, 0.0, 0.0, 0.0]
[0.45098692178726196, 0.1213192492723465, -0.21894830465316772, -0.6245473623275757, -0.9409663677215576, -0.8898767232894897, -0.0280783548951149, -0.5311319828033447, -0.7364997267723083, -0.8890537023544312, -0.17535439133644104, -0.5738551020622253, -0.7654983997344971, -0.7880339026451111, -0.9736602902412415, -0.01786614954471588, -0.8624383807182312, -0.5624812841415405, -0.6939464211463928, 0.009755406528711319, -0.5941424369812012, 0.2411760538816452, -0.05268123745918274, 0.673832356929779, 0.14997528493404388, -0.8744750022888184, -0.44916072487831116, 2.1027004718780518, -0.08683913201093674, -0.025555649772286415, 0.49059969186782837, 1.8514333963394165, 0.40994498133659363, 0.07538089901208878, -0.05414862558245659, 1.2423734664916992, -0.29261672496795654, -0.06555165350437164, 0.02214530110359192, -0.11966963857412338, 1.4615898132324219, 1.9044243097305298, 0.4201933443546295, 1.6599549055099487, 1.562498927116394, 0.2325538843870163, -0.7925006747245789, 0.433411180973053, 3.548703670501709, -10.326942443847656, 0.00028441997710615396, -0.09994961321353912, 0.00372221227735281, 0.010362464934587479, 0.2411336600780487, -0.2508794665336609, -0.03601163253188133, 0.0008098105899989605, 0.11444270610809326, -0.33397480845451355, -0.10813511908054352, -0.03299696370959282, -0.9008845686912537, 0.10100682079792023, -0.23256513476371765, 0.11013142019510269, 0.07808858156204224, 0.21992045640945435, 0.14384020864963531, 0.1340455561876297, -0.12508967518806458, -0.036998201161623, -0.006532501429319382, -0.4007110595703125, 0.5288481712341309, 0.21059010922908783, 0.595181941986084, -0.7311822772026062, 0.2584233283996582, -0.1012435331940651, 0.13623927533626556, 0.014573581516742706, -0.34189191460609436, 1.998903512954712, -0.7030115723609924, 0.0, -0.38999998569488525, 0.47999998927116394, -0.6623125672340393, 0.30807608366012573, -0.5883525013923645, 0.3468034863471985, 0.3691074252128601, -0.4813753068447113, -0.560606837272644, 0.5636999011039734, -0.021497633308172226, -0.4528396725654602, 0.5061897039413452, 0.029183348640799522, -0.5536853075027466, 0.830940306186676, -0.04603462666273117, 0.000682891346514225, 0.17789621651172638, 0.06833207607269287, -5.526764392852783, -0.9164295196533203, 1.485620379447937, -0.003949044272303581, -0.4530724287033081, 0.5145233273506165, 0.009481143206357956, -0.4531760513782501, 0.8911682367324829, -0.018993224948644638, -0.35953524708747864, 0.2177237868309021, 0.015621401369571686, -7.300554275512695, -0.4200001657009125, -3.2087106704711914, 0.021251408383250237, -0.4492990970611572, 0.5119972825050354, 0.01988530345261097, -0.4425159990787506, 0.8955328464508057, -0.04248528182506561, -0.14565518498420715, 0.019670696929097176, -0.3268209993839264, -0.03102795034646988, -0.27084657549858093, -0.4837672710418701, 0.040455412119627, -0.44436898827552795, 0.5015186071395874, 0.004562306217849255, -0.4372994303703308, 0.8990979194641113, -0.019266922026872635, -0.12278963625431061, 0.2259112447500229, 0.2257763296365738, -14.610238075256348, -0.6932277083396912, -0.30489176511764526, -0.07717741280794144, -0.37088748812675476, 0.5151883959770203, -0.10269399732351303, -0.6030347943305969, 0.7601712346076965, 0.21895788609981537, 0.2672853469848633, -0.14981432259082794, 0.26465514302253723, 3.7534751892089844, 12.69381046295166, 1.0292465686798096, 0.05064840614795685, 0.4059247374534607, -0.6827407479286194, 0.016451336443424225, -0.003988267388194799, 0.002840647706761956, 1.2944467067718506, 0.9164363741874695, -1.0661722421646118, 0.014556355774402618, 0.009469272568821907, -0.0053153508342802525, 0.6673293709754944, 1.7807186841964722, -1.2276380062103271, -0.006286183372139931, 0.002878727624192834, -0.0006054647965356708, 0.5619417428970337, -0.8532682657241821, -0.4516245424747467, 0.06528956443071365, 0.00196929182857275, 0.00016222962585743517, -1.4453710317611694, -1.0201257467269897, 0.43475624918937683, 0.006876630242913961, -0.013872267678380013, -0.04831309616565704, 1.0, -1.0, -1.0, 1.0, -1.0, 1.0, 1.0, -0.3507639169692993, -0.23199370503425598, 0.33816632628440857, -1.0, -1.0, -0.19401803612709045, 0.2814940810203552, 1.0, 1.0, 1.0, 1.0, -1.0, 1.0]
[0.5000359416007996, 0.010513365268707275, -0.1366356611251831, -0.40972718596458435, -0.8751335144042969, -0.8813498616218567, 0.07514096051454544, -0.3668540418148041, -0.737830400466919, -0.8754088878631592, -0.24858641624450684, -0.3998214304447174, -0.8017260432243347, -0.7986671924591064, -0.9852094054222107, -0.07144585996866226, -0.6441594958305359, -0.40257811546325684, -0.5907889008522034, 0.15431468188762665, -0.44174036383628845, 0.35815614461898804, -0.023024341091513634, 0.7217644453048706, 0.2098698914051056, -0.7113452553749084, 0.6391382217407227, 2.0774941444396973, 0.9713286757469177, 0.20905530452728271, 0.4957454204559326, 1.2205333709716797, -0.22860458493232727, 0.05002112314105034, -0.4350791871547699, 1.8111956119537354, -0.3485214412212372, -0.1163320541381836, -0.07631124556064606, -0.2745421230792999, 2.3169124126434326, 1.2616437673568726, 1.4010556936264038, 1.8446943759918213, 0.8264970183372498, 0.30312541127204895, 0.6861538290977478, 0.447338342666626, 1.8736540079116821, 2.6060988903045654, 0.20239025354385376, 0.2720819413661957, 0.17403483390808105, 0.07708120346069336, 0.1843542605638504, -0.21493005752563477, -0.1478773057460785, -0.06762254238128662, -0.05334421247243881, 0.26556509733200073, 0.1022731140255928, 0.0341135710477829, 0.24601656198501587, 0.009038364514708519, 0.33164387941360474, 0.066181480884552, 0.049493737518787384, -0.09616601467132568, -0.23564130067825317, -0.14323143661022186, 0.20429395139217377, 0.06890886276960373, -0.008237151429057121, -0.3997102379798889, 0.5286072492599487, 0.17000530660152435, 0.6065070033073425, -0.7534551024436951, 0.1885543316602707, -0.10188998281955719, 0.04102083668112755, -0.0495138056576252, 0.05293872952461243, 1.9241762161254883, -0.7343578338623047, 0.0, -0.38999998569488525, 0.47999998927116394, -0.6623125672340393, 0.30807608366012573, -0.5883525013923645, 0.3468034863471985, 0.30855873227119446, -0.446796178817749, -0.6044362187385559, 0.5829421281814575, -0.026743805035948753, -0.4493538439273834, 0.5079417824745178, 0.013661894015967846, -0.48537108302116394, 0.8737067580223083, -0.02940734103322029, -0.49424514174461365, 0.364871621131897, 0.3832909166812897, -12.697478294372559, -0.8660696744918823, -4.325088977813721, -0.009181851521134377, -0.4507160186767578, 0.5119930505752563, -0.0006942494655959308, -0.4204541742801666, 0.9073019623756409, 0.004560212604701519, -0.3827582895755768, 0.133348286151886, -0.20116937160491943, -1.660805583000183, 0.38217487931251526, -3.505261182785034, 0.019531594589352608, -0.4474942684173584, 0.5097219944000244, 0.018291551619768143, -0.42708146572113037, 0.9027200937271118, -0.04861181601881981, -0.09097712486982346, 0.19047074019908905, 0.01617250218987465, -3.136869192123413, -0.8147764205932617, 1.0662764310836792, 0.03858872503042221, -0.4410209655761719, 0.5050643086433411, 0.0027058012783527374, -0.2933165431022644, 0.9557824730873108, -0.020925864577293396, -0.12734897434711456, 0.527544379234314, 0.4914605915546417, -21.113203048706055, -0.7666398882865906, 0.17209726572036743, -0.07481556385755539, -0.3725108206272125, 0.5164045691490173, -0.0379767008125782, -0.6038100719451904, 0.7403342723846436, 0.29304659366607666, 0.08675911277532578, -0.07393136620521545, -0.01062612421810627, 3.920135498046875, 9.783302307128906, -4.217365741729736, 1.0371372699737549, -2.431609869003296, 0.34035369753837585, 0.04060705751180649, 0.00966932624578476, -0.005939396098256111, 0.9634650945663452, 1.8972690105438232, -0.03692755848169327, -0.03916351497173309, 0.008096013218164444, -0.007296176161617041, -0.24210351705551147, -1.4305431842803955, 0.5588701963424683, 0.012655424885451794, -0.004247377626597881, 0.0034754688385874033, 0.04095911607146263, -1.3410454988479614, 0.84032142162323, 0.02937805838882923, -0.001351805403828621, 0.0005390402511693537, 2.5280818939208984, 1.692967176437378, -0.43288931250572205, -0.012809859588742256, 0.028459571301937103, 0.005751878954470158, 1.0, -0.4330267906188965, 1.0, 1.0, -0.09877107292413712, 1.0, 0.12621593475341797, -1.0, -1.0, 0.8267068862915039, -1.0, -1.0, -0.5014199614524841, 0.9316792488098145, 0.23412740230560303, 1.0, -0.022596566006541252, 1.0, 1.0, 1.0]
[0.5630778670310974, -0.035109493881464005, -0.04357334226369858, -0.2156376987695694, -0.7984676361083984, -0.8556979298591614, 0.20435121655464172, -0.28299519419670105, -0.7748234868049622, -0.8821622133255005, -0.36059635877609253, -0.22429269552230835, -0.8375083208084106, -0.8114279508590698, -0.9999743103981018, -0.15621539950370789, -0.39765357971191406, -0.29914262890815735, -0.4393388330936432, 0.28941792249679565, -0.3086026608943939, 0.4074576497077942, 0.11194850504398346, 0.7666471600532532, 0.24910986423492432, -0.06627392768859863, 0.23999106884002686, 1.6542667150497437, 0.572838544845581, 0.22435262799263, 0.5498818755149841, 0.5303230881690979, -0.40892449021339417, -0.13083820044994354, -0.46957167983055115, 1.5362406969070435, -0.3150709271430969, -0.11725204437971115, 7.30465108063072e-05, -0.3868204355239868, 2.266458034515381, 0.7981602549552917, 1.2852716445922852, 1.564569354057312, 1.0386828184127808, 0.03534317761659622, 0.9038878679275513, 0.3964955508708954, 0.8406042456626892, 8.067349433898926, -0.06193201243877411, 0.30640923976898193, 0.06147162616252899, 0.012388206087052822, 0.03161930292844772, 0.2525397539138794, 0.059208013117313385, 0.010076682083308697, -0.002457347698509693, 0.3507712483406067, 0.11953727155923843, 0.037199411541223526, 0.9622533321380615, 0.019470321014523506, 0.5012497901916504, 0.10287509858608246, 0.0077779460698366165, -0.24504545331001282, 0.347731351852417, 0.13044589757919312, 0.15151166915893555, 0.04346242547035217, -0.010285100899636745, -0.3992479145526886, 0.5279169678688049, 0.1057717427611351, 0.6224531531333923, -0.7710666656494141, 0.08258605003356934, -0.14103680849075317, 0.0735003724694252, 0.031974803656339645, 0.1073213443160057, 3.9395370483398438, -1.315533995628357, 0.0, -0.38999998569488525, 0.47999998927116394, -0.6623125672340393, 0.30807608366012573, -0.5883525013923645, 0.3468034863471985, 0.22005446255207062, -0.3824920654296875, -0.6636632084846497, 0.604009211063385, -0.032655779272317886, -0.44376909732818604, 0.5144439339637756, 0.0015851155621930957, -0.39325961470603943, 0.9194056987762451, -0.006119558122009039, -0.32754385471343994, 0.5039873123168945, 0.63065105676651, -11.930001258850098, 0.08510210365056992, -2.4528861045837402, -0.015526852570474148, -0.44921889901161194, 0.5111396908760071, -0.01129371952265501, -0.41817721724510193, 0.9076141119003296, 0.03516622260212898, -0.42932483553886414, 0.08361571282148361, 0.06542060524225235, 0.38133642077445984, 0.40221473574638367, -3.9657301902770996, 0.01746855117380619, -0.44416558742523193, 0.5134708285331726, 0.016881003975868225, -0.3937472701072693, 0.9171523451805115, -0.059242866933345795, -0.14303477108478546, 0.28453320264816284, 0.4421508014202118, -5.146092414855957, -1.003235936164856, 0.990446925163269, 0.03642752394080162, -0.43520474433898926, 0.5139028429985046, -0.0004060023929923773, -0.11572932451963425, 0.99294114112854, -0.02596990577876568, -0.16184766590595245, 0.7374358177185059, 0.7522300481796265, -21.37761688232422, -1.4062203168869019, 0.6105770468711853, -0.0732329711318016, -0.37266266345977783, 0.5191200971603394, -0.0020275569986552, -0.5830752849578857, 0.7254738211631775, 0.365659236907959, 0.10607900470495224, 0.053213946521282196, 0.3379083573818207, -1.1991021633148193, 8.557740211486816, -3.930828094482422, -0.5288397073745728, -1.1640206575393677, 1.1038954257965088, -0.005072103813290596, -0.006143943872302771, 0.005525222513824701, 0.15093106031417847, -1.018791675567627, 1.180588960647583, -0.005205193534493446, 0.0011040373938158154, 2.1362895495258272e-05, 0.03613368794322014, -1.7908955812454224, 1.2801201343536377, 0.01033597718924284, -0.0006191966822370887, -0.0017689436208456755, 0.24839194118976593, -0.9391372799873352, 2.2139949798583984, -0.006309113465249538, 0.004654663614928722, 0.0025554122403264046, 1.99216628074646, -2.269649028778076, -0.08164951205253601, 0.011954763904213905, 0.011587759479880333, 0.014266783371567726, 1.0, 0.37779921293258667, 0.09134344756603241, 0.7405359148979187, -0.5202869176864624, 1.0, 0.018466562032699585, -1.0, -1.0, 0.7039505243301392, -1.0, -1.0, -0.7180748581886292, 1.0, 0.09598379582166672, 0.9392635822296143, 0.6054366230964661, 0.41023585200309753, 1.0, 1.0]
[0.6301111578941345, -0.05256175249814987, -0.0410013347864151, -0.04787493869662285, -0.7823507785797119, -0.8406931161880493, 0.3322903513908386, -0.23864023387432098, -0.8135717511177063, -0.8956907987594604, -0.466806024312973, -0.10133670270442963, -0.8652096390724182, -0.821732759475708, -0.991830050945282, -0.24081885814666748, -0.16611318290233612, -0.25286173820495605, -0.34065279364585876, 0.40039074420928955, -0.23389828205108643, 0.4543049931526184, 0.25370708107948303, 0.805810809135437, 0.24984104931354523, -0.16980257630348206, -0.11526355892419815, 1.4876328706741333, -0.07505934685468674, 0.054206859320402145, 0.5117828249931335, 0.3490876853466034, -0.32847949862480164, -0.11808432638645172, -0.41568517684936523, 0.9167098999023438, -0.22823555767536163, -0.08287740498781204, 0.05132027342915535, -0.3229512572288513, 2.0654704570770264, 0.23182542622089386, 0.5826323628425598, 1.2641545534133911, 0.2578528821468353, 0.14771248400211334, 0.8518115878105164, 0.3417936861515045, -0.15842962265014648, -1.1350674629211426, -0.06957805901765823, -0.16959942877292633, -0.11258432269096375, -0.0503651425242424, -0.024931684136390686, -0.15490318834781647, -0.05016312748193741, -0.01577456295490265, 0.007664133328944445, -0.2864951193332672, -0.10882865637540817, -0.03705110028386116, -0.04934702813625336, 0.0025057909078896046, -0.14461493492126465, -0.10037034004926682, -0.06549834460020065, -0.06284123659133911, -0.4203243851661682, -0.22485005855560303, -0.001282634912058711, -0.004700195975601673, -0.012673482298851013, -0.3989872336387634, 0.527337908744812, 0.01671869307756424, 0.6330933570861816, -0.7716394662857056, -0.05904054641723633, -0.1445041298866272, 0.0016224347054958344, -0.0707516074180603, 0.4348910450935364, 3.7548530101776123, -1.2602046728134155, 0.0, -0.38999998569488525, 0.47999998927116394, -0.6623125672340393, 0.30807608366012573, -0.5883525013923645, 0.3468034863471985, 0.10145320743322372, -0.28315505385398865, -0.726800262928009, 0.617488443851471, -0.03662509843707085, -0.43785062432289124, 0.5206459164619446, -0.002457502530887723, -0.32521185278892517, 0.9456287026405334, 0.004173723049461842, -0.1999281644821167, 0.4224737882614136, 0.32615530490875244, -6.485808849334717, 0.02146979793906212, -0.6889228820800781, -0.021981818601489067, -0.44803738594055176, 0.5110257267951965, -0.022396376356482506, -0.4250211715698242, 0.9024980068206787, 0.06597486883401871, -0.4150741398334503, 0.058580152690410614, -0.0751262754201889, 1.340524673461914, 0.26443278789520264, -3.791867971420288, 0.014965253882110119, -0.4412391483783722, 0.5171737670898438, 0.01512514241039753, -0.36743614077568054, 0.9274337887763977, -0.06803184747695923, -0.15604998171329498, 0.16553886234760284, 0.13420945405960083, -2.1552321910858154, -0.722823977470398, 0.7413922548294067, 0.03347553312778473, -0.4280833601951599, 0.523023247718811, -0.007722075097262859, 0.027694672346115112, 0.999153196811676, -0.02942897379398346, -0.21386080980300903, 0.6442948579788208, 0.40393152832984924, -13.682732582092285, -1.3160343170166016, 0.11850587278604507, -0.07263011485338211, -0.37227606773376465, 0.5207738876342773, 0.016646023839712143, -0.5602552890777588, 0.7117922902107239, 0.42330652475357056, -0.025226451456546783, 0.04134819656610489, 0.02485373243689537, 0.40969452261924744, 5.399615287780762, -4.222538948059082, -0.47371935844421387, 1.5228623151779175, -0.4162270128726959, -0.02752220630645752, -0.004108670633286238, 0.0060673486441373825, -0.17970243096351624, 0.7286722660064697, -0.31256020069122314, -0.00484447879716754, -0.0015170080587267876, 0.001187988556921482, 0.09215451031923294, 1.5121036767959595, -0.4789711833000183, -0.014369545504450798, 0.0013417289592325687, -0.0011163355084136128, 0.08157915621995926, 1.3773748874664307, -0.9308627843856812, -0.04483771324157715, 0.00038045761175453663, -0.0018400175031274557, -0.12745952606201172, 2.5268259048461914, -0.12813615798950195, -0.016510125249624252, -0.0026608346961438656, 0.006692294962704182, 1.0, -0.32464444637298584, -0.3628491759300232, 0.7797008156776428, -0.9536303281784058, 1.0, -0.07788942754268646, -1.0, -1.0, 0.3043941557407379, -1.0, -1.0, -0.6433447003364563, 1.0, -0.23037609457969666, 0.9300759434700012, -0.2786165177822113, 0.7526381611824036, 1.0, 1.0]
[0.694060742855072, -0.10568781942129135, -0.05235392600297928, 0.09769926220178604, -0.7027609348297119, -0.8263373374938965, 0.4463033080101013, -0.20126238465309143, -0.8035099506378174, -0.9007459878921509, -0.5578411817550659, -0.010698256082832813, -0.8825329542160034, -0.8286713361740112, -0.9753870964050293, -0.31859609484672546, 0.03527798131108284, -0.1800270527601242, -0.2882857918739319, 0.4960818588733673, -0.21554327011108398, 0.5332680344581604, 0.3806905448436737, 0.8392341732978821, 0.23178882896900177, -0.5077590346336365, -0.0095094358548522, 1.2716426849365234, 1.1610441207885742, 0.26914215087890625, 0.4431246817111969, 0.34769633412361145, 0.3178047239780426, 0.03604244440793991, -0.34984633326530457, 0.7862055897712708, -0.12663373351097107, -0.05060986429452896, 0.0748109221458435, -0.3152850866317749, 1.7475982904434204, 0.9065249562263489, 0.6270567774772644, 1.1368926763534546, 0.056886281818151474, 0.213692307472229, 0.7405568957328796, 0.28960302472114563, -0.5698182582855225, -3.417522430419922, 0.01015221606940031, -0.2830016016960144, -0.023472566157579422, 0.010016532614827156, -0.04472517967224121, -0.23561888933181763, -0.03770407661795616, -0.0012808205792680383, 0.006264462601393461, -0.26852089166641235, -0.0917496606707573, -0.0288509801030159, -0.2843800187110901, -0.014430860057473183, -0.2784285247325897, -0.052554626017808914, 0.0033925240859389305, 0.04429752007126808, -0.2391287088394165, -0.12841497361660004, -0.07101946324110031, -0.02562255598604679, -0.015073594637215137, -0.39966678619384766, 0.5251277089118958, -0.07115853577852249, 0.6365242600440979, -0.7433467507362366, -0.1928960382938385, -0.14165638387203217, -0.044366076588630676, -0.16488857567310333, 0.7134865522384644, 3.5725343227386475, -1.15358567237854, 0.0, -0.38999998569488525, 0.47999998927116394, -0.6623125672340393, 0.30807608366012573, -0.5883525013923645, 0.3468034863471985, -0.006942184641957283, -0.17028607428073883, -0.7709419131278992, 0.6136800050735474, -0.039980996400117874, -0.43162450194358826, 0.5230230689048767, -0.004694430157542229, -0.250203400850296, 0.9681063294410706, 0.012092138640582561, -0.20255599915981293, 0.5322454571723938, 0.12089884281158447, -10.969615936279297, 0.20521770417690277, -1.1532691717147827, -0.027776136994361877, -0.4466843008995056, 0.5080284476280212, -0.030168689787387848, -0.42332762479782104, 0.900510847568512, 0.09467712044715881, -0.34964966773986816, 0.10487072169780731, -0.24775198101997375, -0.8934919238090515, 0.911810576915741, -3.2632317543029785, 0.012309716083109379, -0.4394652843475342, 0.5162580013275146, 0.011469387449324131, -0.3574926555156708, 0.9308370351791382, -0.07489807903766632, -0.1669103503227234, 0.08986064046621323, -0.16314120590686798, -0.4855062961578369, -0.8457698225975037, 0.4700961709022522, 0.03010777197778225, -0.4206852614879608, 0.5271307229995728, -0.017286336049437523, 0.1418553590774536, 0.9892760515213013, -0.0301829781383276, -0.23110926151275635, 0.6502390503883362, 0.03593829274177551, -14.080647468566895, -1.7074522972106934, -0.05857379361987114, -0.07302320003509521, -0.37254804372787476, 0.5186721086502075, 0.03418969362974167, -0.5517492294311523, 0.6887938976287842, 0.46900615096092224, -0.04334427788853645, -0.027786318212747574, -0.2017410546541214, 2.387042760848999, 4.672141075134277, -3.4151647090911865, 0.0010586000280454755, 0.4770347774028778, -0.819886326789856, 0.017172055318951607, 0.0006809734040871263, -0.0013295485405251384, -0.3222072124481201, 0.6662139892578125, -0.644687294960022, 0.008712389506399632, -0.002696856390684843, 0.001286020502448082, 0.08350345492362976, 1.3226678371429443, -0.7625787258148193, -0.009010963141918182, 0.001861658412963152, -0.00046666248817928135, -0.04772570729255676, 0.14437589049339294, -1.4690696001052856, 0.0055581615306437016, 9.15798227651976e-05, -0.00036687456304207444, -1.0585190057754517, 1.427736759185791, -0.10753411054611206, -0.00839272327721119, -0.008686249144375324, 0.00038570951437577605, 1.0, -0.7424850463867188, -0.023039475083351135, 0.8091294765472412, 0.19455523788928986, 1.0, -0.0057913437485694885, -0.5054628252983093, -1.0, 0.40282177925109863, -0.9521747827529907, -1.0, -0.73982173204422, 1.0, 0.46304959058761597, 1.0, -0.2567721903324127, 1.0, 1.0, 1.0]
[0.7399023175239563, -0.17416422069072723, -0.06925282627344131, 0.17312543094158173, -0.5522294044494629, -0.7578089833259583, 0.5498782396316528, -0.17535990476608276, -0.6762520670890808, -0.8747766613960266, -0.6319475173950195, 0.07809104025363922, -0.8688400387763977, -0.8294334411621094, -0.9649360179901123, -0.3688763678073883, 0.2030593305826187, -0.09467843174934387, -0.19929341971874237, 0.5790272951126099, -0.17287951707839966, 0.604428768157959, 0.4428425431251526, 0.8674101829528809, 0.12430959939956665, -0.4634978473186493, -0.1028989776968956, 0.38417932391166687, 1.5073298215866089, 1.1565808057785034, 0.4099934995174408, 0.21136315166950226, 1.6412495374679565, 0.6561166644096375, -0.2798028886318207, 0.8443217277526855, 0.2622862458229065, 0.04335363209247589, 0.028354734182357788, -0.14806585013866425, 1.4425793886184692, 0.7256234288215637, 0.935357391834259, 0.9654672741889954, 0.4471166133880615, 0.1610857993364334, 0.19107703864574432, 0.24230992794036865, -2.8371658325195312, 0.883730411529541, -0.07383847236633301, -0.2330392748117447, -0.08959091454744339, 0.010869159363210201, -0.0968179851770401, 0.022983510047197342, 0.09400589764118195, 0.07443994283676147, -0.06787902116775513, 0.030275065451860428, 0.03816600888967514, 0.01931578665971756, 0.0035277847200632095, -0.035775233060121536, -0.06994842737913132, -0.0551033616065979, -0.015644652768969536, -0.0255882628262043, 0.24208366870880127, 0.11181411147117615, -0.06824549287557602, -0.026517879217863083, -0.015916630625724792, -0.39971187710762024, 0.5236074328422546, -0.14346493780612946, 0.6289719939231873, -0.7070600986480713, -0.28961697220802307, 0.021575292572379112, 0.04772086441516876, -0.01871434785425663, 0.387927770614624, 2.3990731239318848, -0.5304848551750183, 0.0, -0.38999998569488525, 0.47999998927116394, -0.6623125672340393, 0.30807608366012573, -0.5883525013923645, 0.3468034863471985, -0.0893421396613121, -0.07653311640024185, -0.7879857420921326, 0.6043502688407898, -0.042177651077508926, -0.4269060492515564, 0.5217252373695374, -0.005171860568225384, -0.15685878694057465, 0.9874667525291443, 0.016669129952788353, -0.07888845354318619, 0.4020320177078247, -0.08051464706659317, -12.923016548156738, 0.30633965134620667, -0.18868601322174072, -0.03180985152721405, -0.44434475898742676, 0.5049191117286682, -0.028249025344848633, -0.37696900963783264, 0.917854368686676, 0.12099410593509674, -0.16144511103630066, 0.27803370356559753, -0.02174297533929348, -9.840157508850098, 3.26279616355896, -2.1635313034057617, 0.010171049274504185, -0.43735232949256897, 0.5143455266952515, 0.005455800332129002, -0.33869799971580505, 0.9373216032981873, -0.08174379914999008, -0.10905544459819794, 0.19008088111877441, -0.04879091680049896, -3.3779468536376953, -1.3268862962722778, 0.4927104413509369, 0.027279112488031387, -0.41381803154945374, 0.5277791619300842, -0.02603095956146717, 0.2550020217895508, 0.9662097692489624, -0.027109244838356972, -0.15089061856269836, 0.5663784742355347, -0.11093965917825699, -13.266560554504395, -1.422313928604126, -0.5008859038352966, -0.07170723378658295, -0.374090313911438, 0.5158054232597351, 0.06751960515975952, -0.5472914576530457, 0.6714158058166504, 0.49508988857269287, 0.18682613968849182, -0.14862243831157684, -0.15417827665805817, 2.596923351287842, 4.7089667320251465, 0.7208443284034729, -0.6228054165840149, 0.7557860016822815, -0.19762057065963745, 0.022205950692296028, -0.0016591725870966911, 0.004498493392020464, -0.7023436427116394, -1.4859026670455933, 0.14723831415176392, 0.0521514005959034, -0.0030513396486639977, 0.003456262405961752, -0.5013754963874817, -0.485360324382782, 0.18527494370937347, 0.01203538291156292, -0.0012982828775420785, 0.0004918447812087834, -0.49327388405799866, 0.4907493591308594, -0.461787611246109, -0.008283411152660847, -0.0017925899010151625, 0.00048342629452235997, -0.9525842666625977, -1.5075916051864624, 0.16024073958396912, 0.008548377081751823, -0.011276539415121078, 0.00636875256896019, 0.6125485301017761, -0.48491519689559937, -0.26843321323394775, 0.2275189757347107, 0.3775325417518616, 1.0, 0.0584605410695076, 0.586933970451355, -1.0, 0.6098121404647827, -0.6400923132896423, -0.9922829270362854, -0.5119702219963074, 1.0, 0.2884523570537567, 1.0, 0.3023435175418854, 1.0, 0.4553106129169464, 1.0]
[0.736864447593689, -0.1949097365140915, -0.07350409775972366, 0.15882068872451782, -0.4727858603000641, -0.6189659237861633, 0.6095129251480103, -0.18617069721221924, -0.5536341071128845, -0.7492094039916992, -0.689353346824646, 0.16407713294029236, -0.8681892156600952, -0.8264173865318298, -0.9666311144828796, -0.3439875841140747, 0.3399353623390198, -0.0606464184820652, -0.11867038160562515, 0.6374378204345703, -0.11513315141201019, 0.6596020460128784, 0.4271738827228546, 0.8903480172157288, -0.10837924480438232, 0.05682015046477318, 0.09237685054540634, -0.26051637530326843, 0.31211262941360474, 1.0903868675231934, -0.060587573796510696, -0.35967934131622314, 0.875926673412323, 1.3758326768875122, -0.21596315503120422, 0.7773768305778503, -0.12493249028921127, -0.00789128802716732, -0.018273726105690002, 0.23179693520069122, 1.171989917755127, 0.09618933498859406, 0.490527480840683, 0.5891257524490356, 0.4070223867893219, 0.12666194140911102, -0.24701368808746338, 0.19488632678985596, -5.442723751068115, 5.656983852386475, -0.0599847137928009, 0.24264968931674957, -0.020768458023667336, -0.04037647694349289, -0.39731156826019287, 0.07429058849811554, -0.06144982576370239, -0.02102998085319996, -0.1456778198480606, 0.24171626567840576, 0.05724344402551651, 0.012296004220843315, 0.3402973711490631, -0.04000427573919296, 0.1335524171590805, -0.03434786945581436, -0.04537172615528107, -0.1546156108379364, 0.3213837444782257, 0.14865723252296448, 0.04364611580967903, 0.010832104831933975, -0.01414782926440239, -0.3988856375217438, 0.5240588784217834, -0.20738038420677185, 0.6096348762512207, -0.6743496656417847, -0.3613738715648651, 0.18739299476146698, 0.08465555310249329, 0.07414482533931732, 0.21115665137767792, 1.893977165222168, -0.16273586452007294, 0.0, -0.38999998569488525, 0.47999998927116394, -0.6623125672340393, 0.30807608366012573, -0.5883525013923645, 0.3468034863471985, -0.16033348441123962, -0.0018633072031661868, -0.7863619327545166, 0.5965941548347473, -0.04196023941040039, -0.4265246093273163, 0.5202270746231079, -0.004134503658860922, -0.08345973491668701, 0.9963769912719727, 0.015814395621418953, 0.08085671812295914, 0.0455755889415741, 0.007293250877410173, -5.98468017578125, 0.29297083616256714, 0.053136132657527924, -0.03227434679865837, -0.443032443523407, 0.5043314695358276, -0.017141591757535934, -0.29542723298072815, 0.9459168910980225, 0.13292911648750305, 0.16856513917446136, 0.11140602082014084, 0.09495745599269867, -9.366063117980957, 2.5838921070098877, 1.3178856372833252, 0.010476305149495602, -0.4345009922981262, 0.5161896347999573, 0.002865667687729001, -0.31095221638679504, 0.9459198713302612, -0.09239131957292557, 0.10342743992805481, 0.22962065041065216, 0.2660495638847351, -3.4650115966796875, -0.7962294220924377, 1.419075608253479, 0.02670656517148018, -0.40751683712005615, 0.5298248529434204, -0.02670196443796158, 0.3430918753147125, 0.9386868476867676, -0.02102058380842209, 0.04823624715209007, 0.47763022780418396, 0.10991015285253525, -8.973231315612793, -0.16423755884170532, -0.8972609043121338, -0.06800471991300583, -0.3763675391674042, 0.5150741338729858, 0.10430063307285309, -0.5388491749763489, 0.6711046695709229, 0.4983787536621094, 0.3350205719470978, -0.1667046695947647, 0.0396948903799057, 0.6919283866882324, 3.0472512245178223, 3.141443967819214, -0.7879236936569214, 0.5574861764907837, 1.4323556423187256, -0.032014183700084686, -0.0015751481987535954, -0.00204279413446784, -2.459913492202759, 0.4374559223651886, 0.8119903802871704, -0.01446814276278019, -0.013003410771489143, 0.028354346752166748, -1.222421646118164, -0.844709038734436, 1.1741725206375122, -0.0003746312577277422, -0.005456133745610714, 0.0021344043780118227, -0.9502013921737671, 1.2051169872283936, 0.7943159341812134, -0.02729497104883194, -0.0028257593512535095, 0.0016268248436972499, 0.6053353548049927, -1.9643319845199585, 0.37053999304771423, 0.007580215577036142, 0.0011467360891401768, 0.013205785304307938, 0.020199311897158623, 0.1638018786907196, -0.07631488144397736, -0.42056065797805786, -0.5166332125663757, 1.0, -0.1715761423110962, -0.13937842845916748, -1.0, 0.6487206220626831, -1.0, -0.9479313492774963, 0.10167225450277328, 1.0, -0.12139684706926346, 0.845697820186615, 0.24753156304359436, 1.0, 0.09917111694812775, 1.0]
[0.6666565537452698, -0.1668410301208496, -0.06057637929916382, 0.13102497160434723, -0.4847184717655182, -0.5629443526268005, 0.5943319201469421, -0.2126866728067398, -0.5276776552200317, -0.6427831649780273, -0.7347455620765686, 0.19766198098659515, -0.8407920002937317, -0.8229261040687561, -0.9430279731750488, -0.24698400497436523, 0.4524604082107544, -0.0871826633810997, -0.1010856106877327, 0.6718001961708069, -0.10274670273065567, 0.7122061252593994, 0.4377976059913635, 0.9085754156112671, -0.37478265166282654, 0.2903200387954712, -0.0070613594725728035, -0.21032093465328217, -0.3366079032421112, 0.11398851871490479, -0.028261883184313774, -0.1926228553056717, -0.06654180586338043, 0.5243306756019592, -0.17478829622268677, 0.06441546976566315, 0.4488471448421478, 0.09514688700437546, 0.18212367594242096, 0.48351678252220154, 0.9694550633430481, -0.4241330623626709, -0.03237350657582283, 0.3285927474498749, -0.0818806067109108, 0.1268743872642517, 0.2325311154127121, 0.15637505054473877, -6.144805431365967, 2.4093308448791504, -0.14371612668037415, 0.12063123285770416, -0.007075796835124493, -0.03781569004058838, -0.1490757316350937, 0.21009561419487, 0.00925687700510025, -0.0440586656332016, -0.14745178818702698, -0.1076975166797638, -0.013749217614531517, 0.0013642909470945597, 0.1736733615398407, -0.039591655135154724, 0.06719905138015747, -0.02967367321252823, -0.030316278338432312, -0.03470388427376747, 0.06180094927549362, 0.014358419924974442, 0.06778410077095032, 0.025125565007328987, -0.009700575843453407, -0.3977789878845215, 0.5253614187240601, -0.2638758420944214, 0.5839096307754517, -0.6494653820991516, -0.409406453371048, 0.3056775629520416, 0.017474593594670296, 0.09415846318006516, 0.10955261439085007, 1.7476495504379272, 0.0983063206076622, 0.0, -0.38999998569488525, 0.47999998927116394, -0.6623125672340393, 0.30807608366012573, -0.5883525013923645, 0.3468034863471985, -0.21920813620090485, 0.05373308062553406, -0.7715490460395813, 0.5947878956794739, -0.03833313658833504, -0.42821204662323, 0.5214273929595947, -0.002627569017931819, -0.06882571429014206, 0.9976001977920532, 0.007064951118081808, 0.32691511511802673, -0.130295068025589, 0.13229626417160034, 0.7122845649719238, -0.01649271883070469, 1.9183456897735596, -0.028000453487038612, -0.4438808262348175, 0.5060340762138367, -0.009391536004841328, -0.24801094830036163, 0.961210310459137, 0.1203201562166214, 0.3658692240715027, -0.036553625017404556, 0.1788482367992401, -2.751650333404541, 0.2953658998012543, 2.058708906173706, 0.014613205567002296, -0.43200749158859253, 0.5202870965003967, 0.005470807198435068, -0.2787073850631714, 0.9539604783058167, -0.1106865331530571, 0.3599338233470917, 0.19176779687404633, 0.2947700321674347, -4.426405906677246, -0.7617897987365723, 2.5715932846069336, 0.02871851995587349, -0.40117764472961426, 0.5345762968063354, -0.024746032431721687, 0.39103737473487854, 0.919929027557373, -0.014416187070310116, 0.1905554085969925, 0.4337373375892639, 0.27535152435302734, -4.504485130310059, -0.2831262946128845, -0.7357478141784668, -0.06385588645935059, -0.37814173102378845, 0.5163570642471313, 0.11945047229528427, -0.5235635042190552, 0.6806102395057678, 0.4983796775341034, 0.27184808254241943, -0.08504576236009598, 0.14080610871315002, -1.925000786781311, 1.341137409210205, 1.1253339052200317, -1.263138771057129, 0.5558978319168091, 0.7228218913078308, -0.029477225616574287, -0.0007975432090461254, 0.009573766961693764, -1.0636272430419922, 0.2035265564918518, 0.6511033773422241, -0.04100576788187027, -0.001356754219159484, 0.003072016639634967, -1.2720913887023926, 0.25298067927360535, 0.39234670996665955, 0.005159000866115093, -0.004565943963825703, 0.004166248720139265, -0.7450766563415527, 0.7855237722396851, 0.38253265619277954, -0.01853342168033123, 0.002796185202896595, 0.0006240552756935358, 0.8061984777450562, -0.294857919216156, 0.11882167309522629, -0.0034300333354622126, 0.012226391583681107, 0.00765276700258255, -0.4358716905117035, 0.2085106521844864, -0.14670895040035248, -0.32504481077194214, -0.798540472984314, 1.0, 0.02495685964822769, -0.7234055995941162, -1.0, 0.11038078367710114, -0.4789958596229553, -0.6314771175384521, 0.4897603988647461, 1.0, -0.4311583638191223, 0.774080753326416, -0.2662679851055145, 1.0, 0.7853521704673767, 1.0]
[0.5791953802108765, -0.14441843330860138, -0.06276142597198486, 0.15793949365615845, -0.49451667070388794, -0.5625265836715698, 0.5986256003379822, -0.18613548576831818, -0.5459808707237244, -0.6261053085327148, -0.7777772545814514, 0.16979993879795074, -0.7795659303665161, -0.8064025044441223, -0.9062151908874512, -0.12328234314918518, 0.5465049147605896, -0.0970185324549675, -0.10645617544651031, 0.6910117268562317, -0.16518886387348175, 0.7715747356414795, 0.5016781091690063, 0.9237169623374939, -0.2908497750759125, 0.07685365527868271, -0.06265389174222946, 0.48259082436561584, 0.045977864414453506, -0.008544216863811016, 0.06877873837947845, 0.4982292354106903, -0.21109037101268768, -0.0040025548078119755, -0.1770523190498352, -0.43624815344810486, 0.620520830154419, 0.1927497237920761, 0.1568506807088852, 0.5202577114105225, 0.8166734576225281, 0.0862896516919136, -0.016248634085059166, 0.18505477905273438, -0.6589632630348206, 0.1448071449995041, 0.4783438742160797, 0.13189305365085602, 2.33829665184021, -2.221283197402954, 0.017642805352807045, 0.07089444249868393, 0.07169750332832336, 0.030039217323064804, 0.09516403824090958, 0.043146781623363495, 0.02655365690588951, 0.0017066695727407932, 0.06211463361978531, -0.2439306080341339, -0.08855700492858887, -0.02781582623720169, -0.12313796579837799, 0.018502308055758476, -0.145241841673851, -0.0058995941653847694, 0.007663330063223839, -0.005934927146881819, -0.3645976185798645, -0.1929028332233429, 0.02328352816402912, 0.007196732796728611, -0.004250996746122837, -0.3978678584098816, 0.5259847044944763, -0.31872525811195374, 0.553488552570343, -0.6218774318695068, -0.4531368613243103, 0.3202528655529022, -0.01697009615600109, 0.0019954268354922533, 0.22506459057331085, 1.8686870336532593, 0.03290284797549248, 0.0, -0.38999998569488525, 0.47999998927116394, -0.6623125672340393, 0.30807608366012573, -0.5883525013923645, 0.3468034863471985, -0.2765924334526062, 0.10719794034957886, -0.7506642937660217, 0.5903459787368774, -0.03356855735182762, -0.4278501272201538, 0.5241522789001465, -0.001682780566625297, -0.05534183979034424, 0.9984412789344788, -0.0070295678451657295, 0.262125164270401, 0.13947947323322296, 0.17084160447120667, -2.9859156608581543, -0.07498220354318619, 1.7514373064041138, -0.02274821698665619, -0.44383755326271057, 0.5090543031692505, -0.005628676153719425, -0.23222875595092773, 0.966645359992981, 0.10786426067352295, 0.28988248109817505, 0.07308141142129898, 0.19817793369293213, -1.7660173177719116, 0.36175015568733215, 1.1716077327728271, 0.020068036392331123, -0.43112725019454956, 0.5218814015388489, 0.008257856592535973, -0.2532717287540436, 0.9584047198295593, -0.13132227957248688, 0.30883893370628357, 0.03750570863485336, 0.013707172125577927, -2.2026991844177246, -0.663163423538208, 2.2294230461120605, 0.03123302385210991, -0.394889771938324, 0.5382688045501709, -0.022987421602010727, 0.42887061834335327, 0.9030576348304749, -0.005335959605872631, 0.14150917530059814, 0.410036563873291, 0.08526065945625305, -5.1820526123046875, -0.3429681658744812, -1.392539620399475, -0.062204938381910324, -0.37897276878356934, 0.5163800716400146, 0.11175204813480377, -0.5156888365745544, 0.6819822192192078, 0.5064352750778198, -0.02165737748146057, -0.005875608418136835, -0.05376390740275383, -0.8397438526153564, -0.2782845199108124, -2.144251585006714, 0.2995549440383911, -0.963883638381958, -0.1270611584186554, 0.01558096893131733, 0.0007136126514524221, 0.0018697661580517888, 0.6160939931869507, -0.2343219518661499, -0.19615602493286133, -0.0018081602174788713, 0.0011522348504513502, -0.0057375067844986916, 0.5686632990837097, 1.1737303733825684, -0.6904207468032837, -0.010209869593381882, 0.0026148962788283825, -0.0020194444805383682, 0.29915446043014526, -0.33093947172164917, -0.7441446185112, 0.0026992387138307095, -0.002129146596416831, -0.0010867798700928688, 0.27178508043289185, 2.5137150287628174, -0.27161064743995667, -0.016011081635951996, 0.002848180942237377, -0.0023410869762301445, 0.3669207692146301, -0.21020424365997314, -0.26450151205062866, 0.5410513877868652, -0.3885255753993988, 1.0, 0.26924219727516174, -0.6883342862129211, -1.0, -0.21173368394374847, -0.39733755588531494, -0.7772797346115112, 0.5991107821464539, 1.0, 0.042869143187999725, 0.7500087022781372, -0.8748607039451599, 1.0, 1.0, 1.0]
[0.4942968487739563, -0.15820930898189545, -0.10352455824613571, 0.22971485555171967, -0.4111228585243225, -0.5472363829612732, 0.6078578233718872, -0.10529177635908127, -0.48758888244628906, -0.6186141967773438, -0.8155554533004761, 0.1666083037853241, -0.7153770327568054, -0.785317063331604, -0.8888130187988281, 0.0032500755041837692, 0.6255556344985962, -0.05102742090821266, -0.09935066103935242, 0.7110504508018494, -0.2323312908411026, 0.8155021667480469, 0.5806370377540588, 0.9369790554046631, -0.34018474817276, -0.20111405849456787, -0.1871604174375534, 0.7812954783439636, 1.1552742719650269, 0.4147559106349945, -0.014594830572605133, 0.8947858810424805, 0.9475693106651306, 0.25047120451927185, -0.14381496608257294, 0.18762151896953583, 0.5808843970298767, 0.19908325374126434, 0.025110945105552673, 0.5180556178092957, 0.6833885908126831, 0.6031627058982849, 0.14387089014053345, 0.28489792346954346, -0.3884525001049042, 0.08970149606466293, 0.4859565794467926, 0.11626888811588287, -1.2112796306610107, -2.55212664604187, -0.030564961954951286, -0.046888794749975204, 0.06790927052497864, 0.054501187056303024, -0.07828874886035919, -0.03999337553977966, 0.08067154884338379, 0.05268830060958862, -0.012700021266937256, 0.028408031910657883, 0.018519217148423195, 0.00848458893597126, -0.2721775770187378, -0.011051175184547901, -0.14521542191505432, -0.006144532933831215, 0.009619122371077538, 0.10643463581800461, 0.07170332223176956, 0.030739864334464073, -0.08759550750255585, -0.02822037599980831, 0.0017308432143181562, -0.39834022521972656, 0.5251104831695557, -0.3802739381790161, 0.5170296430587769, -0.5831151604652405, -0.4980449974536896, 0.3748968839645386, -0.03718619421124458, -0.06521577388048172, 0.32054582238197327, 2.3181958198547363, 0.0011694299755617976, 0.0, -0.38999998569488525, 0.47999998927116394, -0.6623125672340393, 0.30807608366012573, -0.5883525013923645, 0.3468034863471985, -0.3371899127960205, 0.170274019241333, -0.7205342650413513, 0.5814982652664185, -0.028745435178279877, -0.4244321584701538, 0.526087760925293, -0.0037624677643179893, 0.0074393004179000854, 0.9995951652526855, -0.027201317250728607, 0.2856466472148895, 0.4250936210155487, 0.0800221860408783, -10.735556602478027, -0.7274945974349976, 2.542337417602539, -0.01706869713962078, -0.44121620059013367, 0.5121244192123413, 0.00343535584397614, -0.18011461198329926, 0.9788904190063477, 0.09654230624437332, 0.4267805814743042, 0.34280094504356384, 0.223099946975708, -9.251908302307129, 2.028473377227783, 2.200732946395874, 0.024937722831964493, -0.4298056662082672, 0.5213894248008728, 0.0066778096370399, -0.22591917216777802, 0.9623592495918274, -0.15093183517456055, 0.2812075614929199, 0.1698032170534134, -0.026404771953821182, -3.614656925201416, -1.5322206020355225, 2.143497943878174, 0.034163739532232285, -0.3893691301345825, 0.5385015606880188, -0.01809415966272354, 0.4728037118911743, 0.8809757232666016, 0.003301706165075302, 0.22787094116210938, 0.35623443126678467, -0.14843447506427765, -6.120752334594727, 0.2668924927711487, -1.1303693056106567, -0.06094423681497574, -0.3800306022167206, 0.5144960880279541, 0.10657338052988052, -0.5149937272071838, 0.6758171916007996, 0.5164248943328857, 0.11096435785293579, -0.08363085240125656, -0.14191846549510956, 0.3544280529022217, 0.6689925193786621, -1.0186939239501953, -0.20009157061576843, -1.0747160911560059, -0.37701934576034546, 0.0383804515004158, 0.00010553394531598315, 0.0013299258425831795, -0.5074613690376282, -1.0722838640213013, -0.3391309380531311, 0.03660403937101364, -0.0025915142614394426, 0.004426263272762299, -0.06627810001373291, -0.25775662064552307, -0.40581050515174866, 0.004618239589035511, 0.0012357033556327224, 0.0006883902242407203, -0.32909315824508667, -0.5095593929290771, -0.8426494002342224, 0.0019757323898375034, 0.0004671241622418165, 0.003578467294573784, -1.2580090761184692, -0.43295976519584656, -0.11899236589670181, 0.003289006417617202, -0.00809223297983408, -0.0019581990782171488, -0.14642515778541565, -0.45346230268478394, -0.8173543810844421, 0.7173067331314087, 0.47252485156059265, 1.0, 0.5362561345100403, 0.2927611470222473, -1.0, 0.39030763506889343, -0.37571048736572266, -1.0, 0.6987048983573914, 1.0, 0.39420634508132935, 0.8662746548652649, -0.4611745774745941, 1.0, 1.0, 1.0]
[0.3673936426639557, -0.16752395033836365, -0.15483970940113068, 0.2711370885372162, -0.2348727285861969, -0.42981836199760437, 0.5889008045196533, -0.04821283742785454, -0.3360499143600464, -0.5281674861907959, -0.8432911038398743, 0.23742826282978058, -0.6328060626983643, -0.7618857622146606, -0.8953993916511536, 0.1447322815656662, 0.6893073320388794, 0.01920195296406746, -0.060332346707582474, 0.7442538142204285, -0.2587871253490448, 0.8369227051734924, 0.6091954112052917, 0.9484735131263733, -0.5678730010986328, 0.021771986037492752, -0.17520485818386078, 0.1936424821615219, 1.876166582107544, 1.732693076133728, -0.1190531998872757, 0.30885693430900574, 1.6196244955062866, 1.4265540838241577, -0.10287455469369888, 0.9208871722221375, 0.8674303293228149, 0.25629332661628723, -0.06174657866358757, 0.6117891073226929, 0.5422791838645935, 0.6741808652877808, 0.6023013591766357, 0.4812493324279785, -0.06955213844776154, 0.04160124063491821, 0.008951826952397823, 0.09853839129209518, -4.920594692230225, 2.4699087142944336, -0.07447033375501633, -0.06117824465036392, -0.005974111147224903, 0.047826237976551056, -0.1581457555294037, -0.016401490196585655, 0.005340723320841789, 0.04674016684293747, -0.11631101369857788, 0.2886919677257538, 0.1308654397726059, 0.0507124587893486, 0.03835266828536987, -0.019102660939097404, 0.04605415463447571, 0.0009406439494341612, 0.01641492173075676, 0.042069707065820694, 0.36726072430610657, 0.17862842977046967, -0.0815785825252533, -0.02872462384402752, 0.00831924844533205, -0.39875224232673645, 0.5225376486778259, -0.44232121109962463, 0.47797971963882446, -0.5368139147758484, -0.5363935232162476, 0.48531410098075867, -0.01605181023478508, -0.15085652470588684, 0.5020077228546143, 2.811776876449585, 0.06123466044664383, 0.0, -0.38999998569488525, 0.47999998927116394, -0.6623125672340393, 0.30807608366012573, -0.5883525013923645, 0.3468034863471985, -0.39281758666038513, 0.2357172816991806, -0.6820607781410217, 0.5700216889381409, -0.022070016711950302, -0.4204696714878082, 0.5274935364723206, -0.013014604337513447, 0.1355227530002594, 0.9891805052757263, -0.05464540794491768, 0.40975555777549744, 0.5039386749267578, 0.02551264688372612, -19.010242462158203, -2.1693153381347656, 3.491690158843994, -0.008567740209400654, -0.43755415081977844, 0.5152731537818909, 0.015926530584692955, -0.06662268191576004, 0.9950253963470459, 0.0723336786031723, 0.6308743953704834, 0.4648045599460602, 0.2335977703332901, -16.676685333251953, 2.397458553314209, 4.1306538581848145, 0.030571237206459045, -0.42479830980300903, 0.5240765810012817, -0.0011544593144208193, -0.16124297678470612, 0.9712374210357666, -0.1752057820558548, 0.3351469039916992, 0.5458166599273682, 0.3310909867286682, -9.72185230255127, -3.517791748046875, 2.738090991973877, 0.03949938714504242, -0.3837151527404785, 0.5379793047904968, -0.010919754393398762, 0.5280954241752625, 0.8490992188453674, 0.0051369317807257175, 0.399590402841568, 0.42128267884254456, -0.1268225610256195, -8.962089538574219, 0.8076679706573486, -0.3450046479701996, -0.056083593517541885, -0.38266971707344055, 0.5130054354667664, 0.12391497194766998, -0.5132070183753967, 0.6761075258255005, 0.5139476656913757, 0.44876062870025635, -0.22136510908603668, -0.053849078714847565, 1.123558521270752, 1.756232500076294, 2.7735066413879395, -0.8018838167190552, -0.22997036576271057, 0.23596501350402832, 0.0443766824901104, -0.00035514746559783816, 0.002900857012718916, -1.04171884059906, -0.5111252069473267, 0.291787713766098, 0.039073288440704346, -0.0004816412692889571, 0.008470695465803146, -0.9954797625541687, -1.6758848428726196, 0.9410056471824646, 0.02557419054210186, -0.0032802745699882507, 0.003738518338650465, -0.72284334897995, -0.014561610296368599, 0.3220527172088623, 0.016196496784687042, 0.0036218049935996532, 0.0036923848092556, -1.1065194606781006, -2.426968574523926, 0.24800843000411987, 0.013025440275669098, -0.011020321398973465, 0.0036161071620881557, -1.0, -0.006424243561923504, -0.9475030303001404, 0.03850727528333664, 0.9851025342941284, 0.8133293390274048, 0.25225207209587097, 0.7503977417945862, -1.0, 0.9685890674591064, -0.049697231501340866, -1.0, 1.0, 1.0, 0.4262555241584778, 1.0, -0.1701841652393341, 1.0, 0.4762125611305237, 1.0]
[0.20116780698299408, -0.17229101061820984, -0.22470758855342865, 0.22566978633403778, -0.034373100847005844, -0.20442041754722595, 0.43782731890678406, -0.04435397684574127, -0.16804541647434235, -0.337975412607193, -0.8084895014762878, 0.33898091316223145, -0.5023513436317444, -0.695962131023407, -0.9066268801689148, 0.28432831168174744, 0.7427583336830139, 0.06883808970451355, 0.011430736631155014, 0.7823995351791382, -0.31848737597465515, 0.865037739276886, 0.6133825778961182, 0.8564509153366089, -0.6641456484794617, -0.07924211025238037, -0.42249321937561035, -0.8261836171150208, 1.8311882019042969, 2.288599967956543, -0.8560004234313965, -0.051326651126146317, 1.5203438997268677, 1.9382575750350952, 0.27324116230010986, 0.9544252753257751, 1.387832522392273, 1.0966979265213013, -0.049705252051353455, 0.5513224005699158, 0.468128502368927, 0.3438408076763153, 0.6244396567344666, 0.467598021030426, -0.6283383965492249, 0.07590100169181824, 0.027571026235818863, -1.342574954032898, -2.1175167560577393, -1.0328700542449951, -0.06764296442270279, -0.3404238224029541, -0.1500501036643982, -0.04380455240607262, -0.14914479851722717, -0.08790087699890137, -0.04571744054555893, -0.008787548169493675, -0.00013801005843561143, -0.07007389515638351, 0.0037956638261675835, 0.043830081820487976, -0.11587978899478912, -0.014258143492043018, -0.037499114871025085, -0.03482929617166519, -0.020046450197696686, 0.05357649549841881, -0.17080195248126984, -0.0951714888215065, -0.04444953426718712, -0.0491371676325798, 0.01792299561202526, -0.39863303303718567, 0.5186747908592224, -0.5286650657653809, 0.40550610423088074, -0.46146395802497864, -0.5857721567153931, 0.6088600158691406, 0.004126319661736488, -0.2532242238521576, 0.5418547987937927, 3.531437635421753, 0.2050025910139084, 0.0, -0.38999998569488525, 0.47999998927116394, -0.6623125672340393, 0.30807608366012573, -0.5883525013923645, 0.3468034863471985, -0.47489264607429504, 0.32650133967399597, -0.6103805899620056, 0.5434238910675049, -0.01320827566087246, -0.4195351302623749, 0.5263417959213257, -0.034037306904792786, 0.27882617712020874, 0.955710768699646, -0.08783067017793655, 0.5008441805839539, 0.13315139710903168, -0.31761249899864197, -15.753464698791504, -3.4623944759368896, 5.1331377029418945, 0.0032323431223630905, -0.4348411560058594, 0.5163279175758362, 0.017007147893309593, 0.07409346103668213, 0.9969443678855896, 0.017962312325835228, 0.7456868886947632, 0.40920817852020264, -0.04481713846325874, -16.550539016723633, -0.08254273980855942, 8.057615280151367, 0.03620533645153046, -0.41704943776130676, 0.5279738903045654, -0.019547943025827408, -0.04869697242975235, 0.9796755909919739, -0.1936032623052597, 0.23287393152713776, 0.7245899438858032, 0.21393343806266785, -15.538372993469238, -6.1486310958862305, 0.9919002056121826, 0.04647374898195267, -0.37812286615371704, 0.5374723076820374, -0.006776024121791124, 0.5827502012252808, 0.8126229643821716, 3.4374312235740945e-05, 0.43261033296585083, 0.34734010696411133, -0.1476631909608841, -6.642925262451172, 0.7191556096076965, 0.5826576948165894, -0.05033489316701889, -0.3857460618019104, 0.5106329321861267, 0.17449991405010223, -0.5378745794296265, 0.6659688949584961, 0.48654502630233765, 0.393882155418396, -0.25515782833099365, -0.3153591752052307, 8.772380828857422, 0.7485802173614502, 5.031345367431641, -0.40340128540992737, 1.357918381690979, -1.7871367931365967, -0.02343577891588211, 0.005617852322757244, 0.008059155195951462, -0.7989926338195801, 0.34116291999816895, -0.6176365613937378, -0.003670104779303074, 0.0018002083525061607, 0.013003546744585037, -0.07476074248552322, -0.464259535074234, -0.344959020614624, 0.036866188049316406, 0.0005599347641691566, -0.004898120649158955, -0.18390251696109772, 0.1874200999736786, -0.4119962155818939, -0.017235148698091507, 0.004005380906164646, 0.001287722261622548, -1.2978618144989014, 1.2409777641296387, -0.1838160753250122, -0.009783817455172539, -0.028371375054121017, -0.0022152280434966087, -1.0, -0.34029462933540344, -1.0, -0.5585472583770752, 1.0, -1.0, -0.10122228413820267, 0.6989888548851013, -0.28896862268447876, 0.925768256187439, 0.40335869789123535, -1.0, 1.0, 1.0, 0.20523053407669067, 1.0, -0.9628183245658875, 1.0, 0.6190603971481323, -0.20053352415561676]
[0.018403857946395874, -0.16480326652526855, -0.2926193177700043, 0.10456567257642746, 0.14228595793247223, 0.02647736296057701, 0.2771642506122589, -0.11796924471855164, -0.004556815139949322, -0.1380060464143753, -0.6856542229652405, 0.38758400082588196, -0.3540276885032654, -0.5390673279762268, -0.9225769639015198, 0.4054248034954071, 0.7886046767234802, 0.03166626766324043, 0.04190870374441147, 0.8045632839202881, -0.41177403926849365, 0.8892399668693542, 0.6049692630767822, 0.6983130574226379, -0.692878007888794, 0.16305474936962128, -0.03272116556763649, -1.208714485168457, 1.5175142288208008, 2.0033466815948486, -0.4551668167114258, -1.1997525691986084, 1.3750572204589844, 1.7802520990371704, 0.5484045743942261, 0.37324461340904236, 1.4134021997451782, 1.666063666343689, -0.08803429454565048, 0.46739640831947327, 0.39417895674705505, -0.70735102891922, -0.030653556808829308, 0.1697191596031189, -0.6918657422065735, 0.05006817728281021, -0.0928950086236, -1.519503116607666, 0.25159794092178345, 3.1217665672302246, 0.10853898525238037, 0.1365981251001358, -0.006050064228475094, -0.02578883431851864, 0.09461216628551483, -0.2631770074367523, -0.1859666407108307, -0.0816003680229187, 0.0022420233581215143, 0.142035573720932, 0.04075217619538307, 0.02404635399580002, 0.19051149487495422, -0.010856063105165958, 0.03835774213075638, -0.07140138000249863, -0.05612977594137192, -0.1309414654970169, 0.07297347486019135, 0.03176610916852951, 0.0869845300912857, 0.02700076997280121, 0.02300211973488331, -0.39450737833976746, 0.5191240906715393, -0.5317292213439941, 0.3987150192260742, -0.555263102054596, -0.4999731481075287, 0.08243140578269958, 0.1728205382823944, 0.019181888550519943, 0.27983376383781433, -3.4225387573242188, 4.203398704528809, 0.0, -0.38999998569488525, 0.47999998927116394, -0.6623125672340393, 0.30807608366012573, -0.5883525013923645, 0.3468034863471985, -0.45202240347862244, 0.23739202320575714, -0.5869885683059692, 0.6283034682273865, -0.002798164961859584, -0.4213637113571167, 0.5237135887145996, -0.06146683171391487, 0.384218692779541, 0.9134135842323303, -0.11947142332792282, 0.5419337749481201, 0.010552959516644478, -0.24628742039203644, -11.90392780303955, -3.3797225952148438, 3.3615188598632812, 0.015495304018259048, -0.4337761104106903, 0.5152353048324585, 0.002549500437453389, 0.18890683352947235, 0.9812511801719666, -0.03812706097960472, 0.6284131407737732, 0.1169525608420372, -0.18569929897785187, -10.476144790649414, -1.6305792331695557, 5.843207359313965, 0.04229658842086792, -0.410366952419281, 0.530541181564331, -0.0424136184155941, 0.08909830451011658, 0.9754098653793335, -0.19707369804382324, 0.2697734236717224, 0.6679434180259705, 0.14436925947666168, -16.76871109008789, -6.316832542419434, -0.055857397615909576, 0.053946398198604584, -0.37349510192871094, 0.5381396412849426, -0.006716916803270578, 0.5956878066062927, 0.803119421005249, -0.010485843755304813, 0.42814311385154724, 0.25956863164901733, 0.12037453055381775, 1.0859466791152954, 0.7208678126335144, 1.262648582458496, -0.0452791228890419, -0.3882102966308594, 0.5083832144737244, 0.23183274269104004, -0.5767638087272644, 0.6464894413948059, 0.4423215687274933, 0.3718092739582062, -0.1680200845003128, -0.20608189702033997, 8.103558540344238, -0.6179976463317871, 5.271004676818848, 0.21665897965431213, 0.7522010207176208, 0.6892532706260681, -0.014505818486213684, -0.015455014072358608, -0.011604026891291142, 0.510012149810791, 2.1940956115722656, -1.1573469638824463, -0.048688940703868866, -0.005629522725939751, -0.01266468409448862, -0.0741543248295784, -0.47020524740219116, 0.8640045523643494, 0.01699327491223812, -0.0018894345266744494, -0.0005498159443959594, 0.09777934104204178, 1.3841192722320557, -0.0450575016438961, -0.03536798804998398, 0.0024469431955367327, -0.00010873642168007791, 1.2761415243148804, -0.3734278380870819, 0.10708244144916534, 0.0014555063098669052, 0.006582503207027912, 0.007561196107417345, -1.0, 0.10152394324541092, -1.0, -0.9919759035110474, 0.9638956189155579, -1.0, -0.6152130961418152, 0.9301137328147888, 1.0, 0.6465703845024109, 0.49040496349334717, -1.0, 1.0, 1.0, -0.5785636305809021, 0.8307312726974487, -0.9482517838478088, 1.0, 0.5076847076416016, -0.2396131455898285]
[-0.155811607837677, -0.18322908878326416, -0.32857680320739746, -0.02503061294555664, 0.15589205920696259, 0.16688738763332367, 0.1386471837759018, -0.21965597569942474, 0.12738776206970215, 0.03387630730867386, -0.5975035429000854, 0.46588271856307983, -0.2983744740486145, -0.3936600089073181, -0.9291970729827881, 0.5068405270576477, 0.8286738395690918, -0.08992387354373932, 0.01750464364886284, 0.8233824968338013, -0.4631286859512329, 0.831652045249939, 0.4929346740245819, 0.4909520149230957, -0.6262699961662292, -0.3273155093193054, -0.26916950941085815, -1.2409220933914185, -0.7826663255691528, 0.4965526759624481, -0.5172059535980225, -0.7719070315361023, 1.152601718902588, 1.469939947128296, 0.17423193156719208, 0.7833179831504822, 0.003713554237037897, 0.8521422743797302, -0.00949985533952713, 0.3886028528213501, 0.34957000613212585, -1.3415664434432983, -0.3645486533641815, 0.26187819242477417, -0.1892305463552475, -0.23967662453651428, -1.0167391300201416, -2.123826026916504, 1.682766079902649, -4.92445707321167, -0.0007196429651230574, -0.21523359417915344, -0.26857349276542664, -0.17037318646907806, 0.08618304133415222, -0.09182847291231155, 0.010108491405844688, -0.0007489544805139303, -0.04003804549574852, -0.23072344064712524, -0.1793157160282135, -0.11317817866802216, -0.28800728917121887, -0.0055008539929986, -0.1529194563627243, -0.063445545732975, -0.029421446844935417, 0.11141468584537506, 0.02080155909061432, -0.01770557090640068, -0.2128276228904724, -0.08138430118560791, 0.025674764066934586, -0.39243632555007935, 0.5174788236618042, -0.5113442540168762, 0.433412104845047, -0.6738235354423523, -0.31087425351142883, 0.3790610432624817, 0.2107807993888855, -0.1541021764278412, 3.410942792892456, -7.791508674621582, 1.8543379306793213, 0.0, -0.38999998569488525, 0.47999998927116394, -0.6623125672340393, 0.30807608366012573, -0.5883525013923645, 0.3468034863471985, -0.33582165837287903, 0.10065058618783951, -0.5461093783378601, 0.7608271241188049, 0.00832532998174429, -0.42609521746635437, 0.5184032917022705, -0.07660222798585892, 0.38555118441581726, 0.9073688983917236, -0.14887598156929016, 0.6819146275520325, -0.49857857823371887, -0.3600027561187744, 8.980961799621582, 2.230138063430786, 4.6048173904418945, 0.027173032984137535, -0.4336022734642029, 0.5105561017990112, -0.017986943945288658, 0.2597999572753906, 0.9616318345069885, -0.08628188818693161, 0.6020565629005432, 0.1385519653558731, -0.4442853331565857, -7.399738311767578, -1.8028006553649902, 5.756560802459717, 0.04815482348203659, -0.4041822552680969, 0.5311716794967651, -0.06304092705249786, 0.1892106831073761, 0.9585289359092712, -0.2035864144563675, 0.31563296914100647, 0.37071746587753296, -0.1472061276435852, -5.883271217346191, -2.9124677181243896, 1.9472441673278809, 0.060856498777866364, -0.37103235721588135, 0.5381618142127991, -0.007447638548910618, 0.556928813457489, 0.8302261233329773, -0.022346913814544678, 0.3851730227470398, 0.028932489454746246, 0.040095992386341095, 8.352375984191895, 1.0451393127441406, 1.1593211889266968, -0.03874121233820915, -0.39142733812332153, 0.5042465925216675, 0.31966695189476013, -0.6305290460586548, 0.6056115031242371, 0.36535021662712097, 0.6030665636062622, -0.24309003353118896, -0.615881085395813, 16.660106658935547, 0.09127485007047653, 9.892367362976074, 0.2573452591896057, 2.211493968963623, -2.6299819946289062, -0.13720077276229858, 0.005796155426651239, 0.0014757184544578195, 0.4436645209789276, -0.5702697038650513, -0.8284788131713867, -0.009302998892962933, -0.005287903361022472, -0.0059785922057926655, 0.3454485535621643, 2.062823534011841, -1.9767353534698486, -0.08223584294319153, 0.008562210947275162, 0.009080975316464901, 0.20000554621219635, -0.10342668741941452, -1.241604208946228, -0.03097284585237503, 6.850842328276485e-05, 0.0006202624645084143, -2.976806402206421, 0.3252129554748535, 0.40038302540779114, -0.0017822198569774628, -0.03375540301203728, -0.005109291058033705, -1.0, -0.7661290168762207, -1.0, -1.0, -0.9704274535179138, -1.0, -0.3646846413612366, 0.84275883436203, -0.04507448896765709, 1.0, -0.550391435623169, -1.0, 1.0, 1.0, -1.0, 1.0, -0.5139634609222412, 0.09712342917919159, -0.7101190090179443, -0.8985344171524048]
[-0.31594589352607727, -0.23686157166957855, -0.3463285565376282, -0.09665414690971375, 0.0660252571105957, 0.16690856218338013, 0.062089934945106506, -0.2532550096511841, 0.14457954466342926, 0.1364576816558838, -0.539044201374054, 0.5194883942604065, -0.27517861127853394, -0.35425132513046265, -0.9338277578353882, 0.5909587144851685, 0.8603270649909973, -0.21767586469650269, -0.02483263798058033, 0.7996763586997986, -0.5151107907295227, 0.7832773327827454, 0.304747998714447, 0.2888631522655487, -0.5724599957466125, -0.4159115254878998, -0.012429035268723965, -0.3465774655342102, -0.8466809391975403, -0.2100418657064438, -0.26457133889198303, -0.06333506107330322, -0.35609516501426697, 0.3572671413421631, 0.34071916341781616, 0.3853112757205963, 0.33745959401130676, 0.17182657122612, -0.033699627965688705, 0.3221455514431, 0.2624951899051666, -1.0929052829742432, -0.3926343619823456, -0.5787365436553955, -0.48744192719459534, -0.059993159025907516, -1.2291241884231567, -1.7300528287887573, 1.934037446975708, -0.7906688451766968, 0.0590481236577034, 0.18292245268821716, 0.07910431921482086, 0.011820401065051556, 0.05753500759601593, 0.10466346144676208, -0.05371434614062309, -0.07931853830814362, 0.054828450083732605, -0.0639709010720253, 0.00613206485286355, -0.00668931333348155, -0.02469300851225853, -0.004988072905689478, -0.0624706968665123, 0.005832829046994448, 0.006818776018917561, -0.10370704531669617, -0.22789685428142548, -0.0987476259469986, 0.03808917850255966, 0.030145518481731415, 0.029963437467813492, -0.3915768265724182, 0.5151563882827759, -0.5267621278762817, 0.46532270312309265, -0.6884547472000122, -0.17895936965942383, 0.15428976714611053, -0.033793866634368896, -0.06902959197759628, 1.4060842990875244, 0.4404095709323883, 2.83428692817688, 0.0, -0.38999998569488525, 0.47999998927116394, -0.6623125672340393, 0.30807608366012573, -0.5883525013923645, 0.3468034863471985, -0.23953261971473694, 0.07045818865299225, -0.4899560213088989, 0.83522629737854, 0.01899365521967411, -0.43014299869537354, 0.5112702250480652, -0.07558902353048325, 0.31020864844322205, 0.9304878115653992, -0.17958113551139832, 0.6004112958908081, -0.2597869038581848, -0.3218967020511627, 8.482653617858887, 3.2490100860595703, 3.1303067207336426, 0.03741180896759033, -0.43301984667778015, 0.5046993494033813, -0.0324895977973938, 0.2756592333316803, 0.9529469609260559, -0.12185438722372055, 0.5466017127037048, -8.991989307105541e-05, -0.3156675100326538, 2.4313292503356934, 0.14830580353736877, 4.133234024047852, 0.05423367768526077, -0.40022122859954834, 0.5285277366638184, -0.07292434573173523, 0.216257706284523, 0.9495113492012024, -0.21527372300624847, 0.3216540217399597, 0.23699431121349335, -0.21082809567451477, -2.1027636528015137, -1.0425349473953247, 1.0002602338790894, 0.06738249957561493, -0.3699997067451477, 0.5361042022705078, -0.00545041449368, 0.4974919259548187, 0.8667005300521851, -0.036084942519664764, 0.3743606209754944, -0.007642365992069244, -0.04967961460351944, 8.093132972717285, 1.500142216682434, 1.1648448705673218, -0.03276708722114563, -0.39415204524993896, 0.49796226620674133, 0.3985190689563751, -0.683742344379425, 0.5515075922012329, 0.26366332173347473, 0.4388643801212311, -0.046655766665935516, -0.6125302910804749, 14.396360397338867, -3.3480167388916016, 8.076024055480957, 0.39049428701400757, -0.4053298830986023, 0.9536633491516113, 0.005740453954786062, -0.0027353547047823668, -0.0028422658797353506, 0.40235692262649536, 1.1799111366271973, -0.010767411440610886, -0.061619874089956284, -0.0020553364884108305, -0.0026096312794834375, 0.3833213448524475, 0.004519161768257618, -0.2814100384712219, -0.006621526088565588, -0.005492371506989002, -0.00850851833820343, 0.19267883896827698, -0.22459742426872253, -0.3160271644592285, 0.0034498153254389763, -0.0004364544292911887, 0.0005732732242904603, 0.8972033858299255, 1.2223137617111206, -0.31168612837791443, -0.0017926784930750728, 0.015790268778800964, 0.013185927644371986, -1.0, -0.5964491367340088, -1.0, -0.8199615478515625, -0.4310475289821625, -1.0, 0.5956224799156189, -0.15467727184295654, 0.9996945261955261, 0.7777442336082458, -0.0017444007098674774, -1.0, 1.0, 1.0, -0.8180215954780579, 0.42944881319999695, -1.0, 0.7159786224365234, -0.8375598192214966, -0.6780540347099304]
[-0.45592933893203735, -0.2916693091392517, -0.38142910599708557, -0.16212745010852814, -0.05001577362418175, 0.13555128872394562, -0.05732826888561249, -0.2546268105506897, 0.07442142814397812, 0.13562709093093872, -0.3885752558708191, 0.5355686545372009, -0.2603759467601776, -0.3389352262020111, -0.9441266655921936, 0.6082724332809448, 0.8850569128990173, -0.3377089202404022, -0.06554219126701355, 0.729919970035553, -0.5830986499786377, 0.6261854767799377, 0.1671707034111023, 0.17577436566352844, -0.4889895021915436, -0.36557263135910034, -0.2350616455078125, -0.8239781260490417, -1.1905068159103394, -0.3587467670440674, -0.6781784296035767, 0.11531718820333481, -0.7657902240753174, -0.17874589562416077, 0.8234742283821106, 0.010872281156480312, 0.02279927395284176, 0.10744907706975937, -0.05648272857069969, -0.06130380555987358, 0.20963500440120697, -1.1155002117156982, -0.3812382221221924, -1.0134954452514648, -0.49879351258277893, -0.5596411228179932, -0.6381520628929138, -0.6842110753059387, 2.3257689476013184, 0.7740340232849121, 0.02401049993932247, -0.08609998226165771, -0.059910498559474945, -0.026910174638032913, -0.014305569231510162, 0.14472338557243347, 0.03486815094947815, -0.004145944956690073, 0.06877443194389343, -0.07421640306711197, -0.059851594269275665, -0.026378802955150604, 0.09876780211925507, -0.0316244512796402, -0.02049693465232849, -0.0037028666120022535, -0.0003440452564973384, -0.0848676934838295, -0.08700570464134216, -0.10520610958337784, 0.1343243569135666, 0.07578904926776886, 0.03203407675027847, -0.3943246304988861, 0.5133455395698547, -0.6081358790397644, 0.42525243759155273, -0.6671855449676514, -0.0647643581032753, 0.11059518903493881, -0.21524211764335632, -0.1317235231399536, 1.5550341606140137, 0.29882821440696716, 3.2184510231018066, 0.0, -0.38999998569488525, 0.47999998927116394, -0.6623125672340393, 0.30807608366012573, -0.5883525013923645, 0.3468034863471985, -0.2091435045003891, 0.08334425091743469, -0.3637844920158386, 0.9038659334182739, 0.02915794588625431, -0.4333156943321228, 0.5033493638038635, -0.06664973497390747, 0.21375107765197754, 0.9513720273971558, -0.21156428754329681, 0.6680607199668884, -0.3833889365196228, -0.4419385492801666, 12.560636520385742, 5.334871768951416, 3.9948997497558594, 0.04729711264371872, -0.43230605125427246, 0.49934402108192444, -0.041945505887269974, 0.23059512674808502, 0.9584740996360779, -0.16246189177036285, 0.5677752494812012, -0.008863652125000954, -0.23917725682258606, 5.942502021789551, 1.0479580163955688, 5.723797798156738, 0.05987749993801117, -0.39815932512283325, 0.5249781012535095, -0.06830964982509613, 0.21843492984771729, 0.9500285983085632, -0.21228662133216858, 0.3524576425552368, 0.06845284253358841, -0.20904576778411865, 0.7548770904541016, 1.3343238830566406, -1.540048599243164, 0.0732138529419899, -0.3693378269672394, 0.5335342288017273, -0.0063404967077076435, 0.43571263551712036, 0.8982591032981873, -0.056962668895721436, 0.3089846968650818, -0.044317178428173065, -0.0560196228325367, 8.227517127990723, 1.4499512910842896, 2.555123805999756, -0.029693052172660828, -0.395294725894928, 0.4921873211860657, 0.41808003187179565, -0.7251708507537842, 0.5148727893829346, 0.18504682183265686, 0.1686260998249054, 0.027277056127786636, -0.412395179271698, 7.673304557800293, -5.311989784240723, 1.153618335723877, 0.252695769071579, 0.4820781946182251, -0.6544286608695984, -0.019679002463817596, 0.0024213141296058893, 0.0016448220703750849, 0.11533261835575104, 0.11568286269903183, 0.7259166836738586, -0.0024107021745294333, 0.00625998992472887, 0.005352762993425131, 0.3544260263442993, 0.723983645439148, -0.2830343246459961, -0.01551904622465372, -0.008799616247415543, -0.010513540357351303, 0.4078181982040405, 0.13062520325183868, -0.06882935017347336, 0.0016153330216184258, 0.00485643045976758, 0.0012658084742724895, 2.2257044315338135, 0.9498632550239563, -0.7967332005500793, -0.0054366979748010635, 0.040177784860134125, 0.01079515926539898, -1.0, -0.5516443252563477, -1.0, -1.0, -0.8197457790374756, -1.0, 0.06704669445753098, -0.426108181476593, 1.0, 0.4475241005420685, -0.3161647319793701, -1.0, 0.36920347809791565, 1.0, -1.0, 0.20011958479881287, -1.0, -1.0, -0.2142610251903534, -0.04616933315992355]
[-0.5732285380363464, -0.3385518193244934, -0.447732537984848, -0.26642024517059326, -0.050001125782728195, 0.11417723447084427, -0.22323958575725555, -0.26304110884666443, 0.0036318236961960793, 0.11301503330469131, -0.18198172748088837, 0.5036672949790955, -0.19753745198249817, -0.31109723448753357, -0.9560530185699463, 0.582063615322113, 0.9050107598304749, -0.4490603506565094, -0.12902550399303436, 0.6912412643432617, -0.6486733555793762, 0.3875504434108734, 0.030908336862921715, 0.16725435853004456, -0.4034612774848938, -0.31347283720970154, -0.30236145853996277, -1.0464260578155518, 0.6523885130882263, 0.009567106142640114, -0.6743555665016174, -0.16640639305114746, -0.5952512621879578, -0.21383130550384521, 0.8609955906867981, -0.4613617956638336, 0.8715090751647949, 0.5521657466888428, -0.0541628897190094, -0.13156215846538544, 0.17255698144435883, -0.983277440071106, -0.8840593695640564, -0.18800047039985657, -0.4582395553588867, -0.6003968119621277, -0.9483686685562134, 0.23313455283641815, 2.2043747901916504, 0.5749401450157166, 0.05146734043955803, -0.0020289262756705284, 0.13660679757595062, 0.07395198196172714, 0.07901397347450256, -0.017018040642142296, 0.005347276106476784, 0.002409683307632804, 0.014596695080399513, -0.08988508582115173, 0.014005647972226143, 0.03420323505997658, 0.10318328440189362, -0.004633506294339895, -0.015839476138353348, 0.008371164090931416, -0.019715558737516403, 0.07971225678920746, -0.05139089375734329, -0.023994598537683487, -0.03775688633322716, 0.009352022781968117, 0.033889248967170715, -0.3993600606918335, 0.5094811320304871, -0.6407685875892639, 0.42928647994995117, -0.6289411187171936, 0.09778407216072083, 0.11809616535902023, -0.33472487330436707, -0.26167482137680054, 3.594719409942627, -0.8797639012336731, 2.621657133102417, 0.0, -0.38999998569488525, 0.47999998927116394, -0.6623125672340393, 0.30807608366012573, -0.5883525013923645, 0.3468034863471985, -0.09864706546068192, 0.0791953057050705, -0.2475038319826126, 0.9605928659439087, 0.0381963737308979, -0.4344452917575836, 0.49489328265190125, -0.06267742812633514, 0.15083035826683044, 0.956357479095459, -0.24228496849536896, 0.48945969343185425, -0.038619909435510635, -0.47315481305122375, 3.2512803077697754, 1.1583771705627441, 3.570819139480591, 0.05665402486920357, -0.4310241937637329, 0.49425098299980164, -0.05000065267086029, 0.1754157990217209, 0.961132287979126, -0.20725303888320923, 0.524784505367279, -0.016102677211165428, -0.2802451252937317, 6.257923126220703, 1.6346346139907837, 5.34633731842041, 0.06482935696840286, -0.3972994089126587, 0.5209454894065857, -0.05777711421251297, 0.2292201668024063, 0.9512414336204529, -0.19814009964466095, 0.282005250453949, 0.09251944720745087, -0.27349597215652466, -3.3672986030578613, -0.21372219920158386, -2.202543258666992, 0.07817886024713516, -0.368807315826416, 0.5310617685317993, -0.0074442666955292225, 0.36671942472457886, 0.9267792105674744, -0.0808798298239708, 0.2712947428226471, -0.07840220630168915, -0.04207461699843407, 9.964940071105957, 1.9068307876586914, 2.3295438289642334, -0.02714235708117485, -0.39573341608047485, 0.4858592450618744, 0.41742801666259766, -0.758811891078949, 0.4798370599746704, 0.14040949940681458, 0.18058140575885773, 0.04507603496313095, -0.4938501715660095, 7.028903007507324, -1.5598195791244507, -0.14362430572509766, 0.3354971408843994, -1.4442800283432007, 0.7680395245552063, 0.05228777974843979, 8.643198816571385e-05, -0.0007452483987435699, 0.48215851187705994, -0.03356234356760979, 0.006017030216753483, 0.0019062483916059136, -0.002315905876457691, -0.003657175227999687, 0.3455228805541992, -0.38092121481895447, -0.10935332626104355, 0.02848941832780838, -0.0005647036014124751, -0.0014515906805172563, 0.31067296862602234, 0.3148828148841858, 0.014338335022330284, -0.01499231718480587, -0.0006196722388267517, -0.0014213727554306388, 0.010918183252215385, 0.3169015049934387, 0.198385089635849, -0.008225048892199993, 0.009177337400615215, -0.012836948968470097, -1.0, -0.567001461982727, -1.0, -1.0, 0.7267714142799377, -1.0, -0.3372296988964081, -0.317717581987381, 1.0, 0.14130593836307526, 0.45997416973114014, -1.0, 0.3775436580181122, 1.0, -1.0, 0.7223814129829407, -1.0, -1.0, -0.904821515083313, 0.46282386779785156]
[-0.6699169278144836, -0.3730844557285309, -0.5220122933387756, -0.338600754737854, -0.013749133795499802, 0.12383895367383957, -0.36816999316215515, -0.23386093974113464, -0.05129118263721466, 0.09211592376232147, 0.01085193082690239, 0.48493966460227966, -0.10656673461198807, -0.22064007818698883, -0.9675942659378052, 0.5770017504692078, 0.9211090803146362, -0.5449227094650269, -0.2408294826745987, 0.7099642753601074, -0.7070598602294922, 0.160451740026474, -0.12549513578414917, 0.2103196382522583, -0.3215213716030121, -0.21996398270130157, -0.30475062131881714, -0.44921693205833435, 0.1714770644903183, 0.08730829507112503, -0.5060891509056091, 0.40263843536376953, -0.4966486990451813, -0.17946870625019073, 0.7415043711662292, -0.00404889602214098, 0.8276769518852234, 1.0149990320205688, -0.04933447018265724, 0.03787396475672722, 0.1383199393749237, -0.8316953778266907, -1.0997388362884521, 0.45167022943496704, -0.3949408233165741, -0.5335857272148132, -0.9717090725898743, 0.4814360737800598, 2.57462739944458, 0.6452658176422119, 0.07271964102983475, 0.19720359146595, 0.04198821261525154, 0.00605570524930954, 0.11978582292795181, 0.1121026873588562, 0.044351931661367416, 0.013708156533539295, 0.006536033935844898, 0.15561780333518982, 0.050754398107528687, 0.02641567774116993, 0.13063786923885345, 0.01603735238313675, -0.013895947486162186, 0.010373540222644806, 0.0028420547023415565, 0.04957099258899689, -0.021318262442946434, 0.006598557811230421, 0.02309538796544075, 0.011675292626023293, 0.036021675914525986, -0.406596839427948, 0.505303144454956, -0.618993878364563, 0.4843110740184784, -0.5454521775245667, 0.291155070066452, 0.1926613301038742, -0.3461157977581024, 0.06736835092306137, -4.252381801605225, 1.566921353340149, 4.254335403442383, 0.0, -0.38999998569488525, 0.47999998927116394, -0.6623125672340393, 0.30807608366012573, -0.5883525013923645, 0.3468034863471985, 0.09507129341363907, 0.08118963986635208, -0.14793100953102112, 0.9810638427734375, 0.045358240604400635, -0.43357470631599426, 0.48907986283302307, -0.06674622744321823, 0.12870559096336365, 0.9523051977157593, -0.2685040533542633, 0.3725716471672058, 0.03984593600034714, -0.27006688714027405, 2.0065762996673584, 0.47030988335609436, 3.1067612171173096, 0.06393499672412872, -0.42842596769332886, 0.4919869899749756, -0.05841135233640671, 0.14464032649993896, 0.9569835662841797, -0.24464164674282074, 0.3535550534725189, 0.12109899520874023, -0.06981047987937927, 2.509533405303955, 0.3504042625427246, 4.0653076171875, 0.06829511374235153, -0.395274817943573, 0.5180943608283997, -0.05399256572127342, 0.28260135650634766, 0.9403036236763, -0.18179742991924286, 0.1500549018383026, 0.26949775218963623, -0.1954616755247116, -7.957927227020264, -1.9211273193359375, -1.9049869775772095, 0.08236110955476761, -0.36816954612731934, 0.5290465354919434, -0.0017933029448613524, 0.28576892614364624, 0.9532058835029602, -0.09864754974842072, 0.24709448218345642, -0.08877553790807724, -0.031226638704538345, 9.845871925354004, 2.4207260608673096, 1.017714023590088, -0.024275880306959152, -0.3955587148666382, 0.47935032844543457, 0.42525312304496765, -0.78501296043396, 0.4342275559902191, 0.11983705312013626, 0.14358492195606232, 0.09656123071908951, -0.4631522297859192, 6.561689376831055, 1.4800163507461548, -0.2031727284193039, 0.49259108304977417, -0.15108370780944824, 0.9176270961761475, 0.003789449343457818, -0.0011450214078649879, -0.0027684506494551897, 0.7522004246711731, -0.24706348776817322, 0.6639060378074646, 0.010002204217016697, -0.00525167491286993, -0.008260902017354965, 0.4351511597633362, -0.5273312926292419, 0.7136266231536865, 0.018505707383155823, 0.001529559725895524, 0.0001932893937919289, 0.32508131861686707, 0.06160004064440727, 0.06539765000343323, 0.003766055451706052, -0.00419260561466217, -0.00461313733831048, 0.4217430353164673, 0.16308657824993134, -0.18114453554153442, -0.004044614732265472, 0.004927407950162888, -0.009897868148982525, -1.0, -0.3898555040359497, -1.0, -0.540962278842926, 0.01166868582367897, -1.0, 0.28539061546325684, -0.27249953150749207, 1.0, 0.5805320739746094, 0.37549924850463867, -1.0, 0.6998082399368286, 1.0, -1.0, 1.0, -1.0, -1.0, -1.0, 0.5420416593551636]
[-0.7483236789703369, -0.3445066511631012, -0.5753054022789001, -0.3853103518486023, 0.05414013937115669, 0.13863593339920044, -0.44595950841903687, -0.2535421550273895, -0.0905529260635376, 0.06617739796638489, 0.16325066983699799, 0.4780842661857605, -0.08892345428466797, -0.1373055875301361, -0.9792516827583313, 0.5139865279197693, 0.9314321279525757, -0.6258106827735901, -0.34843799471855164, 0.7505252361297607, -0.7609580755233765, -0.03443629667162895, -0.27438652515411377, 0.2997463345527649, -0.2696168124675751, 0.4889157712459564, -0.09672802686691284, -0.4149385094642639, 0.8706080317497253, 0.21867893636226654, -0.14235618710517883, -0.4312532842159271, -0.2977183759212494, -0.2711729109287262, 0.4910086691379547, -0.10793419182300568, -0.19001346826553345, 0.3851982057094574, -0.04292837530374527, -0.4148118495941162, 0.07745809108018875, -0.6999415755271912, -0.9169164896011353, 0.5194770693778992, -0.3776334524154663, -0.44767364859580994, -0.8807870149612427, 1.0049368143081665, 1.4907950162887573, 8.503396987915039, 0.09761764109134674, 0.4591256380081177, 0.1415291726589203, 0.03734965994954109, 0.12450377643108368, 0.32794320583343506, 0.06639564037322998, 0.0035492307506501675, -0.03360041230916977, 0.24230808019638062, -0.03984758257865906, -0.06300858408212662, 0.6670397520065308, -0.03760591894388199, 0.213546484708786, 0.07739675045013428, 0.029373222962021828, -0.14458344876766205, 0.2793651223182678, 0.15581496059894562, 0.1928752362728119, 0.06569914519786835, 0.038939494639635086, -0.4121743440628052, 0.5066187381744385, -0.663061261177063, 0.40802496671676636, -0.518960177898407, 0.3529103398323059, 0.1752692610025406, -0.3005848228931427, 0.18136760592460632, 0.38220277428627014, -0.6518004536628723, 2.2374160289764404, 0.0, -0.38999998569488525, 0.47999998927116394, -0.6623125672340393, 0.30807608366012573, -0.5883525013923645, 0.3468034863471985, 0.08396827429533005, 0.07918117195367813, -0.038308266550302505, 0.9925785660743713, 0.05048302933573723, -0.43185290694236755, 0.49024146795272827, -0.07739558070898056, 0.14857497811317444, 0.9431069493293762, -0.2872014343738556, 0.19389775395393372, 0.17338846623897552, 0.27610328793525696, -4.97580099105835, -2.975303888320923, 1.5986703634262085, 0.06981158256530762, -0.42711836099624634, 0.4933044910430908, -0.05843645706772804, 0.11906515061855316, 0.953650712966919, -0.27010923624038696, 0.3312225341796875, -0.0019509842386469245, 0.23555009067058563, 2.0716965198516846, 1.5035748481750488, 2.274873971939087, 0.07098662108182907, -0.39327454566955566, 0.519985556602478, -0.05051923543214798, 0.3273591995239258, 0.9281651377677917, -0.16968584060668945, 0.15910235047340393, 0.13646388053894043, 0.2482060045003891, -2.987863302230835, -0.35361069440841675, -0.9398871660232544, 0.08527074009180069, -0.3665269613265991, 0.5306252241134644, -0.0035510750021785498, 0.22480569779872894, 0.9669504761695862, -0.12023551762104034, 0.11876891553401947, 0.0639972910284996, 0.272528737783432, 5.5116987228393555, 0.45293107628822327, 2.995224952697754, -0.021865855902433395, -0.3951186537742615, 0.47630298137664795, 0.42500588297843933, -0.7984790205955505, 0.4079495668411255, 0.1240098848938942, 0.09392335265874863, 0.025234200060367584, -0.050688423216342926, 0.5650435090065002, 1.4126965999603271, -1.8521368503570557, 0.41604918241500854, 0.014915628358721733, 3.083380699157715, 0.037573397159576416, -0.00892841350287199, -0.007048891857266426, 0.5518211722373962, 0.6408488750457764, 2.299492835998535, 0.013161962851881981, -0.009998083114624023, -0.01025411393493414, 0.31614407896995544, 2.0040411949157715, 1.646014928817749, -0.03294796869158745, 0.008377370424568653, 0.004368341062217951, 0.6310044527053833, -0.0627778023481369, 2.046206474304199, 0.02843155525624752, 0.007975950837135315, 0.0011979984119534492, 2.563483238220215, -2.091143846511841, -1.5824756622314453, 0.016970323398709297, 0.02468341588973999, 0.0014497810043394566, -1.0, 0.6196094751358032, -1.0, -0.6142592430114746, 0.7088251113891602, -1.0, -0.26793622970581055, 0.11224436014890671, 1.0, 0.09921383857727051, -0.38678085803985596, -0.8586686849594116, -0.23211637139320374, 1.0, -1.0, 0.9765851497650146, -1.0, -0.9200435876846313, -1.0, 1.0]
[-0.8188459277153015, -0.255535751581192, -0.58478844165802, -0.3649214506149292, 0.13765175640583038, 0.1485697627067566, -0.4550135135650635, -0.21143394708633423, -0.055794499814510345, 0.04395074397325516, 0.18248909711837769, 0.4643121361732483, -0.06264854222536087, -0.11930809170007706, -0.9249162077903748, 0.4850192666053772, 0.9384045600891113, -0.6931511163711548, -0.4344300329685211, 0.7911991477012634, -0.8074685335159302, -0.17336305975914001, -0.40134453773498535, 0.40741679072380066, -0.24720357358455658, 0.7535906434059143, 0.051639556884765625, 0.6952133178710938, 1.0075938701629639, 0.18005280196666718, 0.1756364405155182, 0.6520683169364929, 0.3578201234340668, -0.23538778722286224, -0.2915542423725128, 0.005471927113831043, 0.46610090136528015, 0.14777235686779022, 0.41754016280174255, 0.03631168231368065, 0.06357219070196152, -0.5781779885292053, -0.7262717485427856, 0.48964664340019226, -0.30622878670692444, -0.2835095226764679, -0.7294209003448486, 0.9874804615974426, 1.4556267261505127, 3.226029396057129, 0.0785052478313446, 0.6686984300613403, 0.31086188554763794, 0.11122287064790726, 0.15835198760032654, 0.20731133222579956, 0.018842663615942, -0.009858920238912106, -0.09638474881649017, 0.22001269459724426, 0.1060701310634613, 0.03609044849872589, 0.49065351486206055, 0.03208671510219574, 0.12985873222351074, 0.05612131953239441, 0.024116700515151024, -0.0579250305891037, 0.10584459453821182, 0.0808073878288269, 0.09967634081840515, 0.02631153166294098, 0.040507812052965164, -0.407012939453125, 0.5107526183128357, -0.6533028483390808, 0.34424927830696106, -0.6062744855880737, 0.29515933990478516, 0.025608351454138756, 0.7079368233680725, 0.21869562566280365, 1.1601334810256958, -1.7627172470092773, -2.581047773361206, 0.0, -0.38999998569488525, 0.47999998927116394, -0.6623125672340393, 0.30807608366012573, -0.5883525013923645, 0.3468034863471985, -0.01531873270869255, 0.011284464970231056, -0.06333403289318085, 0.9978110194206238, 0.053163930773735046, -0.42884305119514465, 0.4996510446071625, -0.09624036401510239, 0.21489466726779938, 0.9259637594223022, -0.2952101528644562, -0.0434364452958107, 0.4046190679073334, 0.7282997965812683, -11.10705852508545, -6.961319923400879, 0.47128358483314514, 0.07245708256959915, -0.42361578345298767, 0.5033735036849976, -0.07016121596097946, 0.1643800288438797, 0.9430268406867981, -0.28063642978668213, 0.0034273192286491394, 0.3373369872570038, 0.7108373045921326, -6.726849555969238, -3.5141773223876953, 0.23483000695705414, 0.07326019555330276, -0.3902314007282257, 0.5259724259376526, -0.06023034453392029, 0.3622131645679474, 0.9136905074119568, -0.17419396340847015, 0.045899398624897, 0.3323775827884674, 0.3803262412548065, -6.151260852813721, -3.048555850982666, 2.689286231994629, 0.08558134734630585, -0.3634015917778015, 0.5369260907173157, -0.01756139285862446, 0.196655735373497, 0.971718966960907, -0.1295386701822281, -0.08825545758008957, 0.18969938158988953, 0.48153603076934814, 2.133762836456299, -1.8694459199905396, 0.5002381205558777, -0.019465086981654167, -0.3949931561946869, 0.477089524269104, 0.4174172580242157, -0.7998046875, 0.4077913165092468, 0.140646830201149, 0.11295668035745621, -0.02157377451658249, 0.14436376094818115, -1.9531532526016235, 0.9472001194953918, -1.4747769832611084, 0.4163563549518585, -1.689733862876892, 4.261674404144287, 0.08587685227394104, -0.005474609322845936, -0.005395869258791208, 0.8211756348609924, 0.38905858993530273, 1.056475043296814, -0.0040230415761470795, -0.010748105123639107, -0.015181999653577805, 0.31849566102027893, -0.4954066872596741, 1.5203255414962769, 0.02865934930741787, 0.020214645192027092, 0.012155492790043354, 0.8462009429931641, -0.2801802158355713, 1.2242763042449951, 0.019913997501134872, 0.0010814007837325335, -0.014128456823527813, 1.1798392534255981, -1.0501593351364136, -0.718537449836731, 0.010559121146798134, 0.007434103637933731, -0.0002396752533968538, -1.0, 0.6290526390075684, -0.9279282689094543, 0.7171438932418823, 1.0, -1.0, 1.0, 1.0, -0.11385087668895721, -0.29481396079063416, 0.3410468101501465, -0.12703777849674225, 0.7161614298820496, 1.0, -1.0, 1.0, -1.0, -0.6653509140014648, -1.0, 1.0]
[-0.869148850440979, -0.2137349247932434, -0.564647376537323, -0.3196370005607605, 0.18543395400047302, 0.16977383196353912, -0.42596685886383057, -0.1638966053724289, -0.09588441252708435, 0.016724053770303726, 0.08771728724241257, 0.5073536038398743, -0.06772726774215698, -0.10460148751735687, -0.8740339279174805, 0.36515140533447266, 0.9459686875343323, -0.6328596472740173, -0.46891018748283386, 0.8266627192497253, -0.7390387654304504, -0.30319052934646606, -0.3576349914073944, 0.49311962723731995, -0.14805519580841064, 0.013917441479861736, 0.0009062379831448197, 0.37524867057800293, 0.13378743827342987, 0.14845256507396698, 0.016347059980034828, 0.5101017355918884, -0.46849963068962097, -0.2353675365447998, -0.4527181088924408, 0.29297956824302673, -0.3081701695919037, 0.023546991869807243, 0.11676295101642609, -0.7701322436332703, 0.08127937465906143, 1.1612439155578613, 0.0974549874663353, 0.4064483344554901, 0.9253118634223938, -0.3253723382949829, 0.7944043874740601, 0.6924603581428528, 2.3466544151306152, -9.601757049560547, 0.01852862536907196, -0.4477729797363281, -0.1322118490934372, -0.033605366945266724, 0.0264070276170969, -0.4398937523365021, -0.07714574038982391, -0.0016082345973700285, 0.011052712798118591, -0.44702762365341187, -0.15061886608600616, -0.05495131015777588, -0.7919402122497559, -0.04028140753507614, -0.3283906579017639, 0.013785186223685741, 0.05389278754591942, 0.13826577365398407, 0.05693647637963295, 0.05161844938993454, 0.016698386520147324, 0.010628831572830677, 0.042409222573041916, -0.3980257511138916, 0.5110436081886292, -0.5914455652236938, 0.35394468903541565, -0.6885356903076172, 0.22546379268169403, 0.1401299238204956, 0.37956199049949646, -0.11483808606863022, -0.9861382842063904, -0.9875926375389099, -1.562530755996704, 0.0, -0.38999998569488525, 0.47999998927116394, -0.39214351773262024, 0.40139710903167725, -0.19571997225284576, 0.8042371869087219, -0.5943505167961121, 0.03990786895155907, -0.4110108017921448, 0.6900904774665833, 0.05415225774049759, -0.4262341260910034, 0.5054268836975098, -0.11129801720380783, 0.2676232159137726, 0.9105406999588013, -0.29479825496673584, 0.03944562003016472, 0.14318718016147614, 0.07486848533153534, -2.6870362758636475, -2.0157299041748047, 0.6025108098983765, 0.07409311830997467, -0.4217126667499542, 0.5086420178413391, -0.06908422708511353, 0.16909711062908173, 0.9412286877632141, -0.28411629796028137, 0.08820683509111404, 0.08903495222330093, 0.12056256830692291, 0.7409990429878235, 0.5067384243011475, 0.6869733929634094, 0.07450217753648758, -0.38628140091896057, 0.5297273397445679, -0.07933603227138519, 0.38952869176864624, 0.8973279595375061, -0.19177013635635376, 0.05096619948744774, 0.10045386850833893, 0.03738527372479439, 0.14697372913360596, -0.5705559253692627, 2.935994863510132, 0.08483545482158661, -0.35941535234451294, 0.5402946472167969, -0.041996780782938004, 0.22253303229808807, 0.9622596502304077, -0.15090258419513702, -0.10127178579568863, 0.3112505376338959, -0.015369009226560593, -6.386767387390137, -3.2583870887756348, 4.385647296905518, -0.015938514843583107, -0.39609262347221375, 0.4804963767528534, 0.4158167839050293, -0.7796903252601624, 0.43120527267456055, 0.1823222041130066, 0.2013600617647171, -0.15734273195266724, 0.31634631752967834, -6.930001258850098, 4.172726631164551, -0.3408922851085663, 0.45723792910575867, -0.6287151575088501, -3.1155877113342285, -0.04303609952330589, 0.006906352937221527, -0.00022126738622318953, 0.47664210200309753, -0.8228676319122314, -2.8820431232452393, -0.013951248489320278, 0.005356782115995884, 0.0006832843646407127, 0.2996639609336853, 0.04717966541647911, -3.2370331287384033, -0.05424361675977707, -0.001102748909033835, -0.00012353253259789199, -0.17594245076179504, -1.1131110191345215, -2.404862403869629, 0.03719612583518028, -0.00033922295551747084, 0.01373028289526701, 0.008973253890872002, -0.4343204200267792, 0.7137847542762756, 0.0026070501189678907, 0.010485258884727955, -0.016567636281251907, -1.0, -1.0, -1.0, -0.16702479124069214, 0.09299620240926743, -1.0, 0.01430889219045639, -0.3757593035697937, 0.16491517424583435, 0.4730279743671417, -0.3976143002510071, -1.0, -1.0, 1.0, 0.3727661967277527, 1.0, 0.2806454598903656, -1.0, 0.7578901648521423, 0.862644374370575]
[-0.9022518992424011, -0.2605140209197998, -0.5726134181022644, -0.25274935364723206, 0.2607240676879883, 0.20449507236480713, -0.42781850695610046, -0.08653820306062698, -0.058341529220342636, 0.0028197437059134245, 0.08065981417894363, 0.5590932965278625, -0.09647917002439499, -0.11028308421373367, -0.8386118412017822, 0.17337705194950104, 0.9543548822402954, -0.4372861385345459, -0.4274308979511261, 0.8552297949790955, -0.5486707091331482, -0.40303871035575867, -0.1826166957616806, 0.48931580781936646, -0.10947151482105255, -0.5336792469024658, 0.001577401184476912, 0.6533765196800232, 0.9978100061416626, 0.6552950143814087, 0.030168984085321426, 0.5503044128417969, 0.5635648369789124, -0.04188500717282295, 0.2833532989025116, 0.8967152833938599, -0.2043820470571518, -0.07975497841835022, 0.17663967609405518, -0.7955198884010315, 0.08041338622570038, 2.1441402435302734, 0.5927402377128601, 0.31912654638290405, 1.6293563842773438, -0.19341085851192474, 1.2235950231552124, -0.4138306677341461, 0.6647149324417114, -5.014898777008057, 0.04665025323629379, -0.2537803649902344, 0.009644784964621067, 0.04796099662780762, 0.030796945095062256, -0.4855121672153473, -0.11893397569656372, -0.018510110676288605, 0.08975374698638916, 0.19248850643634796, 0.13554167747497559, 0.049214914441108704, -0.35511690378189087, 0.011895527131855488, -0.134385347366333, 0.012142255902290344, 0.024888478219509125, 0.07571855187416077, -0.05562899261713028, -0.005166615359485149, -0.0577651746571064, -0.04402276873588562, 0.04332144558429718, -0.393821120262146, 0.5095228552818298, -0.5907911062240601, 0.3493899405002594, -0.7033538222312927, 0.18489401042461395, -0.004569828510284424, 0.19483549892902374, -0.11990485340356827, 0.6862967014312744, 0.4223744571208954, -0.23454038798809052, 0.0, -0.38999998569488525, 0.47999998927116394, -0.39214351773262024, 0.40139710903167725, -0.19571997225284576, 0.8042371869087219, -0.6165727972984314, 0.04659043252468109, -0.4293450117111206, 0.6582780480384827, 0.05400560423731804, -0.42333707213401794, 0.5045439600944519, -0.132123202085495, 0.3163979649543762, 0.8927127122879028, -0.2924031913280487, -0.11801864951848984, 0.26309195160865784, -0.26836514472961426, -6.761119842529297, -5.81228494644165, -0.02996838465332985, 0.07411612570285797, -0.4187629222869873, 0.5079337358474731, -0.07933709025382996, 0.1924479603767395, 0.9351909160614014, -0.2865088880062103, -0.03156699240207672, 0.16994871199131012, -0.24696071445941925, -2.030089855194092, -1.8319023847579956, 0.19935636222362518, 0.07554122060537338, -0.3846808075904846, 0.5275276899337769, -0.08037612587213516, 0.38266250491142273, 0.8987890481948853, -0.19820989668369293, 0.010593483224511147, 0.1821831911802292, -0.2056538462638855, -0.5325090289115906, 0.19454127550125122, -0.8129796981811523, 0.08372924476861954, -0.35586217045783997, 0.5378708243370056, -0.07682774215936661, 0.30073419213294983, 0.9339722990989685, -0.17706561088562012, -0.18573711812496185, 0.3067037761211395, -0.3618179261684418, -10.622658729553223, -5.785501480102539, 3.750098943710327, -0.009831610135734081, -0.3977726697921753, 0.4839170277118683, 0.44121915102005005, -0.7426850199699402, 0.45616042613983154, 0.21368728578090668, 0.48400813341140747, -0.11162472516298294, 0.22703009843826294, -4.146931171417236, 3.478325128555298, 5.083524227142334, 0.3610236942768097, -1.4974384307861328, -1.2446562051773071, 0.02549942396581173, -0.0017820950597524643, -0.004847918637096882, 0.2897706925868988, 0.042181797325611115, -2.728382110595703, -0.017877385020256042, 0.0002512919018045068, -0.0030057320836931467, -0.020350011065602303, -1.8531992435455322, 0.5781327486038208, 0.02141692489385605, -0.01775432378053665, -0.010084603913128376, 0.046511292457580566, -0.6219897866249084, -1.1100342273712158, 0.015558630228042603, -0.0019785556942224503, -0.0012054102262482047, -1.3675856590270996, -0.02716890349984169, 0.5692462921142578, 0.001854972681030631, -0.02214140258729458, -0.006400300655514002, -1.0, -1.0, -1.0, 0.33246415853500366, 1.0, -1.0, 0.7341737151145935, 1.0, 1.0, 0.5311267971992493, -0.24453486502170563, -0.688957691192627, -0.9091255068778992, 1.0, 1.0, 1.0, 1.0, -0.6432753801345825, 1.0, 0.04656670242547989]
[-0.9247574210166931, -0.3452511429786682, -0.5720720291137695, -0.2631717026233673, 0.2807742953300476, 0.2794811427593231, -0.42310479283332825, -0.09697156399488449, 0.01980278082191944, 0.005650034639984369, 0.15437200665473938, 0.6251706480979919, -0.09723653644323349, -0.1143374964594841, -0.8286851048469543, 0.002797788940370083, 0.9655973315238953, -0.28235846757888794, -0.36688223481178284, 0.8784134387969971, -0.31671270728111267, -0.4891885221004486, 0.009675574488937855, 0.3438269793987274, -0.06947746127843857, -0.6470598578453064, 0.033088989555835724, -0.3327060639858246, -0.2595086395740509, 0.42907601594924927, -0.007145203649997711, -0.44078072905540466, 0.8426969647407532, 0.06935840845108032, 0.2789272665977478, 0.36312955617904663, 0.06931667774915695, -0.0007944367825984955, -0.03123648837208748, -0.6491371393203735, 0.1057257428765297, 1.0512977838516235, 0.47326570749282837, 0.27011945843696594, 1.6990307569503784, -0.21534328162670135, 1.1530976295471191, -1.8270323276519775, 0.7830783724784851, -1.0633677244186401, 0.03350479155778885, -0.13060075044631958, -0.12086968868970871, -0.07156907021999359, 0.0002963257138617337, -0.3171931505203247, -0.09661582112312317, -0.023251129314303398, -0.003686044365167618, -0.2376939058303833, -0.0738213062286377, -0.018505007028579712, -0.1828303337097168, 0.029881196096539497, -0.05816911160945892, -0.10348157584667206, -0.05108341574668884, 0.0014886732678860426, -0.09842850267887115, -0.05032097548246384, -0.03656621649861336, -0.047576695680618286, 0.04333439841866493, -0.39318859577178955, 0.5061055421829224, -0.5869718790054321, 0.3987354636192322, -0.6658975481987, 0.23033539950847626, 0.00878196768462658, -0.11263622343540192, -0.27254337072372437, 2.886218786239624, 0.27219444513320923, 0.7935953140258789, 0.0, -0.38999998569488525, 0.47999998927116394, -0.39214351773262024, 0.40139710903167725, -0.19571997225284576, 0.8042371869087219, -0.5709889531135559, 0.08197665959596634, -0.4112110435962677, 0.7058022022247314, 0.05539759621024132, -0.4233762323856354, 0.4971901774406433, -0.13948988914489746, 0.322216659784317, 0.8898041248321533, -0.2914921045303345, 0.14620354771614075, -0.11872123181819916, -0.5037704110145569, 3.523185968399048, 1.9823341369628906, 0.21516704559326172, 0.07491640746593475, -0.41802600026130676, 0.5008019208908081, -0.08357849717140198, 0.19390153884887695, 0.9343087077140808, -0.28720012307167053, 0.07403632253408432, -0.015571366995573044, -0.5334639549255371, 0.9573336243629456, 0.10822639614343643, 0.27543920278549194, 0.07582733035087585, -0.3828594982624054, 0.5229814648628235, -0.07279763370752335, 0.3833611011505127, 0.9004051089286804, -0.19236759841442108, 0.06145314872264862, 0.03662032261490822, -0.31476449966430664, 0.7201328277587891, 0.9732415080070496, -0.9418468475341797, 0.08323567360639572, -0.3542802333831787, 0.5327638983726501, -0.10655972361564636, 0.3573060929775238, 0.9067743420600891, -0.19681882858276367, -0.056536439806222916, 0.059572186321020126, -0.3924156427383423, -4.157162189483643, -2.8733971118927, 3.042062759399414, -0.0021151567343622446, -0.39858949184417725, 0.48613598942756653, 0.497202605009079, -0.7100074887275696, 0.457638680934906, 0.19810523092746735, 0.5814751386642456, 0.03579024598002434, 0.04432889446616173, 2.8962242603302, 1.9519531726837158, 8.800230026245117, 0.2136324942111969, 0.9197807312011719, -1.2595385313034058, -0.057772353291511536, -0.0021774854976683855, -0.002279335167258978, 0.0982389897108078, 0.416905015707016, -1.6317130327224731, -0.016997551545500755, 0.0016553228488191962, 0.0009684742544777691, 0.12207485735416412, 0.39266782999038696, -1.1986929178237915, -0.012614991515874863, 0.00114812096580863, 0.00046851785737089813, -0.270048052072525, 1.0041261911392212, -0.7849868535995483, -0.03602152317762375, -0.00612941849976778, 7.996538442966994e-06, -1.12711501121521, 0.583744466304779, 0.22943702340126038, -0.0028514512814581394, -0.02954285778105259, 0.0013344739563763142, -1.0, -1.0, -1.0, -0.8925492763519287, -0.11762041598558426, -1.0, -0.07204947620630264, 0.9654861092567444, 1.0, 0.2092263251543045, -0.030033599585294724, -1.0, -0.8100384473800659, 1.0, 0.13329380750656128, 1.0, 1.0, -1.0, 1.0, -1.0]
[-0.9444356560707092, -0.43454018235206604, -0.5585252046585083, -0.3286031186580658, 0.16082251071929932, 0.27632084488868713, -0.42217931151390076, -0.1764339953660965, 0.021216293796896935, 0.0053078108467161655, 0.19591829180717468, 0.6256565451622009, -0.08744483441114426, -0.11216175556182861, -0.8441179990768433, -0.1254466325044632, 0.9760162234306335, -0.24275435507297516, -0.3226759433746338, 0.838750422000885, -0.21541938185691833, -0.5516226291656494, 0.17502090334892273, 0.18946431577205658, -0.07221094518899918, -0.6222326159477234, -0.03467414528131485, -0.7938002943992615, -1.5578887462615967, -0.32949715852737427, -0.11996612697839737, -0.7669154405593872, -0.2653261125087738, -0.060735877603292465, 0.1653810441493988, -0.36383485794067383, 0.10381906479597092, 0.03315501660108566, -0.09613513946533203, -0.46126967668533325, 0.08368097990751266, 0.0022769959177821875, 0.2969684302806854, -0.8891741037368774, 0.18915024399757385, -0.13934044539928436, 0.9510921835899353, -1.2144097089767456, 0.16844037175178528, 0.39226385951042175, -0.047866370528936386, -0.06433192640542984, -0.11087502539157867, -0.06464765220880508, -0.06980714201927185, 0.01620613969862461, -0.04051513224840164, -0.022104717791080475, 0.008466719649732113, -0.2907566428184509, -0.11701711267232895, -0.03683925420045853, -0.014555845409631729, 0.023252908140420914, -0.015092316083610058, -0.08125792443752289, -0.044961489737033844, -0.1627911925315857, -0.6003583073616028, -0.3155818283557892, 0.054882511496543884, 0.03593682497739792, 0.04454181715846062, -0.39729753136634827, 0.5011152029037476, -0.5906891822814941, 0.4499393403530121, -0.5895224213600159, 0.3179686963558197, 0.1025375947356224, -0.3460417091846466, -0.31544122099876404, 2.3085644245147705, 0.873677670955658, 1.4468551874160767, 0.0, -0.38999998569488525, 0.47999998927116394, -0.39214351773262024, 0.40139710903167725, -0.19571997225284576, 0.8042371869087219, -0.498935341835022, 0.11865851283073425, -0.3512229025363922, 0.7833428382873535, 0.058880556374788284, -0.42614614963531494, 0.48600393533706665, -0.11319798976182938, 0.23028244078159332, 0.9180620908737183, -0.3021888732910156, 0.3697183132171631, -0.36869069933891296, -0.6205518841743469, 13.420604705810547, 9.493315696716309, 1.4242618083953857, 0.07751288264989853, -0.4196501076221466, 0.4898086488246918, -0.07071037590503693, 0.1390974372625351, 0.9434438347816467, -0.29251599311828613, 0.23693816363811493, -0.19752183556556702, -0.638199508190155, 7.344286918640137, 4.351243019104004, 1.203226089477539, 0.077207550406456, -0.3836222290992737, 0.5169286727905273, -0.06392504274845123, 0.3649204969406128, 0.9087023735046387, -0.19237077236175537, 0.14825546741485596, -0.17678584158420563, -0.35544732213020325, 3.6795613765716553, 2.1252310276031494, -0.43408408761024475, 0.08411449939012527, -0.35474419593811035, 0.5275039672851562, -0.12105578929185867, 0.36259257793426514, 0.8985732197761536, -0.21549515426158905, 0.055866166949272156, -0.09283759444952011, -0.288855642080307, 1.4350236654281616, 0.17963336408138275, 2.5483715534210205, 0.0002825334668159485, -0.39851245284080505, 0.4864598214626312, 0.5162935256958008, -0.7071627974510193, 0.45290717482566833, 0.16803784668445587, -0.03036290779709816, 0.035204239189624786, -0.044205889105796814, 2.3383443355560303, -2.741809129714966, 0.09610825777053833, -0.16924124956130981, 1.0268440246582031, -1.0059428215026855, -0.049244992434978485, 0.006186724174767733, 0.004257786087691784, -0.26446211338043213, 0.4633844494819641, -0.14997169375419617, -0.015153950080275536, 0.0072671896778047085, 0.008388384245336056, 0.023091189563274384, 0.9863776564598083, -1.3866077661514282, -0.022043585777282715, -0.0016782954335212708, -0.0009489894728176296, -0.15774206817150116, 0.9603825211524963, -0.31834179162979126, -0.03055574744939804, -0.004643039312213659, -0.0014286180958151817, 1.2004733085632324, 3.9775567054748535, -0.22022953629493713, -0.01643460988998413, 0.016729263588786125, 0.033060941845178604, -1.0, -0.9511643648147583, -1.0, -1.0, -1.0, -1.0, -0.6453794836997986, -0.23190584778785706, 0.6316677331924438, 0.11421045660972595, -0.033853303641080856, -1.0, -0.6692003607749939, 1.0, -0.4367934465408325, 0.2736838161945343, -0.522235095500946, -1.0, 1.0, -0.42948612570762634]
[-0.9627091884613037, -0.4920499920845032, -0.5914375185966492, -0.41891005635261536, 0.04016844555735588, 0.23499125242233276, -0.4778648912906647, -0.24707001447677612, -0.019440220668911934, -0.006514472886919975, 0.2787356376647949, 0.5293862819671631, -0.024475086480379105, -0.09753990918397903, -0.8710049390792847, -0.13666974008083344, 0.9825878739356995, -0.2860186696052551, -0.31680434942245483, 0.755902886390686, -0.26390472054481506, -0.6052124500274658, 0.21801058948040009, 0.040946003049612045, -0.06283479183912277, -0.26837843656539917, -0.158251091837883, -0.8223625421524048, -0.8788787722587585, -0.35871726274490356, -0.22967000305652618, -0.6726487278938293, -0.5168116092681885, -0.1879725307226181, 0.4074205458164215, -1.0771280527114868, 0.8259366154670715, 0.3374761641025543, -0.136167973279953, 0.17369554936885834, 0.04501337185502052, -0.6118162870407104, -0.10603419691324234, -1.086229681968689, -0.6498500108718872, -0.1399001181125641, -0.09552134573459625, -1.4534170627593994, 0.3128146827220917, 3.961724042892456, 0.009822809137403965, 0.2561202049255371, 0.1043371856212616, 0.031414665281772614, 0.01814510114490986, 0.1960797905921936, 0.007907895371317863, -0.014846894890069962, 0.011936124414205551, 0.034222379326820374, 0.02969844453036785, 0.027631111443042755, 0.24665501713752747, 0.05771559476852417, 0.07249682396650314, -0.026422306895256042, -0.02498716302216053, -0.12308762967586517, -0.22071778774261475, -0.12620753049850464, -0.022594312205910683, -0.017616303637623787, 0.04670288413763046, -0.40379834175109863, 0.49627581238746643, -0.6231634616851807, 0.4547499418258667, -0.5257930755615234, 0.3583452105522156, 0.13966381549835205, -0.40081918239593506, -0.22110430896282196, -0.19241468608379364, 0.9119930267333984, 1.5211042165756226, 0.0, -0.38999998569488525, 0.47999998927116394, -0.39214351773262024, 0.40139710903167725, -0.19571997225284576, 0.8042371869087219, -0.48269668221473694, 0.13766726851463318, -0.28091827034950256, 0.8180075287818909, 0.06279387325048447, -0.42797356843948364, 0.4756130874156952, -0.0833800733089447, 0.1206645518541336, 0.9363324642181396, -0.3190130591392517, 0.294258177280426, -0.1984836608171463, -0.4787270426750183, 9.385944366455078, 6.712596893310547, 1.8734630346298218, 0.08063624799251556, -0.4204958379268646, 0.48125818371772766, -0.05820101872086525, 0.07531587034463882, 0.9471653699874878, -0.30629685521125793, 0.2460901439189911, -0.15343360602855682, -0.40752530097961426, 6.955130577087402, 4.264155864715576, 1.8075028657913208, 0.07938725501298904, -0.3869563341140747, 0.5107506513595581, -0.04973113164305687, 0.3448006808757782, 0.9185397028923035, -0.18688011169433594, 0.14182165265083313, -0.19702303409576416, -0.32075071334838867, 0.43534091114997864, 1.1412688493728638, -1.5587226152420044, 0.08606845140457153, -0.35577309131622314, 0.5241343379020691, -0.11321745812892914, 0.33356383442878723, 0.9084715247154236, -0.22493669390678406, 0.16747702658176422, -0.10284306108951569, -0.08437652885913849, 4.133941173553467, 3.171640396118164, -0.08438364416360855, -0.0028467962983995676, -0.3983405530452728, 0.4846956431865692, 0.506499707698822, -0.736509382724762, 0.4324909448623657, 0.11816724389791489, -0.22199015319347382, 0.08638758957386017, -0.22648733854293823, 8.057960510253906, -4.786350250244141, -0.6089067459106445, -0.03855695575475693, -0.11806929111480713, 1.661363959312439, 0.029643625020980835, -0.00135216920170933, 0.0008803691016510129, 0.015538829378783703, 0.5908026695251465, 1.0562764406204224, -0.005984854884445667, -0.0018679675413295627, -0.0005183724570088089, 0.07766136527061462, 0.03464058041572571, 0.6786363124847412, 0.02815071865916252, -0.0021480887662619352, -0.001993612851947546, -0.35818859934806824, 0.8051488399505615, 0.5713750123977661, -0.012909929268062115, -0.011104973964393139, -0.004806261509656906, -0.15353694558143616, 1.466395378112793, 0.03300987929105759, -0.0077532557770609856, -0.015159711241722107, 0.011947927065193653, -1.0, -0.48315659165382385, -1.0, -0.9409651756286621, -0.3470040261745453, -1.0, -0.43434658646583557, -0.23601409792900085, 1.0, -0.36512982845306396, 0.5881534814834595, -1.0, 0.3617033362388611, 1.0, -0.7576555013656616, 0.24023941159248352, -1.0, -1.0, -0.1437232345342636, -0.8748378157615662]
[-0.9744837880134583, -0.5157850980758667, -0.5986276865005493, -0.5045617818832397, -0.049977678805589676, 0.20146065950393677, -0.4910394847393036, -0.3530022203922272, -0.0009753004414960742, -0.026912009343504906, 0.36256134510040283, 0.43554696440696716, 0.06851217895746231, -0.02295602113008499, -0.8985883593559265, -0.09249646216630936, 0.9861445426940918, -0.3621067702770233, -0.33655887842178345, 0.6814813017845154, -0.3662492334842682, -0.663390576839447, 0.11038908362388611, -0.11689286679029465, -0.0318022184073925, -0.10218943655490875, 0.09537040442228317, -0.8241963386535645, -0.805277943611145, -0.2910451591014862, 0.11796732991933823, -1.170958399772644, 0.4444028437137604, -0.16157937049865723, 0.2911800444126129, -0.6410050392150879, 0.8758277893066406, 0.9595758318901062, -0.12006872892379761, 0.18525205552577972, 0.02481125108897686, -0.7501248717308044, -0.23070065677165985, -0.8194524049758911, -0.7839006781578064, -0.1471325010061264, -0.966236412525177, -1.4617103338241577, 0.7397252917289734, 1.7395679950714111, 0.09467504173517227, 0.08386421948671341, 0.024736391380429268, 0.006384969688951969, 0.10402289032936096, -0.027059372514486313, 0.027300139889121056, 0.013739020563662052, -0.011215451173484325, 0.24248096346855164, 0.0825747698545456, 0.0433226078748703, 0.1438734084367752, -0.002006134483963251, 0.03774961456656456, 0.0028414418920874596, -0.0031416104175150394, 0.0022273361682891846, -0.04159428924322128, -0.026050303131341934, -0.07217717170715332, -0.023164672777056694, 0.04862132668495178, -0.4101862609386444, 0.49270498752593994, -0.649484395980835, 0.4453057646751404, -0.4713640809059143, 0.3971002399921417, 0.09037967771291733, -0.36025312542915344, -0.19437699019908905, 2.0843119621276855, 0.6051751375198364, 1.0846196413040161, 0.0, -0.38999998569488525, 0.47999998927116394, -0.39214351773262024, 0.40139710903167725, -0.19571997225284576, 0.8042371869087219, -0.4686681926250458, 0.1410112828016281, -0.21529071033000946, 0.8450536727905273, 0.06535754352807999, -0.4291791319847107, 0.4681386649608612, -0.056483447551727295, 0.036170829087495804, 0.9425157904624939, -0.3273608982563019, 0.20582236349582672, -0.1969105452299118, -0.4000830352306366, 7.8260908126831055, 6.395073413848877, 0.5325199961662292, 0.08273399621248245, -0.421297550201416, 0.47444024682044983, -0.045048780739307404, 0.027869904413819313, 0.9485952258110046, -0.3120269477367401, 0.12621161341667175, -0.11808115988969803, -0.39303311705589294, 3.8912763595581055, 3.0982494354248047, -0.07175286114215851, 0.08052746951580048, -0.38916727900505066, 0.5066756010055542, -0.043898336589336395, 0.3670331835746765, 0.9120197892189026, -0.1777057647705078, 0.019855625927448273, 0.0021049492061138153, -0.2281358242034912, -5.3823933601379395, -1.3952809572219849, -0.8862427473068237, 0.08808711171150208, -0.356874942779541, 0.5225992798805237, -0.09522302448749542, 0.29269811511039734, 0.9236682057380676, -0.22824865579605103, 0.1533321589231491, -0.12203458696603775, -0.012927385047078133, 4.605063438415527, 3.4061996936798096, -0.29569584131240845, -0.006550112273544073, -0.3979179561138153, 0.48079434037208557, 0.5021283030509949, -0.771876871585846, 0.38822758197784424, 0.03677862882614136, -0.10893946141004562, 0.17550170421600342, -0.36526238918304443, 11.604114532470703, -5.559776782989502, 2.038626194000244, 0.45423126220703125, -0.00043639313662424684, 0.4851571023464203, 0.0063784243538975716, -0.005611022002995014, -0.007553491275757551, 0.5024387240409851, -0.16583704948425293, 0.211125910282135, 0.011251465417444706, -0.006107753608375788, -0.009876145049929619, 0.1594640612602234, -0.5825073719024658, 1.3451266288757324, 0.03458499535918236, 0.002952481620013714, 0.0006186909740790725, 0.12102764844894409, 0.20051369071006775, 0.333002507686615, -0.00013390497770160437, -5.500477709574625e-05, -0.0008690612157806754, -0.677105188369751, 0.011920841410756111, 0.41179823875427246, -0.003005650360137224, -0.01233099028468132, -0.0036630393005907536, -0.9441937804222107, -0.48668938875198364, -1.0, -1.0, -0.5078805685043335, -1.0, -0.6795855164527893, 0.9605318903923035, 1.0, -0.37923184037208557, 0.5978679656982422, -1.0, 0.16184043884277344, 1.0, -0.8284217119216919, 0.3546554148197174, -1.0, -1.0, -1.0, -1.0]
[-0.9814608693122864, -0.5396649837493896, -0.5720800161361694, -0.5957017540931702, -0.1481533944606781, 0.16961106657981873, -0.46285280585289, -0.4779254198074341, 0.05162900686264038, -0.025682583451271057, 0.42729508876800537, 0.40859442949295044, 0.09926111996173859, 0.06587303429841995, -0.9174520373344421, -0.09961451590061188, 0.9892250299453735, -0.45291751623153687, -0.3642769455909729, 0.6235448122024536, -0.4689892828464508, -0.7193005681037903, -0.02364325150847435, -0.24786411225795746, -0.022107545286417007, -0.20990930497646332, 0.05851436406373978, -0.806696355342865, -0.9630260467529297, -0.34362539649009705, 0.07068082690238953, -1.0927778482437134, 0.6083213090896606, 0.3079654276371002, 0.2619067132472992, -0.13484831154346466, -0.025015814229846, 0.5247063040733337, -0.07232900708913803, -0.1426859050989151, 0.0267577413469553, -0.8850212097167969, -0.284738689661026, -0.655920147895813, -0.7128804922103882, -0.13174588978290558, -0.7534209489822388, -1.0777266025543213, 0.28682416677474976, -1.0020897388458252, -0.03756149858236313, 0.01718345656991005, 0.006985989399254322, -0.0003262523387093097, -0.03447414189577103, 0.0018762866966426373, 0.04067165404558182, 0.04405413568019867, 0.003697190200909972, 0.012250122614204884, -0.046209175139665604, -0.04810564965009689, -0.03672858327627182, -0.030475769191980362, -0.02136760950088501, -0.010370414704084396, -0.005325505509972572, 0.05279138311743736, -0.041904058307409286, -0.017893346026539803, -0.0016747342888265848, 0.01672608219087124, 0.049947865307331085, -0.4150388836860657, 0.48878705501556396, -0.6195679903030396, 0.49558472633361816, -0.377315491437912, 0.47766536474227905, 0.06679476052522659, -0.26463136076927185, -0.25297483801841736, 3.2432327270507812, 0.8261252641677856, 0.6261066794395447, 0.0, -0.38999998569488525, 0.47999998927116394, -0.39214351773262024, 0.40139710903167725, -0.19571997225284576, 0.8042371869087219, -0.3654237687587738, 0.18013419210910797, -0.15561003983020782, 0.8998903036117554, 0.06685586273670197, -0.43032631278038025, 0.4598134458065033, -0.025139454752206802, -0.05237645283341408, 0.942999541759491, -0.32768359780311584, 0.18323639035224915, -0.174143984913826, -0.5413926839828491, 9.165569305419922, 7.088332176208496, 0.6998612880706787, 0.0836370438337326, -0.42196404933929443, 0.4669317603111267, -0.03319559991359711, -0.0051622530445456505, 0.9502275586128235, -0.30974000692367554, 0.04791010171175003, -0.025560129433870316, -0.45029085874557495, 1.5816742181777954, 1.1246223449707031, -0.15708504617214203, 0.08086029440164566, -0.38978469371795654, 0.5042392015457153, -0.04077247530221939, 0.3953712284564972, 0.9016519784927368, -0.17041951417922974, 0.03534261882305145, -0.03383537381887436, -0.1619046926498413, -1.040413737297058, 0.3671538233757019, -0.9569205045700073, 0.0897192731499672, -0.35847601294517517, 0.5210422277450562, -0.08140258491039276, 0.24216100573539734, 0.9374309778213501, -0.23654726147651672, 0.1270812302827835, -0.19388487935066223, -0.06317183375358582, 6.103408336639404, 3.316756248474121, 1.0998809337615967, -0.009501734748482704, -0.39700379967689514, 0.4759029150009155, 0.49603384733200073, -0.7969741225242615, 0.3417407274246216, -0.044674117118120193, -0.08742232620716095, 0.19455347955226898, -0.3443128764629364, 9.41260814666748, -4.911441802978516, 1.281091332435608, -0.1428840160369873, -0.09865235537290573, -0.08232273906469345, -0.001806037500500679, 0.002386827487498522, 0.0037314491346478462, -0.11895091086626053, -0.796635091304779, 0.08017782866954803, 0.03210461512207985, 0.0024753562174737453, 0.0038633004296571016, 0.0191778726875782, 0.6333046555519104, -0.30288422107696533, -0.03860608488321304, -0.0007335608825087547, -3.451981319813058e-05, 0.24788014590740204, 0.047046322375535965, -0.23313286900520325, -0.004619811195880175, 0.005313605070114136, 0.0025151201989501715, 0.26160237193107605, 0.01752929389476776, 0.07865852862596512, -0.0034359265118837357, 0.012540443800389767, -0.005078800953924656, -1.0, -0.75331711769104, -1.0, -1.0, -0.7444272041320801, -1.0, -0.8598755598068237, 0.8115434050559998, 1.0, 0.024136807769536972, -0.07985033094882965, -1.0, -0.428348571062088, 1.0, -1.0, 0.35185304284095764, -1.0, -1.0, -0.6444848775863647, -0.827458381652832]
[-0.9857660531997681, -0.5683229565620422, -0.573294997215271, -0.6690592169761658, -0.1950586438179016, 0.1194697916507721, -0.4685264527797699, -0.5665417909622192, 0.061524439603090286, 0.017568686977028847, 0.49260902404785156, 0.3876551687717438, 0.11583197116851807, 0.09028886258602142, -0.9317351579666138, -0.1356087177991867, 0.9913091659545898, -0.5428969264030457, -0.3948335349559784, 0.5979358553886414, -0.5590622425079346, -0.7681927680969238, -0.14433401823043823, -0.2923106551170349, -0.01229700818657875, -0.19317683577537537, -0.06082167103886604, -0.5924332141876221, -0.15182152390480042, -0.45762744545936584, -0.08410670608282089, -0.6195842027664185, -0.12179119884967804, 0.291687548160553, 0.25900617241859436, -0.2718661427497864, 0.2476971447467804, 0.11934967339038849, -0.06458988040685654, -0.15021266043186188, 0.013835211284458637, -0.801871120929718, -0.2823089361190796, -0.13430175185203552, -0.6117188930511475, -0.11372237652540207, -0.737851083278656, -0.06402210146188736, 0.22191020846366882, 0.2920569181442261, -0.02919396013021469, 0.09055346995592117, 0.0883946567773819, 0.03631528839468956, -0.03466375917196274, 0.17088793218135834, 0.026855353266000748, -0.009033341892063618, 5.614623296423815e-05, -0.05548548325896263, -0.006375997327268124, -0.006129832938313484, 0.035896286368370056, -0.0006194959860295057, 0.005973825231194496, 0.011910885572433472, 0.005330806132405996, 0.06285998225212097, 0.02452397346496582, 0.016057170927524567, -0.004319267347455025, 0.027460340410470963, 0.05120006203651428, -0.41894784569740295, 0.4842493236064911, -0.5929403901100159, 0.5268668532371521, -0.29381969571113586, 0.5333881974220276, 0.08218065649271011, -0.2363680601119995, -0.2643665671348572, 1.6002832651138306, 0.43113240599632263, 0.8721207976341248, 0.0, -0.38999998569488525, 0.47999998927116394, -0.39214351773262024, 0.40139710903167725, -0.19571997225284576, 0.8042371869087219, -0.28252002596855164, 0.2104562222957611, -0.10050886124372482, 0.9304775595664978, 0.06764496862888336, -0.4301077127456665, 0.4526301920413971, -0.0019217015942558646, -0.12369123101234436, 0.9362050294876099, -0.32896313071250916, 0.0920560210943222, -0.032880574464797974, -0.38842496275901794, 5.626635551452637, 4.030704975128174, 0.8482603430747986, 0.08450715988874435, -0.4219636023044586, 0.46013304591178894, -0.027833636850118637, -0.02689189836382866, 0.9495007395744324, -0.3113686740398407, 0.07720698416233063, -0.026563547551631927, -0.3541785478591919, 2.748964309692383, 1.6157686710357666, 0.596389651298523, 0.0810561403632164, -0.39047834277153015, 0.5015924572944641, -0.0317598320543766, 0.3966706395149231, 0.902549147605896, -0.16446495056152344, 0.029348669573664665, -0.04749144986271858, -0.16197989881038666, 0.14617270231246948, 0.7906519174575806, -1.071747064590454, 0.09114983677864075, -0.3602713644504547, 0.5190718173980713, -0.06992986798286438, 0.18820607662200928, 0.9479184150695801, -0.24726270139217377, 0.11926131695508957, -0.1850411295890808, -0.08105450868606567, 5.680202484130859, 3.1173675060272217, 1.069370150566101, -0.011569717898964882, -0.39567241072654724, 0.47073355317115784, 0.48480555415153503, -0.8148447275161743, 0.3041141629219055, -0.0922284796833992, -0.08388319611549377, 0.1606789082288742, -0.3285873830318451, 5.848120212554932, -1.4976890087127686, -0.5899314880371094, -0.15069051086902618, -0.7345694303512573, 0.7555162310600281, 0.02529674395918846, 0.0008367038099095225, 0.0031731955241411924, -0.16257739067077637, 0.10469847172498703, 0.7199143767356873, -0.007462864741683006, 0.0017775518354028463, 0.003939108457416296, 0.04196901619434357, 0.0887453556060791, -0.20339176058769226, -0.004798652604222298, 0.0001939110370585695, -0.00013123919779900461, 0.03622123599052429, -0.09452603757381439, 0.0809168890118599, 0.003912915475666523, -0.00013602690887637436, -0.00038567150477319956, 0.4512211084365845, -0.19908136129379272, 0.06367701292037964, -0.0067361630499362946, 0.02024080604314804, -0.008356486447155476, -1.0, -0.6769978404045105, -1.0, -1.0, -0.12778352200984955, -1.0, -0.6370053291320801, 0.07834949344396591, 1.0, -0.012113366276025772, 0.3091531991958618, -1.0, -0.34115225076675415, 1.0, -1.0, 0.6088303923606873, -1.0, -1.0, -0.7972968816757202, -0.1552569419145584]
[-0.9884074330329895, -0.5875583291053772, -0.5946514010429382, -0.7247505784034729, -0.19727331399917603, 0.09195520728826523, -0.4991481900215149, -0.6316792964935303, 0.06729497015476227, 0.027843831107020378, 0.5556185841560364, 0.35478299856185913, 0.16522309184074402, 0.11673837155103683, -0.9459131360054016, -0.19595414400100708, 0.9921157956123352, -0.6212930083274841, -0.42301109433174133, 0.6110640168190002, -0.6355761289596558, -0.8099468350410461, -0.2701833248138428, -0.29578861594200134, -0.00983672495931387, -0.09369643777608871, -0.08534559607505798, -0.48319491744041443, 0.05109322816133499, -0.09033223241567612, -0.10581546276807785, -0.5974873900413513, 0.10739748924970627, 0.007066378835588694, 0.23901306092739105, -0.2736723721027374, 0.5655243396759033, 0.43166399002075195, -0.06525924056768417, -0.298828125, 0.003957897424697876, -0.6821988821029663, -0.248553067445755, 0.31870710849761963, -0.5169066786766052, -0.09696730226278305, -0.7958496809005737, -0.016537373885512352, -0.029546936973929405, 1.0983259677886963, 0.00980421993881464, 0.09518463164567947, 0.042869068682193756, 0.025795012712478638, 0.012698006816208363, 0.06672222912311554, 0.02159542590379715, -0.00045931717613711953, -0.00547393411397934, 0.06992177665233612, 0.03554249927401543, 0.026968905702233315, 0.08641581982374191, -0.011508427560329437, 0.030994243919849396, 0.022423462942242622, 0.009486770257353783, 0.03519769012928009, 0.07279182970523834, 0.0388043075799942, 0.005152663681656122, 0.0021657794713974, 0.0524144247174263, -0.4224897623062134, 0.47991180419921875, -0.5800074338912964, 0.5296949744224548, -0.23774312436580658, 0.5713953971862793, 0.06346046179533005, -0.19000881910324097, -0.23724567890167236, 1.3554917573928833, 0.15905354917049408, 0.6885326504707336, 0.0, -0.38999998569488525, 0.47999998927116394, -0.39214351773262024, 0.40139710903167725, -0.19571997225284576, 0.8042371869087219, -0.23415209352970123, 0.21693354845046997, -0.054271575063467026, 0.9461326599121094, 0.06817996501922607, -0.4292769730091095, 0.44799086451530457, 0.008940574713051319, -0.16079671680927277, 0.9293542504310608, -0.33221250772476196, 0.054334819316864014, 0.015289937146008015, -0.23902468383312225, 2.5330779552459717, 1.6775486469268799, 0.6729353666305542, 0.08538985997438431, -0.4214693307876587, 0.45527639985084534, -0.02291545458137989, -0.051311787217855453, 0.946879506111145, -0.3166404664516449, 0.0672859251499176, -0.005972167011350393, -0.25297868251800537, 2.4520649909973145, 1.4543075561523438, 0.7071917653083801, 0.08102967590093613, -0.39096635580062866, 0.499289333820343, -0.024927493184804916, 0.40847983956336975, 0.8986219167709351, -0.1581186205148697, -0.006163338199257851, 0.03055671975016594, -0.14139902591705322, -3.2586476802825928, -0.43404620885849, -0.7284631729125977, 0.09234300255775452, -0.36180171370506287, 0.5174888372421265, -0.0619116872549057, 0.14066804945468903, 0.953262448310852, -0.26013463735580444, 0.09220263361930847, -0.15294550359249115, -0.05406881123781204, 4.712893009185791, 2.320769786834717, 1.7239428758621216, -0.012784505262970924, -0.3941035568714142, 0.46597814559936523, 0.4790623188018799, -0.828482985496521, 0.2645796239376068, -0.11879760026931763, -0.05501880869269371, 0.17906449735164642, -0.29201099276542664, 5.799434661865234, 0.13820511102676392, 0.3858344554901123, 0.027747396379709244, -0.41429823637008667, 0.6106584668159485, 0.0195805374532938, -0.0006422479636967182, -0.0008113716612569988, 0.03843209147453308, 0.024768607690930367, 0.4331287443637848, -8.778803749009967e-05, -0.0008776724571362138, -0.0010486091487109661, 0.03099769353866577, -0.25237804651260376, 0.5117815136909485, 0.02318323589861393, 0.00128235446754843, -5.4153155360836536e-05, 0.03584359586238861, -0.157785102725029, 0.29923006892204285, 0.007119993679225445, 0.0016841019969433546, 0.0017205476760864258, 0.03012281283736229, -0.43873491883277893, -0.1058647483587265, -0.003934316802769899, 0.0016838150331750512, -0.007131364196538925, -1.0, -0.5698754787445068, -1.0, -1.0, -0.12474284321069717, -1.0, -0.7291279435157776, 0.4344538152217865, 1.0, -0.03206310048699379, 0.5557661056518555, -1.0, -0.6600493788719177, 1.0, -1.0, 0.8152343034744263, -1.0, -1.0, -1.0, -0.2978992164134979]
[-0.9901371598243713, -0.6048275232315063, -0.6084761023521423, -0.7733170986175537, -0.19455547630786896, 0.08915959298610687, -0.5203684568405151, -0.6997565031051636, 0.09674012660980225, 0.0377354696393013, 0.6092671751976013, 0.3428843915462494, 0.20325078070163727, 0.1715099960565567, -0.9564993381500244, -0.2960876524448395, 0.9928439259529114, -0.687021791934967, -0.44775718450546265, 0.6551083326339722, -0.6984614133834839, -0.8435130715370178, -0.38994285464286804, -0.28782472014427185, -0.0051215714775025845, -0.1364251673221588, -0.06820498406887054, -0.4393336772918701, 0.010988103225827217, -0.0028446675278246403, -0.08309150487184525, -0.6539865136146545, 0.34572896361351013, 0.22316177189350128, 0.22325916588306427, -0.007991979829967022, 0.23806245625019073, 0.48120948672294617, -0.04178639128804207, -0.4697745740413666, 0.008033940568566322, -0.5672621130943298, -0.2541428804397583, 0.6610656380653381, -0.4198375642299652, -0.0761207565665245, -0.7069976329803467, 0.11988040059804916, 0.04646804928779602, -0.3975169062614441, -0.008978646248579025, -0.009171917103230953, -0.0033625683281570673, 0.0007408022065646946, -0.009944351390004158, -0.043771643191576004, -0.004026500973850489, 0.011542071588337421, 0.007642657030373812, 0.05355095863342285, 0.0007780455052852631, -0.007027952931821346, -0.004135665949434042, -0.012286828830838203, -0.004418952390551567, 0.010533498600125313, 0.002724624937400222, 0.04262116178870201, 0.023321693763136864, 0.01586224138736725, 0.005471452604979277, 0.007272912655025721, 0.053203266113996506, -0.42467308044433594, 0.4754420220851898, -0.5490318536758423, 0.5413029789924622, -0.18049143254756927, 0.6107190847396851, 0.019619042053818703, -0.08080195635557175, -0.2689504325389862, 1.8904961347579956, 0.3573141098022461, 0.22013111412525177, 0.0, -0.38999998569488525, 0.47999998927116394, -0.39214351773262024, 0.40139710903167725, -0.19571997225284576, 0.8042371869087219, -0.16856728494167328, 0.22687305510044098, -0.017516721040010452, 0.9590654969215393, 0.06841262429952621, -0.42843931913375854, 0.4439850151538849, 0.015390900894999504, -0.18362067639827728, 0.9243687987327576, -0.3340493142604828, 0.03549562394618988, 0.025835471227765083, -0.2604354918003082, 2.3479835987091064, 1.5277847051620483, 0.5338516235351562, 0.08581682294607162, -0.420715868473053, 0.45079752802848816, -0.01990288682281971, -0.06737568974494934, 0.9447716474533081, -0.32011085748672485, 0.022897843271493912, 0.03960102051496506, -0.2782081365585327, 1.0266845226287842, 0.4120992422103882, 0.4332053065299988, 0.08082360029220581, -0.3908143639564514, 0.49772027134895325, -0.021436648443341255, 0.4337885081768036, 0.8877368569374084, -0.15261469781398773, -0.010248932056128979, 0.04977717250585556, -0.1189962700009346, -3.016751289367676, -0.2718401849269867, -0.6384276151657104, 0.09325279295444489, -0.3631162643432617, 0.5160026550292969, -0.05903656780719757, 0.09893686324357986, 0.9537994265556335, -0.27747583389282227, 0.06954888254404068, -0.14638899266719818, -0.0811307355761528, 4.501463890075684, 1.785667061805725, 2.446685314178467, -0.013689439743757248, -0.3923204243183136, 0.4616440534591675, 0.4796616733074188, -0.83931964635849, 0.21926291286945343, -0.13187482953071594, -0.08377206325531006, 0.19183412194252014, -0.2842845320701599, 5.32474946975708, 2.125497817993164, 0.5019330382347107, -0.044182755053043365, -0.01477862149477005, -0.08579008281230927, 0.0005191228701733053, 0.00035637570545077324, 0.0010688001057133079, -0.04453060030937195, -0.17665302753448486, -0.20289050042629242, 0.00889227632433176, 0.0006538763991557062, 0.001198592595756054, -0.0014076147926971316, 0.0902305394411087, 0.15550516545772552, -0.0056744953617453575, -0.001630547340027988, -0.00027965562185272574, 0.08823166787624359, -0.09992934763431549, -0.033398546278476715, 0.0012256850022822618, 0.001885112258605659, 0.0014902993571013212, 0.1443236768245697, -0.020947400480508804, -0.003376422915607691, -0.004788058344274759, 0.004963735584169626, -0.004474181681871414, -0.9742054343223572, -0.7197640538215637, -1.0, -1.0, -0.19537590444087982, -1.0, -0.8330242037773132, 0.6727798581123352, 1.0, 0.08896669745445251, 0.2835193872451782, -1.0, -1.0, 1.0, -1.0, 1.0, -1.0, -1.0, -1.0, -0.19197358191013336]
[-0.992290735244751, -0.6263195872306824, -0.6256511211395264, -0.8115512132644653, -0.1803511381149292, 0.09125088155269623, -0.5449517369270325, -0.741844654083252, 0.11391324549913406, 0.06819310039281845, 0.6612646579742432, 0.3514096438884735, 0.22812780737876892, 0.21006566286087036, -0.9635934233665466, -0.4069597125053406, 0.9938847422599792, -0.741753876209259, -0.4914889335632324, 0.7083742618560791, -0.7502719759941101, -0.8708813190460205, -0.493912935256958, -0.23543432354927063, -0.008731570094823837, -0.1543472856283188, -0.08724518865346909, -0.28275272250175476, 0.19415012001991272, 0.04387126490473747, -0.10694847255945206, -0.22686603665351868, 0.09656335413455963, 0.2671438753604889, 0.19340641796588898, 0.11071089655160904, 0.22610358893871307, 0.281967431306839, -0.031265877187252045, -0.4468536078929901, 0.009244166314601898, -0.47326627373695374, -0.5294626951217651, 0.6531285047531128, -0.3493180274963379, -0.06368166953325272, -0.6028318405151367, 0.6724771857261658, -0.04915855824947357, -0.05023042857646942, -0.013519530184566975, 0.0531468465924263, 0.032783493399620056, 0.01349234115332365, -0.017112277448177338, 0.10663405060768127, 0.030748486518859863, 0.005159503780305386, -0.002238196088001132, 0.008191000670194626, 0.0014579505659639835, -0.005809302441775799, 0.007946869358420372, 0.004186930134892464, 0.0012648553820326924, 0.01001557894051075, -0.004655420780181885, -0.006643492262810469, 0.0477556437253952, 0.02538880705833435, 0.01579657569527626, 0.019042115658521652, 0.05318940058350563, -0.4251093566417694, 0.4709125757217407, -0.5144481062889099, 0.547913134098053, -0.14310768246650696, 0.6439366340637207, -0.008309146389365196, -0.005699049681425095, -0.2555100917816162, 1.0032289028167725, -0.3159360885620117, 0.11937884241342545, 0.0, -0.38999998569488525, 0.47999998927116394, -0.39214351773262024, 0.40139710903167725, -0.19571997225284576, 0.8042371869087219, -0.1114281564950943, 0.2267468273639679, 0.0025761667639017105, 0.9675551056861877, 0.06851209700107574, -0.42733126878738403, 0.4403793215751648, 0.018393615260720253, -0.19790102541446686, 0.9204888939857483, -0.3364475965499878, 0.012118738144636154, 0.05977674201130867, -0.18926310539245605, 0.9470503330230713, 0.3259747624397278, 0.4557546377182007, 0.08613888174295425, -0.41975507140159607, 0.44707223773002625, -0.021228719502687454, -0.07199211418628693, 0.943152666091919, -0.3237738013267517, 0.013446829281747341, 0.05501760542392731, -0.17685210704803467, 0.2551218569278717, -0.26959097385406494, 0.4612852931022644, 0.08055051416158676, -0.3900989592075348, 0.49643635749816895, -0.01696223020553589, 0.45461419224739075, 0.8781267404556274, -0.1480928510427475, -0.010351713746786118, 0.07356873154640198, -0.10220333188772202, -2.4820785522460938, -0.09786386787891388, -0.49012041091918945, 0.09404059499502182, -0.3642382025718689, 0.5142835974693298, -0.05552497133612633, 0.05320781469345093, 0.9520297646522522, -0.29618409276008606, 0.07967682927846909, -0.14328287541866302, -0.09366226941347122, 5.2249979972839355, 2.4277052879333496, 2.461636543273926, -0.014675665646791458, -0.39037489891052246, 0.4577461779117584, 0.47846221923828125, -0.850240170955658, 0.18141964077949524, -0.12350082397460938, -0.11906324326992035, 0.15149356424808502, -0.24368703365325928, 2.6018128395080566, 3.6307830810546875, -0.8189647793769836, -0.07520043104887009, -0.28083735704421997, 0.33496761322021484, 0.009279781021177769, 0.00011588940833462402, 0.001217016251757741, -0.08917596191167831, -0.10531150549650192, 0.5171696543693542, 0.0035798312164843082, 0.000593817385379225, 0.0016333068488165736, -0.0019274067599326372, 0.06990371644496918, 0.029482930898666382, -0.004760746844112873, 0.00049506378127262, 0.00012572987179737538, -0.014338724315166473, 0.00873006135225296, 0.01877681165933609, -0.0045244693756103516, -0.0007077521295286715, -0.001063535688444972, 0.39881324768066406, -0.27560508251190186, -0.15186063945293427, 0.0019060058984905481, 0.012661103159189224, -0.0015533682890236378, -1.0, -0.7195866107940674, -1.0, -1.0, -0.029471974819898605, -1.0, -0.5123507380485535, 0.39834582805633545, 1.0, 0.19767847657203674, 0.3586975336074829, -1.0, -1.0, 1.0, -1.0, 1.0, -1.0, -1.0, -1.0, 0.2644319236278534]
[-0.9942617416381836, -0.6493695974349976, -0.6491071581840515, -0.835883378982544, -0.14923569560050964, 0.09893839806318283, -0.577596127986908, -0.7494179010391235, 0.12098324298858643, 0.0879853367805481, 0.7043493390083313, 0.3772706985473633, 0.24884936213493347, 0.23529788851737976, -0.9694463610649109, -0.5060672760009766, 0.9947224855422974, -0.7872992753982544, -0.5499187111854553, 0.7569330930709839, -0.7934132814407349, -0.893788754940033, -0.58091139793396, -0.16430014371871948, -0.005447619128972292, -0.16044531762599945, -0.1135108694434166, -0.1983296275138855, 0.33658358454704285, 0.09604174643754959, -0.14615969359874725, 0.048683252185583115, 0.08036451786756516, 0.12792536616325378, 0.1605757176876068, 0.2966219484806061, 0.1745302528142929, 0.21072617173194885, -0.028151674196124077, -0.3852256238460541, 0.005525985267013311, -0.39249172806739807, -0.5304317474365234, 0.5688510537147522, -0.2908492386341095, -0.05322199687361717, -0.4998609125614166, 0.6479379534721375, 0.09111261367797852, 0.07942221313714981, -0.007196168415248394, 0.024964991956949234, 0.017197389155626297, 0.007862880825996399, -0.00834248960018158, 0.08537733554840088, 0.03674393147230148, 0.007032131776213646, -0.0015980163589119911, 0.025154657661914825, 0.004452178254723549, -0.0013286448083817959, 0.015874428674578667, 0.007491128519177437, 0.0019275734666734934, 0.008893497288227081, 0.005789358168840408, -0.017899855971336365, 0.044351667165756226, 0.023179292678833008, 0.017292581498622894, 0.003392848651856184, 0.05292316898703575, -0.4247269928455353, 0.4665911793708801, -0.48545148968696594, 0.5374640822410583, -0.1284341961145401, 0.6774759888648987, -0.0124033372849226, 0.028888586908578873, -0.24712929129600525, 0.7076048254966736, -0.8132651448249817, 0.10913361608982086, 0.0, -0.38999998569488525, 0.47999998927116394, -0.39214351773262024, 0.40139710903167725, -0.19571997225284576, 0.8042371869087219, -0.07111097127199173, 0.20495963096618652, 0.01339978538453579, 0.9760916829109192, 0.06853272020816803, -0.42605724930763245, 0.4377116560935974, 0.016305750235915184, -0.19949793815612793, 0.9188830256462097, -0.3399830460548401, -0.005123525857925415, 0.0810290277004242, -0.13877016305923462, -0.06760428845882416, -0.5983175039291382, 0.4061150848865509, 0.08643687516450882, -0.41871148347854614, 0.44480443000793457, -0.024876296520233154, -0.0721210464835167, 0.9414474964141846, -0.3284149467945099, 0.004659908823668957, 0.06537073105573654, -0.0925808772444725, -0.13827088475227356, -0.7157595753669739, 0.5532628297805786, 0.08021651208400726, -0.3887629210948944, 0.4955381155014038, -0.013302210718393326, 0.47456538677215576, 0.8680970668792725, -0.14497677981853485, -0.01928074285387993, 0.11440910398960114, -0.07644879817962646, -2.733205556869507, -0.19105738401412964, -0.29047486186027527, 0.09476656466722488, -0.36517608165740967, 0.5124683380126953, -0.049334388226270676, 0.005436601582914591, 0.9484423995018005, -0.31303921341896057, 0.07909798622131348, -0.12631350755691528, -0.10616316646337509, 4.795779705047607, 2.4366235733032227, 2.2040317058563232, -0.015781674534082413, -0.3884306252002716, 0.45446091890335083, 0.47571688890457153, -0.8599210977554321, 0.15204797685146332, -0.10540643334388733, -0.12445548176765442, 0.13945592939853668, -0.20019342005252838, 1.9056766033172607, 3.502764940261841, -0.7816773653030396, -0.0365445539355278, -0.15827980637550354, 0.17539216578006744, 0.005488683935254812, 8.383266685996205e-05, 0.0008402231615036726, -0.03755166754126549, -0.15517330169677734, 0.49187079071998596, 0.004704532213509083, 0.00038508797297254205, 0.0009877238189801574, 0.024146346375346184, 0.05001269280910492, 0.11092410981655121, -0.0005784544046036899, 0.000561092107091099, -3.0449000405496918e-05, -0.011896084994077682, -0.10689719766378403, 0.035196661949157715, 0.004185901023447514, -0.0010998330544680357, -0.0017238426953554153, 0.12900175154209137, -0.30042412877082825, -0.1767657846212387, 0.0033138268627226353, 0.0013288194313645363, -0.0007218921091407537, -1.0, -0.7456996440887451, -1.0, -1.0, 0.07679238170385361, -1.0, -0.4618189334869385, 0.3387525677680969, 1.0, 0.4307515025138855, 0.3431495428085327, -1.0, -1.0, 1.0, -1.0, 1.0, -1.0, -1.0, -1.0, 0.2205573171377182]
[-0.9954106211662292, -0.6731019616127014, -0.6813674569129944, -0.8562350869178772, -0.10777384787797928, 0.11119221895933151, -0.620040774345398, -0.733993411064148, 0.12823224067687988, 0.09801917523145676, 0.7458434104919434, 0.42016130685806274, 0.26972562074661255, 0.2571491003036499, -0.9735122323036194, -0.5900536775588989, 0.9951850175857544, -0.8249480724334717, -0.5998660326004028, 0.7983229160308838, -0.8293039798736572, -0.9128903150558472, -0.6528229117393494, -0.105275459587574, -0.004057393409311771, -0.16522060334682465, -0.15634839236736298, -0.1938871592283249, 0.40695562958717346, 0.1292795091867447, -0.19261227548122406, 0.22022953629493713, 0.07986345142126083, 0.0840887650847435, 0.176346093416214, 0.44231972098350525, 0.203977569937706, 0.2141769677400589, -0.01605367474257946, -0.3230005204677582, 0.0029767074156552553, -0.3236828148365021, -0.41749659180641174, 0.47849875688552856, -0.24191199243068695, -0.044328391551971436, -0.41281387209892273, 0.49084725975990295, 0.020244944840669632, 0.07798124104738235, -0.015536429360508919, 0.0014414096949622035, 0.002292499179020524, 0.0018116430146619678, -0.011183781549334526, 0.05414315313100815, 0.023645935580134392, 0.006848694756627083, 0.0026167714968323708, 0.016592741012573242, 0.0062922528013587, 0.0026379856280982494, 0.01644781231880188, 0.007014190778136253, 0.00445884745568037, 0.008740230463445187, 0.007613733876496553, -0.01799578033387661, 0.039673738181591034, 0.02044420689344406, 0.013509757816791534, -0.0010062935762107372, 0.052624743431806564, -0.4236716032028198, 0.4622913599014282, -0.45906034111976624, 0.5125558376312256, -0.13113145530223846, 0.7136908173561096, -0.02403566986322403, 0.08207898586988449, -0.2480723261833191, 0.5129889845848083, -1.1946269273757935, -0.07782541960477829, 0.0, -0.38999998569488525, 0.47999998927116394, -0.39214351773262024, 0.40139710903167725, -0.19571997225284576, 0.8042371869087219, -0.04164253920316696, 0.16416794061660767, 0.01749279350042343, 0.9853976964950562, 0.06855203956365585, -0.42460745573043823, 0.43543070554733276, 0.011120009236037731, -0.19457849860191345, 0.9182222485542297, -0.34479448199272156, -0.00686453003436327, 0.09871142357587814, -0.12670232355594635, -0.39892175793647766, -1.0362094640731812, 0.5115066766738892, 0.08670677989721298, -0.4175780117511749, 0.44366273283958435, -0.031105676665902138, -0.06769301742315292, 0.9395831227302551, -0.3341159522533417, -0.0004862555069848895, 0.0774778500199318, -0.03874613717198372, -0.5432363748550415, -1.2188509702682495, 0.6673482656478882, 0.0797698125243187, -0.38674041628837585, 0.4950511157512665, -0.010313202627003193, 0.4987305700778961, 0.8549362421035767, -0.14228598773479462, -0.027394898235797882, 0.16085553169250488, -0.06803527474403381, -3.5965118408203125, -0.3303065299987793, -0.2190481722354889, 0.0953892320394516, -0.36597827076911926, 0.5106356143951416, -0.04323749244213104, -0.03583493083715439, 0.943383514881134, -0.3269157409667969, 0.06833353638648987, -0.10433952510356903, -0.11174929141998291, 3.9764199256896973, 2.0425381660461426, 1.861925721168518, -0.01694471202790737, -0.38657504320144653, 0.4517258405685425, 0.4733313024044037, -0.867232084274292, 0.12606264650821686, -0.08929826319217682, -0.11600463837385178, 0.13392750918865204, -0.1646430641412735, 1.8512064218521118, 2.941511631011963, -0.5351332426071167, -0.08077476173639297, -0.029618259519338608, 0.023773018270730972, 0.0013673690846189857, 0.00011648486542981118, 0.0013841473264619708, -0.05170714110136032, -0.12316778302192688, 0.317911833524704, 0.00500117801129818, 0.00038073735777288675, 0.0010307772317901254, 0.005370635539293289, -0.01747501641511917, 0.0906825065612793, 0.0023758604656904936, -0.0004406085645314306, -9.86167142400518e-05, -0.0074993157759308815, -0.13381358981132507, 0.042917944490909576, 0.005606529768556356, -0.0007776773418299854, -0.0016877362504601479, 0.03488856554031372, -0.2862100899219513, -0.13482201099395752, 0.0031632245518267155, -0.0015645112143829465, -0.0005184310139156878, -1.0, -0.7799524068832397, -1.0, -1.0, 0.14509965479373932, -1.0, -0.4168025553226471, 0.3087621033191681, 1.0, 0.6038080453872681, 0.39565420150756836, -0.984062135219574, -1.0, 1.0, -1.0, 1.0, -1.0, -1.0, -1.0, 0.16221992671489716]
[-0.9968223571777344, -0.7058720588684082, -0.7175933122634888, -0.8766777515411377, -0.05738519877195358, 0.12661118805408478, -0.6645560264587402, -0.7028084993362427, 0.1390126794576645, 0.10743246227502823, 0.7889166474342346, 0.4738488793373108, 0.2991437613964081, 0.28400805592536926, -0.9638836979866028, -0.660059928894043, 0.9952199459075928, -0.8444968461990356, -0.6348274350166321, 0.832735538482666, -0.8585580587387085, -0.9280416965484619, -0.7119085192680359, -0.06377765536308289, -0.0073290057480335236, -0.26768288016319275, -0.14833758771419525, -0.19223690032958984, 0.4948069751262665, 0.15887536108493805, -0.1803138703107834, 0.3253459632396698, 0.10720228403806686, 0.10021375864744186, 0.17916689813137054, 0.5320386290550232, 0.30839669704437256, 0.3017934560775757, 0.07488825172185898, -0.26835039258003235, -0.00010607695730868727, -0.10426326841115952, -0.23128771781921387, 0.3956214189529419, -0.195800319314003, -0.03455420956015587, -0.3389807641506195, 0.3265989124774933, -0.09055668115615845, -0.8997750282287598, 0.0020409494172781706, -0.0531904362142086, -0.01123388297855854, -0.00031113289878703654, -0.0026182157453149557, -0.037950299680233, -0.0059546781703829765, 0.001182920765131712, 0.0009105571079999208, -0.015041854232549667, 0.007617373019456863, 0.007743241731077433, -0.023228619247674942, 0.004861753433942795, -0.009352996945381165, 0.013436583802103996, 0.01418377086520195, -0.0019012890988960862, 0.007116883993148804, 0.005029265768826008, -0.0033781053498387337, -0.004308528266847134, 0.05216790363192558, -0.42148301005363464, 0.4573831558227539, -0.43021857738494873, 0.4814421832561493, -0.1509188562631607, 0.7485645413398743, -0.044195499271154404, 0.16834619641304016, -0.30723634362220764, 0.49371686577796936, -1.2915222644805908, -0.4171604812145233, 0.0, -0.38999998569488525, 0.47999998927116394, -0.39214351773262024, 0.40139710903167725, -0.19571997225284576, 0.8042371869087219, -0.018803570419549942, 0.11174258589744568, 0.009028551168739796, 0.9935182332992554, 0.0684167668223381, -0.42275041341781616, 0.4325709342956543, 0.004201177973300219, -0.18803086876869202, 0.9177053570747375, -0.3499191999435425, -0.02854396589100361, 0.12841209769248962, -0.18848612904548645, -0.3865759074687958, -1.1850553750991821, 0.3947140872478485, 0.0867580696940422, -0.4161897897720337, 0.4425870478153229, -0.0398431122303009, -0.059140708297491074, 0.9378930330276489, -0.33951663970947266, -0.023813093081116676, 0.09975748509168625, -0.07851117849349976, -0.6492077112197876, -1.4529496431350708, 0.5139666199684143, 0.07927752286195755, -0.384088933467865, 0.4941619336605072, -0.007522083353251219, 0.5284227132797241, 0.8372402191162109, -0.14050444960594177, -0.031140698119997978, 0.20150917768478394, -0.13200333714485168, -4.51235818862915, -0.37016910314559937, 0.03095281682908535, 0.09557198733091354, -0.36663129925727844, 0.5085795521736145, -0.041542842984199524, -0.06588089466094971, 0.9382688403129578, -0.3370242714881897, 0.01341862604022026, -0.07491457462310791, -0.13779442012310028, 2.699699878692627, 0.7598299980163574, 1.264305830001831, -0.018132245168089867, -0.3846791684627533, 0.44907522201538086, 0.47169819474220276, -0.8726571798324585, 0.09950722008943558, -0.07789944857358932, -0.11205005645751953, 0.15221212804317474, -0.1726619452238083, 2.3647687435150146, 2.5572853088378906, -0.27127084136009216, 0.017942072823643684, 3.742130138562061e-05, -0.300620973110199, -0.0003105714567936957, 0.00042739836499094963, -0.00023207323101814836, 0.0022816031705588102, -0.073112852871418, -0.23924919962882996, 8.622813766123727e-05, 0.00043125025695189834, -4.523529059952125e-05, -0.04792405292391777, -0.2779481112957001, -0.0445706844329834, 0.0035740206949412823, -0.000171781110111624, 0.0005868092994205654, 0.10113058984279633, -0.25943177938461304, -0.09778226912021637, 0.010292292572557926, 0.0007320463191717863, -0.0019794704858213663, -0.08454211801290512, -0.033743344247341156, 0.117618128657341, 0.0008137583499774337, -0.0029558551032096148, -0.00017375698371324688, -1.0, -0.9645513296127319, -0.918005645275116, -1.0, 0.2481764703989029, -1.0, -0.3554738759994507, 0.35212549567222595, 1.0, 0.6904870271682739, 0.4990154504776001, -0.8424040675163269, -1.0, 1.0, -0.8642430901527405, 1.0, -1.0, -1.0, -1.0, 0.10350791364908218]
