0
[0.0, 0.0, 0.0, 0.0, 0.0, 0.0, 0.0, 0.0, 0.0, 0.0, 0.0, 0.0, 0.0, 0.0, 0.0, 0.0, 0.0, 0.0, 0.0, 0.0, 0.0, 0.0, 0.0, 0.0, 0.0, 0.0, 0.0, 0.0, 0.0, 0.0, 0.0, 0.0, 0.0, 0.0, 0.0, 0.0, 0.0, 0.0, 0.0, 0.0, 0.0, 0.0, 0.0, 0.0, 0.0, 0.0, 0.0, 0.0, 0.0, 0.0, 0.0, 0.0, 0.0, 0.0, 0.0, 0.0, 0.0, 0.0, 0.0, 0.0, 0.0, 0.0, 0.0, 0.0, 0.0, 0.0, 0.0, 0.0, 0.0, 0.0, 0.0, 0.0, 0.0, 0.0, 0.0, 0.0, 0.0, 0.0, 0.0, 0.0, 0.0, 0.0, 0.0, 0.0, 0.0, 0.0, 0.0, 0.0, 0.0, 0.0, 0.0, 0.0, 0.0, 0.0, 0.0, 0.0, 0.0, 0.0, 0.0, 0.0, 0.0, 0.0, 0.0, 0.0, 0.0, 0.0, 0.0, 0.0, 0.0, 0.0, 0.0, 0.0, 0.0, 0.0, 0.0, 0.0, 0.0, 0.0, 0.0, 0.0, 0.0, 0.0, 0.0, 0.0, 0.0, 0.0, 0.0, 0.0, 0.0, 0.0, 0.0, 0.0, 0.0, 0.0, 0.0, 0.0, 0.0, 0.0, 0.0, 0.0, 0.0, 0.0, 0.0, 0.0, 0.0, 0.0, 0.0, 0.0, 0.0, 0.0, 0.0, 0.0, 0.0, 0.0, 0.0, 0.0, 0.0, 0.0, 0.0, 0.0, 0.0, 0.0, 0.0, 0.0, 0.0, 0.0, 0.0, 0.0, 0.0, 0.0, 0.0, 0.0, 0.0, 0.0, 0.0, 0.0, 0.0, 0.0, 0.0, 0.0, 0.0, 0.0, 0.0, 0.0, 0.0, 0.0, 0.0, 0.0, 0.0, 0.0, 0.0, 0.0, 0.0, 0.0, 0.0, 0.0, 0.0, 0.0, 0.0, 0.0, 0.0, 0.0, 0.0, 0.0, 0.0, 0.0, 0.0, 0.0, 0.0, 0.0, 0.0]
[0.5099645256996155, 0.1154218539595604, 0.037256404757499695, -0.6787229180335999, -0.7525462508201599, -0.8766319155693054, 0.2766474783420563, -0.8612890243530273, -0.640829861164093, -0.8675017356872559, -0.21535760164260864, -0.9756043553352356, -0.7168289422988892, -0.8344886898994446, -0.9205986261367798, -0.2063673734664917, -0.7872713804244995, -0.6459870338439941, -0.7195655107498169, 0.03671478107571602, -0.8310785889625549, -0.15475814044475555, 0.01936468482017517, 0.8272368907928467, -0.37757858633995056, 0.0760999470949173, 0.9177977442741394, -0.13895730674266815, 2.068420886993408, 0.4436841905117035, 0.3304987847805023, 1.2812552452087402, 1.8515547513961792, 1.0768183469772339, -1.148785948753357, 0.0068566459231078625, 2.1294429302215576, 0.5013694167137146, 0.41262537240982056, -0.36806613206863403, 1.9583873748779297, 1.8912228345870972, 0.3880987763404846, -1.758654236793518, 0.9056665301322937, -0.3337589204311371, 0.8532428741455078, 0.2232457399368286, -11.861916542053223, 1.5103349685668945, -0.5347689390182495, -0.32433077692985535, 0.059606097638607025, 0.052603334188461304, -0.17592096328735352, 1.1181342601776123, 0.6497368812561035, 0.2996382713317871, 0.1369316279888153, -0.017251772806048393, 0.15592041611671448, 0.08292750269174576, 0.33586397767066956, -0.5549781322479248, 0.8964279294013977, 0.5463022589683533, 0.22394242882728577, -0.1433507204055786, 0.506525993347168, 0.23610062897205353, -0.08143503963947296, -0.009891423396766186, 0.0034958524629473686, -0.3894197642803192, 0.5175496339797974, 0.2161887288093567, -0.7434768676757812, 0.5995170474052429, 0.2026912122964859, 0.6978543996810913, 0.033973000943660736, 0.20632138848304749, -0.6244857907295227, -0.6320655941963196, -0.8903434872627258, 0.0, -0.38999998569488525, 0.47999998927116394, 0.012645297683775425, 0.2464054822921753, 0.9690790772438049, 0.0032153106294572353, 0.866344153881073, 0.14958813786506653, -0.2571677565574646, 0.4011681377887726, -0.031092414632439613, -0.4522627890110016, 0.506222665309906, 0.0004871983837801963, -0.5068914890289307, 0.8620096445083618, -0.0003644291718956083, 0.033360935747623444, 0.11834810674190521, 0.41955333948135376, -12.25169563293457, 0.11906319111585617, -2.696422576904297, -0.014702151529490948, -0.457168310880661, 0.4984189569950104, -0.02024846524000168, -0.5271788835525513, 0.8487544059753418, 0.03589306026697159, 0.29270127415657043, 0.2027035653591156, 1.0324136018753052, -21.355297088623047, 1.817704439163208, 0.30629321932792664, 0.01899729110300541, -0.45396167039871216, 0.4909326434135437, 0.024724656715989113, -0.5785090923309326, 0.8144545555114746, -0.03714233636856079, 0.8712296485900879, 0.204729363322258, 0.5255259871482849, -13.550029754638672, -1.1901739835739136, 7.5943427085876465, 0.04098249226808548, -0.44450366497039795, 0.5051973462104797, 0.006995462812483311, -0.4447615444660187, 0.8945296406745911, -0.04421405494213104, 0.4389590322971344, 0.48742666840553284, 1.4151086807250977, -22.717391967773438, -3.2259857654571533, 3.234912633895874, -0.08173849433660507, -0.3699156939983368, 0.5023614168167114, -0.19583941996097565, -0.6657320261001587, 0.675087571144104, 0.2504086196422577, 0.06621848046779633, 0.0034633902832865715, 0.3905651867389679, -9.075809478759766, -4.043388366699219, -3.425774097442627, -3.0624313354492188, -0.4388303756713867, 0.3481491804122925, 0.04602087289094925, -0.017735116183757782, 0.008124546147882938, -0.9683371186256409, -9.002641677856445, 1.280585765838623, 0.16459864377975464, 0.006473996210843325, -0.002636576537042856, 0.785181999206543, -1.92289400100708, 0.04028031602501869, 0.05408409982919693, 0.026018645614385605, -0.007861090824007988, -2.8027515411376953, -7.163179397583008, 1.5586020946502686, 0.11649475246667862, -0.01246859785169363, 0.01537906564772129, -1.2486591339111328, -2.91916561126709, -0.1715541034936905, 0.02076052874326706, 0.010087115690112114, 0.030768517404794693, -1.0, 0.5009048581123352, 1.0, -1.0, 1.0, 1.0, 1.0, 1.0, -1.0, -1.0, 1.0, 0.12088024616241455, -1.0, 0.9736214876174927, 1.0, -1.0, 0.14836622774600983, -1.0, 1.0, 1.0]
[0.42478641867637634, 0.07649997621774673, 0.11733417212963104, -0.6532087922096252, -0.5542699694633484, -0.7784232497215271, 0.3699512481689453, -0.7953476905822754, -0.5453775525093079, -0.7128156423568726, -0.41663429141044617, -0.968024492263794, -0.5852143168449402, -0.7586393356323242, -0.8652715682983398, -0.21581855416297913, -0.533702552318573, -0.5273317694664001, -0.6697754859924316, -0.07526193559169769, -0.774383008480072, -0.2652517557144165, 0.16267316043376923, 0.8123151063919067, -0.27134212851524353, -0.5389883518218994, 0.0035321146715432405, 0.43182674050331116, 1.7112159729003906, 1.4905856847763062, 0.4129858911037445, 0.22276091575622559, 0.3537691831588745, 1.310121774673462, -0.64725261926651, 0.08460458368062973, 0.730963408946991, 0.8872572779655457, 0.16604483127593994, 0.1509075164794922, 2.533292531967163, 0.6804637312889099, 0.5218332409858704, -1.1759344339370728, 0.11499625444412231, -0.25637128949165344, 0.900234043598175, -0.32382458448410034, 3.080472946166992, -9.11237621307373, -0.14610473811626434, -0.40886953473091125, -0.16245797276496887, -0.007091269362717867, 0.13511237502098083, -0.9039893746376038, -0.45009398460388184, -0.18211819231510162, 0.293285608291626, -0.5807527303695679, -0.30831634998321533, -0.09580297768115997, -0.9060072898864746, 0.22012320160865784, -0.5042723417282104, -0.2614193856716156, -0.08635887503623962, 0.1322356015443802, -0.7179682850837708, -0.36085426807403564, 0.015898391604423523, -0.008924133144319057, 0.015129085630178452, -0.3888534605503082, 0.5189444422721863, 0.16811053454875946, -0.7390793561935425, 0.61753910779953, 0.21010959148406982, 0.6978543996810913, 0.033973000943660736, 0.042788684368133545, -0.6684212684631348, -0.6306580901145935, -0.8425844311714172, 0.0, -0.38999998569488525, 0.47999998927116394, 0.012645297683775425, 0.2464054822921753, 0.9690790772438049, 0.0032153106294572353, 0.8662750124931335, 0.10095491260290146, -0.25239646434783936, 0.41913238167762756, -0.027646923437714577, -0.45119065046310425, 0.5072689652442932, 0.001112064579501748, -0.4046872854232788, 0.9144543409347534, 0.00047766519128344953, 0.28816816210746765, 0.2331378310918808, 0.06502430140972137, -15.475594520568848, 0.23198552429676056, 1.380112648010254, -0.011343191377818584, -0.4560915231704712, 0.49982136487960815, -0.015417288057506084, -0.42836856842041016, 0.9025252461433411, 0.04136210307478905, 0.14473898708820343, 0.0901871845126152, -0.26482856273651123, -6.707276821136475, 1.0269349813461304, -0.6351593732833862, 0.028959328308701515, -0.4520095884799957, 0.49009379744529724, 0.0444650799036026, -0.5159820914268494, 0.851536750793457, -0.08167266845703125, 0.5203270316123962, 0.17023654282093048, -0.2465774565935135, -5.656878471374512, -1.7746186256408691, 4.522533893585205, 0.04449773207306862, -0.437549352645874, 0.5182011127471924, -0.004791954532265663, -0.2959368824958801, 0.9532275795936584, -0.061281148344278336, 0.03590700402855873, 0.6702471971511841, 0.6253241300582886, -16.244709014892578, -2.85447096824646, -0.3064585328102112, -0.08082839846611023, -0.36999642848968506, 0.5021036863327026, -0.2437819242477417, -0.6474446058273315, 0.6841075420379639, 0.2310466468334198, -0.005828151945024729, 0.018644040450453758, -0.2787434160709381, -0.7304136157035828, -4.970456123352051, -1.7743350267410278, -0.7927500009536743, 1.8588513135910034, -1.3873944282531738, 0.02079150453209877, -0.012631610035896301, 0.009029322303831577, 0.7067943215370178, 6.258342742919922, -2.3143186569213867, -0.08824306726455688, 0.0021551321260631084, -0.004140609875321388, 1.6648942232131958, 4.033901214599609, -1.3558270931243896, -0.03529445081949234, 0.014232771471142769, -0.00450813677161932, 1.4907695055007935, 3.37105131149292, -1.9472177028656006, -0.03579310327768326, 0.008477851748466492, -0.012360280379652977, 0.014786924235522747, 5.034139156341553, 0.28717485070228577, -0.031802184879779816, -0.009160708636045456, -0.02455965057015419, 0.29165196418762207, -1.0, -0.2894604206085205, -0.3408396244049072, 0.36868157982826233, 1.0, -1.0, -0.6688907146453857, -1.0, -1.0, -0.43933379650115967, -1.0, 0.2864828407764435, 1.0, -0.3668400049209595, -0.5172882080078125, -1.0, -1.0, 0.985335648059845, 0.5246227979660034]
[0.3755419850349426, -0.029582230374217033, 0.11052669584751129, -0.5869991183280945, -0.4307635724544525, -0.6005047559738159, 0.43552348017692566, -0.7434098720550537, -0.4939475953578949, -0.6233615279197693, -0.5435512661933899, -0.9628647565841675, -0.4959484040737152, -0.659170925617218, -0.8420836925506592, -0.1384323388338089, -0.3056972324848175, -0.4248260259628296, -0.5901910662651062, -0.16189628839492798, -0.7800666093826294, -0.36497873067855835, 0.28257736563682556, 0.7186742424964905, -0.11683370172977448, -0.886346161365509, 0.06397297978401184, 0.6084953546524048, 0.8390963673591614, 1.5466289520263672, -0.039494920521974564, 0.6931756734848022, 0.5352451205253601, 0.5712966322898865, -0.4495560824871063, 0.018317410722374916, 0.8694290518760681, 0.9789280295372009, 0.05077642202377319, 0.41457223892211914, 1.8677599430084229, 1.083443522453308, 1.0050166845321655, -1.0059477090835571, -0.14029280841350555, -0.2482641041278839, 0.6497478485107422, -1.1454601287841797, 4.284923553466797, -3.5444018840789795, 0.2887945771217346, -0.2801663875579834, -0.16685518622398376, -0.07777427136898041, -0.20314493775367737, -0.02995394542813301, 0.016812365502119064, -0.008044349029660225, 0.23565015196800232, -0.2576427459716797, -0.08593443781137466, -0.023692071437835693, -0.3073710501194, 0.1779329776763916, -0.48221999406814575, -0.16478238999843597, -0.033195674419403076, 0.03100203350186348, -0.25647085905075073, -0.13124892115592957, 0.030451184138655663, -0.01320931501686573, 0.02676231786608696, -0.38828715682029724, 0.5176131129264832, 0.12079869210720062, -0.7312199473381042, 0.6355970501899719, 0.21619804203510284, 0.6978543996810913, 0.033973000943660736, -0.1207440197467804, -0.7106664180755615, -0.6243577003479004, -0.7952229380607605, 0.0, -0.38999998569488525, 0.47999998927116394, 0.012645297683775425, 0.2464054822921753, 0.9690790772438049, 0.0032153106294572353, 0.8628790974617004, 0.05340264365077019, -0.2464812994003296, 0.43798986077308655, -0.024444730952382088, -0.4499262273311615, 0.5026007890701294, 0.004948546644300222, -0.29902738332748413, 0.9541986584663391, -0.00793574471026659, 0.09164825081825256, 0.20465587079524994, -0.3420669734477997, -10.542024612426758, -0.16987712681293488, 0.3258969187736511, -0.009575851261615753, -0.45544666051864624, 0.49308696389198303, -0.009827627800405025, -0.38778477907180786, 0.9204932451248169, 0.04710151627659798, 0.168878972530365, 0.10664226859807968, -0.3879360258579254, -4.528585433959961, 1.2241145372390747, 0.953641414642334, 0.03477146476507187, -0.4501022696495056, 0.48186638951301575, 0.04839196428656578, -0.4761105179786682, 0.8708010315895081, -0.11261691153049469, 0.26107341051101685, 0.16834959387779236, -0.5412391424179077, -4.608664512634277, -2.320587158203125, 2.6123275756835938, 0.0440811812877655, -0.43101945519447327, 0.5214373469352722, -0.01864965818822384, -0.16826918721199036, 0.9841126799583435, -0.05347691848874092, -0.13816331326961517, 0.5806378722190857, 0.04536500200629234, -15.2537260055542, -1.8400839567184448, -2.623229503631592, -0.08077827095985413, -0.36988863348960876, 0.4959256947040558, -0.261543869972229, -0.6653677821159363, 0.6700136065483093, 0.19990551471710205, 0.020696643739938736, -0.005701364018023014, -0.5340710878372192, 2.384462833404541, -4.668091773986816, 2.782841444015503, 1.6858218908309937, 2.235058069229126, -1.2194193601608276, -0.04424839839339256, 0.009299281053245068, -0.012825732119381428, -1.0964272022247314, 0.1450190544128418, -0.27150774002075195, -0.00586906261742115, -0.015351055189967155, 0.01537780649960041, 1.333232045173645, 1.1963917016983032, -0.7310733795166016, -0.005746197421103716, 0.008531112223863602, -0.004008137155324221, 1.0321264266967773, 1.9279955625534058, -1.6100542545318604, -0.00427574198693037, 0.0015926207415759563, -0.009770529344677925, 0.15971490740776062, 1.761820912361145, 0.22292710840702057, -0.011340895667672157, -0.01576474867761135, -0.01014059316366911, 0.5371705889701843, -1.0, -0.21344785392284393, -0.08728429675102234, -0.11797204613685608, 1.0, -0.4122779369354248, -0.15050996840000153, -1.0, -1.0, 0.022397782653570175, -1.0, 0.5846133828163147, 0.6384580135345459, 0.25584977865219116, -0.5881931185722351, -1.0, -1.0, 0.7994781732559204, -0.11010707169771194]
[0.3217136859893799, -0.1618116945028305, 0.10169615596532822, -0.5219849944114685, -0.378314733505249, -0.48536646366119385, 0.4298344850540161, -0.6706503629684448, -0.40565553307533264, -0.5562553405761719, -0.6285279989242554, -0.9634194374084473, -0.4183873236179352, -0.5584171414375305, -0.8433296084403992, -0.07344863563776016, -0.1380203813314438, -0.2961997985839844, -0.4583365321159363, -0.19794531166553497, -0.805947482585907, -0.4617512822151184, 0.2844718098640442, 0.5768690705299377, -0.2784397304058075, -0.9644570350646973, -0.011751747690141201, 0.6055691838264465, 0.29338276386260986, 0.6642481088638306, 0.0003933791012968868, 0.6485121250152588, 0.964482307434082, 0.8120098114013672, -0.29415780305862427, -0.02268417365849018, 0.6330221891403198, 0.8749586343765259, -0.0816585123538971, 0.15693560242652893, 1.359648585319519, 1.235630750656128, 1.4020416736602783, -0.1434444934129715, -0.21533218026161194, -0.23505306243896484, -0.32986220717430115, -1.3969836235046387, -4.992925643920898, -0.43480798602104187, -0.11021283268928528, -0.03373024985194206, -0.05485955625772476, -0.05534706264734268, -0.14411520957946777, -0.06926766037940979, -0.001618143287487328, 0.01781916245818138, -0.13453896343708038, -0.05538221448659897, -0.042463354766368866, -0.022690627723932266, -0.24811871349811554, -0.21771842241287231, -0.27499550580978394, -0.1093636304140091, -0.02639343962073326, 0.11468549072742462, -0.05273512750864029, -0.023002156987786293, -0.2095746099948883, -0.0725749135017395, 0.03681844472885132, -0.38578149676322937, 0.5133787989616394, 0.11837270110845566, -0.7142370939254761, 0.6358257532119751, 0.26754218339920044, 0.3914431929588318, 0.3415882885456085, -0.29334717988967896, -0.0038398958276957273, 2.8941450119018555, -0.9932714700698853, 0.0, -0.38999998569488525, 0.47999998927116394, 0.012645297683775425, 0.2464054822921753, 0.9690790772438049, 0.0032153106294572353, 0.8458206057548523, 0.03845192492008209, -0.29542458057403564, 0.4425305724143982, -0.020970430225133896, -0.44912803173065186, 0.49430742859840393, 0.008220021612942219, -0.24881771206855774, 0.9683521389961243, -0.017782365903258324, 0.281706303358078, 0.08347664773464203, -0.5164967775344849, -2.997143030166626, -0.021013885736465454, 1.5036859512329102, -0.005819033365696669, -0.45384591817855835, 0.48556435108184814, 0.0014382568188011646, -0.3408040404319763, 0.9392939805984497, 0.039715565741062164, 0.32341617345809937, 0.2024662047624588, -0.3945230543613434, -7.2745537757873535, 1.2564153671264648, 1.7399250268936157, 0.03973083570599556, -0.44745326042175293, 0.4707322418689728, 0.045543015003204346, -0.4483015537261963, 0.8819994330406189, -0.13794417679309845, 0.3560875356197357, 0.2231636643409729, -0.6663638353347778, -2.277618885040283, -2.0922110080718994, 2.502523422241211, 0.04491571709513664, -0.42518213391304016, 0.5187200903892517, -0.02509000152349472, -0.0410073958337307, 0.997796356678009, -0.04572887718677521, 0.16357943415641785, 0.5729616284370422, -0.2614676058292389, -14.834607124328613, -0.8099092841148376, -0.43974220752716064, -0.07884837687015533, -0.3712417781352997, 0.4880940020084381, -0.22833454608917236, -0.7075214385986328, 0.6516149640083313, 0.1505807638168335, 0.34125059843063354, -0.21739917993545532, -0.555156946182251, 4.911831855773926, -1.9712773561477661, 9.978645324707031, -0.7055293917655945, 1.0631061792373657, -0.16166499257087708, -0.03940047696232796, -0.0009054858237504959, 9.684492397354916e-06, -0.8682373762130737, -0.1370738297700882, -0.2181406319141388, 0.0157630555331707, -0.0021394342184066772, 0.001475253258831799, -0.7431842088699341, 0.6066800355911255, -0.1516154557466507, -0.013590426184237003, -0.0012638845946639776, 0.00044080064981244504, -1.5993585586547852, 1.071462869644165, -1.2546710968017578, -0.010321495123207569, -0.006557755172252655, 0.012771079316735268, -2.8714396953582764, 0.3242638409137726, 0.29985132813453674, -0.004148679785430431, -0.026631880551576614, -0.018085608258843422, -0.43204641342163086, -1.0, -0.5544141530990601, -0.19558200240135193, -0.3131493330001831, 1.0, -0.2861870527267456, 0.23445318639278412, -1.0, -1.0, -0.09774854779243469, -1.0, 0.10811692476272583, 0.6036472320556641, 0.45443010330200195, -0.13812458515167236, -1.0, -1.0, -0.30726903676986694, -0.3144150376319885]
[0.21543292701244354, -0.2497970312833786, 0.09730031341314316, -0.4926036298274994, -0.33443859219551086, -0.4400097131729126, 0.4288337230682373, -0.6370638608932495, -0.407852441072464, -0.4866350591182709, -0.6866781711578369, -0.9702273607254028, -0.429756224155426, -0.5032916069030762, -0.8737467527389526, -0.11320915818214417, -0.005342109128832817, -0.14596043527126312, -0.2976365387439728, -0.16742682456970215, -0.8404895663261414, -0.5562390685081482, 0.1880766600370407, 0.45377516746520996, -0.48864904046058655, -0.39931660890579224, -0.004272050224244595, 0.11592280864715576, 0.4651460349559784, 0.3656020164489746, -0.00791232567280531, 0.11926032602787018, -0.5438095927238464, 0.23629875481128693, -0.21388517320156097, -0.07998111099004745, -0.4931304156780243, 0.11836514621973038, -0.16090957820415497, -0.3408868610858917, 1.1684612035751343, 1.4710052013397217, 1.6209814548492432, 0.6496538519859314, -0.25939902663230896, -0.22843816876411438, -0.7346389293670654, -1.0023332834243774, -5.372871398925781, 6.55167293548584, -0.1470101773738861, 0.23937749862670898, 0.06395145505666733, 0.013377363793551922, -0.1685902178287506, 0.25684916973114014, -0.04136592522263527, -0.0687132477760315, -0.17300617694854736, 0.3804400563240051, 0.04451436921954155, -0.030810385942459106, 0.40434926748275757, -0.2053482085466385, 0.2624650001525879, 0.06752754747867584, 0.024290261790156364, 0.05111980438232422, 0.3156861364841461, 0.16328302025794983, -0.1538436859846115, -0.03399588167667389, 0.04332718998193741, -0.3801093101501465, 0.5064870119094849, 0.15765254199504852, -0.6883504986763, 0.6014933586120605, 0.37353038787841797, 0.391534686088562, 0.34089159965515137, -0.4548541307449341, 0.20795214176177979, 2.6777920722961426, -1.1250981092453003, 0.0, -0.38999998569488525, 0.47999998927116394, 0.012645297683775425, 0.2464054822921753, 0.9690790772438049, 0.0032153106294572353, 0.8110607862472534, 0.05091847479343414, -0.4075973629951477, 0.4164758324623108, -0.014469757676124573, -0.44872841238975525, 0.4882850646972656, 0.01258784905076027, -0.22873017191886902, 0.9727799892425537, -0.03497118875384331, 0.48335379362106323, 0.05673423409461975, -0.20951823890209198, -2.735333204269409, -0.13529445230960846, 2.504248857498169, 0.0008459180244244635, -0.453167587518692, 0.47879767417907715, 0.011357113718986511, -0.3277518153190613, 0.9443865418434143, 0.024162426590919495, 0.5019993185997009, -0.034580767154693604, -0.3689568340778351, 2.9200127124786377, 0.07257018983364105, 2.4672763347625732, 0.04730527848005295, -0.44437915086746216, 0.4619113802909851, 0.0515214242041111, -0.45728543400764465, 0.8726929426193237, -0.16322556138038635, 0.5778148174285889, 0.16242893040180206, -0.44776344299316406, 4.1889424324035645, 0.6053480505943298, 3.5813655853271484, 0.050544969737529755, -0.4177846908569336, 0.517213761806488, -0.031063517555594444, 0.10295923799276352, 0.9920815825462341, -0.06487229466438293, 0.3941342830657959, 0.7861412167549133, -0.028490882366895676, -18.77202033996582, -2.1866648197174072, 3.261415719985962, -0.07358531653881073, -0.37468910217285156, 0.48220494389533997, -0.1595914661884308, -0.7535039782524109, 0.6306986212730408, 0.09477154910564423, 0.5593035221099854, -0.2899608612060547, -0.34096914529800415, 4.822765350341797, -0.25646498799324036, 11.520404815673828, -0.9371700286865234, -0.5443828105926514, 1.5470218658447266, 0.005211621057242155, -0.0016449312679469585, 0.0034006733912974596, -0.9841194152832031, 0.7705067992210388, 1.0620235204696655, -0.05715565383434296, -0.0012895956169813871, 0.004780299495905638, -1.0336549282073975, -0.36058199405670166, 1.3550060987472534, -0.03621911257505417, -0.0054973429068923, -0.00010605646093608811, -1.3681299686431885, -0.496929407119751, 1.5221184492111206, 0.016836320981383324, 0.0020376979373395443, 0.015373324044048786, -1.8586336374282837, -1.862130045890808, 0.15831610560417175, 0.007867803797125816, -0.004257747903466225, -0.007895461283624172, -1.0, -0.2329416275024414, -0.6856497526168823, -0.6886491179466248, -0.02308666706085205, 1.0, -0.4664835035800934, -1.0, -1.0, -1.0, -0.9111934304237366, -1.0, -0.8300535678863525, 0.7013237476348877, 0.7625023126602173, 0.23212671279907227, -1.0, -1.0, -0.6007757782936096, -0.08541781455278397]
[0.07208404690027237, -0.2541933059692383, 0.09278210252523422, -0.5148307085037231, -0.2908359169960022, -0.3957866132259369, 0.4235283136367798, -0.6606791615486145, -0.4833891689777374, -0.4910840690135956, -0.7338158488273621, -0.9819064140319824, -0.5041658878326416, -0.51380455493927, -0.9239524602890015, -0.22622118890285492, 0.10853675752878189, -0.008176269941031933, -0.12545636296272278, -0.0806490108370781, -0.8757562041282654, -0.6428238153457642, 0.07994768768548965, 0.40133196115493774, -0.5849130153656006, 0.20492017269134521, 0.022072231397032738, -0.36218807101249695, 0.37014445662498474, 0.44692182540893555, -0.0014191791415214539, -0.3997914493083954, -0.7992054224014282, -0.19518393278121948, -0.18421955406665802, -0.11137092113494873, -0.7844000458717346, -0.2120446264743805, -0.2638128697872162, -0.5312599539756775, 0.994051456451416, 1.16844642162323, 1.5472595691680908, 1.2874845266342163, -0.24255387485027313, -0.2016034573316574, -0.6264623403549194, -0.21429629623889923, -2.8226537704467773, 6.419005393981934, -0.04599853977560997, 0.25154203176498413, 0.050924837589263916, 0.011601204052567482, -0.03761223331093788, 0.2570776641368866, 0.05050976574420929, -0.0015744572738185525, -0.09087073802947998, 0.3934008479118347, 0.11478453129529953, 0.0246433075517416, 0.32917189598083496, -0.10591296851634979, 0.1615053415298462, -0.010811202228069305, -0.021695950999855995, 0.0045809210278093815, 0.36144518852233887, 0.1877521276473999, -0.03966353461146355, 0.012133153155446053, 0.05069373548030853, -0.37615424394607544, 0.5005074143409729, 0.025294102728366852, -0.674008846282959, 0.6813475489616394, 0.28431978821754456, 0.34719547629356384, 0.3578523099422455, -0.20685984194278717, -3.9257423877716064, -7.251071929931641, 0.0028693918138742447, 0.0, -0.38999998569488525, 0.47999998927116394, 0.012645297683775425, 0.2464054822921753, 0.9690790772438049, 0.0032153106294572353, 0.8175416588783264, -0.05632901191711426, -0.2880932688713074, 0.4954342544078827, -0.005703844595700502, -0.44901394844055176, 0.4874262809753418, 0.0163495484739542, -0.20455674827098846, 0.9769924879074097, -0.05809358134865761, 0.5702012777328491, 0.01623528264462948, 0.0997653678059578, -3.276008129119873, -0.39076000452041626, 2.835862874984741, 0.009751948527991772, -0.4537805914878845, 0.47579216957092285, 0.018911253660917282, -0.36678546667099, 0.9301091432571411, 0.002759570023044944, 0.5982552170753479, -0.11460815370082855, -0.11999738961458206, 5.952480316162109, -0.11637458205223083, 2.667846202850342, 0.05696601793169975, -0.44171762466430664, 0.4595091938972473, 0.07073464244604111, -0.48910075426101685, 0.8487482666969299, -0.18815821409225464, 0.6815322637557983, 0.13898536562919617, -0.02640746347606182, 4.124513626098633, 1.7603579759597778, 4.1748366355896, 0.058399736881256104, -0.40854185819625854, 0.5202374458312988, -0.049384601414203644, 0.2580256164073944, 0.9595034718513489, -0.10167035460472107, 0.4009135365486145, 0.8189791440963745, 0.12381137907505035, -18.497272491455078, -3.7142021656036377, 4.954062461853027, -0.06653283536434174, -0.37884384393692017, 0.4800305962562561, -0.08871868997812271, -0.7869389653205872, 0.6074660420417786, 0.06197530776262283, 0.558937668800354, -0.2536505162715912, -0.09647762775421143, 4.3796210289001465, 2.4614181518554688, 7.930349826812744, -0.3198027014732361, -0.44152602553367615, 1.5121986865997314, 0.004978313110768795, -0.000156228372361511, -0.0006252004532143474, -0.250186949968338, -0.5175274610519409, 1.266446828842163, -0.009337367489933968, 0.0014218927826732397, -4.945751788909547e-05, -0.56556236743927, -1.4476455450057983, 1.4561893939971924, 0.0029286243952810764, -0.004107332322746515, -0.001264850259758532, -0.8239582180976868, 0.7301854491233826, 0.8851870894432068, -0.010743169113993645, 7.153595652198419e-05, 0.007935169152915478, -0.2006302773952484, -2.098094940185547, -0.1160857155919075, 0.01017707772552967, 0.015343235805630684, -0.005675046239048243, -1.0, 0.32210442423820496, -1.0, -1.0, -0.08478689193725586, 1.0, -0.7770218849182129, -1.0, -1.0, -1.0, -1.0, -1.0, -1.0, 0.7611042261123657, 0.6215622425079346, 0.5812447667121887, -1.0, -1.0, -0.4514086842536926, 0.40871500968933105]
[-0.08870474249124527, -0.17044252157211304, 0.10292748361825943, -0.5669562220573425, -0.330570787191391, -0.37193089723587036, 0.42974385619163513, -0.718471109867096, -0.5683415532112122, -0.5172803997993469, -0.7751811146736145, -0.9956440925598145, -0.5871066451072693, -0.5404360294342041, -0.9658224582672119, -0.3211171627044678, 0.13826532661914825, 0.05262577906250954, 0.002931592520326376, -0.009718687273561954, -0.9080342054367065, -0.7189096808433533, 0.0077141947112977505, 0.4412706196308136, -0.5978745818138123, 0.8488160967826843, 0.02415931597352028, -0.5646468997001648, -0.7533620595932007, -0.04214024916291237, 0.013573582284152508, -0.5695651173591614, -0.774050772190094, -0.26577723026275635, -0.1696031540632248, -0.12085822969675064, -0.75063556432724, -0.26268747448921204, -0.11699102073907852, -0.30285653471946716, -0.08307617902755737, 0.2309534102678299, 0.7873222231864929, 0.6515361666679382, -0.21679823100566864, -0.17513902485370636, -0.34618043899536133, 0.6719415187835693, 1.0424995422363281, 7.6424970626831055, 0.020460335537791252, 0.3957923650741577, 0.04184938222169876, -0.021222706884145737, 0.04045671224594116, 0.47411108016967773, 0.15994638204574585, 0.04638276621699333, 0.03325684368610382, 0.4946531355381012, 0.1756681352853775, 0.05359248071908951, 0.6597418189048767, 0.034402575343847275, 0.07387544959783554, -0.10488834977149963, -0.08635780960321426, -0.14236555993556976, 0.396131694316864, 0.20370720326900482, 0.05103669688105583, 0.036472439765930176, 0.05519145727157593, -0.37153711915016174, 0.5006431937217712, -0.11248625814914703, -0.6326912641525269, 0.7529438138008118, 0.1418595314025879, 0.4252491891384125, 0.1362459659576416, 0.269209086894989, -0.2527135908603668, 0.5064616799354553, 0.5072539448738098, 0.0, -0.38999998569488525, 0.47999998927116394, 0.012645297683775425, 0.2464054822921753, 0.9690790772438049, 0.0032153106294572353, 0.7965018153190613, -0.15551859140396118, -0.11533552408218384, 0.5727972388267517, 0.004066031891852617, -0.45045122504234314, 0.49197477102279663, 0.020863190293312073, -0.20596279203891754, 0.9749823808670044, -0.08095293492078781, 0.6110935807228088, -0.13558034598827362, 0.3956409692764282, 2.5481364727020264, 0.25965940952301025, 2.817553758621216, 0.019628332927823067, -0.4547494649887085, 0.47930654883384705, 0.025197399780154228, -0.4048074185848236, 0.9138531684875488, -0.019192060455679893, 0.620507001876831, -0.0871829241514206, 0.3682796061038971, 3.8649721145629883, -0.35737019777297974, 2.6690449714660645, 0.06763949990272522, -0.4396006464958191, 0.46511420607566833, 0.09631358832120895, -0.5055732727050781, 0.8307100534439087, -0.21222639083862305, 0.6936087012290955, 0.13148881494998932, 0.524005651473999, 0.9262323975563049, 1.5640316009521484, 4.138174533843994, 0.06665943562984467, -0.40140023827552795, 0.5264245867729187, -0.07107244431972504, 0.3559472858905792, 0.9215177893638611, -0.1380402147769928, 0.39411279559135437, 0.42715033888816833, 0.36938440799713135, -8.273357391357422, -2.264084815979004, 4.428349018096924, -0.059143416583538055, -0.38277584314346313, 0.48196732997894287, -0.0536663718521595, -0.7952328324317932, 0.6014389395713806, 0.05473320931196213, 0.4465121328830719, -0.22107456624507904, 0.23580127954483032, -0.6869191527366638, 1.2635947465896606, 1.600576639175415, 0.13859441876411438, -0.10457099974155426, 1.9259085655212402, -0.022791268303990364, 0.0006832195213064551, 0.0006982498452998698, 0.23394843935966492, -1.989559531211853, 1.986547589302063, 0.016539372503757477, 0.0021988258231431246, 0.0014212531968951225, 0.13846561312675476, -2.3798186779022217, 1.6547019481658936, 0.017895201221108437, -0.0018560473108664155, -0.0036284744273871183, 0.21938152611255646, 2.3574986457824707, 0.4317772388458252, -0.05099532753229141, -0.004541318863630295, -0.004345713648945093, 0.9801221489906311, -2.7216732501983643, -0.5391896367073059, 0.02290516160428524, 0.020790481939911842, 0.017065925523638725, -1.0, 1.0, -1.0, -1.0, -1.0, 1.0, -1.0, -1.0, -1.0, -1.0, -1.0, -0.8162858486175537, -0.6293690800666809, -0.11328531056642532, 0.004366889595985413, 0.18742123246192932, -1.0, -1.0, -0.2121022343635559, 1.0]
[-0.19567328691482544, -0.07271911948919296, 0.08884144574403763, -0.5521119236946106, -0.4019751250743866, -0.38993191719055176, 0.4339248239994049, -0.7553149461746216, -0.6430202126502991, -0.5440835356712341, -0.8216161727905273, -1.0000051259994507, -0.6486042737960815, -0.5647968053817749, -0.966779351234436, -0.31144505739212036, 0.1265375167131424, 0.052297595888376236, 0.03980899974703789, -0.055243369191884995, -0.9279470443725586, -0.7731640338897705, 0.06191335991024971, 0.46142107248306274, -0.2503059506416321, 0.5985038876533508, -0.14416126906871796, 0.5196541547775269, -0.6008755564689636, -0.20729179680347443, 0.035181574523448944, -0.2253279685974121, -0.6430381536483765, -0.23553001880645752, -0.20000378787517548, 9.287475222663488e-06, -0.47123265266418457, -0.1927727460861206, 0.08681101351976395, 0.22923801839351654, -0.10981672257184982, -0.1277054399251938, 0.08768715709447861, -1.2012332677841187, -0.10587101429700851, -0.11161475628614426, 0.6948968768119812, -0.06291928142309189, 9.263652801513672, -2.825416088104248, 0.2416856586933136, 0.1481226235628128, 0.10163962095975876, 0.039162952452898026, 0.3766234219074249, -0.11823032796382904, -0.018789511173963547, -0.0005551479989662766, 0.35982638597488403, -0.12839201092720032, -0.01448553241789341, 0.002962706843391061, 0.07491140067577362, 0.19516275823116302, -0.07208599150180817, -0.03866926208138466, -0.029479846358299255, -0.14856170117855072, -0.0850590318441391, -0.02200918458402157, 0.25169637799263, 0.061877552419900894, 0.059072479605674744, -0.36913007497787476, 0.5059986114501953, -0.09478458017110825, -0.6181740164756775, 0.7685200572013855, 0.13510601222515106, 0.1416674703359604, 0.10402770340442657, 0.32267823815345764, -0.13670533895492554, 1.3334321975708008, 0.10982493311166763, 0.0, -0.38999998569488525, 0.47999998927116394, 0.012645297683775425, 0.2464054822921753, 0.9690790772438049, 0.0032153106294572353, 0.7864137887954712, -0.13685040175914764, -0.11291894316673279, 0.5916710495948792, 0.010920390486717224, -0.45037412643432617, 0.5007503628730774, 0.023468641564249992, -0.20597292482852936, 0.9731714129447937, -0.0998077541589737, 0.28189724683761597, 0.09429651498794556, 0.5892077088356018, -1.4742976427078247, -0.49627119302749634, 1.9591264724731445, 0.026288988068699837, -0.4551931619644165, 0.48553016781806946, 0.02849259413778782, -0.42782357335090637, 0.902766227722168, -0.034181103110313416, 0.2508355379104614, -0.03528030961751938, 0.31380170583724976, 2.583063840866089, -0.1744929701089859, 0.9621884822845459, 0.07516410201787949, -0.4379497170448303, 0.47301581501960754, 0.11653997749090195, -0.5073806643486023, 0.8222781419754028, -0.2298736423254013, 0.33769214153289795, 0.09564462304115295, 0.4200333058834076, -0.008663516491651535, 0.8220634460449219, 2.3719804286956787, 0.0710950419306755, -0.3973436951637268, 0.5331000089645386, -0.07940427213907242, 0.39037981629371643, 0.9046899080276489, -0.1511116325855255, 0.10120504349470139, 0.1943734884262085, 0.3371239900588989, -2.387716293334961, -0.7043982744216919, 0.0838724672794342, -0.05545035004615784, -0.3843666911125183, 0.4853605329990387, -0.07843877375125885, -0.7774247527122498, 0.6229828596115112, 0.03674798831343651, 0.06541316211223602, -0.02895551174879074, 0.24733297526836395, -4.953994274139404, -5.635776042938232, -2.5485451221466064, 1.5499870777130127, -1.2865827083587646, 0.2120891511440277, 0.019864212721586227, 0.002430515130981803, -0.0037554416339844465, 2.1085574626922607, 0.33401864767074585, -0.40413525700569153, 0.004455131944268942, 0.007673174142837524, -0.008136087097227573, 1.9794608354568481, 0.21159622073173523, -0.5559573173522949, 0.00613664835691452, 0.009240332059562206, -0.0029792115092277527, 1.81980299949646, 0.3910345435142517, -0.5805163383483887, -0.023614326491951942, -0.01277923583984375, -0.01618381403386593, 3.1583876609802246, 0.29505613446235657, -0.7843660712242126, 0.011366544291377068, 0.01134335808455944, 0.02989155240356922, 0.3056880235671997, 0.30273494124412537, -0.7396039962768555, 0.13572537899017334, -0.7135329246520996, 1.0, -1.0, -1.0, -1.0, -1.0, -0.8798475861549377, -0.6958132982254028, 0.28554847836494446, 0.0477096363902092, -0.09048078954219818, -0.8499901294708252, -1.0, -1.0, 1.0, 0.30803483724594116]
[-0.20000727474689484, -0.0561785064637661, 0.07732634991407394, -0.3960113823413849, -0.44456082582473755, -0.40885618329048157, 0.47167494893074036, -0.7782496213912964, -0.7021006345748901, -0.5656308531761169, -0.8664664030075073, -0.9956932663917542, -0.5940225720405579, -0.5661449432373047, -0.9443019032478333, -0.18201392889022827, 0.1006360873579979, 0.03442029654979706, 0.03987493738532066, -0.17909076809883118, -0.933623731136322, -0.7765817642211914, 0.1896018087863922, 0.36512941122055054, 0.15936195850372314, -0.17434321343898773, 0.005014215596020222, 1.9345018863677979, -0.27480465173721313, -0.1360998898744583, 0.2335209846496582, -0.23470838367938995, -0.5017962455749512, -0.17999576032161713, -0.16829238831996918, 0.051085781306028366, 1.0131220817565918, 0.18163737654685974, 0.08805570006370544, 0.6954382061958313, -0.32292893528938293, -0.18787194788455963, -0.041102658957242966, -1.6918781995773315, -0.024320049211382866, 0.0371953509747982, 0.832237720489502, -1.316703200340271, 10.462571144104004, -10.648248672485352, 0.3725096583366394, -0.2579517364501953, -0.005330976564437151, 0.017918728291988373, 0.45104050636291504, -0.7043707370758057, -0.22502553462982178, -0.06452147662639618, 0.44042152166366577, -0.6448315382003784, -0.11435385048389435, -0.005810402799397707, -0.6434932947158813, 0.20170362293720245, -0.47392576932907104, -0.10350225865840912, -0.020149704068899155, 0.05912359803915024, -0.4054279327392578, -0.17547392845153809, 0.19860325753688812, 0.032930564135313034, 0.0612531378865242, -0.367607980966568, 0.5093289017677307, -0.04648851230740547, -0.6050785779953003, 0.7757368087768555, 0.17306412756443024, 0.131447434425354, 0.08711494505405426, 0.15372920036315918, -0.06020593270659447, 1.6757627725601196, -0.04808075353503227, 0.0, -0.38999998569488525, 0.47999998927116394, 0.012645297683775425, 0.2464054822921753, 0.9690790772438049, 0.0032153106294572353, 0.7751768827438354, -0.09944997727870941, -0.1614149659872055, 0.6026241779327393, 0.010793393477797508, -0.44727787375450134, 0.5092650055885315, 0.01927090995013714, -0.16487495601177216, 0.9806927442550659, -0.10337617993354797, -0.23644639551639557, 0.3467746078968048, 0.46209844946861267, -6.5967230796813965, -1.4145328998565674, -0.7952624559402466, 0.02568279579281807, -0.4557860195636749, 0.48483172059059143, 0.027100136503577232, -0.45991605520248413, 0.8871135115623474, -0.02779051847755909, -0.2566203474998474, -0.10264623910188675, -0.3499928414821625, 5.3778815269470215, 0.7171214818954468, -2.049013376235962, 0.07624775916337967, -0.43733468651771545, 0.47592541575431824, 0.11461538076400757, -0.4834282398223877, 0.8339876532554626, -0.2400519996881485, -0.13943162560462952, 0.03070666454732418, 0.07525874674320221, -4.475579738616943, -3.0811402797698975, -0.2027273178100586, 0.07008641213178635, -0.39847269654273987, 0.5340923070907593, -0.06946354359388351, 0.3829011917114258, 0.9116897583007812, -0.1318451464176178, -0.12421223521232605, -0.24116739630699158, -0.09657608717679977, 3.2753658294677734, 1.051181435585022, -4.226707458496094, -0.056718166917562485, -0.3833470940589905, 0.4855765998363495, -0.11686424165964127, -0.7542549967765808, 0.6460155248641968, -0.010293537750840187, -0.1556941419839859, 0.1062130481004715, -0.05857471004128456, -3.953766107559204, -7.344226837158203, 0.8269657492637634, 2.323265314102173, -0.28136926889419556, -1.9811553955078125, 0.01369818951934576, 0.004381178412586451, -0.013797883875668049, 2.4903793334960938, 3.17118501663208, -2.2491822242736816, -0.01695370115339756, 0.008790087886154652, -0.011783563531935215, 2.4587879180908203, 1.773452639579773, -1.9167639017105103, 0.02079138532280922, 0.014427452348172665, -0.0005419415538199246, 1.8456543684005737, -0.6014594435691833, -2.983307361602783, -0.029171597212553024, -0.013506423681974411, -0.013880519196391106, 2.504542350769043, 2.6778175830841064, -0.2149820327758789, -0.013194086030125618, -0.007142104208469391, -0.0020413044840097427, 1.0, -1.0, 0.2650989592075348, 1.0, -0.5412380695343018, 1.0, -1.0, -1.0, -0.9489606022834778, -1.0, 0.25152626633644104, -1.0, 1.0, -0.19007384777069092, -0.10027004778385162, -1.0, -1.0, -0.684497594833374, 1.0, -0.6337735652923584]
[-0.1254556030035019, -0.12609073519706726, 0.057939983904361725, -0.18073350191116333, -0.44977107644081116, -0.41650429368019104, 0.5352826714515686, -0.7249082326889038, -0.7045296430587769, -0.5764718651771545, -0.9027873277664185, -0.9896499514579773, -0.43932104110717773, -0.5283315777778625, -0.9337747097015381, -0.015663383528590202, 0.06328214704990387, 0.06558066606521606, 0.04201129823923111, -0.29508116841316223, -0.9365846514701843, -0.7107681035995483, 0.3042038083076477, 0.18550331890583038, 0.37475982308387756, -0.6971119046211243, -0.12314226478338242, 2.009275197982788, 0.07216455042362213, -0.01639856956899166, 0.27990302443504333, 0.8833330273628235, 0.23692813515663147, -0.007075946312397718, -0.13518103957176208, 0.049977079033851624, 1.6424957513809204, 0.47890862822532654, 0.01589554361999035, 0.6925575137138367, -0.37184080481529236, 0.5389295220375061, 0.10489509254693985, -1.2855027914047241, -0.030158985406160355, 0.22151973843574524, 0.6383798122406006, -1.834283709526062, 5.979101181030273, -5.479852676391602, 0.1533953845500946, -0.3225141763687134, -0.07356014847755432, -0.013042740523815155, 0.23856282234191895, -0.08157634735107422, 0.05000415816903114, 0.036220699548721313, 0.24808041751384735, -0.34508848190307617, -0.08169230073690414, -0.011329621076583862, -0.35735952854156494, 0.08591014891862869, -0.2708990275859833, -0.010505475103855133, 0.017337312921881676, 0.09808509796857834, -0.2037671059370041, -0.08365245163440704, 0.10062385350465775, 0.02147214487195015, 0.05918124318122864, -0.3682160973548889, 0.508522629737854, 0.14106789231300354, -0.5794810652732849, 0.6924799084663391, 0.40592238306999207, -0.26633042097091675, -0.1083764061331749, -0.11151760071516037, 2.4192922115325928, 8.897446632385254, -2.8692100048065186, 0.0, -0.38999998569488525, 0.47999998927116394, 0.012645297683775425, 0.2464054822921753, 0.9690790772438049, 0.0032153106294572353, 0.727514386177063, 0.026064548641443253, -0.43323200941085815, 0.5313694477081299, 0.00572929996997118, -0.44234809279441833, 0.5127286314964294, 0.012228861451148987, -0.10712148249149323, 0.9895132184028625, -0.09611887484788895, -0.4050777554512024, 0.41438454389572144, 0.06459280103445053, -6.703205585479736, -1.3520580530166626, -1.2278549671173096, 0.019510658457875252, -0.45575767755508423, 0.4808392822742462, 0.021653542295098305, -0.4641995429992676, 0.8854480981826782, -0.005616575013846159, -0.49881410598754883, 0.046764325350522995, -0.21377114951610565, -2.208308458328247, 0.738576352596283, -3.092989921569824, 0.07210133969783783, -0.43747609853744507, 0.472628116607666, 0.09137772768735886, -0.4360901713371277, 0.8613954782485962, -0.24387161433696747, -0.41324958205223083, 0.02635255455970764, -0.24678871035575867, -5.936805248260498, -4.821302890777588, -1.7819499969482422, 0.06560356169939041, -0.40301069617271423, 0.5282122492790222, -0.04982585087418556, 0.36557137966156006, 0.924474835395813, -0.09602651000022888, -0.2712291479110718, -0.3194853365421295, -0.46889686584472656, 2.012312173843384, 0.888305127620697, -5.340672969818115, -0.060953497886657715, -0.3806547522544861, 0.4820763170719147, -0.1322939246892929, -0.737662672996521, 0.6591532826423645, -0.062201354652643204, -0.24838711321353912, 0.18801194429397583, -0.25053834915161133, -2.509432554244995, -4.622263431549072, 2.8793094158172607, 1.0358368158340454, 0.5965712666511536, -1.7489635944366455, -0.004094172269105911, 0.0011026243446394801, -0.003659210167825222, 1.298628568649292, -0.42876720428466797, -0.3327791690826416, 0.029789192602038383, 0.004096435848623514, -0.005305612459778786, 1.4227169752120972, 1.0774685144424438, -1.235967993736267, 0.004832405596971512, 0.008259650319814682, -0.0014069555327296257, 0.878180980682373, -0.8245512843132019, -1.430589199066162, 0.00496904319152236, -0.005353264976292849, -0.004117224365472794, 1.4222617149353027, 1.3039790391921997, -0.2093048095703125, -0.011673538014292717, -0.00128403608687222, -0.01337952446192503, 1.0, -1.0, -0.11782164871692657, 1.0, -0.3552580177783966, 1.0, 0.0059351809322834015, -0.4262441396713257, -1.0, -1.0, 0.6272338032722473, -1.0, 1.0, -0.20637798309326172, 0.5081853866577148, -0.811585545539856, -1.0, -0.1441880613565445, 0.8440796732902527, -1.0]
[-0.028902234509587288, -0.2356279045343399, 0.07535901665687561, 0.016979090869426727, -0.39359837770462036, -0.40785497426986694, 0.6058401465415955, -0.6578398942947388, -0.6715694665908813, -0.5697880387306213, -0.9256300330162048, -0.9834391474723816, -0.3618897497653961, -0.47340670228004456, -0.9366716742515564, 0.12270388752222061, 0.050971418619155884, 0.12499234825372696, 0.06974054872989655, -0.32749834656715393, -0.9410544037818909, -0.6883133053779602, 0.35532146692276, -0.003514890791848302, 0.3518548309803009, -0.8237735629081726, 0.17624549567699432, 1.7324188947677612, 0.7550938129425049, 0.17831914126873016, 0.29518410563468933, 0.47197866439819336, 0.3357865512371063, 0.09899310022592545, -0.07093586772680283, 0.04427933320403099, 0.2228456288576126, 0.49634191393852234, -0.02871525101363659, 0.5027080774307251, 0.026717806234955788, 0.5581774711608887, 0.4546058177947998, 0.07076426595449448, -0.04082410782575607, -0.035090137273073196, 0.14546099305152893, -1.6978864669799805, -0.71994948387146, -1.0672950744628906, 0.03928801044821739, -0.1667989045381546, -0.02009499818086624, 0.005101269111037254, -0.03107672557234764, -0.20686611533164978, -0.0764453336596489, -0.02313658595085144, -0.010435929521918297, -0.0870097428560257, -0.1352892965078354, -0.05667133629322052, -0.11749649047851562, -0.044985637068748474, 0.043890323489904404, 0.029685094952583313, 0.026442082598805428, 0.14386826753616333, -0.07463469356298447, -0.07192730158567429, -0.05117667466402054, -0.008260858245193958, 0.05467155575752258, -0.37000006437301636, 0.5046787858009338, 0.32642385363578796, -0.49006614089012146, 0.5080904960632324, 0.628591001033783, -0.26880618929862976, -0.10482744872570038, -0.27111560106277466, 2.0965688228607178, 7.529155254364014, -2.6145265102386475, 0.0, -0.38999998569488525, 0.47999998927116394, 0.012645297683775425, 0.2464054822921753, 0.9690790772438049, 0.0032153106294572353, 0.5932099223136902, 0.15344150364398956, -0.6941503882408142, 0.3777737617492676, -0.001081849099136889, -0.43650662899017334, 0.5121552348136902, 0.006120660342276096, -0.03700779378414154, 0.9961861371994019, -0.07877883315086365, -0.4310389459133148, 0.5106928944587708, -0.08836928755044937, -9.145715713500977, -1.1941248178482056, -2.54447340965271, 0.01185683999210596, -0.45482784509658813, 0.47446373105049133, 0.017662178725004196, -0.45528873801231384, 0.8899152278900146, 0.021237004548311234, -0.4707392752170563, 0.07911010831594467, -0.4607350528240204, -0.5444145202636719, 1.2189910411834717, -2.960002899169922, 0.06647153198719025, -0.43764081597328186, 0.4641995131969452, 0.07053667306900024, -0.41893309354782104, 0.8732395172119141, -0.23868881165981293, -0.3541955351829529, -0.01348711084574461, -0.6049557328224182, 0.7064253091812134, -1.121707797050476, -1.736599326133728, 0.060166385024785995, -0.40667709708213806, 0.5197564959526062, -0.029685072600841522, 0.3641017973423004, 0.9288235902786255, -0.061930518597364426, -0.26531538367271423, -0.14327013492584229, -0.5240316987037659, -1.0893882513046265, 0.6995903849601746, -4.245523452758789, -0.06532293558120728, -0.37750503420829773, 0.476929634809494, -0.11192332953214645, -0.7442382574081421, 0.6511284708976746, -0.09805238991975784, -0.1437467485666275, 0.19019648432731628, -0.3569331765174866, 2.184263229370117, -0.054787203669548035, 5.6687331199646, 0.06730219721794128, 0.16630209982395172, -0.5893714427947998, 0.007595800794661045, -0.0005235507851466537, -0.00466934684664011, -0.2243296205997467, 0.9684686660766602, -0.5569713115692139, -0.008609556593000889, -0.0012344475835561752, 0.0003590910346247256, -0.06027858331799507, 1.5132964849472046, -0.587337851524353, -0.033971890807151794, 0.0007641873089596629, -2.5675917640910484e-05, -0.2496873438358307, -0.5528327226638794, 0.20316533744335175, 0.018149593845009804, 0.003862023586407304, 0.00395114254206419, -0.43711188435554504, 0.9322556853294373, 0.348529189825058, -0.02085684984922409, -0.0012670629657804966, -0.02042209543287754, 0.42478132247924805, -1.0, 0.4368479549884796, 1.0, 0.1693767011165619, 1.0, -0.4735572934150696, -0.46730637550354004, -1.0, -1.0, -0.4986054599285126, -1.0, 0.7170077562332153, 0.14751124382019043, 0.46105146408081055, -0.10642677545547485, -1.0, -0.9707475304603577, 0.3531312346458435, -1.0]
[0.010894904844462872, -0.3500785529613495, 0.08694908767938614, 0.12817487120628357, -0.27471891045570374, -0.37660717964172363, 0.681023895740509, -0.6160240769386292, -0.6730781197547913, -0.5640506744384766, -0.9302399158477783, -0.9800587296485901, -0.40169593691825867, -0.45236101746559143, -0.941420316696167, 0.17431867122650146, 0.06541258841753006, 0.1955309361219406, 0.13737523555755615, -0.27237141132354736, -0.9470390677452087, -0.7186318039894104, 0.32302993535995483, -0.14633747935295105, -0.006618696730583906, -0.7997155785560608, -0.02728102169930935, 0.6477566361427307, 1.2721120119094849, 0.4259345531463623, 0.31043681502342224, 0.3347068727016449, -0.19959241151809692, -0.008460663259029388, 0.0027848079334944487, 0.013636789284646511, -0.6811294555664062, -0.06184097006917, -0.020918626338243484, 0.05597018077969551, 0.19932861626148224, 0.7049066424369812, 0.7694537043571472, 0.9998196959495544, -0.04854673147201538, -0.09738200157880783, -0.38101813197135925, -1.1223069429397583, -9.194610595703125, 0.5958356857299805, -0.20681676268577576, -0.30225709080696106, -0.10457411408424377, -0.024687720462679863, -0.35633987188339233, 0.004322894848883152, -0.03828837722539902, -0.022095974534749985, -0.32701051235198975, -0.008544638752937317, -0.0730501189827919, -0.050545066595077515, -0.15210169553756714, -0.1878817081451416, 0.10234904289245605, 0.044244635850191116, 0.021472925320267677, 0.083088718354702, -0.03965625911951065, -0.023393288254737854, -0.20374193787574768, -0.03981746360659599, 0.053262002766132355, -0.37130799889564514, 0.498845636844635, 0.3873588442802429, -0.43926507234573364, 0.3879733681678772, 0.7116712331771851, -0.014220028184354305, -0.03590308129787445, -0.35691511631011963, 1.2904415130615234, 3.6513607501983643, -1.926698923110962, 0.0, -0.38999998569488525, 0.47999998927116394, 0.012645297683775425, 0.2464054822921753, 0.9690790772438049, 0.0032153106294572353, 0.5135275721549988, 0.19370326399803162, -0.7894202470779419, 0.2749260663986206, -0.004081530962139368, -0.4318009912967682, 0.5080017447471619, 0.0024235763121396303, 0.03155967593193054, 0.996963381767273, -0.07114765793085098, -0.026263408362865448, 0.3435038924217224, -0.3429213762283325, -7.671810626983643, -0.9560356736183167, 0.2826947569847107, 0.007594943977892399, -0.4533267021179199, 0.4657495319843292, 0.01899445801973343, -0.46836987137794495, 0.8823556900024414, 0.04143824428319931, -0.1076301783323288, 0.07903452217578888, -0.5876528024673462, 3.234546184539795, 1.201127052307129, -1.3821306228637695, 0.06406112760305405, -0.4364582598209381, 0.4530490040779114, 0.06666284054517746, -0.45485541224479675, 0.8568730354309082, -0.23330499231815338, 0.02113756723701954, 0.07197286188602448, -0.7871884703636169, 7.1565423011779785, 2.3573548793792725, 0.34740766882896423, 0.05797552317380905, -0.4072921872138977, 0.5117345452308655, -0.020867714658379555, 0.38833296298980713, 0.919958770275116, -0.04937584698200226, 0.007062328048050404, 0.09769249707460403, -0.502855122089386, -4.350148677825928, 0.015956291928887367, -0.20085592567920685, -0.06671109795570374, -0.37591642141342163, 0.4718576967716217, -0.06047535315155983, -0.7742681503295898, 0.6178936958312988, -0.12271475046873093, 0.14760805666446686, 0.06640901416540146, -0.3841029107570648, 5.553307056427002, 2.4458935260772705, 8.23567008972168, -1.8451405763626099, 1.2497589588165283, -0.871760904788971, -0.005941335111856461, 0.0011890358291566372, 0.013953727670013905, -2.077784299850464, 0.38190364837646484, -0.1628016233444214, -0.01636742241680622, -0.008112829178571701, 0.006235843058675528, -1.8978044986724854, 1.1304031610488892, 0.005335847847163677, -0.03358902037143707, -0.007268933579325676, 0.005034299101680517, -1.5588462352752686, -0.4887440800666809, 0.6275207996368408, 0.014141764491796494, 0.014580700546503067, 0.01175229623913765, -2.2293074131011963, 0.5196889638900757, 1.4537936449050903, -0.013141348026692867, -0.004148542881011963, -0.013200879096984863, -0.8638120293617249, -1.0, -0.09680886566638947, 0.29477065801620483, 0.5496602058410645, 1.0, -0.4493805766105652, -0.8891145586967468, -1.0, -1.0, -0.9712095856666565, -1.0, 0.018734928220510483, 0.23372936248779297, 0.6384942531585693, 0.305595338344574, -1.0, -1.0, -0.1873795986175537, -0.7274211645126343]
[-0.02882670983672142, -0.43825778365135193, -0.002558730076998472, 0.10825318843126297, -0.12218732386827469, -0.2758755683898926, 0.7487067580223083, -0.5829676389694214, -0.7115516662597656, -0.5718837976455688, -0.9285231828689575, -0.9830263257026672, -0.48657265305519104, -0.4723510444164276, -0.954845130443573, 0.16274181008338928, 0.09890250861644745, 0.28897401690483093, 0.2316717654466629, -0.1803228259086609, -0.9559711813926697, -0.7617300748825073, 0.21788717806339264, -0.18381716310977936, -0.25646063685417175, -0.5070081949234009, -0.5507821440696716, -0.6309648156166077, 1.4735360145568848, 1.4216781854629517, 0.2561417520046234, 0.29429203271865845, -0.4348922669887543, -0.11942658573389053, 0.0031823196914047003, -0.04780801758170128, -0.8362037539482117, -0.25325512886047363, -0.07235109061002731, -0.10495008528232574, 0.3769964277744293, 0.9492985010147095, 1.002791404724121, 1.2024914026260376, -0.07365536689758301, -0.11148559302091599, -0.786365807056427, 0.05605105310678482, -6.177643775939941, 3.423255681991577, -0.1608957201242447, -0.18571817874908447, -0.0989534854888916, -0.00041379244066774845, -0.24541857838630676, 0.22350825369358063, 0.061346739530563354, 0.013350117020308971, -0.2336367815732956, 0.18508270382881165, 0.048784054815769196, 0.007897176779806614, 0.10597263276576996, -0.10178644210100174, 0.1891310214996338, 0.05513475090265274, 0.020662052556872368, -0.02102857083082199, 0.16671277582645416, 0.08108855783939362, -0.15532252192497253, -0.012535573914647102, 0.05426985025405884, -0.37173423171043396, 0.49240022897720337, 0.46914422512054443, -0.3600955605506897, 0.19198991358280182, 0.7831823229789734, 0.10583773255348206, -0.008492844179272652, -0.38553839921951294, 2.440150022506714, 5.17467737197876, -2.6862823963165283, 0.0, -0.38999998569488525, 0.47999998927116394, 0.012645297683775425, 0.2464054822921753, 0.9690790772438049, 0.0032153106294572353, 0.3878732919692993, 0.2580718696117401, -0.8785014748573303, 0.10577455908060074, -0.0011545465094968677, -0.43042391538619995, 0.5011906027793884, -0.009048271924257278, 0.09614837914705276, 0.9910996556282043, -0.09162373840808868, 0.2532958388328552, 0.1337166428565979, -0.4557115137577057, -8.48132610321045, -2.4876725673675537, 3.88092041015625, 0.008373033255338669, -0.45174843072891235, 0.45851436257362366, 0.024953508749604225, -0.4945751130580902, 0.8673727512359619, 0.04936782643198967, 0.16537238657474518, 0.062484245747327805, -0.39607375860214233, 3.7020366191864014, 0.8346444964408875, -0.026394568383693695, 0.06613346189260483, -0.43358534574508667, 0.4431982636451721, 0.07739652693271637, -0.5127167701721191, 0.8221824169158936, -0.23483476042747498, 0.2644256353378296, 0.16470912098884583, -0.614310622215271, 7.491522789001465, 3.0968217849731445, 1.9145569801330566, 0.060029126703739166, -0.4044966399669647, 0.5061433911323547, -0.02496972680091858, 0.44218918681144714, 0.8947327136993408, -0.057431600987911224, 0.17415930330753326, 0.32392507791519165, -0.35372617840766907, -8.892132759094238, -0.8015279173851013, 1.9541864395141602, -0.06428971141576767, -0.3766706883907318, 0.4677383005619049, -0.006471569184213877, -0.8096649050712585, 0.571223258972168, -0.13455341756343842, 0.2998760938644409, -0.0397067554295063, -0.3188534080982208, 6.161376476287842, 3.2348155975341797, 6.106945514678955, -1.3092851638793945, 0.9617134928703308, -0.30819910764694214, 0.014011910185217857, 0.005188522860407829, 0.014831963926553726, -1.4068306684494019, -0.8798725605010986, 0.6744754910469055, 0.00015202625945676118, -0.005161724053323269, 0.005978668108582497, -1.382671594619751, -0.511102020740509, 0.8410806059837341, 0.0002306465175934136, -0.007507307920604944, 0.0022294782102108, -0.9777771830558777, 0.02481059730052948, 1.1492758989334106, 0.021034207195043564, 0.007880963385105133, 0.0054981098510324955, -1.3168233633041382, -0.8102229237556458, 1.12627375125885, 0.003601696575060487, 0.00853359792381525, -0.002314070938155055, -1.0, -0.6624249815940857, -1.0, -0.5122804641723633, 0.7570955753326416, 1.0, -0.3850052058696747, -1.0, -1.0, -1.0, -1.0, -1.0, -0.07360982894897461, 0.3870854377746582, 0.8933758735656738, 0.38532283902168274, -1.0, -1.0, -0.6113494038581848, 0.04800187796354294]
[-0.1182401180267334, -0.49289199709892273, -0.1431645005941391, 0.03992517292499542, 0.015095341019332409, -0.10448690503835678, 0.8012941479682922, -0.5694212913513184, -0.7576383948326111, -0.586424708366394, -0.9300141334533691, -0.9887765049934387, -0.5719223618507385, -0.5008273124694824, -0.9712912440299988, 0.14632852375507355, 0.13220423460006714, 0.39647379517555237, 0.3486807942390442, -0.08919433504343033, -0.9657235145568848, -0.8038893938064575, 0.08208199590444565, -0.17545156180858612, -0.39336973428726196, -0.3042213022708893, -0.5121621489524841, -0.5539918541908264, 1.1547363996505737, 1.613716959953308, 0.16224125027656555, -0.019014013931155205, -0.41804924607276917, -0.14225946366786957, -0.015359400771558285, -0.05388891324400902, -0.7611415982246399, -0.267973393201828, -0.0676659494638443, -0.04887978732585907, 0.2742713987827301, 1.015540361404419, 1.1693195104599, 1.0783027410507202, -0.06942553073167801, -0.10037727653980255, -0.863654613494873, 0.08704255521297455, -3.171576499938965, 2.4073026180267334, -0.016959020867943764, 0.1653551161289215, 0.01752924919128418, -0.0034496013540774584, -0.1587526649236679, 0.03956138342618942, 0.007579652592539787, -0.00024120628950186074, -0.12464433908462524, 0.14448672533035278, 0.05648938938975334, 0.01794440858066082, 0.11029094457626343, -0.031534746289253235, 0.08192518353462219, 0.006004383787512779, 0.0016377039719372988, -0.05023639649152756, 0.16996288299560547, 0.08505240082740784, -0.06542108207941055, -0.016756780445575714, 0.05721699818968773, -0.3719782531261444, 0.48574328422546387, 0.5584589838981628, -0.2310311645269394, -0.08275363594293594, 0.7924013733863831, 0.20515431463718414, -0.010770540684461594, -0.3987240195274353, 3.831296920776367, 6.496582984924316, -3.202808380126953, 0.0, -0.38999998569488525, 0.47999998927116394, 0.012645297683775425, 0.2464054822921753, 0.9690790772438049, 0.0032153106294572353, 0.19527195394039154, 0.34624242782592773, -0.9086944460868835, -0.12751246988773346, 0.005184646230190992, -0.4301227629184723, 0.49507346749305725, -0.03182218596339226, 0.17155945301055908, 0.9767075777053833, -0.12488783895969391, 0.3445819616317749, 0.1644604206085205, -0.34585675597190857, -9.013801574707031, -3.486872911453247, 4.106935977935791, 0.012454302050173283, -0.450434148311615, 0.45331335067749023, 0.03322022780776024, -0.5230575203895569, 0.8502944111824036, 0.04802631214261055, 0.3279851973056793, 0.04427514970302582, -0.3508372902870178, 4.295133113861084, 0.4896624684333801, 0.9146245718002319, 0.07097441703081131, -0.42989739775657654, 0.43631434440612793, 0.0949769839644432, -0.562759280204773, 0.7846787571907043, -0.2419930100440979, 0.3869362473487854, 0.22250676155090332, -0.4374750554561615, 6.178588390350342, 2.9247677326202393, 2.709887742996216, 0.0642019659280777, -0.39991676807403564, 0.502892792224884, -0.03681332990527153, 0.5146809220314026, 0.8535892367362976, -0.0716489851474762, 0.23660825192928314, 0.3656822144985199, -0.29185807704925537, -10.500261306762695, -1.4357000589370728, 2.4328224658966064, -0.05947302281856537, -0.3786701560020447, 0.4646282196044922, 0.04552680626511574, -0.8365902900695801, 0.5260041952133179, -0.1461622565984726, 0.40689679980278015, -0.06741749495267868, -0.24572815001010895, 4.8852081298828125, 2.379929304122925, 6.758969783782959, -0.4407980740070343, 0.2441094070672989, 0.8798807859420776, 0.00021204003132879734, -0.0025477309245616198, -0.0011170414509251714, -0.891829252243042, -0.15223067998886108, 0.2359125167131424, -0.0025246664881706238, -0.004187021870166063, 0.00525602838024497, -0.7316834330558777, -0.6859935522079468, 0.6031777858734131, 0.00765450531616807, -0.004517615772783756, 0.000637881166767329, -0.4238995909690857, 0.3109302818775177, 0.36586377024650574, 0.006301658693701029, 0.0018300418742001057, 0.0009886235930025578, -0.7898097038269043, -0.8447860479354858, 0.43478116393089294, 0.007673593237996101, -0.004119828809052706, 0.0011702061165124178, -1.0, -0.5978792309761047, -1.0, -0.33801403641700745, 0.6312351226806641, 1.0, -0.5712155699729919, -1.0, -1.0, -1.0, -1.0, -1.0, 0.09143418073654175, 0.2898857593536377, 1.0, 0.3756476938724518, -1.0, -1.0, -0.7259733080863953, -0.12068451195955276]
[-0.21044963598251343, -0.5508253574371338, -0.1553400754928589, 0.04411828890442848, 0.10780549049377441, 0.03975064679980278, 0.7738165259361267, -0.5768008828163147, -0.7980634570121765, -0.600597620010376, -0.9395010471343994, -0.9909676909446716, -0.6452850699424744, -0.5272715091705322, -0.983549952507019, 0.16996067762374878, 0.135123610496521, 0.49897754192352295, 0.47271445393562317, -0.017592478543519974, -0.971869707107544, -0.7883158922195435, -0.05782788246870041, -0.1847502738237381, -0.30689185857772827, -0.4710555672645569, -0.11760683357715607, 0.20292428135871887, 0.7146173715591431, 1.0925251245498657, -0.028742551803588867, 0.002758442424237728, -0.3559902608394623, -0.12729467451572418, -0.05179225280880928, -0.010216005146503448, -0.6347078680992126, -0.23126938939094543, -0.11029044538736343, 0.16228656470775604, -0.12487500160932541, 0.9073297381401062, 1.1358680725097656, 0.7780537009239197, -0.03496057167649269, 0.1083657369017601, -0.8605994582176208, -0.17610599100589752, 2.8220388889312744, -1.700058102607727, -0.05020499229431152, 0.02880716882646084, -0.004160129930824041, -0.025010719895362854, 0.2169848382472992, -0.06865695863962173, -0.013042304664850235, -0.0014309377875179052, 0.10870279371738434, -0.09540897607803345, -0.017728937789797783, -0.0017672604881227016, -0.18337564170360565, 0.04432138428092003, -0.19600747525691986, -0.05741891264915466, -0.016673222184181213, -0.022637469694018364, -0.03375168517231941, 0.012273597531020641, 0.0482545867562294, 0.008651500567793846, 0.06211351603269577, -0.37181028723716736, 0.48036304116249084, 0.6097853183746338, -0.10673380643129349, -0.2960622012615204, 0.7274042367935181, 0.3090309500694275, 0.08704589307308197, -0.18744246661663055, 2.8135509490966797, 3.5947422981262207, -1.1439645290374756, 0.0, -0.38999998569488525, 0.47999998927116394, 0.012645297683775425, 0.2464054822921753, 0.9690790772438049, 0.0032153106294572353, 0.023244554176926613, 0.41509440541267395, -0.85746830701828, -0.3031577169895172, 0.009830426424741745, -0.4281924366950989, 0.4911406934261322, -0.046970874071121216, 0.24579699337482452, 0.958431601524353, -0.13706330955028534, 0.2002391517162323, 0.22896485030651093, -0.3018200695514679, -7.304769992828369, -2.5028316974639893, 1.8806090354919434, 0.01824033632874489, -0.44874584674835205, 0.44662219285964966, 0.04478956758975983, -0.5571075677871704, 0.8285539746284485, 0.033513907343149185, 0.2991248071193695, 0.10049333423376083, -0.48147672414779663, 4.697166919708252, 0.4988449811935425, 1.394493818283081, 0.07580897957086563, -0.42551732063293457, 0.4296542704105377, 0.11248943954706192, -0.6055290699005127, 0.7471190094947815, -0.24998755753040314, 0.284897118806839, 0.2736484706401825, -0.526020884513855, 6.029782295227051, 2.7009010314941406, 2.3594908714294434, 0.06813643872737885, -0.3962973654270172, 0.49850964546203613, -0.04501216486096382, 0.5743165016174316, 0.8133746385574341, -0.08097009360790253, 0.19916775822639465, 0.19384077191352844, -0.44282764196395874, -6.993313789367676, -0.43806344270706177, 1.147444248199463, -0.054397378116846085, -0.38038647174835205, 0.461480051279068, 0.09814917296171188, -0.8525809645652771, 0.4852145314216614, -0.1674494445323944, 0.3619697690010071, 0.0031654888298362494, -0.26556187868118286, 4.063438415527344, 1.1861473321914673, 7.237746715545654, 0.23029878735542297, 0.08237524330615997, -0.1560523509979248, -0.023775091394782066, 0.012004039250314236, 0.008595473133027554, 1.2248425483703613, 0.24632735550403595, -0.22338739037513733, 0.0022639725357294083, 0.007587052416056395, -0.007940704002976418, 0.60044926404953, 0.25540149211883545, -0.3697649836540222, 0.0020637614652514458, 0.003247191198170185, 0.0005171698867343366, 0.1885359138250351, -0.39069148898124695, -1.1303935050964355, -0.022533593699336052, -0.0062543717212975025, 0.0033647355157881975, 0.5947588682174683, 0.22722648084163666, -0.43935078382492065, 0.005065391305834055, -0.000864642730448395, 0.0030395088251680136, -0.5236414670944214, -1.0, -1.0, 0.1891048401594162, 0.4391043186187744, 1.0, -0.5655212998390198, -1.0, -1.0, -1.0, -1.0, -1.0, 0.5101153254508972, -0.0005881264805793762, 1.0, 0.29210180044174194, -1.0, -0.4194665253162384, -0.8242834210395813, -0.3347127437591553]
[-0.2478095293045044, -0.6207197904586792, -0.2415727972984314, 0.13101191818714142, 0.10798609256744385, 0.10665468126535416, 0.7808786630630493, -0.5681214928627014, -0.800132691860199, -0.6081344485282898, -0.9576787352561951, -0.9941757321357727, -0.6527420282363892, -0.5414372682571411, -0.9994840025901794, 0.25364843010902405, 0.07833082228899002, 0.5876933932304382, 0.5846279263496399, 0.011918081901967525, -0.9761174917221069, -0.69045490026474, -0.18692335486412048, -0.2581101059913635, -0.03119853138923645, -0.4987536370754242, -0.4745355248451233, 1.121023178100586, -0.37018242478370667, 0.1820978969335556, 0.07083994150161743, 0.12246152013540268, 0.1589854508638382, -0.0054655238054692745, -0.07790693640708923, -0.036412496119737625, 0.22984878718852997, -0.022286105901002884, -0.09940381348133087, 0.4180264174938202, -0.7427306175231934, 0.7698408365249634, 0.9735931754112244, 0.14396148920059204, -0.030677536502480507, 0.30759739875793457, -0.7594521045684814, -0.937005341053009, 5.8412981033325195, 0.022834593430161476, 0.05794815719127655, 0.21809080243110657, 0.016451353207230568, -0.04081124812364578, 0.26313498616218567, 0.0077223707921803, 0.040393032133579254, 0.022357692942023277, 0.23870009183883667, 0.02223532274365425, 0.07172483205795288, 0.03896370530128479, 0.08393927663564682, 0.08148505538702011, -0.15581971406936646, -0.06477347761392593, -0.022649802267551422, -0.0690644159913063, -0.0050376420840620995, 0.02379601076245308, 0.10003801435232162, 0.008678564801812172, 0.06657674163579941, -0.37074172496795654, 0.47588852047920227, 0.6336972713470459, 0.0029670079238712788, -0.41557520627975464, 0.652469277381897, 0.05613072216510773, 0.01927359402179718, -0.2886051833629608, 2.1872153282165527, 2.6425180435180664, -0.9826822280883789, 0.0, -0.38999998569488525, 0.47999998927116394, 0.012645297683775425, 0.2464054822921753, 0.9690790772438049, 0.0032153106294572353, -0.11148840934038162, 0.4585953950881958, -0.7897394895553589, -0.3918829560279846, 0.011614106595516205, -0.42515829205513, 0.48892393708229065, -0.06517791002988815, 0.2817985415458679, 0.9453365802764893, -0.1505989134311676, -0.030607782304286957, 0.2147817760705948, -0.092678003013134, -1.7142856121063232, -1.9620102643966675, 2.0786776542663574, 0.019916171208024025, -0.44667893648147583, 0.4405767321586609, 0.05271892622113228, -0.5734335780143738, 0.8169355988502502, 0.0317932590842247, -0.013344339095056057, 0.11716333031654358, -0.3382851779460907, 1.0032227039337158, 0.7752466797828674, -0.00026700831949710846, 0.07750289142131805, -0.421746164560318, 0.42329883575439453, 0.11790631711483002, -0.6277105212211609, 0.7258589267730713, -0.2553553879261017, 0.00801973044872284, 0.186068594455719, -0.3657546043395996, 1.7307406663894653, 0.02095557004213333, 0.3896978199481964, 0.06962263584136963, -0.3959529399871826, 0.4913737177848816, -0.03638949990272522, 0.6029375195503235, 0.7928194403648376, -0.0811135396361351, 0.0397714339196682, -0.04477269947528839, -0.5114036798477173, -2.563053607940674, 1.097008228302002, -1.3149707317352295, -0.05144616961479187, -0.38083699345588684, 0.45818477869033813, 0.1450740098953247, -0.8528832793235779, 0.45472291111946106, -0.21159054338932037, 0.22073981165885925, 0.08848058432340622, -0.19330601394176483, 2.1133339405059814, -2.8505985736846924, 7.953935146331787, 0.9723156094551086, 0.4800102710723877, 0.8152762055397034, -0.03361109271645546, 0.001437789760529995, -0.002510461024940014, 1.5450735092163086, -0.44147250056266785, 0.2081965208053589, 0.015735605731606483, 0.00792469922453165, -0.004081790801137686, 1.3084189891815186, -0.9520049095153809, 0.041091758757829666, 0.0246836319565773, 0.006505416706204414, -0.0014264413621276617, 0.7896263599395752, 0.028663262724876404, -1.0266506671905518, -0.02221985161304474, -0.009187467396259308, 0.0006518261507153511, 0.8914965391159058, -0.21583957970142365, -1.078430414199829, 0.01375340111553669, -0.005585383158177137, 0.007202897686511278, 0.3702649772167206, -1.0, -1.0, 0.9739777445793152, -0.2960970103740692, 1.0, -0.4619649052619934, -0.6109771728515625, -1.0, -1.0, -0.35709938406944275, -1.0, 1.0, -0.49375736713409424, 1.0, -0.011923164129257202, -1.0, 0.13181297481060028, -0.828956127166748, -0.9486632347106934]
[-0.24496130645275116, -0.686988890171051, -0.35836783051490784, 0.24557766318321228, 0.042183395475149155, 0.10127538442611694, 0.8046129941940308, -0.5647100210189819, -0.7734109163284302, -0.6031666994094849, -0.9719201326370239, -0.9970735907554626, -0.6320473551750183, -0.5377521514892578, -0.999999463558197, 0.35451051592826843, -0.029398255050182343, 0.6571410298347473, 0.6763888597488403, 0.0381908044219017, -0.9796817302703857, -0.5644512176513672, -0.31162190437316895, -0.3526496887207031, 0.042817648500204086, -0.44468948245048523, -0.48041868209838867, 1.0216859579086304, -0.7320851683616638, -0.17710024118423462, 0.1136033684015274, -0.01706157810986042, 0.2918104827404022, 0.07902782410383224, -0.046953123062849045, -0.021796008571982384, 0.17055025696754456, 0.05375093221664429, -7.229371840367094e-05, 0.4122636020183563, -1.1262485980987549, 0.5701619982719421, 0.760817289352417, 0.41874390840530396, -0.02512386254966259, 0.30903249979019165, -0.7716662287712097, -0.8390405774116516, 1.594784140586853, 0.7336702942848206, 0.022432131692767143, -0.009118183515965939, -0.02859487384557724, -0.021004516631364822, 0.07656154781579971, -0.0006051381933502853, 0.003697543404996395, 0.0032886245753616095, 0.07820677012205124, 0.058200471103191376, 0.016021842136979103, 0.005565503612160683, 0.0968216210603714, 0.012306494638323784, -0.04136604070663452, -0.03754827752709389, -0.020317886024713516, 0.013953158631920815, 0.021810179576277733, 0.009320296347141266, 0.030202627182006836, 0.013706088997423649, 0.06687258929014206, -0.37097474932670593, 0.47001969814300537, 0.6447893977165222, 0.05723433941602707, -0.4761800765991211, 0.5951666831970215, -0.021350080147385597, -0.0485544316470623, -0.34076404571533203, 1.201615810394287, 1.1014525890350342, -0.5852783918380737, 0.0, -0.38999998569488525, 0.47999998927116394, 0.012645297683775425, 0.2464054822921753, 0.9690790772438049, 0.0032153106294572353, -0.17825086414813995, 0.4844050109386444, -0.7364505529403687, -0.4372861087322235, 0.011196943931281567, -0.42237409949302673, 0.4877225458621979, -0.08029482513666153, 0.2770596444606781, 0.9434981346130371, -0.16310100257396698, -0.07973402738571167, 0.11378592997789383, -0.05955050513148308, 1.9309409856796265, -0.8079848289489746, 1.8285542726516724, 0.01879953220486641, -0.44471320509910583, 0.43527185916900635, 0.05702266842126846, -0.5773126482963562, 0.8136764168739319, 0.037272196263074875, -0.10556790977716446, 0.11315388977527618, -0.3112574815750122, 0.33121955394744873, 0.8125182390213013, -0.4703051745891571, 0.07693962007761002, -0.41903072595596313, 0.41791924834251404, 0.11460365355014801, -0.6363433003425598, 0.7180850505828857, -0.25746262073516846, -0.06530271470546722, 0.1406257301568985, -0.31791019439697266, 1.3310024738311768, -0.08074762672185898, -0.17570529878139496, 0.06894456595182419, -0.3979470431804657, 0.4830819070339203, -0.019401829689741135, 0.60552978515625, 0.7920123338699341, -0.0753224566578865, -0.03760426118969917, -0.14137743413448334, -0.4951625466346741, 0.8862869739532471, 1.411634922027588, -1.9329112768173218, -0.05004580691456795, -0.38048386573791504, 0.4551413357257843, 0.18821357190608978, -0.8470079302787781, 0.4238474369049072, -0.259819895029068, 0.1538631170988083, 0.13306015729904175, -0.1873924732208252, 2.8732314109802246, -1.84465491771698, 7.620684623718262, 0.28736379742622375, 0.402435302734375, -0.13210906088352203, -0.014967985451221466, -0.0019053355790674686, -0.0018453167285770178, 0.45903950929641724, -0.056376732885837555, 0.1083807572722435, 0.002442973665893078, 0.002619814593344927, -0.000919044716283679, 0.42006540298461914, -0.2717748284339905, 0.11090487241744995, 0.0014888809528201818, 0.0021539777517318726, -0.0011919897515326738, 0.25953152775764465, 0.2907114028930664, -0.43600165843963623, -0.015957217663526535, -0.0009798738174140453, -0.0008147652260959148, 0.4346679449081421, 0.05326402932405472, -0.41353505849838257, -0.0026022084057331085, 0.006751404143869877, -0.0008282163762487471, 0.010180031880736351, -1.0, -1.0, 0.8357349038124084, -0.45602554082870483, 1.0, -0.5960554480552673, -0.577712893486023, -1.0, -1.0, -0.5392686724662781, -1.0, 0.9278805255889893, -0.7749775052070618, 0.9489781856536865, 0.26436880230903625, -1.0, 0.12905795872211456, -1.0, -0.8376989960670471]
[-0.25488969683647156, -0.7451031804084778, -0.4642082750797272, 0.2920154929161072, -0.027142461389303207, 0.0795229896903038, 0.8366712927818298, -0.5698277950286865, -0.7512994408607483, -0.5948901176452637, -0.97616046667099, -0.9816617369651794, -0.6313647627830505, -0.5346938371658325, -0.9909820556640625, 0.4346262216567993, -0.14340035617351532, 0.6992647647857666, 0.741677463054657, 0.07620499283075333, -0.9829867482185364, -0.47781994938850403, -0.42593589425086975, -0.4003491997718811, -0.0930270329117775, -0.383589506149292, -0.41061487793922424, 0.10636255890130997, -0.5968637466430664, -0.2071608155965805, 0.13837619125843048, -0.06451480090618134, 0.1573105752468109, 0.06643109768629074, -0.004954591393470764, 0.2299170047044754, -0.07848061621189117, -0.0011370513821020722, 0.07865799218416214, 0.28491488099098206, -1.0066726207733154, 0.29338252544403076, 0.4739517867565155, 0.49481460452079773, -0.026501169428229332, 0.1607518047094345, -0.6678512096405029, -0.23306702077388763, -2.9817447662353516, 0.866934061050415, -0.026257259771227837, -0.21110853552818298, -0.07816101610660553, -0.0230855755507946, -0.11063254624605179, 0.05632515251636505, 0.008099216967821121, 3.8003199733793736e-05, -0.10613616555929184, 0.10373451560735703, 0.021881358698010445, 0.0031483182683587074, 0.03620961308479309, -0.0607064925134182, 0.08924439549446106, 0.0018849389161914587, -0.016827482730150223, -0.011870189569890499, 0.08527382463216782, 0.021041855216026306, -0.030329877510666847, 0.013137721456587315, 0.0667346641421318, -0.3715539276599884, 0.4648768901824951, 0.6562427282333374, 0.05555946007370949, -0.48206600546836853, 0.5778156518936157, 0.01275400910526514, 0.0017961668781936169, -0.27942851185798645, 0.21015678346157074, -0.30864715576171875, -0.27153313159942627, 0.0, -0.38999998569488525, 0.47999998927116394, 0.012645297683775425, 0.2464054822921753, 0.9690790772438049, 0.0032153106294572353, -0.17782184481620789, 0.4998486638069153, -0.7224982976913452, -0.44331368803977966, 0.012128750793635845, -0.4216916263103485, 0.48462340235710144, -0.08955371379852295, 0.24176394939422607, 0.9495959281921387, -0.1783195436000824, 0.11822249740362167, -0.09390527755022049, -0.20411230623722076, 5.345580101013184, 0.7558256983757019, 2.4960646629333496, 0.018204182386398315, -0.4427112638950348, 0.43027231097221375, 0.061887193471193314, -0.5821467638015747, 0.8096116781234741, 0.04247321933507919, 0.018087979406118393, 0.11771778762340546, -0.30051785707473755, 0.9797415733337402, 0.8281843066215515, -0.0038920827209949493, 0.0769461840391159, -0.41660812497138977, 0.41381803154945374, 0.11255741119384766, -0.6437380909919739, 0.7111359238624573, -0.2592635154724121, 0.05021798238158226, 0.1479327380657196, -0.2230520099401474, 1.228407859802246, 0.08242166042327881, 0.3541162312030792, 0.06854087859392166, -0.3996866047382355, 0.475109726190567, -0.005810950882732868, 0.5915010571479797, 0.8030620217323303, -0.07199948281049728, 0.023096799850463867, -0.07764799892902374, -0.40280354022979736, 2.7100772857666016, 1.03016197681427, -1.0022292137145996, -0.04829399287700653, -0.3799731731414795, 0.45216086506843567, 0.22166451811790466, -0.8457704782485962, 0.38846758008003235, -0.29091230034828186, 0.17673099040985107, 0.11250639706850052, -0.20302753150463104, 3.3260467052459717, -0.11487548053264618, 5.199908256530762, -0.5126214623451233, 0.6359210014343262, -1.0578222274780273, -0.013546761125326157, -0.00017780365305952728, 0.002102905884385109, -0.648251473903656, -0.1666475236415863, 0.10406383126974106, -0.002461709314957261, -0.0027250766288489103, 0.0013393296394497156, -0.5992119908332825, -0.2689519226551056, 0.33553627133369446, -0.0008859604713506997, -0.0031314706429839134, -0.00033542036544531584, -0.4097813665866852, 0.5777629613876343, 0.27793294191360474, -0.008161040022969246, 0.005813445430248976, -0.0012699573999270797, 0.02522866800427437, -0.24015846848487854, 0.3940920829772949, -0.0010941532673314214, 0.0127340629696846, 0.0006233984604477882, -0.6754055023193359, -1.0, -1.0, 0.16906753182411194, -0.36816340684890747, 1.0, -0.6117610335350037, -0.6807860136032104, -1.0, -0.7896668314933777, -0.7171007394790649, -0.8120570182800293, 0.7513715624809265, -0.7006136178970337, 0.8226032257080078, 0.3090040683746338, -1.0, -0.20913872122764587, -1.0, -0.4355417490005493]
[-0.3032320737838745, -0.7576716542243958, -0.5454369187355042, 0.24040506780147552, -0.07512089610099792, 0.06070765480399132, 0.868980884552002, -0.5846584439277649, -0.7659029364585876, -0.5939903259277344, -0.9624788761138916, -0.9419947862625122, -0.6523056030273438, -0.5390639305114746, -0.936587929725647, 0.48510587215423584, -0.21748054027557373, 0.7160056829452515, 0.7746652960777283, 0.11382334679365158, -0.9902445673942566, -0.4639299809932709, -0.5230652689933777, -0.38228142261505127, -0.24604833126068115, 0.11138063669204712, -0.2625029683113098, -0.7600671648979187, -0.3592367172241211, -0.14564423263072968, 0.12720133364200592, -0.16946792602539062, -0.28686511516571045, -0.05123187229037285, 0.22474674880504608, 0.39660269021987915, -0.24647843837738037, -0.0687902495265007, 0.4244527518749237, 0.050064779818058014, -0.39881885051727295, 0.054796185344457626, 0.15604755282402039, 0.4445646405220032, -0.06186443194746971, -0.030589789152145386, -0.560533344745636, 0.37428411841392517, -3.7761645317077637, 5.573912143707275, -0.022832583636045456, 0.029068179428577423, -0.014528668485581875, -0.006874620448797941, -0.13692563772201538, 0.3627576231956482, 0.0920703262090683, 0.01927892304956913, 0.043328359723091125, 0.3087162673473358, 0.09171834588050842, 0.02347790077328682, 0.6376782059669495, -0.10532233864068985, 0.49948468804359436, 0.05923794209957123, -0.01656831055879593, -0.09887327253818512, 0.3110828399658203, 0.11693960428237915, -0.03454773128032684, 0.007194777950644493, 0.06749872863292694, -0.37136659026145935, 0.4638993442058563, 0.6695653796195984, 0.05790049210190773, -0.464118093252182, 0.5769956707954407, 0.00999448075890541, 0.02887074463069439, 0.1448289453983307, 0.40942487120628357, -0.738570511341095, 1.1301617622375488, 0.0, -0.38999998569488525, 0.47999998927116394, 0.012645297683775425, 0.2464054822921753, 0.9690790772438049, 0.0032153106294572353, -0.17561480402946472, 0.5127419829368591, -0.7248991131782532, -0.42517805099487305, 0.016420237720012665, -0.4235025644302368, 0.4813552498817444, -0.09198471903800964, 0.19154350459575653, 0.9565889835357666, -0.19946733117103577, 0.34570467472076416, -0.23016713559627533, -0.10294914990663528, 5.365625858306885, 1.8160558938980103, 2.9817111492156982, 0.02003536932170391, -0.4418799579143524, 0.4281788766384125, 0.0662459060549736, -0.5931166410446167, 0.8012335896492004, 0.04299899935722351, 0.18666836619377136, -0.008129214867949486, -0.029695086181163788, 1.8779627084732056, 0.2032727152109146, 0.2931986153125763, 0.07911582291126251, -0.4158225953578949, 0.41427847743034363, 0.11535374075174332, -0.6419931054115295, 0.7109519839286804, -0.2628411650657654, 0.15501365065574646, -0.028514258563518524, 0.17199024558067322, -1.0291693210601807, 0.21686771512031555, 0.2029402256011963, 0.0693642795085907, -0.4002404510974884, 0.47271522879600525, -0.005133593920618296, 0.5852066874504089, 0.8081440329551697, -0.06640725582838058, 0.07749215513467789, 0.004394596442580223, 0.08535201847553253, -0.42012661695480347, -1.6554536819458008, 0.020548023283481598, -0.045159656554460526, -0.38034501671791077, 0.4506917893886566, 0.24248789250850677, -0.8471238613128662, 0.36387699842453003, -0.301950603723526, 0.23871667683124542, -0.020461101084947586, -0.03982356935739517, 1.2053263187408447, 0.8152092695236206, 2.5455424785614014, -0.7734710574150085, 0.9499338269233704, 0.535860002040863, 0.007374386768788099, -0.0036846802104264498, 0.0029060340020805597, -0.7644500732421875, -1.361980676651001, 1.0984916687011719, -0.001150785363279283, -0.0017587672919034958, 0.003992273472249508, 0.1575046181678772, -1.2821128368377686, 1.0735983848571777, 0.004246208816766739, 0.0034766702447086573, -0.010756650939583778, -0.06674029678106308, 2.7097880840301514, 1.4344589710235596, 0.02407851628959179, 0.014006095938384533, -0.016269993036985397, -0.2259884774684906, -1.9715497493743896, 0.33141767978668213, 0.00971954595297575, 0.010810588486492634, -0.004415418021380901, -1.0, -0.2963959872722626, -1.0, -0.4431753158569336, -0.2761877477169037, 1.0, -0.6627247333526611, -1.0, -1.0, -0.5012502074241638, -0.8094334602355957, -0.3099490702152252, 0.8228516578674316, -0.4443647265434265, 0.7427428960800171, 0.29794055223464966, -1.0, -0.6021149158477783, -1.0, -0.053476519882678986]
[-0.37302258610725403, -0.68278968334198, -0.5596332550048828, 0.17145900428295135, -0.08003837615251541, 0.05177932605147362, 0.8479540348052979, -0.6310045123100281, -0.8014206290245056, -0.6036123037338257, -0.9331923127174377, -0.9317104816436768, -0.6952245831489563, -0.5502796769142151, -0.8854354619979858, 0.524469256401062, -0.22907738387584686, 0.7103664875030518, 0.7812098860740662, 0.14419615268707275, -0.9999998211860657, -0.4997445344924927, -0.6048572063446045, -0.3085732161998749, -0.2760624587535858, 0.8251193165779114, 0.20803070068359375, -0.5325936675071716, 0.12291665375232697, -0.01888906955718994, -0.2153445929288864, -0.5444926619529724, -0.350857675075531, -0.1126924529671669, 0.03689058870077133, -0.0660363957285881, -0.4748656749725342, -0.13945114612579346, 0.17873965203762054, 0.2640286386013031, 0.06010422855615616, -0.10529088228940964, 0.0003863908350467682, 0.3355881869792938, 7.257312972797081e-05, -0.11950606107711792, -0.4717763066291809, 0.8391692042350769, -0.6207528114318848, 9.601114273071289, 0.075706847012043, 0.3777772784233093, 0.1038726270198822, 0.0273977629840374, -0.08330264687538147, 0.6182399988174438, 0.2045242190361023, 0.05964256823062897, -0.1077798455953598, 0.4901946187019348, 0.14148297905921936, 0.03530769795179367, 0.5835134983062744, 0.0048006149008870125, 0.3726655840873718, 0.024805329740047455, -0.013691645115613937, -0.16597948968410492, 0.5243456363677979, 0.2233867049217224, 0.01609623245894909, 0.008652710355818272, 0.06795598566532135, -0.37103259563446045, 0.4692077338695526, 0.6914075016975403, 0.01111629419028759, -0.3571200668811798, 0.6279309988021851, 0.014294922351837158, 0.028297951444983482, 0.4692399501800537, -1.2669280767440796, -3.341581344604492, 1.2581688165664673, 0.0, -0.38999998569488525, 0.47999998927116394, 0.012645297683775425, 0.2464054822921753, 0.9690790772438049, 0.0032153106294572353, -0.10448616743087769, 0.5198544859886169, -0.7798891067504883, -0.3325764536857605, 0.02156233787536621, -0.42531466484069824, 0.48447850346565247, -0.09036283940076828, 0.18086887896060944, 0.9553407430648804, -0.2155107706785202, 0.2768256664276123, -0.05964645370841026, 0.4099713861942291, -2.211219549179077, 0.33718764781951904, 0.7062237858772278, 0.024857500568032265, -0.44356590509414673, 0.43167269229888916, 0.06628172099590302, -0.6045091152191162, 0.7932409644126892, 0.03072732873260975, 0.37978678941726685, -0.174996018409729, 0.3709445893764496, 1.1802763938903809, -1.5443828105926514, 1.5717769861221313, 0.0830138623714447, -0.4175243675708771, 0.42021480202674866, 0.12731528282165527, -0.636777400970459, 0.712762176990509, -0.2650947570800781, 0.319983571767807, -0.13695666193962097, 0.520904004573822, -1.1592360734939575, 0.729472279548645, 1.7629742622375488, 0.07153846323490143, -0.3999479115009308, 0.4789401590824127, -0.012765031307935715, 0.6030992865562439, 0.7952572703361511, -0.06061381474137306, 0.13955870270729065, 0.045876067131757736, 0.5165407657623291, -4.168655872344971, -1.2856905460357666, -0.1454939842224121, -0.04093634709715843, -0.3824930787086487, 0.452868789434433, 0.25497427582740784, -0.8444177508354187, 0.36721381545066833, -0.29512807726860046, 0.26909953355789185, -0.21515199542045593, 0.26968005299568176, -3.015950918197632, 1.1027283668518066, 0.2775852084159851, -0.19536271691322327, 0.5395409464836121, 2.7198359966278076, 0.03549087792634964, -0.017143642529845238, -0.00729149766266346, -0.40490832924842834, -2.8867316246032715, 2.0072078704833984, 0.016341596841812134, -0.0005839687655679882, 0.008968646638095379, -0.6535433530807495, -2.0990962982177734, 1.561558723449707, 0.0038212533108890057, -0.008512609638273716, -0.0023946284782141447, -0.1768099069595337, 2.298888683319092, 0.7782844305038452, 0.020791683346033096, -0.003043403383344412, 0.0023622342851012945, -0.0675608292222023, -3.7642595767974854, -0.5337910652160645, 0.020461685955524445, 0.009733675979077816, -0.013651461340487003, -0.871790885925293, 0.611666202545166, -1.0, -0.6443873047828674, 0.09307312965393066, 1.0, -0.5918000340461731, -1.0, -1.0, -1.0, -1.0, -0.44928207993507385, 1.0, -0.03449494391679764, 0.6240383386611938, 0.2641162872314453, -1.0, -0.7278891801834106, -0.9994109272956848, 0.2750111222267151]
[-0.4523247182369232, -0.5180732607841492, -0.5330129265785217, 0.09443910419940948, -0.05860862880945206, 0.055115897208452225, 0.789219856262207, -0.7071641683578491, -0.8372241258621216, -0.6187140345573425, -0.9319040775299072, -0.9464030265808105, -0.7463449239730835, -0.5671226978302002, -0.8511826395988464, 0.5928109884262085, -0.19906912744045258, 0.6848767995834351, 0.7766196727752686, 0.1696067750453949, -0.9999983310699463, -0.5681535601615906, -0.6268545985221863, -0.16288800537586212, -0.31578704714775085, 1.3856803178787231, 0.10653848946094513, -0.7572461366653442, 0.23558488488197327, 0.06063675507903099, -0.15385161340236664, -0.8024947047233582, -0.31552425026893616, -0.20832927525043488, -0.01562546007335186, -0.15651023387908936, -0.4651506841182709, -0.1643766164779663, 0.1921977996826172, 0.28944477438926697, 0.4131719768047333, -0.30138760805130005, -0.07731910794973373, 0.2966141402721405, -9.263834726880305e-06, -0.18833984434604645, 0.046032194048166275, 1.6081743240356445, -0.7096178531646729, 5.851506233215332, -0.018986251205205917, 0.20909002423286438, 0.03934960439801216, 0.006352328695356846, 0.07845234870910645, 0.34332260489463806, 0.12039028108119965, 0.030515044927597046, -0.06342238187789917, 0.3736130893230438, 0.13215768337249756, 0.04043799266219139, 0.4567621648311615, -0.01591673493385315, 0.28365588188171387, 0.019632898271083832, -0.01001503225415945, -0.09780480712652206, 0.2688533067703247, 0.11448036879301071, 0.04853428900241852, 0.030835652723908424, 0.06769703328609467, -0.3701973557472229, 0.47985464334487915, 0.6986972689628601, -0.09306849539279938, -0.19679193198680878, 0.68149334192276, -0.03267619386315346, 0.08211542665958405, 0.7708534598350525, -1.8353378772735596, -4.85651159286499, 1.115399956703186, 0.0, -0.38999998569488525, 0.47999998927116394, 0.012645297683775425, 0.2464054822921753, 0.9690790772438049, 0.0032153106294572353, 0.035328954458236694, 0.5113584995269775, -0.8343933820724487, -0.20261305570602417, 0.02679366245865822, -0.4266650974750519, 0.49481967091560364, -0.08903469145298004, 0.20835816860198975, 0.9471645951271057, -0.22702153027057648, 0.3058260977268219, 0.0021514752879738808, 0.7394825220108032, -4.626286506652832, -0.8567665219306946, 1.2648565769195557, 0.0318574495613575, -0.44720402359962463, 0.44187676906585693, 0.062482595443725586, -0.6071648597717285, 0.7920731902122498, 0.008171160705387592, 0.43814656138420105, -0.23669759929180145, 0.7695490717887878, 0.08360505849123001, -1.9964916706085205, 1.562041997909546, 0.08888762444257736, -0.42083197832107544, 0.43289899826049805, 0.14586833119392395, -0.6210154294967651, 0.7203863263130188, -0.27222347259521484, 0.4152931571006775, -0.19029095768928528, 0.9703975319862366, -3.3955633640289307, 0.07339075207710266, 2.1570065021514893, 0.07402607798576355, -0.3983962833881378, 0.4929366111755371, -0.021634841337800026, 0.6428139209747314, 0.764009416103363, -0.051104586571455, 0.1367013305425644, 0.16915465891361237, 0.9003351926803589, -7.163888454437256, -2.4793806076049805, -0.08205521106719971, -0.03663933277130127, -0.3862212002277374, 0.45974722504615784, 0.25338104367256165, -0.8402009606361389, 0.4070364534854889, -0.2533411979675293, 0.17800597846508026, -0.35224011540412903, 0.5346419215202332, -6.934464454650879, 3.3571109771728516, -5.076193332672119, -0.32346969842910767, 0.5360842943191528, 1.4594862461090088, 0.014393594115972519, -0.001801550155505538, 0.002241077832877636, 0.4107562303543091, -1.6720519065856934, 1.0552079677581787, 0.00543426675722003, 0.006364339496940374, -0.0014166983310133219, -0.4004049599170685, -1.8686068058013916, 1.0940256118774414, 0.012408889830112457, -0.004547860007733107, -0.002308619674295187, -0.0067964959889650345, 1.7002801895141602, 0.6197249889373779, 0.015489169396460056, 0.0007914153393357992, -0.004081237129867077, 0.5802390575408936, -2.0267539024353027, -0.6321403384208679, 0.012014921754598618, 0.021551821380853653, -0.005541648715734482, -1.0, 1.0, -1.0, -0.8580039143562317, 0.10611209273338318, 1.0, -0.8439764976501465, -1.0, -1.0, -1.0, -1.0, -0.35174861550331116, 1.0, 0.1843053102493286, 0.47764551639556885, 0.2871685028076172, -1.0, -0.9749076962471008, -0.4343634843826294, 0.9368464946746826]
[-0.5027297139167786, -0.3120434582233429, -0.5140694975852966, 0.028817158192396164, -0.05757247284054756, 0.05878930166363716, 0.7489203810691833, -0.7778458595275879, -0.8678162693977356, -0.6497164368629456, -0.9431416988372803, -0.9608654379844666, -0.7857016921043396, -0.5827977061271667, -0.8319034576416016, 0.6551026701927185, -0.1756138801574707, 0.6203761696815491, 0.7617501616477966, 0.1572006642818451, -0.999851405620575, -0.640178382396698, -0.5518752932548523, 0.012935232371091843, -0.0997421070933342, 1.4963712692260742, 0.07150021940469742, -0.5050061345100403, -0.10614768415689468, -0.0031534023582935333, -0.10213425010442734, -0.5734704732894897, -0.2596462666988373, -0.3321179747581482, -0.06338317692279816, -0.11062590032815933, -0.3053310513496399, -0.12623658776283264, 0.04869593307375908, 0.24033598601818085, 0.11888722330331802, -0.74953693151474, -0.20266525447368622, -0.393446147441864, 0.0018328431760892272, -0.16805580258369446, 0.6852518916130066, 1.6314222812652588, 5.234347343444824, 0.550403356552124, 0.07654745876789093, 0.14172643423080444, 0.029444405809044838, 0.0017552130157127976, 0.27834123373031616, 0.11119133234024048, 0.05242440477013588, 0.016317103058099747, 0.19704169034957886, 0.0810028463602066, 0.04644549638032913, 0.01887071132659912, 0.09928055852651596, 0.06451958417892456, -0.07620736211538315, -0.052419230341911316, -0.01862276904284954, -0.07158509641885757, 0.008539174683392048, 0.016650285571813583, 0.12411948293447495, 0.033873625099658966, 0.06602755188941956, -0.3691655099391937, 0.49221664667129517, 0.6831503510475159, -0.208340585231781, -0.024098500609397888, 0.69951331615448, -0.15398110449314117, 0.048738617449998856, 0.7502895593643188, -1.258092999458313, -4.257389068603516, 0.890908420085907, 0.0, -0.38999998569488525, 0.47999998927116394, 0.012645297683775425, 0.2464054822921753, 0.9690790772438049, 0.0032153106294572353, 0.18931148946285248, 0.48929768800735474, -0.8489276766777039, -0.06380180269479752, 0.030083317309617996, -0.4268589913845062, 0.509096622467041, -0.08849360793828964, 0.24457599222660065, 0.9366297125816345, -0.2346830815076828, 0.08413110673427582, 0.08872552216053009, 0.8756270408630371, -4.41571569442749, -0.8803042769432068, 0.3127930164337158, 0.03701762855052948, -0.4509475529193878, 0.4569244086742401, 0.054054923355579376, -0.6021512150764465, 0.796484649181366, -0.01020372100174427, 0.1984749734401703, -0.1959153711795807, 1.0025209188461304, -1.2327144145965576, -2.0805654525756836, 0.5779131054878235, 0.09361887723207474, -0.4245324730873108, 0.4501400291919708, 0.16051051020622253, -0.591755747795105, 0.7392420172691345, -0.27853652834892273, 0.21038012206554413, -0.1845981329679489, 1.1591176986694336, -4.893543720245361, -0.9016151428222656, 1.0428063869476318, 0.07497362047433853, -0.3965376019477844, 0.5093450546264648, -0.03044760227203369, 0.6720677018165588, 0.7389007806777954, -0.03772993013262749, -0.00643940782174468, 0.11014387756586075, 0.9186755418777466, -3.020575761795044, -1.9772629737854004, -0.7588812112808228, -0.03477878496050835, -0.38946616649627686, 0.46954062581062317, 0.2166864573955536, -0.8287668228149414, 0.4793047308921814, -0.19094318151474, -0.10077787935733795, -0.31181907653808594, 0.7260428667068481, -9.368596076965332, 0.789841890335083, -10.369222640991211, 0.8296575546264648, -0.17285245656967163, 0.635399341583252, -0.0008375741890631616, -0.001824066392146051, -0.003892027772963047, 1.5228073596954346, -0.622876763343811, 0.35400015115737915, 0.006973952054977417, 0.009174138307571411, -0.0036981503944844007, 1.024484395980835, -0.6560032963752747, 0.07167994976043701, 0.009030663408339024, 0.0042504193261265755, -0.0009439880377613008, 0.6302548050880432, 0.13377366960048676, -0.7446023225784302, -0.01661616563796997, -0.003851642832159996, 0.0008691631956025958, 1.3680577278137207, -0.34756091237068176, -1.2994928359985352, 0.014105614274740219, 0.011984704062342644, 0.007009801454842091, -0.16019956767559052, 0.9642903208732605, -1.0, -0.5615031123161316, -0.17240139842033386, 1.0, -0.8291624784469604, -1.0, -1.0, -1.0, -0.929798424243927, -0.7521432638168335, 1.0, -0.1555248498916626, 0.0952722579240799, -0.11706197261810303, -1.0, -1.0, 0.2577563524246216, 1.0]
[-0.46315768361091614, -0.17084448039531708, -0.5128617286682129, 0.04179541394114494, -0.0895695835351944, 0.05247947946190834, 0.7341087460517883, -0.7921126484870911, -0.8904511332511902, -0.6819943785667419, -0.9658473134040833, -0.9638553857803345, -0.7612357139587402, -0.5852229595184326, -0.8231632709503174, 0.7054026126861572, -0.21479427814483643, 0.5257648229598999, 0.7345322370529175, 0.07311474531888962, -0.9917563199996948, -0.65958172082901, -0.38234764337539673, 0.15799358487129211, 0.33160480856895447, 0.7249122858047485, -0.11713059991598129, 0.426265150308609, -0.38834887742996216, -0.10277151316404343, 0.019120601937174797, 0.08080156147480011, -0.18510591983795166, -0.26526468992233276, -0.10448112338781357, -0.003405659692361951, 0.4994019567966461, 0.08417274802923203, 0.0013208985328674316, 0.19411423802375793, -0.6347249746322632, -0.940686047077179, -0.294156014919281, -1.3676884174346924, 0.06933651119470596, 0.007382065057754517, 1.2366094589233398, 1.1880329847335815, 10.431310653686523, -10.466232299804688, 0.13088783621788025, -0.12135479599237442, 0.026085292920470238, 0.017859332263469696, 0.4895574450492859, -0.5790939927101135, -0.18259599804878235, -0.05014393478631973, 0.4375994801521301, -0.62583327293396, -0.1554645597934723, -0.03126444295048714, -0.5992001295089722, 0.1618146300315857, -0.5619141459465027, -0.0949745774269104, -0.0021585682407021523, 0.06014455109834671, -0.4382978081703186, -0.1675727218389511, 0.1749107390642166, 0.0440380796790123, 0.06333739310503006, -0.3684009909629822, 0.5025734901428223, 0.6601446270942688, -0.2937259078025818, 0.11486455053091049, 0.6817185282707214, -0.16273261606693268, 0.044212136417627335, 0.5795931816101074, -0.7455312609672546, -3.741758108139038, 0.7946822047233582, 0.0, -0.38999998569488525, 0.47999998927116394, 0.012645297683775425, 0.2464054822921753, 0.9690790772438049, 0.0032153106294572353, 0.30644890666007996, 0.4693562686443329, -0.8266472816467285, 0.049476850777864456, 0.0273266788572073, -0.42534518241882324, 0.5208126306533813, -0.08778202533721924, 0.27601358294487, 0.9291946291923523, -0.22958222031593323, -0.34298431873321533, 0.17389096319675446, 0.5448808073997498, -3.098992109298706, -1.1444326639175415, -1.0911756753921509, 0.03557148575782776, -0.45349231362342834, 0.46938565373420715, 0.04135289415717125, -0.5923116207122803, 0.8045508861541748, -0.012434708885848522, -0.34480881690979004, -0.11439783126115799, 0.6303632855415344, -1.6090772151947021, -0.9810211658477783, -1.8213014602661133, 0.09279973804950714, -0.4279959797859192, 0.4636796712875366, 0.15722940862178802, -0.5527797937393188, 0.7690079808235168, -0.2798927128314972, -0.2648892402648926, -0.19163182377815247, 0.7320622205734253, -5.7009100914001465, -3.0040457248687744, -1.3591201305389404, 0.07215624302625656, -0.3987380564212799, 0.5188432335853577, -0.027196252718567848, 0.6557614207267761, 0.7541953325271606, -0.020652741193771362, -0.24592001736164093, -0.2736322581768036, 0.4249742329120636, 5.887740135192871, -0.311592161655426, -2.4787700176239014, -0.038260556757450104, -0.39020147919654846, 0.4776718318462372, 0.13546410202980042, -0.808089017868042, 0.5577229857444763, -0.13261449337005615, -0.5437350869178772, -0.08107758313417435, 0.5204644799232483, -7.728811264038086, -2.9495668411254883, -13.948132514953613, 1.7681865692138672, -1.7816156148910522, -1.3372833728790283, -0.008864901959896088, 0.005057391244918108, -0.004304477944970131, 2.6776692867279053, 2.9136040210723877, -1.1459399461746216, -0.006439875811338425, 0.012279411777853966, -0.010640215128660202, 2.3756816387176514, 2.370086431503296, -1.7652864456176758, 0.004286855924874544, 0.01399768702685833, 0.0033730047289282084, 1.2834010124206543, -2.550126552581787, -2.235840082168579, -0.040410466492176056, -0.01076210755854845, 0.005237737204879522, 2.3682050704956055, 3.15678071975708, -1.1408445835113525, -0.005623787175863981, 0.006146811880171299, 0.01434171199798584, 1.0, -0.5483958721160889, -0.8677453994750977, 0.4671064019203186, -0.3592917025089264, 1.0, -0.7089024186134338, -1.0, -1.0, -1.0, -0.3414353132247925, -1.0, 1.0, -0.7945586442947388, -0.07491655647754669, -0.6622954607009888, -1.0, -0.6266613602638245, 0.9094839096069336, 0.8011220693588257]
[-0.34524834156036377, -0.1362415999174118, -0.5539907813072205, 0.14490880072116852, -0.14007341861724854, 0.03782334178686142, 0.7517879605293274, -0.7393308877944946, -0.8889470100402832, -0.6986913681030273, -0.9705492258071899, -0.9706294536590576, -0.6270991563796997, -0.557241678237915, -0.7721318006515503, 0.7216084599494934, -0.28997141122817993, 0.4483283758163452, 0.7051384449005127, -0.0650431215763092, -0.9800469875335693, -0.5918653607368469, -0.17594273388385773, 0.1946987509727478, 0.5357033014297485, -0.04305063188076019, -0.19500227272510529, 1.2243760824203491, -0.5020129084587097, -0.1596582978963852, 0.10525490343570709, 0.6884276270866394, 0.11758221685886383, -0.03996918350458145, 0.15868841111660004, -0.11398263275623322, 1.6203762292861938, 0.4273582994937897, 0.2952198386192322, -0.04836025834083557, -0.7481999397277832, -0.5975385904312134, -0.2415745109319687, -1.8704395294189453, 0.07329215109348297, 0.24001944065093994, 1.2869452238082886, -0.1027066633105278, 5.591183662414551, -10.215532302856445, 0.10337420552968979, -0.2136210948228836, -0.002842317335307598, 0.012349948287010193, 0.24152815341949463, -0.5499414205551147, -0.15751373767852783, -0.03409116715192795, 0.45251163840293884, -0.6218575835227966, -0.14073145389556885, -0.021041393280029297, -0.8545823097229004, 0.026426613330841064, -0.543828010559082, -0.04673203453421593, 0.022547028958797455, 0.08331441879272461, -0.38955405354499817, -0.15254934132099152, 0.07281382381916046, -0.007094113156199455, 0.05699169635772705, -0.3696819841861725, 0.508617103099823, 0.6838489174842834, -0.27416709065437317, 0.11844242364168167, 0.6656983494758606, -0.44711220264434814, -0.11104428768157959, 0.29566535353660583, 0.8378806114196777, 1.2798885107040405, 0.5533915162086487, 0.0, -0.38999998569488525, 0.47999998927116394, 0.012645297683775425, 0.2464054822921753, 0.9690790772438049, 0.0032153106294572353, 0.28865528106689453, 0.49629271030426025, -0.8167045712471008, 0.05801168084144592, 0.01965334638953209, -0.4225187599658966, 0.5266433954238892, -0.0897606611251831, 0.3005329370498657, 0.9243701100349426, -0.2171698808670044, -0.5532757043838501, 0.22554780542850494, 0.17002736032009125, -2.250699996948242, -1.3673038482666016, -1.8135592937469482, 0.02804812230169773, -0.4549502730369568, 0.47571495175361633, 0.02675282582640648, -0.5729416012763977, 0.8191519975662231, 0.003469549585133791, -0.603748083114624, -0.04013241082429886, 0.2726326882839203, -3.6533546447753906, 0.029960259795188904, -3.018066883087158, 0.0863293781876564, -0.43160492181777954, 0.4691949784755707, 0.13114118576049805, -0.498492956161499, 0.811612606048584, -0.27493971586227417, -0.6226604580879211, -0.22033247351646423, 0.24933937191963196, -7.658423900604248, -5.435755729675293, -4.034314155578613, 0.06566598266363144, -0.4046716094017029, 0.5201007723808289, -0.02117455005645752, 0.6110711693763733, 0.791287899017334, 0.00265505607239902, -0.41864079236984253, -0.42931294441223145, 0.005591722205281258, 7.6498188972473145, -1.185674786567688, -2.290940761566162, -0.04587501287460327, -0.38833507895469666, 0.48118188977241516, 0.04410232976078987, -0.780180811882019, 0.6148736476898193, -0.10631652176380157, -0.6496794819831848, 0.12892189621925354, 0.18004649877548218, -5.154524803161621, -6.004814624786377, -9.512767791748047, 1.1715078353881836, -1.4708000421524048, -1.7711749076843262, -0.009712052531540394, 0.0002795610052999109, -0.007026113569736481, 1.3017891645431519, 2.517409324645996, -1.1272417306900024, 0.003669974859803915, 0.004445102997124195, -0.007718588225543499, 2.480170726776123, 2.14463472366333, -1.7608011960983276, 0.01112812664359808, 0.021034525707364082, -0.00381059804931283, 0.09094227105379105, -2.944307804107666, -1.9118125438690186, -0.02161758951842785, 0.0004235406231600791, 0.0133288549259305, 0.7700881958007812, 3.1906280517578125, -0.20324082672595978, -0.015050792135298252, -0.019415516406297684, 0.0037752336356788874, 1.0, -1.0, -0.8210811018943787, 1.0, -0.4516098201274872, 1.0, -0.2718085050582886, -0.7806681990623474, -1.0, -1.0, 0.505768895149231, -1.0, 1.0, -1.0, 0.15177111327648163, -0.9632814526557922, -1.0, -0.00516141764819622, 1.0, -0.0877462700009346]
[-0.18684610724449158, -0.1859045773744583, -0.5645433664321899, 0.2786983549594879, -0.17566175758838654, 0.0229304488748312, 0.7811741232872009, -0.6875993609428406, -0.8425750136375427, -0.6915636658668518, -0.9302248954772949, -0.9823748469352722, -0.4848894774913788, -0.5079625248908997, -0.7043534517288208, 0.7142450213432312, -0.36329513788223267, 0.4085244834423065, 0.6856939196586609, -0.18052640557289124, -0.970015823841095, -0.4980418086051941, 0.01414342038333416, 0.08868230134248734, 0.6394275426864624, -0.5571843981742859, 0.03852248564362526, 1.2383172512054443, -0.2352726310491562, -0.10964043438434601, 0.13247087597846985, 0.35358211398124695, 0.585599958896637, 0.1479240506887436, 0.09803347289562225, -0.10454412549734116, 1.1446720361709595, 0.43929553031921387, 0.3133490979671478, -0.005576739087700844, -0.663242518901825, -0.24538950622081757, -0.12947076559066772, -1.1797003746032715, 0.053961899131536484, 0.21674315631389618, 1.1081792116165161, -1.4329544305801392, 2.303323268890381, -5.468629837036133, 0.0669855922460556, -0.2263106405735016, -0.02643481269478798, 0.0041910442523658276, 0.09383031725883484, -0.4972115755081177, -0.15328195691108704, -0.041285380721092224, 0.020714648067951202, -0.352563738822937, -0.16263249516487122, -0.05695831775665283, -0.3677511215209961, 0.06327130645513535, -0.2022300362586975, 0.003976077307015657, 0.021292250603437424, 0.1366860717535019, -0.24757254123687744, -0.1316976398229599, 0.027528531849384308, -0.023311208933591843, 0.048386167734861374, -0.37209731340408325, 0.5108035206794739, 0.7330777645111084, -0.17621301114559174, 0.03608888015151024, 0.6559295058250427, -0.5560135245323181, -0.16597838699817657, 0.06810112297534943, 1.3923276662826538, 3.865483045578003, 0.7088066935539246, 0.0, -0.38999998569488525, 0.47999998927116394, 0.012645297683775425, 0.2464054822921753, 0.9690790772438049, 0.0032153106294572353, 0.17371951043605804, 0.5477628111839294, -0.8183941841125488, 0.0029321564361453056, 0.009418513625860214, -0.41967248916625977, 0.526566743850708, -0.08909890055656433, 0.31888511776924133, 0.9237181544303894, -0.1926613450050354, -0.6302772760391235, 0.18797223269939423, -0.1633506566286087, -1.3604968786239624, -1.1633259057998657, -3.5691676139831543, 0.017519846558570862, -0.45533865690231323, 0.47463512420654297, 0.014770799316465855, -0.5508793592453003, 0.833923876285553, 0.029743801802396774, -0.72307950258255, 0.02183460257947445, -0.22224679589271545, -2.754732847213745, 0.9694793820381165, -3.5426909923553467, 0.07612030953168869, -0.43518882989883423, 0.46657291054725647, 0.0977446436882019, -0.4564601182937622, 0.8465655446052551, -0.25576716661453247, -0.7124890089035034, -0.1680162400007248, -0.2833004295825958, -3.6355550289154053, -3.0518534183502197, -4.16877555847168, 0.05724548548460007, -0.4114511013031006, 0.5151029229164124, -0.013747284188866615, 0.5614855289459229, 0.8269006609916687, 0.02793198823928833, -0.5075309872627258, -0.4457074999809265, -0.3345593214035034, 7.303040027618408, -0.9402304291725159, -3.1393566131591797, -0.055089015513658524, -0.3844231963157654, 0.4800431430339813, -0.009442649781703949, -0.7599505186080933, 0.6404739618301392, -0.11035917699337006, -0.5980178713798523, 0.2763260304927826, -0.14216284453868866, -1.7252604961395264, -3.865994453430176, -2.5741608142852783, 0.5794285535812378, -0.6716254353523254, -1.4311697483062744, -0.005883336998522282, -0.0033256267197430134, -0.006687999237328768, 0.4653630256652832, 2.279545783996582, -0.9620121717453003, -0.007092197425663471, 0.0009422096773050725, -0.003856066847220063, 0.13963466882705688, 2.1008124351501465, -1.3701235055923462, -0.02544613741338253, 0.0006757547962479293, 0.0052763852290809155, 0.3470120429992676, -1.3245643377304077, -0.6448567509651184, 0.0014237872092053294, -0.006429458037018776, 0.001671214820817113, -0.04319467023015022, 2.4035398960113525, -0.020976047962903976, -0.024127297103405, -0.02262008562684059, -0.010699253529310226, 1.0, -1.0, -0.40288475155830383, 1.0, -0.2700915038585663, 1.0, -0.5952295064926147, -0.43756103515625, -1.0, -1.0, 0.0848032534122467, -1.0, 1.0, -0.9461604356765747, 0.32422947883605957, -0.6067895293235779, -1.0, -0.11897273361682892, 0.9608691334724426, -1.0]
[-0.014054614119231701, -0.27961674332618713, -0.5307899117469788, 0.40083345770835876, -0.19843581318855286, 0.01370072178542614, 0.813797652721405, -0.6562962532043457, -0.789719820022583, -0.6737180948257446, -0.9154409170150757, -0.9925801753997803, -0.4164676368236542, -0.47294437885284424, -0.6500102877616882, 0.7135836482048035, -0.42271366715431213, 0.37620091438293457, 0.6739535331726074, -0.23549936711788177, -0.9658923745155334, -0.42968443036079407, 0.12868136167526245, -0.07252287864685059, 0.649713933467865, -0.7318422794342041, 0.1917710304260254, 1.0695013999938965, -0.1960037648677826, -0.07384767383337021, 0.13764101266860962, 0.24752186238765717, 0.4337434768676758, 0.16345511376857758, 0.054780591279268265, -0.11114614456892014, 0.3586292862892151, 0.219890758395195, 0.2265692800283432, -0.0038941134698688984, -0.4816695749759674, -0.32541218400001526, -0.10861873626708984, -0.40906259417533875, 0.0077584534883499146, 0.1379033327102661, 0.49362826347351074, -1.5170148611068726, -0.17657311260700226, -1.6332857608795166, 0.013520242646336555, -0.13185901939868927, -0.033910199999809265, -0.007007206324487925, -0.01318430621176958, -0.15787704288959503, -0.07176510989665985, -0.025440379977226257, -0.005727720446884632, -0.12244716286659241, -0.10250582545995712, -0.04705757647752762, -0.17862461507320404, -0.011246800422668457, -0.03541473299264908, 0.00584400026127696, 0.005124621093273163, 0.09742787480354309, -0.1145251989364624, -0.07234351336956024, -0.06360172480344772, -0.020662622526288033, 0.03887378051877022, -0.3750278353691101, 0.5097694993019104, 0.7708544135093689, -0.04048793762922287, -0.07255114614963531, 0.6315699219703674, -0.5846468806266785, -0.1831882745027542, -0.10885333269834518, 1.3947455883026123, 4.144354343414307, 0.9172481894493103, 0.0, -0.38999998569488525, 0.47999998927116394, 0.012645297683775425, 0.2464054822921753, 0.9690790772438049, 0.0032153106294572353, 0.015851181000471115, 0.5921838283538818, -0.8027291893959045, -0.06850588321685791, -0.0013001174665987492, -0.41722968220710754, 0.5227420926094055, -0.08287007361650467, 0.32830873131752014, 0.9273725152015686, -0.15914146602153778, -0.593003511428833, 0.1655396819114685, -0.2880871593952179, -0.19095748662948608, -0.48982590436935425, -4.3736653327941895, 0.0059385886415839195, -0.4546273648738861, 0.46833324432373047, 0.005834793671965599, -0.5399166941642761, 0.8395384550094604, 0.060258734971284866, -0.7336903810501099, 0.08271399885416031, -0.4432409405708313, -0.6258979439735413, 1.2609832286834717, -3.5928046703338623, 0.06549544632434845, -0.43746888637542725, 0.45857152342796326, 0.07404321432113647, -0.4524325728416443, 0.8576087951660156, -0.23308654129505157, -0.6772340536117554, -0.13176274299621582, -0.583032488822937, 1.498598337173462, -0.3055034875869751, -3.72481107711792, 0.047895535826683044, -0.41762927174568176, 0.506528377532959, -0.002165166661143303, 0.5078645944595337, 0.8597098588943481, 0.05447753891348839, -0.5313343405723572, -0.38956841826438904, -0.45749813318252563, 7.668331146240234, -0.7643067836761475, -3.2012994289398193, -0.06362873315811157, -0.37956130504608154, 0.4762308597564697, -0.021590640768408775, -0.7568352818489075, 0.6412401795387268, -0.1246802806854248, -0.44924959540367126, 0.30880752205848694, -0.2736836373806, 0.8210819959640503, -1.38003408908844, 1.238844394683838, 0.018326427787542343, 0.019246399402618408, -0.7495555281639099, -0.006718510761857033, -0.0014453382464125752, -0.0018730409210547805, -0.10590649396181107, 0.9660600423812866, -0.4043351411819458, -0.010949481278657913, -0.000925752567127347, -0.0006714992341585457, -0.04561920464038849, 1.275280475616455, -0.6159518957138062, -0.027928374707698822, 0.00060044921701774, 0.0009532348485663533, -0.14421890676021576, -0.39666426181793213, -0.10577593743801117, -0.0008253430714830756, -0.0016216076910495758, 0.0029377012979239225, -0.6625146865844727, 1.1216871738433838, 0.4826887249946594, -0.016930783167481422, -0.010062385350465775, -0.009689806960523129, 0.9395334124565125, -1.0, -0.20957620441913605, 1.0, -0.31053727865219116, 1.0, -0.5526105165481567, -0.5702098608016968, -1.0, -1.0, -0.35557717084884644, -1.0, 1.0, -0.8416233062744141, 0.17118249833583832, -0.31006771326065063, -1.0, -0.21296842396259308, 0.4027394652366638, -1.0]
[0.11840405315160751, -0.38384148478507996, -0.47750821709632874, 0.49399062991142273, -0.23147833347320557, 0.004654701799154282, 0.8517002463340759, -0.649312436580658, -0.7744140625, -0.6620929837226868, -0.8941705822944641, -0.9999969005584717, -0.41711145639419556, -0.4622398614883423, -0.6147969365119934, 0.7158334255218506, -0.46343743801116943, 0.3447190523147583, 0.6626449823379517, -0.2460446059703827, -0.9667807221412659, -0.4001065492630005, 0.14126056432724, -0.21847215294837952, 0.3802407681941986, -0.7430865168571472, 0.23079624772071838, 0.7477749586105347, -0.36322346329689026, -0.10371135920286179, 0.16213349997997284, -0.04075615853071213, -0.01609976403415203, 0.04949469119310379, 0.08958596736192703, -7.945890683913603e-05, -0.2006618231534958, 0.005133730825036764, 0.16111750900745392, 0.020049313083291054, -0.3011123836040497, -0.2709368169307709, -0.10056131333112717, 0.01788264326751232, -0.018055113032460213, 0.03645486757159233, -0.14415138959884644, -1.2607414722442627, -6.872536659240723, 0.12375184893608093, -0.06476620584726334, -0.16380621492862701, -0.06851553171873093, -0.022480972111225128, -0.2771427035331726, -0.061496153473854065, -0.059332892298698425, -0.02842714637517929, -0.26370829343795776, 0.05532745271921158, -0.020962858572602272, -0.017761120572686195, -0.15178486704826355, -0.1428062468767166, 0.07356530427932739, 0.044238053262233734, 0.011139094829559326, 0.04981750622391701, -0.048685140907764435, -0.0373479463160038, -0.18156082928180695, -0.04336418956518173, 0.029123257845640182, -0.3781099021434784, 0.5058966875076294, 0.7826590538024902, 0.10342216491699219, -0.17375797033309937, 0.5886908173561096, -0.5849121809005737, -0.18487787246704102, -0.27322259545326233, 1.3120197057724, 3.9598445892333984, 1.1199886798858643, 0.0, -0.38999998569488525, 0.47999998927116394, 0.012645297683775425, 0.2464054822921753, 0.9690790772438049, 0.0032153106294572353, -0.14796683192253113, 0.6159316301345825, -0.7625903487205505, -0.13111166656017303, -0.009218810126185417, -0.41553795337677, 0.517410159111023, -0.07341551035642624, 0.32016894221305847, 0.9355208277702332, -0.13001003861427307, -0.3247101306915283, 0.06459541618824005, -0.31786084175109863, 2.2783071994781494, 0.49605485796928406, -3.071687698364258, -0.003355320543050766, -0.4529143273830414, 0.45908787846565247, -0.00013062520883977413, -0.5536013841629028, 0.8282778859138489, 0.08649418503046036, -0.47500118613243103, 0.11101531237363815, -0.657153844833374, 3.689363956451416, 0.7935079336166382, -2.6547787189483643, 0.05713607370853424, -0.4379589557647705, 0.44851940870285034, 0.06077508628368378, -0.4804331958293915, 0.8489423394203186, -0.21163006126880646, -0.4089984893798828, -0.013499541208148003, -0.6583989858627319, 4.53654670715332, 1.0722941160202026, -2.234705686569214, 0.04046774283051491, -0.4217228293418884, 0.49709972739219666, 0.007633155211806297, 0.45501387119293213, 0.8872891068458557, 0.0749804824590683, -0.34024134278297424, -0.23214507102966309, -0.4736529290676117, 6.64069128036499, -0.651922881603241, -2.0277233123779297, -0.06902745366096497, -0.3757149577140808, 0.47167208790779114, -0.0061468277126550674, -0.7653114795684814, 0.625974714756012, -0.149720698595047, -0.14138445258140564, 0.20787230134010315, -0.3105592727661133, 2.2595250606536865, -0.8437280058860779, 4.830427169799805, -1.056926965713501, 0.7086459398269653, -0.8297685384750366, -0.01185128279030323, 0.004573719576001167, 0.005724672693759203, -1.569725513458252, 0.6803247332572937, -0.32606279850006104, -0.018222274258732796, -0.00678702536970377, 0.003069430124014616, -1.5204565525054932, 0.37487122416496277, 0.21571975946426392, -0.01213805004954338, -0.006231986451894045, 0.004238105844706297, -1.0771446228027344, -0.3168957233428955, 0.6531734466552734, 0.006385659798979759, 0.004744243808090687, 0.004131995141506195, -1.9712878465652466, 0.5352152585983276, 1.534537672996521, -0.009718709625303745, -0.011823588982224464, -0.004666958004236221, 0.06486905366182327, -1.0, -0.1717623621225357, 0.8649510741233826, -0.4835881292819977, 1.0, -0.7433669567108154, -0.8709747791290283, -0.8083307147026062, -1.0, -0.6364499926567078, -1.0, 1.0, -0.7392604351043701, 0.20140020549297333, -0.17832458019256592, -1.0, -0.40405768156051636, -0.1859443187713623, -0.937748372554779]
[0.17593328654766083, -0.4716288447380066, -0.4141506850719452, 0.5096286535263062, -0.2562392055988312, -0.0049712019972503185, 0.8662144541740417, -0.664104163646698, -0.7790040969848633, -0.6611341238021851, -0.8519189357757568, -0.9775022268295288, -0.45770734548568726, -0.46994301676750183, -0.6010415554046631, 0.7329183220863342, -0.4636295437812805, 0.31633660197257996, 0.6524125933647156, -0.24036262929439545, -0.9711501002311707, -0.43109482526779175, 0.06885559111833572, -0.30829259753227234, 0.0917743593454361, -0.5374228358268738, 0.27372539043426514, -0.18114705383777618, -0.16348984837532043, -0.07095130532979965, -0.0008004438132047653, -0.18577556312084198, -0.05612131580710411, -0.011093692854046822, 0.21014587581157684, 0.3201129138469696, -0.4624985158443451, -0.1248243972659111, 0.01719658635556698, 0.10543074458837509, 0.16254571080207825, -0.2533535957336426, -0.09215306490659714, 0.09682468324899673, -0.04077652841806412, -0.13601520657539368, -0.6061683893203735, -0.6064355969429016, -7.136148452758789, 2.549750804901123, -0.06060978025197983, -0.21230879426002502, -0.08316759020090103, -0.02486780658364296, -0.32895293831825256, 0.15905910730361938, 0.05103079229593277, 0.013918843120336533, -0.2528412640094757, 0.21804459393024445, 0.0586150586605072, 0.012384692206978798, -0.02632726915180683, -0.15497422218322754, 0.20001284778118134, 0.07076501846313477, 0.012972150929272175, -0.00910684559494257, 0.08812230080366135, 0.02303316257894039, -0.17229577898979187, -0.029008956626057625, 0.01937277242541313, -0.38119181990623474, 0.49929749965667725, 0.7682783603668213, 0.244540736079216, -0.25869980454444885, 0.5319986343383789, -0.5849121809005737, -0.18487787246704102, -0.43675529956817627, 1.2302159070968628, 3.756622791290283, 1.3003157377243042, 0.0, -0.38999998569488525, 0.47999998927116394, 0.012645297683775425, 0.2464054822921753, 0.9690790772438049, 0.0032153106294572353, -0.30498141050338745, 0.6174927353858948, -0.7025962471961975, -0.17901869118213654, -0.012289144098758698, -0.4164597988128662, 0.5113165974617004, -0.06291867047548294, 0.2898103892803192, 0.9483405947685242, -0.11269942671060562, -0.031690336763858795, -0.17488829791545868, -0.3253653347492218, 4.614041805267334, 1.3554291725158691, -1.6133900880813599, -0.007557066157460213, -0.4509153962135315, 0.4499087631702423, -0.001447663176804781, -0.5801804065704346, 0.8085401654243469, 0.09824104607105255, -0.11692249774932861, 0.10027756541967392, -0.5516992211341858, 3.9102306365966797, 0.10739293694496155, -0.5922217965126038, 0.05272398144006729, -0.43729957938194275, 0.440827876329422, 0.054683420807123184, -0.5125545263290405, 0.8341560959815979, -0.19616582989692688, -0.16642729938030243, 0.026075538247823715, -0.4203793406486511, 3.8493123054504395, 1.2080153226852417, -1.286020278930664, 0.03692324832081795, -0.4230530560016632, 0.49006956815719604, 0.015649529173970222, 0.4191145598888397, 0.903773844242096, 0.08538583666086197, -0.094303660094738, -0.05131356418132782, -0.29272332787513733, 3.5751900672912598, 0.22682583332061768, -0.9557280540466309, -0.07035630941390991, -0.3741219639778137, 0.46737006306648254, 0.017193913459777832, -0.775917649269104, 0.6029883623123169, -0.1845567673444748, 0.10182361304759979, 0.07282977551221848, -0.2673187553882599, 2.4631175994873047, -1.5683714151382446, 5.362582683563232, -1.1610403060913086, 1.1177470684051514, -0.7520144581794739, -0.008101601153612137, 0.0039670527912676334, 0.006796370726078749, -1.8294200897216797, -0.8068732023239136, 0.2918681800365448, 0.0018157446756958961, -0.008832263760268688, 0.0062924521043896675, -1.4570858478546143, -0.6258001327514648, 0.910380482673645, 0.0029976903460919857, -0.006807682104408741, 0.001519209356047213, -1.2095227241516113, 0.09118876606225967, 1.266426920890808, 0.014339982531964779, 0.004288454540073872, 0.005322107579559088, -1.6383428573608398, -0.35528093576431274, 1.6039801836013794, -9.461224180995487e-06, -0.0027954732067883015, -1.543579128338024e-05, -0.3397112786769867, -0.765445351600647, -0.046626586467027664, 0.21340227127075195, -0.3310416042804718, 0.703865110874176, -0.7798642516136169, -0.8124178647994995, -0.5753771662712097, -0.6615641713142395, -0.7668294310569763, -0.9062310457229614, 1.0, -0.3358386754989624, 0.1808599978685379, -0.18794775009155273, -1.0, -0.8413845896720886, -0.6233229041099548, -0.5653342604637146]
[0.17867885529994965, -0.5217772126197815, -0.3394003212451935, 0.4260542392730713, -0.2457679808139801, -0.006664413958787918, 0.8440170288085938, -0.6934944987297058, -0.7565047144889832, -0.6604061126708984, -0.7737950086593628, -0.8919593691825867, -0.5119108557701111, -0.4868634045124054, -0.5870633125305176, 0.7655494809150696, -0.4124917685985565, 0.26483994722366333, 0.6386566758155823, -0.22250884771347046, -0.9781579971313477, -0.5064784288406372, -0.06375472992658615, -0.3224368393421173, -0.04688837006688118, -0.23018088936805725, 0.32338255643844604, -1.08983314037323, 0.22718682885169983, 0.03653401881456375, -0.1378091275691986, -0.31878989934921265, 0.34199637174606323, 0.0422198660671711, 0.3788047730922699, 1.0550280809402466, -0.5110844969749451, -0.17466942965984344, 0.0994584783911705, 0.14916284382343292, 0.6412704586982727, -0.588922381401062, -0.2021719217300415, 0.28387024998664856, -0.054617542773485184, -0.21054616570472717, -0.9274099469184875, 0.1153116375207901, -2.7420783042907715, 3.386366844177246, -0.026500798761844635, -0.11044785380363464, -0.04160039499402046, -0.010536891408264637, -0.10469207167625427, 0.16301366686820984, 0.06986793875694275, 0.024129975587129593, -0.07466540485620499, 0.3892534673213959, 0.14604008197784424, 0.04650308936834335, 0.23577019572257996, -0.0564815029501915, 0.2577880322933197, 0.04635075107216835, -0.00649162195622921, -0.01795574277639389, 0.15009471774101257, 0.06475271284580231, -0.08296418190002441, -0.004724536091089249, 0.011220207437872887, -0.3829852044582367, 0.49140629172325134, 0.7243448495864868, 0.37757837772369385, -0.31387022137641907, 0.4839881360530853, -0.37144216895103455, -0.011732365004718304, -0.4047616720199585, 0.4781200885772705, 2.93337345123291, 2.1948390007019043, 0.0, -0.38999998569488525, 0.47999998927116394, 0.012645297683775425, 0.2464054822921753, 0.9690790772438049, 0.0032153106294572353, -0.4470338225364685, 0.5878731608390808, -0.6437398791313171, -0.20041190087795258, -0.011782998219132423, -0.42037296295166016, 0.5050865411758423, -0.05143090337514877, 0.24818439781665802, 0.9617932438850403, -0.1035042405128479, 0.11539367586374283, -0.34600719809532166, -0.320983350276947, 5.086006164550781, 1.715250015258789, -1.0438690185546875, -0.007484390866011381, -0.44956839084625244, 0.44398996233940125, 0.0018259009812027216, -0.5941174626350403, 0.7986420392990112, 0.09587453305721283, 0.09019789099693298, 0.052512478083372116, -0.2659514248371124, 0.8545991778373718, -0.09173649549484253, 0.9028525352478027, 0.05069859325885773, -0.437570184469223, 0.43954527378082275, 0.05006391555070877, -0.5216345191001892, 0.8318619728088379, -0.18274721503257751, -0.1066407710313797, -0.05617061257362366, 0.10925494134426117, -0.6542388200759888, 0.22135844826698303, -1.7009810209274292, 0.03601248189806938, -0.42274540662765503, 0.4880896508693695, 0.020320802927017212, 0.4013723134994507, 0.9111796617507935, 0.09076837450265884, -0.011043715290725231, 0.023304782807826996, 0.03445284813642502, 1.7110319137573242, -0.1607917845249176, -0.6035158038139343, -0.068722665309906, -0.3745171129703522, 0.4642743766307831, 0.03796123340725899, -0.7849779725074768, 0.5793762803077698, -0.21608245372772217, 0.2129700928926468, -0.023178575560450554, -0.17131485044956207, 2.2737808227539062, -1.028268814086914, 4.30581521987915, -0.4989202618598938, 0.7755750417709351, -0.13553938269615173, 0.001096733845770359, 0.0007433563005179167, 0.003077249974012375, -0.5706230401992798, -1.0179539918899536, 0.5027029514312744, 0.008860667236149311, -0.0017433562316000462, 0.002810975769534707, -0.44284358620643616, -1.774011254310608, 1.4174339771270752, 0.019892917945981026, -0.002519968431442976, -0.0018640677444636822, -0.3257594704627991, 0.8508591651916504, 1.2329738140106201, 0.006271264515817165, 0.004327819216996431, -0.001623616786673665, -0.5995817184448242, -0.8842036128044128, 0.7593940496444702, 0.0027653106953948736, 0.004868769086897373, -0.002956866519525647, -0.26648271083831787, -0.44805392622947693, 0.10777033865451813, -0.3964073061943054, -0.05179046094417572, 0.4424341917037964, -0.7930080890655518, -0.4264846444129944, -0.22286546230316162, -0.0722556933760643, -0.7986100316047668, -0.3438718616962433, 0.9611515402793884, 0.09002136439085007, -0.13282810151576996, -0.0728941410779953, -1.0, -1.0, -0.9928388595581055, -0.13208609819412231]
[0.15029804408550262, -0.5210710763931274, -0.26356077194213867, 0.273337185382843, -0.2353060096502304, -0.001999923726543784, 0.753207802772522, -0.7206844091415405, -0.7093215584754944, -0.6513131260871887, -0.6692724227905273, -0.7476417422294617, -0.5617176294326782, -0.5052752494812012, -0.5184919238090515, 0.802595317363739, -0.358805388212204, 0.1961974799633026, 0.5911523699760437, -0.1727723926305771, -0.9864683747291565, -0.5903799533843994, -0.2096543312072754, -0.2961815297603607, -0.15239015221595764, 0.16699175536632538, 0.3045051097869873, -1.5849913358688354, 0.023150144144892693, 0.029023805633187294, -0.5134110450744629, -0.18414020538330078, 0.4998871982097626, 0.1240055114030838, 0.4552116096019745, 1.497193694114685, -0.423801988363266, -0.16297219693660736, 0.4475003182888031, 0.15372319519519806, 0.42632803320884705, -0.6577827334403992, -0.6565549969673157, 0.7847355008125305, -0.05960143730044365, -0.20274220407009125, -0.8835749626159668, 0.30762070417404175, -2.5694756507873535, 4.5822930335998535, -0.040413036942481995, 0.06195086985826492, -0.021979911252856255, -0.01601571962237358, -0.19206544756889343, 0.369947612285614, 0.14324010908603668, 0.050076961517333984, -0.08571097254753113, 0.3729152977466583, 0.1427081972360611, 0.04673566669225693, 0.4126080274581909, -0.046687182039022446, 0.20201826095581055, 0.024746712297201157, -0.023222684860229492, -0.011547240428626537, 0.20703724026679993, 0.09916343539953232, -0.043173208832740784, -0.006095056422054768, 0.006353454664349556, -0.38219958543777466, 0.48420995473861694, 0.6124382019042969, 0.5332320928573608, -0.3683270812034607, 0.45267876982688904, -0.24751965701580048, 0.07981611788272858, -0.4214611053466797, -0.3637235760688782, 4.497079372406006, 3.293346881866455, 0.0, -0.38999998569488525, 0.47999998927116394, 0.012645297683775425, 0.2464054822921753, 0.9690790772438049, 0.0032153106294572353, -0.6112569570541382, 0.4883306622505188, -0.5840310454368591, -0.21634674072265625, -0.009304146282374859, -0.42628881335258484, 0.4999295175075531, -0.039053354412317276, 0.1964947134256363, 0.9746363759040833, -0.09974280744791031, 0.2168228179216385, -0.4651834964752197, -0.21865716576576233, 6.5824294090271, 2.1151485443115234, -0.3393970727920532, -0.0037170604337006807, -0.44973158836364746, 0.4432714581489563, 0.008955924771726131, -0.5858529806137085, 0.8067171573638916, 0.07683420926332474, 0.3655546009540558, -0.045422885566949844, 0.1513453871011734, -2.867570638656616, -0.8622707724571228, 3.347867727279663, 0.049823977053165436, -0.4392653703689575, 0.44610467553138733, 0.044850047677755356, -0.4974364638328552, 0.8494717478752136, -0.17012640833854675, -0.04603606089949608, -0.08759785443544388, 0.6424350738525391, -5.212321758270264, -0.709675669670105, -1.7531683444976807, 0.035652101039886475, -0.4221668243408203, 0.491294801235199, 0.011618762277066708, 0.38339483737945557, 0.918047308921814, 0.1003122329711914, -0.036518875509500504, 0.008596209809184074, 0.3416445255279541, 2.5522501468658447, -2.5321033000946045, -0.49295422434806824, -0.06561658531427383, -0.37609994411468506, 0.4632053077220917, 0.06352338939905167, -0.7948494553565979, 0.5553444027900696, -0.23616038262844086, 0.2682817578315735, -0.07659041881561279, -0.04157606512308121, 2.161769151687622, 0.8573211431503296, 4.360165119171143, -0.5005042552947998, 0.8633673787117004, 0.5935864448547363, -0.0030652082059532404, 0.0012741760583594441, 0.003807603381574154, -1.0390465259552002, -2.046315908432007, 0.9815496802330017, 0.01938221976161003, -0.006331191398203373, 0.007537389174103737, -0.5720000267028809, -1.7859411239624023, 1.4212197065353394, 0.01994655653834343, -0.0038966990541666746, -0.0006888171192258596, -0.0803542509675026, 1.1146142482757568, 0.986947774887085, -0.006503472104668617, 0.007099257782101631, -0.005968152545392513, -0.49464288353919983, -1.2593680620193481, 0.40662261843681335, 0.0010172977345064282, 0.0018192268908023834, -0.007989544421434402, -0.3460903763771057, -0.08545561879873276, 0.13089825212955475, -0.7625229954719543, -0.2617243230342865, -0.20223970711231232, -0.709492564201355, -0.3423406481742859, -0.05278843268752098, 0.28732630610466003, -0.7740128040313721, 0.2543351352214813, 1.0, -0.11211419850587845, -0.19606821238994598, 0.2440449297428131, -1.0, -1.0, -1.0, -0.08005637675523758]
[0.10076458752155304, -0.4532022178173065, -0.19841724634170532, 0.10001470148563385, -0.23648642003536224, -0.0010162004036828876, 0.5678903460502625, -0.7260023951530457, -0.5909731984138489, -0.6284504532814026, -0.5415351390838623, -0.5367900729179382, -0.6001930832862854, -0.5213263630867004, -0.3664531707763672, 0.8362336158752441, -0.29738014936447144, 0.12952548265457153, 0.5113158226013184, -0.04571738839149475, -0.9953937530517578, -0.6294873356819153, -0.34083205461502075, -0.2540939450263977, -0.218231201171875, 0.6833091378211975, 0.24837982654571533, -1.6029770374298096, -0.028611663728952408, -0.00329986191354692, -0.9307511448860168, 0.018865782767534256, 1.4122666120529175, 0.34965938329696655, 0.5616416335105896, 2.215627431869507, -0.3038978576660156, -0.13163724541664124, 0.8692226409912109, 0.13169363141059875, 0.6584060788154602, -0.5888819098472595, -0.7723534107208252, 1.9742075204849243, -0.06039845570921898, -0.03831461817026138, -0.7664355039596558, 0.4304026663303375, -2.34967303276062, 6.2866740226745605, -0.05193401873111725, 0.27378854155540466, 0.06053522229194641, 0.00903437938541174, -0.2425028532743454, 0.5150208473205566, 0.24951085448265076, 0.09969541430473328, -0.04717714339494705, 0.5363692045211792, 0.20451679825782776, 0.06762456148862839, 0.5443178415298462, -0.05900073051452637, 0.37093108892440796, 0.08146710693836212, 0.004980890080332756, 0.019842568784952164, 0.2755725085735321, 0.14319807291030884, -0.0254477821290493, -0.0026283857878297567, 0.00862270500510931, -0.3808247745037079, 0.4822344183921814, 0.6787750124931335, 0.4306418001651764, -0.24778082966804504, 0.5407557487487793, 0.3006875216960907, 0.10622946918010712, 0.21165481209754944, -0.5653126835823059, -2.3726797103881836, 0.4579268991947174, 0.0, -0.38999998569488525, 0.47999998927116394, 0.012645297683775425, 0.2464054822921753, 0.9690790772438049, 0.0032153106294572353, -0.4830360412597656, 0.5290593504905701, -0.6866400837898254, -0.12368472665548325, -0.005768538452684879, -0.43224263191223145, 0.4987362325191498, -0.028127048164606094, 0.14981210231781006, 0.9832068085670471, -0.10034622997045517, 0.2528480589389801, -0.3921305537223816, 0.07868427038192749, 4.551215648651123, 1.6471197605133057, 0.14225289225578308, 0.00397972809150815, -0.4515123963356018, 0.45131170749664307, 0.01948729157447815, -0.5268062949180603, 0.8489655256271362, 0.036781683564186096, 0.6271462440490723, -0.06071575731039047, 0.8668925762176514, -12.002925872802734, -1.6746529340744019, 6.115750312805176, 0.04941074550151825, -0.44113168120384216, 0.46279746294021606, 0.03732992708683014, -0.4271325469017029, 0.8894984126091003, -0.1579771488904953, -0.060195162892341614, 0.03343381732702255, 1.3944963216781616, -11.957717895507812, -2.2383291721343994, -2.1524922847747803, 0.03468873351812363, -0.42036208510398865, 0.5017420053482056, -0.016498593613505363, 0.38018998503685, 0.9173822402954102, 0.11658939719200134, -0.12221619486808777, 0.18399982154369354, 0.8000167012214661, -1.849743127822876, -4.6493964195251465, -0.4538170397281647, -0.06198358163237572, -0.378475159406662, 0.4650093913078308, 0.10988863557577133, -0.8126310110092163, 0.5232687592506409, -0.23182983696460724, 0.25909945368766785, -0.10040298849344254, 0.09729769080877304, 2.9153072834014893, 5.906984329223633, 5.092601776123047, -0.5034403800964355, 0.33268746733665466, 1.8176078796386719, 0.01402469165623188, 0.0010573874460533261, 0.0040850029326975346, -1.2277562618255615, -3.4133646488189697, 1.6074180603027344, 0.04849495366215706, -0.007831331342458725, 0.010342026129364967, -0.5288785696029663, -2.5553462505340576, 2.0088605880737305, 0.029294367879629135, -0.003728694748133421, -0.001039004884660244, 0.0032699634321033955, 1.0838968753814697, 2.0315887928009033, 0.021239344030618668, 0.009506632573902607, -0.007392277475446463, -0.3805702328681946, -1.610919713973999, 0.15961886942386627, -0.005254149436950684, 0.003460734384134412, -0.016428900882601738, -0.45890384912490845, 0.5744931697845459, 0.10472330451011658, -0.831285834312439, -0.25479787588119507, -1.0, -0.4435391128063202, 0.5030557513237, 0.23678484559059143, 1.0, -0.7262821793556213, 1.0, 1.0, 0.19163048267364502, -0.18839667737483978, 1.0, -1.0, -0.5563246011734009, -1.0, 0.02505006641149521]
[0.015191176906228065, -0.3282422721385956, -0.18313300609588623, -0.044267699122428894, -0.226423442363739, -7.800582534400746e-05, 0.36135250329971313, -0.6936445832252502, -0.4950401186943054, -0.5919730067253113, -0.46423977613449097, -0.3022598922252655, -0.6502535343170166, -0.5365609526634216, -0.17410629987716675, 0.8664182424545288, -0.21353858709335327, 0.09272266924381256, 0.443124920129776, 0.11505895853042603, -0.9999986290931702, -0.6716352701187134, -0.45186561346054077, -0.19258993864059448, -0.3982464373111725, 1.0161173343658447, -0.037310339510440826, -1.176965594291687, 0.1607770025730133, 0.03025132417678833, -0.8101842999458313, 0.4803430736064911, 0.6232808232307434, 0.27920565009117126, 0.17511652410030365, 2.151899814605713, -0.5377538800239563, -0.16452546417713165, 0.9152383804321289, 0.1199914962053299, 0.8499862551689148, -0.2015824168920517, -0.46580663323402405, 1.9803247451782227, -4.6922938054194674e-05, -0.13713014125823975, -0.6391090154647827, 0.6388397812843323, -4.398329734802246, 3.8945508003234863, -0.12142321467399597, 0.27605247497558594, 0.09647855162620544, 0.028684690594673157, -0.1512911021709442, 0.40068238973617554, 0.09006400406360626, 0.01853996515274048, -0.2280009537935257, 0.14263133704662323, 0.028219033032655716, 0.0031148341950029135, 0.10959306359291077, -0.13675731420516968, 0.20083384215831757, 0.07816474139690399, 0.03287765756249428, -0.08288516104221344, 0.28961116075515747, 0.12289046496152878, -0.055458538234233856, -0.008206513710319996, 0.015426910482347012, -0.3801734745502472, 0.487010657787323, 0.6875126957893372, 0.38805827498435974, -0.1798073947429657, 0.5868613123893738, 0.43682384490966797, 0.040881864726543427, 0.29988381266593933, -0.47938665747642517, -1.2833143472671509, 0.6477987766265869, 0.0, -0.38999998569488525, 0.47999998927116394, 0.012645297683775425, 0.2464054822921753, 0.9690790772438049, 0.0032153106294572353, -0.4255751371383667, 0.5251697301864624, -0.7337929010391235, -0.0680471658706665, -0.00015212572179734707, -0.4360491633415222, 0.5034376978874207, -0.02500600554049015, 0.13471809029579163, 0.9841271638870239, -0.112779900431633, 0.40426167845726013, -0.15478430688381195, 0.42528536915779114, -0.20125295221805573, 0.21173527836799622, 2.2496864795684814, 0.014460362493991852, -0.4530106782913208, 0.4666071832180023, 0.027455944567918777, -0.4388802945613861, 0.8980180025100708, -0.013924499973654747, 0.730711042881012, 0.06578343361616135, 1.196516513824463, -11.717967987060547, -2.3864686489105225, 6.099913597106934, 0.051635030657052994, -0.43926113843917847, 0.4857771694660187, 0.03171655908226967, -0.33244234323501587, 0.9288842678070068, -0.16015644371509552, 0.2042158544063568, 0.4048767685890198, 1.553748607635498, -11.928289413452148, -2.883692502975464, 0.8162599802017212, 0.034211259335279465, -0.4149261713027954, 0.5178551077842712, -0.05684846639633179, 0.41560977697372437, 0.8982964158058167, 0.13076812028884888, -0.04107649251818657, 0.518108069896698, 0.9529246091842651, -7.732609748840332, -4.539025783538818, 0.19167250394821167, -0.05735509470105171, -0.3815003037452698, 0.46926233172416687, 0.16270144283771515, -0.8287453651428223, 0.49318379163742065, -0.2085164487361908, 0.31366652250289917, -0.15402619540691376, 0.23813623189926147, 1.354235053062439, 6.577187538146973, 3.840362071990967, -0.9745076894760132, -0.3200477957725525, 1.7368476390838623, 0.02388397417962551, 0.004180573858320713, 0.00936326663941145, -0.6965078115463257, -1.276591420173645, 1.133919596672058, -0.0006089046946726739, -0.001023164833895862, 0.0007383074262179434, -1.5756226778030396, -0.3180335760116577, 0.718476414680481, -0.0016556689515709877, -0.008223623037338257, 0.010670414194464684, -0.7073822617530823, -0.18761008977890015, 1.3242568969726562, 0.030063504353165627, 0.006279326509684324, 0.0019691537600010633, -0.6095649003982544, -1.6867718696594238, 0.5229032635688782, 0.00952949933707714, 0.0015465187607333064, -0.004374369978904724, -1.0, 0.7273285984992981, -0.3813999891281128, -0.6320586800575256, -0.0841546356678009, -0.7329848408699036, -0.25840577483177185, -0.23993046581745148, -0.4673890471458435, 1.0, -1.0, 1.0, 1.0, 0.36845898628234863, 0.0580984503030777, 1.0, -1.0, -1.0, -1.0, 0.225308358669281]
[-0.10711812227964401, -0.20947737991809845, -0.2082277089357376, -0.11113569140434265, -0.1802670657634735, 0.008812230080366135, 0.22054603695869446, -0.600542426109314, -0.4109324514865875, -0.5534393191337585, -0.46044453978538513, -0.0944925993680954, -0.7051907777786255, -0.5545583367347717, 0.008699923753738403, 0.8902607560157776, -0.11208518594503403, 0.10712271183729172, 0.42124396562576294, 0.2617948353290558, -0.9979624152183533, -0.7044983506202698, -0.54365074634552, -0.16845835745334625, -0.5013187527656555, 0.7290851473808289, -0.1410723775625229, -0.31084728240966797, 0.5723954439163208, 0.14169606566429138, -0.3348855674266815, 1.0587495565414429, 0.860831081867218, 0.5922363996505737, -0.14728787541389465, 1.8114986419677734, -0.49162551760673523, -0.16738757491111755, 0.8014211654663086, 0.08968459814786911, 0.9874209761619568, 0.3147238790988922, -0.011188528500497341, 1.715366244316101, 0.016754349693655968, -0.053705718368291855, -0.5279098749160767, 0.0062130107544362545, -1.7326903343200684, -2.679032802581787, -0.04638068377971649, 0.06958933174610138, 0.07908354699611664, 0.03804359585046768, 0.12116734683513641, -0.08637839555740356, -0.009918986819684505, 0.022197237238287926, -0.13607724010944366, -0.2776549458503723, -0.0937497466802597, -0.029074452817440033, -0.35586392879486084, -0.06263467669487, -0.11839330196380615, 0.018796714022755623, 0.031612906605005264, -0.014997616410255432, -0.06510823220014572, -0.020702360197901726, -0.02322545275092125, -0.018361100926995277, 0.020161829888820648, -0.3780903220176697, 0.49465638399124146, 0.6757217645645142, 0.3596850037574768, -0.12191310524940491, 0.6317942142486572, 0.11741076409816742, 0.15193518996238708, 0.5778778791427612, -1.1954973936080933, 0.3243444859981537, 1.4695619344711304, 0.0, -0.38999998569488525, 0.47999998927116394, 0.012645297683775425, 0.2464054822921753, 0.9690790772438049, 0.0032153106294572353, -0.38441982865333557, 0.5018483996391296, -0.7746037840843201, -0.01893894001841545, 0.007271042093634605, -0.4359803795814514, 0.5112571120262146, -0.03125176951289177, 0.16420012712478638, 0.9765462279319763, -0.1357164829969406, 0.43229183554649353, 0.17382411658763885, 0.45282554626464844, -5.486868858337402, -1.4170804023742676, 3.1574647426605225, 0.02527429908514023, -0.45142170786857605, 0.48441794514656067, 0.030152369290590286, -0.3282856345176697, 0.9421905279159546, -0.059969574213027954, 0.5904646515846252, 0.40134114027023315, 1.1939762830734253, -15.949321746826172, -2.7073137760162354, 4.364645481109619, 0.05656709522008896, -0.4327945411205292, 0.5058414936065674, 0.027934521436691284, -0.24837002158164978, 0.9513719081878662, -0.180064857006073, 0.3270037770271301, 0.6240726709365845, 1.1018521785736084, -8.914680480957031, -2.995976448059082, 3.016928195953369, 0.034931398928165436, -0.4056972563266754, 0.5326688885688782, -0.0951475277543068, 0.48472148180007935, 0.8580694794654846, 0.1403881013393402, 0.04402422159910202, 0.7109317779541016, 0.6123169660568237, -11.095916748046875, -3.3481245040893555, -0.5128743648529053, -0.05162101238965988, -0.3844601809978485, 0.4735017716884613, 0.2201191484928131, -0.8357647657394409, 0.4643173813819885, -0.19353087246418, 0.3878280222415924, -0.09413039684295654, 0.15156622231006622, 1.7296665906906128, 4.9820146560668945, 6.0270538330078125, -0.3137160837650299, -1.0317621231079102, 0.26330307126045227, 0.022567160427570343, 0.001978603657335043, 0.003107901196926832, 0.8370002508163452, -0.08468028157949448, -0.5241753458976746, 0.020927032455801964, 0.0070630996488034725, -0.013909772038459778, -0.7580504417419434, 1.1693228483200073, -1.0641075372695923, -0.011534608900547028, -0.0027312373276799917, 0.010107453912496567, -0.35968637466430664, -1.1115775108337402, -0.5125789642333984, 0.014939243905246258, -0.003076116321608424, 0.005499300546944141, -0.3946484327316284, 0.5556076169013977, 0.43986961245536804, 0.001488391077145934, -0.012046726420521736, 0.003596277441829443, -1.0, 0.22474929690361023, -0.45939284563064575, -0.1272168606519699, 0.24252623319625854, -0.3476410508155823, 0.18135966360569, 0.15666066110134125, -0.5649787187576294, 0.9212511777877808, -1.0, 0.8414766788482666, 1.0, 0.4966515302658081, 0.3884819746017456, 1.0, -1.0, -0.7952412366867065, -1.0, -0.27490943670272827]
[-0.21974749863147736, -0.14467191696166992, -0.2517540752887726, -0.036375224590301514, -0.10775912553071976, 0.028293654322624207, 0.22282564640045166, -0.4710928499698639, -0.3012411892414093, -0.45624974370002747, -0.5020418167114258, 0.06335939466953278, -0.7522425055503845, -0.5708436369895935, 0.13148002326488495, 0.906393826007843, -0.020988574251532555, 0.12493588775396347, 0.4254934787750244, 0.36700913310050964, -0.9930832386016846, -0.7102922797203064, -0.5728482604026794, -0.2301332652568817, -0.3558173179626465, 0.27818068861961365, -0.19872801005840302, 1.2354445457458496, 0.7325995564460754, 0.21812216937541962, 0.17217372357845306, 1.2790955305099487, 1.1025514602661133, 1.166162371635437, -0.1645866185426712, 1.2527064085006714, -0.40742555260658264, -0.1413111388683319, 0.4259966313838959, 0.058491237461566925, 0.7528467178344727, 0.08466695249080658, 0.043484579771757126, 1.0746880769729614, 0.03870237246155739, 0.003859377233311534, 0.0018056005937978625, -0.866950511932373, 3.784296751022339, -4.707907676696777, 0.07225903868675232, 0.1506108194589615, 0.10923121869564056, 0.045987993478775024, 0.2468848079442978, -0.26774412393569946, -0.07442815601825714, -0.0009719835361465812, 0.09704245626926422, -0.46830251812934875, -0.16434690356254578, -0.051688484847545624, -0.4098814129829407, 0.04829691722989082, -0.3213607966899872, -0.08762627840042114, -0.013492004945874214, -0.004399939440190792, -0.21494491398334503, -0.08676528930664062, 0.0780988410115242, 0.006531331688165665, 0.021237419918179512, -0.3759409189224243, 0.5019958019256592, 0.6076013445854187, 0.42202475666999817, -0.13862457871437073, 0.6584063172340393, 0.0646146610379219, 0.10097948461771011, 0.3845868706703186, -1.69155752658844, 2.2723519802093506, 1.339938759803772, 0.0, -0.38999998569488525, 0.47999998927116394, 0.012645297683775425, 0.2464054822921753, 0.9690790772438049, 0.0032153106294572353, -0.44950535893440247, 0.4296886920928955, -0.7828732132911682, -0.020548665896058083, 0.012629586271941662, -0.4306986629962921, 0.5200604796409607, -0.04895360767841339, 0.2451350837945938, 0.9554486274719238, -0.156940296292305, 0.1383664608001709, 0.5841967463493347, 0.42522966861724854, -11.661482810974121, -4.018894672393799, 2.5775058269500732, 0.03164902329444885, -0.44678986072540283, 0.49881604313850403, 0.022529803216457367, -0.18228112161159515, 0.9796651601791382, -0.08075915277004242, 0.20376206934452057, 0.6080589294433594, 0.8237441778182983, -18.864463806152344, -3.2119901180267334, 1.17833411693573, 0.06120806932449341, -0.42553597688674927, 0.5178062319755554, 0.024285875260829926, -0.19354836642742157, 0.959011435508728, -0.20553892850875854, 0.1936625987291336, 0.4679151773452759, 0.5166229009628296, -4.517358779907227, -1.9484916925430298, 2.4758310317993164, 0.036139942705631256, -0.3974902033805847, 0.5410093069076538, -0.12018085271120071, 0.5396711230278015, 0.8202745914459229, 0.1464962363243103, 0.05670284107327461, 0.4388432502746582, 0.22817306220531464, -6.065453052520752, -1.8621845245361328, -0.41920652985572815, -0.04710335657000542, -0.38637134432792664, 0.47591632604599, 0.2731872498989105, -0.8357506990432739, 0.43260613083839417, -0.19935233891010284, 0.24484339356422424, 0.00045604677870869637, 0.04567606747150421, 2.477670431137085, 2.2358343601226807, 6.174284934997559, 0.7680878043174744, -1.5559871196746826, 0.3844054341316223, 0.02264818549156189, -0.0005977628752589226, -0.003946147859096527, 1.5406070947647095, 0.6479017734527588, -1.4575560092926025, 0.008746542036533356, 0.0049013542011380196, -0.014459132216870785, 0.928101658821106, 1.9993255138397217, -1.8077915906906128, -0.02169860526919365, 0.003566223196685314, -0.0030648279935121536, 0.16042955219745636, -0.6084922552108765, -1.9889812469482422, -0.02261938527226448, -0.011677144095301628, 0.008010417222976685, 0.6982371211051941, 1.3835279941558838, -0.508009672164917, 0.0040344656445086, -0.0046404628083109856, 0.010446309112012386, -0.363070547580719, -0.23414435982704163, -0.5173380374908447, 1.0, 0.37225523591041565, 0.7543641924858093, 0.2978125512599945, 0.37429988384246826, -0.6883355975151062, 0.6512863636016846, -1.0, 0.38282307982444763, 1.0, 0.3400012254714966, 0.12363018095493317, 0.7697734236717224, -1.0, -0.7146385312080383, -0.4253690540790558, -0.8973060846328735]
[-0.245459645986557, -0.15657998621463776, -0.2765823304653168, 0.11481235921382904, -0.07019416242837906, 0.046976882964372635, 0.29552119970321655, -0.3471260070800781, -0.15672531723976135, -0.30975544452667236, -0.5491408705711365, 0.1401171237230301, -0.7614558339118958, -0.5793302655220032, 0.14968495070934296, 0.9222774505615234, 0.005677579436451197, 0.11398790776729584, 0.42631465196609497, 0.3968888223171234, -0.9853320121765137, -0.6699225306510925, -0.49857187271118164, -0.33807459473609924, 0.0952647253870964, -0.3440305292606354, -0.04320458695292473, 1.4744724035263062, 0.14587697386741638, 0.11223006248474121, 0.37651577591896057, 1.0653635263442993, 1.454771876335144, 1.5631450414657593, -0.151667058467865, 0.09631333500146866, 0.09260185062885284, -0.011073085479438305, 0.07402034848928452, 0.2157648354768753, 0.14394624531269073, -0.21264441311359406, -0.03364607319235802, -0.0023061453830450773, 0.061874568462371826, 0.14776752889156342, 0.7001425623893738, -1.0604496002197266, 10.763846397399902, -8.000222206115723, 0.2162463217973709, -0.25355464220046997, -0.07337244600057602, -0.021758683025836945, 0.3793097138404846, -0.529778242111206, -0.14813043177127838, -0.02579987421631813, 0.2975664734840393, -0.9719704389572144, -0.33854231238365173, -0.105147585272789, -0.11875748634338379, 0.27808988094329834, -0.345255583524704, -0.1034579798579216, -0.019505899399518967, 0.029787711799144745, -0.45258629322052, -0.1778830885887146, 0.1575303077697754, 0.045665398240089417, 0.021039847284555435, -0.37501850724220276, 0.504923939704895, 0.4951607584953308, 0.5356714129447937, -0.26171648502349854, 0.6319623589515686, -0.03956566005945206, -0.04177984595298767, 0.06171746551990509, -3.207392454147339, 6.831823825836182, 0.5195958018302917, 0.0, -0.38999998569488525, 0.47999998927116394, 0.012645297683775425, 0.2464054822921753, 0.9690790772438049, 0.0032153106294572353, -0.5899955630302429, 0.3291627764701843, -0.7284995317459106, -0.1133381724357605, 0.0120155718177557, -0.4244181513786316, 0.5242962837219238, -0.06473232805728912, 0.31815892457962036, 0.9322007298469543, -0.15995757281780243, -0.23890052735805511, 0.39883631467819214, -0.01317133754491806, -6.4489827156066895, -2.6110458374023438, -0.425412654876709, 0.031191155314445496, -0.44165557622909546, 0.5053209662437439, 0.011939150281250477, -0.024064762517809868, 0.9968271851539612, -0.07492611557245255, -0.26431432366371155, 0.5673409700393677, 0.14726105332374573, -18.585723876953125, -2.424102783203125, -1.937807321548462, 0.06201937422156334, -0.4225351810455322, 0.5197885036468506, 0.02015380747616291, -0.17453989386558533, 0.9600297212600708, -0.21788166463375092, -0.06107576936483383, -0.04681554064154625, -0.2239983081817627, 0.9115479588508606, -0.11591917276382446, 0.23205074667930603, 0.03660469502210617, -0.3964262008666992, 0.5410040020942688, -0.12118208408355713, 0.5419514775276184, 0.8183138966560364, 0.1482088416814804, -0.0865948274731636, -0.09122705459594727, -0.13631847500801086, 2.405282735824585, 0.05131456255912781, -1.351320505142212, -0.0471966490149498, -0.38657528162002563, 0.4761786460876465, 0.29658254981040955, -0.8344659209251404, 0.41402143239974976, -0.2104557752609253, -0.13823235034942627, 0.06951206922531128, -0.06587042659521103, 1.4571001529693604, -0.04515361785888672, 1.5344897508621216, 2.0387516021728516, -0.6651009321212769, -2.122875690460205, -0.031735192984342575, -0.007903030142188072, -0.013483954593539238, 2.393889904022217, 1.143904685974121, -3.027782678604126, -0.00864130537956953, 0.0009142777416855097, -0.015491880476474762, 2.5424437522888184, 4.1587605476379395, -3.3670589923858643, -0.042766183614730835, 0.008045744150876999, -0.013941235840320587, 1.936223030090332, -0.22270874679088593, -2.1875052452087402, -0.022846531122922897, -0.027299905195832253, -0.00685880146920681, 1.9501774311065674, 2.674274206161499, -1.339033842086792, 0.005946040153503418, 0.014462575316429138, 0.01680067926645279, 0.9335552453994751, -0.9839885234832764, -0.2027682214975357, 1.0, -0.09351381659507751, 1.0, 0.1870359629392624, 0.7336306571960449, -0.6941834092140198, 0.223719984292984, -0.6608614325523376, -0.4402686059474945, 1.0, -0.28512120246887207, -0.08053980767726898, 0.2614831030368805, -1.0, -0.3227745294570923, 0.34416741132736206, -1.0]
[-0.17782050371170044, -0.23191523551940918, -0.2760372459888458, 0.26518580317497253, -0.1264631450176239, 0.04356708750128746, 0.373987078666687, -0.2654246985912323, 0.015331635251641273, -0.12626972794532776, -0.5338731408119202, 0.1392309069633484, -0.7090423703193665, -0.5707086324691772, 0.1569845825433731, 0.9210759997367859, -0.0005015744245611131, 0.05812807381153107, 0.4132360816001892, 0.37343859672546387, -0.9786505103111267, -0.5963519811630249, -0.4140974283218384, -0.4455223083496094, 0.3755328357219696, -0.6518649458885193, 0.029027534648776054, 1.3290590047836304, -0.8713447451591492, -0.17480792105197906, 0.30718061327934265, 0.5682470798492432, 1.6490968465805054, 1.858981966972351, 0.1088579073548317, -0.03474294766783714, 0.6853903532028198, 0.16636209189891815, 0.1074538454413414, -0.013920172117650509, -0.1793055534362793, -0.6797279715538025, -0.2765469551086426, -0.4382878243923187, 0.03526065871119499, 0.19552099704742432, 0.4248914420604706, -0.9561234712600708, 7.028294086456299, -3.0388779640197754, 0.11315608024597168, -0.15189746022224426, -0.09867958724498749, -0.04593658447265625, 0.1916799694299698, -0.29400038719177246, -0.09747572243213654, -0.019300460815429688, 0.16381926834583282, -0.129948228597641, -0.004317611455917358, 0.010583240538835526, 0.14545531570911407, 0.1578666865825653, -0.2010941356420517, -0.09867426007986069, -0.03934954106807709, 0.019093217328190804, -0.24709509313106537, -0.10305800288915634, 0.04187268018722534, 0.011962945573031902, 0.01801552064716816, -0.3766346573829651, 0.5031250715255737, 0.42649996280670166, 0.600068986415863, -0.3561062812805176, 0.5755026340484619, -0.22228729724884033, -0.04272335767745972, -0.30301374197006226, -1.4671516418457031, 4.924215316772461, -0.11603899300098419, 0.0, -0.38999998569488525, 0.47999998927116394, 0.012645297683775425, 0.2464054822921753, 0.9690790772438049, 0.0032153106294572353, -0.6751669645309448, 0.27793774008750916, -0.6563563942909241, -0.18999113142490387, 0.006988273002207279, -0.4210871458053589, 0.5227510929107666, -0.06508909910917282, 0.3309860825538635, 0.9296839237213135, -0.1479845643043518, -0.35442274808883667, 0.11123623698949814, -0.17817187309265137, 1.8129425048828125, 0.36445629596710205, -2.057643175125122, 0.02566058747470379, -0.43781745433807373, 0.5037716031074524, 0.009008062072098255, 0.12524747848510742, 0.990649402141571, -0.05334388092160225, -0.42448097467422485, 0.4446372091770172, -0.3172896206378937, -17.179697036743164, -1.0309797525405884, -2.7423980236053467, 0.05821424350142479, -0.42438241839408875, 0.5140002369880676, 0.013966633938252926, -0.17403945326805115, 0.9630851745605469, -0.20489543676376343, -0.36516624689102173, -0.14243802428245544, -0.41832587122917175, -0.587101936340332, -0.7784395217895508, -2.58201265335083, 0.03379276022315025, -0.40057501196861267, 0.5358620285987854, -0.11352626979351044, 0.5017446875572205, 0.8435892462730408, 0.15401671826839447, -0.27791059017181396, -0.3916369676589966, -0.27887576818466187, 8.219161033630371, -0.5060611963272095, 0.06886046379804611, -0.05097193643450737, -0.3850857615470886, 0.4739557206630707, 0.2963331937789917, -0.8352124094963074, 0.40349745750427246, -0.22758860886096954, -0.26662319898605347, 0.1514270007610321, -0.18349719047546387, 1.9768365621566772, -1.9520595073699951, 0.5231807231903076, 1.2110857963562012, 0.3735549747943878, -1.3277904987335205, -0.040333252400159836, -0.005608060862869024, -0.007305908482521772, 1.2924294471740723, 0.5596163272857666, -1.801449179649353, -0.010906214825809002, -0.0011390611762180924, -0.006001530680805445, 1.4639525413513184, -0.04986800253391266, -0.7487204074859619, 0.00983522180467844, 0.0038844728842377663, -0.006511537358164787, 1.3881123065948486, 0.639069139957428, -1.442636489868164, -0.029763508588075638, -0.01132356096059084, -0.008452887646853924, 0.655490517616272, 1.5473769903182983, -0.5617331266403198, 0.0020943903364241123, 0.001475100638344884, 0.009754049591720104, 1.0, -1.0, -0.17443038523197174, 1.0, -0.8302809000015259, 0.7847949862480164, -0.04806208238005638, 1.0, -0.4872993230819702, 0.5808513164520264, -0.20426660776138306, -0.5065391063690186, 1.0, -0.6242913007736206, -0.4361598491668701, 0.12230265140533447, -1.0, -0.17618148028850555, -0.09366142749786377, -1.0]
[-0.10209067165851593, -0.33164942264556885, -0.2906589210033417, 0.393693208694458, -0.23253567516803741, 0.015004966408014297, 0.39758774638175964, -0.27915850281715393, 0.17659540474414825, 0.07168014347553253, -0.42055240273475647, 0.15056800842285156, -0.652837872505188, -0.5512832403182983, 0.20231220126152039, 0.9412558078765869, -0.023173194378614426, -0.014595208689570427, 0.353699266910553, 0.3685636818408966, -0.9766199588775635, -0.551189124584198, -0.43006861209869385, -0.5377377867698669, 0.21574614942073822, -0.7404874563217163, -0.10850214958190918, 1.1071780920028687, -1.0360513925552368, -0.3216511905193329, -0.038488518446683884, -0.48766079545021057, 1.4068645238876343, 1.7973514795303345, 0.6613780856132507, 0.14211778342723846, 0.433962881565094, 0.17069987952709198, 0.2655864953994751, 0.12155988067388535, -0.2264539748430252, -0.6675276160240173, -0.7527307271957397, 0.1369943469762802, 0.001572640030644834, 0.0634014755487442, -0.3762989640235901, -0.7987083792686462, -3.8596439361572266, -0.7245287895202637, -0.0597626157104969, -0.14140842854976654, -0.052660759538412094, -0.018697457388043404, -0.16695523262023926, -0.21325147151947021, -0.09856545180082321, -0.039873987436294556, -0.017916081473231316, -0.03764040023088455, -0.029414162039756775, -0.011926140636205673, -0.09648329019546509, -0.040770430117845535, -0.022024119272828102, 0.002314514946192503, -0.012892486527562141, 0.06740984320640564, -0.010967002250254154, -0.023210149258375168, -0.13160783052444458, -0.028991684317588806, 0.014605475589632988, -0.3772064447402954, 0.4974243640899658, 0.4611499607563019, 0.6030001044273376, -0.32946234941482544, 0.561414361000061, -0.17137059569358826, -0.02376287616789341, -0.33485352993011475, 1.4103350639343262, -0.9547328352928162, -0.30401310324668884, 0.0, -0.38999998569488525, 0.47999998927116394, 0.012645297683775425, 0.2464054822921753, 0.9690790772438049, 0.0032153106294572353, -0.671152651309967, 0.3146601617336273, -0.6511189341545105, -0.16305603086948395, 0.002365489024668932, -0.4195316433906555, 0.5185236930847168, -0.06055106222629547, 0.30133214592933655, 0.9413451552391052, -0.13929012417793274, -0.18919219076633453, 0.017739752307534218, -0.24880097806453705, 4.850200653076172, 0.9841119647026062, -0.5247661471366882, 0.02093425579369068, -0.4364584684371948, 0.49571165442466736, 0.011484076268970966, 0.22989092767238617, 0.9722964763641357, -0.040716759860515594, -0.18584942817687988, 0.16342706978321075, -0.6799224019050598, -9.910221099853516, -0.15778328478336334, -0.30291324853897095, 0.05252484232187271, -0.4262819290161133, 0.5066124200820923, 0.008126975037157536, -0.1703699380159378, 0.9699248671531677, -0.17364856600761414, -0.33189916610717773, -0.09556324779987335, -0.4649412930011749, -0.08542491495609283, 0.42676931619644165, -4.413746356964111, 0.029336487874388695, -0.405702143907547, 0.5285519361495972, -0.11212040483951569, 0.42788752913475037, 0.8814355731010437, 0.16556765139102936, -0.2732361853122711, -0.37859442830085754, -0.33701062202453613, 10.90035343170166, -1.9612171649932861, 0.8297416567802429, -0.053880345076322556, -0.38304656744003296, 0.4694395661354065, 0.30078089237213135, -0.8388628959655762, 0.3721921145915985, -0.259447306394577, -0.054222628474235535, 0.20899033546447754, -0.34172698855400085, 5.563313007354736, -1.710234522819519, 3.850097894668579, -0.6451486945152283, 0.4008733034133911, -0.7953290939331055, -0.012684358283877373, 0.004842329770326614, 0.004797622561454773, -1.0954594612121582, 0.6964787244796753, -1.3425250053405762, -0.029426809400320053, 0.007330775260925293, 0.012214496731758118, -0.3781909942626953, 0.32370004057884216, -0.2506759464740753, -0.007070640102028847, -0.0003865576582029462, -0.005669677164405584, -0.23610982298851013, -0.12027153372764587, -0.11822569370269775, -0.014696559868752956, 0.0032265835907310247, -0.0010327290510758758, -0.9768115282058716, 0.455657958984375, 1.522525668144226, -0.013557234779000282, -0.013362701050937176, 8.436627103947103e-05, -0.1365007907152176, -1.0, -0.5098106861114502, 1.0, -0.8788872957229614, -0.07834495604038239, -0.6118181347846985, 1.0, 0.44001585245132446, 0.8941054344177246, -0.4426761269569397, -0.2068500816822052, 1.0, -0.6947869062423706, -0.3996458053588867, 0.5152944326400757, -1.0, -0.5091813206672668, -1.0, -0.9949417114257812]
[-0.09495678544044495, -0.42755717039108276, -0.34630662202835083, 0.394618958234787, -0.28541573882102966, -0.011240578256547451, 0.37251466512680054, -0.32696041464805603, 0.2874006927013397, 0.23645196855068207, -0.3041236996650696, 0.1990942358970642, -0.6373261213302612, -0.5399043560028076, 0.2843649387359619, 0.9666774272918701, -0.015219634398818016, -0.04320589452981949, 0.28286057710647583, 0.4037945866584778, -0.9792909622192383, -0.5787118077278137, -0.5046932101249695, -0.5502527356147766, -0.11103935539722443, -0.6264786124229431, -0.29386261105537415, -0.5864542722702026, -0.2106599360704422, -0.15274204313755035, 0.058263737708330154, -0.36478444933891296, 0.8386746644973755, 1.2723605632781982, 0.17267274856567383, 0.5874385237693787, -0.0035299398005008698, 0.047342218458652496, 0.42852672934532166, 0.08232307434082031, 0.21446047723293304, -0.044097911566495895, -0.4451387822628021, 0.5872547626495361, -0.038823530077934265, -0.1377396583557129, -0.5028564929962158, 0.23888500034809113, -7.241974830627441, 1.6598314046859741, -0.0946618989109993, -0.4088646471500397, -0.11817704886198044, -0.02531670406460762, -0.06478875130414963, 0.1260036826133728, -0.011638414114713669, -0.03600693866610527, -0.29807767271995544, 0.14736899733543396, 0.02600943297147751, 0.0012325567658990622, -0.10998764634132385, -0.13589811325073242, 0.19216589629650116, 0.11548623442649841, 0.05525856465101242, 0.0027425000444054604, 0.1732064038515091, 0.05100487172603607, -0.09247823059558868, 0.008633356541395187, 0.012262238189578056, -0.37754979729652405, 0.49371039867401123, 0.5116181969642639, 0.5941949486732483, -0.2670769989490509, 0.5602222084999084, -0.13608038425445557, -0.04449283331632614, -0.12368781864643097, 1.8794893026351929, -1.5477436780929565, 0.5261223316192627, 0.0, -0.38999998569488525, 0.47999998927116394, 0.012645297683775425, 0.2464054822921753, 0.9690790772438049, 0.0032153106294572353, -0.6470702886581421, 0.363044410943985, -0.6623101234436035, -0.10413502901792526, 0.0029201514553278685, -0.4217371940612793, 0.5110642910003662, -0.05984548479318619, 0.2442460060119629, 0.9565093517303467, -0.14782485365867615, 0.19572648406028748, -0.3415796458721161, -0.46207985281944275, 7.68813419342041, 1.5814437866210938, 2.12587833404541, 0.020775727927684784, -0.4357582628726959, 0.48616495728492737, 0.009862694889307022, 0.28886592388153076, 0.9562110304832458, -0.04603881016373634, 0.07272832840681076, 0.13410070538520813, -0.565665602684021, -5.635186672210693, -0.06468698382377625, 0.6554965972900391, 0.05020832642912865, -0.42582911252975464, 0.5006383061408997, 0.007425561547279358, -0.16950514912605286, 0.9736737608909607, -0.1522243171930313, 0.03045497089624405, 0.11219828575849533, -0.2899070382118225, -0.02458301931619644, 0.06855422258377075, -0.3462601602077484, 0.02694716863334179, -0.4072358310222626, 0.5227280259132385, -0.11748694628477097, 0.375007301568985, 0.9026042819023132, 0.17570388317108154, -0.06941796839237213, -0.02577463909983635, -0.24283067882061005, 3.5921707153320312, -1.5514109134674072, 0.041871510446071625, -0.05364518240094185, -0.3814831078052521, 0.4639631509780884, 0.305882066488266, -0.851399302482605, 0.32414963841438293, -0.2765542268753052, 0.08686072379350662, 0.15274548530578613, -0.37905463576316833, 5.828011512756348, 1.8128491640090942, 1.658089518547058, -1.2434245347976685, 1.1885274648666382, -1.573838710784912, -0.0074887946248054504, 0.006665822118520737, 0.009099933318793774, -0.9599084854125977, 0.7918310165405273, 0.485171914100647, -0.02412947081029415, -0.006566719152033329, -0.0028237137012183666, -2.2499232292175293, -0.27330687642097473, 0.5550268292427063, -0.0028670462779700756, -0.0033478660043329, 0.028054043650627136, -0.9897475242614746, -1.120874285697937, 1.3619039058685303, 0.038445454090833664, 0.010062498040497303, 0.004928424023091793, -0.29550808668136597, -0.7563401460647583, 1.2326836585998535, -0.007054382003843784, 0.013361487537622452, -0.0028351731598377228, -1.0, -0.8318904042243958, -0.8462076187133789, -0.2969072759151459, -0.2860690951347351, -0.8638091683387756, -0.5459693074226379, 0.6660492420196533, 0.7718544602394104, 1.0, -0.7093259692192078, 0.7969198226928711, 1.0, 0.16641509532928467, 0.05962909758090973, 0.7403470873832703, -1.0, -1.0, -1.0, -0.22984611988067627]
[-0.1528133749961853, -0.4863523542881012, -0.4316578209400177, 0.2922420799732208, -0.2421119511127472, -0.011578705161809921, 0.3684542179107666, -0.3569098114967346, 0.35702136158943176, 0.3389396369457245, -0.2844977080821991, 0.2873425781726837, -0.6675727963447571, -0.5432494282722473, 0.37942591309547424, 0.9814234972000122, 0.05957414209842682, -0.06163196265697479, 0.25819897651672363, 0.43364226818084717, -0.9880164265632629, -0.6444479823112488, -0.5826122760772705, -0.527653157711029, -0.29374226927757263, -0.26501432061195374, -0.3814087212085724, -1.1316163539886475, 0.7187601923942566, 0.13372357189655304, -0.24002797901630402, -0.14336809515953064, 0.5818568468093872, 0.7435414791107178, 0.15886281430721283, 0.9183526039123535, -0.41809865832328796, -0.09588449448347092, 0.45613113045692444, 0.047011394053697586, 0.9551992416381836, -0.2295457124710083, -0.151863694190979, 0.2515796720981598, -0.06994946300983429, -0.17243386805057526, -0.4685051143169403, 0.1920384168624878, -4.147771835327148, 4.139402389526367, -0.05314243584871292, 0.020224470645189285, 0.03959883749485016, 0.024107156321406364, -0.21223235130310059, 0.29258042573928833, 0.05009785294532776, -0.013538076542317867, -0.03934613987803459, 0.25891464948654175, 0.06353220343589783, 0.011902840808033943, 0.10581958293914795, -0.10466750711202621, 0.3289468586444855, 0.09441012144088745, 0.02342965267598629, -0.11579643189907074, 0.28107795119285583, 0.11704970896244049, -0.0234784297645092, -0.009302984923124313, 0.009548930451273918, -0.37889835238456726, 0.493103951215744, 0.5426433682441711, 0.5902948975563049, -0.1653682291507721, 0.5742329359054565, -0.17575639486312866, -0.09685253351926804, 0.03283976763486862, 1.4819588661193848, -1.730799913406372, 1.3167359828948975, 0.0, -0.38999998569488525, 0.47999998927116394, 0.012645297683775425, 0.2464054822921753, 0.9690790772438049, 0.0032153106294572353, -0.6183066964149475, 0.38835933804512024, -0.6832547187805176, -0.006094748619943857, 0.007949242368340492, -0.4251626431941986, 0.5033725500106812, -0.06574614346027374, 0.20320488512516022, 0.9620565176010132, -0.1698010265827179, 0.35704150795936584, -0.21840552985668182, -0.38505327701568604, 2.7458910942077637, 0.09813098609447479, 3.3196206092834473, 0.02395297773182392, -0.43455225229263306, 0.4803208112716675, 0.006377355195581913, 0.3255636990070343, 0.9437809586524963, -0.056965358555316925, 0.26669740676879883, 0.15360808372497559, -0.24761846661567688, -4.491148471832275, -0.7049378752708435, 2.8947913646698, 0.05220603942871094, -0.42282113432884216, 0.49899351596832275, 0.007287889253348112, -0.16566628217697144, 0.9735068082809448, -0.15743592381477356, 0.16638708114624023, 0.22440606355667114, 0.026200473308563232, -0.6908111572265625, -0.04334814473986626, 0.6512011289596558, 0.02705697901546955, -0.40439140796661377, 0.52190101146698, -0.12471351772546768, 0.3743169903755188, 0.9006665349006653, 0.18202504515647888, 0.045745979994535446, 0.2869521379470825, 0.06943022459745407, -2.1006600856781006, -0.9585644006729126, -0.486968994140625, -0.050939787179231644, -0.3809286057949066, 0.4599034786224365, 0.3104075491428375, -0.8596224188804626, 0.28665682673454285, -0.28727006912231445, 0.21857412159442902, 0.05915034934878349, -0.19607961177825928, 3.349285125732422, 0.07498599588871002, 1.950866460800171, -0.8059000968933105, 0.1268700659275055, 0.7929262518882751, 0.026010209694504738, 0.0020183278247714043, 0.005790082737803459, -1.174220323562622, 0.9509509801864624, 1.5528430938720703, 0.000726186903193593, 0.01752716302871704, 0.011768634431064129, -0.6487113237380981, -0.6278741359710693, 1.2708300352096558, 0.0024847290478646755, -0.002787364413961768, -0.0034429519437253475, -0.7263189554214478, -0.18714889883995056, 1.845772385597229, 0.020622417330741882, 0.008870257064700127, 0.0027245981618762016, -0.47008466720581055, -2.042971611022949, 0.16195417940616608, 0.012679824605584145, -0.0017816373147070408, -0.007465968374162912, -1.0, -0.41323110461235046, -1.0, -0.4625985622406006, 0.34800729155540466, -0.577483594417572, -0.3633742034435272, 0.6558212637901306, 0.2859534025192261, 1.0, -0.9757409691810608, 1.0, 1.0, 0.8087885975837708, -0.21361272037029266, 0.49286770820617676, -1.0, -1.0, -1.0, -0.42199355363845825]
[-0.24545708298683167, -0.5085170269012451, -0.5202263593673706, 0.15599828958511353, -0.11690136790275574, 0.017546074464917183, 0.3039188086986542, -0.37201401591300964, 0.37032437324523926, 0.3900146186351776, -0.2205706089735031, 0.3900000751018524, -0.7019003629684448, -0.5550997257232666, 0.47377148270606995, 0.9894323945045471, 0.18212789297103882, -0.08317773044109344, 0.23915903270244598, 0.4599250853061676, -0.9955940246582031, -0.708617627620697, -0.6494079232215881, -0.48485225439071655, -0.38351380825042725, -0.08461349457502365, -0.355754554271698, -1.319047451019287, 1.385369896888733, 0.38680300116539, -0.2775669991970062, -0.14098110795021057, -0.12101812660694122, 0.19723668694496155, 0.31550332903862, 0.970885694026947, -0.26018697023391724, -0.10431679338216782, 0.4302860200405121, 0.024141645058989525, 1.2328299283981323, -0.1786147803068161, -0.20338137447834015, 0.36089789867401123, -0.04312753304839134, -0.148546501994133, -0.3803989589214325, 0.5003701448440552, -1.794603943824768, 2.038269281387329, -0.014479412697255611, 0.04821524769067764, 0.04352482408285141, 0.023561425507068634, -0.04144216328859329, 0.09323562681674957, -0.03301973640918732, -0.043415617197752, -0.01914658583700657, 0.08554679155349731, 0.04151439294219017, 0.014858069829642773, 0.02020132541656494, -0.053884681314229965, 0.11447683721780777, 0.0400460846722126, 0.0076837437227368355, -0.029145505279302597, 0.1323571354150772, 0.059273410588502884, 0.0028788065537810326, 0.007794829085469246, 0.006769299507141113, -0.38055235147476196, 0.491720587015152, 0.5510337352752686, 0.5950943827629089, -0.06433115154504776, 0.5814515948295593, -0.14748486876487732, -0.10066547989845276, -0.11074676364660263, 1.045320987701416, -0.7918469905853271, 1.6360447406768799, 0.0, -0.38999998569488525, 0.47999998927116394, 0.012645297683775425, 0.2464054822921753, 0.9690790772438049, 0.0032153106294572353, -0.5981259346008301, 0.3934493064880371, -0.6919320225715637, 0.09313005954027176, 0.014954857528209686, -0.4271472692489624, 0.4975292682647705, -0.07842320203781128, 0.20124255120754242, 0.9566263556480408, -0.19549205899238586, 0.4086243212223053, -0.06278962641954422, -0.32352903485298157, -1.496820330619812, -1.4568912982940674, 3.3968963623046875, 0.029976576566696167, -0.43360185623168945, 0.47782254219055176, -0.006269459147006273, 0.33697766065597534, 0.9381258487701416, -0.07953978329896927, 0.36020585894584656, 0.0240775253623724, -0.10035019367933273, 0.8731697797775269, -0.4420933723449707, 3.1678223609924316, 0.055280569940805435, -0.4185315668582916, 0.5008586049079895, 0.009197323583066463, -0.15016792714595795, 0.975430428981781, -0.16093571484088898, 0.19841502606868744, 0.3209441900253296, 0.17641133069992065, -2.6199426651000977, -0.24305541813373566, 0.3736661672592163, 0.02847447618842125, -0.3985002040863037, 0.524882435798645, -0.13449221849441528, 0.39953216910362244, 0.887701153755188, 0.18512871861457825, 0.10590171813964844, 0.4422791302204132, 0.1746039092540741, -4.135747909545898, -0.796066403388977, -0.5304287075996399, -0.046923715621232986, -0.381329745054245, 0.45772579312324524, 0.3183119595050812, -0.864028811454773, 0.2622697949409485, -0.2886975407600403, 0.24533191323280334, -0.0038809748366475105, -0.12075521051883698, 1.800893783569336, 1.7416504621505737, 1.3843728303909302, -0.35142022371292114, -0.18760336935520172, 0.6218787431716919, 0.02074737474322319, -0.0004180187243036926, 0.0016654962673783302, -0.32480573654174805, 1.0271708965301514, 0.19180828332901, -0.028008053079247475, 0.001814891118556261, 0.0012653041630983353, -0.3224312663078308, -0.4232301712036133, 0.5727415084838867, 0.008509618230164051, -0.0012142308987677097, -0.0004434116999618709, -0.3844479024410248, -0.08987614512443542, 0.6922305822372437, 0.0063356016762554646, 0.003740450367331505, 0.0019883960485458374, 0.029440736398100853, -0.8972611427307129, -0.07778529822826385, 0.001404117327183485, 0.00732377590611577, -0.005578853189945221, -1.0, -0.4540029466152191, -1.0, -0.6495344042778015, 0.822211742401123, -0.10868470370769501, -0.4504382908344269, 0.1708047240972519, 0.2593536376953125, 1.0, -0.8209730982780457, 1.0, 1.0, 0.989168643951416, -0.1711937040090561, 0.6336035132408142, -1.0, -1.0, -0.9655585885047913, -0.13129612803459167]
[-0.3514041006565094, -0.5329958200454712, -0.5893723964691162, 0.032568417489528656, 0.037344224750995636, 0.06497551500797272, 0.2143428474664688, -0.38799580931663513, 0.3869805932044983, 0.3995496928691864, -0.1481269747018814, 0.4891873598098755, -0.7087908983230591, -0.561756432056427, 0.5635866522789001, 0.9924739599227905, 0.310387521982193, -0.10471341013908386, 0.21596315503120422, 0.4969750642776489, -0.9977115392684937, -0.759272038936615, -0.7063907384872437, -0.4416031837463379, -0.4074420630931854, -0.23040173947811127, -0.2139175683259964, -0.6739057898521423, 1.4308377504348755, 0.4717598557472229, -0.518391489982605, -0.4365832507610321, 0.308123916387558, 0.08522846549749374, 0.2867721915245056, 0.8879165053367615, 0.0405946746468544, -0.02066335454583168, 0.40366330742836, 0.007735831197351217, 1.15748131275177, -0.20841804146766663, -0.23193764686584473, 0.5076994299888611, -0.0031694043427705765, -0.112736776471138, -0.33621805906295776, 0.34623202681541443, -0.4171258211135864, -1.2948675155639648, 0.029507840052247047, 0.3353363275527954, 0.13995596766471863, 0.046501949429512024, -0.0761217400431633, -0.27696502208709717, -0.0565313845872879, -0.006796792149543762, -0.009917918592691422, -0.10984126478433609, -0.01876906305551529, -0.0005826207343488932, -0.127435103058815, -0.0028166614938527346, -0.09852609038352966, -0.026416005566716194, -0.0061721703968942165, 0.029272718355059624, -0.035518452525138855, -0.011667812243103981, -0.006179527845233679, -0.003364204429090023, 0.0045614708214998245, -0.38221660256385803, 0.48806583881378174, 0.5183060765266418, 0.6309029459953308, 0.0029590053018182516, 0.5773313045501709, -0.12493295967578888, -0.09951168298721313, -0.2532193958759308, 0.36188051104545593, -0.07858476042747498, 2.0017361640930176, 0.0, -0.38999998569488525, 0.47999998927116394, 0.012645297683775425, 0.2464054822921753, 0.9690790772438049, 0.0032153106294572353, -0.6162997484207153, 0.3620131313800812, -0.6792056560516357, 0.1667359173297882, 0.022131668403744698, -0.42738986015319824, 0.49190959334373474, -0.09495609253644943, 0.22076113522052765, 0.9459227919578552, -0.21789437532424927, 0.3227686285972595, 0.14334067702293396, -0.2988063097000122, -4.248507499694824, -2.8323631286621094, 2.5154008865356445, 0.037025149911642075, -0.43209996819496155, 0.47510677576065063, -0.021695688366889954, 0.33256158232688904, 0.9367386698722839, -0.10701663792133331, 0.4068111479282379, 0.06362143158912659, -0.2612486481666565, 1.6131553649902344, -0.6725447773933411, 4.39492130279541, 0.058769337832927704, -0.4134448766708374, 0.5025690197944641, 0.010151801630854607, -0.12389808148145676, 0.9783690571784973, -0.1653483361005783, 0.20925533771514893, 0.36367934942245483, 0.06833335757255554, -3.3495733737945557, -0.5948115587234497, 0.6307417154312134, 0.03047005832195282, -0.39200878143310547, 0.5273837447166443, -0.14431782066822052, 0.42358410358428955, 0.8746799826622009, 0.18623575568199158, 0.12497688084840775, 0.3981916308403015, 0.05977252125740051, -2.739833116531372, -0.7251543402671814, -0.15186473727226257, -0.042563240975141525, -0.3817562460899353, 0.4557214379310608, 0.33153799176216125, -0.8686923384666443, 0.23417113721370697, -0.28393658995628357, 0.24079641699790955, 0.04273518919944763, -0.16955140233039856, 2.7433156967163086, 2.3355767726898193, 2.3322525024414062, 0.060922373086214066, -1.1397290229797363, 1.6756539344787598, 0.02940601482987404, -0.002952141687273979, -0.0031948499381542206, -0.33450427651405334, -0.49939242005348206, -1.349992275238037, -0.014287679456174374, 0.008449213579297066, 0.004898709710687399, -0.07985612750053406, 0.1817457228899002, -0.47271057963371277, 0.002143565332517028, 0.000250750919803977, 0.0014941766858100891, -0.07757308334112167, -0.10820335894823074, -0.5985658168792725, -0.007795220706611872, -0.0020654655527323484, 0.0019118387717753649, -0.03038465604186058, 0.37177756428718567, 0.1877269148826599, -0.004641902167350054, -0.0028780479915440083, 1.3634527022077236e-05, -1.0, -0.803104817867279, -0.8901541829109192, -0.6306101679801941, 0.904974102973938, -0.3681350350379944, -0.4118836522102356, 0.6387122869491577, 0.2242216169834137, 1.0, -0.6344173550605774, 1.0, 1.0, 0.9788157939910889, -0.234018012881279, 0.7482711672782898, -1.0, -1.0, -1.0, -0.26071465015411377]
[-0.4571259617805481, -0.5798260569572449, -0.6019333600997925, -0.04651651158928871, 0.17976456880569458, 0.11920451372861862, 0.06207921728491783, -0.42093339562416077, 0.44583767652511597, 0.42967984080314636, -0.09094255417585373, 0.5761043429374695, -0.6795517206192017, -0.557640016078949, 0.6434047818183899, 0.9932562112808228, 0.42244091629981995, -0.14196673035621643, 0.18508711457252502, 0.5524328351020813, -0.9957501292228699, -0.797957718372345, -0.7555916905403137, -0.41976186633110046, -0.3840172588825226, -0.3967893123626709, -0.021164294332265854, -0.8309294581413269, 1.2545013427734375, 0.6790255904197693, -0.6629508137702942, -0.19424764811992645, 0.6698398590087891, 0.5225810408592224, 0.20647375285625458, 0.7585811614990234, 0.3907378613948822, 0.09203751385211945, 0.3446512222290039, 0.0019274953519925475, 0.9654923677444458, -0.4161248803138733, -0.3736858367919922, 0.777186393737793, 0.018798992037773132, -0.0874210074543953, -0.2862982451915741, 0.1262330561876297, 0.8114752173423767, -1.542817234992981, 0.030303364619612694, -0.12871816754341125, -0.05215366929769516, -0.0005559661076404154, 0.017819533124566078, -0.0018167810048907995, 0.04119272902607918, 0.03715177997946739, 0.003718331456184387, -0.12330001592636108, -0.023173905909061432, -0.0012596773449331522, -0.09996943175792694, 0.014978475868701935, -0.13594971597194672, -0.05184612795710564, -0.020743519067764282, 0.04807262867689133, -0.08302570879459381, -0.03284555673599243, 0.007313617505133152, -0.0009405275341123343, 0.003097306936979294, -0.3839658498764038, 0.48203879594802856, 0.45142945647239685, 0.6822108030319214, 0.04741254821419716, 0.5731944441795349, -0.025922395288944244, -0.11006078124046326, -0.3790721595287323, -0.893484890460968, 0.5105992555618286, 2.617914915084839, 0.0, -0.38999998569488525, 0.47999998927116394, 0.012645297683775425, 0.2464054822921753, 0.9690790772438049, 0.0032153106294572353, -0.6552302241325378, 0.29782652854919434, -0.6579262614250183, 0.22159844636917114, 0.027991078794002533, -0.4261978566646576, 0.48593369126319885, -0.10965393483638763, 0.24881130456924438, 0.9344218373298645, -0.2300538271665573, 0.3074672818183899, 0.09047868847846985, -0.45869824290275574, -2.893998146057129, -2.1032726764678955, 1.5168076753616333, 0.04461505636572838, -0.4293336272239685, 0.470079630613327, -0.04625622183084488, 0.33705684542655945, 0.92963707447052, -0.14152014255523682, 0.36386868357658386, 0.23030728101730347, -0.335464209318161, -2.465766429901123, -2.1158978939056396, 4.985319137573242, 0.06224392354488373, -0.4080750346183777, 0.5023189783096313, 0.008932553231716156, -0.09069902449846268, 0.9807907938957214, -0.1724623739719391, 0.1845972239971161, 0.38168200850486755, -0.05452834442257881, -4.09425687789917, -1.061901569366455, 0.9046160578727722, 0.03268832713365555, -0.3868534564971924, 0.5276541113853455, -0.15273061394691467, 0.42800405621528625, 0.8714726567268372, 0.1844482570886612, 0.11519017070531845, 0.2576255798339844, -0.034074462950229645, 0.5831208229064941, -0.7426595091819763, 0.9156102538108826, -0.03863253816962242, -0.38150423765182495, 0.4529131352901459, 0.3498084247112274, -0.8737809062004089, 0.19107267260551453, -0.2786253094673157, 0.18044552206993103, 0.12392210960388184, -0.23059169948101044, 4.3414740562438965, 3.2544987201690674, 3.2815639972686768, 0.24740023910999298, -0.11909148842096329, -0.8617016673088074, -0.0023423382081091404, -0.0013409123057499528, -0.0024906028993427753, 0.15331058204174042, -0.732577919960022, 0.20693965256214142, 0.026163116097450256, 3.490047311061062e-05, -0.0002940237754955888, 0.16632506251335144, 0.21619023382663727, -0.5398151874542236, 0.0019831762183457613, 0.0008120443671941757, 0.0008376287296414375, 0.03469068557024002, 0.19462569057941437, -0.8613404035568237, -0.017824135720729828, -0.003787859808653593, 0.0017093849601224065, 0.10791762173175812, 0.7731209993362427, 0.0022409886587411165, -0.006475853268057108, -0.0026672068051993847, 0.001977089326828718, -1.0, -1.0, -0.6348708868026733, -0.700300931930542, 0.8814113140106201, -0.8283464312553406, -0.41099023818969727, 0.9062185287475586, 0.15708360075950623, 1.0, -0.3907768726348877, 1.0, 1.0, 0.9468961954116821, -0.42784738540649414, 0.9435449838638306, -0.9948809146881104, -1.0, -1.0, -0.381689190864563]
[-0.5441103577613831, -0.6401127576828003, -0.6190573573112488, -0.13042011857032776, 0.3069586157798767, 0.23171547055244446, -0.1017434224486351, -0.4529404938220978, 0.5263128280639648, 0.5087710618972778, -0.027431670576334, 0.6490026116371155, -0.6246263980865479, -0.5430299043655396, 0.7076809406280518, 0.9933722615242004, 0.5060647130012512, -0.21381965279579163, 0.12739330530166626, 0.6185712218284607, -0.9258044362068176, -0.8370233178138733, -0.7974470853805542, -0.40643030405044556, -0.290103018283844, -0.4377143085002899, -0.0976129099726677, -0.7444536089897156, 1.1333860158920288, 1.3118666410446167, -0.6748296618461609, -0.34998902678489685, 0.7813196182250977, 0.8885571360588074, 0.290060818195343, 0.6290283799171448, 0.5681549906730652, 0.1710195541381836, 0.26936063170433044, 0.001053100568242371, 0.6627740859985352, -0.7965034246444702, -0.7305107116699219, 0.8352034687995911, 0.7861820459365845, -0.09471651166677475, -0.24190984666347504, 0.12134609371423721, 1.8039612770080566, -0.03350595384836197, 0.031264856457710266, 0.04471079260110855, 0.0057367971166968346, 0.017318325117230415, 0.05512234568595886, -0.02982287108898163, -0.0039462801069021225, 0.009427163749933243, 0.02636387199163437, -0.05459826439619064, -0.014238911680877209, -0.0019614659249782562, 0.02293323166668415, 0.012977179139852524, -0.11229351907968521, -0.0642804503440857, -0.03638375923037529, 0.00549934059381485, 0.23433707654476166, 0.11280900239944458, 0.01641124114394188, 0.0032412190921604633, 0.00546738225966692, -0.3858570456504822, 0.47628453373908997, 0.5054304003715515, 0.6384316086769104, 0.19153237342834473, 0.5479603409767151, 0.194355309009552, -0.11514976620674133, -0.319754958152771, 6.166853427886963, -2.522404670715332, -0.43979427218437195, 0.0, -0.38999998569488525, 0.47999998927116394, 0.012645297683775425, 0.2464054822921753, 0.9690790772438049, 0.0032153106294572353, -0.5768001079559326, 0.35441237688064575, -0.6468687057495117, 0.35107624530792236, 0.032888446003198624, -0.4248487949371338, 0.4785017669200897, -0.12815871834754944, 0.28644466400146484, 0.9194073677062988, -0.2370966225862503, 0.2027595490217209, 0.15453127026557922, -0.49991145730018616, -5.141347408294678, -3.7915902137756348, 1.0420154333114624, 0.05088711529970169, -0.4256575405597687, 0.4642070531845093, -0.07695118337869644, 0.36236128211021423, 0.9129668474197388, -0.1710679680109024, 0.2555180490016937, 0.24801726639270782, -0.4129643142223358, -3.55133318901062, -3.156400442123413, 4.3363189697265625, 0.06475551426410675, -0.40303730964660645, 0.5007239580154419, 0.007147626020014286, -0.05258418247103691, 0.9829601645469666, -0.17599192261695862, 0.10665206611156464, 0.35625535249710083, -0.10464534163475037, -4.582927703857422, -1.0027472972869873, 0.13219204545021057, 0.03447851166129112, -0.3841240108013153, 0.5262383222579956, -0.16195766627788544, 0.39826083183288574, 0.8851525783538818, 0.17794063687324524, 0.047571830451488495, 0.0483010895550251, -0.04944941774010658, 5.49299430847168, -1.2424894571304321, 2.7791874408721924, -0.03418410196900368, -0.3820998966693878, 0.4510141909122467, 0.3839816749095917, -0.8716331124305725, 0.14635969698429108, -0.26719415187835693, 0.2517969310283661, 0.008039201609790325, -0.11016872525215149, 2.1746671199798584, 3.9087061882019043, 5.821966648101807, 0.3255003094673157, -0.2465345710515976, 0.19169014692306519, 0.013620304875075817, -0.0002469152386765927, -0.0013335909461602569, 0.40503156185150146, -0.19576819241046906, -0.11969107389450073, 0.006490640342235565, -0.002549968659877777, -0.0021077406127005816, 0.3792746067047119, 0.17344748973846436, -0.12311653792858124, 0.0006402461440302432, -3.948491212213412e-05, -0.0033185742795467377, 0.07895936071872711, 0.7000183463096619, -0.7203996777534485, -0.025883488357067108, -0.0025237163063138723, 0.00046572904102504253, 0.07713175565004349, -1.4912484884262085, -0.3369179368019104, 0.0015378290554508567, 0.0020071070175617933, -0.015131475403904915, -0.8410365581512451, -1.0, -0.7684470415115356, -0.5564891695976257, 0.9469335079193115, -1.0, -0.6928398013114929, 1.0, 0.4052678048610687, 1.0, -0.26028114557266235, 1.0, 1.0, 0.8278850317001343, -0.7543120384216309, 1.0, -0.07676026225090027, -1.0, -1.0, -0.33418816328048706]
[-0.6214324831962585, -0.7000542283058167, -0.6094459891319275, -0.20554770529270172, 0.3853760063648224, 0.36209505796432495, -0.2524327039718628, -0.45514005422592163, 0.5375319719314575, 0.5814180374145508, 0.041428342461586, 0.7106167674064636, -0.5985642075538635, -0.5287374258041382, 0.7591884136199951, 0.99406898021698, 0.5678204298019409, -0.24889981746673584, 0.05237597972154617, 0.6333618760108948, -0.8797550201416016, -0.86310875415802, -0.8313989639282227, -0.4221668541431427, -0.290640264749527, -0.4222879409790039, 0.11191558837890625, -0.6679741144180298, 0.5059804320335388, 0.9998697638511658, -0.5929746627807617, 0.13487108051776886, -0.25361743569374084, 0.3089691400527954, 0.2782457768917084, 0.5344322323799133, 0.06749837845563889, 0.0787629708647728, 0.22118346393108368, 0.0037433565594255924, 0.5251516103744507, -0.07222291082143784, -0.5115891695022583, -0.1623801440000534, 0.08436151593923569, -0.05304146930575371, -0.19576840102672577, -0.2846074104309082, -0.01564880646765232, 0.10461835563182831, 0.027217445895075798, 0.030510615557432175, -0.03307122364640236, -0.03652729466557503, 0.020694321021437645, 0.07807111740112305, -0.0360579639673233, -0.05296831950545311, -0.0014981458662077785, -0.03828069567680359, -0.05334419012069702, -0.02631448209285736, -0.0241298396140337, -0.0007394298445433378, -0.04506232216954231, 0.03345596045255661, 0.03449719399213791, -0.12421815097332001, -0.1488035023212433, -0.0698201060295105, 0.003276520874351263, -0.009532919153571129, 0.008405397646129131, -0.38800570368766785, 0.4696182608604431, 0.5932904481887817, 0.5507272481918335, 0.35100433230400085, 0.47063973546028137, 0.12058098614215851, -0.1685428023338318, -0.29116106033325195, 1.4764857292175293, -0.7266640067100525, 1.134264588356018, 0.0, -0.38999998569488525, 0.47999998927116394, 0.012645297683775425, 0.2464054822921753, 0.9690790772438049, 0.0032153106294572353, -0.45125263929367065, 0.45630934834480286, -0.5941844582557678, 0.48486873507499695, 0.0371166355907917, -0.42372021079063416, 0.471070259809494, -0.14142531156539917, 0.3163251578807831, 0.9069123268127441, -0.2396816909313202, 0.22954727709293365, 0.07520847022533417, -0.46518853306770325, -1.654412865638733, -1.1989166736602783, 0.5159585475921631, 0.0564521960914135, -0.4224282503128052, 0.45920640230178833, -0.10472804307937622, 0.3701688051223755, 0.9019635319709778, -0.19613488018512726, 0.27920204401016235, 0.14031316339969635, -0.2595033645629883, 1.6920549869537354, -1.126671314239502, 3.9390594959259033, 0.06708820164203644, -0.39889290928840637, 0.49851754307746887, 0.00900221336632967, -0.02963879518210888, 0.9836236834526062, -0.17755262553691864, 0.15348286926746368, 0.24642902612686157, -0.14748801290988922, -1.4698253870010376, 0.21774795651435852, 0.278810977935791, 0.0363294780254364, -0.38179075717926025, 0.5243493318557739, -0.16823582351207733, 0.36718231439590454, 0.8987045884132385, 0.17089106142520905, 0.10778967291116714, 0.13283851742744446, -0.09777399897575378, 1.9347559213638306, -0.24575895071029663, 1.1097147464752197, -0.030184783041477203, -0.38222602009773254, 0.4488465189933777, 0.40472522377967834, -0.8632659316062927, 0.1173664852976799, -0.2778390645980835, 0.21696920692920685, 0.0943293571472168, -0.1446869969367981, 3.051891326904297, -1.4858266115188599, 2.344557046890259, 0.08525688946247101, 0.6175370812416077, -0.09979567676782608, -0.02726423740386963, -0.003665678668767214, -0.0015804274007678032, 0.07538606226444244, 0.9680664539337158, -0.026933299377560616, -0.03844732046127319, -0.0023466236889362335, -0.0007260777638293803, 0.01380437146872282, 0.6504598259925842, -0.1799638420343399, -0.016557583585381508, 0.0003230248694308102, 0.0005906375008635223, -0.08410879969596863, -0.574339747428894, 0.023583106696605682, 0.025882096961140633, -0.0005919530522078276, 0.001003539888188243, -0.07562820613384247, 0.609241247177124, -0.045680925250053406, 0.018720926716923714, -0.00832287222146988, 0.014376446604728699, -1.0, -1.0, -0.3694681227207184, -0.5993412137031555, 0.5634570121765137, -1.0, -0.2642533779144287, 0.20202063024044037, 0.41176044940948486, 1.0, -0.6527220010757446, 1.0, 1.0, 0.8688719868659973, -0.15663360059261322, 0.4248169958591461, -1.0, -1.0, -1.0, -0.6636009812355042]
[-0.6937664747238159, -0.7540931701660156, -0.574686586856842, -0.30367311835289, 0.41701754927635193, 0.4310484230518341, -0.38172364234924316, -0.44564318656921387, 0.4837101101875305, 0.5835735201835632, 0.10753527283668518, 0.761530876159668, -0.6058667898178101, -0.5263473987579346, 0.8005093932151794, 0.9949786067008972, 0.6103044748306274, -0.2567330300807953, 0.0266959760338068, 0.6481541395187378, -0.8767938613891602, -0.8822285532951355, -0.8601730465888977, -0.467255562543869, -0.25406041741371155, -0.3540293574333191, 0.15860837697982788, -1.0372921228408813, 0.17537014186382294, 0.3686143457889557, -0.49663254618644714, 0.06677524000406265, -0.6254262328147888, -0.1305580884218216, 0.2673376500606537, 0.4348921775817871, -0.13866858184337616, -0.0177372545003891, 0.17342130839824677, 0.0036873032804578543, 0.32207629084587097, -0.0726923793554306, -0.09044936299324036, 0.36621561646461487, -0.016673512756824493, -0.046066805720329285, -0.16787117719650269, -0.4843771457672119, 0.9472205638885498, 0.7742679715156555, 0.024426711723208427, -0.017356565222144127, -0.03707483783364296, -0.03663914278149605, 0.04878837615251541, 0.025592615827918053, -0.01908266730606556, -0.020291008055210114, 0.004874915815889835, -0.013874221593141556, -0.022638682276010513, -0.012439519166946411, 0.04967090114951134, 0.0008264165953733027, -0.046425171196460724, -0.021757345646619797, 0.0030537741258740425, 0.05076055973768234, -0.06662466377019882, -0.0279369093477726, 0.02422773465514183, 0.0022373637184500694, 0.009851628914475441, -0.3908389210700989, 0.4642813205718994, 0.5643722414970398, 0.560065507888794, 0.4098318815231323, 0.44704413414001465, 0.07282047718763351, -0.1701861023902893, -0.315447598695755, 0.4314064681529999, -0.7086873650550842, 1.453640103340149, 0.0, -0.38999998569488525, 0.47999998927116394, 0.012645297683775425, 0.2464054822921753, 0.9690790772438049, 0.0032153106294572353, -0.44560131430625916, 0.43338558077812195, -0.5638855695724487, 0.5437368154525757, 0.041395559906959534, -0.4233260154724121, 0.462698370218277, -0.13886205852031708, 0.30171751976013184, 0.9105997085571289, -0.24595105648040771, 0.2691463232040405, -0.03228423744440079, -0.4813433885574341, 3.553616762161255, 2.36733341217041, 0.8541133999824524, 0.061777208000421524, -0.41999170184135437, 0.45470088720321655, -0.12040967494249344, 0.33535313606262207, 0.9076052308082581, -0.22201912105083466, 0.2836616039276123, 0.05348596349358559, -0.21176913380622864, 5.160683631896973, 1.110534429550171, 3.60612154006958, 0.06952711194753647, -0.39563411474227905, 0.49616360664367676, 0.014806820079684258, -0.026372788473963737, 0.983378529548645, -0.17903022468090057, 0.15149430930614471, 0.17519424855709076, -0.13421037793159485, 0.06320998817682266, 0.8361419439315796, 0.16517379879951477, 0.03828664869070053, -0.37976735830307007, 0.5224035382270813, -0.16924451291561127, 0.35733696818351746, 0.9032129049301147, 0.16695208847522736, 0.10558831691741943, 0.09097961336374283, -0.10541398078203201, 0.7142561674118042, 0.079973503947258, 0.5413967370986938, -0.027618546038866043, -0.38130995631217957, 0.44618070125579834, 0.41447293758392334, -0.8560164570808411, 0.08190460503101349, -0.2978920340538025, 0.11614608764648438, 0.1584080010652542, -0.15060949325561523, 4.740442276000977, 0.11856251209974289, 2.9631705284118652, 0.1864415556192398, 0.5608890056610107, -0.2607434391975403, -0.028225813060998917, -0.001510266331024468, -0.0008332793368026614, 0.27052631974220276, 0.42259541153907776, -0.051364101469516754, -0.01395207829773426, -0.003692162223160267, -0.0014973178040236235, 0.20445488393306732, 0.3496284782886505, 0.07667924463748932, -0.0071950932033360004, 0.00044444252853281796, -0.0006604973459616303, 0.003800686914473772, 0.16505293548107147, -0.17113469541072845, 0.00552956759929657, -0.00017762958304956555, 5.942909774603322e-05, 0.1312400996685028, 0.6669483184814453, -0.3360735774040222, -0.00788838230073452, 0.00013752482482232153, 0.0022435688879340887, -0.9803318977355957, -1.0, -0.3357113301753998, -1.0, 0.45549264550209045, -1.0, -0.4078478217124939, 0.047659747302532196, 0.46553105115890503, 1.0, -0.7263227105140686, 1.0, 1.0, 0.7649137377738953, -0.30236881971359253, 0.8882160782814026, -0.9268047213554382, -1.0, -1.0, -0.791516900062561]
[-0.7545408010482788, -0.7890933156013489, -0.5565633773803711, -0.4143945872783661, 0.4461307227611542, 0.4569273889064789, -0.48879730701446533, -0.4683924913406372, 0.4278128445148468, 0.566078782081604, 0.16772635281085968, 0.8021599054336548, -0.6196339130401611, -0.530063807964325, 0.8312264084815979, 0.9960289597511292, 0.6461929082870483, -0.2854134440422058, 0.014610309153795242, 0.6915245056152344, -0.8458878397941589, -0.904484212398529, -0.8851044774055481, -0.499790221452713, -0.21061328053474426, -0.1749044507741928, 0.029772808775305748, -1.0119894742965698, 0.3190467655658722, 0.23301605880260468, -0.4107770025730133, -0.3518373668193817, -0.4600335657596588, -0.16620312631130219, 0.23626649379730225, 0.34559905529022217, -0.12040933221578598, -0.04058536887168884, 0.12799589335918427, 0.00442852359265089, 0.3367500901222229, -0.36632290482521057, -0.21490946412086487, 0.6203948259353638, 0.3532974123954773, -0.05536119267344475, -0.14425919950008392, -0.20431800186634064, 0.9160103797912598, 1.8448430299758911, 0.0009594074217602611, 0.11396841704845428, 0.029058881103992462, 0.0056317038834095, 0.04417646676301956, 0.019000228494405746, -0.0017670230008661747, -0.002811139216646552, 0.0017004190012812614, 0.029644956812262535, 0.008250576443970203, 0.0017375784227624536, 0.10695920139551163, -0.00673783989623189, 0.038923926651477814, -0.011725377291440964, -0.0167651679366827, -0.007563742808997631, 0.13815811276435852, 0.0632752776145935, 0.02660566009581089, 0.012009692378342152, 0.011310928501188755, -0.393812358379364, 0.45846307277679443, 0.5105561017990112, 0.5787532925605774, 0.4578067660331726, 0.4413501024246216, 0.08203169703483582, -0.18520064651966095, -0.3471900522708893, -0.35704514384269714, -1.0117639303207397, 1.5961841344833374, 0.0, -0.38999998569488525, 0.47999998927116394, 0.012645297683775425, 0.2464054822921753, 0.9690790772438049, 0.0032153106294572353, -0.4519910514354706, 0.3820899426937103, -0.5447165369987488, 0.5941342115402222, 0.04520079493522644, -0.4227912127971649, 0.455188512802124, -0.1324371099472046, 0.27121880650520325, 0.9184557199478149, -0.25561657547950745, 0.22142429649829865, 0.008079330436885357, -0.3644573986530304, 2.683709144592285, 1.6750375032424927, 1.1692715883255005, 0.06662900000810623, -0.4182474613189697, 0.45028066635131836, -0.1272631287574768, 0.2866659462451935, 0.9169625639915466, -0.24658934772014618, 0.27858173847198486, 0.009433711878955364, -0.20229539275169373, 5.387714862823486, 1.8981071710586548, 3.226088047027588, 0.07161091268062592, -0.39296507835388184, 0.4948346018791199, 0.02093845047056675, -0.026317263022065163, 0.9831388592720032, -0.17974096536636353, 0.12352551519870758, 0.15452273190021515, -0.04154275357723236, -0.3204214572906494, 0.6149880886077881, 0.09226644039154053, 0.03986654803156853, -0.37826117873191833, 0.5213220715522766, -0.17158441245555878, 0.3469260334968567, 0.9076735377311707, 0.1622646600008011, 0.06476327776908875, 0.06372802704572678, -0.014876254834234715, 1.737992525100708, -0.4079257547855377, 1.266719102859497, -0.024929845705628395, -0.3810253143310547, 0.4446616768836975, 0.43302056193351746, -0.8476110696792603, 0.04421645402908325, -0.30346915125846863, 0.1470033973455429, 0.056071680039167404, -0.05663450062274933, 2.5267608165740967, 1.653321623802185, 4.067007064819336, 0.07642307877540588, 0.28725510835647583, 0.6460118889808655, 0.009940531104803085, 0.0013974542962387204, 0.0007893007714301348, 0.2246883511543274, 0.25523945689201355, 0.08055657893419266, 0.00101745268329978, -0.0032118335366249084, -0.0010790072847157717, 0.20339515805244446, 0.04603041708469391, 0.43461859226226807, 0.0024280347861349583, 0.000754313135985285, -0.0003692289174068719, -0.014561552554368973, 0.47815537452697754, 0.2332334965467453, -0.00959283858537674, 0.0017263904446735978, -0.0004489162238314748, 0.18426218628883362, -0.8860364556312561, -0.5270431041717529, -0.00044417468598112464, 0.009061496704816818, -0.008385398425161839, -1.0, -0.8107678890228271, -0.5663912296295166, -1.0, 0.6628085374832153, -1.0, -0.7382407188415527, 0.184310182929039, 0.4753408133983612, 1.0, -0.6860184073448181, 1.0, 1.0, 0.8514063358306885, -0.5528743267059326, 1.0, -0.4661285877227783, -1.0, -1.0, -0.5730933547019958]
[-0.8035644292831421, -0.8106902837753296, -0.5680387616157532, -0.5152088403701782, 0.4947057366371155, 0.49395421147346497, -0.5777381062507629, -0.5272164940834045, 0.3849416673183441, 0.5501717925071716, 0.23192371428012848, 0.8354524970054626, -0.6252385377883911, -0.5332506895065308, 0.8562463521957397, 0.9967727065086365, 0.6920718550682068, -0.35028553009033203, -0.03175785765051842, 0.7409166097640991, -0.7404767870903015, -0.9285721778869629, -0.9057013988494873, -0.49112415313720703, -0.1675204634666443, -0.13521206378936768, -0.08837141841650009, -0.8882355690002441, 0.5182346701622009, 0.4767342507839203, -0.34097060561180115, -0.6415770053863525, -0.36354029178619385, -0.13552871346473694, 0.27776122093200684, 0.28823065757751465, -0.015302802436053753, -0.017005721107125282, 0.11101468652486801, 0.002531045814976096, 0.4681261479854584, -0.7214762568473816, -0.652556836605072, 0.5976455807685852, 0.980411171913147, -0.05408075451850891, -0.1170358881354332, 0.22770963609218597, 0.9033581614494324, 0.39735737442970276, 0.006210436578840017, 0.05324936658143997, 0.027329538017511368, 0.018352122977375984, 0.04288864880800247, -0.01922678016126156, -0.002774382010102272, 0.000586972339078784, 0.005767958238720894, -0.013748537749052048, 0.0010915963212028146, 0.0018779159290716052, 0.046727217733860016, 0.0022356840781867504, 0.02493685483932495, -0.011464718729257584, -0.0231945663690567, -0.0187924075871706, 0.16896410286426544, 0.07972787320613861, 0.008238855749368668, 0.011753133498132229, 0.012899239547550678, -0.3966882824897766, 0.45265746116638184, 0.468046098947525, 0.570675253868103, 0.5227288603782654, 0.42663469910621643, 0.09251328557729721, -0.1598709225654602, -0.2967773377895355, 1.7985085248947144, -1.0592200756072998, 1.1986294984817505, 0.0, -0.38999998569488525, 0.47999998927116394, 0.012645297683775425, 0.2464054822921753, 0.9690790772438049, 0.0032153106294572353, -0.42811620235443115, 0.34367337822914124, -0.5198748111724854, 0.6544734239578247, 0.048248667269945145, -0.42157796025276184, 0.4494030177593231, -0.13352718949317932, 0.25827211141586304, 0.9194782972335815, -0.26462364196777344, 0.15205331146717072, 0.08102038502693176, -0.3113800585269928, 0.26883357763290405, -0.2281177043914795, 1.1512752771377563, 0.07096772640943527, -0.41681915521621704, 0.44537556171417236, -0.1278933733701706, 0.23420611023902893, 0.9254261255264282, -0.2690301239490509, 0.26157650351524353, -0.002263362519443035, -0.26174673438072205, 5.696279525756836, 2.608841896057129, 2.890324831008911, 0.07322345674037933, -0.3906174600124359, 0.49430373311042786, 0.026648929342627525, -0.02166317217051983, 0.9833921790122986, -0.17821410298347473, 0.09349219501018524, 0.1472371518611908, -0.023974262177944183, -0.8996012806892395, 0.5287295579910278, -0.26348236203193665, 0.04093320295214653, -0.3768829107284546, 0.5210987329483032, -0.17812831699848175, 0.31797879934310913, 0.9183583855628967, 0.15419963002204895, 0.017517713829874992, 0.022298740223050117, 0.038371410220861435, 4.516601085662842, -0.964760959148407, 2.500182867050171, -0.02026377059519291, -0.38229483366012573, 0.4446675777435303, 0.4694497883319855, -0.8333997130393982, 0.020467625930905342, -0.290934294462204, 0.28013792634010315, -0.06711356341838837, 0.003989285323768854, -0.8113316893577576, 2.284785032272339, 5.815788269042969, 0.1056865006685257, -0.15266862511634827, 0.39164409041404724, 0.016062093898653984, 0.0011970490450039506, 5.383668758440763e-05, 0.22902244329452515, -0.047241613268852234, -0.08161965012550354, -0.0001216517121065408, -0.0024582783225923777, -0.0015692109009250998, 0.1694190800189972, 0.021089795976877213, 0.05090776085853577, 0.0021942630410194397, -4.137699579587206e-05, -0.0013724197633564472, 0.06439492851495743, 0.41125619411468506, 0.05882396921515465, -0.017025720328092575, -0.0002158137212973088, -0.0005155728431418538, 0.16396397352218628, -1.1774598360061646, -0.20915627479553223, 0.0019312659278512, 0.009129705838859081, -0.011313310824334621, -1.0, -0.8706831336021423, -0.7391105890274048, -1.0, 0.8366578817367554, -1.0, -0.9638580083847046, 0.18626593053340912, 0.6249061226844788, 1.0, -0.6154720187187195, 1.0, 1.0, 0.9922994375228882, -0.8344786167144775, 1.0, 0.1893509477376938, -1.0, -1.0, -0.2797089219093323]
[-0.8448004126548767, -0.8310657143592834, -0.5747950077056885, -0.6063149571418762, 0.5222355723381042, 0.5446538925170898, -0.65118008852005, -0.588249146938324, 0.31137779355049133, 0.5311493277549744, 0.2917945683002472, 0.8702104687690735, -0.6347993016242981, -0.5355330109596252, 0.8791128396987915, 0.9972192645072937, 0.7410417795181274, -0.4255310297012329, -0.11620932817459106, 0.7842409610748291, -0.6361585259437561, -0.9410252571105957, -0.9219680428504944, -0.4632221758365631, -0.14628545939922333, -0.14622215926647186, 0.0008221857133321464, -0.7723044753074646, 0.11239764839410782, 0.3750925362110138, -0.2805810868740082, -0.527033269405365, -0.8455972075462341, -0.23631511628627777, 0.21921734511852264, 0.2942520081996918, -0.1241554245352745, -0.03123486042022705, 0.10214827209711075, 0.0016641560941934586, 0.4421391487121582, -0.6800863146781921, -0.8546850085258484, 0.5013070702552795, 0.6224490404129028, -0.021068904548883438, -0.09338932484388351, 0.27251648902893066, 0.6171464920043945, 0.07555852085351944, 0.02712414413690567, 0.08053696155548096, 0.0026327725499868393, -0.013598580844700336, 0.035557474941015244, 0.04184441640973091, -0.011921082623302937, -0.012287696823477745, -0.007378760725259781, -0.0690019503235817, -0.03504892438650131, -0.013638683594763279, 0.018330499529838562, 0.0028414383996278048, -0.0212852880358696, -0.0012473736423999071, -0.0031810463406145573, -0.021012963727116585, -0.13364802300930023, -0.05846663936972618, 0.010896124877035618, 0.003651123959571123, 0.015266007743775845, -0.3989677131175995, 0.448459655046463, 0.4777924418449402, 0.539191484451294, 0.5880181789398193, 0.36772462725639343, 0.13767987489700317, -0.1238078773021698, -0.21393364667892456, 2.353299617767334, 0.28326311707496643, 0.8254380226135254, 0.0, -0.38999998569488525, 0.47999998927116394, 0.012645297683775425, 0.2464054822921753, 0.9690790772438049, 0.0032153106294572353, -0.38074204325675964, 0.36670729517936707, -0.4653760492801666, 0.7099200487136841, 0.05074843391776085, -0.42037394642829895, 0.4439290165901184, -0.1338125318288803, 0.24679845571517944, 0.9204687476158142, -0.2718861401081085, 0.14378084242343903, 0.040842946618795395, -0.29817551374435425, 1.8255540132522583, 1.11759352684021, 0.8867204785346985, 0.07497745752334595, -0.4155885577201843, 0.43993592262268066, -0.12051033228635788, 0.16916508972644806, 0.9340276122093201, -0.2906076908111572, 0.2797577381134033, -0.04267390817403793, -0.281368225812912, 7.4549078941345215, 4.289719581604004, 2.90730881690979, 0.07452085614204407, -0.38839203119277954, 0.49386951327323914, 0.03217266872525215, -0.017251253128051758, 0.9836655855178833, -0.17626474797725677, 0.08603140711784363, 0.12290347367525101, -0.03593294695019722, -0.25292643904685974, 0.630454957485199, -0.1300368756055832, 0.041730448603630066, -0.37561094760894775, 0.5209385752677917, -0.18641382455825806, 0.27257871627807617, 0.9329412579536438, 0.14342650771141052, 0.009280534461140633, -0.0023375244345515966, 0.027707673609256744, 5.4078369140625, -1.0291322469711304, 2.81658673286438, -0.015613888390362263, -0.3832370340824127, 0.44453978538513184, 0.5041037797927856, -0.8191589117050171, 0.003919634036719799, -0.2735738456249237, 0.19537946581840515, -0.0009879290591925383, -0.046373091638088226, -0.37742701172828674, 2.1633405685424805, 4.116537570953369, 0.16073064506053925, 0.3637470006942749, 0.2807864248752594, -0.008142377249896526, -0.0018182604108005762, -0.0012455986579880118, 0.17677560448646545, 0.24142542481422424, 0.006365837063640356, -0.00866631604731083, -0.0017494759522378445, -0.0014726828085258603, 0.12893883883953094, 0.43877992033958435, -0.1935126632452011, -0.007056984584778547, 0.0013018521713092923, 0.0013672729255631566, 0.03693129122257233, 0.08538980782032013, -0.06210627406835556, -0.0019001993350684643, -0.0005987681215628982, -0.00020378762565087527, 0.1684153825044632, 0.8400534391403198, -0.1232263594865799, 0.00354063231498003, 0.00095647934358567, 0.00832758191972971, -1.0, -0.9427415728569031, -0.5358803272247314, -1.0, 0.5143376588821411, -1.0, -0.8874327540397644, -0.2730470299720764, 0.5450868010520935, 1.0, -0.7291461825370789, 1.0, 1.0, 1.0, -0.8136302828788757, 1.0, -0.260304719209671, -1.0, -1.0, -0.29202350974082947]
[-0.8800681829452515, -0.8411952257156372, -0.5537152886390686, -0.6793914437294006, 0.5085517764091492, 0.5614864826202393, -0.7117553949356079, -0.6332273483276367, 0.20025226473808289, 0.4993753135204315, 0.34844914078712463, 0.8882336020469666, -0.6596696376800537, -0.5412657856941223, 0.8853240013122559, 0.9984729886054993, 0.7769104838371277, -0.500740110874176, -0.20561835169792175, 0.8208376169204712, -0.5716186165809631, -0.9482555389404297, -0.9355754256248474, -0.44197288155555725, -0.12120138853788376, -0.020680507645010948, 0.13157245516777039, -0.6171053051948547, -0.2523670494556427, 0.002973753260448575, -0.23206399381160736, -0.35712727904319763, -1.1199978590011597, -0.34753358364105225, 0.234699085354805, 0.07485257834196091, -0.28633058071136475, -0.07681254297494888, -0.039534103125333786, 0.003503592452034354, 0.2701866924762726, -0.7022928595542908, -0.8291436433792114, 0.4239404797554016, 0.37786728143692017, -0.017345722764730453, -0.07947167009115219, 0.1561460793018341, 0.6414193511009216, 1.3029727935791016, 0.03249603509902954, 0.104965940117836, 0.002082915510982275, -0.017339380457997322, 0.03264978155493736, 0.12334652245044708, 0.019080746918916702, -0.004340046085417271, 0.00019626917492132634, -0.048089269548654556, -0.03399126976728439, -0.015220651403069496, -0.026479827240109444, -0.004539540968835354, -0.037215348333120346, -0.014028623700141907, -0.003811937989667058, -0.04466228932142258, -0.05709703266620636, -0.026804588735103607, 0.026860058307647705, 0.0010909701231867075, 0.017579760402441025, -0.401512086391449, 0.4450661838054657, 0.51036536693573, 0.488132119178772, 0.6514748334884644, 0.27719053626060486, 0.13400274515151978, -0.17416070401668549, -0.17223398387432098, 3.061931610107422, 0.503075122833252, 0.8360452651977539, 0.0, -0.38999998569488525, 0.47999998927116394, 0.012645297683775425, 0.2464054822921753, 0.9690790772438049, 0.0032153106294572353, -0.3143758475780487, 0.4196145236492157, -0.3861091434955597, 0.7589540481567383, 0.05278971046209335, -0.41993245482444763, 0.43954819440841675, -0.12441089004278183, 0.21855251491069794, 0.9270005822181702, -0.278256356716156, 0.1438164860010147, -0.04290565475821495, -0.18604730069637299, 3.4553937911987305, 2.855459213256836, 0.5419973731040955, 0.0787782147526741, -0.4147526025772095, 0.43539127707481384, -0.10561560094356537, 0.09465666115283966, 0.9397026300430298, -0.3111984133720398, 0.28516265749931335, -0.07878227531909943, -0.19740760326385498, 7.531891822814941, 4.973878383636475, 2.837360143661499, 0.07589131593704224, -0.38722366094589233, 0.4935154616832733, 0.03916507214307785, -0.023610340431332588, 0.9837886691093445, -0.17340286076068878, 0.10130628943443298, 0.017951615154743195, -0.014045476913452148, 1.150793194770813, 1.1439146995544434, -0.4536547362804413, 0.04275224730372429, -0.37495383620262146, 0.5209388136863708, -0.19385714828968048, 0.2217852622270584, 0.9467886090278625, 0.12969976663589478, 0.0445188470184803, -0.0676361620426178, 0.046336617320775986, 5.759812355041504, -0.7915287613868713, 3.370105743408203, -0.01226663589477539, -0.383561909198761, 0.4442594647407532, 0.5278103947639465, -0.8084149360656738, -0.010078917257487774, -0.2603454291820526, 0.1390436291694641, 0.004044651985168457, -0.019375473260879517, -0.13072098791599274, 1.52070152759552, 2.9615814685821533, 0.17327642440795898, 0.5858429670333862, 0.3750300407409668, -0.008551733568310738, -0.0027792188338935375, -0.001175173674710095, 0.14943651854991913, 0.3381063938140869, 0.5318214893341064, 0.0007315495167858899, -0.0017164500895887613, -0.0010053424630314112, 0.14790338277816772, 0.5241908431053162, 0.09201270341873169, -0.007357788737863302, 0.0005423615803010762, -0.0005799655918963253, -0.3127518892288208, 0.18671691417694092, -0.11110597848892212, -0.0010111841838806868, -0.0010523435194045305, 0.0030861226841807365, 0.08402694016695023, 0.2884710431098938, -0.4361456334590912, 0.004826233256608248, -0.00025346013717353344, 0.004607693292200565, -1.0, -0.7686771750450134, -0.3133709728717804, -1.0, 0.2966517210006714, -1.0, -0.8066359162330627, -0.5057277083396912, 0.6988057494163513, 1.0, -0.8608976006507874, 1.0, 1.0, 0.9023170471191406, -0.9154977798461914, 1.0, -0.3450576961040497, -1.0, -1.0, -0.36814117431640625]
[-0.9082295894622803, -0.8191330432891846, -0.5114387273788452, -0.7410587668418884, 0.4826885759830475, 0.5560337901115417, -0.7618332505226135, -0.6656047105789185, 0.08070112019777298, 0.45609375834465027, 0.3991379141807556, 0.8981972336769104, -0.6940507292747498, -0.5515133142471313, 0.8821972608566284, 0.9995272755622864, 0.8075582385063171, -0.5784457325935364, -0.29334524273872375, 0.852253258228302, -0.5192360281944275, -0.9575784206390381, -0.947762131690979, -0.4237934350967407, -0.0947590321302414, 0.27470359206199646, 0.19525645673274994, -0.5319052934646606, -0.23103748261928558, -0.07241719216108322, -0.19173598289489746, -0.2632363736629486, -1.095198154449463, -0.5751592516899109, 0.19315321743488312, 0.09830866008996964, -0.33202075958251953, -0.10793854296207428, -0.0002978249976877123, 0.004418948665261269, 0.29234305024147034, -0.7240049242973328, -0.8318261504173279, 0.36434030532836914, 0.3789026141166687, -0.02411564812064171, -0.07152112573385239, 0.17382989823818207, 0.616456925868988, 2.957315444946289, 0.01782762072980404, 0.17725449800491333, 0.034358881413936615, 0.0004502024967223406, 0.02536051720380783, 0.20266182720661163, 0.05295708775520325, -0.008301998488605022, -0.003515687072649598, 0.08841660618782043, 0.028764212504029274, 0.007920114323496819, 0.18286454677581787, -0.014675155282020569, 0.08293290436267853, 0.02636037953197956, 0.0059495894238352776, -0.08130258321762085, 0.06553676724433899, 0.02764429897069931, 0.04965219274163246, 0.006964476779103279, 0.020092006772756577, -0.40526077151298523, 0.44308072328567505, 0.5459563732147217, 0.4123230278491974, 0.7117297053337097, 0.15925517678260803, 0.15682286024093628, -0.26167500019073486, -0.0562979094684124, 3.7725517749786377, 0.73048335313797, 0.9213312268257141, 0.0, -0.38999998569488525, 0.47999998927116394, 0.012645297683775425, 0.2464054822921753, 0.9690790772438049, 0.0032153106294572353, -0.22445790469646454, 0.482159286737442, -0.2813551425933838, 0.7987368702888489, 0.05451018735766411, -0.42066270112991333, 0.4380682110786438, -0.11089048534631729, 0.19170616567134857, 0.9334797263145447, -0.2820774018764496, 0.12806440889835358, -0.10010732710361481, 0.024675365537405014, 1.9341450929641724, 2.260056972503662, 0.07907193154096603, 0.08243745565414429, -0.4148322641849518, 0.43387725949287415, -0.08742611855268478, 0.027282502502202988, 0.9397085905075073, -0.3294844627380371, 0.28893837332725525, -0.13313062489032745, 0.018058978021144867, 6.430534839630127, 4.941225051879883, 2.690530300140381, 0.07709111273288727, -0.38664519786834717, 0.4950736463069916, 0.04436715319752693, -0.029460866004228592, 0.9840701818466187, -0.16961537301540375, 0.06920064240694046, 0.03088347800076008, 0.16182754933834076, 0.1313999742269516, 0.4504093527793884, -0.4601108431816101, 0.043549150228500366, -0.37418192625045776, 0.5224785208702087, -0.20409336686134338, 0.17560745775699615, 0.9562832117080688, 0.11415061354637146, -0.009984590113162994, -0.008820531889796257, 0.1629064679145813, 4.409653663635254, -1.5297812223434448, 3.1644275188446045, -0.00918593816459179, -0.38435888290405273, 0.4452628791332245, 0.5487020611763, -0.7981859445571899, -0.013622608967125416, -0.24827329814434052, 0.1676243245601654, -0.07506890594959259, 0.09327464550733566, -1.6559855937957764, 0.667606770992279, 2.652327299118042, 0.09648793190717697, 0.6236580610275269, 0.8975417017936707, 0.009805073961615562, -0.001767173525877297, -2.239516470581293e-05, 0.09297406673431396, 0.5268250107765198, 1.146358847618103, -0.00039962324080988765, -0.002143907593563199, -0.0003202961524948478, 0.19436046481132507, -0.13922150433063507, 0.7815849184989929, 0.005831791087985039, 0.0014470411697402596, -0.00010699560516513884, 0.03279146924614906, 0.011571325361728668, 0.6963472366333008, 0.006123159546405077, 0.004754405468702316, -0.00028229778399690986, 0.13723193109035492, -0.6219277381896973, -0.880010724067688, 0.0066840979270637035, 0.004768764600157738, -0.0023178216069936752, -1.0, -0.385601669549942, -0.21545754373073578, -1.0, 0.354836106300354, -1.0, -0.7805953621864319, -0.552357017993927, 0.649397075176239, 1.0, -0.8932742476463318, 1.0, 1.0, 1.0, -1.0, 1.0, -0.21332542598247528, -1.0, -1.0, -0.31566935777664185]
[-0.9292566776275635, -0.7405241131782532, -0.46870389580726624, -0.796111524105072, 0.47627678513526917, 0.5508177280426025, -0.7998772263526917, -0.6493412852287292, -0.022284625098109245, 0.36069780588150024, 0.42792564630508423, 0.9067780375480652, -0.728198766708374, -0.5632771849632263, 0.8796045184135437, 0.999999463558197, 0.8359097242355347, -0.6508327722549438, -0.3802337050437927, 0.8794516921043396, -0.4582644999027252, -0.9693018198013306, -0.9587334394454956, -0.4173668920993805, -0.06915544718503952, 0.7448152303695679, 0.1636931300163269, -0.47526517510414124, 0.032533206045627594, -0.01825142465531826, -0.13731150329113007, 0.384586900472641, -0.8687006235122681, -1.080891489982605, 0.07774414867162704, 0.0707007348537445, -0.30422061681747437, -0.109163299202919, -0.014633438549935818, 1.2025192290820996e-06, 0.24989445507526398, -0.6371479630470276, -0.7917618751525879, 0.3140254616737366, 0.47609254717826843, -0.027825579047203064, -0.06369642913341522, -0.00016577467613387853, 0.5430358052253723, 4.638559341430664, -0.0004506705445237458, 0.260872483253479, 0.06123188138008118, 0.008937624283134937, 0.020477810874581337, 0.41559460759162903, 0.1365099549293518, 0.015082404017448425, -0.00882362574338913, 0.13754528760910034, 0.05120645463466644, 0.016369653865695, 0.24099212884902954, -0.023638030514121056, 0.11470375955104828, 0.043561194092035294, 0.01457733940333128, -0.12424653768539429, 0.13749437034130096, 0.059684399515390396, 0.07665623724460602, 0.005712540820240974, 0.02333233878016472, -0.41081371903419495, 0.4439740777015686, 0.5743135809898376, 0.3058754801750183, 0.7593088150024414, 0.00736151123419404, 0.2131931185722351, -0.38249823451042175, 0.15446971356868744, 4.724607944488525, 1.01883065700531, 1.1751066446304321, 0.0, -0.38999998569488525, 0.47999998927116394, 0.012645297683775425, 0.2464054822921753, 0.9690790772438049, 0.0032153106294572353, -0.10756616294384003, 0.5461231470108032, -0.1423385888338089, 0.8184857368469238, 0.05631735920906067, -0.4227774143218994, 0.4418342411518097, -0.1029028370976448, 0.19066177308559418, 0.9342666864395142, -0.283204585313797, 0.11599789559841156, -0.13766524195671082, 0.37177300453186035, -1.6307711601257324, 0.015126384794712067, -0.16492466628551483, 0.08591175079345703, -0.41672325134277344, 0.4399120509624481, -0.06961704790592194, -0.017839627340435982, 0.9358778595924377, -0.3449169993400574, 0.2505369782447815, -0.20458650588989258, 0.5854467749595642, 2.713710308074951, 3.0482633113861084, 2.0594592094421387, 0.07786433398723602, -0.38601094484329224, 0.5005229115486145, 0.042644109576940536, -0.02085586078464985, 0.9847621321678162, -0.1673019379377365, 0.019902169704437256, 0.07174046337604523, 0.4365755319595337, -1.8051154613494873, -0.9298103451728821, -0.12263499945402145, 0.04354682192206383, -0.372414767742157, 0.5269665718078613, -0.2218143492937088, 0.1444130539894104, 0.9594390392303467, 0.09705571830272675, -0.06573977321386337, 0.09455153346061707, 0.3432684540748596, 1.896579384803772, -2.3352978229522705, 3.0425143241882324, -0.0053903935477137566, -0.38639160990715027, 0.4490547180175781, 0.5733363032341003, -0.7839686870574951, -0.0008719965699128807, -0.2380707561969757, 0.24886220693588257, -0.18171235918998718, 0.29917994141578674, -3.2833991050720215, -0.9777011871337891, 3.0281081199645996, -0.005342445801943541, 0.7950271368026733, 1.4424043893814087, 0.020863031968474388, -0.0005082035204395652, 0.0014419080689549446, 0.03764334321022034, 0.316116064786911, 2.5452234745025635, 0.01982414349913597, -0.0031381305307149887, -1.4718351849296596e-05, 0.24284245073795319, -0.3199709951877594, 1.2372157573699951, 0.011570089496672153, 0.002583901397883892, 0.0007742050220258534, -0.0691048875451088, -0.16106785833835602, 1.0257930755615234, 0.012161321006715298, 0.006903077010065317, 0.0013577962527051568, 0.09786432981491089, -1.1967180967330933, -1.3605320453643799, 0.00872014369815588, 0.00414670817553997, -0.006104148458689451, -1.0, 0.2000659704208374, -0.2602662444114685, -1.0, 0.5499366521835327, -0.9603055119514465, -0.2426961064338684, -0.46760129928588867, 0.49571895599365234, 1.0, -0.8952123522758484, 1.0, 1.0, 1.0, -1.0, 1.0, -0.04148368537425995, -1.0, -1.0, -0.4464757442474365]
[-0.9445126056671143, -0.5878201127052307, -0.459850549697876, -0.8009369969367981, 0.520268440246582, 0.5569434762001038, -0.7668062448501587, -0.5340743660926819, -0.09711270034313202, 0.25140130519866943, 0.4305403530597687, 0.9125381708145142, -0.727075457572937, -0.5695645213127136, 0.8769654035568237, 0.9999996423721313, 0.8585785031318665, -0.699750542640686, -0.4535596966743469, 0.9030382037162781, -0.36581340432167053, -0.9829665422439575, -0.9683891534805298, -0.43308067321777344, -0.050183773040771484, 1.3227921724319458, -0.03479958698153496, 0.21636421978473663, 0.608815610408783, 0.1371423602104187, 0.28247711062431335, 1.4478833675384521, -0.5841315388679504, -0.9011745452880859, -0.02408715710043907, 0.035207148641347885, 0.18045544624328613, 0.002223941730335355, -0.010768341831862926, 5.8900232033920474e-06, 0.1965804249048233, -0.3511011600494385, -0.5651705265045166, 0.272015243768692, 0.7728835940361023, -0.031246760860085487, -0.05643182992935181, -0.22059960663318634, 0.4056501090526581, 6.9965410232543945, -0.0271101463586092, 0.49160027503967285, 0.1341802477836609, 0.027956947684288025, 0.09026628732681274, 0.6231356263160706, 0.2053028643131256, 0.05624089390039444, -0.007197584956884384, 0.20730140805244446, 0.10548090934753418, 0.041389498859643936, 0.3408636152744293, -0.03584463894367218, 0.18305696547031403, 0.07959933578968048, 0.035103145986795425, -0.18793466687202454, 0.24167083203792572, 0.10451451689004898, 0.11304476857185364, 0.00920853577554226, 0.028000833466649055, -0.41856124997138977, 0.45024946331977844, 0.5805060863494873, 0.148828387260437, 0.7734501957893372, -0.20648837089538574, 0.3146094083786011, -0.5160592198371887, 0.549673318862915, 6.786458492279053, 1.7091974020004272, 2.001430034637451, 0.0, -0.38999998569488525, 0.47999998927116394, 0.012645297683775425, 0.2464054822921753, 0.9690790772438049, 0.0032153106294572353, 0.050833508372306824, 0.6041342616081238, 0.06143253669142723, 0.7928832769393921, 0.05831727012991905, -0.42545291781425476, 0.45503872632980347, -0.11501649022102356, 0.2504182457923889, 0.9188963770866394, -0.2822965383529663, 0.04438556358218193, -0.029805174097418785, 0.9777163863182068, -9.779733657836914, -5.840453624725342, 0.04538283124566078, 0.08758516609668732, -0.42059826850891113, 0.458112508058548, -0.0627269446849823, 0.0022596088238060474, 0.9357235431671143, -0.3471044898033142, -0.00032213516533374786, -0.15933763980865479, 1.4105886220932007, -6.050044536590576, -2.289454698562622, -1.0192923545837402, 0.07774423807859421, -0.3840674161911011, 0.5112232565879822, 0.02940148487687111, 0.022761749103665352, 0.9851198792457581, -0.16779804229736328, -0.08724996447563171, 0.26832666993141174, 0.7793503403663635, -6.8915228843688965, -3.4153997898101807, 0.4341513514518738, 0.0424027182161808, -0.36867254972457886, 0.5351225137710571, -0.24834871292114258, 0.14320123195648193, 0.9547841548919678, 0.07876177877187729, -0.15382066369056702, 0.31160756945610046, 0.5492495894432068, -2.777233362197876, -3.2264349460601807, 2.072431802749634, 1.0512769222259521e-05, -0.3897121250629425, 0.4571577310562134, 0.6078552007675171, -0.7594308853149414, 0.031204896047711372, -0.22978895902633667, 0.386399507522583, -0.2725611925125122, 0.6055874228477478, -5.551016330718994, -2.8492648601531982, 4.489765167236328, -0.16609041392803192, 1.1813154220581055, 2.7418110370635986, 0.04567667841911316, 0.0016029294347390532, 0.003875535912811756, 0.2533893883228302, -0.29752984642982483, 3.8374183177948, 0.05177794396877289, -0.007534848526120186, -0.005199624225497246, 0.29088565707206726, -0.8639384508132935, 1.8973371982574463, 0.028430424630641937, 0.003014654153957963, 5.60793123440817e-05, -0.12735672295093536, -0.6039256453514099, 1.559699296951294, 0.02604425884783268, 0.010234230197966099, 0.003241483587771654, 0.12189705669879913, -1.9834707975387573, -2.0130412578582764, 0.010759630240499973, 0.007258179597556591, -0.011712415143847466, -1.0, 1.0, -0.6023924350738525, -0.4283602237701416, 1.0, -0.20208635926246643, 0.6147832274436951, -0.35364919900894165, 0.35719430446624756, 1.0, -0.5215691328048706, 1.0, 1.0, 1.0, -0.8423988223075867, 1.0, 0.3403974771499634, -1.0, -1.0, -0.6024900674819946]
[-0.9630776047706604, -0.3877340257167816, -0.4813459813594818, -0.6761106252670288, 0.5790964961051941, 0.5874467492103577, -0.6032804250717163, -0.3397007882595062, -0.13785192370414734, 0.17930185794830322, 0.4439416527748108, 0.9197396039962769, -0.6628763675689697, -0.5586941838264465, 0.8724800944328308, 0.9999994039535522, 0.8819683790206909, -0.7432569265365601, -0.503440797328949, 0.9316719174385071, -0.2890934944152832, -1.0000120401382446, -0.9270325899124146, -0.47583165764808655, -0.08027352392673492, 1.4736603498458862, 0.09672784805297852, 1.5100127458572388, 0.48141738772392273, 0.39489516615867615, 0.8756899237632751, 2.0016212463378906, -0.2523246109485626, -0.47072386741638184, 0.06508824229240417, -0.0761253833770752, 0.8256003260612488, 0.20111456513404846, -0.04982335492968559, -2.536738247727044e-05, 0.2943386733531952, -0.4273025691509247, -0.43941202759742737, 0.5845729112625122, 0.3361488878726959, 0.0008045554277487099, 0.45742174983024597, -0.28278133273124695, -0.6861996054649353, 1.294514536857605, 0.1278631091117859, 0.14027807116508484, 0.009193642996251583, 0.003693504724651575, 0.12931713461875916, 0.1566978096961975, 0.08089452981948853, 0.041871458292007446, -0.0008605420007370412, -0.054079361259937286, 0.016400089487433434, 0.01578431949019432, -0.01542216632515192, -0.005525210406631231, 0.12231545150279999, 0.04515846073627472, 0.016325701028108597, 0.09256918728351593, -0.07381317019462585, -0.0035321188624948263, 0.011999974958598614, 0.024621589109301567, 0.030092019587755203, -0.4210280179977417, 0.46711573004722595, 0.544416606426239, 0.1914799064397812, 0.7983339428901672, -0.17207209765911102, 0.006533360108733177, -0.018334150314331055, 1.4781630039215088, -1.6821848154067993, 1.0501636266708374, -0.27427777647972107, 0.0, -0.38999998569488525, 0.47999998927116394, 0.012645297683775425, 0.2464054822921753, 0.9690790772438049, 0.0032153106294572353, 0.015081058256328106, 0.5605027675628662, 0.03759244829416275, 0.827161431312561, 0.05920521914958954, -0.4257355332374573, 0.47832590341567993, -0.15140262246131897, 0.37961119413375854, 0.8703230023384094, -0.2747913897037506, -0.15171287953853607, 0.2480236440896988, 1.2863426208496094, -16.216995239257812, -10.274798393249512, -0.7073010206222534, 0.08511660993099213, -0.4225417375564575, 0.4850373864173889, -0.06920477747917175, 0.09388944506645203, 0.9381514191627502, -0.3259868621826172, -0.3508712351322174, 0.21335123479366302, 1.6745884418487549, -12.154274940490723, -6.103373050689697, -4.2203826904296875, 0.07645341008901596, -0.3791182339191437, 0.5250632166862488, 0.006966128945350647, 0.11127281188964844, 0.9797359108924866, -0.16639479994773865, -0.16447387635707855, 0.49582257866859436, 0.7888209819793701, -11.085409164428711, -4.828620910644531, 0.34209340810775757, 0.040366627275943756, -0.3627558648586273, 0.5451187491416931, -0.2793365716934204, 0.16446168720722198, 0.9441864490509033, 0.05861157551407814, -0.17857179045677185, 0.4537517726421356, 0.5582531690597534, -4.116889953613281, -3.187544822692871, 2.050954818725586, 0.004590440075844526, -0.3929910957813263, 0.46846193075180054, 0.6397557258605957, -0.7348213195800781, 0.07386382669210434, -0.21282462775707245, 0.19054509699344635, -0.24762733280658722, 0.6713409423828125, -7.067795276641846, -0.6749683618545532, 2.3703854084014893, 0.4407162666320801, 0.3139660060405731, 0.32337334752082825, 0.008402994833886623, -0.013888230547308922, -0.006868317723274231, 0.28411900997161865, -0.6186534762382507, 1.0167087316513062, 0.03259165212512016, -0.004994678311049938, -0.00758391572162509, -0.07538669556379318, -0.14135701954364777, 0.10975372791290283, 0.01366396527737379, 7.247359462780878e-05, 8.171657100319862e-05, -0.13238874077796936, -0.5621630549430847, 0.3451838493347168, 0.007893254980444908, 0.0007581809186376631, 0.0013784992042928934, 0.5238185524940491, 0.519575834274292, 0.05787322670221329, -0.013641847297549248, 0.016240492463111877, -0.0032350108958780766, -1.0, 1.0, -0.8522107601165771, 1.0, 1.0, 0.8257381916046143, 1.0, -0.20601911842823029, 0.6070412397384644, 1.0, -0.05931182578206062, 0.8214659690856934, 1.0, 1.0, -1.0, 1.0, 0.721615731716156, -0.3354704976081848, -1.0, -1.0]
[-0.983221173286438, -0.17451199889183044, -0.4262647032737732, -0.4762527644634247, 0.5210237503051758, 0.6049506068229675, -0.4519280791282654, -0.19751720130443573, -0.22243550419807434, 0.1244182288646698, 0.4498900771141052, 0.9212863445281982, -0.5424203872680664, -0.5273861289024353, 0.8052460551261902, 0.9999845623970032, 0.9096970558166504, -0.7864466905593872, -0.5512215495109558, 0.9720361232757568, -0.24905361235141754, -1.0000120401382446, -0.8527174592018127, -0.5081722140312195, -0.05820239335298538, 1.5093374252319336, 0.2417316883802414, 1.9749058485031128, -0.9746939539909363, -0.12160215526819229, 0.4752204418182373, 1.1296217441558838, -1.0661338567733765, -0.7541947364807129, 0.01389246340841055, -0.050875406712293625, 1.2743107080459595, 0.37465986609458923, -0.4673839509487152, -0.0005065061268396676, 0.2360634058713913, -0.38056060671806335, -0.45505139231681824, 0.48399820923805237, 0.21007569134235382, 4.947233173879795e-05, 0.40922775864601135, -0.3427082300186157, 1.1146067380905151, -0.16689181327819824, 0.0461975522339344, -0.011608745902776718, -0.061760712414979935, -0.05021519213914871, -0.012078830040991306, -0.04737444967031479, -0.06064379960298538, -0.045099712908267975, 0.001268008491024375, -0.12469394505023956, -0.028442824259400368, -0.0021399855613708496, -0.30512329936027527, 0.012046773917973042, -0.1027308776974678, -0.02914176881313324, -0.008453691378235817, -0.0004884653608314693, -0.10908391326665878, -0.045250725001096725, -0.003962686751037836, -0.0017619719728827477, 0.026550699025392532, -0.4184193015098572, 0.4910580813884735, 0.5842494368553162, 0.22230872511863708, 0.774810791015625, -0.09433777630329132, -0.230983704328537, 0.21069179475307465, 1.4181323051452637, -2.2603750228881836, 0.3929178714752197, -1.5508027076721191, 0.0, -0.38999998569488525, 0.47999998927116394, 0.012645297683775425, 0.2464054822921753, 0.9690790772438049, 0.0032153106294572353, -0.02144562639296055, 0.5803463459014893, -0.04723908752202988, 0.8127157092094421, 0.05741658806800842, -0.42338475584983826, 0.504180908203125, -0.17290696501731873, 0.48894214630126953, 0.8154498338699341, -0.2570608854293823, -0.2062987983226776, 0.32733917236328125, 1.3557099103927612, -10.349884033203125, -5.8763837814331055, -0.9834249019622803, 0.08209870755672455, -0.420915424823761, 0.5095757842063904, -0.06946844607591629, 0.1593494862318039, 0.935954749584198, -0.3062196373939514, -0.18522650003433228, 0.24947872757911682, 1.3449267148971558, -4.143331050872803, -1.0302075147628784, -1.8953337669372559, 0.07397174835205078, -0.37161785364151, 0.5386350154876709, -0.022213641554117203, 0.22909016907215118, 0.95931476354599, -0.16352176666259766, -0.2716723680496216, 0.6756434440612793, 0.651866614818573, -14.239709854125977, -6.092383861541748, 0.4838046431541443, 0.0394756905734539, -0.35542482137680054, 0.5549821853637695, -0.2995462715625763, 0.18957948684692383, 0.9344772100448608, 0.03292463719844818, -0.047541193664073944, 0.4764224588871002, 0.5297105312347412, -3.9183192253112793, -1.0907686948776245, 2.471856117248535, 0.007219725754112005, -0.39506077766418457, 0.4805164337158203, 0.6621675491333008, -0.7169070839881897, 0.12085146456956863, -0.1815851330757141, 0.12253782153129578, -0.1629752665758133, 0.7158980965614319, -6.686911582946777, -1.2009268999099731, 1.4529846906661987, 0.21634262800216675, 0.5620590448379517, -0.5532203316688538, -0.04178430512547493, 6.776564259780571e-05, -0.0006593010039068758, -0.08683893084526062, 0.6651859283447266, -0.558504581451416, -0.03512192517518997, 0.005189038347452879, 0.006808089092373848, 0.18951846659183502, 0.3199295699596405, -0.42880570888519287, 0.002658957615494728, -0.0005238365847617388, -0.0010717699769884348, -0.8095153570175171, 0.2829707860946655, -0.6603490114212036, -0.00420913053676486, -0.011556817218661308, 0.003619581926614046, 0.003360924543812871, 0.6499623656272888, 0.050986405462026596, 0.002195359207689762, -0.0018157453741878271, 0.005232265219092369, -1.0, 1.0, -0.008901823312044144, 0.7097743153572083, -0.2614198625087738, -0.004422616213560104, 0.47070103883743286, -1.0, 0.44820213317871094, 0.839019775390625, 0.2921648323535919, -0.14547637104988098, 1.0, 1.0, -1.0, 1.0, 1.0, -0.45859313011169434, -1.0, -0.8125760555267334]
[-0.9956183433532715, 0.02783135138452053, -0.3120252192020416, -0.2555397152900696, 0.42993950843811035, 0.5796799063682556, -0.33769553899765015, -0.09839311987161636, -0.3414466083049774, 0.009620212949812412, 0.4388622045516968, 0.8958299160003662, -0.400358110666275, -0.4827417731285095, 0.6715162992477417, 0.9994813799858093, 0.9113661050796509, -0.8228453397750854, -0.5970624089241028, 1.0000287294387817, -0.2197849601507187, -1.0000334978103638, -0.8032540082931519, -0.5207194685935974, -0.04110313579440117, 1.3647207021713257, 0.563271701335907, 2.0792922973632812, -0.7699785828590393, -0.26784399151802063, 0.4619050621986389, 0.8187093138694763, -1.1122888326644897, -1.2872744798660278, -0.07634472846984863, -0.32634851336479187, 1.3309537172317505, 0.44436588883399963, -0.6992990374565125, -0.0024989189114421606, -0.10027118027210236, -0.3133631646633148, -0.4028042256832123, 0.0017442823154851794, 0.07635162025690079, -0.0003702154790516943, 0.1742016077041626, -0.032170455902814865, 0.19268490374088287, -1.9441428184509277, 0.07144564390182495, -0.11744987219572067, 0.005448953248560429, 0.00823133159428835, 0.0213919747620821, -0.21892130374908447, -0.05900155007839203, -0.027133524417877197, -0.005991983227431774, -0.10667157173156738, -0.04690704494714737, -0.014983867295086384, -0.1897386908531189, 0.014378301799297333, -0.16924437880516052, -0.057526007294654846, -0.01603354886174202, -0.1308194249868393, -0.11512171477079391, -0.052246615290641785, -0.007969357073307037, 0.0033797253854572773, 0.022470030933618546, -0.4131547510623932, 0.5137382745742798, 0.6157413721084595, 0.25863370299339294, 0.7441855072975159, -0.01261143945157528, -0.31269586086273193, 0.4451451301574707, 1.320472240447998, -2.2897467613220215, 0.4447251260280609, -0.8902069926261902, 0.0, -0.38999998569488525, 0.47999998927116394, 0.012645297683775425, 0.2464054822921753, 0.9690790772438049, 0.0032153106294572353, -0.06512583792209625, 0.5912307500839233, -0.13383729755878448, 0.7926490902900696, 0.052252884954214096, -0.4170505106449127, 0.5280857086181641, -0.1802569180727005, 0.5737810730934143, 0.7645403146743774, -0.23186348378658295, -0.39158710837364197, 0.5801699757575989, 1.1400913000106812, -10.451744079589844, -5.902706623077393, -2.6466801166534424, 0.07878244668245316, -0.417328417301178, 0.530170202255249, -0.05824395269155502, 0.16956520080566406, 0.939398467540741, -0.29220840334892273, -0.19493068754673004, 0.27499616146087646, 1.1304631233215332, 0.36761975288391113, 1.4906082153320312, -2.0130887031555176, 0.07088367640972137, -0.3642841577529907, 0.5498722195625305, -0.05165799707174301, 0.3431831896305084, 0.9243273138999939, -0.15866832435131073, -0.26043814420700073, 0.5680325627326965, 0.45307645201683044, -12.85172176361084, -5.612311363220215, 0.6759372353553772, 0.0401294007897377, -0.34909072518348694, 0.5637807846069336, -0.3041076958179474, 0.20493769645690918, 0.9303245544433594, 0.0038967167492955923, 0.05546869710087776, 0.347400963306427, 0.47972115874290466, -2.291161298751831, 0.7440186738967896, 2.806602954864502, 0.008672775700688362, -0.395579069852829, 0.49206477403640747, 0.6759442687034607, -0.7005482912063599, 0.17079932987689972, -0.1521807760000229, 0.07889789342880249, -0.08819016814231873, 0.6974430084228516, -6.845141887664795, -3.1031992435455322, 0.14034298062324524, 0.2214689552783966, -0.7190165519714355, -0.36464589834213257, -0.0025539167691022158, -0.004964389838278294, -0.0020128260366618633, 0.08934472501277924, 0.31826022267341614, -1.2075960636138916, -0.02235962077975273, 0.001107661402784288, 0.0002766028919722885, 0.01617869734764099, 0.3565344214439392, -0.8151730895042419, -0.00963585264980793, 0.00017345773812849075, 0.0013728511985391378, -0.16749700903892517, 0.613006591796875, -0.795309841632843, -0.006838449276983738, -0.006177659146487713, -0.0008433020557276905, 0.11770407855510712, 0.2643139064311981, 0.01888248696923256, 0.021497365087270737, 0.0014964579604566097, 0.009499656036496162, -1.0, 1.0, 0.8281931281089783, 1.0, 0.03303983807563782, 0.2757633924484253, 0.31921058893203735, -1.0, 0.2993014454841614, 0.6405593156814575, 0.3897695243358612, -0.300840824842453, 1.0, 0.7777089476585388, -1.0, 1.0, 1.0, -1.0, -0.955049455165863, -0.433496356010437]
[-0.9998867511749268, 0.20680902898311615, -0.14806720614433289, -0.06113152578473091, 0.3194829523563385, 0.5467269420623779, -0.17629188299179077, -0.01250620000064373, -0.453091025352478, -0.13009421527385712, 0.3667716979980469, 0.8311829566955566, -0.27712130546569824, -0.4169999957084656, 0.5272424221038818, 0.9986539483070374, 0.849529504776001, -0.8518804311752319, -0.6348153352737427, 1.0000311136245728, -0.21817947924137115, -1.0000234842300415, -0.7981847524642944, -0.5171516537666321, 0.0014497780939564109, 1.183287501335144, 0.7247676253318787, 1.741778016090393, -1.1120764017105103, -0.3530970513820648, 0.7702003121376038, 0.7881620526313782, -0.9817621111869812, -1.2745368480682373, -0.4213851988315582, -0.8214740753173828, 1.0383434295654297, 0.8983021974563599, -0.647060215473175, -0.00318636791780591, -0.8255531191825867, -0.24936425685882568, -0.31755906343460083, 2.7802909244201146e-05, 0.018154336139559746, 8.06390744401142e-07, 0.011675159446895123, 0.04250487685203552, 0.03013935126364231, -2.3621931076049805, 0.0335870161652565, -0.11863730847835541, -0.011481454595923424, -0.0011913751950487494, 0.059340737760066986, -0.16791342198848724, -0.02709459513425827, 0.0025510000996291637, -0.025143224745988846, -0.2799845039844513, -0.136129692196846, -0.024907343089580536, -0.05157892405986786, 0.013077273033559322, -0.25785234570503235, -0.09900767356157303, -0.031187858432531357, 0.07688045501708984, -0.04222054034471512, -0.019719302654266357, -0.04630858078598976, -0.004870275501161814, 0.016405407339334488, -0.402450829744339, 0.5337228178977966, 0.6581239104270935, 0.26940351724624634, 0.6970376968383789, 0.09183128923177719, -0.3695937693119049, 0.753461480140686, 1.1360914707183838, -1.3489142656326294, 1.1836799383163452, -2.359558343887329, 0.0, -0.38999998569488525, 0.47999998927116394, 0.012645297683775425, 0.2464054822921753, 0.9690790772438049, 0.0032153106294572353, -0.08836455643177032, 0.6071984171867371, -0.24550926685333252, 0.7504845857620239, 0.04552815482020378, -0.4087175726890564, 0.5469821095466614, -0.1753658503293991, 0.6341949701309204, 0.7255952954292297, -0.2013826072216034, -0.3917296230792999, 0.5902099609375, 0.8818767666816711, -6.382949352264404, -3.54300594329834, -3.6294116973876953, 0.07376039773225784, -0.41267529129981995, 0.5473999977111816, -0.044910602271556854, 0.16106238961219788, 0.9487863183021545, -0.2680419981479645, -0.32297268509864807, 0.30640196800231934, 0.944776177406311, 1.060842752456665, 1.0156995058059692, -3.886110544204712, 0.06809448450803757, -0.35931316018104553, 0.5589103698730469, -0.08003414422273636, 0.432777464389801, 0.8834463953971863, -0.1606881320476532, -0.21506214141845703, 0.2941311001777649, 0.3473113477230072, -10.451420783996582, -4.724668025970459, 2.079324960708618, 0.0413326732814312, -0.34622371196746826, 0.5715558528900146, -0.3003738522529602, 0.19797484576702118, 0.9326672554016113, -0.02670731209218502, 0.06728089600801468, 0.041138675063848495, 0.4569089412689209, 0.842513382434845, 1.6050841808319092, 3.780195713043213, 0.008527514524757862, -0.39492228627204895, 0.5020555853843689, 0.6780787110328674, -0.6873550415039062, 0.22203651070594788, -0.13583795726299286, 0.006446139421314001, -0.010258669964969158, 0.5855432748794556, -5.5028486251831055, -2.7701053619384766, -0.058034591376781464, 0.06509800255298615, -0.5748448371887207, -0.475835382938385, -0.009814046323299408, -0.0010048120748251677, -0.0006872625090181828, 0.24317772686481476, -0.08803588151931763, -0.9218632578849792, 0.0012304617557674646, -0.0013474667211994529, -0.004918437916785479, 0.05338664352893829, 0.9867651462554932, -1.5323622226715088, -0.010105866938829422, 0.003993953578174114, 0.004717270843684673, 0.27468836307525635, 1.203276515007019, -0.7953358888626099, -0.01313871145248413, -0.000998268835246563, -0.003055885434150696, -0.08606177568435669, 0.42603474855422974, 0.7926127314567566, -0.0031959805637598038, -0.003493285970762372, 0.0016658615786582232, -1.0, 1.0, 1.0, 1.0, -0.34809359908103943, 1.0, 0.44818398356437683, -1.0, -0.31763264536857605, 0.09789247065782547, 0.2655661106109619, -0.25631123781204224, 1.0, 0.19714200496673584, -1.0, 1.0, 0.8986185789108276, -1.0, -0.767011821269989, -0.4395791292190552]
[-0.9994836449623108, 0.35072389245033264, 0.0017930067842826247, 0.11382165551185608, 0.19312937557697296, 0.5020281076431274, 0.039606090635061264, 0.04222474992275238, -0.49098488688468933, -0.23207613825798035, 0.2238347828388214, 0.715722918510437, -0.22637055814266205, -0.32128724455833435, 0.4641784131526947, 0.9978184700012207, 0.7186824679374695, -0.8718114495277405, -0.6634222269058228, 1.0000101327896118, -0.19861555099487305, -1.0000030994415283, -0.7491722106933594, -0.48789799213409424, -0.0022700601257383823, 0.8973457217216492, 0.5795520544052124, 1.591088891029358, -1.1266331672668457, -0.4323197305202484, 1.018094778060913, 0.03831459954380989, -0.0019777179695665836, -0.5413880348205566, -0.7234951257705688, -0.9113944172859192, 0.1490340381860733, 0.6823667883872986, -0.09691979736089706, -0.012035646475851536, -1.3751139640808105, -0.14622211456298828, -0.22120462357997894, -0.00011147770419484004, 0.22755372524261475, 8.574669664085377e-06, 0.4545852243900299, 0.3915379047393799, -0.09659548103809357, -3.2116341590881348, -1.901278847071808e-05, -0.18387815356254578, -0.007540769409388304, 0.007781021296977997, 0.06664761900901794, -0.6530055403709412, -0.17101705074310303, -0.009563040919601917, -0.03513714671134949, 0.2681591808795929, 0.07324296981096268, 0.0007427122909575701, -0.11102673411369324, 0.023837290704250336, -0.2815507650375366, -0.10809951275587082, -0.03301989659667015, 0.10282217711210251, -0.019143501296639442, -0.00751248374581337, -0.02866634912788868, 0.012085176073014736, 0.011606205254793167, -0.3859615623950958, 0.5480313301086426, 0.704949676990509, 0.20547400414943695, 0.6521733403205872, 0.18840448558330536, -0.24688531458377838, 1.1988590955734253, 0.7238742113113403, -1.6015700101852417, 0.6419618129730225, -3.922107458114624, 0.0, -0.38999998569488525, 0.47999998927116394, 0.012645297683775425, 0.2464054822921753, 0.9690790772438049, 0.0032153106294572353, -0.038537267595529556, 0.6291418075561523, -0.35158708691596985, 0.6921575665473938, 0.03901755437254906, -0.3996587097644806, 0.5606914758682251, -0.16694878041744232, 0.6701799035072327, 0.7017438411712646, -0.17476381361484528, -0.338946133852005, 0.5929974913597107, 0.6034486889839172, -3.9534435272216797, -2.463705539703369, -2.871910572052002, 0.0676657035946846, -0.4077991247177124, 0.5603377819061279, -0.04218105599284172, 0.17122860252857208, 0.9567162990570068, -0.23150640726089478, -0.3273259699344635, 0.24577873945236206, 0.5732672214508057, -1.4535057544708252, -1.4380489587783813, -5.056285381317139, 0.06702123582363129, -0.35867613554000854, 0.5665861964225769, -0.1031896099448204, 0.47762635350227356, 0.8545124530792236, -0.1761627495288849, -0.09801940619945526, 0.05555468425154686, 0.3613186478614807, -3.7570853233337402, -1.6441428661346436, 3.6159145832061768, 0.041144728660583496, -0.3475015461444855, 0.578032910823822, -0.3030661642551422, 0.16655699908733368, 0.9365681409835815, -0.057006098330020905, -0.07162291556596756, -0.21823404729366302, 0.3592956066131592, 3.1273858547210693, 0.19219595193862915, 4.780896186828613, 0.008139044046401978, -0.3937225937843323, 0.5110039114952087, 0.6755625009536743, -0.6744479537010193, 0.27845147252082825, -0.1058298796415329, 0.008266942575573921, -0.031233150511980057, 0.5560517311096191, -8.163745880126953, -2.114938497543335, -1.2324734926223755, -0.043636731803417206, -0.9128901362419128, -0.6827607154846191, -0.005912330932915211, 0.0024400451220571995, 0.00015644590894225985, 0.23209644854068756, 1.0924091339111328, -2.727410316467285, 0.0068230945616960526, -0.001663746195845306, -0.006692111026495695, 0.027500972151756287, -0.91417396068573, 0.3942565619945526, -0.012969897128641605, 0.006161598488688469, 0.005716641433537006, 0.23406362533569336, 1.3065438270568848, -0.96536785364151, -0.013421740382909775, -0.0016094176098704338, -0.0030663961078971624, 0.2821563482284546, 0.2609747052192688, 0.7295203804969788, -0.004048377741128206, 0.007570677436888218, -0.000193310683243908, -1.0, 0.8664523959159851, 0.8594810366630554, 1.0, -0.4067867696285248, 1.0, 0.7815064191818237, -0.330763578414917, -0.9625093340873718, -0.3256603181362152, -0.14559727907180786, -0.27287742495536804, 1.0, -0.495161771774292, -1.0, 0.9235947728157043, 0.2731705605983734, -1.0, -0.18985337018966675, -0.18961554765701294]
[-0.9669812321662903, 0.43138718605041504, 0.09134441614151001, 0.2701649069786072, 0.08421298116445541, 0.4522324800491333, 0.29013556241989136, 0.05664012208580971, -0.42207300662994385, -0.24306759238243103, 0.02871880680322647, 0.6274912357330322, -0.2317802757024765, -0.2883407175540924, 0.4402659237384796, 0.995969831943512, 0.5493735671043396, -0.8867541551589966, -0.6820313334465027, 0.9617243409156799, -0.17417198419570923, -0.9943879842758179, -0.6158394813537598, -0.4208216071128845, 0.20071306824684143, 0.34523412585258484, 0.27384936809539795, 1.3647326231002808, -0.8656296133995056, -0.5374361872673035, 0.9709756970405579, 0.27900466322898865, 0.9720797538757324, 0.16494211554527283, -0.8642555475234985, -0.7912309169769287, -0.12023055553436279, 0.07431238144636154, -0.19301357865333557, -0.004642838146537542, -1.722589135169983, -0.1477477103471756, -0.15403145551681519, -0.7235962748527527, 0.1403457522392273, 0.018085919320583344, 1.018713355064392, 0.7391030788421631, 4.246084690093994, -5.658764839172363, 0.036488763988018036, -0.28041037917137146, -0.019970165565609932, -5.931011401116848e-05, 0.06801272928714752, -0.19391857087612152, 0.026063285768032074, 0.042148225009441376, 0.027315383777022362, -0.16700533032417297, -0.041068755090236664, -0.02718481421470642, -0.33195391297340393, 0.06219488009810448, -0.3645637035369873, -0.1349157989025116, -0.04225935414433479, 0.0698120966553688, -0.250620573759079, -0.1030217707157135, 0.0032328825909644365, 0.019899262115359306, 0.011251878924667835, -0.367367148399353, 0.5539932250976562, 0.7234130501747131, 0.10555409640073776, 0.6056555509567261, 0.3141864538192749, 0.025179244577884674, 1.1263328790664673, 0.2313063144683838, -1.0222052335739136, 0.37864258885383606, -4.035806179046631, 0.0, -0.38999998569488525, 0.47999998927116394, 0.012645297683775425, 0.2464054822921753, 0.9690790772438049, 0.0032153106294572353, 0.04529959708452225, 0.6163079142570496, -0.4794423580169678, 0.6230952143669128, 0.03279740735888481, -0.3920776844024658, 0.5681208968162537, -0.158414825797081, 0.6891144514083862, 0.6899043917655945, -0.15510603785514832, -0.33792397379875183, 0.4017951488494873, 0.24203155934810638, -1.2606275081634521, -0.901211678981781, -2.355259656906128, 0.060591306537389755, -0.4048821032047272, 0.5670952200889587, -0.050045665353536606, 0.22177866101264954, 0.9567487239837646, -0.1814979463815689, -0.4880128800868988, 0.3033600151538849, 0.2172122448682785, -7.691253662109375, -4.252688407897949, -5.880086421966553, 0.06639833748340607, -0.3602028489112854, 0.5712656378746033, -0.11416127532720566, 0.47534099221229553, 0.848602831363678, -0.2022157907485962, -0.04715734347701073, -0.2105455994606018, 0.21241948008537292, 1.8999924659729004, 1.67494535446167, 3.2799127101898193, 0.04110122099518776, -0.3535252809524536, 0.5818469524383545, -0.301430344581604, 0.11325489729642868, 0.9432270526885986, -0.08146041631698608, 0.0840114951133728, -0.6261354088783264, 0.18579377233982086, 6.691861152648926, 2.45500111579895, 4.498515605926514, 0.00564160943031311, -0.3925909698009491, 0.5188753008842468, 0.6518326997756958, -0.665087103843689, 0.3587718904018402, -0.06368612498044968, -0.20563577115535736, -0.10300558805465698, 0.5254506468772888, -10.329198837280273, -4.950100421905518, -4.885923862457275, 0.5903803110122681, -1.3009097576141357, -1.1628780364990234, -0.01957295462489128, 0.000628610432613641, 0.0010373098775744438, 0.5190439820289612, -0.9369184970855713, -1.2891185283660889, 0.028094448149204254, -0.0010608562733978033, 0.0017281960463151336, 0.5026755332946777, -0.05115756765007973, -1.5103018283843994, -0.027952177450060844, -0.004876039456576109, -0.002213946543633938, 0.11408574879169464, 1.7411766052246094, -1.4988690614700317, -0.016141705214977264, -0.013098563998937607, -0.00934432353824377, 0.5880559086799622, 1.7588231563568115, 0.27623870968818665, 0.0036263607908040285, 0.010490374639630318, 0.011515064164996147, -0.3437480032444, 0.34466439485549927, 0.36340948939323425, 1.0, -0.35608574748039246, 1.0, 0.8182569742202759, 0.3249082565307617, -1.0, -0.3681783974170685, -0.3308156728744507, -0.09165579080581665, 1.0, -0.6361522674560547, -1.0, 0.5454713106155396, -0.13454745709896088, -1.0, 0.45256954431533813, 0.08462326973676682]
[-0.8561800718307495, 0.41556692123413086, 0.08141618221998215, 0.40249601006507874, -0.02028333581984043, 0.3659217655658722, 0.5043634176254272, 0.06604687869548798, -0.30106067657470703, -0.21131983399391174, -0.17335766553878784, 0.5166094303131104, -0.2465747445821762, -0.28816020488739014, 0.3773326873779297, 0.9916286468505859, 0.34058716893196106, -0.864417552947998, -0.6874032616615295, 0.8821534514427185, -0.20388159155845642, -0.9754220247268677, -0.4054359793663025, -0.35101279616355896, 0.5574585795402527, -0.35400867462158203, -0.2058860808610916, 1.130273699760437, -1.009786605834961, -1.0402547121047974, 0.8931533694267273, -0.09368981420993805, 1.1884125471115112, 0.37182435393333435, -0.8677361607551575, -1.161643385887146, -0.15060928463935852, -0.032210517674684525, -0.37853050231933594, -0.01977367140352726, -2.062842607498169, 0.3813898265361786, 0.05724082142114639, -1.104374885559082, -0.42953941226005554, 0.047112900763750076, 1.4398549795150757, 0.5956169962882996, 7.191247940063477, -8.750017166137695, 0.04514225199818611, -0.3546753227710724, -0.06167856976389885, -0.022471502423286438, 0.16964802145957947, -0.5831732749938965, -0.16115260124206543, -0.03482649475336075, 0.05738816782832146, -0.39576077461242676, -0.10304919630289078, -0.029150191694498062, -0.3794248104095459, 0.12398656457662582, -0.4570677578449249, -0.12445291876792908, -0.026231706142425537, 0.1850285828113556, -0.5896860361099243, -0.26141831278800964, -0.06181974336504936, -0.007129425648599863, 0.016652455553412437, -0.3523796498775482, 0.554133951663971, 0.7359996438026428, -0.024827677756547928, 0.5283913612365723, 0.42248132824897766, 0.41986575722694397, 0.7929556965827942, -0.09600497037172318, -0.17996202409267426, 0.6501695513725281, -4.682328224182129, 0.0, -0.38999998569488525, 0.47999998927116394, 0.012645297683775425, 0.2464054822921753, 0.9690790772438049, 0.0032153106294572353, 0.15128257870674133, 0.6023786664009094, -0.5893871188163757, 0.5166006684303284, 0.026445332914590836, -0.389346182346344, 0.5686623454093933, -0.14323186874389648, 0.6721763014793396, 0.711058497428894, -0.14852406084537506, -0.37235206365585327, 0.04787673056125641, -0.009420490823686123, 5.708083152770996, 2.8177285194396973, -1.7465558052062988, 0.0522460974752903, -0.40567728877067566, 0.5662848353385925, -0.04987999424338341, 0.27940186858177185, 0.950652539730072, -0.12532424926757812, -0.49669432640075684, -0.11458756774663925, -0.2787073850631714, -5.19119930267334, -1.800246000289917, -7.397684097290039, 0.06634034216403961, -0.3683224022388458, 0.5706374049186707, -0.10615421086549759, 0.42800840735435486, 0.8687366843223572, -0.22546999156475067, 0.02460337243974209, -0.7193188071250916, -0.056894611567258835, 7.17641019821167, 4.64796781539917, 1.4417115449905396, 0.0429372563958168, -0.36658352613449097, 0.5804343223571777, -0.2805573344230652, 0.04049047455191612, 0.955166757106781, -0.08546680212020874, 0.1836821287870407, -1.0424045324325562, -0.18699012696743011, 8.538792610168457, 4.228705406188965, 1.362208604812622, -0.0027960417792201042, -0.3925494849681854, 0.5223951935768127, 0.5910673141479492, -0.6764879822731018, 0.438661128282547, -0.024079039692878723, -0.7058520317077637, -0.17396819591522217, 0.19585546851158142, -7.02340030670166, -5.918618202209473, -9.928070068359375, 1.010654091835022, -1.4294236898422241, -1.894648790359497, -0.0439128503203392, -0.00036265450762584805, 0.00206596776843071, 1.1749478578567505, 0.7926441431045532, -3.508197069168091, -0.022936837747693062, -0.007636771071702242, -0.007807910442352295, 1.0547553300857544, 0.033060625195503235, -2.8623838424682617, -0.02865428477525711, -0.006152131129056215, -0.004546068143099546, 1.0059131383895874, 1.7556982040405273, -1.6442217826843262, 0.00010376931459177285, -0.011604305356740952, -0.017323235049843788, 0.00011199196887901053, 4.582925319671631, 1.2063632011413574, -0.013419652357697487, -0.007131206803023815, 0.024556126445531845, 0.5995667576789856, -1.0, -0.36755117774009705, 1.0, -0.6438963413238525, 1.0, 0.382635235786438, 0.41833925247192383, -1.0, -0.8174969553947449, -0.355255126953125, -0.2275731861591339, 1.0, -1.0, -0.5625700950622559, 0.3528611958026886, -0.7765078544616699, -1.0, 0.9967617392539978, -0.017922408878803253]
[-0.6686181426048279, 0.31475719809532166, -0.0016422445187345147, 0.5116707682609558, -0.153047576546669, 0.2331019639968872, 0.7111045122146606, -0.007500624284148216, -0.21625058352947235, -0.17547334730625153, -0.3437104821205139, 0.3385404944419861, -0.22851260006427765, -0.28703805804252625, 0.2532769739627838, 0.9426830410957336, 0.19771236181259155, -0.7828753590583801, -0.6707009673118591, 0.7325519323348999, -0.28910985589027405, -0.9450644254684448, -0.1819150298833847, -0.2968212068080902, 0.8003134727478027, -0.9809826016426086, -0.40939003229141235, 0.937150776386261, -1.3400824069976807, -1.4317994117736816, 0.7216007113456726, -1.1385926008224487, 0.5642420649528503, 0.2708357274532318, -0.5730540156364441, -1.9147647619247437, 0.3272954523563385, 0.06502015888690948, -0.6336955428123474, -0.20078442990779877, -0.870319664478302, 0.9516445398330688, 0.24709582328796387, -2.2317519187927246, -0.7249658703804016, 0.07992468774318695, 1.3492873907089233, 0.451203316450119, 4.1943511962890625, -7.588818550109863, 0.03377243131399155, -0.293475866317749, -0.06733856350183487, -0.024804189801216125, 0.015746328979730606, -0.6940073370933533, -0.2575698792934418, -0.08336763083934784, 0.08483007550239563, -0.46483850479125977, -0.10437914729118347, -0.02037717029452324, -0.22954373061656952, 0.1468578726053238, -0.00036035897210240364, 0.06159373000264168, 0.037191618233919144, -0.0010489390697330236, -0.3386591374874115, -0.14891895651817322, -0.06919960677623749, -0.018141701817512512, 0.02238614112138748, -0.3522525131702423, 0.545857846736908, 0.7146503329277039, -0.1782478243112564, 0.4952288866043091, 0.46070700883865356, 0.13086874783039093, -0.29383566975593567, -0.7577685117721558, 1.02033531665802, -2.1369469165802, -2.529754400253296, 0.0, -0.38999998569488525, 0.47999998927116394, 0.012645297683775425, 0.2464054822921753, 0.9690790772438049, 0.0032153106294572353, 0.29123541712760925, 0.5721965432167053, -0.623216986656189, 0.44651293754577637, 0.019384685903787613, -0.3917689919471741, 0.564145028591156, -0.11835072934627533, 0.6067276000976562, 0.7715016603469849, -0.1505318284034729, -0.3927426040172577, -0.29724904894828796, -0.19483427703380585, 12.941753387451172, 5.553310394287109, -1.9621638059616089, 0.0427730493247509, -0.4147275388240814, 0.5570964813232422, -0.028396088629961014, 0.27113988995552063, 0.960036039352417, -0.06330610066652298, -0.488596111536026, -0.8405364751815796, -0.7373653650283813, 6.097334861755371, 2.0327866077423096, -7.55733060836792, 0.06625101715326309, -0.3838598132133484, 0.5632109642028809, -0.08441789448261261, 0.34606894850730896, 0.9044134616851807, -0.23483215272426605, 0.05352684110403061, -1.2120187282562256, -0.5326836109161377, 11.083751678466797, 5.832142353057861, -1.2344385385513306, 0.044166773557662964, -0.3803710341453552, 0.5734698176383972, -0.24483200907707214, 0.0007854277500882745, 0.9677115082740784, -0.05992591381072998, 0.05100906640291214, -0.791964590549469, -0.5338351726531982, 3.389446258544922, 4.848965644836426, -4.257099628448486, -0.01719137653708458, -0.3925309479236603, 0.5209633111953735, 0.4936487376689911, -0.704413890838623, 0.509990394115448, -0.004665427841246128, -1.0333199501037598, -0.1036035418510437, -0.11447653919458389, -3.8286375999450684, -9.533459663391113, -11.907346725463867, 0.6842907667160034, -0.9832980632781982, -1.9319849014282227, -0.03955366089940071, -0.0029349722899496555, 0.00027592023252509534, 0.4198361933231354, 1.7524789571762085, -4.123527526855469, -0.05708044767379761, -0.003662443719804287, 0.0030396468937397003, 0.9107949733734131, 0.1320408433675766, -2.9124462604522705, -0.018396561965346336, -0.006817707326263189, -0.00957759004086256, 1.5560847520828247, -0.6700105667114258, -0.5723699927330017, 0.027141457423567772, 0.000474869622848928, -0.013183610513806343, -0.3859657347202301, 2.982402801513672, 0.9955004453659058, -0.001543352729640901, -0.011966242454946041, 0.019365793094038963, 1.0, -1.0, -0.6228216290473938, 1.0, -1.0, 1.0, -0.12896966934204102, -0.02280355431139469, -1.0, -1.0, 0.03415464982390404, -0.7380578517913818, 1.0, -1.0, -0.10847176611423492, -0.41068750619888306, -1.0, -0.8603193163871765, 1.0, -0.053193457424640656]
[-0.462629109621048, 0.15618570148944855, -0.018253453075885773, 0.5341410040855408, -0.2785235047340393, 0.07659868150949478, 0.8151981234550476, -0.108904629945755, -0.23693972826004028, -0.1648808717727661, -0.4623371362686157, 0.1354176551103592, -0.2721831798553467, -0.2894512414932251, 0.09253563731908798, 0.896859884262085, 0.05614082142710686, -0.583724319934845, -0.6236267685890198, 0.5533347725868225, -0.39002200961112976, -0.9283755421638489, 0.017664531245827675, -0.2247527688741684, 0.7563592791557312, -1.2173417806625366, 0.11228211969137192, -0.1904904842376709, -1.0685031414031982, -1.4248063564300537, 0.27578654885292053, -0.8349859118461609, -0.5872185230255127, -0.06402061134576797, -0.4394280016422272, -1.8653978109359741, -0.788064181804657, -0.1492147594690323, -0.8072662353515625, -0.1741401106119156, -1.5413920879364014, 2.297590970993042, 0.6315562725067139, -2.1866376399993896, -0.7428615093231201, 0.010779705829918385, 1.164994239807129, 0.7746738791465759, -1.8872675895690918, -1.486520528793335, 0.03412771597504616, -0.32012027502059937, -0.09181961417198181, -0.018555259332060814, -0.14027173817157745, -0.012611012905836105, -0.06163088604807854, -0.03737609088420868, -0.0008780055213719606, -0.020336076617240906, -0.07285545021295547, -0.03949768841266632, -0.2784019410610199, -0.04241802543401718, -0.26450642943382263, -0.021730689331889153, 0.01328173466026783, 0.02980482205748558, 0.034933075308799744, 0.009804246947169304, -0.09604648500680923, -0.01908915489912033, 0.024579262360930443, -0.3570970892906189, 0.5312080383300781, 0.6555148363113403, -0.30687734484672546, 0.506678581237793, 0.46840524673461914, 0.13105033338069916, -0.2941092252731323, -0.9213778376579285, 0.5905695557594299, -2.3384299278259277, -2.416013240814209, 0.0, -0.38999998569488525, 0.47999998927116394, 0.012645297683775425, 0.2464054822921753, 0.9690790772438049, 0.0032153106294572353, 0.4184213876724243, 0.5124343037605286, -0.617695689201355, 0.42519059777259827, 0.013058148324489594, -0.400086909532547, 0.5552620887756348, -0.08039166778326035, 0.4880675673484802, 0.857552707195282, -0.14117535948753357, -0.25324100255966187, -0.7345839738845825, -0.3665615916252136, 18.48115348815918, 6.267060279846191, -4.34266996383667, 0.03304872661828995, -0.4273909628391266, 0.5414329171180725, -0.001665123039856553, 0.18551616370677948, 0.9824793934822083, -0.01775420270860195, -0.5400052666664124, -0.9011175036430359, -0.958879292011261, 13.187027931213379, 2.3033366203308105, -5.152945041656494, 0.06556154787540436, -0.40307265520095825, 0.5483900308609009, -0.05282771587371826, 0.211366206407547, 0.9478980302810669, -0.23242785036563873, 0.04521904140710831, -1.3850051164627075, -0.9289951920509338, 18.198780059814453, 8.409610748291016, -1.585724949836731, 0.0444265715777874, -0.3944341540336609, 0.5608249306678772, -0.2015174925327301, -0.0024314350448548794, 0.9793766736984253, -0.01435299776494503, 0.0765850692987442, -0.8294174075126648, -0.8752917051315308, 0.23932331800460815, 5.625756740570068, -5.7938666343688965, -0.0330224446952343, -0.39123833179473877, 0.5145090222358704, 0.37364232540130615, -0.7388244271278381, 0.5607243180274963, 0.010867542587220669, -1.0618213415145874, 0.02918754518032074, -0.423664391040802, -1.889563798904419, -8.310949325561523, -13.906591415405273, -0.16524457931518555, 0.16230034828186035, -1.8936501741409302, -0.016120750457048416, -0.008157645352184772, -0.003682265058159828, -0.5513983368873596, 0.5332880020141602, -0.6730573177337646, -0.029376767575740814, 0.0028812969103455544, 0.009448706172406673, -0.032985080033540726, 0.6500779986381531, -0.777711033821106, -0.029746519401669502, -0.0006388025940395892, -0.0025385268963873386, -0.07001201808452606, 0.2852623462677002, -0.8690467476844788, 0.017560670152306557, -0.0030227124225348234, -0.0032571519259363413, -0.7941001653671265, 0.7882087826728821, 1.0845426321029663, -0.009706496261060238, -0.006383550353348255, 8.166848419932649e-05, 0.5969403386116028, -1.0, 0.3461134135723114, 0.1826191544532776, -0.8666177988052368, 1.0, -0.5772218704223633, -0.7890249490737915, -1.0, -1.0, -0.9377921223640442, -1.0, 0.6900273561477661, -1.0, 1.0, -0.41208821535110474, -1.0, -1.0, 1.0, 0.2910146713256836]
[-0.3357848525047302, -0.013724835589528084, 0.03598233312368393, 0.4258572459220886, -0.3704235553741455, -0.054383110255002975, 0.8688226342201233, -0.20768746733665466, -0.3306320905685425, -0.18575410544872284, -0.5512913465499878, -0.05905928835272789, -0.37336766719818115, -0.31623461842536926, -0.042957864701747894, 0.799135684967041, -0.09981513023376465, -0.33729028701782227, -0.5297689437866211, 0.4383560121059418, -0.489749938249588, -0.9335187673568726, 0.1298234760761261, -0.12088626623153687, 0.2809649407863617, -1.2029657363891602, 0.2791695296764374, -1.440718412399292, -0.7395716905593872, -1.0426850318908691, 0.20059886574745178, -0.9517081379890442, -1.0083171129226685, -0.28513339161872864, -0.3304424583911896, -1.7952913045883179, -1.006481647491455, -0.3103640079498291, -0.4543106257915497, -0.5273831486701965, -1.3361653089523315, 2.2667768001556396, 1.3936940431594849, -0.9977197051048279, -0.7107405662536621, -0.031047815456986427, 0.43289947509765625, 1.0489672422409058, -11.269885063171387, 1.0115352869033813, -0.10223430395126343, -0.30366840958595276, -0.09874585270881653, -0.014317883178591728, -0.3239285945892334, 0.07086464762687683, -0.000836043618619442, -0.010590878315269947, -0.2057206779718399, 0.006886552087962627, -0.01604314148426056, -0.010592171922326088, 0.12460608780384064, -0.22438016533851624, 0.3748942017555237, 0.12395353615283966, 0.08509336411952972, 0.20577119290828705, 0.26144060492515564, 0.11419414728879929, -0.2920389175415039, -0.07975441217422485, 0.026431744918227196, -0.361956924200058, 0.5154213905334473, 0.6193104982376099, -0.37770870327949524, 0.4819371700286865, 0.49145397543907166, 0.06272715330123901, -0.30472442507743835, -0.7073651552200317, 0.4061341881752014, 4.296889781951904, -0.82282555103302, 0.0, -0.38999998569488525, 0.47999998927116394, 0.012645297683775425, 0.2464054822921753, 0.9690790772438049, 0.0032153106294572353, 0.48055827617645264, 0.4717552363872528, -0.632085919380188, 0.3833772838115692, 0.010678919963538647, -0.4133312404155731, 0.5423049330711365, -0.04344635829329491, 0.32773762941360474, 0.9353011846542358, -0.12614353001117706, 0.07869552075862885, -1.1065107583999634, -0.6856897473335266, 21.312116622924805, 5.98142147064209, -2.8067586421966553, 0.02638728730380535, -0.4380839467048645, 0.5225698947906494, 0.017342040315270424, 0.05447964370250702, 0.9983168840408325, 0.00971852894872427, -0.2505570650100708, -0.7976316809654236, -1.1713453531265259, 16.978790283203125, 1.4674299955368042, -2.7611193656921387, 0.06659579277038574, -0.4189520478248596, 0.5282767415046692, -0.020597798749804497, 0.03979480266571045, 0.9714934229850769, -0.232792928814888, 0.27240055799484253, -1.084179162979126, -1.2973709106445312, 19.734342575073242, 8.454802513122559, 0.5582160949707031, 0.04655861854553223, -0.4057455360889435, 0.5450277924537659, -0.16109362244606018, 0.01986950822174549, 0.9866869449615479, 0.010147127322852612, 0.23028874397277832, -0.42555999755859375, -0.9691846966743469, -5.278258323669434, 4.035792827606201, -2.368835926055908, -0.04324101656675339, -0.3897777795791626, 0.5045498609542847, 0.277194082736969, -0.7757049202919006, 0.565933108329773, 0.03413296863436699, -0.5381601452827454, 0.05173356458544731, -0.6885376572608948, 2.8107821941375732, -2.5379478931427, -10.184770584106445, -1.607590675354004, 0.7944785356521606, -1.564508080482483, -0.0024007053580135107, 0.006845777854323387, 0.006131985690444708, -2.0975992679595947, -0.03546793758869171, -0.006122962571680546, -0.01112289633601904, 0.0030963753815740347, 0.012302268296480179, -1.8842077255249023, 0.305404931306839, -0.16399401426315308, -0.0060110981576144695, 0.0024731112644076347, 0.00939504150301218, -0.630770206451416, -2.361603021621704, 0.8854660987854004, 0.049669310450553894, 0.018249521031975746, 0.019675416871905327, -3.3245701789855957, -1.1647789478302002, 2.6976318359375, -0.014869926497340202, -0.026561293751001358, -0.020617153495550156, -0.9157761335372925, -1.0, 0.45090147852897644, -0.6948588490486145, -0.7581168413162231, 1.0, -0.8065713047981262, -1.0, -1.0, -1.0, -1.0, -1.0, -0.016554895788431168, -1.0, 1.0, 0.1715054214000702, -1.0, -1.0, 0.2707398533821106, 0.5422505140304565]
[-0.2816525399684906, -0.1775694191455841, 0.11161678284406662, 0.2622036933898926, -0.42256465554237366, -0.1400090754032135, 0.9059943556785583, -0.28034624457359314, -0.4192587435245514, -0.21739859879016876, -0.623925507068634, -0.2313094288110733, -0.4773947298526764, -0.3512404263019562, -0.1546914428472519, 0.6622213125228882, -0.2109006643295288, -0.11232322454452515, -0.3104391396045685, 0.3867391347885132, -0.5788501501083374, -0.9465010762214661, 0.15670987963676453, -0.07565867155790329, 0.14413036406040192, -1.130234956741333, 0.3276674449443817, -1.5488609075546265, -0.3432234227657318, -0.5871226191520691, 0.12739510834217072, -0.5052277445793152, -0.7123845219612122, -0.2770712673664093, -0.2861296832561493, -1.4928804636001587, -0.930637538433075, -0.3289870619773865, -0.5315206050872803, -0.5763232111930847, -0.8408624529838562, 1.9810904264450073, 2.4375832080841064, -0.4397794306278229, -0.606632649898529, -0.035123392939567566, 0.01948922500014305, 0.08616884797811508, -3.6738550662994385, 1.8970577716827393, -0.06112321466207504, 0.07098556309938431, 0.04659946262836456, 0.03273509815335274, -0.13577796518802643, 0.23816102743148804, 0.11148583143949509, 0.03906382620334625, -0.056622061878442764, 0.20005139708518982, 0.07821615040302277, 0.025711992755532265, -0.04024868831038475, -0.09470998495817184, 0.2076888233423233, 0.05223392695188522, 0.039008986204862595, 0.07162424176931381, 0.15412969887256622, 0.07321088016033173, -0.10255012661218643, -0.059063754975795746, 0.028214070945978165, -0.3652203381061554, 0.5032199025154114, 0.711866021156311, -0.2641386091709137, 0.323179692029953, 0.5648295283317566, 0.1380457580089569, -0.11852477490901947, -0.6970236897468567, 0.10761984437704086, 6.000386714935303, 0.14560650289058685, 0.0, -0.38999998569488525, 0.47999998927116394, 0.012645297683775425, 0.2464054822921753, 0.9690790772438049, 0.0032153106294572353, 0.3307509124279022, 0.5457413792610168, -0.7250731587409973, 0.25891929864883423, 0.010538705624639988, -0.4261852502822876, 0.5255125164985657, -0.015018410049378872, 0.16857333481311798, 0.9792681336402893, -0.11131580173969269, 0.059749968349933624, -0.9230961799621582, -1.0026932954788208, 17.470943450927734, 4.497350215911865, -2.4240143299102783, 0.022875027731060982, -0.4442780613899231, 0.5036917328834534, 0.030765866860747337, -0.06783497333526611, 0.9968981742858887, 0.02541467547416687, -0.16127805411815643, -0.4238378703594208, -1.1189472675323486, 12.871152877807617, 1.20719575881958, -1.8554404973983765, 0.06912160664796829, -0.4286097586154938, 0.5057345032691956, 0.007924530655145645, -0.1273375302553177, 0.9631756544113159, -0.236674502491951, 0.25268179178237915, -0.6557057499885559, -1.4611204862594604, 17.761531829833984, 7.461577892303467, 1.3083207607269287, 0.05054866522550583, -0.411946564912796, 0.5292958617210388, -0.1272967904806137, 0.10037028789520264, 0.9866300821304321, 0.016804629936814308, 0.31277933716773987, -0.07327455282211304, -0.9501416087150574, -11.652264595031738, 3.872530221939087, -2.0964834690093994, -0.048111692070961, -0.3886795938014984, 0.4937449097633362, 0.23311267793178558, -0.8127955794334412, 0.5325543880462646, 0.03751743212342262, -0.24929702281951904, 0.11748577654361725, -0.7297754287719727, 6.660737037658691, -1.271947979927063, -3.179539680480957, -0.5587270259857178, -0.44633495807647705, 0.42142176628112793, 0.026040075346827507, 0.0015164719661697745, 0.002834414131939411, -0.7145540714263916, -1.099995732307434, 1.0638724565505981, 0.022563887760043144, 0.0007678571855649352, 0.005137648433446884, -0.6522104740142822, -0.730588436126709, 0.7638948559761047, 0.014753165654838085, -0.0008226948557421565, 0.0026699339505285025, -0.5786534547805786, -0.9729843139648438, 0.6207288503646851, 0.024414222687482834, 0.0006368148606270552, 0.003668538061901927, -1.7711836099624634, -0.9234107732772827, 0.7548227906227112, -0.003153169294819236, -0.030724825337529182, -0.011769329197704792, -0.4087570011615753, -1.0, 0.5628368258476257, -0.6695342659950256, -0.5447312593460083, 1.0, -0.43892693519592285, -0.7704954147338867, -1.0, -1.0, -1.0, -1.0, -0.16459029912948608, -0.6627408266067505, 1.0, 0.27088478207588196, -1.0, -1.0, 0.037555817514657974, -0.19685637950897217]
[-0.2447337806224823, -0.32311365008354187, 0.13099943101406097, 0.1618616282939911, -0.4478302299976349, -0.18219201266765594, 0.8786459565162659, -0.3177833557128906, -0.4925025701522827, -0.2442900389432907, -0.6858327388763428, -0.3720310628414154, -0.5690327286720276, -0.3845767378807068, -0.2830282747745514, 0.5449375510215759, -0.27108505368232727, 0.07970654964447021, -0.05710899084806442, 0.4035632312297821, -0.6538450121879578, -0.9591482281684875, 0.1073288545012474, -0.14900167286396027, 0.127705916762352, -0.9569663405418396, -0.012884045019745827, -0.4408683776855469, -0.16725017130374908, -0.2591749131679535, -0.2711794078350067, -0.3823396861553192, -0.6509413719177246, -0.2350531816482544, -0.2385232001543045, -1.1942423582077026, -0.7970818877220154, -0.29483455419540405, -0.6213625073432922, -0.42833906412124634, -0.39938244223594666, 1.6656723022460938, 2.227146863937378, 0.5515190362930298, -0.5057346820831299, -0.030939405784010887, -0.4800581634044647, -1.0761884450912476, -0.8720514178276062, 2.731235980987549, -0.03800331801176071, 0.5019519329071045, 0.2045992761850357, 0.07693634927272797, -0.10493795573711395, 0.1167936697602272, 0.03838025778532028, 0.010988051071763039, 0.012309744954109192, 0.26489078998565674, 0.10529597103595734, 0.035293255001306534, 0.1263810396194458, -0.012698506936430931, 0.23059067130088806, 0.043824419379234314, -0.007074551656842232, 0.08869330585002899, 0.15069614350795746, 0.07348328083753586, -0.06417367607355118, -0.049111973494291306, 0.030996005982160568, -0.36635178327560425, 0.4907522201538086, 0.7856671810150146, -0.07374752312898636, 0.1292027086019516, 0.6004955768585205, 0.1771671324968338, -0.05466374754905701, -0.7809503674507141, 0.18282245099544525, 6.820351600646973, 1.0119478702545166, 0.0, -0.38999998569488525, 0.47999998927116394, 0.012645297683775425, 0.2464054822921753, 0.9690790772438049, 0.0032153106294572353, 0.09823618084192276, 0.6115373373031616, -0.7760375738143921, 0.11890164017677307, 0.00986520852893591, -0.433099627494812, 0.5099735856056213, 0.00030453011277131736, 0.061314407736063004, 0.9926967024803162, -0.10389241576194763, -0.04000144451856613, -0.3362205922603607, -0.8014219403266907, 8.887860298156738, 2.039299726486206, -0.6430872678756714, 0.020990055054426193, -0.446870893239975, 0.4873988628387451, 0.040064483880996704, -0.16294237971305847, 0.9854199290275574, 0.0281447172164917, -0.07007284462451935, -0.25743168592453003, -0.9943878650665283, 11.036482810974121, 0.519450306892395, 0.08869229257106781, 0.07063762843608856, -0.432939350605011, 0.4842979609966278, 0.031512126326560974, -0.26866206526756287, 0.9327797293663025, -0.23822149634361267, 0.13788573443889618, -0.30797433853149414, -1.3535711765289307, 14.830718040466309, 6.122954368591309, 1.3094747066497803, 0.05424828082323074, -0.4143405556678772, 0.5150001645088196, -0.09616498649120331, 0.20206163823604584, 0.9745205640792847, 0.015263151377439499, 0.24560397863388062, 0.10733775049448013, -0.8692001700401306, -11.801262855529785, 3.4243876934051514, -1.158092975616455, -0.0504676029086113, -0.3874407708644867, 0.4834745526313782, 0.2457217574119568, -0.8499951958656311, 0.4659499228000641, 0.004444843158125877, -0.03330805525183678, 0.20534895360469818, -0.7301267385482788, 11.29444408416748, -0.6881390810012817, 4.59922456741333, -0.2011929303407669, -1.9651367664337158, 2.3785948753356934, 0.047459304332733154, 0.0018965520430356264, 0.0037377618718892336, -0.49547258019447327, -0.2925158441066742, 0.6613054275512695, 0.006600313354283571, 0.0014346991665661335, 0.00910938810557127, -0.15125130116939545, -1.0980688333511353, 1.103267788887024, 0.01882222294807434, -0.0012093344703316689, -0.0005675851716659963, -0.07841907441616058, 0.01709628663957119, 1.0556085109710693, -0.006818107794970274, -0.000247868534643203, -0.0020356178283691406, -1.2315704822540283, -0.8105767369270325, 0.3257888853549957, -0.0064534698612987995, -0.02940685674548149, -0.015139696188271046, -0.14151820540428162, -0.9334263205528259, -0.012500930577516556, -0.41640904545783997, -0.4847542345523834, 1.0, 0.05107409134507179, -0.8570952415466309, -1.0, -1.0, -1.0, -1.0, 0.026450511068105698, -0.41351068019866943, 1.0, 0.789056122303009, -1.0, -1.0, -0.4746180772781372, -1.0]
[-0.2199631631374359, -0.419379323720932, 0.11625010520219803, 0.1176726222038269, -0.45115867257118225, -0.19694741070270538, 0.8208369612693787, -0.32723814249038696, -0.5264045000076294, -0.26905399560928345, -0.7375058531761169, -0.47381526231765747, -0.6472135186195374, -0.4138606786727905, -0.4017229676246643, 0.4666098356246948, -0.30120202898979187, 0.2396213710308075, 0.15157495439052582, 0.46616774797439575, -0.7193074226379395, -0.9391940832138062, -0.02099715918302536, -0.2728462517261505, 0.05565783381462097, -0.5087758302688599, -0.06950869411230087, -0.2934640944004059, 0.04273942485451698, -0.04779213294386864, -0.24990622699260712, 0.020055225118994713, -0.12447631359100342, -0.2211441546678543, -0.21374724805355072, -0.833661675453186, -0.6732867956161499, -0.2543964982032776, -0.4693307876586914, -0.2662125527858734, -0.19031207263469696, 1.3787635564804077, 1.7507370710372925, 0.8839778304100037, -0.44739681482315063, 0.0915994867682457, -0.9513573050498962, -1.1789774894714355, -2.3506669998168945, 4.858989238739014, -0.04309238865971565, 0.33487769961357117, 0.12179310619831085, 0.04285437986254692, -0.06911356747150421, 0.35271331667900085, 0.15446782112121582, 0.04939974099397659, -0.06762672960758209, 0.38209134340286255, 0.14458061754703522, 0.04657459259033203, 0.40341630578041077, -0.030347183346748352, 0.3260852098464966, 0.05168526619672775, -0.013931072317063808, -0.016665633767843246, 0.3088482916355133, 0.16500256955623627, -0.03793969005346298, -0.013060369528830051, 0.03421642631292343, -0.36601579189300537, 0.4808897376060486, 0.8189645409584045, 0.022592492401599884, 0.03650575503706932, 0.5722358226776123, 0.07210555672645569, 0.006766803562641144, -0.21315281093120575, 1.1962378025054932, -5.374107837677002, -2.024508237838745, 0.0, -0.38999998569488525, 0.47999998927116394, 0.012645297683775425, 0.2464054822921753, 0.9690790772438049, 0.0032153106294572353, -0.017501551657915115, 0.6522504091262817, -0.7559360265731812, 0.05313985422253609, 0.009168715216219425, -0.43557217717170715, 0.500083327293396, 0.006166164297610521, 0.008632580749690533, 0.9946582913398743, -0.10267486423254013, -0.011796489357948303, -0.13353998959064484, -0.44405707716941833, 3.9610047340393066, 0.7919964790344238, 0.025522707030177116, 0.02036374993622303, -0.4472012221813202, 0.47734418511390686, 0.04498744383454323, -0.21675869822502136, 0.9749107956886292, 0.023251449689269066, 0.010662779211997986, -0.029219402000308037, -0.44193270802497864, 4.193587303161621, 0.15285581350326538, 0.7245915532112122, 0.0714040994644165, -0.43379709124565125, 0.46877095103263855, 0.04969336465001106, -0.370704710483551, 0.8961088061332703, -0.23895113170146942, 0.11556029319763184, -0.0798698216676712, -0.8777600526809692, 10.318743705749512, 4.336603164672852, 1.5167796611785889, 0.05689381808042526, -0.41412392258644104, 0.5050110220909119, -0.07396949827671051, 0.2965182065963745, 0.9521213173866272, 0.008386104367673397, 0.15888971090316772, 0.2147139459848404, -0.5487602353096008, -11.3770751953125, 1.9037717580795288, -0.3818104565143585, -0.051055338233709335, -0.3862265348434448, 0.47524070739746094, 0.28513577580451965, -0.8753901720046997, 0.3866298198699951, -0.053914763033390045, 0.10417698323726654, 0.2311772108078003, -0.5259072184562683, 10.892786026000977, -2.010622501373291, 7.18554162979126, -0.3926736116409302, -0.9080227613449097, 1.9965314865112305, 0.029234036803245544, 0.000651189184281975, 0.002459696028381586, -0.3806953430175781, -1.4827096462249756, 1.9140229225158691, 0.027159100398421288, 0.0019127182895317674, 0.003976565320044756, -0.5960657596588135, -1.6105448007583618, 1.6738075017929077, 0.02241642028093338, -0.003779651364311576, 0.0010118631180375814, -0.08575831353664398, 0.6167573928833008, 1.7457038164138794, -0.00467971246689558, 0.0050270226784050465, -0.0037204152904450893, -0.46056583523750305, -1.9659759998321533, -0.09058627486228943, 0.008849595673382282, -0.005691321566700935, -0.008570152334868908, -0.2676376402378082, -0.41610971093177795, -0.13481853902339935, -0.46534159779548645, -0.3730538487434387, 1.0, 0.2790546417236328, -0.48175156116485596, -1.0, -0.7507343888282776, -1.0, -1.0, 0.18884414434432983, -0.4120739698410034, 1.0, 0.9031020998954773, -1.0, -0.5872012972831726, -1.0, -1.0]
[-0.24198836088180542, -0.4258670508861542, 0.08164602518081665, 0.04752102866768837, -0.3396131694316864, -0.1813521683216095, 0.7520754933357239, -0.36950308084487915, -0.5734354853630066, -0.29971104860305786, -0.7769017815589905, -0.5659807324409485, -0.7128232717514038, -0.45554119348526, -0.5206822156906128, 0.46406838297843933, -0.2268257588148117, 0.369789719581604, 0.31586265563964844, 0.5413993000984192, -0.7784167528152466, -0.9371150135993958, -0.15263794362545013, -0.2869942784309387, -0.17776964604854584, 0.1817173808813095, -0.06641002744436264, -0.7742401361465454, 1.552839994430542, 0.35059887170791626, -0.30345579981803894, -0.6023911833763123, -0.594993531703949, -0.43825599551200867, -0.1385803371667862, -0.826882541179657, -0.5619487166404724, -0.5468739867210388, -0.5414159893989563, 0.11796026676893234, 1.182202696800232, 1.120568037033081, 1.3949718475341797, 0.9406750798225403, -0.395152747631073, -0.03301934897899628, -0.7253620028495789, 0.4157376289367676, -5.399463176727295, 9.610456466674805, -0.06625432521104813, 0.32654449343681335, 0.16518458724021912, 0.06704431027173996, -0.16494230926036835, 0.4251843988895416, 0.08213181048631668, -0.00308831874281168, -0.18992625176906586, 0.5876496434211731, 0.20391882956027985, 0.047037992626428604, 0.5914706587791443, -0.08731615543365479, 0.7022401094436646, 0.15748636424541473, 0.01255157869309187, -0.12046828866004944, 0.5515116453170776, 0.24277947843074799, 0.05951075255870819, 0.0531449019908905, 0.03469254821538925, -0.36615002155303955, 0.48034653067588806, 0.8309515714645386, 0.013066851533949375, 0.04692176356911659, 0.5542083978652954, 0.12471543252468109, -0.02165779285132885, 0.07672785967588425, 0.2791343629360199, 0.7191681265830994, 0.5277493596076965, 0.0, -0.38999998569488525, 0.47999998927116394, 0.012645297683775425, 0.2464054822921753, 0.9690790772438049, 0.0032153106294572353, -0.00543738529086113, 0.6681464910507202, -0.7415066361427307, 0.06098022684454918, 0.010932082310318947, -0.4359442889690399, 0.4978064000606537, 0.0017830445431172848, 0.028719617053866386, 0.9933122992515564, -0.11181491613388062, 0.14468713104724884, 0.11725042760372162, 0.027503669261932373, -6.362766265869141, -1.5610827207565308, 1.2582108974456787, 0.02270733192563057, -0.44813472032546997, 0.47363507747650146, 0.04432501643896103, -0.2646275758743286, 0.9632785320281982, 0.010099202394485474, 0.23319211602210999, -0.17736691236495972, -0.18558238446712494, 7.39290714263916, -0.782804548740387, 1.5254865884780884, 0.07432021200656891, -0.43338721990585327, 0.46204623579978943, 0.0704214945435524, -0.44068044424057007, 0.8610303997993469, -0.24386101961135864, 0.311457097530365, -1.0627787560224533e-05, -0.31469863653182983, 7.623968601226807, 4.176443099975586, 2.46927547454834, 0.059837568551301956, -0.4092767834663391, 0.5054401159286499, -0.057392921298742294, 0.4210472106933594, 0.9052203893661499, 0.0011588536435738206, 0.22570349276065826, 0.6000587940216064, 0.0794549509882927, -18.1998291015625, 1.4963650703430176, -0.8166927099227905, -0.04974365234375, -0.385791152715683, 0.4713846445083618, 0.3084527552127838, -0.886925995349884, 0.33558210730552673, -0.07485752552747726, 0.11040057986974716, 0.06070766597986221, -0.16346926987171173, 3.842951536178589, 2.1722230911254883, 1.4292885065078735, -0.7941662073135376, -0.9664357304573059, 2.9035794734954834, 0.05254777520895004, -0.0013539812061935663, 0.00020905357087031007, -0.9901071786880493, -0.4976770877838135, 2.3342208862304688, -0.01055347640067339, 0.002490533981472254, 0.00885250885039568, -1.3003371953964233, -2.2443501949310303, 2.5974786281585693, 0.013372736051678658, -0.008371824398636818, 0.00012346793664619327, -0.8586562275886536, 1.065878987312317, 3.735588550567627, 0.028539763763546944, 0.002754608169198036, -0.000756151566747576, 0.8869659900665283, -3.4954967498779297, -1.1575227975845337, 0.01949247159063816, 0.03895343840122223, -0.006914081983268261, -1.0, 1.0, -1.0, -1.0, 0.858123779296875, 1.0, -0.3298632502555847, -1.0, -1.0, -1.0, -1.0, -1.0, 0.7436107993125916, 0.7968862056732178, 1.0, 0.9617823362350464, -1.0, -1.0, -0.7219025492668152, 0.24039161205291748]
[-0.3073137402534485, -0.34355369210243225, 0.07079435139894485, -0.03963363543152809, -0.1896590292453766, -0.13506753742694855, 0.6913470029830933, -0.43967360258102417, -0.6411691904067993, -0.36592623591423035, -0.8075995445251465, -0.6505162715911865, -0.7676388621330261, -0.5215930938720703, -0.6272714138031006, 0.4692074954509735, -0.10705540329217911, 0.4785846173763275, 0.4502946138381958, 0.5962980389595032, -0.8288536071777344, -0.957660973072052, -0.21841292083263397, -0.2661646902561188, -0.29501718282699585, 0.8679184913635254, -0.04301103577017784, -0.7931525707244873, 1.2950855493545532, 0.45057979226112366, -0.1939055472612381, -0.6926249861717224, -0.6385936141014099, -0.7392916083335876, -0.12472720444202423, -0.7491967082023621, -0.4730096757411957, -0.6319477558135986, -0.4571472108364105, -0.034091800451278687, 1.0711085796356201, 0.9445228576660156, 1.166818618774414, 0.5323818325996399, -0.33698347210884094, -0.056216705590486526, -0.2338172197341919, 0.07742451876401901, -2.7040047645568848, 9.547080039978027, -0.05774357169866562, 0.46621495485305786, 0.08921714127063751, 0.013590930961072445, -0.01788190007209778, 0.5376747250556946, 0.1664401888847351, 0.034989744424819946, -0.1263274997472763, 0.6187639832496643, 0.2192261815071106, 0.06661930680274963, 0.704200267791748, -0.08146259933710098, 0.3703438639640808, 0.018366113305091858, -0.02370322123169899, -0.17076632380485535, 0.4676571488380432, 0.2164713740348816, 0.12086864560842514, 0.016609245911240578, 0.03791423141956329, -0.3666740953922272, 0.48459485173225403, 0.83195960521698, 0.03993234038352966, 0.03863213211297989, 0.5520472526550293, 0.21382397413253784, -0.048649948090314865, 0.38807547092437744, -0.18693684041500092, 0.03142927214503288, 0.3023931682109833, 0.0, -0.38999998569488525, 0.47999998927116394, 0.012645297683775425, 0.2464054822921753, 0.9690790772438049, 0.0032153106294572353, -0.03348425030708313, 0.6698470711708069, -0.7393476366996765, 0.059572573751211166, 0.014681870117783546, -0.4354584813117981, 0.5026543736457825, -0.008081896230578423, 0.09517589956521988, 0.9877643585205078, -0.12327860295772552, 0.22487573325634003, 0.17699064314365387, 0.46386972069740295, -8.787628173828125, -2.369371175765991, 1.7165261507034302, 0.027721846476197243, -0.4498472213745117, 0.4764300584793091, 0.04090161621570587, -0.3186785578727722, 0.9469482898712158, -0.00773971201851964, 0.3442813456058502, -0.1817055195569992, 0.32670506834983826, 6.210563659667969, -1.0206583738327026, 1.6243449449539185, 0.07957372814416885, -0.4328944683074951, 0.4641279876232147, 0.096525177359581, -0.4861038625240326, 0.8312257528305054, -0.2518920600414276, 0.4184669256210327, 0.011961018666625023, 0.3024198114871979, 3.791325092315674, 3.4159483909606934, 2.87133526802063, 0.06401737779378891, -0.4012167453765869, 0.5135707855224609, -0.05435283109545708, 0.5580127835273743, 0.8279759883880615, -0.01109795831143856, 0.25732913613319397, 0.6364712715148926, 0.35798418521881104, -19.244749069213867, -0.3550353944301605, 1.0438717603683472, -0.0473572313785553, -0.3865653872489929, 0.47279465198516846, 0.3196052014827728, -0.8868342638015747, 0.32569050788879395, -0.07282257080078125, 0.1675999015569687, -0.0894673615694046, 0.23731839656829834, -1.1736606359481812, 0.2508764863014221, 1.0800373554229736, -0.49075815081596375, 0.09236570447683334, 2.902236223220825, 0.01497641671448946, 0.0010493096197023988, 0.0030843273270875216, -0.131058469414711, -1.6309723854064941, 2.7067067623138428, 0.010525159537792206, 0.004042862914502621, 0.0007068957202136517, -0.7946587800979614, -2.8261027336120605, 2.3401598930358887, 0.024227768182754517, -0.006726460997015238, -0.0018665631068870425, -0.4571000337600708, 1.890625238418579, 1.448197364807129, 0.004656156059354544, 0.009504515677690506, -0.0018855209928005934, 0.5478077530860901, -3.3927454948425293, -1.7749584913253784, 0.027464572340250015, 0.007844312116503716, -0.0032396819442510605, -1.0, 1.0, -0.8093077540397644, -1.0, 0.5396376848220825, 1.0, -0.3386637568473816, -1.0, -1.0, -1.0, -1.0, -1.0, 0.33721792697906494, 0.5507686138153076, 1.0, 0.7658180594444275, -1.0, -1.0, -0.28165295720100403, -0.2747722268104553]
[-0.3702315092086792, -0.22053074836730957, 0.06497183442115784, -0.07055778801441193, -0.09088156372308731, -0.09464648365974426, 0.6674108505249023, -0.4740585386753082, -0.7049193382263184, -0.4459559917449951, -0.840552568435669, -0.7188788652420044, -0.8115231394767761, -0.5815219879150391, -0.7019298076629639, 0.48056039214134216, -0.05364099517464638, 0.5709449052810669, 0.5641568899154663, 0.6038254499435425, -0.8649942278862, -0.9613445997238159, -0.17781732976436615, -0.28126874566078186, -0.19029280543327332, 0.8731999397277832, -0.05022888258099556, -0.08178089559078217, 0.7178229093551636, 0.3076997697353363, -0.01918317750096321, -0.04367705062031746, -0.5580514669418335, -0.7281564474105835, -0.14029739797115326, -0.5606524348258972, -0.36716002225875854, -0.4949837625026703, -0.2903025150299072, 0.09105267375707626, 0.18178382515907288, 0.8004814982414246, 0.9945419430732727, -0.14158719778060913, -0.21504545211791992, 0.017629576846957207, 0.5062829852104187, -0.24993832409381866, 2.841691732406616, -0.15590953826904297, 0.03371444344520569, 0.14738929271697998, 0.01576830819249153, -0.0051429360173642635, 0.14890113472938538, 0.202553391456604, 0.09841181337833405, 0.03849366307258606, 0.1023700088262558, 0.0663805827498436, 0.039816081523895264, 0.02093672752380371, 0.1465618759393692, 0.06203310564160347, -0.14390929043293, -0.07659897953271866, -0.029316440224647522, -0.06436639279127121, 0.005784341599792242, 0.01771254651248455, 0.09748012572526932, 0.022491032257676125, 0.04075711965560913, -0.36705487966537476, 0.4909721612930298, 0.8244994282722473, 0.04146837070584297, 0.04926476627588272, 0.5621867775917053, 0.13574212789535522, -0.011607163585722446, 0.3840489983558655, -0.3160143792629242, -0.2936584949493408, 0.08995699137449265, 0.0, -0.38999998569488525, 0.47999998927116394, 0.012645297683775425, 0.2464054822921753, 0.9690790772438049, 0.0032153106294572353, -0.03250502794981003, 0.6599896550178528, -0.7472818493843079, 0.07019315659999847, 0.017739998176693916, -0.4331873953342438, 0.5125890970230103, -0.020704656839370728, 0.1725035309791565, 0.9758427739143372, -0.13245588541030884, 0.08995049446821213, 0.2980649471282959, 0.5801321864128113, -8.711606979370117, -2.5767574310302734, 1.2203209400177002, 0.032121170312166214, -0.4508618116378784, 0.4852059483528137, 0.03649181127548218, -0.3511267602443695, 0.9353907704353333, -0.0205531008541584, 0.19597619771957397, -0.04866981878876686, 0.605174720287323, 2.448721408843994, -0.8033672571182251, 0.7098411917686462, 0.08462544530630112, -0.43250298500061035, 0.4711841642856598, 0.12081822007894516, -0.5085557103157043, 0.8121371865272522, -0.25924357771873474, 0.2938474118709564, 0.026930633932352066, 0.4207427501678467, 1.8030637502670288, 2.479919672012329, 2.1061530113220215, 0.06726454198360443, -0.39443930983543396, 0.522153913974762, -0.05927766487002373, 0.6615434885025024, 0.7473399639129639, -0.018150201067328453, 0.1351659595966339, 0.34830039739608765, 0.23776134848594666, -13.509452819824219, -0.9153119325637817, 0.16238731145858765, -0.0458555705845356, -0.3876638412475586, 0.4779779314994812, 0.31881773471832275, -0.8770505785942078, 0.3525732159614563, -0.06949511915445328, 0.0536348856985569, -0.11008413136005402, 0.40160518884658813, -4.5356879234313965, -1.374957799911499, -0.7213348746299744, 0.42003756761550903, -0.08214858174324036, 0.4148491621017456, -0.006375164724886417, 0.0009535762364976108, 3.743539855349809e-05, 0.863911509513855, -1.1748969554901123, 0.6385796666145325, 0.020870208740234375, 0.0033631569240242243, -0.005787394475191832, 0.6156534552574158, -0.5727793574333191, 0.08435173332691193, 0.012345035560429096, 0.002649573376402259, -0.0012147100642323494, 0.5954330563545227, 0.19209948182106018, -1.1759651899337769, -0.026434948667883873, -0.005322636570781469, -0.003869016654789448, 0.8949599266052246, -0.29266002774238586, -0.8962101340293884, 0.012814925983548164, 0.008171673864126205, 0.004212547093629837, -0.3806021809577942, 0.5181388854980469, -0.573100209236145, 0.02366340160369873, 0.23808437585830688, 1.0, -0.3885299265384674, -1.0, -1.0, -1.0, -1.0, -1.0, 0.6723260283470154, -0.12640929222106934, 1.0, 0.4453756511211395, -1.0, -0.8640181422233582, 0.4860902428627014, -0.4832349419593811]
[-0.35390305519104004, -0.16621555387973785, 0.04205705225467682, 0.01700527034699917, -0.07225038856267929, -0.0759529396891594, 0.6803964972496033, -0.4481213688850403, -0.7560021281242371, -0.5142055749893188, -0.8818910121917725, -0.7630930542945862, -0.8436240553855896, -0.6250139474868774, -0.738437831401825, 0.5285225510597229, -0.1162046268582344, 0.6467759609222412, 0.6602348685264587, 0.5442902445793152, -0.8819405436515808, -0.8799598813056946, -0.05098102614283562, -0.3460351228713989, 0.24793148040771484, 0.10583295673131943, -0.13361839950084686, 1.2745932340621948, -0.10878818482160568, 0.0572044812142849, 0.1161009669303894, 0.36266547441482544, -0.4293035566806793, -0.564868152141571, -0.17619287967681885, -0.35205385088920593, -0.2659710943698883, -0.34556981921195984, -0.13859818875789642, 0.25834935903549194, -1.0024861097335815, 0.6392784118652344, 0.8227888345718384, -1.0409876108169556, -0.0857727974653244, 0.2896648943424225, 0.9217050671577454, -0.777744472026825, 10.691719055175781, -10.377043724060059, 0.20735837519168854, -0.12177622318267822, -0.01354634016752243, -0.0048569729551672935, 0.3888009488582611, -0.5830461978912354, -0.17181673645973206, -0.039454031735658646, 0.44201380014419556, -0.5836594104766846, -0.18438756465911865, -0.0484815388917923, -0.47613856196403503, 0.18639759719371796, -0.5771547555923462, -0.11855777353048325, -0.019841045141220093, 0.045677490532398224, -0.5259067416191101, -0.20424781739711761, 0.04790935665369034, 0.012875279411673546, 0.0427507683634758, -0.36734116077423096, 0.495272696018219, 0.8146862983703613, 0.06508588790893555, 0.04117615148425102, 0.5747648477554321, 0.12000443041324615, -0.0192056056112051, 0.20484694838523865, -0.4364560544490814, 0.678909957408905, 0.4297620952129364, 0.0, -0.38999998569488525, 0.47999998927116394, 0.012645297683775425, 0.2464054822921753, 0.9690790772438049, 0.0032153106294572353, -0.05757593736052513, 0.647558867931366, -0.7567803263664246, 0.06809045374393463, 0.01591852493584156, -0.4289146065711975, 0.5203271508216858, -0.03070279024541378, 0.23547817766666412, 0.9624149799346924, -0.1317751705646515, -0.3050591051578522, 0.3801203668117523, 0.2954624593257904, -6.355914115905762, -1.9341363906860352, -0.5668747425079346, 0.03088468872010708, -0.451109915971756, 0.49088484048843384, 0.031884390860795975, -0.3708648383617401, 0.9280048608779907, -0.015795769169926643, -0.2952015995979309, -0.05019472911953926, 0.13233494758605957, 2.608736991882324, 0.13687364757061005, -1.9446250200271606, 0.08495840430259705, -0.4329961836338043, 0.4733484387397766, 0.13431063294410706, -0.5321660041809082, 0.7950778603553772, -0.2580913007259369, -0.1420137882232666, -0.1023094654083252, -0.12541423738002777, 3.526108741760254, 2.3842217922210693, -0.10000559687614441, 0.06680160015821457, -0.39481544494628906, 0.5232833027839661, -0.05065169930458069, 0.7026423811912537, 0.7096369862556458, -0.011971382424235344, -0.10670903325080872, -0.23637816309928894, -0.18994233012199402, -2.5228030681610107, 0.506508469581604, -2.525773048400879, -0.04799170792102814, -0.38731491565704346, 0.4818422496318817, 0.3024476170539856, -0.8647500276565552, 0.3933931291103363, -0.07729439437389374, -0.2301158756017685, 0.02665361762046814, 0.21358443796634674, -4.0324907302856445, -4.027998924255371, -1.808580756187439, 1.8704378604888916, -1.048071265220642, -1.7191731929779053, -0.020578041672706604, -0.0048982370644807816, -0.009977145120501518, 2.277045488357544, 2.2336325645446777, -2.3322532176971436, -0.00594954751431942, 0.004389547277241945, -0.013138247653841972, 2.5427439212799072, 2.615992546081543, -1.9386749267578125, -0.009241649881005287, 0.014335020445287228, 0.00045094225788488984, 1.6215581893920898, -2.1742563247680664, -2.61716890335083, -0.052454881370067596, -0.01625753752887249, 0.001406857161782682, 1.013492226600647, 3.369418144226074, 0.14450779557228088, -0.005056725349277258, -0.0033405851572752, 0.012550689280033112, 1.0, -1.0, -0.08783413469791412, 1.0, -0.27549415826797485, 1.0, -0.21688273549079895, -1.0, -1.0, -1.0, -1.0, -1.0, 1.0, -1.0, 0.9719270467758179, -0.03763195872306824, -1.0, -0.14815832674503326, 0.8950654864311218, -0.8999412059783936]
[-0.2545309364795685, -0.20306985080242157, 0.046860307455062866, 0.16694588959217072, -0.14374424517154694, -0.08550925552845001, 0.7147334814071655, -0.39947453141212463, -0.7270953059196472, -0.5443503260612488, -0.9182602763175964, -0.7966189384460449, -0.8097847104072571, -0.6396351456642151, -0.7602598071098328, 0.5894878506660461, -0.23281900584697723, 0.6931039690971375, 0.7324798107147217, 0.4474870562553406, -0.8913227915763855, -0.6993362903594971, 0.09122096002101898, -0.4390797019004822, 0.45721888542175293, -0.49575576186180115, 0.10474773496389389, 1.4277280569076538, -0.9501212239265442, -0.21901921927928925, 0.16015267372131348, 0.4907474219799042, 0.6332144141197205, 0.013407177291810513, -0.12597046792507172, -0.3034808337688446, 0.6143264174461365, 0.06942036002874374, -0.07858492434024811, 0.23016391694545746, -1.1153305768966675, 0.3133288621902466, 0.5287949442863464, -1.2677063941955566, -0.06778039783239365, 0.5191866159439087, 0.8500949740409851, -0.9004784822463989, 3.965444326400757, -6.013400554656982, 0.09978044033050537, -0.25233030319213867, -0.10085952281951904, -0.03976254165172577, 0.14245548844337463, -0.3822524845600128, -0.05421704798936844, 0.01791866309940815, 0.1983100324869156, -0.38324278593063354, -0.07263937592506409, 0.0006797478999942541, -0.33918365836143494, 0.045336976647377014, -0.20645253360271454, -0.033471014350652695, -0.013676274567842484, 0.05484171584248543, -0.289777934551239, -0.11409671604633331, -0.023821160197257996, -0.002161774318665266, 0.042146142572164536, -0.3693234324455261, 0.49487078189849854, 0.7903809547424316, 0.18455421924591064, -0.05254735052585602, 0.5817872881889343, -0.28304144740104675, -0.22293640673160553, -0.19767650961875916, -1.1229146718978882, 6.735301971435547, 1.7256507873535156, 0.0, -0.38999998569488525, 0.47999998927116394, 0.012645297683775425, 0.2464054822921753, 0.9690790772438049, 0.0032153106294572353, -0.19661112129688263, 0.6238439679145813, -0.7563872933387756, 0.0064178635366261005, 0.009535856544971466, -0.42544853687286377, 0.5219706892967224, -0.028370771557092667, 0.2515091598033905, 0.9605070948600769, -0.1156044602394104, -0.4170903265476227, 0.1434536874294281, -0.06379232555627823, 1.1005117893218994, 0.4727412462234497, -2.793550968170166, 0.02419339306652546, -0.4509274363517761, 0.4904302954673767, 0.027690459042787552, -0.363699346780777, 0.9310921430587769, 0.004838808439671993, -0.5035972595214844, 0.06370361149311066, -0.13036422431468964, -3.3285093307495117, 0.6677289605140686, -2.775986433029175, 0.08005776256322861, -0.43463051319122314, 0.4687426686286926, 0.1291656345129013, -0.5468976497650146, 0.7883481979370117, -0.25045210123062134, -0.41113409399986267, -0.12484484910964966, -0.4277035593986511, 0.8447957038879395, -0.5355284214019775, -1.7907651662826538, 0.06276722997426987, -0.4008066952228546, 0.5168469548225403, -0.026781708002090454, 0.695297360420227, 0.7182227373123169, 0.0005427219439297915, -0.26012903451919556, -0.41838207840919495, -0.47160810232162476, 3.930699348449707, 1.3011832237243652, -3.2803800106048584, -0.05347733944654465, -0.3852241039276123, 0.48215559124946594, 0.2783660292625427, -0.8548983335494995, 0.4275793135166168, -0.09400584548711777, -0.35863733291625977, 0.1302616149187088, -0.02202303148806095, -2.3917832374572754, -4.090027809143066, -1.7563029527664185, 0.7573695182800293, 0.21710041165351868, -1.9697232246398926, -0.036506038159132004, -0.005331023596227169, -0.0071315402165055275, 0.7864588499069214, 0.6390775442123413, -1.2829194068908691, 0.027504825964570045, 0.000778292422182858, -0.005632753483951092, 1.116140604019165, 1.1050275564193726, -0.9747093319892883, 0.017255159094929695, 0.007689676713198423, 0.0008292599814012647, 0.5695144534111023, -0.9728201627731323, -0.7498205304145813, -0.028268571943044662, -0.002548796823248267, 0.0008491952903568745, 0.13585543632507324, 2.03328800201416, 0.5299001336097717, -0.009952370077371597, -0.004335455596446991, 0.003791193012148142, 1.0, -1.0, 0.3150768578052521, 1.0, -0.8631298542022705, 1.0, -0.1140015572309494, -0.17561282217502594, -1.0, -1.0, -0.3049062192440033, -1.0, 1.0, -1.0, 0.8126927018165588, -0.14536410570144653, -1.0, 0.5427523255348206, 0.8340761661529541, -1.0]
[-0.1163467988371849, -0.29538047313690186, 0.1077476441860199, 0.309109091758728, -0.2624807357788086, -0.11826609075069427, 0.7051156759262085, -0.3692135512828827, -0.5626724362373352, -0.5140339732170105, -0.8589898347854614, -0.7727832198143005, -0.7622904777526855, -0.6260556578636169, -0.6610561609268188, 0.6042084097862244, -0.3090256154537201, 0.7036340236663818, 0.7666782140731812, 0.4046958386898041, -0.9002742171287537, -0.49925345182418823, 0.08050967007875443, -0.5294045209884644, 0.5627370476722717, -0.735158383846283, 0.32781848311424255, 1.243061900138855, -1.1733492612838745, -0.3639182448387146, -0.14628750085830688, 0.16867244243621826, 1.9806787967681885, 0.5073694586753845, 0.44806694984436035, 0.5395660996437073, 0.34779083728790283, 0.1315196454524994, 0.5362027883529663, 0.1742178499698639, -0.594224214553833, -0.012226349674165249, 0.13747160136699677, -0.1320054680109024, -0.07571034878492355, 0.4704940915107727, -0.550593912601471, -0.8022835850715637, 2.2778687477111816, -1.8676903247833252, 0.056456781923770905, -0.1502576768398285, -0.05250156670808792, -0.019646910950541496, 0.009521722793579102, -0.21697910130023956, 0.0025872199330478907, 0.02603575959801674, 0.2408876270055771, 0.11104674637317657, 0.036004792898893356, 0.01356741413474083, -0.05458112433552742, 0.1262795478105545, -0.010275105014443398, -0.007664347067475319, -0.016194988042116165, 0.13956604897975922, -0.16767314076423645, -0.09346789121627808, -0.12089245021343231, -0.03490757942199707, 0.036214545369148254, -0.37251734733581543, 0.4901670515537262, 0.7397273182868958, 0.32602596282958984, -0.19160820543766022, 0.5565938353538513, -0.40476030111312866, -0.16127970814704895, -0.30092111229896545, -0.5377811193466187, 3.943913221359253, 0.5684050917625427, 0.0, -0.38999998569488525, 0.47999998927116394, 0.012645297683775425, 0.2464054822921753, 0.9690790772438049, 0.0032153106294572353, -0.36781808733940125, 0.5831777453422546, -0.718149721622467, -0.09420519322156906, 0.0013327763881534338, -0.4237208068370819, 0.5186564326286316, -0.014440484344959259, 0.2225988805294037, 0.9709741473197937, -0.08631481975317001, -0.4688209891319275, 0.019840899854898453, -0.23774686455726624, 4.939041614532471, 1.5037097930908203, -4.403361797332764, 0.01620430313050747, -0.4495707154273987, 0.4860186278820038, 0.02810065820813179, -0.3061603903770447, 0.9512975215911865, 0.022563636302947998, -0.48400232195854187, 0.22932790219783783, -0.2350711077451706, -9.61727523803711, 0.9169490933418274, -1.2239646911621094, 0.07053328305482864, -0.43733033537864685, 0.462175190448761, 0.10461342334747314, -0.5469326972961426, 0.798890233039856, -0.22736510634422302, -0.7520079612731934, -0.21534408628940582, -0.3437364399433136, -0.9660933017730713, -1.129144549369812, -5.391258239746094, 0.05480010434985161, -0.4065559506416321, 0.5097300410270691, -0.015230304561555386, 0.6724828481674194, 0.73940110206604, 0.028649454936385155, -0.49196794629096985, -0.33197131752967834, -0.3686998784542084, 4.920541286468506, -1.452312707901001, -4.1363749504089355, -0.0587250292301178, -0.3827895224094391, 0.478500634431839, 0.27891775965690613, -0.8548550605773926, 0.4190647304058075, -0.12574714422225952, -0.2281467765569687, 0.21045410633087158, -0.32587930560112, 4.224174976348877, -2.2855446338653564, 3.50097393989563, 0.40732836723327637, 0.25601857900619507, -0.9335525035858154, -0.015806633979082108, -0.00371982017531991, -0.004760642070323229, 0.032459378242492676, -0.03578478842973709, -0.541755199432373, 0.02549898810684681, -0.0020343943033367395, 0.003013643668964505, 1.3302333354949951, -0.473906934261322, 0.01087192539125681, 0.006458809599280357, 0.011285156011581421, -0.005766651127487421, 0.5733755826950073, 0.07379522919654846, -0.11813189834356308, -0.01508805900812149, -0.01625754125416279, 0.001252925954759121, -0.8603420853614807, 1.515671968460083, 1.2014124393463135, -0.025664467364549637, -0.021142104640603065, -0.004951017443090677, 0.9681965708732605, -1.0, 0.6528211236000061, 1.0, -1.0, 0.3873956799507141, -0.329229474067688, 0.8397806882858276, -0.7881888747215271, 0.08609823137521744, -0.5966395735740662, -1.0, 1.0, -1.0, 0.6409357190132141, 0.5067013502120972, -1.0, 0.4754587411880493, -0.7988355159759521, -1.0]
[-0.033089153468608856, -0.3884607255458832, 0.15460774302482605, 0.39980071783065796, -0.38177046179771423, -0.1579112559556961, 0.5863312482833862, -0.37772616744041443, -0.37606287002563477, -0.45293334126472473, -0.6871276497840881, -0.636673092842102, -0.7365595102310181, -0.615662693977356, -0.49136194586753845, 0.6731326580047607, -0.3556808531284332, 0.6907738447189331, 0.7698749303817749, 0.3876107633113861, -0.9166317582130432, -0.3593815863132477, -0.047746334224939346, -0.6074488759040833, 0.12669776380062103, -0.595125138759613, 0.11631610244512558, 0.6180042028427124, -1.0659500360488892, -0.3695712983608246, -0.6814385056495667, -0.21368034183979034, 1.5833014249801636, 0.5708011984825134, 0.897896945476532, 1.6030263900756836, 0.1929486244916916, 0.07628760486841202, 0.9039298295974731, 0.40885624289512634, -0.3220008611679077, -0.17257624864578247, -0.027620797976851463, -0.251528799533844, -0.140754833817482, 0.276149183511734, -0.9197046160697937, -0.67995685338974, -10.762738227844238, 2.1116039752960205, -0.15838763117790222, -0.13289214670658112, -0.0533670149743557, -0.018012087792158127, -0.44880226254463196, 0.06319108605384827, -0.029558349400758743, -0.018204299733042717, -0.2481946498155594, 0.32599881291389465, 0.11768359690904617, 0.03816462680697441, 0.015117363072931767, -0.14566446840763092, 0.1963016390800476, 0.04477696493268013, -0.004342245403677225, -0.028168294578790665, 0.2808385491371155, 0.09776601195335388, -0.1548296958208084, -0.0337040089070797, 0.029422948136925697, -0.3751542866230011, 0.4831373393535614, 0.6848599910736084, 0.42203906178474426, -0.29976218938827515, 0.5128278732299805, -0.40500608086586, -0.15982717275619507, -0.46333879232406616, -0.30839356780052185, 3.8176052570343018, 0.4776744544506073, 0.0, -0.38999998569488525, 0.47999998927116394, 0.012645297683775425, 0.2464054822921753, 0.9690790772438049, 0.0032153106294572353, -0.48713505268096924, 0.542467474937439, -0.6613510847091675, -0.17619140446186066, -0.0033404366113245487, -0.4235180914402008, 0.5136435627937317, -0.0026420054491609335, 0.16998279094696045, 0.9831323623657227, -0.06744982302188873, -0.08417116850614548, -0.1190633475780487, -0.2672617733478546, 6.9458441734313965, 1.263458013534546, -1.25104558467865, 0.0135636692866683, -0.4476749300956726, 0.4797118306159973, 0.03137889504432678, -0.24291671812534332, 0.9694613814353943, 0.012305633164942265, 0.0833088606595993, 0.2081359177827835, -0.34657779335975647, -6.547406196594238, -0.4040350317955017, 3.2615771293640137, 0.061261776834726334, -0.43945491313934326, 0.461056113243103, 0.07444380223751068, -0.5191918611526489, 0.8289948105812073, -0.19407601654529572, -0.534627377986908, -0.06233956664800644, 0.17000190913677216, -5.876670837402344, -1.8168622255325317, -5.640420436859131, 0.04714072123169899, -0.4099113643169403, 0.5045543909072876, -0.009673364460468292, 0.6442601084709167, 0.7617848515510559, 0.06722450256347656, -0.328257292509079, -0.11967863887548447, -0.16932792961597443, 3.8409109115600586, -3.134608268737793, -3.5603880882263184, -0.06056515872478485, -0.3813810646533966, 0.47312837839126587, 0.29521244764328003, -0.8540852069854736, 0.38870498538017273, -0.1797116994857788, 0.11263835430145264, 0.13533325493335724, -0.3256875276565552, 4.633292198181152, -4.415508270263672, 5.630011558532715, -1.8760361671447754, 0.8856406211853027, -0.2518540322780609, -0.004727478139102459, 0.00765217887237668, 0.014017983339726925, -2.833493232727051, 0.25733354687690735, 0.197426438331604, -0.014344296418130398, -0.007515678182244301, 0.01977461576461792, -1.474827766418457, -1.5069411993026733, 0.9925829768180847, 0.015560509636998177, -0.002254720777273178, -0.004089750349521637, -1.3173372745513916, 0.6822967529296875, 1.08176851272583, 0.005892205983400345, 0.005848809145390987, -0.002273079939186573, -1.4762057065963745, -1.6467565298080444, 1.809259057044983, 0.0035162209533154964, -0.0100847277790308, -0.0030685383826494217, -0.7748467922210693, -0.7503995299339294, 0.17928270995616913, 0.6465943455696106, -1.0, -0.6832900047302246, -0.5758057236671448, 0.4839303493499756, 0.04609597101807594, 1.0, -0.6283365488052368, -0.5688129663467407, 1.0, -0.9194560050964355, 0.5681507587432861, 0.25584399700164795, -1.0, 0.1824796050786972, -1.0, -1.0]
[-0.03869577869772911, -0.4512844383716583, 0.15031221508979797, 0.35239458084106445, -0.4245535731315613, -0.18466930091381073, 0.42611828446388245, -0.37900424003601074, -0.18308399617671967, -0.35729119181632996, -0.4780367910861969, -0.4410689175128937, -0.7236817479133606, -0.6099995374679565, -0.28743523359298706, 0.7447521686553955, -0.340853750705719, 0.6835901737213135, 0.7664581537246704, 0.386023610830307, -0.9357666969299316, -0.28513190150260925, -0.1948859840631485, -0.6244388222694397, -0.1681928038597107, -0.33631715178489685, -0.08730374276638031, -1.0061943531036377, -0.052297260612249374, -0.12447990477085114, -0.3847429156303406, 0.2926506996154785, 1.887966513633728, 1.4632066488265991, 0.5226811170578003, 1.8073736429214478, 0.09341775625944138, 0.04038466140627861, 0.8982831239700317, 0.2300375998020172, 0.3309560716152191, -0.005621188320219517, -0.019564656540751457, 0.10304923355579376, -0.1385257989168167, 0.13215471804141998, -0.8949844241142273, 0.11515817791223526, -8.672991752624512, 3.0561819076538086, -0.12729088962078094, -0.3112330734729767, -0.07746633887290955, -0.013229412958025932, -0.04449889808893204, 0.48474135994911194, 0.18606169521808624, 0.10967403650283813, -0.6145374774932861, 0.02354755625128746, -0.008384195156395435, -0.006965328939259052, -0.05476582795381546, -0.20868660509586334, 0.20791351795196533, 0.0747024342417717, 0.013520079664885998, -3.04930063066422e-06, 0.28534162044525146, 0.10731720179319382, -0.07798996567726135, 0.0055150664411485195, 0.02922710031270981, -0.37410768866539, 0.4806464910507202, 0.6955208778381348, 0.42886945605278015, -0.26791107654571533, 0.510436475276947, -0.4172380864620209, 0.05516679584980011, 0.14670191705226898, 0.9733757376670837, -1.9154690504074097, 1.7297534942626953, 0.0, -0.38999998569488525, 0.47999998927116394, 0.012645297683775425, 0.2464054822921753, 0.9690790772438049, 0.0032153106294572353, -0.48584145307540894, 0.5530071258544922, -0.6614716649055481, -0.1435149759054184, -0.0025307517498731613, -0.4270029366016388, 0.5068294405937195, 0.002176336944103241, 0.10624366998672485, 0.9919084310531616, -0.06946267187595367, 0.19671083986759186, -0.4082990288734436, -0.4248729944229126, 7.543318271636963, 0.9361258149147034, 1.1322095394134521, 0.016844671219587326, -0.4447207450866699, 0.4765404462814331, 0.03028710186481476, -0.15120244026184082, 0.9878438711166382, -0.01961979828774929, 0.2575340270996094, 0.47199389338493347, 0.09067828953266144, -16.393461227416992, -1.150980830192566, 3.6257941722869873, 0.0560622364282608, -0.43938907980918884, 0.4657421410083771, 0.053506411612033844, -0.4663419723510742, 0.8675619959831238, -0.16431209444999695, -0.10887938737869263, 0.18379166722297668, 0.460735946893692, -7.706456184387207, -1.8482253551483154, -2.1432595252990723, 0.04274851083755493, -0.40931373834609985, 0.504047155380249, -0.016146628186106682, 0.640800416469574, 0.7606731057167053, 0.10242298990488052, -0.11454396694898605, 0.12132292985916138, 0.041099414229393005, -1.5186083316802979, -3.0714097023010254, -1.8072246313095093, -0.05873265862464905, -0.38136404752731323, 0.4685409963130951, 0.31167787313461304, -0.8513229489326477, 0.3595259487628937, -0.2210136502981186, 0.24354642629623413, 0.03696228563785553, -0.24639581143856049, 3.4154491424560547, -1.4614694118499756, 3.862154006958008, -1.5340584516525269, 1.1220672130584717, -0.6093862056732178, 0.0036015957593917847, 0.005066526122391224, 0.01180673111230135, -0.5409830212593079, -2.5833778381347656, 2.0746610164642334, 0.07092337310314178, -0.0011347623076289892, -0.014336864463984966, -3.7172369956970215, 0.09639366716146469, 0.3899984061717987, -0.005519423633813858, -0.024457983672618866, 0.02248338609933853, -1.5194673538208008, 0.4254583716392517, 1.3206257820129395, 0.019901955500245094, 0.01604374684393406, 0.0024965135380625725, -0.41619646549224854, -1.6389682292938232, 1.0436776876449585, -0.0030612226109951735, 0.012174205854535103, -0.007646717131137848, -1.0, -0.49499961733818054, -0.0824437290430069, -0.5601679682731628, -0.29344794154167175, -1.0, -0.20162609219551086, 1.0, 0.48369720578193665, 1.0, -0.6779687404632568, 0.8094513416290283, 1.0, -0.02975214272737503, 0.7204554677009583, 0.4776957333087921, -1.0, -0.03067304752767086, -1.0, -0.41948360204696655]
[-0.11028730869293213, -0.44481751322746277, 0.047155216336250305, 0.21050342917442322, -0.3095666468143463, -0.17200133204460144, 0.39892205595970154, -0.3200954496860504, -0.05613429844379425, -0.17496775090694427, -0.47459056973457336, -0.24763169884681702, -0.7444794178009033, -0.6116748452186584, -0.11992279440164566, 0.7943795323371887, -0.21834535896778107, 0.68451988697052, 0.7655614018440247, 0.4059036076068878, -0.9548517465591431, -0.3221801817417145, -0.3283131420612335, -0.6190447211265564, -0.3359076678752899, 0.3311266601085663, -0.6030482053756714, -1.4582278728485107, 1.6536530256271362, 0.3574630916118622, -0.06126457080245018, 0.5994886755943298, 0.8006591200828552, 1.5953073501586914, -0.2057354748249054, 1.9078435897827148, -0.3421039879322052, -0.07466250658035278, 0.7238240838050842, 0.19234412908554077, 1.561893343925476, 0.0235378947108984, 0.000143836994539015, 0.3189997971057892, -0.13511651754379272, -0.20683614909648895, -0.7840930819511414, 0.015181586146354675, -3.7075204849243164, 9.287881851196289, -0.0919642448425293, 0.287019282579422, 0.17488110065460205, 0.07600732892751694, -0.08066804707050323, 0.5345823764801025, 0.049511659890413284, -0.021911442279815674, -0.292058527469635, 0.5927545428276062, 0.17331251502037048, 0.04523658752441406, 0.4342384338378906, -0.14824266731739044, 0.49679845571517944, 0.0917346179485321, 0.006992497947067022, -0.10431889444589615, 0.4359302520751953, 0.15830643475055695, 0.03668653964996338, 0.001042627263814211, 0.018954236060380936, -0.375211238861084, 0.4867974519729614, 0.7121754884719849, 0.40496116876602173, -0.09947776794433594, 0.5647270083427429, -0.6102514863014221, -0.0831025242805481, 0.46833503246307373, 0.5780226588249207, -3.4270265102386475, 2.1978204250335693, 0.0, -0.38999998569488525, 0.47999998927116394, 0.012645297683775425, 0.2464054822921753, 0.9690790772438049, 0.0032153106294572353, -0.4218025505542755, 0.5535625219345093, -0.7179480791091919, 0.014204283244907856, 0.0027751997113227844, -0.4302096664905548, 0.5030821561813354, -0.0069329203106462955, 0.10179112106561661, 0.9900841116905212, -0.09656059741973877, 0.3602393865585327, -0.0554005391895771, -0.05251874029636383, -4.130316257476807, -1.8299647569656372, 4.527769565582275, 0.02156246267259121, -0.4412880837917328, 0.4816048741340637, 0.02523072250187397, -0.005258133169263601, 0.9988902807235718, -0.03941982984542847, 0.30304422974586487, 0.4325239956378937, 0.4905652701854706, -16.510337829589844, -1.6599284410476685, 2.7173373699188232, 0.05878647044301033, -0.43632978200912476, 0.4762450158596039, 0.046888548880815506, -0.4048508107662201, 0.8958417177200317, -0.17710134387016296, 0.2656976580619812, 0.32729437947273254, 0.9625340700149536, -8.525050163269043, -3.2924845218658447, 2.201629161834717, 0.04194959998130798, -0.40373459458351135, 0.5111151337623596, -0.027530532330274582, 0.6834914088249207, 0.7184901833534241, 0.12591014802455902, 0.028654437512159348, 0.4748106598854065, 0.49714741110801697, -10.5170316696167, -2.0829288959503174, -1.9366955757141113, -0.05454617738723755, -0.3825914263725281, 0.4667116403579712, 0.3289293348789215, -0.8459411859512329, 0.33626583218574524, -0.25122568011283875, 0.32923462986946106, -0.041866715997457504, 0.00024046003818511963, 1.996943473815918, -1.754940152168274, 3.849425792694092, -0.7719182968139648, -0.9976250529289246, 2.8261361122131348, 0.06104295700788498, 0.006266163662075996, 0.011253973469138145, -0.5005649328231812, 0.4231541156768799, 2.7542245388031006, -0.01556413248181343, 0.001695594284683466, 0.0014542386634275317, -1.7901809215545654, -2.3021254539489746, 2.227323532104492, 0.010704705491662025, -0.01227283664047718, 0.011647800914943218, -0.9659532308578491, 2.186352491378784, 1.8172311782836914, 0.03978778049349785, 0.009858613833785057, -0.0019136433256790042, -0.17829187214374542, -2.704155683517456, -0.7204068899154663, 0.010539522394537926, 0.003895288100466132, -0.007318798918277025, -1.0, 0.4174892008304596, -1.0, -0.6765163540840149, 1.0, -0.8831302523612976, 0.26101216673851013, 0.2225632518529892, 0.024019543081521988, 1.0, -1.0, 0.8476650714874268, 1.0, 1.0, 0.7187893390655518, 0.5683064460754395, -1.0, -0.9382412433624268, -1.0, -0.6272298097610474]
[-0.21269311010837555, -0.36520227789878845, -0.1056390255689621, 0.0437062531709671, -0.11778257042169571, -0.11813823133707047, 0.4435597062110901, -0.24642957746982574, -0.003663466079160571, -0.05800507217645645, -0.4997245967388153, -0.04968910291790962, -0.7841755747795105, -0.6232472658157349, 0.03090580366551876, 0.8337994813919067, -0.04196326434612274, 0.6832432150840759, 0.7654328346252441, 0.4548977017402649, -0.971016526222229, -0.4210994839668274, -0.41891753673553467, -0.6019543409347534, -0.4141572415828705, 0.7115568518638611, -0.6422480344772339, -1.5737413167953491, 1.8317402601242065, 0.5841274857521057, 0.20569436252117157, 0.7738577723503113, 0.3176705241203308, 0.6698893904685974, 0.0545879490673542, 1.7802485227584839, -0.3720023036003113, -0.12326842546463013, 0.6943706274032593, 0.14532309770584106, 1.6728547811508179, -0.02622074820101261, -0.005016374867409468, 0.7504827380180359, -0.10087879002094269, -0.2594059109687805, -0.4373369812965393, 0.23232336342334747, -1.2690081596374512, 4.094526767730713, -0.012590823695063591, 0.17172378301620483, 0.04341912269592285, 0.014148215763270855, -0.05115530639886856, 0.28883272409439087, 0.04092126712203026, -0.0316823348402977, 0.05836591497063637, 0.1184663325548172, 0.03422613814473152, 0.007601477205753326, 0.19118058681488037, -0.07985718548297882, 0.12857766449451447, 0.005183723755180836, -0.00550256110727787, -0.017539773136377335, 0.17653462290763855, 0.07504665851593018, 0.04958323389291763, 0.017842968925833702, 0.01160680316388607, -0.37752166390419006, 0.4953140318393707, 0.7505927681922913, 0.27156442403793335, 0.13461051881313324, 0.5871483087539673, -0.26607370376586914, -0.1261308491230011, 0.6152598261833191, 3.409651279449463, -7.656017303466797, -0.4260486662387848, 0.0, -0.38999998569488525, 0.47999998927116394, 0.012645297683775425, 0.2464054822921753, 0.9690790772438049, 0.0032153106294572353, -0.23500987887382507, 0.5818781852722168, -0.7500764727592468, 0.20874252915382385, 0.010439226403832436, -0.4314887821674347, 0.5047510266304016, -0.027207298204302788, 0.15390987694263458, 0.9784194231033325, -0.1351550966501236, 0.4292396605014801, 0.06284849345684052, 0.16063018143177032, -7.271501064300537, -2.9622628688812256, 5.066709995269775, 0.026789451017975807, -0.43805986642837524, 0.49265751242637634, 0.018849056214094162, 0.1137557253241539, 0.9920904636383057, -0.04960690811276436, 0.3055182695388794, 0.3996332883834839, 0.7225578427314758, -12.293905258178711, -1.3549168109893799, 1.5336962938308716, 0.06307198107242584, -0.43114566802978516, 0.49280425906181335, 0.04163288697600365, -0.3296569287776947, 0.9218378663063049, -0.19951944053173065, 0.18701130151748657, 0.47893115878105164, 1.1425807476043701, -9.355314254760742, -3.3063254356384277, 1.454246163368225, 0.04222007468342781, -0.39401328563690186, 0.5232647061347961, -0.04409957677125931, 0.7484318614006042, 0.645015299320221, 0.14785176515579224, 0.050393104553222656, 0.630588173866272, 0.5750320553779602, -12.342012405395508, -2.780703067779541, -1.8014310598373413, -0.04968065768480301, -0.3846265971660614, 0.4683963656425476, 0.3483365774154663, -0.8406736850738525, 0.32200852036476135, -0.2612276077270508, 0.2967284619808197, -0.1018209457397461, 0.15770764648914337, 0.2626412510871887, 1.152036190032959, 2.5219838619232178, -0.24057427048683167, -0.03192079812288284, 1.1752516031265259, 0.013669404201209545, 0.00019242041162215173, 0.0012781971599906683, -0.2870864272117615, 0.5542702674865723, 1.4275953769683838, -0.02336827851831913, 0.0023898736108094454, 0.0032596364617347717, 0.3169339597225189, -0.41482579708099365, 0.7462503910064697, 0.0013790898956358433, 0.0025121690705418587, -0.010350779630243778, -0.34861090779304504, 0.7354044914245605, 0.2357630431652069, 0.005528506822884083, 0.004416243173182011, -0.0022655909415334463, 0.305393785238266, -1.1069749593734741, -0.6587865352630615, -0.0005152538069523871, 0.012956669554114342, -0.006636166945099831, -1.0, 0.4538894593715668, -1.0, -0.8922721743583679, 1.0, 0.6480373740196228, 0.32358551025390625, 0.10084211081266403, -0.152795672416687, 1.0, -1.0, 0.9105618000030518, 1.0, 1.0, 0.662921130657196, 0.8508116006851196, -1.0, -1.0, -0.7109608054161072, -0.42321187257766724]
[-0.32733842730522156, -0.3025319278240204, -0.1641700565814972, 0.04343589022755623, 0.06380641460418701, -0.0436796210706234, 0.4134681522846222, -0.24965399503707886, 0.03894145041704178, -0.01137048751115799, -0.4845803380012512, 0.09107506275177002, -0.8180488348007202, -0.6348099112510681, 0.1540464162826538, 0.8624469041824341, 0.1298968493938446, 0.6831280589103699, 0.7648599147796631, 0.4853428304195404, -0.977669358253479, -0.5150251984596252, -0.41471314430236816, -0.5867761373519897, -0.4383718967437744, 0.25946173071861267, -0.21315431594848633, 0.15888188779354095, 1.6372772455215454, 1.0513921976089478, 0.05901167541742325, 0.10625769942998886, 0.40637335181236267, 0.35477662086486816, 0.0643133744597435, 1.031683325767517, -0.2872954308986664, -0.09766901284456253, 0.48842617869377136, 0.1058446541428566, 1.5379585027694702, 0.016018657013773918, -0.0008137529948726296, 0.17715051770210266, -0.021859144791960716, -0.21611081063747406, 0.26891109347343445, 0.09353756159543991, -0.10177745670080185, -4.6786603927612305, -0.09655081480741501, -0.3219622075557709, -0.1076090931892395, 0.0032346961088478565, 0.13450251519680023, 0.008483335375785828, 0.05130067467689514, 0.019969753921031952, 0.004267683252692223, -0.5334317684173584, -0.19575056433677673, -0.06389257311820984, -0.4123377501964569, -0.0026970012113451958, -0.21234291791915894, -0.0078501608222723, 0.006294584833085537, 0.003909067716449499, -0.1407383233308792, -0.053533077239990234, 0.021360594779253006, 0.013217104598879814, 0.007171355187892914, -0.37962427735328674, 0.5035258531570435, 0.7682739496231079, 0.07879669219255447, 0.38027331233024597, 0.5088598728179932, -0.26607370376586914, -0.1261308491230011, 0.45172709226608276, 4.073231220245361, -6.398885250091553, 0.3663746416568756, 0.0, -0.38999998569488525, 0.47999998927116394, 0.012645297683775425, 0.2464054822921753, 0.9690790772438049, 0.0032153106294572353, 0.013376773335039616, 0.614577054977417, -0.6802132725715637, 0.3992820680141449, 0.0160731952637434, -0.4269390404224396, 0.5108563899993896, -0.05270322412252426, 0.2674749195575714, 0.9492201209068298, -0.15703727304935455, 0.23043350875377655, 0.4856390058994293, 0.1188092976808548, -14.659278869628906, -5.215972423553467, 3.011413097381592, 0.033637069165706635, -0.43606987595558167, 0.4984208345413208, 0.008441179059445858, 0.16520194709300995, 0.9836124777793884, -0.07171816378831863, 0.3512391746044159, 0.22920538485050201, 0.2187735140323639, -5.558682918548584, -0.856998085975647, 2.0865638256073, 0.06718792021274567, -0.425353467464447, 0.5043506026268005, 0.03860686719417572, -0.2765311896800995, 0.9356397986412048, -0.21591223776340485, 0.2478392869234085, 0.3980845510959625, 0.4817197918891907, -4.182511329650879, -1.6814690828323364, 1.73743736743927, 0.043239373713731766, -0.38345789909362793, 0.5318421721458435, -0.059038713574409485, 0.800125241279602, 0.573477029800415, 0.16564424335956573, 0.11664211004972458, 0.559367299079895, 0.20819370448589325, -9.141714096069336, -1.8248311281204224, -1.470449447631836, -0.045412421226501465, -0.3864746689796448, 0.4706026315689087, 0.3597108721733093, -0.8385151624679565, 0.3202047646045685, -0.25489068031311035, 0.2244560867547989, -0.09829185158014297, 0.08737477660179138, -0.7592388391494751, 1.0491032600402832, 0.2831836938858032, -0.2916387915611267, -0.14575478434562683, -2.2394676208496094, 0.0010483735240995884, 0.010803052224218845, 0.011379850097000599, 0.5399167537689209, -0.9039539694786072, -0.2834396958351135, 0.0064104460179805756, -0.011940156109631062, -0.015168162062764168, 0.12349814176559448, 2.5255703926086426, -1.7761552333831787, -0.026009023189544678, 0.00182018568739295, 0.0006828281912021339, -0.08623861521482468, -1.4922529458999634, -0.34101757407188416, -0.01608920469880104, 0.0005175596452318132, 0.009601524099707603, 0.43267184495925903, 0.8433651924133301, 0.16164198517799377, 0.0027101931627839804, 0.006294358056038618, 0.004599175415933132, -1.0, -0.40788018703460693, -1.0, 0.016720488667488098, 1.0, 1.0, -0.016392569988965988, 0.2845417261123657, -0.39357125759124756, 0.5078195929527283, -1.0, 0.5389753580093384, 1.0, 1.0, 0.701350212097168, 0.49178510904312134, -1.0, -1.0, 0.011738542467355728, -0.5520537495613098]
[-0.4425675570964813, -0.3194737136363983, -0.1699029952287674, 0.09574395418167114, 0.16854311525821686, 0.09586483240127563, 0.4364849627017975, -0.20567412674427032, 0.1402704119682312, 0.05104593560099602, -0.486980140209198, 0.2235792577266693, -0.8460385203361511, -0.6445162892341614, 0.2833067774772644, 0.8836608529090881, 0.2612905204296112, 0.631273627281189, 0.756838858127594, 0.454097718000412, -0.9772632122039795, -0.5910847783088684, -0.36322513222694397, -0.5901948809623718, -0.4210745394229889, -0.3547823131084442, -0.03857012093067169, 0.6744111180305481, 0.6117525100708008, 1.2570983171463013, 0.18055526912212372, 0.5274242758750916, 1.2200204133987427, 0.9379364252090454, -0.052627887576818466, 1.3280819654464722, -0.24012427031993866, -0.08433841913938522, 0.6385855674743652, 0.0806545615196228, 1.0290395021438599, -0.7401629090309143, -0.16780149936676025, -0.6790093779563904, 0.010342570953071117, -0.17355237901210785, 0.3378308415412903, -0.09702180325984955, 0.703101634979248, -5.698843955993652, -0.013655651360750198, -0.08735965192317963, -0.05403118208050728, -0.02804131992161274, 0.05653629079461098, -0.24672943353652954, 0.00988752581179142, 0.04876790568232536, 0.004968706052750349, -0.2582642138004303, -0.07706695795059204, -0.020623981952667236, -0.298478364944458, 0.035637084394693375, -0.2703791558742523, -0.07851797342300415, -0.02690611034631729, -0.004849446937441826, -0.20863085985183716, -0.0841088518500328, -0.04015674814581871, -0.00815519504249096, 0.0026792152784764767, -0.3822007179260254, 0.5081573128700256, 0.7493224143981934, -0.034132879227399826, 0.5376227498054504, 0.3851136863231659, -0.2493780255317688, -0.19428838789463043, 0.11406169086694717, 2.7017621994018555, -2.7691729068756104, 1.3291608095169067, 0.0, -0.38999998569488525, 0.47999998927116394, 0.012645297683775425, 0.2464054822921753, 0.9690790772438049, 0.0032153106294572353, 0.1630900651216507, 0.6243504285812378, -0.5565457940101624, 0.5233020782470703, 0.02088795229792595, -0.4226919710636139, 0.5115330219268799, -0.07740312814712524, 0.36992335319519043, 0.9105885028839111, -0.16731414198875427, 0.21481949090957642, 0.3309759795665741, -0.21488696336746216, -10.146605491638184, -4.125648498535156, 2.0848653316497803, 0.03942736238241196, -0.43177738785743713, 0.4995259940624237, 0.0012268347200006247, 0.240306556224823, 0.9668260216712952, -0.08659403771162033, 0.2754989266395569, 0.458818256855011, -0.14871960878372192, -11.614252090454102, -1.443253517150879, 1.8049812316894531, 0.0712345615029335, -0.4193834364414215, 0.5081774592399597, 0.035233501344919205, -0.24577072262763977, 0.939877986907959, -0.23448823392391205, 0.20971797406673431, 0.411550372838974, 0.09637865424156189, -2.745643138885498, -1.8293424844741821, 2.118614912033081, 0.04408938065171242, -0.3767256438732147, 0.5342932343482971, -0.07361339032649994, 0.8126788139343262, 0.549382209777832, 0.179759219288826, 0.03429856151342392, 0.2827668786048889, 0.0253316517919302, 0.3478110432624817, -2.358574390411377, 0.7073171138763428, -0.04147204011678696, -0.3876402974128723, 0.47005075216293335, 0.35867586731910706, -0.8352134227752686, 0.32498443126678467, -0.261065274477005, 0.25077110528945923, -0.045853983610868454, -0.09704028815031052, 0.18796220421791077, -1.960700511932373, 0.03985496237874031, 0.13343077898025513, -0.2147650122642517, -1.2173343896865845, -0.03126279264688492, 0.0039480444975197315, 0.0014833129243925214, 0.250333309173584, -1.3580234050750732, -1.4342362880706787, 0.02839755453169346, -0.006030204240232706, -0.004799399059265852, 0.2343330979347229, 0.9379786252975464, -1.4509814977645874, -0.006554304156452417, 0.00206678151153028, 0.002133533824235201, 0.35796302556991577, -1.0927542448043823, -1.0122319459915161, -0.0432974249124527, -0.003286733292043209, 0.005696558393537998, -0.03875933215022087, 1.2702648639678955, 0.7879957556724548, 0.0046219974756240845, -0.007535046432167292, 0.008383633568882942, -1.0, -1.0, -0.49341532588005066, 0.6165756583213806, 0.3327769637107849, 1.0, 0.07466119527816772, 1.0, -0.5861578583717346, 1.0, -1.0, 1.0, 1.0, 0.7446959018707275, 0.05291689932346344, 0.03832894563674927, -1.0, -1.0, -0.053525444120168686, -0.6821169853210449]
[-0.5440534353256226, -0.3453372120857239, -0.168862983584404, 0.15869686007499695, 0.17069540917873383, 0.17514531314373016, 0.5125460028648376, -0.1643182784318924, 0.24112525582313538, 0.17040592432022095, -0.5514078140258789, 0.3685770034790039, -0.8668221235275269, -0.6562731862068176, 0.4026501774787903, 0.8925796151161194, 0.3405991494655609, 0.5277445316314697, 0.7297742962837219, 0.40438565611839294, -0.9798073172569275, -0.6587201356887817, -0.39149248600006104, -0.6088470816612244, -0.35512059926986694, -0.07954876124858856, 0.09322228282690048, 0.5337923765182495, -0.2958851158618927, 0.24685998260974884, 0.2759048044681549, 0.4190625846385956, 0.8341647982597351, 1.1524041891098022, -0.47877928614616394, 1.1827173233032227, -0.21261714398860931, -0.15445932745933533, 0.5099680423736572, 0.013373225927352905, 0.5734624266624451, -1.0710679292678833, -0.3186056613922119, -0.5781360864639282, -0.030998945236206055, -0.1615394949913025, -0.4441872239112854, -0.21336928009986877, 1.4034368991851807, 2.7951862812042236, 0.051864903420209885, 0.08112695068120956, -0.056197017431259155, -0.06954773515462875, 0.007318516727536917, 0.194007009267807, 0.024506647139787674, -0.0017450324958190322, -0.07381611317396164, -0.07641182839870453, -0.050118669867515564, -0.025056295096874237, 0.12953397631645203, -0.01400589756667614, -0.04287229850888252, -0.04983504116535187, -0.0196817796677351, -0.016007233411073685, 0.05520663410425186, 0.027923092246055603, -0.03146230801939964, -0.02123264968395233, 0.0038943428080528975, -0.37977609038352966, 0.506917417049408, 0.7284039855003357, -0.14363498985767365, 0.6173180341720581, 0.26022106409072876, 0.24716266989707947, 0.39879775047302246, -0.06968700885772705, 2.0125463008880615, -2.012256622314453, -0.3691701292991638, 0.0, -0.38999998569488525, 0.47999998927116394, 0.012645297683775425, 0.2464054822921753, 0.9690790772438049, 0.0032153106294572353, 0.2903556525707245, 0.633493185043335, -0.431488960981369, 0.5728850960731506, 0.025290299206972122, -0.4199647605419159, 0.5114811658859253, -0.09231878817081451, 0.4126572608947754, 0.8887239098548889, -0.1770906001329422, 0.22286677360534668, 0.13169068098068237, 0.023205779492855072, -1.874051570892334, -0.7463703155517578, 1.282610297203064, 0.04364532604813576, -0.42761799693107605, 0.49954622983932495, -0.003461279207840562, 0.33200520277023315, 0.9388330578804016, -0.09139450639486313, 0.20661023259162903, 0.3846971392631531, -0.03617941960692406, -11.603341102600098, -1.5378291606903076, 1.126404881477356, 0.07435586303472519, -0.41257452964782715, 0.5115340352058411, 0.02767060697078705, -0.21105384826660156, 0.9414621591567993, -0.2614181339740753, 0.17783798277378082, 0.4468541145324707, 0.237241730093956, -2.8903472423553467, -2.6219663619995117, 3.8156745433807373, 0.044307891279459, -0.37342846393585205, 0.5355992317199707, -0.09483026713132858, 0.7965379953384399, 0.5665531158447266, 0.18855233490467072, -0.028375806286931038, 0.176097571849823, 0.16265693306922913, 3.439490556716919, -2.4887592792510986, 2.7095425128936768, -0.036913711577653885, -0.38852444291114807, 0.46833837032318115, 0.36065390706062317, -0.8234269618988037, 0.3247794210910797, -0.2939645051956177, 0.35289573669433594, -0.008266694843769073, -0.04391562566161156, 1.2008806467056274, -4.357693195343018, 3.0215699672698975, 0.2968898415565491, 1.4676843881607056, 0.14474676549434662, -0.047532469034194946, -0.00692593352869153, -0.0032912930473685265, 0.24929529428482056, 0.43793195486068726, 0.9628525972366333, 0.0048239463940262794, 0.003454464953392744, 0.0008284690557047725, -0.23384788632392883, 0.7328928112983704, 0.3607613146305084, -0.014062903821468353, -0.0023913006298244, 0.011098804883658886, -0.08170108497142792, 0.4157724976539612, -0.647262692451477, -0.013445192016661167, 0.002309812232851982, -0.0005367620615288615, -0.4880470633506775, -0.4909213185310364, 0.00775041151791811, 0.0025673466734588146, -0.013423901982605457, -0.0025657154619693756, -1.0, -0.24558106064796448, -0.6011376976966858, 0.5145349502563477, -0.17167150974273682, 0.8303659558296204, 0.4261830449104309, 0.9699832797050476, -0.12021767348051071, 1.0, -1.0, 1.0, 0.8812199234962463, 0.5971107482910156, -0.1688939332962036, 0.15402233600616455, -1.0, -1.0, -1.0, -0.7604386806488037]
