1
[0.0, 0.0, 0.0, 0.0, 0.0, 0.0, 0.0, 0.0, 0.0, 0.0, 0.0, 0.0, 0.0, 0.0, 0.0, 0.0, 0.0, 0.0, 0.0, 0.0, 0.0, 0.0, 0.0, 0.0, 0.0, 0.0, 0.0, 0.0, 0.0, 0.0, 0.0, 0.0, 0.0, 0.0, 0.0, 0.0, 0.0, 0.0, 0.0, 0.0, 0.0, 0.0, 0.0, 0.0, 0.0, 0.0, 0.0, 0.0, 0.0, 0.0, 0.0, 0.0, 0.0, 0.0, 0.0, 0.0, 0.0, 0.0, 0.0, 0.0, 0.0, 0.0, 0.0, 0.0, 0.0, 0.0, 0.0, 0.0, 0.0, 0.0, 0.0, 0.0, 0.0, 0.0, 0.0, 0.0, 0.0, 0.0, 0.0, 0.0, 0.0, 0.0, 0.0, 0.0, 0.0, 0.0, 0.0, 0.0, 0.0, 0.0, 0.0, 0.0, 0.0, 0.0, 0.0, 0.0, 0.0, 0.0, 0.0, 0.0, 0.0, 0.0, 0.0, 0.0, 0.0, 0.0, 0.0, 0.0, 0.0, 0.0, 0.0, 0.0, 0.0, 0.0, 0.0, 0.0, 0.0, 0.0, 0.0, 0.0, 0.0, 0.0, 0.0, 0.0, 0.0, 0.0, 0.0, 0.0, 0.0, 0.0, 0.0, 0.0, 0.0, 0.0, 0.0, 0.0, 0.0, 0.0, 0.0, 0.0, 0.0, 0.0, 0.0, 0.0, 0.0, 0.0, 0.0, 0.0, 0.0, 0.0, 0.0, 0.0, 0.0, 0.0, 0.0, 0.0, 0.0, 0.0, 0.0, 0.0, 0.0, 0.0, 0.0, 0.0, 0.0, 0.0, 0.0, 0.0, 0.0, 0.0, 0.0, 0.0, 0.0, 0.0, 0.0, 0.0, 0.0, 0.0, 0.0, 0.0, 0.0, 0.0, 0.0, 0.0, 0.0, 0.0, 0.0, 0.0, 0.0, 0.0, 0.0, 0.0, 0.0, 0.0, 0.0, 0.0, 0.0, 0.0, 0.0, 0.0, 0.0, 0.0, 0.0, 0.0, 0.0, 0.0, 0.0, 0.0, 0.0, 0.0, 0.0]
[0.5895025134086609, 0.08685747534036636, -0.10037819296121597, -0.6988850831985474, -0.7501148581504822, -0.8756424784660339, 0.220056414604187, -0.9491771459579468, -0.7766247987747192, -0.913297712802887, -0.24000002443790436, -0.9687725305557251, -0.8701333999633789, -0.8587253093719482, -0.9632375836372375, -0.06299792230129242, -0.9235615730285645, -0.7913660407066345, -0.7398723363876343, 0.05731455981731415, -0.914911687374115, -0.13481667637825012, -0.148923859000206, 0.8278400301933289, 0.13496719300746918, -0.30655476450920105, -0.06692235916852951, -0.246804341673851, 2.0883657932281494, 0.4547347128391266, 0.08101426810026169, -0.18775032460689545, -0.17073528468608856, -0.022817155346274376, -1.268103837966919, 0.09417512267827988, -0.09837796539068222, 0.010469830594956875, 0.04709263890981674, 0.5607878565788269, -0.04888438805937767, -0.2545471787452698, -0.05383528396487236, -1.36881422996521, -0.039829544723033905, -0.2759949266910553, -0.7292486429214478, 0.22707538306713104, 1.077314853668213, -3.634995937347412, -0.4587419033050537, -0.4509507119655609, 0.025673264637589455, 0.04377724230289459, 0.4654274582862854, -0.10404113680124283, -0.03920891880989075, -0.015484956093132496, 0.6825218200683594, -0.31060752272605896, -0.13791880011558533, -0.051460832357406616, -0.3242197036743164, 0.21750766038894653, -0.23673491179943085, -0.10275894403457642, -0.03769616410136223, -0.09171546995639801, -0.18822462856769562, -0.13221824169158936, -0.061724379658699036, -0.018290923908352852, 0.0016970932483673096, -0.3917063772678375, 0.5138012170791626, 0.16165277361869812, -0.7754526734352112, 0.5892588496208191, 0.15910860896110535, 0.526694118976593, -0.15524372458457947, -0.12746891379356384, 0.32636013627052307, -3.8063104152679443, -2.03720760345459, 0.0, -0.38999998569488525, 0.47999998927116394, 0.012645297683775425, 0.2464054822921753, 0.9690790772438049, 0.0032153106294572353, 0.8951793909072876, 0.10750429332256317, -0.2019321620464325, 0.38251829147338867, -0.03281032666563988, -0.45194211602211, 0.5024570822715759, 0.005468512885272503, -0.5197677612304688, 0.8542221784591675, -0.01076812669634819, -0.11600078642368317, 0.14047588407993317, 0.0480782613158226, -9.947341918945312, -0.23707295954227448, -0.35573911666870117, -0.018527692183852196, -0.45813417434692383, 0.4882262945175171, -0.02559850364923477, -0.6205008625984192, 0.7829800844192505, 0.03557588905096054, -0.18074576556682587, 0.0004187392769381404, -0.39459317922592163, 3.4337246417999268, -0.15181784331798553, -1.0865634679794312, 0.014673696830868721, -0.45470839738845825, 0.4855425953865051, 0.021530672907829285, -0.6385068893432617, 0.7687533497810364, -0.029388172551989555, 0.38880017399787903, 0.05951329320669174, -0.2505236268043518, 1.4987943172454834, -0.44745513796806335, 5.652543067932129, 0.033329837024211884, -0.4478572905063629, 0.4910685122013092, -0.002376183634623885, -0.5592703819274902, 0.8289439678192139, -0.007929275743663311, -0.37294745445251465, -0.057189617305994034, -0.31752946972846985, 3.2144720554351807, -0.05206101015210152, -3.4637250900268555, -0.08273483067750931, -0.36988693475723267, 0.4973134696483612, -0.17427051067352295, -0.6975945830345154, 0.6558584570884705, 0.22987201809883118, 0.013426612131297588, -0.02906634844839573, -0.20493540167808533, -2.0487382411956787, -6.134994983673096, 1.4035032987594604, -2.5363423824310303, 0.17439430952072144, -0.4904453754425049, 0.04639315977692604, -0.02980007231235504, 0.014758249744772911, 2.4941213130950928, 0.7208531498908997, -0.19742494821548462, -0.004672159440815449, 0.026833174750208855, -0.00888045784085989, 3.6640419960021973, 2.0073611736297607, -0.32268479466438293, -0.021350417286157608, 0.040729545056819916, -0.009487109258770943, 1.1754746437072754, 1.4951800107955933, -0.45491859316825867, -0.015268463641405106, 0.011518099345266819, -0.004801768343895674, -0.6682514548301697, 1.5044379234313965, 0.16946661472320557, -0.007812022231519222, -0.007598903961479664, 0.020999925211071968, 1.0, -0.38146737217903137, -1.0, -1.0, 1.0, 1.0, -1.0, -0.9151771664619446, -1.0, -1.0, -1.0, -1.0, 1.0, -1.0, -1.0, -0.7443881034851074, -1.0, -1.0, -1.0, 1.0]
[0.555277407169342, 0.034881170839071274, -0.15505456924438477, -0.7299523949623108, -0.6567280292510986, -0.8141269683837891, 0.1513676941394806, -0.9631476402282715, -0.793694257736206, -0.9180529117584229, -0.3456571102142334, -0.8372651934623718, -0.8798010945320129, -0.8617095351219177, -0.9119042158126831, -0.019109351560473442, -0.9101375341415405, -0.8018019795417786, -0.744055449962616, -0.029652312397956848, -0.9250696301460266, -0.1879926472902298, -0.1935754120349884, 0.853663444519043, -0.311160683631897, -0.39891478419303894, -0.3263755738735199, -0.3310273289680481, 0.1716267466545105, 0.5884929895401001, -0.4357221722602844, -0.11349232494831085, -0.15988069772720337, -0.05755503103137016, 0.1357312649488449, 1.7445030212402344, -0.11479862034320831, -0.05079938843846321, 0.44016438722610474, -0.133718803524971, 0.3354461193084717, 0.040616683661937714, 0.009329344145953655, -0.9114584922790527, -0.08857940137386322, -0.05404375120997429, -0.04043206200003624, 0.2443556785583496, -11.172798156738281, -1.035460352897644, -0.4845269024372101, -0.10751675814390182, -0.21641983091831207, -0.08916813135147095, -0.5532447099685669, -0.058729588985443115, -0.021274719387292862, -0.007818382233381271, 0.2282685935497284, 0.21714641153812408, 0.07410471886396408, 0.024895556271076202, 0.40378040075302124, -0.7858919501304626, 0.6277515888214111, 0.30415114760398865, 0.11640507727861404, 0.07824963331222534, -0.05489392206072807, 0.0018559640739113092, -0.11100254952907562, -0.027080953121185303, 0.011010302230715752, -0.3940315842628479, 0.509939432144165, 0.029515013098716736, -0.8006886839866638, 0.5892214775085449, 0.10413682460784912, 0.7018479108810425, -0.05711052566766739, -0.2316242903470993, 0.013085362501442432, -2.1337687969207764, -0.9712268710136414, 0.0, -0.38999998569488525, 0.47999998927116394, 0.012645297683775425, 0.2464054822921753, 0.9690790772438049, 0.0032153106294572353, 0.919896125793457, -0.007082904223352671, -0.11641991883516312, 0.37441620230674744, -0.029448706656694412, -0.45224255323410034, 0.4975024461746216, 0.01123654656112194, -0.49097687005996704, 0.8707544803619385, -0.02453608252108097, 0.4507685899734497, -0.07337021082639694, -0.41453975439071655, -0.14768239855766296, -0.2993620038032532, 3.16868257522583, -0.014698431827127934, -0.4583427309989929, 0.48192811012268066, -0.015297590754926205, -0.6436966061592102, 0.7648225426673889, 0.02161126770079136, 0.5194393396377563, -0.03700382634997368, -0.45007994771003723, 3.6451406478881836, -0.28367942571640015, 3.7197811603546143, 0.01927909068763256, -0.4538865387439728, 0.48751959204673767, 0.03289707005023956, -0.6134725213050842, 0.7874171137809753, -0.0504324696958065, 0.25518327951431274, 0.09828174859285355, 0.354233980178833, -5.830192565917969, -1.0641919374465942, 0.7891609072685242, 0.034148041158914566, -0.44746559858322144, 0.48832109570503235, -0.010570365004241467, -0.5676493048667908, 0.8231421113014221, -0.00997705478221178, 0.346135675907135, 0.07360642403364182, -0.0020835259929299355, -1.2120118141174316, -1.8207732439041138, 2.073584794998169, -0.08110004663467407, -0.37124934792518616, 0.49425774812698364, -0.1987892985343933, -0.6994715332984924, 0.6571704149246216, 0.19836655259132385, 0.18502841889858246, -0.13661442697048187, -0.20580512285232544, -0.7545188069343567, -3.649909019470215, 0.2578541338443756, -2.7211616039276123, 2.563610315322876, 0.037303294986486435, -0.05071397125720978, -0.014055050909519196, 0.008735416457057, -2.9911861419677734, 0.34894299507141113, -0.05450040474534035, -0.002584238536655903, -0.01761462166905403, 0.003940158523619175, 1.2518213987350464, -1.0045019388198853, 0.18900960683822632, 0.009828024543821812, 0.03058570995926857, -0.009177415631711483, -4.1428046226501465, -4.211833953857422, 0.7190198302268982, 0.05322756618261337, -0.0265054889023304, 0.030700379982590675, -1.8157775402069092, 0.024529356509447098, 0.07694941759109497, 0.00023343891371041536, 0.0019714846275746822, -0.012914681807160378, -1.0, -0.2714144289493561, -0.849742591381073, -1.0, -1.0, -1.0, -1.0, -0.8736089468002319, -0.31741583347320557, 1.0, -0.7754915952682495, -0.8990381360054016, -0.1616678237915039, -1.0, -0.8790759444236755, -0.37379971146583557, -1.0, -0.1599351465702057, -0.07612207531929016, 1.0]
[0.42237991094589233, -0.036304499953985214, -0.19402016699314117, -0.7387180328369141, -0.6769253015518188, -0.784907341003418, 0.09137818962335587, -0.9543347954750061, -0.7571586966514587, -0.9043185710906982, -0.3109450936317444, -0.6556251645088196, -0.9061989784240723, -0.8689812421798706, -0.8434768915176392, -0.06011930853128433, -0.8903917074203491, -0.806521475315094, -0.7434983253479004, -0.13102655112743378, -0.9350589513778687, -0.2282271385192871, -0.12607616186141968, 0.8778425455093384, -0.6060829758644104, -0.5441878437995911, -0.2743074595928192, -0.14011190831661224, -0.3689388036727905, 0.024578437209129333, -0.3435630798339844, 0.056465089321136475, 0.43373438715934753, 0.17224618792533875, 0.39342209696769714, 1.941079020500183, -0.2563159167766571, -0.08872046321630478, 0.2078796625137329, -0.1878795325756073, 0.06788351386785507, -0.10117661952972412, -0.011688766069710255, -1.423518419265747, -0.07052653282880783, -0.12562350928783417, 0.6515402793884277, 0.21279266476631165, -6.606032371520996, -1.0491743087768555, -0.42954596877098083, -0.2740367650985718, -0.1458546370267868, -0.07338599860668182, -0.3956068158149719, -0.1120104044675827, -0.05015837028622627, -0.01848115772008896, 0.02627268061041832, 0.20303013920783997, 0.09945832937955856, 0.03660224378108978, -0.31883352994918823, -0.26660215854644775, -0.27689921855926514, -0.11513495445251465, -0.04114106297492981, -0.022226160392165184, -0.037925176322460175, -0.024398870766162872, -0.03313318267464638, -0.006177542265504599, 0.009908216074109077, -0.39330756664276123, 0.5133362412452698, -0.018294688314199448, -0.822139322757721, 0.5687450170516968, -0.016774913296103477, -0.2827853560447693, 0.048963651061058044, 0.31450772285461426, 0.8588250279426575, -3.5770604610443115, 1.3353698253631592, 0.0, -0.38999998569488525, 0.47999998927116394, 0.012645297683775425, 0.2464054822921753, 0.9690790772438049, 0.0032153106294572353, 0.9370131492614746, -0.02343093976378441, 0.012196597643196583, 0.3482939898967743, -0.0202905535697937, -0.45359769463539124, 0.48980584740638733, 0.024044442921876907, -0.5086766481399536, 0.8592272400856018, -0.04897315800189972, 0.7499123811721802, -0.12026673555374146, -0.5988419055938721, 5.138631343841553, 0.1315024197101593, 4.408572673797607, -0.0047915237955749035, -0.4582453966140747, 0.4760148525238037, 0.004756097681820393, -0.6422880291938782, 0.7664442658424377, -0.0025531016290187836, 0.8013417720794678, 0.021829456090927124, -0.37528109550476074, -0.5886713862419128, -0.11721745878458023, 4.752676963806152, 0.026425926014780998, -0.4518640637397766, 0.48999345302581787, 0.038107067346572876, -0.5834656953811646, 0.8086764216423035, -0.06448207795619965, 0.4480839967727661, 0.18323302268981934, 0.26962175965309143, -5.1753315925598145, -0.8811681270599365, 0.9627170562744141, 0.042771078646183014, -0.445665568113327, 0.4848270118236542, -0.0049359300173819065, -0.5735701322555542, 0.8182458281517029, -0.03829627484083176, 0.6750940680503845, 0.12656249105930328, -0.3631855249404907, 2.3487496376037598, -0.8682531714439392, 3.8505711555480957, -0.07720747590065002, -0.37381234765052795, 0.4904113709926605, -0.23459862172603607, -0.6992418169975281, 0.6524656414985657, 0.17410586774349213, 0.2537548243999481, -0.15013347566127777, -0.2872626781463623, -1.0254766941070557, -5.575943470001221, -1.850217580795288, -2.402834892272949, 2.1960103511810303, -0.3070124089717865, -0.04044584929943085, -0.01644277572631836, 0.011523207649588585, -2.1323375701904297, 0.7246510982513428, -0.09344309568405151, -0.007611392997205257, -0.01474064588546753, 0.003352660220116377, 0.1604866087436676, -1.2656605243682861, 0.13889524340629578, 0.01761733740568161, 0.011149125173687935, -0.004959234967827797, -1.4827221632003784, 1.58163321018219, -0.6929942965507507, -0.017416564747691154, -0.009189927019178867, -0.0022566583938896656, -0.6917260885238647, 0.3998201787471771, -0.006197712384164333, -0.001909238169901073, 0.004890074487775564, 0.005723959766328335, -1.0, -0.5309178233146667, -1.0, -1.0, -1.0, -1.0, -1.0, -0.5436352491378784, 1.0, 0.8403029441833496, -1.0, -0.8213648200035095, -0.41330039501190186, -0.9440076947212219, -0.9093331098556519, -0.8397841453552246, -1.0, -0.5788015127182007, 0.6303249597549438, 1.0]
[0.24681586027145386, -0.11158867925405502, -0.26970362663269043, -0.7616723775863647, -0.7222715616226196, -0.7932251691818237, -0.010158663615584373, -0.9562591910362244, -0.7248885035514832, -0.8809220790863037, -0.2369718849658966, -0.4324515461921692, -0.9291979670524597, -0.8779639005661011, -0.7042601108551025, -0.1550178825855255, -0.9043359756469727, -0.6797269582748413, -0.7253339290618896, -0.23066119849681854, -0.9447942972183228, -0.24855224788188934, 0.016297604888677597, 0.8983449935913086, -0.6941495537757874, -0.5086296200752258, -0.3712960183620453, -0.2852350175380707, -0.4455967843532562, -0.12775683403015137, -0.4975113570690155, -0.06277695298194885, 0.2087719440460205, 0.2551817297935486, 0.3010389804840088, 2.1657726764678955, -0.17274698615074158, -0.07425028085708618, 0.8916425704956055, -0.5034436583518982, -0.2098068743944168, 1.937677025794983, 0.40201637148857117, -1.1205229759216309, -0.07453750818967819, -0.013277684338390827, 0.9954425096511841, 0.17819452285766602, -2.003168821334839, 1.0439766645431519, -0.1312694251537323, -0.024078164249658585, -0.01794426143169403, -0.010498246178030968, -0.13381192088127136, 0.038899749517440796, -0.010541527532041073, -0.003479619976133108, -0.07371903955936432, 0.10497391223907471, 0.05240771919488907, 0.020024549216032028, 0.35262739658355713, -0.14803795516490936, 0.1795373260974884, 0.26098278164863586, 0.12269587814807892, 0.031160257756710052, 0.043508097529411316, 0.04082125052809715, -0.0010429252870380878, -0.0001522823004052043, 0.004268486984074116, -0.39239951968193054, 0.5176911354064941, -0.09261009842157364, -0.8315171003341675, 0.5117724537849426, -0.19517065584659576, -0.3382112383842468, 0.08484654873609543, 0.23549950122833252, 1.426472783088684, -4.565410137176514, 1.0510101318359375, 0.0, -0.38999998569488525, 0.47999998927116394, 0.012645297683775425, 0.2464054822921753, 0.9690790772438049, 0.0032153106294572353, 0.9340795278549194, -0.05080051347613335, 0.20308613777160645, 0.28925901651382446, -0.007540644146502018, -0.45429375767707825, 0.4804621636867523, 0.04577901214361191, -0.5515766143798828, 0.8286956548690796, -0.08325253427028656, 0.8931850790977478, -0.031727325171232224, -0.658679187297821, 6.784175395965576, 0.7119097113609314, 5.36561918258667, 0.008743451908230782, -0.4571603834629059, 0.4690518081188202, 0.032039713114500046, -0.6424757242202759, 0.7646622061729431, -0.038600098341703415, 0.9511216878890991, 0.10752525180578232, -0.4287201464176178, 0.572104811668396, -0.3837880790233612, 5.922739505767822, 0.0348888635635376, -0.4478868544101715, 0.49423474073410034, 0.042326007038354874, -0.5395384430885315, 0.8372070789337158, -0.07868262380361557, 0.5464743971824646, 0.34485745429992676, 0.3938637375831604, -6.936341285705566, -1.1804019212722778, 1.849494457244873, 0.05444477126002312, -0.44225430488586426, 0.4840271770954132, -0.005325243808329105, -0.5355865955352783, 0.8401991724967957, -0.08475784212350845, 0.7616795897483826, 0.31484830379486084, 0.28930291533470154, -10.418839454650879, -5.077749729156494, 4.475831031799316, -0.07247129827737808, -0.3762616813182831, 0.48618730902671814, -0.2758972644805908, -0.6989439725875854, 0.6399699449539185, 0.16061235964298248, 0.2702280282974243, -0.1081528440117836, -0.2928406596183777, 0.37182390689849854, -4.152853012084961, -2.9300479888916016, -0.7799855470657349, 0.24482175707817078, 0.08848407864570618, -0.006825919728726149, -0.005918852519243956, 0.003554646158590913, -0.717902421951294, -0.0028598473872989416, 0.06958083808422089, -0.0035225176252424717, -0.005517730489373207, 0.0016190244350582361, -0.3792003095149994, -0.7293283343315125, 0.1497991532087326, 0.009084624238312244, -0.001730465330183506, 0.0004754523397423327, -0.670001208782196, -3.3235204219818115, 0.6270352602005005, 0.07284306734800339, -0.002134472830221057, 0.012135104276239872, -0.13661374151706696, -0.29609841108322144, -0.057282522320747375, 0.0019220099784433842, 0.0020335367880761623, -0.007264914456754923, -1.0, -0.435762494802475, -1.0, -1.0, -1.0, -0.7903880476951599, -1.0, -0.6531717777252197, 0.15935654938220978, 0.9484784007072449, -1.0, 0.791059136390686, -1.0, -1.0, 1.0, -0.6919963359832764, -1.0, -0.2025366723537445, 1.0, 1.0]
[0.1038212925195694, -0.14494940638542175, -0.2744024991989136, -0.7835357785224915, -0.7641745209693909, -0.8081552982330322, -0.020945224910974503, -0.9667755961418152, -0.7356441020965576, -0.8653927445411682, -0.1734534054994583, -0.2503986954689026, -0.9147778153419495, -0.8797206282615662, -0.5023332238197327, -0.2894761562347412, -0.9297356605529785, -0.44418030977249146, -0.6480849981307983, -0.23227296769618988, -0.900716245174408, -0.32809457182884216, 0.17010773718357086, 0.9152548909187317, -0.4078901708126068, -0.05224915221333504, 0.1301739513874054, -0.14134351909160614, -0.34994277358055115, -0.1365097612142563, 0.1394747644662857, -0.11466731876134872, -0.26006922125816345, 0.00820497702807188, 0.2419830858707428, 1.4354958534240723, 0.29538264870643616, 0.04562654718756676, 0.9767560958862305, -0.5721883177757263, -0.2307293862104416, 2.3084592819213867, 1.2756394147872925, 0.5617688894271851, 0.5369271636009216, -0.28093621134757996, 0.9226787686347961, 0.14498582482337952, 8.194186210632324, 5.429255962371826, 0.40828049182891846, 0.39627957344055176, 0.15410038828849792, 0.053257379680871964, 0.47234785556793213, 0.35458651185035706, 0.09270105510950089, 0.014881705865263939, 0.25725656747817993, 0.09270679950714111, 0.04869725555181503, 0.019886378198862076, 0.6045159101486206, 0.21495017409324646, 0.39780592918395996, 0.14626631140708923, 0.09681446850299835, 0.11382189393043518, 0.5154336094856262, 0.2374485731124878, 0.09895829856395721, 0.02628093585371971, -0.0019412783440202475, -0.3916991353034973, 0.5198497772216797, -0.22286583483219147, -0.8093401789665222, 0.39128512144088745, -0.37708786129951477, -0.40125027298927307, 0.005570129491388798, 0.1018456444144249, 3.0433881282806396, -6.694563388824463, -0.5459715127944946, 0.0, -0.38999998569488525, 0.47999998927116394, 0.012645297683775425, 0.2464054822921753, 0.9690790772438049, 0.0032153106294572353, 0.8847812414169312, -0.13060833513736725, 0.4113670587539673, 0.1757296621799469, 0.0015461458824574947, -0.45440199971199036, 0.4752442538738251, 0.0617825984954834, -0.5836847424507141, 0.8033588528633118, -0.1005454882979393, 0.3891409635543823, -0.011579765938222408, -0.18489307165145874, 3.2855067253112793, 0.9442600011825562, 1.4607255458831787, 0.017967894673347473, -0.4560452699661255, 0.46496447920799255, 0.04805456101894379, -0.6507593989372253, 0.7556254863739014, -0.056860342621803284, 0.3784796893596649, 0.044704511761665344, -0.14662392437458038, 2.0560221672058105, 0.436575710773468, 1.3577682971954346, 0.04131942614912987, -0.4430357813835144, 0.5006956458091736, 0.04365669563412666, -0.4821831285953522, 0.8702711462974548, -0.09067248553037643, 0.258779913187027, 0.3585987985134125, 0.5601351857185364, -8.476070404052734, -1.5102732181549072, 0.7487838864326477, 0.06354494392871857, -0.4379296600818634, 0.49070224165916443, -0.028429897502064705, -0.4241611063480377, 0.8950281143188477, -0.13492117822170258, 0.3236859440803528, 0.4302726686000824, 0.8006115555763245, -18.540794372558594, -8.064596176147461, 1.4227339029312134, -0.0691402330994606, -0.37764495611190796, 0.48571112751960754, -0.28709009289741516, -0.6997422575950623, 0.6278266906738281, 0.18377572298049927, 0.07601391524076462, -0.005448430310934782, 0.11900897324085236, 1.9709919691085815, 3.2865140438079834, -2.991511106491089, 2.2512693405151367, -2.3607335090637207, 0.4777131974697113, 0.017846373841166496, 0.013045738451182842, -0.007197784725576639, 2.5621938705444336, -1.4731483459472656, 0.43542012572288513, -0.007215517573058605, 0.016694368794560432, -0.004579658154398203, 1.611960530281067, -0.8103082180023193, 0.655520498752594, 0.007731756195425987, 0.005914892535656691, -0.0037570069544017315, 1.5072988271713257, -2.61167573928833, 1.341552734375, 0.05763932317495346, 0.006369688548147678, -0.00358121981844306, 1.4765021800994873, -3.2462241649627686, 0.05505193769931793, 0.015992719680070877, 0.0026568991597741842, -0.023247651755809784, 0.27458781003952026, 0.14393582940101624, -0.08270364254713058, -1.0, -0.9316749572753906, 1.0, -0.8275541663169861, -0.9584453105926514, 0.23538438975811005, 0.5120092034339905, -0.6516966819763184, 0.9307743310928345, -1.0, -1.0, 1.0, 0.24963787198066711, -0.2595963180065155, -1.0, 1.0, 1.0]
[0.0539558008313179, -0.12233448773622513, -0.1662052869796753, -0.8116190433502197, -0.7422143220901489, -0.8125910758972168, 0.060480568557977676, -0.9243141412734985, -0.7556346654891968, -0.870820939540863, -0.0895514115691185, -0.08311331272125244, -0.8115882277488708, -0.8607469201087952, -0.32449039816856384, -0.42344415187835693, -0.9504414796829224, -0.2078792303800583, -0.4292554259300232, -0.10894805938005447, -0.8061710596084595, -0.4471644163131714, 0.3059570789337158, 0.898614227771759, -0.01763024553656578, 0.3106449842453003, 0.6092928647994995, -0.33557671308517456, 0.4972468316555023, 0.06751811504364014, 0.47308412194252014, 0.7033785581588745, -0.1345769166946411, -0.06240653619170189, 0.40889421105384827, 1.6292352676391602, 1.308225393295288, 0.3193690776824951, 0.7515134215354919, -0.5262352228164673, -0.16096056997776031, 2.118506908416748, 2.531829357147217, 2.0234055519104004, 0.7707853317260742, -0.2886054217815399, 0.7900668978691101, -0.3087044656276703, 10.621133804321289, 4.433289051055908, 0.5233428478240967, 0.2410704642534256, 0.1423535943031311, 0.06108788773417473, 0.5275408029556274, 0.5239769816398621, 0.21575801074504852, 0.07531152665615082, 0.36584776639938354, 0.2894325256347656, 0.17120632529258728, 0.07435757666826248, 0.46011266112327576, 0.28105926513671875, 0.30599552392959595, 0.05878809839487076, 0.04461907595396042, 0.07485886663198471, 0.28253185749053955, 0.1456659436225891, 0.137478306889534, 0.02527553401887417, -0.009316100738942623, -0.39182689785957336, 0.5198452472686768, -0.42011886835098267, -0.716094970703125, 0.17927004396915436, -0.527797520160675, -0.47056418657302856, -0.006223518867045641, -0.029733814299106598, 4.786691665649414, -6.975893497467041, -1.1121697425842285, 0.0, -0.38999998569488525, 0.47999998927116394, 0.012645297683775425, 0.2464054822921753, 0.9690790772438049, 0.0032153106294572353, 0.7434490919113159, -0.2816455662250519, 0.6065182685852051, -0.009732421487569809, 0.0022078820038586855, -0.45512691140174866, 0.4762828052043915, 0.05854916200041771, -0.5821437239646912, 0.8059841990470886, -0.08983300626277924, -0.22184133529663086, -0.059579797089099884, 0.23305724561214447, -2.735522508621216, 0.031385112553834915, -2.9271321296691895, 0.01923677697777748, -0.4565211534500122, 0.4691324830055237, 0.0453067272901535, -0.6407029628753662, 0.7647404670715332, -0.05117443948984146, -0.16855835914611816, -0.0700196921825409, 0.5479963421821594, -4.106557369232178, -0.19442421197891235, -2.2340312004089355, 0.04147275909781456, -0.4370134770870209, 0.5124560594558716, 0.03277670219540596, -0.3742389678955078, 0.9225508570671082, -0.08815199136734009, -0.23171254992485046, 0.5975674390792847, 1.0383659601211548, -17.568132400512695, -3.0372490882873535, -2.0249099731445312, 0.06620392203330994, -0.4340364336967468, 0.5017324686050415, -0.07277686893939972, -0.23762036859989166, 0.9548802971839905, -0.16261477768421173, -0.18526354432106018, 0.541629433631897, 0.9075069427490234, -24.744508743286133, -9.960938453674316, -2.7666256427764893, -0.06878818571567535, -0.3775657117366791, 0.4904070198535919, -0.2528585195541382, -0.6966621279716492, 0.6264215707778931, 0.24149596691131592, -0.07904443144798279, 0.05591530725359917, 0.46252545714378357, 2.536484479904175, 9.5050630569458, -1.0365934371948242, 2.899522304534912, -2.137962818145752, 0.14331234991550446, 0.029018446803092957, 0.017465325072407722, -0.007987696677446365, 2.8539090156555176, -3.103137969970703, 0.6008158326148987, 0.02876446396112442, 0.016933592036366463, -0.0038130462635308504, 2.3159608840942383, -2.3720858097076416, 0.8646639585494995, 0.03877629339694977, 0.010225996375083923, -0.0092858225107193, 1.884263038635254, -1.0558735132217407, 1.1651455163955688, 0.028780970722436905, 0.0033388431183993816, -0.01187731884419918, 1.7919774055480957, -2.300933361053467, 0.30190712213516235, 0.013301784172654152, -0.003396106418222189, -0.016526591032743454, 1.0, 0.42330360412597656, 1.0, -1.0, -0.28203651309013367, 1.0, -0.27490466833114624, -0.7807621955871582, 0.6597304344177246, 1.0, 0.16412563621997833, 0.6390431523323059, -1.0, -1.0, 1.0, 1.0, -0.0900881290435791, -1.0, 1.0, 0.6388685703277588]
[0.08655158430337906, -0.11635635048151016, -0.08249841630458832, -0.8381308317184448, -0.5701126456260681, -0.7725736498832703, 0.14590246975421906, -0.7710301876068115, -0.6470118165016174, -0.8489165306091309, 0.0349573977291584, 0.0348360501229763, -0.6825388073921204, -0.8191399574279785, -0.13119596242904663, -0.5409398674964905, -0.9592660069465637, 0.0009079938754439354, -0.15858963131904602, 0.044936493039131165, -0.7415257096290588, -0.5348079204559326, 0.38385286927223206, 0.8018203377723694, 0.23248492181301117, -0.12395445257425308, 0.26868972182273865, -0.10062849521636963, 2.162332773208618, 0.9142619371414185, 0.17853686213493347, 1.7303377389907837, 1.634806513786316, 0.7164050936698914, 0.5950708985328674, 0.787018895149231, 1.119758129119873, 0.4036713242530823, 0.9579459428787231, -0.4462747275829315, -0.0435633510351181, 1.825269103050232, 2.4254140853881836, 1.8272850513458252, 0.28959962725639343, -0.18431933224201202, 0.30862870812416077, -1.1993467807769775, 6.83902645111084, -4.534140110015869, 0.19858208298683167, -0.1703985035419464, 0.059586089104413986, 0.0789479911327362, 0.10590159147977829, -0.11025531589984894, 0.11420668661594391, 0.09988266229629517, 0.23880191147327423, -0.5412912368774414, -0.2346705198287964, -0.08356323838233948, -0.19039422273635864, 0.2823787331581116, -0.08612826466560364, -0.06677085161209106, -0.03764975816011429, -0.04454325884580612, -0.4630467891693115, -0.22653132677078247, 0.04737908020615578, -0.012568972073495388, -0.019941626116633415, -0.39354947209358215, 0.518035888671875, -0.595090389251709, -0.5560623407363892, -0.06303338706493378, -0.5767918825149536, -0.6609839200973511, -0.13577130436897278, -0.16084924340248108, 4.757421016693115, -5.2464799880981445, -0.9364601373672485, 0.0, -0.38999998569488525, 0.47999998927116394, 0.012645297683775425, 0.2464054822921753, 0.9690790772438049, 0.0032153106294572353, 0.5287169218063354, -0.4355558156967163, 0.6983562707901001, -0.20748083293437958, -0.001907718600705266, -0.4548770487308502, 0.4786893129348755, 0.043763939291238785, -0.5212050676345825, 0.8489091396331787, -0.0760473981499672, -0.38420745730400085, 0.13925804197788239, 0.3208179175853729, -14.0512113571167, -2.399306297302246, -2.567416191101074, 0.015172842890024185, -0.4563707709312439, 0.48019516468048096, 0.03043372370302677, -0.5506712198257446, 0.8332979083061218, -0.0380709245800972, -0.3330003321170807, 0.17851606011390686, 0.9784989953041077, -19.708229064941406, -1.8703196048736572, -1.8738025426864624, 0.03669362515211105, -0.43196406960487366, 0.5198481678962708, 0.019041122868657112, -0.2660772502422333, 0.9615792632102966, -0.06485015153884888, -0.4151143431663513, 0.36198437213897705, 0.27010267972946167, -10.915909767150879, -0.9634456038475037, -4.066641330718994, 0.0626627504825592, -0.43104222416877747, 0.5111618041992188, -0.13132742047309875, -0.030852265655994415, 0.9778743386268616, -0.1598840206861496, -0.5249372720718384, 0.4874838590621948, 0.41614454984664917, -21.338327407836914, -10.686363220214844, -5.310555458068848, -0.06996560841798782, -0.37679386138916016, 0.4937816858291626, -0.18426144123077393, -0.7075549364089966, 0.620786190032959, 0.282910019159317, -0.048859305679798126, 0.014893760904669762, 0.0810244008898735, 5.900542736053467, 7.040374279022217, 4.481021881103516, 1.0935858488082886, -0.9172886610031128, -0.6359893083572388, 0.06518866121768951, 0.0030059334821999073, -8.126704415190034e-06, 0.5474969744682312, -1.4735828638076782, -0.2905349135398865, 0.07777892053127289, -0.0036213684361428022, 0.0024916999973356724, 1.5098073482513428, 3.176888942718506, -1.3492166996002197, -0.035909902304410934, 0.0059740422293543816, -0.0089639313519001, 1.9351050853729248, 0.9105241894721985, -0.948908269405365, -0.023991893976926804, 0.005603262223303318, -0.01124604232609272, 0.38122642040252686, 2.890199661254883, 0.5315732359886169, -0.016482217237353325, -0.018668588250875473, -0.0006987120723351836, 1.0, -0.4793713390827179, -0.04527362436056137, -1.0, 1.0, 0.7118787169456482, 0.6114893555641174, 0.6836856603622437, 1.0, 0.27122703194618225, -0.08861304819583893, 1.0, -1.0, -1.0, 1.0, 0.8392341136932373, -0.7057260274887085, -1.0, 0.531434178352356, -0.07212554663419724]
[0.1041480302810669, -0.1572536677122116, -0.10262668877840042, -0.8543990850448608, -0.32825663685798645, -0.5749141573905945, 0.08457356691360474, -0.5508503317832947, -0.43519410490989685, -0.6826916337013245, 0.18713104724884033, -0.00033865758450701833, -0.6168437600135803, -0.7680248022079468, 0.07330809533596039, -0.626101553440094, -0.9602880477905273, 0.17753617465496063, 0.07128806412220001, 0.14754164218902588, -0.7106541991233826, -0.6022039651870728, 0.36387398838996887, 0.6676172614097595, -0.06337099522352219, -0.404714971780777, -0.2820964753627777, -0.17803733050823212, 2.269648313522339, 2.5156824588775635, -0.4961894154548645, 2.2059082984924316, 2.1336002349853516, 2.210850715637207, 0.6344506740570068, -0.959103524684906, 0.3178442418575287, 0.5108439326286316, 0.9249796867370605, -0.2951240837574005, 0.0019191030878573656, 1.5258749723434448, 1.9426155090332031, 0.9658404588699341, 0.1761297732591629, -0.16076697409152985, -0.35710960626602173, -1.2620435953140259, -7.9737958908081055, -2.788466215133667, -0.4476016163825989, -0.20991013944149017, -0.08867118507623672, 0.017086518928408623, -0.487822026014328, -0.0842016264796257, -0.009118244983255863, 0.04884001240134239, -0.19677957892417908, -0.6586019992828369, -0.32840657234191895, -0.12038394063711166, -0.4866035282611847, -0.17033687233924866, -0.2152881771326065, -0.08690815418958664, -0.042975738644599915, -0.03571092709898949, -0.12167713791131973, -0.05931323021650314, -0.20584630966186523, -0.06507781147956848, -0.030955540016293526, -0.3967249095439911, 0.5128669738769531, -0.6855204701423645, -0.41067689657211304, -0.2554255723953247, -0.544209361076355, -0.6611417531967163, -0.20739254355430603, -0.35930415987968445, 4.470454692840576, -3.947359800338745, -0.44704005122184753, 0.0, -0.38999998569488525, 0.47999998927116394, 0.012645297683775425, 0.2464054822921753, 0.9690790772438049, 0.0032153106294572353, 0.33971765637397766, -0.5283178687095642, 0.690283477306366, -0.3591390550136566, -0.002893967553973198, -0.4529072940349579, 0.4783269166946411, 0.030857060104608536, -0.3847738206386566, 0.918769359588623, -0.08282402902841568, 0.11002986133098602, 0.36787694692611694, 0.10477322340011597, -20.668033599853516, -3.8485937118530273, 1.5683454275131226, 0.015077129006385803, -0.45199257135391235, 0.49157965183258057, 0.02264280430972576, -0.35288548469543457, 0.9339622855186462, -0.051706064492464066, 0.18177340924739838, 0.7340334057807922, 0.9453192353248596, -30.51011085510254, -3.539494037628174, 2.9890732765197754, 0.03354950621724129, -0.4333191215991974, 0.5156853199005127, 0.015816818922758102, -0.24687379598617554, 0.9682475924491882, -0.03605111688375473, -0.059042833745479584, -0.27762162685394287, -0.5357691049575806, 2.556495428085327, 1.0651500225067139, -2.7802460193634033, 0.05850892886519432, -0.42811429500579834, 0.5158320069313049, -0.18682309985160828, 0.1385909765958786, 0.9625083804130554, -0.13952529430389404, -0.26841071248054504, 0.4423430562019348, 0.030340053141117096, -16.065584182739258, -9.321440696716309, -4.6636857986450195, -0.06949439644813538, -0.3774712383747101, 0.4931546747684479, -0.10536154359579086, -0.7377215027809143, 0.6065302491188049, 0.27710452675819397, 0.23572641611099243, -0.17425188422203064, -0.1870335340499878, 6.334773063659668, 2.167823314666748, 8.762781143188477, -2.4976744651794434, 0.7578485608100891, -0.5335102081298828, 0.0284542478621006, -0.01421321276575327, 0.012627162039279938, -2.6911780834198, -0.26118457317352295, -0.45306396484375, 0.044922251254320145, -0.016198744997382164, 0.013704775832593441, -1.5309529304504395, 4.138584136962891, -1.7361866235733032, -0.058305174112319946, -0.004244755953550339, 0.007578486111015081, -0.8869722485542297, 0.6090719699859619, -1.7966938018798828, -0.03383965790271759, -0.00014417509373743087, 0.0016667440067976713, -2.8561930656433105, 1.0971425771713257, 0.05605558305978775, -0.005902901291847229, -0.019378729164600372, 0.013080104254186153, -0.7348219156265259, -0.7215480208396912, -0.8396749496459961, -1.0, 1.0, -1.0, 0.8569727540016174, 0.8978989124298096, 1.0, -1.0, -0.6217080354690552, 1.0, -1.0, -1.0, 1.0, 0.4683974087238312, -0.6338748335838318, -1.0, -0.1727168709039688, -0.10986974090337753]
[0.05515812709927559, -0.2294321358203888, -0.1979619264602661, -0.7710162401199341, -0.18666179478168488, -0.3218083381652832, 0.11178910732269287, -0.4842956066131592, -0.32256585359573364, -0.4579227864742279, 0.2572961747646332, 0.0370122455060482, -0.6028923988342285, -0.7299361824989319, 0.25493717193603516, -0.6879996061325073, -0.9597786664962769, 0.32409271597862244, 0.25529614090919495, 0.16856063902378082, -0.5969524383544922, -0.6027663350105286, 0.2676759958267212, 0.5739068984985352, -0.2895866334438324, -0.5737384557723999, -0.27297455072402954, 1.0699381828308105, 0.8149935603141785, 1.895904779434204, 0.33359941840171814, 0.3384357988834381, 0.4970305860042572, 1.5784307718276978, -0.0028651587199419737, 0.9530074000358582, -0.010076293721795082, 0.21174056828022003, 0.780324399471283, -0.22808435559272766, -0.0012822035932913423, 1.2592644691467285, 1.5713309049606323, -0.11319319158792496, 1.1750367879867554, 0.09583034366369247, -0.7161916494369507, -0.6596744060516357, -6.434666633605957, -1.5847069025039673, -0.1252221167087555, 0.08177857100963593, -0.07418226450681686, -0.07909813523292542, -0.1047455444931984, 0.050110846757888794, -0.07556649297475815, -0.08381256461143494, -0.33063119649887085, 0.026260271668434143, -0.019188152626156807, -0.019418654963374138, -0.4174390137195587, -0.144217848777771, -0.18836914002895355, -0.06852587312459946, -0.03015279583632946, -0.06284365803003311, 0.3784973621368408, 0.24531963467597961, -0.12429337948560715, -0.02224346622824669, -0.032625455409288406, -0.3987005949020386, 0.5083091259002686, -0.6842000484466553, -0.39203158020973206, -0.31498977541923523, -0.5281693339347839, 0.09374269098043442, -0.08173974603414536, -0.29239919781684875, 0.8561194539070129, -0.4310874938964844, 0.23552648723125458, 0.0, -0.38999998569488525, 0.47999998927116394, 0.012645297683775425, 0.2464054822921753, 0.9690790772438049, 0.0032153106294572353, 0.3067733347415924, -0.5301774740219116, 0.674458384513855, -0.41219887137413025, 0.0016351251397281885, -0.45011067390441895, 0.4783158004283905, 0.017518378794193268, -0.22717027366161346, 0.96737140417099, -0.11081159114837646, 0.2825147807598114, 0.387322336435318, 0.07908100634813309, -15.536565780639648, -4.154543876647949, 2.4478726387023926, 0.017283491790294647, -0.4493526220321655, 0.4898163676261902, 0.01777118816971779, -0.22160086035728455, 0.9733035564422607, -0.057072658091783524, 0.16721130907535553, 0.2243974506855011, -0.25535035133361816, -9.198535919189453, -0.678424596786499, -0.07822242379188538, 0.03530297428369522, -0.43235379457473755, 0.5111871361732483, 0.018558066338300705, -0.23324716091156006, 0.9717301726341248, -0.03149082139134407, 0.27772462368011475, 0.23827049136161804, -0.14514601230621338, -2.9358139038085938, 0.1527162790298462, 1.6108849048614502, 0.05762374401092529, -0.4248489439487457, 0.5162237286567688, -0.23271600902080536, 0.2617299258708954, 0.9293174743652344, -0.11708840727806091, -0.02358863689005375, 0.3579231798648834, -0.21051892638206482, -11.549891471862793, -7.791337966918945, -3.5734517574310303, -0.0650518536567688, -0.3807615041732788, 0.4939199984073639, -0.03360900655388832, -0.7476245760917664, 0.617847740650177, 0.2412301003932953, 0.5156873464584351, -0.32431864738464355, 0.15000170469284058, -0.7631439566612244, 1.6139460802078247, 9.96121883392334, -0.6692573428153992, 1.4756622314453125, -0.08813802897930145, -0.05696319788694382, -3.3734337193891406e-05, -0.0030231967102736235, -0.7698654532432556, 1.398323655128479, -0.2862033545970917, -0.06283771991729736, -0.0005990028148517013, -0.0029879456851631403, -2.26261305809021, 0.23743264377117157, -0.3774285316467285, -0.015857165679335594, -0.009379166178405285, 0.026174169033765793, -0.8490076661109924, 0.1506187915802002, -1.4841928482055664, -0.027893511578440666, -0.0007515989127568901, 0.0030730273574590683, -1.4928005933761597, -2.8165218830108643, -0.02361936867237091, 0.02568938583135605, 0.001641330774873495, 0.014067049138247967, -1.0, -0.7837746143341064, -1.0, 0.2707824110984802, 0.02180417999625206, -1.0, 0.6441653966903687, -0.01311701163649559, 1.0, -1.0, -0.916923463344574, 1.0, -1.0, -1.0, 1.0, -0.025177448987960815, 0.614780604839325, -0.08897150307893753, -0.4880621135234833, 0.27701953053474426]
[-0.0406087189912796, -0.3086300790309906, -0.2046765834093094, -0.7471367716789246, -0.21180865168571472, -0.22100378572940826, 0.09758616238832474, -0.44139155745506287, -0.369307279586792, -0.38687869906425476, 0.24384251236915588, 0.07325270771980286, -0.5845122933387756, -0.7156602144241333, 0.35468414425849915, -0.7371446490287781, -0.9106113314628601, 0.4438755214214325, 0.40544643998146057, 0.1289663463830948, -0.4321134388446808, -0.5708909034729004, 0.2171395868062973, 0.5002574920654297, -0.41506025195121765, -0.5560364127159119, -0.16251395642757416, 0.048856236040592194, -0.8072217106819153, 0.1877962350845337, -0.022375328466296196, 0.2685723304748535, -0.8724336624145508, 0.041868794709444046, -0.20167692005634308, -0.14684860408306122, 0.2493971586227417, 0.15145936608314514, 0.290910542011261, -0.1877422332763672, 0.690895140171051, 1.0262876749038696, 1.2880152463912964, -0.676308810710907, 1.1894047260284424, 0.06741127371788025, -0.10867414623498917, -0.6877090334892273, -4.815240859985352, 0.4802929759025574, -0.28836196660995483, -0.05858702212572098, -0.1448608934879303, -0.11839840561151505, -0.040352534502744675, -0.08046822249889374, -0.11763613671064377, -0.09216062724590302, -0.2050018012523651, -0.55776047706604, -0.22521185874938965, -0.07826836407184601, -0.3416503965854645, -0.1439606249332428, -0.018693899735808372, -0.0060650743544101715, -0.010081619024276733, -0.0019075126620009542, 0.10810858756303787, 0.06095677986741066, 0.0033000821713358164, 0.007256347686052322, -0.02750438265502453, -0.40017902851104736, 0.5060688257217407, -0.7043151259422302, -0.38198184967041016, -0.33679625391960144, -0.494568794965744, 0.4142204225063324, -0.06395388394594193, -0.006532971281558275, 0.11130114644765854, 1.2454715967178345, 0.3991154730319977, 0.0, -0.38999998569488525, 0.47999998927116394, 0.012645297683775425, 0.2464054822921753, 0.9690790772438049, 0.0032153106294572353, 0.2911715507507324, -0.5576419234275818, 0.6469101905822754, -0.43100109696388245, 0.00749217439442873, -0.44932255148887634, 0.4717274010181427, 0.01727977953851223, -0.2119493931531906, 0.9688712954521179, -0.126755952835083, 0.48297378420829773, -0.051086146384477615, -0.5382550954818726, 5.554409980773926, 0.918701171875, 2.904614210128784, 0.02332840859889984, -0.4483625888824463, 0.48375388979911804, 0.021647745743393898, -0.21843303740024567, 0.9727792143821716, -0.07428854703903198, 0.43041184544563293, -0.04716777428984642, -0.47487497329711914, 5.5371785163879395, 0.7813476324081421, 2.1466290950775146, 0.040834907442331314, -0.430539608001709, 0.506108283996582, 0.02387753129005432, -0.22932352125644684, 0.9718425869941711, -0.04860517382621765, 0.4306430220603943, 0.014247515238821507, -0.4327746629714966, 1.5173273086547852, 0.08795236051082611, 3.0882184505462646, 0.05930589139461517, -0.42074617743492126, 0.5150473117828369, -0.26538175344467163, 0.362210214138031, 0.8883615732192993, -0.09586372971534729, 0.12447744607925415, 0.39601463079452515, -0.23669341206550598, -10.884567260742188, -6.238566875457764, -3.5094783306121826, -0.05898166447877884, -0.38401317596435547, 0.49675771594047546, 0.01690666377544403, -0.733923077583313, 0.6482248902320862, 0.20217683911323547, 0.47545358538627625, -0.19650869071483612, 0.22870081663131714, -3.0874741077423096, 0.30286118388175964, 7.251955032348633, -1.6628952026367188, 2.2742578983306885, -0.5815299153327942, -0.08428453654050827, -0.003522166982293129, 0.015713633969426155, -0.39366787672042847, 1.7976715564727783, -0.48493191599845886, -0.06519555300474167, -0.00044724089093506336, -0.005365944933146238, -1.4363055229187012, 2.9040000438690186, -1.1034308671951294, -0.03470836579799652, -0.00457817642018199, 0.016803063452243805, -0.9575443863868713, -0.06303548067808151, -0.3772704303264618, -0.011027151718735695, -0.0031678471714258194, 0.006090760231018066, -0.07550439983606339, -0.8266044855117798, -0.1540514975786209, 0.006650504190474749, 0.008464416489005089, 0.0065950658172369, -1.0, -0.798656702041626, -1.0, -0.8747147917747498, -1.0, -1.0, 0.16146990656852722, -1.0, 1.0, -1.0, -0.5289651155471802, 0.48182058334350586, -1.0, -0.387895405292511, 1.0, -0.22298741340637207, 0.6924571394920349, -0.15483325719833374, 0.24072906374931335, 0.08620408922433853]
[-0.16006362438201904, -0.346111923456192, -0.21118757128715515, -0.763316810131073, -0.3109038174152374, -0.23418745398521423, 0.0665329173207283, -0.4293622672557831, -0.47106724977493286, -0.4070231318473816, 0.23081856966018677, 0.08424060046672821, -0.5185692310333252, -0.6781416535377502, 0.27790123224258423, -0.7746796607971191, -0.8347004055976868, 0.5005013942718506, 0.5138394832611084, 0.07164853811264038, -0.3425373136997223, -0.5624027252197266, 0.23053063452243805, 0.44051599502563477, -0.4692554473876953, -0.07766847312450409, -0.037330348044633865, -0.29720327258110046, -0.9691706895828247, -0.26692646741867065, -0.2950427234172821, 0.21535880863666534, -0.9414729475975037, -0.28993362188339233, 0.156308114528656, 0.09529822319746017, 0.7827516794204712, 0.6152788996696472, -0.7148618102073669, -0.14310003817081451, 0.6907457709312439, 0.25203821063041687, 0.6952531933784485, -0.7293402552604675, 0.35444536805152893, -0.007323117461055517, 0.19200895726680756, -0.47851845622062683, -1.032302975654602, 5.2006378173828125, -0.04377063736319542, 0.19875267148017883, 0.037800975143909454, -0.004524084739387035, -0.1747787892818451, 0.42176634073257446, 0.14641085267066956, 0.03811084106564522, 0.1053696945309639, 0.22453001141548157, 0.09798730909824371, 0.05533621460199356, -0.124808169901371, -0.14605122804641724, -0.07140447199344635, -0.08507340401411057, -0.05827678367495537, -0.04097208380699158, -0.11005948483943939, -0.0824044942855835, 0.05773742496967316, 0.027778567746281624, -0.02067168988287449, -0.40210121870040894, 0.5060471296310425, -0.7160149216651917, -0.38940101861953735, -0.3420642018318176, -0.4676339328289032, 0.40469422936439514, -0.12402953952550888, 0.024679144844412804, 0.4969557225704193, -0.07349207252264023, 0.4529525935649872, 0.0, -0.38999998569488525, 0.47999998927116394, 0.012645297683775425, 0.2464054822921753, 0.9690790772438049, 0.0032153106294572353, 0.29668503999710083, -0.5755740404129028, 0.623580276966095, -0.437995582818985, 0.015112203545868397, -0.44931724667549133, 0.46564340591430664, 0.02930738776922226, -0.2707325220108032, 0.9513033032417297, -0.14445431530475616, 0.5320776104927063, -0.09792175889015198, -0.33455318212509155, 7.731744289398193, 2.242993116378784, 2.6961240768432617, 0.031266480684280396, -0.44796329736709595, 0.47916242480278015, 0.030923442915081978, -0.27035412192344666, 0.9574220180511475, -0.09641212970018387, 0.5754349231719971, -0.008460172452032566, -0.13810479640960693, 5.44858980178833, 0.6739840507507324, 3.7082090377807617, 0.04744057357311249, -0.42780765891075134, 0.5041553378105164, 0.026591602712869644, -0.19581279158592224, 0.9777700901031494, -0.07011225074529648, 0.3601164221763611, 0.2993132174015045, 0.07485798001289368, -7.052052021026611, -0.7744055986404419, 1.770487904548645, 0.06534223258495331, -0.41660773754119873, 0.513260543346405, -0.2738322615623474, 0.4232906997203827, 0.8581219911575317, -0.0973009392619133, 0.477609783411026, 0.26944220066070557, -0.16143673658370972, -5.289458751678467, -0.10523006319999695, 0.700892448425293, -0.05417318269610405, -0.3857370615005493, 0.4988898038864136, 0.03470362722873688, -0.7195216417312622, 0.6728480458259583, 0.16840332746505737, 0.29923301935195923, -0.07805826514959335, 0.1422821283340454, -2.6579623222351074, -2.1499948501586914, 3.3911337852478027, -0.3015531897544861, -0.11677560210227966, 1.148690104484558, -0.006275718100368977, -0.0014511093031615019, 0.001910088467411697, -1.0029127597808838, -1.445267677307129, 2.009584426879883, 0.01643182896077633, -0.0028582620434463024, 0.014592976309359074, 0.5755407214164734, -1.3986600637435913, 1.3231135606765747, 0.03435631841421127, 0.002847362542524934, -0.015656866133213043, -1.2219526767730713, 0.8363592028617859, -0.8694702386856079, -0.045731399208307266, -0.00596243841573596, 0.01388812530785799, 0.9306544065475464, 0.8680890798568726, -0.17088696360588074, -0.008589474484324455, 0.012888102792203426, 0.010385250672698021, -1.0, -0.11463198810815811, -0.30076226592063904, -1.0, -0.9049221277236938, -0.8908472061157227, -0.12633264064788818, -1.0, 1.0, 0.14263120293617249, 0.03348160162568092, -1.0, -1.0, -0.4474167227745056, 0.4974639117717743, -0.2739625871181488, -0.27666738629341125, -0.6718074083328247, 0.5008436441421509, 0.19375410676002502]
[-0.28743305802345276, -0.328471839427948, -0.25160276889801025, -0.8009412288665771, -0.4067249000072479, -0.2656855583190918, 0.009680289775133133, -0.43786412477493286, -0.5629196166992188, -0.4384191334247589, 0.31154507398605347, 0.1580173373222351, -0.41911330819129944, -0.5846689343452454, 0.10243935137987137, -0.8067517280578613, -0.7640587091445923, 0.5283382534980774, 0.5565868020057678, 0.02947927825152874, -0.37091463804244995, -0.5702219009399414, 0.30622202157974243, 0.43092989921569824, -0.4807495176792145, 0.2575012445449829, -0.23924694955348969, -0.3679693639278412, -0.8381163477897644, -0.2980450391769409, -0.20421214401721954, -0.22271864116191864, -0.7981780171394348, -0.28709670901298523, 0.4247070848941803, 1.01779043674469, 1.0024311542510986, 1.079910159111023, -0.85708087682724, -0.1307860016822815, 0.6323739886283875, 0.2598946988582611, 0.25078874826431274, -0.4139181077480316, -0.511863112449646, -0.0357993058860302, 0.6157597303390503, 0.11620290577411652, 0.13270409405231476, 3.6939711570739746, -0.04176926240324974, 0.2159418910741806, 0.07932572066783905, 0.02354252152144909, 0.03357730433344841, 0.1051650121808052, 0.03659014031291008, 0.010134930722415447, 0.03610923886299133, 0.4322754740715027, 0.16951534152030945, 0.07333172857761383, 0.26565098762512207, -0.0523059219121933, 0.10566584765911102, 0.005720525048673153, -0.01509849727153778, -0.0011247779475525022, -0.16954830288887024, -0.10531992465257645, 0.04888372868299484, 0.033746108412742615, -0.014189359731972218, -0.403683602809906, 0.5058026909828186, -0.6854705810546875, -0.43820005655288696, -0.33570268750190735, -0.47477829456329346, 0.3762291371822357, -0.07837190479040146, -0.01643069088459015, -1.6637722253799438, 0.5217645168304443, 1.2843880653381348, 0.0, -0.38999998569488525, 0.47999998927116394, 0.012645297683775425, 0.2464054822921753, 0.9690790772438049, 0.0032153106294572353, 0.3457311987876892, -0.544451117515564, 0.6223808526992798, -0.4434919059276581, 0.024104684591293335, -0.4492102265357971, 0.46356433629989624, 0.045012619346380234, -0.3258652985095978, 0.9292702674865723, -0.16805464029312134, 0.6190063953399658, -0.038629066199064255, -0.0783221423625946, 5.915332317352295, 1.8970637321472168, 3.738954782485962, 0.04031239077448845, -0.4473731815814972, 0.4788323938846588, 0.04177077114582062, -0.3138110637664795, 0.9404796361923218, -0.12359511852264404, 0.5806412100791931, -0.019759127870202065, -0.0030258139595389366, 5.1550679206848145, 1.0734801292419434, 3.373398780822754, 0.05262641981244087, -0.42154431343078613, 0.5097038745880127, 0.022977091372013092, -0.0865228921175003, 0.992872953414917, -0.07867012917995453, 0.24658411741256714, 0.726503849029541, 0.5561825633049011, -16.700885772705078, -2.209573745727539, 0.8597888350486755, 0.0738300308585167, -0.41194698214530945, 0.5130789875984192, -0.2706247568130493, 0.4533987045288086, 0.8404086828231812, -0.12208672612905502, 0.4936249256134033, 0.31882402300834656, 0.015377420000731945, -4.681334018707275, 0.8783810138702393, 2.1131556034088135, -0.05120474100112915, -0.38644281029701233, 0.4989180266857147, 0.015433345921337605, -0.7146478295326233, 0.6820855140686035, 0.1542711704969406, 0.10753530263900757, -0.01921921968460083, -0.04725824296474457, -0.8485592007637024, -3.080322742462158, -2.2574210166931152, -0.26841169595718384, -0.7853000164031982, 1.128688931465149, 0.011763019487261772, -0.001683719689026475, 0.0034431149251759052, 0.1513850837945938, -0.36280250549316406, 0.7466861605644226, 0.004692891612648964, 0.0007324301986955106, -0.0020123810973018408, 0.23013083636760712, -2.1683411598205566, 1.6528373956680298, 0.0408066101372242, 0.0007216149824671447, -0.004575337283313274, -0.3952621817588806, 0.705768346786499, 0.43723151087760925, -0.004511972423642874, 0.000939079443924129, 0.003190005896613002, 0.9408431649208069, 1.3136018514633179, -0.0885082334280014, -0.012591593898832798, 0.01869262382388115, 0.002647832501679659, -1.0, 0.10299728065729141, -0.6736569404602051, -1.0, -0.8672273755073547, -0.22254787385463715, -0.6082337498664856, -1.0, 1.0, 1.0, 0.23062194883823395, -0.9110633730888367, -1.0, -0.3815375864505768, 0.6835615634918213, -0.12134456634521484, -1.0, -0.7419219017028809, 0.9867149591445923, 0.6069177985191345]
[-0.40070462226867676, -0.326753705739975, -0.334911972284317, -0.8349369168281555, -0.43978530168533325, -0.28745290637016296, -0.03756736218929291, -0.49271929264068604, -0.5410743951797485, -0.45065584778785706, 0.4150363504886627, 0.28224456310272217, -0.34680017828941345, -0.47242042422294617, -0.030702466145157814, -0.8416286706924438, -0.6806354522705078, 0.5675973296165466, 0.5856490135192871, 0.004871868062764406, -0.4499337673187256, -0.5991407632827759, 0.4096136689186096, 0.4584958851337433, -0.38532590866088867, -0.14925140142440796, -0.21725066006183624, -0.36392447352409363, -0.021602146327495575, -0.09887538105249405, -0.22708044946193695, -0.5869460105895996, 0.7215378880500793, 0.0774165615439415, 0.42535027861595154, 1.2093602418899536, 0.4906724989414215, 0.9023426175117493, -0.4820224940776825, -0.14518623054027557, 0.8462562561035156, 0.42034268379211426, 0.35249418020248413, -0.24235807359218597, -0.6118196845054626, -0.09735431522130966, 0.6468502879142761, 0.32600417733192444, 2.549123764038086, -4.337019443511963, 0.2297702133655548, -0.32195669412612915, -0.044636037200689316, 0.0049988809041678905, 0.06616390496492386, -0.31666749715805054, -0.0009168544784188271, 0.029164984822273254, 0.03722256422042847, -0.1787331998348236, -0.09158237278461456, -0.04664446413516998, -0.07404780387878418, 0.13848574459552765, -0.01939903385937214, 0.021696865558624268, 0.017476942390203476, 0.032584041357040405, -0.25163379311561584, -0.13415411114692688, 0.001468402799218893, 0.0051771290600299835, -0.00801005493849516, -0.40486231446266174, 0.5035548210144043, -0.6355413794517517, -0.500868022441864, -0.31929776072502136, -0.4932212233543396, 0.371162086725235, -0.07202843576669693, -0.18119291961193085, -1.4431551694869995, 0.3390823304653168, 1.171109676361084, 0.0, -0.38999998569488525, 0.47999998927116394, 0.012645297683775425, 0.2464054822921753, 0.9690790772438049, 0.0032153106294572353, 0.41089746356010437, -0.4919303059577942, 0.6272109150886536, -0.4424639046192169, 0.032872337847948074, -0.4476787745952606, 0.46133869886398315, 0.05815214663743973, -0.35622185468673706, 0.911559522151947, -0.1969350129365921, 0.4723926782608032, 0.0965130478143692, -0.2755666673183441, 3.0110249519348145, 0.9340177774429321, 3.0562644004821777, 0.04819677770137787, -0.44603967666625977, 0.47649678587913513, 0.05009935423731804, -0.3291062116622925, 0.9313347339630127, -0.14763006567955017, 0.45463842153549194, 0.12922005355358124, -0.2343442440032959, -0.21778196096420288, -0.3568751811981201, 3.0165395736694336, 0.05652972683310509, -0.41358616948127747, 0.5149286389350891, 0.018376512452960014, 0.03580067306756973, 0.9958552122116089, -0.0815659761428833, 0.1837841123342514, 0.6470701694488525, 0.15525023639202118, -12.295421600341797, -1.30955970287323, 0.44707873463630676, 0.08010956645011902, -0.4068608283996582, 0.5130153298377991, -0.27435705065727234, 0.4864594042301178, 0.8176698088645935, -0.13964758813381195, 0.27194568514823914, 0.3215448558330536, -0.12904851138591766, -5.306159496307373, -1.6928446292877197, 0.6692579388618469, -0.0492054782807827, -0.38679856061935425, 0.4959169924259186, -0.016819290816783905, -0.7236670851707458, 0.6714206337928772, 0.15879930555820465, 0.04744439944624901, -0.00011387583799660206, -0.3060080409049988, 2.337484121322632, -1.9347774982452393, -3.823345899581909, 1.2684211730957031, 0.3577972650527954, -1.3565678596496582, 0.010365840047597885, 0.00664693396538496, -0.010692677460610867, 0.4119916260242462, -0.053639791905879974, -1.131977915763855, 0.028360389173030853, 0.0009437057888135314, -0.0001722953311400488, 0.3325873613357544, 1.0176875591278076, -1.3715440034866333, -0.03137914836406708, -0.0008912517223507166, -0.0016174709890037775, 1.0729624032974243, -0.5043252110481262, 0.07152882218360901, 0.009912065230309963, -0.0017321942141279578, -0.009375271387398243, 0.1600155085325241, 1.8437824249267578, 0.1264166384935379, -0.01291958149522543, 0.0026168874464929104, -0.007573777809739113, -0.7330074310302734, -0.7043218612670898, -1.0, -1.0, -0.31540846824645996, -0.24219445884227753, -1.0, 0.1469402015209198, 1.0, 1.0, -0.1644551306962967, -0.48457974195480347, -1.0, -0.13492798805236816, 0.8459372520446777, -0.07746881246566772, -1.0, -0.9383437633514404, 1.0, 0.6901503801345825]
[-0.5009887218475342, -0.37788575887680054, -0.38686251640319824, -0.869798481464386, -0.39652201533317566, -0.28454315662384033, -0.14324600994586945, -0.5546479225158691, -0.41184481978416443, -0.4229125380516052, 0.5111405849456787, 0.3253452181816101, -0.34384870529174805, -0.4159279465675354, -0.05261685326695442, -0.8737857937812805, -0.5818259119987488, 0.624639630317688, 0.6368141174316406, -0.016280891373753548, -0.5229024291038513, -0.6472850441932678, 0.5071490406990051, 0.48643288016319275, -0.3656267821788788, -0.4998825192451477, -0.3014615476131439, -0.2515953481197357, 0.6181830763816833, 0.1310025006532669, -0.5281433463096619, -0.6113077998161316, 1.4407552480697632, 0.39663028717041016, 0.3767542541027069, -0.060715723782777786, -0.23137669265270233, 0.1755143404006958, 0.10920325666666031, -0.12204080075025558, 0.9541556239128113, 0.5862265825271606, 0.5977957844734192, -0.2671922445297241, -0.4847409725189209, -0.13226698338985443, 0.574651837348938, 0.22181697189807892, 0.7478693127632141, -3.61116361618042, -0.015209374018013477, -0.17584137618541718, -0.007957234978675842, 0.013995747081935406, -0.026667878031730652, -0.24593636393547058, -0.03565158322453499, 0.0059591298922896385, 0.00020324386423453689, -0.5103076696395874, -0.24261975288391113, -0.11414602398872375, 0.029972687363624573, 0.08515140414237976, 0.02402770332992077, 0.02549024485051632, 0.0174751915037632, 0.01730947010219097, -0.11410679668188095, -0.05718443915247917, -0.01934276707470417, -0.009677126072347164, -0.0018227833788841963, -0.406063050031662, 0.49848973751068115, -0.5834681391716003, -0.55450838804245, -0.3042944073677063, -0.5094017386436462, 0.371162086725235, -0.07202843576669693, -0.3447256088256836, -1.4588940143585205, 0.24726502597332, 1.1351913213729858, 0.0, -0.38999998569488525, 0.47999998927116394, 0.012645297683775425, 0.2464054822921753, 0.9690790772438049, 0.0032153106294572353, 0.46694818139076233, -0.43784239888191223, 0.6294299960136414, -0.440535306930542, 0.039572421461343765, -0.4448501169681549, 0.4555371105670929, 0.06470902264118195, -0.3649929463863373, 0.9024410247802734, -0.219528928399086, 0.4200941324234009, 0.22795484960079193, -0.4008789360523224, 0.27180957794189453, -0.7069542407989502, 3.1612439155578613, 0.05589979887008667, -0.44273456931114197, 0.4706159234046936, 0.05125240609049797, -0.30759477615356445, 0.9326158761978149, -0.18162135779857635, 0.4679160714149475, 0.29461386799812317, -0.4130702316761017, -3.080674886703491, -2.2019169330596924, 4.249690532684326, 0.06065039709210396, -0.4107144773006439, 0.5123960375785828, 0.023609761148691177, 0.06233654543757439, 0.9943201541900635, -0.08296990394592285, 0.2874562442302704, -0.03606948256492615, -0.34424254298210144, 2.745394229888916, 1.469101071357727, 0.050810448825359344, 0.08278431743383408, -0.40188124775886536, 0.5119091272354126, -0.2926223576068878, 0.532784640789032, 0.7826192378997803, -0.1342373639345169, 0.07021959871053696, 0.3276635408401489, -0.2124500870704651, -6.436759948730469, -5.408323764801025, -1.0489394664764404, -0.047315292060375214, -0.38694798946380615, 0.4905973970890045, -0.040626224130392075, -0.7425792813301086, 0.6466469764709473, 0.16962622106075287, 0.0746345967054367, 0.01968296803534031, -0.41925856471061707, 3.8897829055786133, -0.9607962369918823, -3.0054879188537598, -0.05505354702472687, 0.007145949639379978, -0.7444819211959839, 0.014102937653660774, -8.044624701142311e-05, 0.00305290543474257, -0.11616457253694534, 0.3103771209716797, -1.0170612335205078, 0.010614786297082901, -0.0008793813176453114, 0.0038559860549867153, 0.015071393921971321, 2.7795984745025635, -2.4931752681732178, -0.07245204597711563, -0.0005617649294435978, 0.0012026553740724921, 0.8167231678962708, -0.30632075667381287, 0.24476182460784912, 0.01288037933409214, -0.0007711128564551473, -0.010179904289543629, -0.2820546627044678, 0.7809727787971497, 0.12447205185890198, -0.004354276228696108, -0.005164249800145626, -0.0050027621909976006, -0.9750385284423828, -1.0, -0.8810776472091675, -1.0, 0.07805384695529938, -0.9774671196937561, -0.9598124623298645, 0.5586829781532288, 1.0, -0.027032963931560516, -0.6442186236381531, 0.30422642827033997, -1.0, 0.016639262437820435, 1.0, -0.13571158051490784, -0.8928459286689758, -1.0, 1.0, 0.6002779006958008]
[-0.5958304405212402, -0.45634785294532776, -0.47130754590034485, -0.8920066356658936, -0.3440132141113281, -0.267459511756897, -0.27381277084350586, -0.5909573435783386, -0.2610427737236023, -0.3736376166343689, 0.5917356610298157, 0.21969915926456451, -0.4073781669139862, -0.4193864166736603, -0.02096170000731945, -0.8988962769508362, -0.4882733225822449, 0.685813307762146, 0.7073118090629578, -0.0776033103466034, -0.5714156627655029, -0.7021377086639404, 0.5892818570137024, 0.5404482483863831, -0.356749027967453, -0.5861040949821472, -0.3699375092983246, -0.1849365085363388, 0.4135550558567047, 0.15676306188106537, -0.5383943915367126, -0.18703357875347137, 1.3700984716415405, 0.585620105266571, 0.2779083251953125, -1.4688938856124878, -0.7889562249183655, -0.16977138817310333, 0.16367894411087036, -0.08994459360837936, 0.8156855702400208, 0.5535827875137329, 0.6865216493606567, -1.0140084028244019, -0.2779141962528229, -0.1359819918870926, 0.47558364272117615, 0.6434298157691956, -0.11099657416343689, -0.515145480632782, -0.005745559465140104, -0.027747033163905144, -0.023594507947564125, -0.009121060371398926, 0.007081073708832264, 0.0716271847486496, 0.022570807486772537, 0.01766483299434185, -0.02658816985785961, -0.35905852913856506, -0.18751904368400574, -0.0776078924536705, -0.033635254949331284, 0.010265480726957321, -0.04714857414364815, -0.016376202926039696, -0.003342570038512349, -0.07811765372753143, 0.043328892439603806, 0.02835976891219616, 0.008226684294641018, 0.011183207854628563, 0.00377476355060935, -0.40749305486679077, 0.4905293583869934, -0.5168101191520691, -0.6132484674453735, -0.27515771985054016, -0.5302091836929321, 0.17110590636730194, -0.15532799065113068, -0.5701667070388794, -4.180963039398193, 1.152814269065857, 1.6182879209518433, 0.0, -0.38999998569488525, 0.47999998927116394, 0.012645297683775425, 0.2464054822921753, 0.9690790772438049, 0.0032153106294572353, 0.5315288305282593, -0.36867576837539673, 0.6325200796127319, -0.42599740624427795, 0.046094682067632675, -0.4406926929950714, 0.4481780230998993, 0.06821456551551819, -0.3683164417743683, 0.893687903881073, -0.24700535833835602, 0.40915247797966003, 0.27337396144866943, -0.46930548548698425, 1.310117244720459, -0.5526466965675354, 3.3884024620056152, 0.0630272626876831, -0.43787622451782227, 0.46393337845802307, 0.0443669818341732, -0.26878565549850464, 0.9367610216140747, -0.21969184279441833, 0.38494324684143066, 0.39606571197509766, -0.32578611373901367, -4.88385009765625, -3.709561824798584, 3.994063138961792, 0.06546438485383987, -0.4149726629257202, 0.5018297433853149, 0.039963942021131516, -0.02630068175494671, 0.9953683018684387, -0.08338474482297897, 0.3542632758617401, -0.5860589146614075, -0.8009153008460999, 14.495141983032227, 3.533430576324463, -0.3867865204811096, 0.08389940112829208, -0.39730870723724365, 0.5095675587654114, -0.31475400924682617, 0.580253005027771, 0.7422325015068054, -0.11544335633516312, 0.07155811041593552, 0.28638026118278503, -0.28862622380256653, -5.542909145355225, -5.351377010345459, -1.4651228189468384, -0.04572797194123268, -0.3865099549293518, 0.4847966730594635, -0.07873814553022385, -0.7568386197090149, 0.6232903003692627, 0.1802905648946762, 0.02129364013671875, 0.07780855894088745, -0.38392966985702515, 1.8072893619537354, -2.9691030979156494, -5.330488681793213, -0.025987278670072556, 0.24166229367256165, -0.20286546647548676, -0.0054961261339485645, -3.407800704735564e-06, 0.0006299501401372254, 0.07587261497974396, -0.4021252989768982, 0.17263469099998474, 0.011632954701781273, 0.000368644658010453, -0.0009184195660054684, -0.09192118048667908, 2.1568901538848877, -1.5394914150238037, -0.04525454342365265, 0.0013205907307565212, 0.003827082458883524, 0.11747144162654877, -0.1664535105228424, -0.27525442838668823, -0.005839372053742409, -0.0013711887877434492, -0.0010438605677336454, 0.3129456043243408, -0.24846407771110535, -0.024182552471756935, 0.0046307677403092384, 0.0061760758981108665, 0.011256969533860683, -1.0, -1.0, -1.0, -1.0, -0.13845443725585938, -1.0, -0.6191808581352234, 0.5389572978019714, 1.0, -1.0, -1.0, 0.1702115684747696, -1.0, -0.03051982820034027, 1.0, -0.6373924016952515, -0.7337074875831604, -1.0, 1.0, 1.0]
[-0.6832658052444458, -0.5381589531898499, -0.505997896194458, -0.9280058741569519, -0.35266926884651184, -0.2599610984325409, -0.30832794308662415, -0.6549741625785828, -0.1537865847349167, -0.2759897708892822, 0.6484368443489075, 0.13121961057186127, -0.49877864122390747, -0.4459945559501648, -0.009011690504848957, -0.9179019331932068, -0.4449460208415985, 0.7159078121185303, 0.7677791118621826, -0.18283778429031372, -0.5676028728485107, -0.7610650062561035, 0.6533377766609192, 0.610439121723175, -0.30421218276023865, -0.5819934010505676, 0.09952058643102646, -0.624332070350647, -0.3358662724494934, -0.023968437686562538, 0.05492572858929634, -0.6936802864074707, 0.7708106637001038, 1.0664219856262207, 0.17716239392757416, -0.3758434057235718, -0.8645928502082825, -0.2881409227848053, -0.016158198937773705, -0.07217007875442505, 0.1737329661846161, 0.12800918519496918, 0.395104318857193, -1.44093656539917, 0.061701275408267975, -0.2154332846403122, 0.32265034317970276, 0.6466937065124512, 1.484899640083313, -0.04267936572432518, 0.30135011672973633, -0.30375543236732483, -0.17121437191963196, -0.06964167207479477, 0.1285136193037033, 0.10649978369474411, 0.008458169177174568, 0.008182968944311142, -0.013917455449700356, 0.22202357649803162, 0.09482420980930328, 0.03135192394256592, -0.07151723653078079, 0.028345737606287003, -0.1552581787109375, -0.07271727919578552, -0.03583138808608055, -0.04866166412830353, -0.002018916653469205, -0.02673368901014328, 0.008807772770524025, -0.0012779474491253495, 0.0057818046770989895, -0.4102895259857178, 0.4799797236919403, -0.5429926514625549, -0.5747145414352417, -0.3591454029083252, -0.4958595335483551, 0.13248229026794434, -0.16671691834926605, -0.4844207763671875, 3.7731189727783203, -0.5742153525352478, -0.0009137079468928277, 0.0, -0.38999998569488525, 0.47999998927116394, 0.012645297683775425, 0.2464054822921753, 0.9690790772438049, 0.0032153106294572353, 0.4729728102684021, -0.4013266861438751, 0.6059012413024902, -0.4981137812137604, 0.05096704512834549, -0.43657389283180237, 0.43870115280151367, 0.07934079319238663, -0.4022231698036194, 0.8736128807067871, -0.2621486485004425, 0.24722319841384888, 0.1655159294605255, -0.7804363965988159, 6.827688217163086, 3.817931652069092, 1.4036883115768433, 0.06780979782342911, -0.4337676167488098, 0.4548078179359436, 0.037502411752939224, -0.23960742354393005, 0.940160870552063, -0.23933078348636627, 0.19520772993564606, 0.2569733262062073, -0.5811631679534912, -2.385249376296997, -1.4860928058624268, 1.0078705549240112, 0.06975150853395462, -0.41798368096351624, 0.4903811514377594, 0.05773792043328285, -0.1285536140203476, 0.9864431023597717, -0.08408445119857788, 0.26533374190330505, -0.19723297655582428, -0.6373607516288757, 10.032364845275879, 2.8157997131347656, -0.009701985865831375, 0.08649666607379913, -0.39430829882621765, 0.5049634575843811, -0.3281385600566864, 0.5974034070968628, 0.7238699197769165, -0.10698825120925903, 0.19444064795970917, 0.12380408495664597, -0.34597885608673096, 0.0034693777561187744, -0.845758318901062, 0.644747257232666, -0.04441303759813309, -0.38573122024536133, 0.4805161952972412, -0.13211531937122345, -0.7584667205810547, 0.6108589768409729, 0.18472974002361298, 0.0028219535015523434, 0.09738532453775406, -0.3018500804901123, 0.33551910519599915, -4.350348949432373, -5.396915435791016, 1.6253907680511475, 1.8045954704284668, -1.5031932592391968, -0.042572733014822006, 0.008226525969803333, -0.017835073173046112, 0.7386971116065979, -0.22522521018981934, 0.2857624888420105, 0.004804590716958046, 0.0016546492697671056, -0.007993750274181366, 0.1089787557721138, -1.0386435985565186, 0.7066075801849365, 0.015772266313433647, 0.0015874914824962616, 0.0044652484357357025, 0.1618598997592926, -0.10180526226758957, -0.9187972545623779, -0.03735846281051636, -0.0021980933379381895, 0.0022819526493549347, 0.15947453677654266, 0.4674352705478668, 0.10919979959726334, -0.004438195377588272, -0.003829540219157934, 0.00560735771432519, -1.0, -1.0, -1.0, -1.0, -0.6984207034111023, -1.0, -0.5069875121116638, 0.5900272727012634, 1.0, -1.0, -1.0, -0.1625945121049881, -1.0, -0.4787948727607727, 0.7040640115737915, -0.8906283378601074, -0.25336509943008423, -1.0, 0.9515811204910278, 1.0]
[-0.7550287246704102, -0.6210052371025085, -0.4855633080005646, -0.963940441608429, -0.40843501687049866, -0.27195441722869873, -0.27034372091293335, -0.666367769241333, -0.1754535436630249, -0.20501084625720978, 0.6752106547355652, 0.08762671798467636, -0.5830175280570984, -0.4758133292198181, 0.028272265568375587, -0.9340125918388367, -0.4100304841995239, 0.7457788586616516, 0.7970216870307922, -0.232712522149086, -0.5023710131645203, -0.8550379872322083, 0.6547045111656189, 0.6747934818267822, -0.24204719066619873, -0.5702764987945557, 0.058015283197164536, -0.17791207134723663, -0.6067975759506226, -0.17112013697624207, 0.17498265206813812, 0.19020168483257294, -0.7302437424659729, 0.139938622713089, 0.12491854280233383, -0.40444931387901306, -0.7050018906593323, -0.2650681138038635, 0.2807720899581909, -0.06119761988520622, 0.4068419933319092, 0.35646018385887146, 0.2667306363582611, -0.17427901923656464, 0.7292273044586182, -0.21196523308753967, -0.1459345668554306, 0.5675929188728333, 1.5543676614761353, 0.647720992565155, 0.04248026758432388, 0.1478269398212433, 0.043651945888996124, 0.00903133675456047, 0.04805167764425278, 0.3311544954776764, 0.02804786153137684, -0.0463026762008667, 0.0411858968436718, 0.0166779737919569, 0.02404371276497841, 0.010806258767843246, 0.23709902167320251, 0.03650942072272301, 0.13352440297603607, 0.0333096906542778, 0.007055003196001053, 0.13183435797691345, 0.33818745613098145, 0.19225293397903442, -0.061683811247348785, -0.026141377165913582, 0.008370138704776764, -0.4132663905620575, 0.4737621247768402, -0.5421074032783508, -0.5888635516166687, -0.38167959451675415, -0.46225520968437195, 0.1658371537923813, -0.1761019080877304, -0.30299991369247437, -1.4974889755249023, 0.7955552935600281, 1.3441303968429565, 0.0, -0.38999998569488525, 0.47999998927116394, 0.012645297683775425, 0.2464054822921753, 0.9690790772438049, 0.0032153106294572353, 0.4807097017765045, -0.40850964188575745, 0.5728664994239807, -0.5233182907104492, 0.05352148413658142, -0.4326806366443634, 0.4282900393009186, 0.09717924892902374, -0.458305299282074, 0.8435086011886597, -0.26268908381462097, 0.1725778579711914, 0.1891017109155655, -0.6556286215782166, 6.586489200592041, 3.8120877742767334, 1.319749355316162, 0.07049340009689331, -0.4309619665145874, 0.4461599886417389, 0.04150474816560745, -0.2485630214214325, 0.9367810487747192, -0.24276533722877502, 0.16885074973106384, 0.09197705239057541, -0.49511709809303284, 4.213262557983398, 2.4542205333709717, 0.522459864616394, 0.07314234972000122, -0.41867685317993164, 0.48022350668907166, 0.07357833534479141, -0.21109309792518616, 0.970852792263031, -0.08643363416194916, 0.2051185965538025, -0.14154064655303955, -0.6611581444740295, 9.192484855651855, 2.778714418411255, -0.08252570033073425, 0.08789614588022232, -0.3917980194091797, 0.500615119934082, -0.33925992250442505, 0.6053716540336609, 0.7134197950363159, -0.09726312756538391, 0.018992606550455093, 0.1659071445465088, -0.25174766778945923, -1.6472030878067017, -3.056835412979126, -0.8977895975112915, -0.04221620783209801, -0.3859943747520447, 0.4787873923778534, -0.14932765066623688, -0.757669985294342, 0.6046226024627686, 0.19511263072490692, 0.13872283697128296, -0.046151429414749146, 0.023933229967951775, -0.07607730478048325, 1.8889579772949219, -0.9231954216957092, 0.2445458620786667, -0.46816158294677734, 0.47840118408203125, 0.002008911920711398, 0.0006308292504400015, 5.9946502005914226e-05, 0.31905776262283325, 0.3406813442707062, 1.102243185043335, -0.04119245707988739, 0.0007164425915107131, -0.0009834787342697382, 0.3810165524482727, -0.2010069489479065, 0.20117773115634918, 0.007791154086589813, 0.0008675327990204096, -0.0025389366783201694, 0.36667320132255554, 0.5697926878929138, 0.5057625770568848, 0.01560189388692379, -0.001986370189115405, -0.003332901746034622, -0.8746626973152161, -2.596602439880371, 0.042870573699474335, 0.017957249656319618, -0.012146780267357826, -0.0227954238653183, -1.0, -0.9906162619590759, -0.4650146961212158, -1.0, -0.806060791015625, -1.0, 0.42376846075057983, -0.5526625514030457, 1.0, -1.0, -1.0, 0.5559526085853577, -1.0, -0.10386359691619873, 1.0, -0.123223215341568, 0.41462644934654236, -1.0, 0.41134706139564514, 0.9986253380775452]
[-0.8095169067382812, -0.6491906046867371, -0.4642784595489502, -0.980476438999176, -0.4867556393146515, -0.29509860277175903, -0.2452959567308426, -0.6730136275291443, -0.2726116180419922, -0.22037161886692047, 0.6974353194236755, 0.058430612087249756, -0.6487680673599243, -0.5010406970977783, -0.03321588411927223, -0.9437357187271118, -0.35093143582344055, 0.7162185907363892, 0.8116704225540161, -0.22727340459823608, -0.44755780696868896, -0.9193764925003052, 0.6480891704559326, 0.7242444753646851, -0.17971034348011017, 0.045123811811208725, 0.08928519487380981, -0.13641305267810822, -0.7790267467498779, -0.2500123679637909, -0.01603400520980358, -0.0170102808624506, -0.9177581667900085, -0.2764381468296051, 0.08705728501081467, -0.34946367144584656, -0.5511935949325562, -0.2103223353624344, -0.5858058333396912, -0.0324111133813858, 0.6101601719856262, -0.6067480444908142, -0.05404514819383621, 0.19161739945411682, 0.2287699431180954, -0.12533298134803772, 0.017830543220043182, 0.3997567594051361, 1.4081950187683105, 6.650076866149902, 0.037009432911872864, 0.4426085352897644, 0.13874563574790955, 0.03622168302536011, -0.047219209372997284, 0.49371466040611267, 0.1576865017414093, 0.03376760333776474, 0.046209029853343964, 0.22344136238098145, 0.07265327870845795, 0.021467367187142372, 0.14413757622241974, -0.06662461161613464, 0.06690984964370728, -0.06977275758981705, -0.04629160836338997, -0.0019277322571724653, 0.09040016680955887, 0.04726044833660126, 0.027496829628944397, 0.003337407950311899, 0.010944005101919174, -0.41711458563804626, 0.4708283245563507, -0.5085468292236328, -0.6229264140129089, -0.3886992037296295, -0.4497283697128296, 0.1427939236164093, -0.2704343795776367, -0.08140575885772705, -0.6754263639450073, -0.03527462109923363, 1.1561495065689087, 0.0, -0.38999998569488525, 0.47999998927116394, 0.012645297683775425, 0.2464054822921753, 0.9690790772438049, 0.0032153106294572353, 0.5119391679763794, -0.3790942132472992, 0.5520042181015015, -0.5380494594573975, 0.05566878244280815, -0.4306879937648773, 0.4233843982219696, 0.11416685581207275, -0.5032702088356018, 0.8159788250923157, -0.2605060636997223, 0.16607119143009186, 0.022062480449676514, -0.18434454500675201, 4.586619853973389, 3.254716634750366, 0.9528299570083618, 0.07313341647386551, -0.42986688017845154, 0.4414401054382324, 0.057410530745983124, -0.29941436648368835, 0.9206857085227966, -0.24370628595352173, 0.22704383730888367, -0.026530921459197998, -0.1316833794116974, 5.10503625869751, 2.799433708190918, 1.2097030878067017, 0.07560212165117264, -0.418843150138855, 0.47543129324913025, 0.08316618949174881, -0.26329654455184937, 0.957175612449646, -0.08702422678470612, 0.1455683410167694, -0.09651854634284973, -0.17202621698379517, 5.0963358879089355, 1.2772403955459595, -0.1211998388171196, 0.09039825201034546, -0.389535129070282, 0.4989880323410034, -0.3412134051322937, 0.6042007803916931, 0.7121299505233765, -0.10670331120491028, 0.19428162276744843, 0.10346855968236923, 0.01903175376355648, 0.6058669090270996, 2.6019163131713867, 2.2876079082489014, -0.039759885519742966, -0.386863112449646, 0.47952747344970703, -0.14631688594818115, -0.7534154057502747, 0.6059333086013794, 0.20928774774074554, 0.12287997454404831, -0.04625319689512253, 0.09819427877664566, -0.3911541700363159, 1.388344168663025, -0.7493768930435181, 0.19519969820976257, -1.615506887435913, 1.8729530572891235, 0.011989083141088486, -0.0009907358326017857, -0.0015246357070282102, -0.2215128391981125, -1.1648348569869995, 2.6298584938049316, 0.01629508286714554, -0.0010102565865963697, 0.00634009949862957, 0.5114306807518005, -0.6154719591140747, 1.659827470779419, 0.012235288508236408, 0.004162284545600414, -0.0008216879796236753, -0.7996935248374939, 1.2114837169647217, -0.5861669182777405, -0.028119349852204323, 0.004501143470406532, 0.012690355069935322, 0.2828759551048279, -0.7086247205734253, -0.0013882261700928211, 0.0011468693846836686, -0.0011886097490787506, 0.004274009261280298, -1.0, -0.19626390933990479, -0.3422296345233917, -1.0, -0.9561968445777893, -1.0, -0.19156894087791443, -0.6576610207557678, 1.0, -0.5963600873947144, -1.0, -1.0, -1.0, 0.04710519313812256, 0.1809808909893036, -0.09573003649711609, -0.2884594202041626, -1.0, 0.7285574674606323, 0.9400233626365662]
[-0.8502675294876099, -0.6208231449127197, -0.4651666283607483, -0.9917557239532471, -0.5696237087249756, -0.32281920313835144, -0.2930300533771515, -0.6700679063796997, -0.3561772406101227, -0.2503499686717987, 0.7234101891517639, 0.08251862972974777, -0.7012643218040466, -0.5214594006538391, -0.1748669594526291, -0.9514986276626587, -0.2824729084968567, 0.6386767029762268, 0.7938095331192017, -0.20366069674491882, -0.4520393908023834, -0.9472357034683228, 0.6612638831138611, 0.7668482065200806, -0.13568605482578278, 0.30825838446617126, -0.05381894111633301, -0.08155292272567749, -0.7552059292793274, -0.2650934159755707, -0.3547137677669525, 0.136402428150177, -0.664325475692749, -0.260636568069458, 0.1454474776983261, 0.46495047211647034, -0.4537810981273651, -0.17440588772296906, -0.6858647465705872, -0.032727718353271484, 0.6428613066673279, -0.7729580998420715, -0.22934694588184357, 0.3410327136516571, -0.17313902080059052, -0.042106565088033676, 0.11478147655725479, 0.38997000455856323, 1.0290508270263672, 2.931750774383545, -0.0052086119540035725, 0.21162636578083038, 0.07932185381650925, 0.024358894675970078, -0.07834260165691376, 0.2633034586906433, 0.11430943012237549, 0.03826800733804703, 0.055390506982803345, 0.3301939368247986, 0.13457491993904114, 0.04668892174959183, 0.24465806782245636, -0.007476458325982094, 0.08978144824504852, -0.006847753655165434, -0.011098774150013924, -0.010047541931271553, -0.0288819819688797, -0.011392091400921345, 0.022488679736852646, 0.006094570271670818, 0.013084856793284416, -0.4217490553855896, 0.46970701217651367, -0.4581334888935089, -0.6420157551765442, -0.4124634265899658, -0.45585453510284424, 0.13421283662319183, -0.2976527214050293, -0.04268641769886017, -2.1055681705474854, -1.0341929197311401, 1.6085611581802368, 0.0, -0.38999998569488525, 0.47999998927116394, 0.012645297683775425, 0.2464054822921753, 0.9690790772438049, 0.0032153106294572353, 0.5248221755027771, -0.3284911513328552, 0.5452010035514832, -0.5651649236679077, 0.058340586721897125, -0.43057504296302795, 0.42369386553764343, 0.1291148066520691, -0.5339416861534119, 0.7938286662101746, -0.2609051465988159, 0.20153740048408508, -0.02965393103659153, 0.055624641478061676, 3.2354700565338135, 2.269998073577881, 1.3212416172027588, 0.07689043879508972, -0.4295520782470703, 0.4426952600479126, 0.06766214221715927, -0.3309839069843292, 0.9058824777603149, -0.2554374933242798, 0.2850560247898102, 0.0029926435090601444, 0.18720115721225739, 2.3441333770751953, 0.6088681221008301, 2.433316469192505, 0.0774552971124649, -0.4181518852710724, 0.47826507687568665, 0.08464743196964264, -0.2731393873691559, 0.9542464017868042, -0.08742733299732208, 0.08909540623426437, 0.0778079703450203, 0.3322133719921112, -0.7460187673568726, -0.17563927173614502, -0.06000305712223053, 0.09413443505764008, -0.3875083923339844, 0.5001115798950195, -0.3354978859424591, 0.5893028974533081, 0.7221601009368896, -0.1365579515695572, 0.19014111161231995, 0.09291941672563553, 0.16621074080467224, 0.6121991872787476, 3.4421615600585938, 2.710817337036133, -0.03781388700008392, -0.38754913210868835, 0.48056668043136597, -0.14744316041469574, -0.7498933672904968, 0.60520339012146, 0.22282108664512634, 0.08209983259439468, -0.023622995242476463, 0.06556659936904907, 0.11039521545171738, 1.0132567882537842, -1.3588796854019165, -0.02255365438759327, -0.9711905717849731, 0.8424468040466309, 0.009791037067770958, -0.0014725829241797328, 0.0011285063810646534, -0.407659113407135, -1.1048760414123535, 1.3946962356567383, 0.021694868803024292, -0.0015626555541530252, 0.008338981308043003, 0.444260835647583, -1.5723135471343994, 1.3327138423919678, 0.023104222491383553, 0.0024409464094787836, -0.0037667211145162582, -0.11078688502311707, 0.7456637620925903, 0.03313222527503967, 8.61833686940372e-05, 0.0010138173820450902, 0.00176801229827106, 0.304639607667923, 0.1102997437119484, 0.06607377529144287, -0.0023508318699896336, 0.0012203373480588198, 0.002316469559445977, -1.0, -0.1571437418460846, -0.5963775515556335, -1.0, -1.0, -1.0, -0.47019657492637634, -0.6760496497154236, 1.0, 0.5309730768203735, -0.9366894960403442, -0.971733033657074, -1.0, 0.11882992088794708, 0.15306314826011658, -0.03391598165035248, -0.6790426969528198, -1.0, 0.7937021255493164, 1.0]
[-0.8827582597732544, -0.5998159646987915, -0.5141989588737488, -0.9940310120582581, -0.6428536176681519, -0.36968517303466797, -0.390947163105011, -0.6876956820487976, -0.39103060960769653, -0.26961037516593933, 0.7624362707138062, 0.15749338269233704, -0.7376567721366882, -0.5368227958679199, -0.25832992792129517, -0.9608622193336487, -0.20086044073104858, 0.554497480392456, 0.7669155597686768, -0.16707539558410645, -0.47261956334114075, -0.9571198225021362, 0.6834535002708435, 0.8054548501968384, -0.11265238374471664, 0.045075349509716034, -0.2827005088329315, 0.005361709278076887, -0.6366544961929321, -0.6245630383491516, -0.4300663471221924, -0.3288407623767853, -0.14514485001564026, -0.10739672183990479, 0.1680462658405304, 0.8150032162666321, -0.2707672715187073, -0.11629020422697067, -0.218156099319458, -0.03922353312373161, 0.8161161541938782, -0.7766656279563904, -0.26306721568107605, 0.5087060928344727, -0.13725130259990692, -0.016151247546076775, 0.14805251359939575, 0.3387937545776367, 0.5894007682800293, -2.844403028488159, -0.037391290068626404, -0.16762256622314453, -0.04182124510407448, -0.024704599753022194, 0.015990562736988068, -0.30090752243995667, -0.06735991686582565, -0.009156502783298492, 0.00668228417634964, -0.07273518294095993, -0.0005250127287581563, 0.006421179976314306, 0.049880314618349075, 0.05178778991103172, 0.04038981720805168, 0.024929910898208618, 0.006309015676379204, 0.020705079659819603, -0.10366344451904297, -0.04679511487483978, 0.005054713226854801, -0.00017764631775207818, 0.015361478552222252, -0.42650848627090454, 0.46696749329566956, -0.36945226788520813, -0.6714228391647339, -0.4157978296279907, -0.4897024631500244, 0.13710035383701324, -0.28936395049095154, -0.21062852442264557, -1.6569900512695312, -1.1522096395492554, 1.3589441776275635, 0.0, -0.38999998569488525, 0.47999998927116394, 0.012645297683775425, 0.2464054822921753, 0.9690790772438049, 0.0032153106294572353, 0.553211510181427, -0.23426403105258942, 0.5557681918144226, -0.5746296048164368, 0.06140044704079628, -0.4297703206539154, 0.4241064190864563, 0.14504657685756683, -0.564992368221283, 0.7670672535896301, -0.2671196758747101, 0.22375309467315674, 0.08332764357328415, -0.11947932094335556, 5.200802803039551, 2.925128698348999, 2.319186210632324, 0.08086332678794861, -0.4282495975494385, 0.44315674901008606, 0.0740252211689949, -0.3502601981163025, 0.8923457860946655, -0.2748761475086212, 0.25143712759017944, 0.09618675708770752, -0.11220190674066544, 2.645106554031372, 0.6292927861213684, 2.6698403358459473, 0.07863211631774902, -0.4159826338291168, 0.4831322431564331, 0.08426564186811447, -0.2578624486923218, 0.958590567111969, -0.08666243404150009, 0.05494830384850502, 0.19415809214115143, 0.27115941047668457, -2.44108247756958, -0.21716482937335968, 0.05685146898031235, 0.09596706926822662, -0.3857015371322632, 0.5023443698883057, -0.33239784836769104, 0.5768181085586548, 0.7294302582740784, -0.15723836421966553, 0.0334392674267292, 0.0846642479300499, 0.15064460039138794, 0.8002458810806274, 1.5171338319778442, 1.4716017246246338, -0.03620453178882599, -0.3880278468132019, 0.4809090197086334, -0.1435621827840805, -0.7487236261367798, 0.6000826358795166, 0.2422882616519928, 0.06887970119714737, -0.010517412796616554, -0.002317177364602685, 1.2466959953308105, 2.4630041122436523, -1.115816354751587, -0.1917426437139511, 0.7586386203765869, -0.6396729946136475, -0.013325020670890808, -0.0014732311246916652, 0.003575709415599704, 0.101210817694664, 0.5835313200950623, -1.2786351442337036, -0.0004035339516121894, 0.0009208691772073507, 0.0005041737458668649, 0.0037397502455860376, -0.05940179526805878, -0.5655207633972168, 0.00553015386685729, -0.0012486055493354797, -0.000832095043733716, 0.6021316051483154, -0.03435308486223221, 0.33088982105255127, 0.005793719552457333, -0.0029951948672533035, -0.007621052674949169, 0.03040432184934616, 0.6010763645172119, 0.08468184620141983, -0.0018434745725244284, -0.0006641140207648277, -0.007191358599811792, -1.0, -0.7231323719024658, -1.0, -1.0, -1.0, -1.0, -1.0, -0.3969992399215698, 1.0, 0.703317403793335, -0.8641002178192139, -0.3324117660522461, -1.0, 0.3268808126449585, 0.0999503955245018, 0.08588744699954987, -0.5886057019233704, -1.0, 0.8255481719970703, 1.0]
[-0.9109043478965759, -0.6184056997299194, -0.5778558850288391, -0.9913666844367981, -0.7039730548858643, -0.4442477524280548, -0.48998787999153137, -0.7253215909004211, -0.3969869017601013, -0.2754046618938446, 0.8011080026626587, 0.18851366639137268, -0.7705824375152588, -0.547857403755188, -0.24754324555397034, -0.9699835777282715, -0.08517636358737946, 0.47266894578933716, 0.7389792799949646, -0.10145705938339233, -0.44338202476501465, -0.9686210751533508, 0.7034102082252502, 0.8336465954780579, -0.09878268092870712, -0.24613605439662933, -0.25040823221206665, 0.02563357725739479, -0.5280611515045166, -0.7086633443832397, -0.39467737078666687, -0.36515384912490845, -0.010109374299645424, -0.022220714017748833, 0.15295128524303436, -0.0108317406848073, -0.3305334746837616, -0.13313840329647064, 0.20225487649440765, -0.03464267775416374, 1.207006812095642, -0.7401406168937683, -0.25931045413017273, 0.9696832895278931, 0.4024569094181061, -0.027521533891558647, 0.10765840113162994, 0.21864119172096252, 0.4743035137653351, -3.0470423698425293, 0.03667745366692543, -0.20319706201553345, -0.05796100199222565, -0.015571187250316143, 0.041522007435560226, -0.2009107768535614, -0.05255884677171707, -0.00982978381216526, -0.0036203276831656694, -0.39974015951156616, -0.15921472012996674, -0.05663730576634407, -0.0064360653050243855, 0.043390050530433655, 0.051276229321956635, 0.037240445613861084, 0.011525705456733704, 0.05203276872634888, 0.08487829566001892, 0.05089341104030609, -0.015141783282160759, -0.009454178623855114, 0.017646940425038338, -0.43133217096328735, 0.4614117443561554, -0.2778037190437317, -0.6895374059677124, -0.4129762649536133, -0.5261309146881104, 0.13710035383701324, -0.28936395049095154, -0.3741612434387207, -1.6150089502334595, -1.303725242614746, 1.2061322927474976, 0.0, -0.38999998569488525, 0.47999998927116394, 0.012645297683775425, 0.2464054822921753, 0.9690790772438049, 0.0032153106294572353, 0.5722165107727051, -0.13656708598136902, 0.5682675838470459, -0.5753170251846313, 0.0638052374124527, -0.4274527430534363, 0.42156103253364563, 0.16408543288707733, -0.6066560745239258, 0.7287057638168335, -0.2720886766910553, 0.15188507735729218, 0.1688588261604309, -0.33556312322616577, 6.183302879333496, 3.653087854385376, 2.1610963344573975, 0.08400183916091919, -0.42566347122192383, 0.4394674003124237, 0.08031479269266129, -0.37200653553009033, 0.8770231604576111, -0.2932422459125519, 0.19252970814704895, 0.16110442578792572, -0.3400387465953827, 3.116025686264038, 0.8945086598396301, 2.4099860191345215, 0.07952037453651428, -0.41483190655708313, 0.4825475513935089, 0.08890356123447418, -0.26676565408706665, 0.9559994339942932, -0.08364938944578171, 0.06259457021951675, -0.03017161414027214, -0.23622238636016846, 3.2519690990448, 1.3481422662734985, -0.4768384099006653, 0.09456247836351395, -0.383825421333313, 0.5046975016593933, -0.3364565670490265, 0.5735926032066345, 0.7297991514205933, -0.1586875468492508, -0.1603395640850067, 0.11738268285989761, 0.12173984944820404, 0.14655357599258423, -1.0793818235397339, -0.03330537676811218, -0.034057535231113434, -0.38882938027381897, 0.4818516671657562, -0.11723574250936508, -0.7437010407447815, 0.5994045734405518, 0.27180609107017517, 0.14790479838848114, -0.06602891534566879, 0.12240684777498245, 0.8151895403862, 5.794509410858154, 0.8623448610305786, 0.19932430982589722, 0.8236623406410217, -0.6896073818206787, -0.0032162524294108152, 0.0021054637618362904, 0.00011588399502215907, 0.2303313910961151, 0.4761907756328583, -0.9785724878311157, -0.0026869219727814198, 0.0017144815064966679, -0.0013616739306598902, -0.06949998438358307, 1.9717789888381958, -1.4098190069198608, -0.027060620486736298, -0.001605325611308217, 3.8184029108379036e-05, 0.5698226690292358, -0.1466742604970932, 0.47212135791778564, 0.009325592778623104, -0.002957045566290617, -0.006869196891784668, -0.31988394260406494, -0.7169122695922852, -0.04078703001141548, 0.008373313583433628, -0.0043360386043787, -0.01054380089044571, -1.0, -1.0, -0.8945178985595703, -1.0, -1.0, -1.0, -0.9776479601860046, -0.3871394395828247, 1.0, -0.022129785269498825, -1.0, 0.16676077246665955, -1.0, 0.7177689671516418, 0.04904521256685257, 0.40450698137283325, 0.007360024377703667, -1.0, 0.7830173969268799, 0.9426708817481995]
[-0.9332463145256042, -0.6590205430984497, -0.6262198090553284, -0.9902510046958923, -0.7551732063293457, -0.5123915672302246, -0.5772579312324524, -0.755923867225647, -0.40151044726371765, -0.2770819365978241, 0.834382176399231, 0.14892268180847168, -0.8050128817558289, -0.5744042992591858, -0.20680661499500275, -0.9768980741500854, 0.050603318959474564, 0.3913935422897339, 0.7116104960441589, 0.0038953654002398252, -0.3385511636734009, -0.9839906692504883, 0.7194921970367432, 0.845234751701355, -0.07359161227941513, -0.3127017319202423, -0.16982638835906982, -0.0013106666738167405, -0.44397494196891785, -0.5760561227798462, -0.3384130299091339, -0.24076195061206818, -0.05834111198782921, -0.016876637935638428, 0.12807846069335938, -0.5645344853401184, -0.3176986873149872, -0.34055545926094055, 0.18185020983219147, -0.024057934060692787, 1.2790199518203735, -0.7534205317497253, -0.2576542794704437, 1.4746664762496948, 0.952252209186554, -0.03315179422497749, 0.08995798975229263, 0.04755937308073044, 0.7063573598861694, -0.5247335433959961, 0.05271738022565842, -0.049057286232709885, -0.008431119844317436, 0.0035458868369460106, 0.04714195430278778, -0.0009743796545080841, 0.0012837732210755348, 0.0010593534680083394, 0.0019820639863610268, -0.18249601125717163, -0.07318786531686783, -0.03235406056046486, -0.03788707032799721, 0.010028151795268059, -0.032192301005125046, -0.0004720195720437914, 0.0015693085733801126, 0.025598857551813126, 0.1835698038339615, 0.09706392139196396, -0.006931028328835964, -0.010170277208089828, 0.019932402297854424, -0.43615585565567017, 0.45312991738319397, -0.18650922179222107, -0.6949487924575806, -0.40605437755584717, -0.5633651614189148, 0.13710035383701324, -0.28936395049095154, -0.537693977355957, -1.5528724193572998, -1.4436415433883667, 1.0564595460891724, 0.0, -0.38999998569488525, 0.47999998927116394, 0.012645297683775425, 0.2464054822921753, 0.9690790772438049, 0.0032153106294572353, 0.5799305438995361, -0.0390256866812706, 0.581808865070343, -0.5689078569412231, 0.06509564816951752, -0.4245346188545227, 0.41722217202186584, 0.1815536618232727, -0.6470669507980347, 0.6884080767631531, -0.27283111214637756, 0.07598588615655899, 0.18479615449905396, -0.373241126537323, 5.58161735534668, 3.470583915710449, 1.6448668241500854, 0.08619615435600281, -0.4225713014602661, 0.4341997802257538, 0.08617623895406723, -0.3949965238571167, 0.8610950708389282, -0.30832892656326294, 0.13727805018424988, 0.16879889369010925, -0.3519127666950226, 3.012882709503174, 0.9364868998527527, 2.007899761199951, 0.08007849007844925, -0.415628582239151, 0.47670990228652954, 0.09824962168931961, -0.31409671902656555, 0.9411460757255554, -0.07703360170125961, 0.039697058498859406, -0.16580578684806824, -0.4956255555152893, 7.1820759773254395, 2.241426944732666, -1.0224452018737793, 0.09145285189151764, -0.3817613124847412, 0.5064494609832764, -0.3421117961406708, 0.5744821429252625, 0.7279354929924011, -0.15178804099559784, -0.19764207303524017, 0.12916859984397888, 0.07251670956611633, 0.2538854777812958, -0.9840781688690186, -0.3101062476634979, -0.030201505869627, -0.3904068171977997, 0.48483604192733765, -0.06228971853852272, -0.727303683757782, 0.6113804578781128, 0.3055538535118103, 0.32622650265693665, -0.14419303834438324, 0.2961684763431549, -0.4465394616127014, 8.436016082763672, 3.7050650119781494, 0.2774268686771393, 0.08338124305009842, -0.15412572026252747, 0.0047966050915420055, 0.0023521245457232, -0.0010207348968833685, 0.246726855635643, -0.0323743000626564, -0.06717837601900101, 0.0005737390602007508, 0.0012301799142733216, -0.0019932035356760025, 0.05159766972064972, 1.0283280611038208, -0.47988471388816833, -0.0169291403144598, -0.0001335906854365021, 0.00013158701767679304, 0.11467210203409195, -0.17904138565063477, -0.06596910953521729, -0.0011163119925186038, -0.0012295773485675454, -2.8304617444518954e-05, -0.3006650507450104, -1.3066353797912598, -0.09184899926185608, 0.010920613072812557, -0.0053596412762999535, -0.005827681161463261, -1.0, -0.952210009098053, -0.8085517287254333, -1.0, -1.0, -1.0, -0.880188524723053, -0.4439125955104828, 1.0, -0.3153572678565979, -1.0, -0.007298657670617104, -1.0, 0.8283879160881042, -0.054251886904239655, 0.7434070110321045, 0.5562772750854492, -1.0, 0.7846882343292236, 0.8420004844665527]
[-0.9484891891479492, -0.6994046568870544, -0.6639995574951172, -0.9887740612030029, -0.7983260154724121, -0.5667616128921509, -0.642066478729248, -0.7867773771286011, -0.40174171328544617, -0.27813971042633057, 0.8635720014572144, 0.08730725944042206, -0.8375951647758484, -0.6141279935836792, -0.16988348960876465, -0.9817217588424683, 0.18931004405021667, 0.3124096095561981, 0.6845952868461609, 0.1404278576374054, -0.1699506938457489, -0.9949535131454468, 0.7306117415428162, 0.8284976482391357, -0.05025411397218704, -0.26650944352149963, -0.14579254388809204, 0.02214387059211731, -0.37357330322265625, -0.46351680159568787, -0.08144695311784744, -0.45992451906204224, 0.03362185135483742, 0.00250829616561532, 0.11557648330926895, -0.3401847779750824, -0.30353569984436035, -0.38205477595329285, 0.16886697709560394, -0.016693253070116043, 1.283764123916626, -0.7143469452857971, -0.25221186876296997, 1.7964458465576172, 1.3597800731658936, -0.015044266358017921, 0.04807407781481743, -0.26211485266685486, 0.5688896179199219, 0.7734520435333252, 0.02317386120557785, 0.04613954573869705, 0.024246346205472946, 0.012333637103438377, 0.18983341753482819, -0.13036558032035828, -0.05002440884709358, -0.016088135540485382, 0.003644385142251849, 0.2970616817474365, 0.12393715977668762, 0.043744780123233795, 0.04815037548542023, -0.0021079424768686295, -0.009450554847717285, -0.00029525297577492893, 0.0007632319466210902, -0.03544491156935692, 0.17197591066360474, 0.08768356591463089, 0.001042573363520205, -0.013026689179241657, 0.02221786417067051, -0.440979540348053, 0.4421220123767853, -0.09721584618091583, -0.6881552934646606, -0.3949887156486511, -0.6008120775222778, 0.13710035383701324, -0.28936395049095154, -0.7012267112731934, -1.472394347190857, -1.5709196329116821, 0.9113578796386719, 0.0, -0.38999998569488525, 0.47999998927116394, 0.012645297683775425, 0.2464054822921753, 0.9690790772438049, 0.0032153106294572353, 0.5768343210220337, 0.05661572515964508, 0.5962169766426086, -0.5555016398429871, 0.0657215416431427, -0.4218295216560364, 0.4131259024143219, 0.19566266238689423, -0.6796661019325256, 0.652619481086731, -0.27176815271377563, 0.04503629356622696, 0.16539429128170013, -0.30131906270980835, 4.5088629722595215, 2.817490816116333, 1.3515244722366333, 0.08747809380292892, -0.4197258949279785, 0.4290611743927002, 0.09143807739019394, -0.4161030948162079, 0.8467349410057068, -0.31864914298057556, 0.045668162405490875, 0.11926545202732086, -0.3872030973434448, 2.9400546550750732, 1.7200641632080078, 0.8288462162017822, 0.08011704683303833, -0.4168030321598053, 0.46971771121025085, 0.10777658969163895, -0.37269842624664307, 0.9191558957099915, -0.06806192547082901, 0.0034976413007825613, -0.08795785903930664, -0.40402519702911377, 6.015686988830566, 1.9195802211761475, -1.014288067817688, 0.08776762336492538, -0.37950870394706726, 0.5079265236854553, -0.3465588688850403, 0.5771897435188293, 0.7253540754318237, -0.14356321096420288, -0.22503261268138885, 0.14737598598003387, 0.0739300400018692, -0.11611201614141464, -1.145917534828186, -0.5522801876068115, -0.02346811071038246, -0.3925428092479706, 0.48941370844841003, 0.019350426271557808, -0.6990900039672852, 0.6348370909690857, 0.3284517526626587, 0.5994842648506165, -0.18485304713249207, 0.3608911633491516, -1.103602409362793, 9.270528793334961, 7.513828754425049, 0.1150231808423996, -0.3636626601219177, 0.11975936591625214, 0.006878697779029608, 0.000846674432978034, -0.000690413813572377, 0.9957187175750732, 0.5234296917915344, -0.44789499044418335, -0.008236691355705261, 0.004710487090051174, -0.013189058750867844, 0.0758919045329094, -1.5917861461639404, 0.6716187000274658, 0.019867990165948868, 0.0005388660938479006, -0.00018068819190375507, -0.02093861624598503, 0.03873566910624504, -0.031811174005270004, 0.0013442670460790396, -0.00010259567352477461, 0.00048747623804956675, -0.3131978511810303, -1.0619603395462036, -0.061857812106609344, 0.007965942844748497, -0.008015528321266174, -0.000705055077560246, -1.0, -0.8741759657859802, -0.8434732556343079, -0.9619473218917847, -1.0, -1.0, -0.9213283658027649, -0.3698417544364929, 1.0, -0.33759281039237976, -1.0, 0.038652338087558746, -1.0, 0.9624345898628235, -0.10111414641141891, 1.0, 1.0, -0.9680749773979187, 0.7456387281417847, 0.6143922805786133]
[-0.9590214490890503, -0.7339146733283997, -0.7000114321708679, -0.9496579170227051, -0.8353456854820251, -0.6121242046356201, -0.6351446509361267, -0.8365846872329712, -0.38277629017829895, -0.275000661611557, 0.8412301540374756, 0.06030222028493881, -0.8669030070304871, -0.6518130898475647, -0.10473105311393738, -0.9854097366333008, 0.31934332847595215, 0.24263431131839752, 0.6395180821418762, 0.2778438627719879, 0.013792475685477257, -0.9322174787521362, 0.7318457365036011, 0.7828852534294128, -0.0380420982837677, -0.2207755297422409, 0.028433596715331078, 0.34369370341300964, -0.30979663133621216, -0.3924991488456726, -0.03212554007768631, -0.2985777258872986, 0.24697425961494446, 0.05637907609343529, -0.10105469077825546, -0.24457035958766937, -0.2509033977985382, -0.32465821504592896, 0.37765881419181824, -0.0130709707736969, 1.161246418952942, -0.6064462065696716, -0.5993723273277283, 1.6443347930908203, 1.299971342086792, 0.243387371301651, -0.02458420768380165, -0.5068196654319763, 0.306952565908432, 0.9528851509094238, 0.19489823281764984, -0.019253673031926155, -0.001828542328439653, 0.0019599522929638624, -0.056020863354206085, 0.18700197339057922, 0.0860302597284317, 0.03139949589967728, 0.044039614498615265, 0.052711158990859985, 0.02520602196455002, 0.011185303330421448, 0.14729538559913635, -0.001986187417060137, 0.009731611236929893, 0.002416358096525073, -0.013342075981199741, -0.1298006772994995, -0.014043167233467102, 0.013426728546619415, 0.02737751230597496, -0.0020433859899640083, 0.024303048849105835, -0.44494307041168213, 0.43007892370224, -0.06037569046020508, -0.6546583771705627, -0.4405691623687744, -0.6112903356552124, 0.13869577646255493, -0.22864335775375366, -0.6994200348854065, 0.41426220536231995, -1.4199384450912476, 1.0744528770446777, 0.0, -0.38999998569488525, 0.47999998927116394, 0.012645297683775425, 0.2464054822921753, 0.9690790772438049, 0.0032153106294572353, 0.5333929657936096, 0.09558267891407013, 0.5975706577301025, -0.5909867882728577, 0.0665212869644165, -0.4202626347541809, 0.41154828667640686, 0.20347808301448822, -0.696449339389801, 0.6313585638999939, -0.27375394105911255, 0.0022300276905298233, 0.054086774587631226, -0.1291038691997528, 2.3257925510406494, 1.6941128969192505, 0.28791895508766174, 0.08714120835065842, -0.4177682101726532, 0.423728883266449, 0.09674805402755737, -0.43430590629577637, 0.8376668691635132, -0.31675294041633606, 0.0007573752664029598, 0.10850665718317032, -0.2444530427455902, 0.9989724159240723, 0.41991809010505676, 0.32867518067359924, 0.08066534996032715, -0.41688334941864014, 0.4648028314113617, 0.11425399035215378, -0.41503310203552246, 0.9000015258789062, -0.06848954409360886, 0.04478444531559944, -0.04545567184686661, -0.333221971988678, 5.055417060852051, 1.1773344278335571, 0.013752143830060959, 0.08313779532909393, -0.37721437215805054, 0.5097643136978149, -0.35158979892730713, 0.578696608543396, 0.7237632274627686, -0.1328965723514557, -0.2945943772792816, 0.14302247762680054, 0.11728969216346741, 0.7858338952064514, -1.0586915016174316, -0.4769839942455292, -0.014349415898323059, -0.39429861307144165, 0.4934265911579132, 0.11450739949941635, -0.6645712852478027, 0.6611893773078918, 0.32872718572616577, 0.7576654553413391, -0.12548784911632538, 0.23635348677635193, -0.7921528220176697, 7.87810754776001, 9.94865608215332, 1.050398588180542, -0.012927158735692501, -0.001550212036818266, 0.0017660449957475066, 0.011086090467870235, -0.006246460136026144, -0.3090417981147766, -0.9253352880477905, 0.8220649361610413, 0.01751946657896042, -0.0018803083803504705, 0.0037945222575217485, 0.2632359266281128, -0.33850792050361633, 0.20834781229496002, 0.006107682827860117, 0.0019347339402884245, -0.0043605319224298, 0.07185877114534378, 0.37250879406929016, 0.0357293039560318, -0.007754445541650057, -5.6449785915901884e-05, -0.001800238504074514, 0.12591004371643066, 0.10709858685731888, 0.09681186079978943, 0.0004176716320216656, -0.004057946149259806, 0.0060348547995090485, -1.0, -0.8411710262298584, -0.9870315790176392, -0.45359355211257935, -1.0, -1.0, -1.0, -0.1811026930809021, 1.0, -0.26478812098503113, -1.0, 0.4532161056995392, -1.0, 1.0, -0.09113865345716476, 1.0, 1.0, -0.22092053294181824, 0.6784111261367798, 0.43410298228263855]
[-0.9675347805023193, -0.7572377324104309, -0.6834917068481445, -0.881453275680542, -0.8662000298500061, -0.6505144238471985, -0.6304429769515991, -0.8730748295783997, -0.3470211923122406, -0.26578935980796814, 0.8310806155204773, 0.031315695494413376, -0.8909016251564026, -0.6824773550033569, -0.0010113047901540995, -0.9881667494773865, 0.43239638209342957, 0.19127613306045532, 0.5706049203872681, 0.39662909507751465, 0.17926931381225586, -0.7837460041046143, 0.7144338488578796, 0.732765257358551, -0.027950948104262352, -0.12308303266763687, 0.05328156426548958, 0.8385775685310364, -0.2676517069339752, -0.3343883454799652, 0.030800510197877884, -0.3664707839488983, 0.3763084411621094, 0.11017891019582748, -0.09906847774982452, -0.28082960844039917, -0.20616666972637177, -0.2599788010120392, 0.5385626554489136, -0.009886029176414013, 0.986278235912323, -0.40220579504966736, -0.615844190120697, 1.373946189880371, 1.1290701627731323, 0.42713314294815063, -0.15856249630451202, -0.442437082529068, 0.4454119801521301, 1.3672285079956055, -0.024811754003167152, 0.24834683537483215, 0.10558812320232391, 0.04011478275060654, 0.02005203440785408, 0.053547415882349014, 0.021807635203003883, 0.008023452013731003, -0.042258597910404205, 0.04144008457660675, 0.01797676272690296, 0.007925081998109818, 0.1523078978061676, -0.003251168178394437, -0.0024470791686326265, 0.0022926456294953823, 0.005479587707668543, -0.1722501814365387, -0.05118698626756668, -0.0162486769258976, 0.04671594128012657, 0.013794448226690292, 0.027376271784305573, -0.448270708322525, 0.41765376925468445, -0.011149778962135315, -0.6029911637306213, -0.48089319467544556, -0.6364109516143799, 0.2055221050977707, -0.187088742852211, -0.7514499425888062, 0.3816763460636139, -1.904918909072876, 0.9821915626525879, 0.0, -0.38999998569488525, 0.47999998927116394, 0.012645297683775425, 0.2464054822921753, 0.9690790772438049, 0.0032153106294572353, 0.4738631844520569, 0.15015245974063873, 0.6103086471557617, -0.6167910695075989, 0.0667303279042244, -0.4206361174583435, 0.4123420715332031, 0.20415569841861725, -0.7015970349311829, 0.6266441345214844, -0.27092257142066956, 0.029825126752257347, -0.06476443260908127, 0.15225066244602203, -0.4285435080528259, -0.33249929547309875, -0.23300935328006744, 0.08683744817972183, -0.41626787185668945, 0.42047110199928284, 0.09706586599349976, -0.43756547570228577, 0.835976779460907, -0.3166344463825226, -0.021379152312874794, 0.07654968649148941, -0.1653687059879303, 0.04079664871096611, -0.013500109314918518, -0.06059931963682175, 0.0809515118598938, -0.41703498363494873, 0.4608345031738281, 0.11937335878610611, -0.45000067353248596, 0.882478654384613, -0.06693926453590393, 0.034390877932310104, -0.045151688158512115, -0.26335442066192627, 4.260097026824951, 0.8907691836357117, -0.005472682416439056, 0.07757231593132019, -0.3748413026332855, 0.5121244192123413, -0.35838961601257324, 0.579319417476654, 0.7222854495048523, -0.11937125027179718, -0.3405657708644867, 0.15518200397491455, 0.12979230284690857, 0.1538410782814026, -2.021174669265747, -0.916305661201477, -0.004420802928507328, -0.395048052072525, 0.4959956705570221, 0.2063905894756317, -0.6273478865623474, 0.6838218569755554, 0.31020164489746094, 0.774998128414154, -0.025878146290779114, 0.12654632329940796, -0.647657573223114, 6.230236053466797, 10.251331329345703, -0.133317232131958, -1.474203109741211, 0.4613603353500366, 0.018001738935709, -0.0019248556345701218, 0.0005087803001515567, 0.1028265431523323, -0.24759483337402344, 0.29581591486930847, 0.00430953036993742, 7.730842480668798e-05, -0.001164327492006123, -0.2081449180841446, -0.24390794336795807, 0.25078073143959045, 0.004266463220119476, -0.0014377546031028032, 0.005693158600479364, 0.03214389458298683, 0.14420641958713531, 0.00682087242603302, 0.007642683573067188, 0.00017344907973892987, -0.0008855406194925308, 0.6315444707870483, 0.47359275817871094, 0.1394892930984497, -0.0029820704367011786, 0.0036897403188049793, 0.0070254686288535595, -1.0, -0.7650656700134277, -0.8017392158508301, -0.15276911854743958, -1.0, -1.0, -1.0, -0.09501330554485321, 1.0, -0.407329261302948, -1.0, 0.7328697443008423, -1.0, 1.0, -0.004645161330699921, 0.9759846925735474, 1.0, 0.27800169587135315, 0.5359134674072266, 0.47776055335998535]
[-0.9654096961021423, -0.7771803140640259, -0.7083026170730591, -0.8153789639472961, -0.9081590175628662, -0.686557412147522, -0.6338340044021606, -0.9071843028068542, -0.28566819429397583, -0.24968351423740387, 0.8313944935798645, 0.033673398196697235, -0.904809296131134, -0.706213653087616, 0.1251874417066574, -0.9907193779945374, 0.515130341053009, 0.14920753240585327, 0.5148270130157471, 0.4367808997631073, 0.322063684463501, -0.5604893565177917, 0.6745874881744385, 0.6934201717376709, 0.023833557963371277, -0.14532586932182312, -0.2729206383228302, 0.14439870417118073, -0.5689918398857117, -0.41517290472984314, -0.10292674601078033, -0.21154654026031494, 0.6640182733535767, 0.19152942299842834, 0.14056001603603363, 0.3697444796562195, -0.024159887805581093, -0.1632392257452011, 0.606281578540802, -0.009360910393297672, 0.6470445394515991, -0.3806433379650116, -0.4621271789073944, 0.02387808822095394, 0.9638983607292175, 0.6075084209442139, -0.2852775454521179, -0.32069411873817444, 0.723680317401886, -0.18203845620155334, -0.13491936028003693, -0.6232984066009521, -0.3156730830669403, -0.12615647912025452, -0.09029500931501389, 0.11499150097370148, 0.06533115357160568, 0.026906980201601982, 0.10700830817222595, 0.36359068751335144, 0.18670907616615295, 0.07547441124916077, 0.030542094260454178, 0.005441478453576565, -0.08216969668865204, -0.026736412197351456, -0.0014379587955772877, -0.3482154309749603, -0.17858830094337463, -0.07909227162599564, 0.1564670205116272, 0.054639823734760284, 0.031555213034152985, -0.4514433741569519, 0.41245031356811523, -0.02310892567038536, -0.5577685236930847, -0.5715234279632568, -0.6014326214790344, 0.15907631814479828, -0.2128913253545761, 0.09966189414262772, 0.9647823572158813, 2.052218198776245, 1.976686716079712, 0.0, -0.38999998569488525, 0.47999998927116394, 0.012645297683775425, 0.2464054822921753, 0.9690790772438049, 0.0032153106294572353, 0.4072263240814209, 0.13123568892478943, 0.579639196395874, -0.6935146450996399, 0.06711743026971817, -0.4205733835697174, 0.4132775366306305, 0.20648860931396484, -0.7079409956932068, 0.6178469657897949, -0.2728497087955475, 0.03828946873545647, 0.12697860598564148, -0.18124376237392426, 4.221013069152832, 2.3083322048187256, 1.5536367893218994, 0.08609852939844131, -0.4150424599647522, 0.418192058801651, 0.0920749306678772, -0.42857757210731506, 0.8407280445098877, -0.3178360164165497, -0.05247223377227783, 0.09259313344955444, -0.05854726955294609, -1.7462407350540161, -1.8803902864456177, -0.05593842267990112, 0.0806681215763092, -0.41683271527290344, 0.4589751958847046, 0.12217933684587479, -0.46699535846710205, 0.8734143376350403, -0.06430304050445557, -0.056097663938999176, 0.04472323879599571, 0.020595796406269073, -0.40454554557800293, 0.4585890769958496, -0.5804286599159241, 0.07181620597839355, -0.37322568893432617, 0.5140061378479004, -0.3654632270336151, 0.5806546807289124, 0.7202708721160889, -0.10240360349416733, -0.3234236538410187, 0.0826314389705658, 0.0776398628950119, 0.7647178769111633, -1.7847291231155396, -1.015256643295288, 0.002623683772981167, -0.394506573677063, 0.4987058937549591, 0.26108318567276, -0.5917946100234985, 0.7105931043624878, 0.27689728140830994, 0.44368696212768555, 0.07967846840620041, 0.2194693684577942, -2.6040024757385254, 0.6273078322410583, 7.682675838470459, -0.7153061032295227, 4.195494651794434, -1.1147871017456055, -0.06322406977415085, -0.008468832820653915, 0.005083385854959488, -0.4632609486579895, -0.7174319624900818, 0.50021892786026, 0.016145501285791397, -0.0024197909515351057, 0.0077758003026247025, 0.6669098734855652, -2.4675495624542236, 0.53580242395401, 0.038461171090602875, 0.004793585278093815, -0.009314117021858692, 0.12866127490997314, -0.08045791834592819, -0.43317878246307373, -0.002644828287884593, -0.0011161686852574348, -0.0003762854903470725, 2.330707550048828, 1.2367390394210815, 0.03701779618859291, -0.007063434459269047, 0.017348511144518852, 0.02073732390999794, -0.7727545499801636, -0.7614263296127319, -1.0, 0.08619794994592667, -1.0, -1.0, -1.0, 0.16253703832626343, 1.0, -0.2763170599937439, -1.0, 0.8633610606193542, -1.0, 0.8369465470314026, -0.07167012244462967, 0.23882848024368286, 1.0, 0.8819715976715088, 0.4205009639263153, 0.5290927290916443]
[-0.9608420133590698, -0.7977240085601807, -0.7115646600723267, -0.8237630724906921, -0.9440792202949524, -0.7365713715553284, -0.6430559158325195, -0.9107164740562439, -0.31141284108161926, -0.24216680228710175, 0.8411177396774292, 0.008549225516617298, -0.9120988249778748, -0.715366542339325, 0.14105010032653809, -0.9924201965332031, 0.5761134624481201, 0.07551631331443787, 0.4568282961845398, 0.4832387864589691, 0.44292259216308594, -0.4612641930580139, 0.6800600290298462, 0.6465103030204773, 0.010441477410495281, -0.15913505852222443, 0.09235046058893204, -0.17276781797409058, -0.20635917782783508, -0.42989498376846313, 0.08941163867712021, -0.19436411559581757, -0.7032641768455505, -0.08671747148036957, -0.011668233200907707, -0.21270041167736053, -0.11387261003255844, -0.06985410302877426, -0.22992496192455292, -0.005973793100565672, 0.5060174465179443, -0.8413060307502747, -0.7125915884971619, 0.8664212226867676, 0.8127573132514954, 0.05200004577636719, 0.19437216222286224, -0.49221768975257874, -0.3446211814880371, -0.453407347202301, 0.10093245655298233, -0.11809822171926498, -0.020770525559782982, -0.0007313030073419213, 0.1018487960100174, -0.23349978029727936, -0.18306371569633484, -0.08151188492774963, -0.03408108279109001, 0.13444046676158905, 0.04807591065764427, 0.01764094829559326, -0.4255926012992859, -0.0009948627557605505, -0.2227981984615326, -0.07829645276069641, -0.03426732122898102, 0.2060292661190033, -0.07267403602600098, -0.11383119970560074, -0.06796810030937195, -0.023390032351017, 0.03439360857009888, -0.45489683747291565, 0.41256090998649597, -0.06939078867435455, -0.5852057337760925, -0.6438287496566772, -0.4880610704421997, 0.1698184311389923, -0.19968245923519135, -0.01689874939620495, 1.4096620082855225, 2.6151881217956543, 2.0029377937316895, 0.0, -0.38999998569488525, 0.47999998927116394, 0.012645297683775425, 0.2464054822921753, 0.9690790772438049, 0.0032153106294572353, 0.41441625356674194, 0.05927564203739166, 0.4805978536605835, -0.7705655694007874, 0.06634652614593506, -0.41935399174690247, 0.41047680377960205, 0.21629467606544495, -0.7343301177024841, 0.5866521000862122, -0.2642253637313843, -0.0816129744052887, 0.07596730440855026, -0.2672967314720154, 3.6867573261260986, 3.1328775882720947, 0.10970279574394226, 0.08567550033330917, -0.41417771577835083, 0.4157538414001465, 0.09491615742444992, -0.4411880075931549, 0.8340916037559509, -0.31723061203956604, -0.0157841295003891, 0.010789302177727222, -0.33615729212760925, 4.428910255432129, 3.607745885848999, 0.17079481482505798, 0.0799734890460968, -0.41709256172180176, 0.4557751417160034, 0.12499766796827316, -0.48599228262901306, 0.8629418015480042, -0.059316568076610565, -0.025035448372364044, -0.02451057732105255, -0.2371448278427124, 2.6276369094848633, 0.7796242237091064, -0.3176625370979309, 0.06997164338827133, -0.3726731538772583, 0.514080286026001, -0.3620159924030304, 0.5575848817825317, 0.7389684319496155, -0.10940346866846085, -0.0011612167581915855, -0.024707572534680367, 0.04244960471987724, 4.653509140014648, 4.319404125213623, 2.662752151489258, 0.00832023099064827, -0.3934098184108734, 0.5000255703926086, 0.30870839953422546, -0.5652164220809937, 0.7216431498527527, 0.25389084219932556, 0.4541832506656647, 0.08521785587072372, -0.018071725964546204, 0.43653979897499084, 4.1710333824157715, 5.8142218589782715, 0.5419551730155945, 0.33439427614212036, -0.10522448271512985, 0.004284611437469721, 0.0064841704443097115, -0.002884727204218507, 0.5329458713531494, 1.9787800312042236, -1.3562414646148682, -0.05183018371462822, 0.0027808104641735554, -0.00783920381218195, -0.22568276524543762, -0.684443473815918, 0.06695979088544846, 0.007374296896159649, -0.0016837557777762413, 0.0021145022474229336, -0.62049800157547, -0.3310641050338745, -1.3031620979309082, -0.03923328220844269, 0.001122369198128581, 0.009666410274803638, -1.121427297592163, 1.2739120721817017, -0.0168575718998909, -0.015023638494312763, -0.005447191186249256, -0.012994072400033474, -1.0, -1.0, -0.44770190119743347, -1.0, -1.0, -1.0, -0.6725391149520874, -0.9825918674468994, 0.7955402731895447, -0.8109319806098938, -1.0, -0.5719292759895325, -1.0, 0.815731942653656, -0.5075578689575195, 1.0, 1.0, -0.7593845725059509, 0.9589111804962158, 0.31847837567329407]
[-0.9596881866455078, -0.8232327699661255, -0.6784980893135071, -0.8459448218345642, -0.9592685699462891, -0.7680820226669312, -0.6037173867225647, -0.9215746521949768, -0.38565465807914734, -0.2614290118217468, 0.8160211443901062, -0.012919449247419834, -0.9251560568809509, -0.7259251475334167, 0.03023906797170639, -0.9937366247177124, 0.6381767988204956, -0.023503808304667473, 0.35901081562042236, 0.5581138134002686, 0.5433321595191956, -0.4901029169559479, 0.7216039299964905, 0.6150832176208496, -0.003628339385613799, -0.1971062272787094, 0.1499895304441452, -0.2236965447664261, -0.10256657749414444, -0.1868525594472885, 0.1512061357498169, -0.09884754568338394, -0.6760412454605103, -0.21817517280578613, -0.051629532128572464, -0.15046435594558716, -0.12629474699497223, -0.1279800683259964, -0.6720627546310425, -0.004977769684046507, 0.6009544730186462, -0.9531341791152954, -1.0678800344467163, 0.953652024269104, 0.6670248508453369, -0.13747446238994598, 0.28536519408226013, -0.1857520192861557, -0.470956414937973, -0.43837296962738037, -0.01612337864935398, -0.05245376378297806, -0.011052891612052917, 0.0053667835891246796, -0.025014691054821014, -0.025427188724279404, -0.002864424604922533, -0.0019606221467256546, 0.03336358442902565, 0.002677563577890396, 0.0030042652506381273, -0.0006189948180690408, -0.21911603212356567, -0.0010704107116907835, -0.07640733569860458, -0.01661420613527298, -0.013592149131000042, 0.00944170355796814, -0.07962553948163986, -0.06996513903141022, -0.010532710701227188, 0.005367622710764408, 0.037509676069021225, -0.45829057693481445, 0.4113413989543915, -0.11565592139959335, -0.6012654304504395, -0.6941094398498535, -0.3785704970359802, 0.187837153673172, -0.22147236764431, -0.053294822573661804, 0.8321949243545532, 1.7414791584014893, 1.3598026037216187, 0.0, -0.38999998569488525, 0.47999998927116394, 0.012645297683775425, 0.2464054822921753, 0.9690790772438049, 0.0032153106294572353, 0.41605663299560547, -0.011953970417380333, 0.38552799820899963, -0.8234817981719971, 0.06485696882009506, -0.41818103194236755, 0.40686893463134766, 0.2218230962753296, -0.7556213736534119, 0.5624806880950928, -0.25188544392585754, -0.102736696600914, 0.08636824786663055, -0.2786925137042999, 2.6745026111602783, 2.407625913619995, -0.26878663897514343, 0.08445598185062408, -0.4134398102760315, 0.4114552140235901, 0.10904426127672195, -0.4818148612976074, 0.8140104413032532, -0.3055332601070404, -0.0413862019777298, 0.024457119405269623, -0.3405117690563202, 4.601635932922363, 3.8198647499084473, -0.027098707854747772, 0.07994013279676437, -0.41693320870399475, 0.45212677121162415, 0.12844333052635193, -0.5075089931488037, 0.8498770594596863, -0.06037995219230652, -0.0037325324956327677, 0.00012158229947090149, -0.2514258623123169, 2.8851311206817627, 0.7950565218925476, -0.08527854084968567, 0.0719563215970993, -0.372360497713089, 0.5123435258865356, -0.3450072109699249, 0.5027802586555481, 0.7794601917266846, -0.14360950887203217, 0.15570910274982452, -0.04400969296693802, 0.006786069367080927, 6.641722679138184, 7.399970531463623, 4.390739917755127, 0.013893808238208294, -0.3922423720359802, 0.49894389510154724, 0.355476975440979, -0.5471738576889038, 0.7170791625976562, 0.24501879513263702, 0.3841005265712738, 0.0862460806965828, -0.1355217546224594, 0.637747049331665, 4.050125598907471, 3.6829211711883545, -0.09108297526836395, 0.10487791895866394, -0.03057718276977539, 0.006939952727407217, -0.0003702148387674242, 0.00010826469224411994, -0.13458913564682007, 0.07258647680282593, -0.11314042657613754, -0.0008718252647668123, -0.0004346236237324774, 0.0008651125826872885, 0.16047883033752441, -0.016355404630303383, -0.0928042083978653, -0.0008643257897347212, 0.0017093585338443518, -0.004400201607495546, -0.318969190120697, -0.21279515326023102, -0.46966707706451416, -0.016784075647592545, 0.00024227413814514875, 0.004490685649216175, -0.031333550810813904, 0.8770024180412292, 0.0175920519977808, -0.00826134905219078, 0.005868963897228241, -0.0009185423841699958, -1.0, -1.0, -0.48192670941352844, -1.0, -1.0, -1.0, -0.54594486951828, -0.7744600772857666, 0.8436805605888367, -0.6890182495117188, -1.0, -1.0, -1.0, 1.0, -0.6005855798721313, 1.0, 1.0, -0.9609222412109375, 1.0, 0.5560020208358765]
[-0.9605497717857361, -0.8524187207221985, -0.6704842448234558, -0.8613548278808594, -0.9680747389793396, -0.7804357409477234, -0.5927049517631531, -0.9263966679573059, -0.42058315873146057, -0.2796206772327423, 0.8055003881454468, -0.015762336552143097, -0.9381693601608276, -0.7411283254623413, -0.12024587392807007, -0.9948623180389404, 0.6984074711799622, -0.1245432049036026, 0.24013888835906982, 0.6303978562355042, 0.6251805424690247, -0.5530239343643188, 0.7650901079177856, 0.6099763512611389, -0.007112567778676748, -0.20837576687335968, -0.01370954792946577, -0.07562217861413956, -0.07042650133371353, -0.07790634036064148, -0.023579757660627365, -0.006203209515661001, -0.1329226791858673, -0.1073828712105751, 0.014936965890228748, 0.0014508647145703435, -0.11401056498289108, -0.14617668092250824, -0.7115687131881714, -0.004125132691115141, 0.5287331938743591, -0.9219445586204529, -1.1274932622909546, 0.857613742351532, 0.5417686700820923, -0.16533367335796356, 0.25740861892700195, 0.024348903447389603, -0.22291558980941772, 0.06754982471466064, -0.05649732053279877, 0.04516526311635971, 0.022171875461935997, 0.011009746231138706, -0.04159044846892357, 0.04606001824140549, 0.058010462671518326, 0.028241217136383057, 0.03734428063035011, 0.0030637357849627733, 0.0036980672739446163, 0.001463035005144775, 0.011944344267249107, -0.0028700996190309525, -0.014877857640385628, -0.00023308028175961226, 0.00017775048036128283, -0.05914086475968361, -0.06235697120428085, -0.03898676112294197, 0.01620115339756012, 0.010415702126920223, 0.041038401424884796, -0.46139273047447205, 0.4095805287361145, -0.1483653038740158, -0.6034497022628784, -0.7283255457878113, -0.2887525260448456, 0.2261139452457428, -0.16630077362060547, -0.10514748096466064, 1.1015554666519165, 1.7377208471298218, 1.3326506614685059, 0.0, -0.38999998569488525, 0.47999998927116394, 0.012645297683775425, 0.2464054822921753, 0.9690790772438049, 0.0032153106294572353, 0.40850138664245605, -0.06535791605710983, 0.30640947818756104, -0.8573029637336731, 0.06388866901397705, -0.41654813289642334, 0.40353110432624817, 0.2253877967596054, -0.7690293192863464, 0.545148491859436, -0.24618561565876007, -0.04127289727330208, 0.11104775965213776, -0.204392671585083, 1.8150264024734497, 1.1312605142593384, 0.24125052988529205, 0.08366318792104721, -0.41216132044792175, 0.40801316499710083, 0.11702367663383484, -0.5076357126235962, 0.7990707159042358, -0.3001621663570404, -0.017188990488648415, 0.07715530693531036, -0.1969684362411499, 1.9346730709075928, 1.1541675329208374, 0.2793637812137604, 0.07980503141880035, -0.4163704216480255, 0.4491840600967407, 0.1321103572845459, -0.5246789455413818, 0.8388670086860657, -0.059674423187971115, -0.016414107754826546, 0.02204086259007454, -0.19525079429149628, 2.14646053314209, 0.8244495391845703, -0.23201027512550354, 0.07517624646425247, -0.37197625637054443, 0.5096697807312012, -0.3199264705181122, 0.43219009041786194, 0.8225805163383484, -0.18498656153678894, 0.21183085441589355, -0.06809963285923004, -0.025866741314530373, 7.16091251373291, 7.941896915435791, 4.514104843139648, 0.01870640367269516, -0.3910335302352905, 0.4967063367366791, 0.3914557993412018, -0.5331372618675232, 0.7096995711326599, 0.24259738624095917, 0.31076163053512573, 0.08642873167991638, -0.17379853129386902, 0.3927587568759918, 3.32128643989563, 2.5298659801483154, -0.3109615445137024, -0.326006680727005, 0.05992824211716652, 0.006119647063314915, -0.003247455693781376, 0.0009219698840752244, -0.22858354449272156, -0.6465065479278564, 0.3258320689201355, 0.01854361966252327, -0.0013464151415973902, 0.002301944885402918, 0.2113020122051239, -0.04482168331742287, -0.002485232427716255, 0.0007907098042778671, 0.00209896476007998, -0.003830855479463935, -0.02215997502207756, -0.021156391128897667, -0.1211041808128357, -0.00013959530042484403, 0.00018504199397284538, -3.072560139116831e-05, 0.32709306478500366, 0.5208959579467773, 0.025574441999197006, -0.0040450189262628555, 0.005182214546948671, 0.0018474927637726068, -1.0, -1.0, -0.9716712832450867, -1.0, -1.0, -1.0, -0.6444031596183777, -0.39152729511260986, 0.9454508423805237, -0.2147461175918579, -1.0, -1.0, -1.0, 1.0, -0.6559707522392273, 1.0, 1.0, -0.9663624167442322, 0.9929182529449463, 0.6612713932991028]
[-0.9633541107177734, -0.880226731300354, -0.6747791767120361, -0.8659148216247559, -0.9744866490364075, -0.7873691916465759, -0.5998340249061584, -0.9249984622001648, -0.41910237073898315, -0.2844661474227905, 0.8058968186378479, -0.011653220281004906, -0.9492879509925842, -0.7555673718452454, -0.2608092725276947, -0.9957252740859985, 0.7494322657585144, -0.22093132138252258, 0.12447438389062881, 0.6932280659675598, 0.6877957582473755, -0.6087629199028015, 0.7999171614646912, 0.6172096133232117, -0.015056515112519264, -0.18556003272533417, -0.00788330752402544, -0.003734860336408019, -0.054031968116760254, -0.06034771725535393, -0.014103943482041359, 0.03613096848130226, 0.09357007592916489, -0.0014248148072510958, 0.012171017937362194, 0.024422524496912956, -0.09480684995651245, -0.12383005768060684, -0.6173226833343506, -0.0030997947324067354, 0.43910685181617737, -0.8725183606147766, -1.0525851249694824, 0.7299917340278625, 0.3985058665275574, -0.12344437837600708, 0.1912381798028946, 0.08836115896701813, -0.22602535784244537, 0.4062194228172302, 0.008447235450148582, 0.06197354942560196, 0.02593984454870224, 0.009613941423594952, 0.01401484478265047, 0.039841387420892715, 0.02984745427966118, 0.014197737909853458, 0.005645868368446827, -0.0035248720087110996, -0.00047222900320775807, 0.0006419239798560739, 0.09335067123174667, -0.0043863109312951565, 0.015847250819206238, 0.00796676054596901, 0.004739429801702499, -0.07559643685817719, -0.05330949276685715, -0.025008011609315872, 0.024050362408161163, 0.00885491631925106, 0.04524805396795273, -0.46359843015670776, 0.406917005777359, -0.1777961254119873, -0.5931949019432068, -0.7590844631195068, -0.20074643194675446, 0.26833707094192505, -0.11394352465867996, -0.16085398197174072, 1.1594688892364502, 1.4649255275726318, 1.2491439580917358, 0.0, -0.38999998569488525, 0.47999998927116394, 0.012645297683775425, 0.2464054822921753, 0.9690790772438049, 0.0032153106294572353, 0.3897770643234253, -0.11514190584421158, 0.22840729355812073, -0.8846731185913086, 0.0633717030286789, -0.41497549414634705, 0.400951623916626, 0.22791288793087006, -0.7774747610092163, 0.5328585505485535, -0.24423420429229736, -0.027248598635196686, 0.09163983166217804, -0.15398910641670227, 1.2935636043548584, 0.7683203220367432, 0.18835538625717163, 0.08331137895584106, -0.41080179810523987, 0.4057796001434326, 0.11820557713508606, -0.5151283144950867, 0.7939504384994507, -0.30052125453948975, -0.01867237500846386, 0.0705815777182579, -0.11181076616048813, 0.3356439769268036, 0.0046771131455898285, 0.054847750812768936, 0.07962384074926376, -0.41569003462791443, 0.4468044340610504, 0.13557131588459015, -0.5379832983016968, 0.8299709558486938, -0.057814497500658035, -0.007290257606655359, 0.02933608368039131, -0.16247576475143433, 1.7368160486221313, 0.6925919651985168, -0.13236647844314575, 0.07841987907886505, -0.3716224133968353, 0.5068479776382446, -0.2920699715614319, 0.3584216833114624, 0.8582561016082764, -0.2227679342031479, 0.22182464599609375, -0.07803498953580856, -0.04191012308001518, 6.874925136566162, 7.4481635093688965, 4.108898639678955, 0.022668959572911263, -0.3898506462574005, 0.49407699704170227, 0.4195854663848877, -0.5218557715415955, 0.70238196849823, 0.2414001077413559, 0.2502330243587494, 0.08108643442392349, -0.18190421164035797, 0.4045945703983307, 2.6987485885620117, 2.0231287479400635, 0.041532497853040695, -0.37252891063690186, 0.08038439601659775, 0.0040260073728859425, 0.0007259129779413342, -0.0005579161806963384, 0.06710565090179443, -0.3458516597747803, 0.23268721997737885, 0.00900996383279562, 0.0004066667170263827, -0.0013829692034050822, 0.02976488322019577, -0.005215323064476252, 0.041805241256952286, 0.0005636941641569138, 0.000541325134690851, -0.0007548433495685458, 0.05516309291124344, 0.03898489847779274, 0.09208092093467712, 0.005324203055351973, 0.0006497569265775383, -0.001215036609210074, 0.38247889280319214, 0.3535047769546509, 0.0453074611723423, -0.0023684699553996325, 0.0027352548204362392, 0.002193321008235216, -1.0, -0.992822527885437, -1.0, -1.0, -1.0, -1.0, -0.724420964717865, -0.3147834539413452, 1.0, -0.07005687803030014, -1.0, -0.9560875296592712, -1.0, 1.0, -0.7194709777832031, 1.0, 0.9535383582115173, -0.874930202960968, 0.9592188596725464, 0.6819686889648438]
[-0.9678374528884888, -0.8962276577949524, -0.678732693195343, -0.8673942685127258, -0.9797725081443787, -0.7935904264450073, -0.6094234585762024, -0.9171066880226135, -0.396389365196228, -0.280595600605011, 0.8048971891403198, 0.0034415137488394976, -0.9591185450553894, -0.7676876783370972, -0.37707868218421936, -0.9963522553443909, 0.7898870706558228, -0.31642821431159973, 0.015456080436706543, 0.7464774250984192, 0.7246347069740295, -0.6432112455368042, 0.8161718845367432, 0.63004070520401, -0.01870114915072918, -0.061160679906606674, -0.039512183517217636, -0.03511520475149155, -0.04448406770825386, -0.0560668483376503, -0.07870783656835556, 0.1280072033405304, 0.2743211090564728, 0.0670165866613388, 0.007180587388575077, 0.18427449464797974, -0.08524185419082642, -0.10549308359622955, -0.49317383766174316, -0.0022941105999052525, 0.3379147946834564, -0.8863264322280884, -1.0197749137878418, 0.6162330508232117, 0.19136089086532593, -0.06616562604904175, 0.052310455590486526, 0.13365857303142548, -0.04727960005402565, 1.5146911144256592, -0.023484960198402405, 0.061827853322029114, 0.020618345588445663, 0.006512868218123913, -0.04183260723948479, 0.13649101555347443, 0.05866917222738266, 0.021047048270702362, 0.01954863779246807, 0.12526430189609528, 0.049694836139678955, 0.017542848363518715, 0.17688719928264618, -0.005296862218528986, 0.04264692962169647, 0.009592895396053791, 0.0012519833398982882, -0.11526703834533691, -0.044465627521276474, -0.01918136700987816, 0.041042618453502655, 0.01345368567854166, 0.05001091957092285, -0.46521222591400146, 0.40370750427246094, -0.19264544546604156, -0.5717313885688782, -0.7874296307563782, -0.12635506689548492, 0.2933485209941864, -0.09618385881185532, -0.17895109951496124, 1.1680842638015747, 0.7552369832992554, 1.0957024097442627, 0.0, -0.38999998569488525, 0.47999998927116394, 0.012645297683775425, 0.2464054822921753, 0.9690790772438049, 0.0032153106294572353, 0.3610043227672577, -0.14743506908416748, 0.16015540063381195, -0.9068016409873962, 0.06323976814746857, -0.4139867424964905, 0.39951401948928833, 0.23003126680850983, -0.7826558351516724, 0.5247199535369873, -0.24331939220428467, 0.010327761061489582, 0.05470901355147362, -0.06810013204813004, 0.8517581224441528, 0.45421987771987915, 0.34699442982673645, 0.08337718993425369, -0.4100636839866638, 0.4052921235561371, 0.11479721963405609, -0.5082250237464905, 0.7977155447006226, -0.3036094605922699, 0.01911918818950653, 0.03590436279773712, 0.06147129461169243, -1.475489616394043, -1.4743961095809937, 0.11784354597330093, 0.07974661141633987, -0.41507312655448914, 0.44605109095573425, 0.13767148554325104, -0.5437474250793457, 0.8258739113807678, -0.05759679526090622, 0.01467540580779314, 0.029102720320224762, 0.004003733862191439, 0.29239723086357117, 0.16826388239860535, 0.05876157805323601, 0.08136765658855438, -0.3713794946670532, 0.5047392845153809, -0.2637890875339508, 0.28606659173965454, 0.885033905506134, -0.25553131103515625, 0.21833369135856628, -0.09066478163003922, 0.001236560521647334, 6.500333309173584, 6.95632791519165, 3.8213274478912354, 0.025710448622703552, -0.38890740275382996, 0.491607129573822, 0.44200947880744934, -0.5133434534072876, 0.6951485872268677, 0.24057142436504364, 0.1823672354221344, 0.058208905160427094, -0.15352989733219147, 0.3961404263973236, 2.204545736312866, 1.473555564880371, -0.13076913356781006, -0.3541482090950012, 0.09561985731124878, 0.0012006446486338973, -0.001555160852149129, -0.00033047498436644673, -0.23144245147705078, -0.6546267867088318, 0.6409280300140381, 0.01122764777392149, -0.0019127116538584232, 0.002181294606998563, 0.13861504197120667, -0.695892870426178, 0.34127727150917053, 0.007104456890374422, 0.001560922246426344, -0.0008761254721321166, 0.019382204860448837, 0.22361724078655243, 0.31350040435791016, 0.00460624136030674, 0.000953273382037878, -0.0006359886610880494, 0.6470322012901306, 0.27530235052108765, 0.09306702017784119, -0.0020388260018080473, 0.003101171925663948, 0.0019496367312967777, -1.0, -0.8341705799102783, -1.0, -1.0, -1.0, -1.0, -0.7207728624343872, -0.18676744401454926, 1.0, 0.1767413318157196, -1.0, -0.8900116682052612, -1.0, 0.9805015921592712, -0.8342018127441406, 1.0, 0.8185028433799744, -0.7682772278785706, 0.8354966640472412, 0.7194321155548096]
[-0.9732138514518738, -0.9082968235015869, -0.6996380090713501, -0.8757544755935669, -0.9833985567092896, -0.7986488938331604, -0.6456200480461121, -0.8975144028663635, -0.36712998151779175, -0.27205291390419006, 0.8179508447647095, 0.04646969214081764, -0.967494010925293, -0.7780752778053284, -0.4447084963321686, -0.9968565702438354, 0.817063570022583, -0.40764710307121277, -0.09148960560560226, 0.7832486629486084, 0.737976610660553, -0.6518393754959106, 0.8118569850921631, 0.6345857381820679, -0.020469794049859047, -0.09469956159591675, -0.13017211854457855, -0.1207948699593544, -0.0285320021212101, -0.03996916115283966, -0.20901885628700256, 0.22987952828407288, 0.2745765447616577, 0.08760186284780502, 0.09191940724849701, 0.5152528882026672, -0.07024643570184708, -0.08980471640825272, -0.2155231237411499, -0.0019494288135319948, 0.2049947828054428, -0.8183728456497192, -0.9882146120071411, 0.3669144809246063, 0.041783567517995834, -7.982925126270857e-06, -0.06800299882888794, -0.005922125652432442, -0.004188648425042629, -0.21013695001602173, -0.04313133656978607, -0.05539233237504959, -0.02118755504488945, -0.006944415625184774, -0.04521818459033966, 0.016509968787431717, 0.007069919258356094, 0.0031078082975000143, 0.022321874275803566, 0.07342679798603058, 0.034515924751758575, 0.013653837144374847, 0.13623006641864777, -0.0037134273443371058, 0.0268399715423584, 0.014651426114141941, 0.005836680065840483, -0.08102089911699295, -0.07255972921848297, -0.0315074659883976, 0.02480802685022354, 0.003942199517041445, 0.05483667552471161, -0.4660845696926117, 0.4000081717967987, -0.17015625536441803, -0.5482352375984192, -0.813985288143158, -0.08895444124937057, 0.2895430624485016, -0.03238365799188614, -0.2359904795885086, 0.7817229628562927, -0.5254574418067932, 0.8920111656188965, 0.0, -0.38999998569488525, 0.47999998927116394, 0.012645297683775425, 0.2464054822921753, 0.9690790772438049, 0.0032153106294572353, 0.331290602684021, -0.1344456821680069, 0.11858149617910385, -0.9263419508934021, 0.06348420679569244, -0.41273999214172363, 0.3981640934944153, 0.2334597408771515, -0.7873698472976685, 0.5153254270553589, -0.24491828680038452, 0.026710737496614456, 0.10848364979028702, -0.11475498229265213, 1.3307476043701172, 0.45908159017562866, 0.759726881980896, 0.08411882817745209, -0.4093456268310547, 0.4059225618839264, 0.10794360190629959, -0.49292272329330444, 0.8049056529998779, -0.31225326657295227, 0.049124859273433685, 0.06861456483602524, 0.08141587674617767, -1.6078323125839233, -2.1364591121673584, 0.5456742644309998, 0.07990707457065582, -0.4142167866230011, 0.4471889138221741, 0.13881559669971466, -0.538269579410553, 0.8293114304542542, -0.056907299906015396, 0.005264744162559509, 0.06914658099412918, 0.11990214139223099, -1.4032658338546753, 0.028134796768426895, 0.03188910707831383, 0.08350939303636551, -0.3715207576751709, 0.5032477378845215, -0.23769380152225494, 0.21537278592586517, 0.9045857787132263, -0.28078585863113403, 0.1649623066186905, -0.12131369113922119, -0.008608056232333183, 6.4786763191223145, 6.019983768463135, 3.106327772140503, 0.027684886008501053, -0.38835370540618896, 0.4893485903739929, 0.46128958463668823, -0.5099946856498718, 0.6861212253570557, 0.23739208281040192, 0.11169755458831787, 0.031065531075000763, -0.1636880785226822, 1.301594614982605, 1.813929796218872, 1.2467175722122192, -0.23411142826080322, 0.3004636764526367, -0.05044272541999817, -0.002437461167573929, -0.0026644249446690083, 0.0008810799336060882, -0.23311561346054077, -0.0800948217511177, 0.04707556217908859, 0.0019063856452703476, -0.001303952420130372, 0.0029891286976635456, 0.12519699335098267, -0.4670836329460144, 0.03724443167448044, 0.006647583097219467, 0.00115280132740736, -0.002094718161970377, 0.2715398967266083, -0.015068002976477146, 0.2160567045211792, 0.005610660184174776, 0.0015068509383127093, -0.0032216361723840237, 0.30393752455711365, 0.4708116948604584, 0.030119361355900764, -0.002768727485090494, -0.0009207992115989327, 0.0029715269338339567, -1.0, -0.9814822673797607, -1.0, -1.0, -1.0, -1.0, -0.7089551687240601, -0.19670595228672028, 0.9989186525344849, 0.42720654606819153, -1.0, -0.5794609189033508, -1.0, 0.9225934147834778, -0.8704051971435547, 0.9105595350265503, 0.7239078283309937, -0.6289048194885254, 0.7233651876449585, 0.6077073216438293]
[-0.9788522720336914, -0.9231522679328918, -0.7288787364959717, -0.8901509642601013, -0.9861053824424744, -0.8021888136863708, -0.7082971930503845, -0.8868974447250366, -0.36610376834869385, -0.2669157385826111, 0.8355620503425598, 0.1123768761754036, -0.9740755558013916, -0.7865697145462036, -0.43533238768577576, -0.9971933960914612, 0.8287715911865234, -0.4864141345024109, -0.1903148591518402, 0.7897475957870483, 0.744265079498291, -0.6231048107147217, 0.7942371964454651, 0.6137064099311829, -0.02385200746357441, -0.10983932018280029, -0.21665802597999573, -0.17034147679805756, -0.02239002287387848, -0.028460204601287842, -0.29477331042289734, 0.021663473919034004, -0.14309249818325043, -0.004823146853595972, 0.08881484717130661, 0.6609388589859009, -0.05378774553537369, -0.0707230195403099, 0.1874855011701584, -0.001251161564141512, 0.06015074998140335, -0.6778043508529663, -0.8662029504776001, -0.07617070525884628, 0.0470355786383152, 0.10732092708349228, -0.12650948762893677, -0.2886151671409607, -0.11670809984207153, -0.13346509635448456, -0.06582249701023102, -0.03408122435212135, -0.013096634298563004, -0.004337122663855553, -0.05839791148900986, -0.08956123143434525, -0.06929189711809158, -0.030644843354821205, 0.014234626665711403, 0.018386078998446465, 0.010402344167232513, 0.004812002182006836, 0.183559387922287, -0.0033529268112033606, 0.05055354908108711, 0.028290022164583206, 0.014353273436427116, -0.13478368520736694, -0.010484954342246056, 0.0064531597308814526, 0.06113428995013237, 0.013160664588212967, 0.05986484885215759, -0.46573832631111145, 0.39485299587249756, -0.1383221298456192, -0.5253777503967285, -0.8369624614715576, -0.06587186455726624, 0.2813206613063812, 0.05352233722805977, -0.29798218607902527, 0.7736526131629944, -0.05999631807208061, 0.7989911437034607, 0.0, -0.38999998569488525, 0.47999998927116394, 0.012645297683775425, 0.2464054822921753, 0.9690790772438049, 0.0032153106294572353, 0.30328866839408875, -0.10891948640346527, 0.08858372271060944, -0.9424996972084045, 0.06374000012874603, -0.41105619072914124, 0.3963736295700073, 0.23770694434642792, -0.792881429195404, 0.5036474466323853, -0.24733290076255798, 0.04794205352663994, 0.15056952834129333, -0.1344560831785202, 1.6355687379837036, 0.36664846539497375, 1.1508452892303467, 0.08522836863994598, -0.4078626036643982, 0.40543001890182495, 0.10530126839876175, -0.4909879267215729, 0.802075207233429, -0.32329219579696655, 0.08707790076732635, 0.10982567071914673, -0.08785596489906311, 1.3961186408996582, -0.15408074855804443, 1.3740277290344238, 0.08011902123689651, -0.4129084348678589, 0.44933244585990906, 0.13974812626838684, -0.5245959758758545, 0.8378767967224121, -0.05685022100806236, 0.01441273745149374, 0.10155526548624039, 0.16905944049358368, -2.198068141937256, -0.1578330397605896, 0.23186828196048737, 0.08413922041654587, -0.3722490072250366, 0.5024808049201965, -0.21953845024108887, 0.15263816714286804, 0.9173272252082825, -0.2949831187725067, 0.047796592116355896, -0.1421070396900177, 0.016172129660844803, 5.708219528198242, 3.980597496032715, 1.9675729274749756, 0.02864028513431549, -0.3880865275859833, 0.4881472587585449, 0.47655507922172546, -0.5112147331237793, 0.6783841252326965, 0.22660428285598755, 0.061607979238033295, 0.021879073232412338, -0.06516793370246887, 1.697977900505066, 0.49755898118019104, 1.6213961839675903, -0.3587181866168976, 0.18684446811676025, -0.022119246423244476, -0.001534455455839634, -0.003948016557842493, 0.0010483218356966972, -0.31006091833114624, 0.7636767625808716, -0.4870210587978363, -0.01918969303369522, -0.0016330895014107227, 0.0037658263463526964, 0.06765162199735641, -0.14415878057479858, -0.009553391486406326, 0.0026496208738535643, 0.0007400148315355182, -0.001616881461814046, 0.3482908010482788, -0.16453203558921814, 0.4128098487854004, 0.011885291896760464, 0.0026933816261589527, -0.0038039395585656166, 0.7484530806541443, -0.01555624883621931, -0.03052002191543579, 0.0012012809747830033, 0.0011854154290631413, 0.0054704537615180016, -1.0, -1.0, -1.0, -1.0, -1.0, -1.0, -0.8826956152915955, -0.5064933896064758, 0.8417476415634155, 0.5394917130470276, -1.0, -0.01970195211470127, -1.0, 0.8520281910896301, -0.852249264717102, 0.6850931644439697, 0.7840608954429626, -0.30835384130477905, 0.6772396564483643, 0.3946784734725952]
[-0.9856703281402588, -0.9386147260665894, -0.7757740616798401, -0.9077723622322083, -0.9884243011474609, -0.8049535751342773, -0.7698386907577515, -0.8910255432128906, -0.38473713397979736, -0.2712138891220093, 0.8504377007484436, 0.18074609339237213, -0.9789041876792908, -0.7929588556289673, -0.3574295938014984, -0.9974430799484253, 0.8223873972892761, -0.5577486753463745, -0.2753956913948059, 0.7661861777305603, 0.7450343370437622, -0.5500326156616211, 0.7691176533699036, 0.5677521228790283, -0.027314944192767143, -0.1045658141374588, -0.17950569093227386, -0.15998415648937225, -0.02138458378612995, -0.024793170392513275, -0.2447882741689682, -0.06568317860364914, -0.18353626132011414, -0.0570635087788105, 0.04710899293422699, 0.615304172039032, -0.039332207292318344, -0.0516468770802021, 0.4543910622596741, -0.0011580366408452392, -0.1207578107714653, -0.6482659578323364, -0.7620577812194824, -0.40682855248451233, -0.016626570373773575, 0.21650007367134094, -0.1667039543390274, -0.49343371391296387, -0.02311343140900135, 0.15412437915802002, 0.01595418155193329, 0.015205277130007744, 0.006001713685691357, 0.0022014386486262083, 0.005179363302886486, -0.020666275173425674, -0.012080807238817215, -0.005722499918192625, -0.002605090383440256, -0.023143090307712555, -0.008872315287590027, -0.002617474179714918, 0.12379371374845505, -0.00012931022502016276, 0.013644630089402199, 0.0074910190887749195, 0.004772871267050505, -0.10216843336820602, -0.028025303035974503, -0.0043183290399611, 0.0483868308365345, 0.011743432842195034, 0.06448712199926376, -0.4640665054321289, 0.3891661465167999, -0.11632926017045975, -0.5008105039596558, -0.8566356301307678, -0.042799729853868484, 0.26149606704711914, 0.10631681978702545, -0.34782761335372925, 0.788588285446167, -0.233620285987854, 0.6496074199676514, 0.0, -0.38999998569488525, 0.47999998927116394, 0.012645297683775425, 0.2464054822921753, 0.9690790772438049, 0.0032153106294572353, 0.2744124233722687, -0.09296402335166931, 0.061053238809108734, -0.9551587104797363, 0.06429633498191833, -0.4089306592941284, 0.3944920599460602, 0.24320794641971588, -0.7980968952178955, 0.490138441324234, -0.25230035185813904, 0.038301341235637665, 0.14085280895233154, -0.12577670812606812, 1.4968430995941162, 0.4109303951263428, 1.014362096786499, 0.08626635372638702, -0.40596017241477966, 0.4038068652153015, 0.10828684270381927, -0.5028865337371826, 0.7905128598213196, -0.33236804604530334, 0.07794814556837082, 0.11122661828994751, -0.12798278033733368, 1.9718989133834839, 0.5480070114135742, 1.349963903427124, 0.08043691515922546, -0.4113645851612091, 0.45154738426208496, 0.1407424509525299, -0.5088250041007996, 0.8473173975944519, -0.05780870094895363, 0.02636493742465973, 0.11048690974712372, 0.15405578911304474, -2.105102777481079, -0.2601455748081207, 0.4225003719329834, 0.08363262563943863, -0.37369266152381897, 0.5024033188819885, -0.20984907448291779, 0.09744865447282791, 0.925091564655304, -0.3011191189289093, -0.008627822622656822, -0.18522903323173523, 0.030853137373924255, 5.593356609344482, 2.9160730838775635, 1.5125614404678345, 0.028697466477751732, -0.38810494542121887, 0.48830267786979675, 0.4868435561656952, -0.5151062607765198, 0.6738682985305786, 0.20868709683418274, 0.009518488310277462, 0.004779620096087456, 0.011645416729152203, 1.900014042854309, -0.44837892055511475, 1.737661361694336, 0.08334547281265259, -0.09030372649431229, 0.01611776277422905, 0.0008468827581964433, 0.0009751693578436971, -0.0003320343093946576, 0.02036249451339245, 0.1402006894350052, -0.08456156402826309, -0.003619489725679159, 6.599095650017262e-05, -0.0003609418636187911, -0.022372789680957794, 0.11564352363348007, 0.002347980858758092, -0.0008828215068206191, -0.00016971085278782994, 0.00046785036101937294, 0.19746200740337372, 0.007902647368609905, 0.20051169395446777, 0.004891410935670137, 0.0017857779748737812, -0.0018562574405223131, 0.6193339824676514, 0.08696085959672928, -0.03307843953371048, 0.00032867660047486424, 0.0018340894021093845, 0.0035505788400769234, -1.0, -1.0, -1.0, -1.0, -1.0, -1.0, -0.9216431975364685, -0.4878086745738983, 0.8537861704826355, 0.5436006784439087, -1.0, 0.30940014123916626, -1.0, 0.7232677340507507, -0.9292488694190979, 0.5295270681381226, 0.7171443700790405, 0.006637239828705788, 0.6188520193099976, 0.23891347646713257]
[-0.9936622977256775, -0.9528771042823792, -0.8145613074302673, -0.9235209822654724, -0.9905433654785156, -0.8074784874916077, -0.8261027932167053, -0.9058678150177002, -0.41094762086868286, -0.2790902853012085, 0.8655068874359131, 0.24463681876659393, -0.9826309680938721, -0.7977015376091003, -0.23856867849826813, -0.9976868033409119, 0.7948300838470459, -0.6231727004051208, -0.3529561758041382, 0.7052134871482849, 0.7370120286941528, -0.44761979579925537, 0.7331128120422363, 0.5011998414993286, -0.030417529866099358, -0.09312473982572556, -0.14872366189956665, -0.13882124423980713, -0.018977031111717224, -0.022961996495723724, -0.2127688229084015, -0.16120003163814545, -0.2640003263950348, -0.0849992111325264, 0.05843707546591759, 0.5790661573410034, -0.03152552992105484, -0.03951169177889824, 0.5988909006118774, -0.0011725594522431493, -0.32550176978111267, -0.5812464952468872, -0.7035754323005676, -0.9399622082710266, -0.0804768055677414, 0.2687058746814728, -0.24477605521678925, -0.6749365925788879, 0.034665293991565704, 0.25051721930503845, 0.015575915575027466, 0.023703379556536674, 0.009325848892331123, 0.0033480762504041195, 0.023929446935653687, -0.0052548060193657875, -0.007334236055612564, -0.004031609743833542, 0.001279759220778942, -0.013820663094520569, -0.005640122108161449, -0.0017966987797990441, 0.06367470324039459, 0.002168120816349983, -0.017973149195313454, -0.0015041547594591975, 0.0016738814301788807, -0.16080236434936523, -0.030268868431448936, -0.01519053801894188, 0.0751304030418396, 0.02149846777319908, 0.06844553351402283, -0.4615124464035034, 0.3828972578048706, -0.0955951139330864, -0.47462332248687744, -0.8745005130767822, -0.029034432023763657, 0.2173338681459427, 0.15316957235336304, -0.38215604424476624, 0.7601397633552551, -0.4026317596435547, 0.37770703434944153, 0.0, -0.38999998569488525, 0.47999998927116394, 0.012645297683775425, 0.2464054822921753, 0.9690790772438049, 0.0032153106294572353, 0.24452561140060425, -0.07595273107290268, 0.042878277599811554, -0.9657121300697327, 0.0647827684879303, -0.4069821536540985, 0.39279791712760925, 0.2482297420501709, -0.8026755452156067, 0.47791963815689087, -0.2562939524650574, 0.033677004277706146, 0.12635549902915955, -0.10930515080690384, 1.3010051250457764, 0.39161914587020874, 0.8926131129264832, 0.08719728142023087, -0.4038485288619995, 0.40163078904151917, 0.11448077857494354, -0.5209329128265381, 0.7746694684028625, -0.33972060680389404, 0.07404728978872299, 0.11861185729503632, -0.172196164727211, 2.6169605255126953, 1.2802714109420776, 1.4352613687515259, 0.0807933658361435, -0.4097570776939392, 0.453614741563797, 0.14179852604866028, -0.4931392967700958, 0.8562924861907959, -0.05890470743179321, 0.02550932765007019, 0.11323503404855728, 0.1485343724489212, -2.093838691711426, -0.23303797841072083, 0.39285844564437866, 0.08275625854730606, -0.37584155797958374, 0.5025628805160522, -0.20483922958374023, 0.04376166686415672, 0.9292945861816406, -0.3041993975639343, -0.021367626264691353, -0.22676442563533783, 0.022052614018321037, 5.689042091369629, 2.41017746925354, 1.4789291620254517, 0.02738184481859207, -0.3885616362094879, 0.49010467529296875, 0.4878295361995697, -0.5223099589347839, 0.6742863655090332, 0.1858828365802765, -0.09558424353599548, -0.026248443871736526, 0.13694871962070465, 1.7692269086837769, -2.10471248626709, 1.2851057052612305, 0.08224979043006897, -0.14041902124881744, 0.018366947770118713, 0.0012417910620570183, 0.0008573905797675252, -0.00028663824195973575, 0.11756587773561478, 0.08469915390014648, -0.026665937155485153, -0.0027611227706074715, 0.0005921862320974469, -0.001437762868590653, 0.009605471976101398, 0.07398511469364166, 0.0283983051776886, -0.000686921994201839, 6.735933129675686e-05, 0.00028421697788871825, 0.07323934137821198, 0.06338019669055939, 0.04283203184604645, 0.00262458436191082, 0.0007335504051297903, -0.0005394062027335167, 1.0193465948104858, 0.20225790143013, -0.10687627643346786, -0.0006979529280215502, 0.005188922397792339, 0.005263739265501499, -1.0, -1.0, -1.0, -1.0, -1.0, -1.0, -0.9936659336090088, -0.56798255443573, 0.9072574377059937, 0.5907775163650513, -1.0, 0.5406560897827148, -1.0, 0.5644279718399048, -0.9503324031829834, 0.19500112533569336, 0.6562291383743286, 0.18455269932746887, 0.510532021522522, 0.06911853700876236]
[-1.000001072883606, -0.96547532081604, -0.8221350312232971, -0.9369311332702637, -0.9923680424690247, -0.8097503185272217, -0.8668086528778076, -0.9244003891944885, -0.4473830461502075, -0.2902625501155853, 0.8883540034294128, 0.30203285813331604, -0.9855403900146484, -0.8013928532600403, -0.09889791905879974, -0.9980105757713318, 0.7448559999465942, -0.6759781241416931, -0.4216254949569702, 0.5988200306892395, 0.7193514704704285, -0.3334522843360901, 0.6795793175697327, 0.4244265854358673, 6.707107968395576e-05, -0.08169277012348175, 0.03163613751530647, -0.11830957978963852, -0.015978574752807617, -0.019990019500255585, -0.16999489068984985, -0.16699030995368958, -0.36854153871536255, -0.11985254287719727, 0.11093298345804214, 0.5038422346115112, -0.024145739153027534, -0.03091624192893505, 0.6648462414741516, -0.0020580883137881756, -0.534487247467041, -0.43899795413017273, -0.5840513110160828, -1.5131092071533203, -0.15150614082813263, 0.28585290908813477, -0.36724045872688293, -0.723775327205658, 1.8886923789978027, 0.2287416160106659, 0.11163816601037979, 0.018210282549262047, 0.008343562483787537, 0.00343360286206007, 0.06311537325382233, 0.020510073751211166, 0.0034510367549955845, -0.0005846409476362169, 0.052567869424819946, -0.04561063274741173, -0.017565978690981865, -0.0059662144631147385, 0.08705110847949982, 0.013772440142929554, -0.024189338088035583, -0.0001547407009638846, 0.005390392616391182, -0.20017710328102112, -0.08741387724876404, -0.05020976439118385, 0.09074831008911133, 0.028789300471544266, 0.0712946429848671, -0.4583820104598999, 0.3763130009174347, -0.07818934321403503, -0.4457608461380005, -0.8914067149162292, -0.024032918736338615, 0.11165666580200195, 0.1638173758983612, -0.38649889826774597, 0.7506816387176514, -0.37164613604545593, 0.08801290392875671, 0.0, -0.38999998569488525, 0.47999998927116394, 0.012645297683775425, 0.2464054822921753, 0.9690790772438049, 0.0032153106294572353, 0.2123824954032898, -0.06001097336411476, 0.034053146839141846, -0.9747474789619446, 0.06467728316783905, -0.40568509697914124, 0.39123502373695374, 0.25116437673568726, -0.8074310421943665, 0.4686393439769745, -0.25563398003578186, -0.04377876594662666, 0.057147376239299774, -0.10542424768209457, 0.8862518668174744, 0.7782288789749146, 0.013418450020253658, 0.08775869756937027, -0.40189093351364136, 0.39919209480285645, 0.12334682047367096, -0.5434162616729736, 0.7560008764266968, -0.34343403577804565, 0.04119034484028816, 0.0991714596748352, -0.1893761157989502, 3.013697862625122, 1.865270972251892, 1.2732938528060913, 0.08095761388540268, -0.40825897455215454, 0.4554859399795532, 0.14287376403808594, -0.4783448278903961, 0.864507794380188, -0.05830627679824829, -0.011897223070263863, 0.09131833165884018, 0.12936697900295258, -1.9395041465759277, -0.03673451021313667, -0.0033196453005075455, 0.08183735609054565, -0.3786073327064514, 0.5026258826255798, -0.20303966104984283, -0.007641739211976528, 0.9301214218139648, -0.3059259057044983, -0.03688011318445206, -0.263036847114563, -0.0023898910731077194, 5.370718479156494, 1.8280967473983765, 1.2808982133865356, 0.02398350089788437, -0.3894394040107727, 0.49363797903060913, 0.47392740845680237, -0.5327732563018799, 0.6824424862861633, 0.16067874431610107, -0.2597435712814331, -0.05581523850560188, 0.25503119826316833, 1.1970343589782715, -4.055833339691162, 0.3210509419441223, 0.6080601215362549, -0.1312602162361145, -0.11814884096384048, 0.0014646993950009346, 0.004518537316471338, 0.00037827063351869583, 0.3673827350139618, -0.07719560712575912, -0.001584719168022275, -0.0017425748519599438, 0.0016690751072019339, -0.0003362396382726729, 0.4715365469455719, 0.26430395245552063, 0.0624176450073719, -0.0020016548223793507, 0.002477743197232485, -0.0018613277934491634, 0.2892415523529053, 0.017590925097465515, 0.06293550133705139, 0.0056542567908763885, -0.0005097331595607102, -0.001875667367130518, 1.2843647003173828, 0.667967677116394, -0.30016833543777466, -0.0027595623396337032, 0.008239466696977615, 0.005076968111097813, -1.0, -1.0, -1.0, -1.0, -1.0, -1.0, -1.0, -0.6626810431480408, 1.0, 0.6016225218772888, -1.0, 0.7328560948371887, -1.0, 0.3885473608970642, -0.9068819284439087, -0.1777910590171814, 0.57266765832901, 0.30190661549568176, 0.33939680457115173, -0.013564907014369965]
[-0.999731719493866, -0.9762406945228577, -0.82218337059021, -0.948373556137085, -0.9938908219337463, -0.8116692900657654, -0.8945955038070679, -0.9412164688110352, -0.4866742789745331, -0.3038123548030853, 0.9116661548614502, 0.3566012680530548, -0.9880273342132568, -0.8044242262840271, 0.05230242758989334, -0.9983559250831604, 0.6784065961837769, -0.7145988941192627, -0.4745922088623047, 0.4522678852081299, 0.697738528251648, -0.21976135671138763, 0.6008043885231018, 0.35002049803733826, 0.0037875582929700613, -0.06799694150686264, -0.05457576736807823, -0.09837412089109421, -0.013343052938580513, -0.016592416912317276, -0.11198653280735016, -0.14992694556713104, -0.35554516315460205, -0.128339022397995, 0.08943279087543488, 0.5037817358970642, -0.021636174991726875, -0.026550566777586937, 0.7153081893920898, -0.0011806010734289885, -0.6549184918403625, -0.3133704662322998, -0.42432671785354614, -1.96597158908844, -0.1601404994726181, 0.2743251919746399, -0.5393444895744324, -0.6654186248779297, 0.14690853655338287, 0.30040040612220764, -0.05885942280292511, 0.023835590109229088, 0.009453539736568928, 0.003471448551863432, 0.010379747487604618, 0.017339421436190605, 0.009048468433320522, 0.003000696189701557, 0.0030026701278984547, -0.004138284362852573, -0.001639891997911036, -0.0005475153448060155, 0.018955161795020103, 0.004028706345707178, -0.00945589691400528, 0.0061330292373895645, 0.008618175983428955, -0.11309567093849182, 0.005449161399155855, -0.013399961404502392, 0.0434812568128109, 0.016815301030874252, 0.07289385795593262, -0.4548449218273163, 0.3695310950279236, -0.05562843382358551, -0.41376423835754395, -0.9077731966972351, -0.040648091584444046, 0.08577950298786163, 0.23330485820770264, -0.3873165547847748, 0.8831979632377625, -0.6210814714431763, -0.17931285500526428, 0.0, -0.38999998569488525, 0.47999998927116394, 0.012645297683775425, 0.2464054822921753, 0.9690790772438049, 0.0032153106294572353, 0.17762510478496552, -0.033743761479854584, 0.04494743421673775, -0.9824919104576111, 0.06419111043214798, -0.4047794044017792, 0.3898869752883911, 0.25260069966316223, -0.8118515014648438, 0.46125298738479614, -0.25364476442337036, -0.014434187673032284, 0.06923781335353851, -0.08085781335830688, 0.8585903644561768, 0.42083826661109924, 0.3073146939277649, 0.08780825883150101, -0.40034961700439453, 0.39690837264060974, 0.13246363401412964, -0.5661345720291138, 0.7373340129852295, -0.3439235985279083, 0.021722543984651566, 0.08270574361085892, -0.17400334775447845, 2.773611307144165, 1.9306391477584839, 1.0310155153274536, 0.08081871271133423, -0.406922847032547, 0.4573366940021515, 0.14342981576919556, -0.46369338035583496, 0.8724658489227295, -0.05674154683947563, -0.008033232763409615, 0.09585011005401611, 0.13677479326725006, -2.0022404193878174, -0.1187862753868103, 0.08555489033460617, 0.08066341280937195, -0.3818340301513672, 0.5025854110717773, -0.20509259402751923, -0.05209210142493248, 0.9283146858215332, -0.3057044446468353, -0.05747228115797043, -0.26186153292655945, -0.01345282606780529, 4.642509937286377, 0.9863067269325256, 1.012387752532959, 0.01831868290901184, -0.39030006527900696, 0.49829554557800293, 0.44513970613479614, -0.5434786081314087, 0.6989042162895203, 0.13421763479709625, -0.3847656846046448, -0.04017733410000801, 0.3254453241825104, 0.37928932905197144, -5.684876441955566, -0.12696944177150726, -0.31901851296424866, -0.14336587488651276, 0.0049195908941328526, 0.001320960232988, -0.0040095471777021885, 0.0008458126685582101, 0.05120303854346275, -0.10226593166589737, 0.0736936628818512, 0.0014667074428871274, 0.00016820643213577569, -0.00022634203196503222, 0.03699282556772232, 0.024468902498483658, 0.04425680637359619, -0.00018048186029773206, 0.0001633333886275068, 0.00047278107376769185, 0.0006625940441153944, -0.10561857372522354, 0.03667030856013298, 0.007033898029476404, -0.0002392058086115867, 1.1930923392355908e-05, 0.6777423024177551, 0.12511469423770905, -0.13808244466781616, -0.0004632826312445104, 0.005971426144242287, 0.0032772936392575502, -0.9698449373245239, -1.0, -1.0, -1.0, -1.0, -1.0, -1.0, -0.6768267750740051, 1.0, 0.6643415689468384, -1.0, 0.9359439611434937, -1.0, 0.26779794692993164, -0.874208390712738, -0.5045700073242188, 0.5665053129196167, 0.38362666964530945, 0.08607293665409088, -0.036275945603847504]
[-0.9688407778739929, -0.9866843223571777, -0.8561127781867981, -0.963948130607605, -0.9987772703170776, -0.816040575504303, -0.9267478585243225, -0.9553242325782776, -0.5193322896957397, -0.31622591614723206, 0.9301173090934753, 0.4141899049282074, -0.9900220036506653, -0.8069720268249512, 0.19736509025096893, -0.9996038675308228, 0.6110231876373291, -0.7419064044952393, -0.5119089484214783, 0.2674484848976135, 0.685695469379425, -0.08863260596990585, 0.4804883599281311, 0.303417831659317, 0.1987394392490387, -0.06839712709188461, -0.15860478579998016, -0.14565305411815643, -0.047663118690252304, -0.0516362190246582, -0.13635535538196564, -0.1100085973739624, -0.2684345543384552, -0.10394012182950974, 0.06069878488779068, 0.5483567714691162, -0.016526756808161736, -0.02149752900004387, 0.64700847864151, -0.006419861223548651, -0.6041614413261414, -0.21954019367694855, -0.2935316860675812, -2.448747396469116, -0.051823247224092484, 0.34567466378211975, -0.8364079594612122, -0.30588069558143616, 3.724919557571411, 0.41821038722991943, 0.16990891098976135, 0.07442985475063324, 0.03999160975217819, 0.016229704022407532, 0.12732358276844025, 0.04281867668032646, 0.02671973966062069, 0.01094060204923153, 0.06865932047367096, -0.027391081675887108, -0.008427579887211323, -0.002482261508703232, 0.12968303263187408, 0.035001616925001144, 0.04930507391691208, 0.025576312094926834, 0.013287335634231567, -0.21293579041957855, -0.04773808643221855, -0.032734084874391556, 0.08641540259122849, 0.034964822232723236, 0.07323069870471954, -0.45188042521476746, 0.3638427257537842, -0.0962899923324585, -0.3617625832557678, -0.9252991676330566, 0.06064154580235481, -0.020889943465590477, 0.11386684328317642, -0.3143669366836548, 1.7426153421401978, 2.708317995071411, 2.6061620712280273, 0.0, -0.38999998569488525, 0.47999998927116394, 0.012645297683775425, 0.2464054822921753, 0.9690790772438049, 0.0032153106294572353, 0.12150134891271591, -0.09771750122308731, -0.042589783668518066, -0.9868509769439697, 0.06281500309705734, -0.4037940204143524, 0.3884962499141693, 0.2528499662876129, -0.81793612241745, 0.450192391872406, -0.25372037291526794, -0.14279918372631073, 0.044088516384363174, -0.09498786181211472, 1.4447838068008423, 0.49794965982437134, -0.149620920419693, 0.08654741197824478, -0.39963823556900024, 0.3949544429779053, 0.13738133013248444, -0.5857876539230347, 0.7218208312988281, -0.3419848680496216, -0.12624222040176392, -0.007647250778973103, -0.1384027600288391, 2.2604055404663086, 1.3533799648284912, 0.019537582993507385, 0.07932086288928986, -0.40617460012435913, 0.45931708812713623, 0.14169827103614807, -0.4482221007347107, 0.8810845017433167, -0.052043166011571884, -0.15764273703098297, 0.03150108829140663, 0.14980430901050568, -2.2203195095062256, -0.23152266442775726, -0.7080819606781006, 0.07820480316877365, -0.3855836093425751, 0.50241619348526, -0.21035391092300415, -0.08636445552110672, 0.9262437224388123, -0.30060774087905884, -0.19733396172523499, -0.2914276719093323, -0.025067606940865517, 3.686042308807373, 0.37656015157699585, -0.17874322831630707, 0.009738067165017128, -0.39048972725868225, 0.5037021636962891, 0.39770153164863586, -0.5477597713470459, 0.7276686429977417, 0.11086516082286835, -0.6341299414634705, 0.008559253066778183, 0.4120579957962036, -1.9819546937942505, -7.660653591156006, -1.471807837486267, 0.9162205457687378, -0.5622478723526001, -0.20109611749649048, 0.0077959890477359295, 0.005670957732945681, 0.0016596673522144556, 0.7336282730102539, -0.4061869978904724, 0.046861499547958374, 0.0048477984964847565, 0.003513264236971736, -0.00046933727571740746, 0.7847092151641846, 0.16868484020233154, 0.16173236072063446, 4.8010733735281974e-05, 0.0035809194669127464, -0.0009045017068274319, 0.49300673604011536, -0.2944960594177246, 0.327277809381485, 0.008869895711541176, -0.0013810216914862394, -0.0035114088095724583, 1.3998163938522339, 0.44934093952178955, -0.49972981214523315, -5.9769514336949214e-05, 0.012567758560180664, 0.0021819055546075106, -0.24239158630371094, -1.0, -1.0, -1.0, -1.0, -1.0, -1.0, -0.6567031741142273, 1.0, 0.7488428950309753, -1.0, 1.0, -1.0, 0.2673540711402893, -0.849803626537323, -0.9219880104064941, 0.6521469950675964, 0.7168765068054199, -0.320544570684433, 0.1863003671169281]
[-0.9323625564575195, -0.9867568016052246, -0.883463442325592, -0.9758715629577637, -1.000000238418579, -0.8198515176773071, -0.9477382302284241, -0.9101901054382324, -0.5148093700408936, -0.32288023829460144, 0.9453646540641785, 0.4520946741104126, -0.9648040533065796, -0.8040622472763062, 0.3240036368370056, -0.9992561340332031, 0.585241973400116, -0.7688034176826477, -0.5407914519309998, 0.098115473985672, 0.7046483755111694, 0.059496305882930756, 0.38575270771980286, 0.19672347605228424, 0.10350437462329865, 0.03282111510634422, -0.09343375265598297, -0.08247680217027664, 5.35304707227624e-06, -0.015130894258618355, -0.08666232973337173, 0.5293694734573364, 0.11098077148199081, -0.04020804166793823, 0.1133175864815712, 0.26956906914711, 0.36367928981781006, 0.07975473999977112, 0.5613812804222107, 0.0033811733592301607, -0.035940345376729965, -0.2582854926586151, -0.2721840441226959, -1.8866256475448608, 0.24713857471942902, 0.3804990351200104, -0.4551359713077545, -1.3376846313476562, -1.7362020015716553, 0.9359862804412842, -0.04143096134066582, 0.08497020602226257, 0.03091214969754219, 0.012092960998415947, -0.06981940567493439, 0.09115448594093323, 0.040033333003520966, 0.014820699580013752, -0.006768368650227785, -0.011206836439669132, 0.016786053776741028, 0.010945126414299011, -0.0799749493598938, -0.026005718857049942, 0.14391110837459564, 0.06262428313493729, 0.022446945309638977, 0.2826077938079834, 0.21944579482078552, 0.10077792406082153, -0.08757718652486801, -0.04785226285457611, 0.07230149209499359, -0.44955557584762573, 0.35976535081863403, -0.08066944777965546, -0.3039952516555786, -0.9471033811569214, 0.06383107602596283, -0.06903316080570221, 0.40146583318710327, 0.15588730573654175, -0.6457772254943848, -8.993196487426758, -10.700231552124023, 0.0, -0.38999998569488525, 0.47999998927116394, 0.012645297683775425, 0.2464054822921753, 0.9690790772438049, 0.0032153106294572353, 0.060157448053359985, -0.08290442079305649, -0.048869311809539795, -0.993539035320282, 0.061427656561136246, -0.40369850397109985, 0.38808414340019226, 0.25129276514053345, -0.821379542350769, 0.44478294253349304, -0.2536844313144684, -0.05271328240633011, -0.007464141584932804, 0.001579958712682128, 0.3515450656414032, -0.03008193150162697, -0.06221925839781761, 0.08566346764564514, -0.4014556407928467, 0.39725837111473083, 0.12803158164024353, -0.5739734172821045, 0.7322593927383423, -0.34345099329948425, -0.03681310638785362, -0.12416533380746841, 0.24556520581245422, -2.2169604301452637, -2.270704507827759, -0.8044823408126831, 0.07765502482652664, -0.40586358308792114, 0.4615935981273651, 0.13838112354278564, -0.4257153272628784, 0.8929240703582764, -0.047997474670410156, -0.08668659627437592, 0.05461984500288963, 0.19007988274097443, -3.7214810848236084, -0.4797101616859436, -0.21921676397323608, 0.0743127390742302, -0.3879338204860687, 0.5036495923995972, -0.21990852057933807, -0.10088951885700226, 0.9249305725097656, -0.29319751262664795, -0.2680390477180481, -0.09404350072145462, 0.10645224153995514, 1.2977495193481445, -0.9774914979934692, -0.6681685447692871, 0.0014310581609606743, -0.3889709711074829, 0.5095400810241699, 0.3720962703227997, -0.5359353423118591, 0.7535459995269775, 0.08053599298000336, -0.39292487502098083, 0.17220257222652435, 0.39537885785102844, -1.7571803331375122, -3.701629161834717, 3.6456265449523926, -0.23096777498722076, -0.49122142791748047, 0.18025867640972137, 0.004724639467895031, -0.0006720542442053556, -0.0016864186618477106, -0.39406877756118774, -0.4333840012550354, 0.4512868821620941, 0.00831994041800499, -0.0025672814808785915, 0.0004976800410076976, -0.18990032374858856, -0.2272655963897705, 0.1260361224412918, 0.007536143995821476, -0.00013387613580562174, -0.0018505332991480827, -0.4755493998527527, -0.7957929372787476, 0.3048461079597473, 0.010510051622986794, -0.0015761950053274632, 0.002829184290021658, -1.6078805923461914, -1.360239028930664, 0.5577108860015869, 0.00600774958729744, -0.022126177325844765, -0.009078064933419228, -1.0, -0.7964524626731873, -1.0, -1.0, -1.0, -1.0, -0.1936434507369995, -0.23540377616882324, 1.0, 0.5537068843841553, -0.6821966171264648, 1.0, -1.0, 0.6847463846206665, -0.9159219264984131, -0.6530706882476807, 1.0, 0.998888373374939, 0.04848209023475647, -0.7875607013702393]
[-0.8372750282287598, -0.9824841618537903, -0.9343227744102478, -0.9910117983818054, -0.9933862686157227, -0.8221014142036438, -0.9845954179763794, -0.904974639415741, -0.530977725982666, -0.3297587037086487, 0.9709668159484863, 0.4652717411518097, -0.9484952092170715, -0.7958421111106873, 0.3807540833950043, -0.9999992251396179, 0.55331951379776, -0.7531845569610596, -0.5564399361610413, -0.05994029343128204, 0.7247572541236877, 0.2159235030412674, 0.23106682300567627, 0.1954319030046463, 0.5479733347892761, 0.008344778791069984, -0.059272922575473785, -0.11923503130674362, 0.11128503084182739, -0.006842333357781172, -0.1709165722131729, -0.13504455983638763, -0.22684092819690704, -0.07863716036081314, 0.06556172668933868, -0.07310175895690918, 0.03999748453497887, 0.051332540810108185, 0.09663142263889313, -3.1806746392248897e-06, -0.4358675181865692, 0.3525848090648651, 0.008250339888036251, -1.9882224798202515, 0.08247655630111694, 0.3823917508125305, -1.2002137899398804, 0.6914278864860535, 9.360410690307617, -0.5863395929336548, 0.740926206111908, 0.0299686286598444, 0.03672095388174057, 0.018927711993455887, 0.3386703133583069, -0.05841952562332153, -0.010986562818288803, -0.0008153856033459306, 0.13465584814548492, -0.34477823972702026, -0.1593947559595108, -0.059918008744716644, 0.14436735212802887, 0.10227713733911514, -0.1418853998184204, -0.02248225547373295, 0.0070477924309670925, -0.25902342796325684, -0.2862229347229004, -0.15855959057807922, 0.07054516673088074, 0.07113891839981079, 0.06659254431724548, -0.44911932945251465, 0.35864824056625366, -0.06837298721075058, -0.28971099853515625, -0.9545996189117432, -0.01149546168744564, -0.49817341566085815, -0.1564161479473114, -0.03143981099128723, 0.20788419246673584, 0.27092304825782776, -0.16848112642765045, 0.0, -0.38999998569488525, 0.47999998927116394, 0.012645297683775425, 0.2464054822921753, 0.9690790772438049, 0.0032153106294572353, 0.0454597994685173, -0.05228662118315697, 0.02125466987490654, -0.9973704218864441, 0.057851992547512054, -0.4045325815677643, 0.38810011744499207, 0.24286341667175293, -0.8244226574897766, 0.4436543583869934, -0.25399890542030334, -0.41656431555747986, -0.16139312088489532, -0.009314109571278095, 0.07650727778673172, -0.1467234343290329, -2.4833247661590576, 0.08206847310066223, -0.403652548789978, 0.39772626757621765, 0.12133931368589401, -0.5793787837028503, 0.7317762970924377, -0.33778733015060425, -0.3792093098163605, -0.1880303919315338, -0.07879175990819931, 1.8232871294021606, 0.9014928340911865, -1.6115977764129639, 0.0730273425579071, -0.4076955318450928, 0.46288198232650757, 0.13195881247520447, -0.4128645658493042, 0.9006019830703735, -0.0323360338807106, -0.452992707490921, -0.22583569586277008, -0.00937086995691061, -0.21707546710968018, 0.1933000683784485, -2.967759609222412, 0.0695924460887909, -0.39095965027809143, 0.5041753649711609, -0.22635257244110107, -0.10159893333911896, 0.927776575088501, -0.2786984145641327, -0.3485390841960907, -0.2399519681930542, -0.03032413125038147, 0.11656370013952255, -0.24677276611328125, -2.8049304485321045, -0.008336208760738373, -0.3866235315799713, 0.5142013430595398, 0.32906657457351685, -0.5174764394760132, 0.7861737608909607, 0.07657717913389206, -0.7853771448135376, 0.14223603904247284, 0.3335105776786804, -5.057291507720947, -6.176192760467529, -4.331175804138184, 4.0083489418029785, -0.47202539443969727, -0.6530976295471191, 0.011847331188619137, 0.03466939926147461, 0.0021460740827023983, 1.9808263778686523, -0.1281813681125641, -0.6126418113708496, -0.002738107228651643, 0.010480858385562897, -0.002306083682924509, 1.811382532119751, 2.2665584087371826, -0.16812869906425476, -0.025919629260897636, 0.007381146773695946, -0.002368716988712549, 1.196192979812622, 0.26218536496162415, -0.05997984856367111, 0.010980573482811451, -0.004747755825519562, -0.010409657843410969, 2.103402853012085, 2.1227941513061523, -0.8003638982772827, -0.012819072231650352, 0.037484489381313324, -0.0004471049178391695, 1.0, -1.0, -1.0, -1.0, -0.8511080145835876, -0.8857185244560242, -1.0, -0.6693812012672424, 1.0, 0.2391403615474701, -1.0, 0.3566681146621704, -1.0, 0.21456564962863922, -0.4429972767829895, -1.0, 0.6935981512069702, 1.0, -1.0, 1.0]
[-0.7136261463165283, -0.9639748930931091, -0.9416384100914001, -1.0000017881393433, -0.992199182510376, -0.8231640458106995, -0.9999999403953552, -0.8545464277267456, -0.5841944813728333, -0.34324854612350464, 0.8794003129005432, 0.47181087732315063, -0.9520308971405029, -0.7945132851600647, 0.4310356378555298, -0.9985799789428711, 0.5522391200065613, -0.7335349321365356, -0.551563560962677, -0.21389077603816986, 0.7492014169692993, 0.3459605276584625, 0.042657531797885895, 0.13328152894973755, 0.4023202359676361, 0.21767032146453857, -0.016651494428515434, 1.0057649888040032e-05, -0.037926238030195236, -0.02173222415149212, 6.9692919169028755e-06, 0.7959616184234619, -0.6214279532432556, -0.17619065940380096, -0.6103867888450623, 0.13710153102874756, -0.06764697283506393, -0.01127931009978056, 0.3252504765987396, 0.008209464140236378, 0.2291049063205719, 0.09877903014421463, 0.04371277987957001, -1.8406175374984741, 0.23304741084575653, 0.29164448380470276, -1.1430376768112183, -1.2351064682006836, -3.3018736839294434, 2.337270736694336, -0.10560251027345657, 0.2562776803970337, 0.08328530937433243, 0.025830700993537903, -0.06875575333833694, 0.37339329719543457, 0.11785165965557098, 0.03131604567170143, -0.1190570592880249, 0.20041275024414062, 0.07003778219223022, 0.021432852372527122, 0.12887166440486908, -0.0496438592672348, 0.2861476540565491, 0.09982780367136002, 0.03287947177886963, 0.16676850616931915, 0.21578717231750488, 0.0824427604675293, -0.06428270041942596, -0.06514328718185425, 0.058537110686302185, -0.4521671235561371, 0.35800379514694214, -0.07152219116687775, -0.2760056257247925, -0.957361102104187, -0.046529632061719894, -0.4692467749118805, -0.20457051694393158, 0.008754733018577099, 0.29736170172691345, -0.5963117480278015, -1.5010188817977905, 0.0, -0.38999998569488525, 0.47999998927116394, -0.8054814338684082, 0.12208188325166702, -0.17818918824195862, 0.5518554449081421, -0.24300633370876312, -0.905026912689209, -0.3055671155452728, 0.16882826387882233, 0.05249101296067238, -0.40731656551361084, 0.38914722204208374, 0.2283410280942917, -0.8274872899055481, 0.4499688446521759, -0.24627871811389923, -0.2729491889476776, -0.22179630398750305, 0.1437004953622818, -0.7473578453063965, -0.30165067315101624, -1.8861920833587646, 0.07726648449897766, -0.40835389494895935, 0.4007166922092438, 0.11204645782709122, -0.581664502620697, 0.73678058385849, -0.32598522305488586, -0.2602250576019287, -0.35738977789878845, 0.3325081765651703, -0.9919133186340332, -0.4324492812156677, -2.0083491802215576, 0.06806793808937073, -0.41041621565818787, 0.46443310379981995, 0.11871952563524246, -0.4110160171985626, 0.9033399224281311, -0.03079441376030445, -0.23163065314292908, -0.12225065380334854, 0.17787790298461914, -0.527924120426178, -2.238071918487549, 0.4177147150039673, 0.06250160187482834, -0.39315950870513916, 0.5063493251800537, -0.23846730589866638, -0.07753245532512665, 0.9335393309593201, -0.2561761736869812, -0.5184581279754639, 0.009159713983535767, 0.2282099574804306, -2.838073968887329, -2.556597948074341, -3.7827298641204834, -0.018813299015164375, -0.38293182849884033, 0.5186049342155457, 0.31168562173843384, -0.49622446298599243, 0.8076198697090149, 0.06605640053749084, -0.5222514867782593, 0.30814963579177856, 0.31892192363739014, -2.417741298675537, -0.8448100090026855, 3.670742988586426, -0.5787421464920044, -1.2836525440216064, 0.412595272064209, 0.006575914099812508, -0.0028545246459543705, -0.0035765639040619135, -0.41699934005737305, -1.2744743824005127, 1.4491928815841675, 0.01219892967492342, -0.002587738912552595, -0.003339532995596528, -0.9318512082099915, -0.9871189594268799, 0.5072280168533325, 0.006626068614423275, -0.004102840553969145, 0.014758866280317307, -0.5804552435874939, -1.1997801065444946, 0.9407409429550171, 0.01488276943564415, 0.001977503765374422, 0.005112864077091217, -1.647773027420044, -1.2452671527862549, 0.6839633584022522, 0.005711517296731472, -0.03877893090248108, -0.0020694201812148094, -0.3951399326324463, -0.5849745273590088, -1.0, -1.0, -1.0, -1.0, -0.16619601845741272, -1.0, -0.2429572492837906, 0.6182106733322144, -1.0, 1.0, -1.0, 0.8452008366584778, -0.7028848528862, -1.0, 1.0, 1.0, -1.0, -0.9527921676635742]
[-0.6233614087104797, -0.9464743137359619, -0.9342291951179504, -1.0000356435775757, -0.9169102311134338, -0.8179420828819275, -0.9673647284507751, -0.7998639345169067, -0.5989840030670166, -0.36212047934532166, 0.8128159046173096, 0.3870094418525696, -0.9538277387619019, -0.7946326732635498, 0.522235631942749, -0.9977060556411743, 0.4770698845386505, -0.6013254523277283, -0.5278187990188599, -0.33452561497688293, 0.7455716729164124, 0.46125328540802, 0.03525862097740173, 0.046083685010671616, 0.28080126643180847, 0.05331363156437874, -0.00982348620891571, 0.0004683053703047335, 0.8607351183891296, 0.03383343666791916, 0.21024595201015472, 0.3494100570678711, 0.1171039491891861, -0.10189955681562424, -0.06775575131177902, -0.9644731879234314, 0.054838813841342926, 0.003611986758187413, 0.4609183967113495, 0.0025376759003847837, -1.1795815229415894, 1.8032066822052002, 0.4338427484035492, -1.3160550594329834, -0.17253075540065765, 0.27297013998031616, 0.5348842740058899, -0.5770134329795837, -3.106320858001709, -2.0510969161987305, -0.17506733536720276, -0.1439773291349411, -0.04634561017155647, -0.018617184832692146, -0.05625121295452118, -0.28823089599609375, -0.05864474177360535, -0.006214151158928871, 0.01518813893198967, -0.09571799635887146, -0.01950814574956894, -0.00479406351223588, -0.22727645933628082, -0.012779032811522484, -0.4324939250946045, -0.0664825290441513, 0.002380503574386239, 0.35660696029663086, -0.1890496164560318, -0.11486444622278214, 0.0055666896514594555, 0.03229886665940285, 0.0501474030315876, -0.45678266882896423, 0.35829856991767883, -0.039337508380413055, -0.27153393626213074, -0.9365156292915344, -0.2183125764131546, -0.635225236415863, -0.6015671491622925, -0.17354778945446014, -2.6505043506622314, -4.100281715393066, -9.302478790283203, 0.0, -0.38999998569488525, 0.47999998927116394, -0.8054814338684082, 0.12208188325166702, -0.17818918824195862, 0.5518554449081421, -0.36027130484580994, -0.8705319166183472, -0.33220425248146057, 0.04493623971939087, 0.04870868846774101, -0.41063985228538513, 0.3916143476963043, 0.2087787240743637, -0.813361406326294, 0.48410913348197937, -0.24595321714878082, -0.19324366748332977, -0.19104471802711487, 0.187313511967659, -3.785768985748291, -2.700002670288086, -2.247997760772705, 0.07288002967834473, -0.4129551947116852, 0.4043909013271332, 0.10159288346767426, -0.5733705163002014, 0.7509011626243591, -0.31156468391418457, -0.29721397161483765, -0.22649674117565155, 0.17530374228954315, -1.9084031581878662, -0.564762532711029, -2.6090614795684814, 0.06398038566112518, -0.4147316515445709, 0.4616374969482422, 0.10981158912181854, -0.4400267004966736, 0.8908724188804626, -0.025769606232643127, -0.2542728781700134, -0.2922886908054352, -0.30737507343292236, 4.23111629486084, 0.37073662877082825, -1.899428367614746, 0.056774284690618515, -0.39528194069862366, 0.5079424977302551, -0.2603451609611511, -0.02872437797486782, 0.9373664855957031, -0.22965030372142792, -0.320574015378952, -0.05690120533108711, -0.00760333938524127, -4.947497367858887, -4.167213439941406, -5.216451644897461, -0.029167279601097107, -0.37848961353302, 0.5213044285774231, 0.28072091937065125, -0.47860875725746155, 0.8289191126823425, 0.07086868584156036, -0.7057874798774719, 0.26283103227615356, 0.15146327018737793, -3.68978214263916, -4.749216556549072, -4.1041364669799805, -0.9272539615631104, 0.8278599381446838, 0.10823457688093185, -0.006199285853654146, -0.006696371827274561, 0.0004226482124067843, -0.3255719244480133, 0.7821220755577087, -0.7610456943511963, 0.0055176811292767525, 0.00012007930490653962, -0.0012175936717540026, -0.36392804980278015, 0.2679987847805023, -0.5606788992881775, -0.0007740820292383432, -0.0012809322215616703, -0.01010517030954361, -0.14184284210205078, 0.7184081077575684, -1.284270167350769, 0.013156624510884285, 0.0013710226630792022, 0.0008422706159763038, 0.16077685356140137, 1.552968144416809, 0.12889651954174042, -0.011953093111515045, 0.029726441949605942, 0.004393717274069786, -0.2595166265964508, -1.0, -0.8021778464317322, -1.0, 0.061898816376924515, -0.6135196089744568, -0.6916374564170837, -0.4086754024028778, 0.8621851205825806, -0.8165158033370972, -1.0, 1.0, -1.0, -0.5015364289283752, 0.7473223805427551, -0.8603824377059937, 0.4795650541782379, 1.0, 0.9573718309402466, -0.1825447678565979]
[-0.5298007130622864, -0.946989119052887, -0.9025645852088928, -1.0000075101852417, -0.7753105163574219, -0.7922935485839844, -0.9150431156158447, -0.7398259043693542, -0.585914134979248, -0.3635363280773163, 0.8053545355796814, 0.24442517757415771, -0.953005313873291, -0.7934938669204712, 0.6098922491073608, -0.9988105297088623, 0.3339906632900238, -0.39869430661201477, -0.46810778975486755, -0.43788406252861023, 0.6973369717597961, 0.5626100301742554, 0.13571517169475555, -0.0051908777095377445, 0.4011639654636383, -0.04287014529109001, 0.19750727713108063, -0.00037444234476424754, 1.4828300476074219, 0.3485601246356964, 0.22120685875415802, 0.667253315448761, 0.12571243941783905, 0.025557516142725945, 0.004871831741183996, -1.4353536367416382, -0.006457889918237925, 0.0037903946358710527, 0.3696940541267395, -0.006820640992373228, -1.3963907957077026, 1.902631163597107, 0.6230950951576233, -1.256234884262085, -0.448824018239975, 0.23031733930110931, 0.6657391786575317, -0.4184964597225189, 2.373638868331909, -0.9962385892868042, 0.13539272546768188, -0.08846502006053925, -0.00813216995447874, 0.0069374749436974525, 0.09137400984764099, 0.008214212954044342, 0.012456043623387814, 0.008912499994039536, 0.061918579041957855, -0.12874913215637207, -0.052119165658950806, -0.018736636266112328, -0.011386723257601261, 0.03807897865772247, -0.05952463299036026, -0.03011407144367695, -0.007178036030381918, -0.010684301145374775, -0.14324814081192017, -0.08834648877382278, 0.010026426985859871, 0.0063670938834548, 0.03901978209614754, -0.46732571721076965, 0.35689589381217957, 0.04079936444759369, -0.3045895993709564, -0.7905978560447693, -0.5296370983123779, -0.7156870365142822, -0.6602197289466858, 0.026178129017353058, -2.883344888687134, -3.9014241695404053, -7.864190578460693, 0.0, -0.38999998569488525, 0.47999998927116394, -0.8054814338684082, 0.12208188325166702, -0.17818918824195862, 0.5518554449081421, -0.5548897385597229, -0.7475122809410095, -0.29031094908714294, -0.2214551717042923, 0.04388999566435814, -0.41381046175956726, 0.3937913775444031, 0.17930355668067932, -0.7836222648620605, 0.5414902567863464, -0.2461191713809967, -0.39000120759010315, -0.26942571997642517, 0.24414590001106262, -7.4389190673828125, -4.40017557144165, -4.546111583709717, 0.06734682619571686, -0.41699278354644775, 0.4073643982410431, 0.08534563332796097, -0.5541743636131287, 0.7739394903182983, -0.2943204939365387, -0.43562617897987366, -0.254882276058197, 0.23702798783779144, -3.341712474822998, -1.5497827529907227, -3.6725552082061768, 0.058491338044404984, -0.419691801071167, 0.45448464155197144, 0.10375402122735977, -0.4903605878353119, 0.8652825951576233, -0.008212610147893429, -0.42387819290161133, -0.35823097825050354, -0.5900154113769531, 7.22775936126709, 0.9401180744171143, -3.253109931945801, 0.05255361646413803, -0.3985767364501953, 0.5068243145942688, -0.2821989953517914, 0.029440533369779587, 0.9385511875152588, -0.1965160369873047, -0.30956247448921204, -0.10556930303573608, -0.1407584697008133, -4.71557092666626, -3.5988309383392334, -5.842639446258545, -0.040476325899362564, -0.37396568059921265, 0.5207526683807373, 0.21886755526065826, -0.47317737340927124, 0.848477840423584, 0.09102495014667511, -0.8161396980285645, 0.2727043330669403, -0.050029657781124115, -2.3173093795776367, -5.914377689361572, -5.7622880935668945, 0.775083601474762, 0.14792786538600922, -0.26663637161254883, 0.009156391955912113, 0.00615575909614563, 0.0009605485829524696, 0.5588653087615967, -0.2246275246143341, -0.14859449863433838, 0.005543086677789688, 0.003410035278648138, -0.0005787250702269375, 0.5642746686935425, 0.7443740963935852, -0.262136846780777, -0.0075710248202085495, 0.0025202222168445587, -0.004187709651887417, 0.4068378806114197, 0.2597477436065674, -0.3146932125091553, -0.0032818203326314688, -0.0016792957903817296, -0.0032414905726909637, 0.19285278022289276, 1.2825212478637695, -0.19782616198062897, -0.009526719339191914, 0.003281453624367714, 0.002427660394459963, 0.34888187050819397, -1.0, -0.4494287669658661, -0.8690819144248962, 0.33016887307167053, -0.5824542045593262, -0.28026971220970154, -0.5068467855453491, 0.8178109526634216, -0.8085753917694092, -1.0, 1.0, -1.0, -0.550686776638031, 0.7362285852432251, -1.0, 0.25246700644493103, 1.0, 0.7733136415481567, -0.22861739993095398]
[-0.41700106859207153, -0.9504503011703491, -0.8738682866096497, -1.000002384185791, -0.6171624660491943, -0.751840353012085, -0.8271909952163696, -0.7198010087013245, -0.547700047492981, -0.3595239222049713, 0.8225062489509583, 0.19478169083595276, -0.9492756724357605, -0.7939149141311646, 0.6768903136253357, -0.999802827835083, 0.21430416405200958, -0.24836508929729462, -0.3881916105747223, -0.5313998460769653, 0.6276587843894958, 0.6428666710853577, 0.23244339227676392, -0.020548388361930847, 0.44178906083106995, -0.006190907210111618, 0.09934888035058975, 0.0001315183035330847, 1.4292019605636597, 0.38444656133651733, 0.2709062099456787, 0.0417739562690258, 0.43455323576927185, 0.05061596632003784, -0.0881410613656044, 0.012776699848473072, 0.10656193643808365, 0.0077806636691093445, 0.2765544056892395, -0.001996641978621483, -0.9537183046340942, 1.120280385017395, 1.0002981424331665, -1.097469687461853, -0.5320002436637878, 0.17736810445785522, 0.5602957606315613, 0.001516268472187221, 0.7450138330459595, 0.4815918505191803, 0.01068083755671978, 0.02928144857287407, -0.016448721289634705, -0.009527669288218021, -0.12034966051578522, 0.1138802245259285, 0.06361247599124908, 0.024850012734532356, -0.10859270393848419, 0.2093345820903778, 0.1084822565317154, 0.042279455810785294, 0.00481394212692976, 0.0015253599267452955, 0.13000445067882538, -0.009845981374382973, 0.013867626897990704, 0.04489452391862869, 0.011974564753472805, -0.008336558938026428, -0.044181935489177704, -0.0022847538348287344, 0.025509679690003395, -0.47733765840530396, 0.361316055059433, 0.06763606518507004, -0.34966278076171875, -0.7075375318527222, -0.6103702783584595, -0.8830978870391846, -0.5643594861030579, 0.4558621346950531, -1.0791006088256836, 1.4838638305664062, 0.23716674745082855, 0.0, -0.38999998569488525, 0.47999998927116394, -0.8054814338684082, 0.12208188325166702, -0.17818918824195862, 0.5518554449081421, -0.6030002236366272, -0.7004085183143616, -0.2258300930261612, -0.3079277276992798, 0.037809986621141434, -0.41676369309425354, 0.39619436860084534, 0.14549310505390167, -0.7431653141975403, 0.6058686375617981, -0.24384444952011108, -0.4254623353481293, -0.2169923484325409, 0.2866699695587158, -7.67802619934082, -4.32936429977417, -4.28402042388916, 0.0597919225692749, -0.42065778374671936, 0.40845510363578796, 0.07010254263877869, -0.538308322429657, 0.7960570454597473, -0.2675870656967163, -0.4951637089252472, -0.19369177520275116, 0.08122677356004715, -2.430140972137451, -0.5326639413833618, -3.742772340774536, 0.05202621594071388, -0.42248567938804626, 0.4517578184604645, 0.09548203647136688, -0.5083511471748352, 0.8557575345039368, 0.011890674941241741, -0.3755655586719513, -0.10416566580533981, 0.016620799899101257, -0.4952137768268585, -0.33185499906539917, -1.7563468217849731, 0.04780765622854233, -0.40185338258743286, 0.5052846074104309, -0.29752492904663086, 0.08234474807977676, 0.9373282194137573, -0.16159820556640625, -0.33608385920524597, -0.06788370758295059, -0.10627572983503342, -4.954127311706543, -3.150841474533081, -6.00019645690918, -0.05154002457857132, -0.3691621720790863, 0.5182620882987976, 0.1452844738960266, -0.4722000062465668, 0.8617516160011292, 0.11534195393323898, -0.7726754546165466, 0.3025701642036438, -0.13312658667564392, -2.258361339569092, -6.570913791656494, -6.734860897064209, 0.09576204419136047, 0.15292134881019592, -0.03707725927233696, -0.007233848795294762, 0.0001922014052979648, 0.0002345926477573812, -0.64299076795578, -0.7566920518875122, 0.434082567691803, 0.013499632477760315, -0.004793428350239992, 0.009123528376221657, -0.5788081884384155, -1.434920072555542, 0.29433903098106384, 0.02075565606355667, -0.005760854575783014, 0.01447026152163744, -0.034192245453596115, -0.20616012811660767, 0.2957807779312134, 0.01077522523701191, -0.0014274072600528598, 8.722931670490652e-05, -0.23863963782787323, 0.17795109748840332, 0.35181793570518494, -0.002781365532428026, 0.0015334805939346552, -0.0004906635149382055, 0.32032209634780884, -0.8424502611160278, -0.8183638453483582, -0.9701817631721497, 0.3955843448638916, -0.7774750590324402, -0.039166681468486786, -0.06409722566604614, 0.8401299118995667, -0.5895094871520996, -0.9504234194755554, 1.0, -1.0, -0.27513259649276733, 0.2714461386203766, -1.0, 0.19323742389678955, 1.0, 0.7053241729736328, 0.050868548452854156]
[-0.33221718668937683, -0.9495890140533447, -0.8522611856460571, -0.9999874234199524, -0.478138267993927, -0.669506311416626, -0.7842651009559631, -0.7111578583717346, -0.4606015086174011, -0.3454047739505768, 0.8043771982192993, 0.17991413176059723, -0.9289745092391968, -0.7895106673240662, 0.7346979975700378, -0.9980000257492065, 0.14348359405994415, -0.18320389091968536, -0.2799735963344574, -0.5848816633224487, 0.5840691328048706, 0.7004446983337402, 0.3246667981147766, -0.008259056136012077, 0.22155272960662842, 0.020978054031729698, 0.08001836389303207, 0.00019097358745057136, 1.1787123680114746, 1.1515272855758667, 0.15802854299545288, 0.08925916999578476, 1.0206618309020996, 0.22355866432189941, -0.02485121414065361, -0.11241384595632553, 0.23746590316295624, 0.06249339506030083, 0.26349174976348877, 0.012118554674088955, -0.49428343772888184, 0.3286229074001312, 0.8403231501579285, -0.41583332419395447, -0.19162417948246002, 0.12686355412006378, 0.5648755431175232, 0.16893593966960907, -4.847530841827393, 0.20923815667629242, -0.20511464774608612, 0.011979285627603531, -0.048519887030124664, 0.006336850114166737, -0.15624988079071045, 0.041356950998306274, 0.05627817660570145, 0.030057067051529884, -0.09719335287809372, 0.05640246719121933, 0.028696615248918533, 0.011844378896057606, -0.23691020905971527, -0.07463438808917999, 0.0635078027844429, -0.019080422818660736, -0.027363117784261703, 0.39768096804618835, 0.1638849973678589, 0.07753581553697586, -0.2092553675174713, -0.05721818655729294, 0.01085896510630846, -0.48558977246284485, 0.3707023561000824, 0.038122862577438354, -0.42191997170448303, -0.708889901638031, -0.5639195442199707, -0.895438015460968, -0.4866669774055481, 0.6162427067756653, -0.8648812174797058, 2.385310173034668, 0.5605424642562866, 0.0, -0.38999998569488525, 0.47999998927116394, -0.8054814338684082, 0.12208188325166702, -0.17818918824195862, 0.5518554449081421, -0.5949125289916992, -0.7417851686477661, -0.15649448335170746, -0.267101526260376, 0.03305283933877945, -0.41892918944358826, 0.3987369239330292, 0.11422885954380035, -0.6896103024482727, 0.6725491285324097, -0.24303676187992096, -0.25663164258003235, -0.12237688153982162, 0.32382333278656006, -10.149803161621094, -5.420534610748291, -3.5333516597747803, 0.05432797223329544, -0.42303794622421265, 0.41048622131347656, 0.052817802876234055, -0.5043816566467285, 0.8241105675697327, -0.252291738986969, -0.29893988370895386, -0.08541034162044525, 0.24857200682163239, -6.004190921783447, -2.707223653793335, -2.8555521965026855, 0.04776384308934212, -0.4239349961280823, 0.4513874351978302, 0.08837258815765381, -0.5063434839248657, 0.8575628399848938, 0.019810713827610016, -0.19409385323524475, -0.05167197063565254, 0.017905324697494507, -1.0039958953857422, -0.15771691501140594, -0.8491917252540588, 0.04376143962144852, -0.40416550636291504, 0.504700243473053, -0.30900806188583374, 0.1311236321926117, 0.9327393770217896, -0.13159677386283875, -0.20177912712097168, -0.03206288069486618, -0.03682655096054077, -3.184216022491455, -2.1053643226623535, -3.6655571460723877, -0.05862434580922127, -0.3652089536190033, 0.5163527131080627, 0.08557791262865067, -0.4668925106525421, 0.8689647912979126, 0.1399569809436798, -0.38054773211479187, 0.21429727971553802, -0.049109410494565964, -2.1462438106536865, -3.6684110164642334, -4.867153167724609, -1.1427606344223022, 0.26008370518684387, 0.26614174246788025, 0.010238107293844223, -0.007241505663841963, 0.0004332410462666303, -0.9689288139343262, -0.5635710954666138, 0.4520000219345093, 0.021603502333164215, -0.0045308335684239864, 0.0010434379801154137, -0.9344578981399536, -0.4484771490097046, -0.08292168378829956, 0.0051172226667404175, -0.0039006168954074383, 0.0001517774653621018, -0.7748919129371643, 0.2382291555404663, -0.17840497195720673, -0.023789681494235992, 0.0014036776265129447, 0.004815227352082729, -2.545423984527588, -1.0015287399291992, 1.5664970874786377, 0.003357536159455776, -0.01649141125380993, -0.005901869386434555, -0.4561139941215515, -0.8688144683837891, -1.0, -1.0, 0.28880494832992554, -0.8468604683876038, -0.10882154852151871, 0.3731960654258728, 0.5046951770782471, -0.6298667192459106, -0.8534916639328003, 1.0, -1.0, -0.08068890869617462, -0.135059654712677, -0.6402707099914551, 0.5421739220619202, 1.0, 0.7904609441757202, 0.11298248916864395]
[-0.29456743597984314, -0.9446830749511719, -0.8280748724937439, -0.9999929666519165, -0.35619646310806274, -0.5305291414260864, -0.7440193295478821, -0.7016651034355164, -0.3542617857456207, -0.3177281320095062, 0.7803539037704468, 0.16620773077011108, -0.8952950239181519, -0.780157208442688, 0.7864053845405579, -0.9952887296676636, 0.09712287038564682, -0.15039189159870148, -0.22188499569892883, -0.6213007569313049, 0.565250039100647, 0.7474653720855713, 0.4003352224826813, -0.004888263996690512, 0.0746597871184349, 0.05802386626601219, 0.09148596227169037, 8.62439046613872e-05, 1.0999398231506348, 1.3674790859222412, 0.18143817782402039, 0.13691169023513794, 0.9644531607627869, 0.27478957176208496, -0.13848550617694855, -0.12903380393981934, 0.36636677384376526, 0.10932250320911407, 0.22324533760547638, 0.011000072583556175, -0.39407047629356384, 0.28867802023887634, 0.3583298325538635, -0.4649864733219147, -0.10487101227045059, 0.1101289913058281, 0.41417786478996277, -0.04076136648654938, -3.1472575664520264, 0.5401333570480347, -0.1251269280910492, 0.038316451013088226, -0.01064089871942997, -0.003788017202168703, -0.09144983440637589, 0.11578762531280518, 0.03373801335692406, 0.0109443673864007, -0.09674423187971115, -0.041307996958494186, -0.013789275661110878, -0.003620593575760722, -0.16074047982692719, -0.05884859338402748, -0.013839850202202797, -0.0019082195358350873, -0.013344094157218933, 0.0939347892999649, 0.0626002848148346, 0.02805415540933609, -0.07153697311878204, -0.02713475003838539, -0.0033293464221060276, -0.4912891387939453, 0.3845466673374176, -0.01602904498577118, -0.4997248351573944, -0.704660952091217, -0.5034591555595398, -0.8700685501098633, -0.3309271037578583, 0.901394248008728, -0.7162490487098694, 2.940523862838745, 0.27971896529197693, 0.0, -0.38999998569488525, 0.47999998927116394, -0.8054814338684082, 0.12208188325166702, -0.17818918824195862, 0.5518554449081421, -0.589444637298584, -0.7790477871894836, -0.07410605996847153, -0.2003699690103531, 0.030544647946953773, -0.42042356729507446, 0.4013337194919586, 0.08516489714384079, -0.6169659495353699, 0.7429819107055664, -0.24510766565799713, -0.15109166502952576, -0.05895883962512016, 0.3492138385772705, -11.039340019226074, -5.5782623291015625, -2.9027018547058105, 0.05127265304327011, -0.42451074719429016, 0.41329848766326904, 0.03716995194554329, -0.4563372731208801, 0.8550965785980225, -0.24327845871448517, -0.17785048484802246, -0.0320003516972065, 0.28134822845458984, -6.474458694458008, -2.632073163986206, -2.182255506515503, 0.04612292721867561, -0.4245806336402893, 0.4516434371471405, 0.08478354662656784, -0.49610933661460876, 0.8638864159584045, 0.01968679204583168, -0.030750785022974014, -0.008740008808672428, 0.06113279610872269, -1.8739430904388428, -0.5720388293266296, 0.4591231942176819, 0.04156123101711273, -0.4054172933101654, 0.5047881007194519, -0.3164483308792114, 0.15664678812026978, 0.9283856749534607, -0.11585406213998795, -0.09118576347827911, -0.01679009571671486, 0.0031669745221734047, -1.6575173139572144, -1.3132765293121338, -1.6857649087905884, -0.06252285093069077, -0.3622293174266815, 0.515346109867096, 0.04611676558852196, -0.4573972523212433, 0.8742610216140747, 0.15597636997699738, -0.2468854784965515, 0.1875070482492447, -0.025584356859326363, -2.132608652114868, -2.737100124359131, -2.8562963008880615, -0.7281131148338318, 0.14058618247509003, 0.24971841275691986, -0.0016792244277894497, -0.00455174595117569, 0.0008474490605294704, -0.602149248123169, -0.3049558699131012, 0.5165812969207764, 0.006370029412209988, -0.0028674656059592962, 0.00039778120117262006, -0.7944726943969727, 0.14458999037742615, -0.06094225123524666, -0.0014517438830807805, -0.004063132684677839, 0.004233131650835276, -0.5980198979377747, 0.08128688484430313, -0.2008754014968872, -0.01212479081004858, 0.0008593336679041386, 0.00395627785474062, -1.0515515804290771, -0.37094220519065857, 0.45653074979782104, 0.003060841467231512, -0.01030992902815342, 0.0015679140342399478, -0.47630032896995544, -0.8212666511535645, -1.0, -1.0, 0.49790525436401367, -0.7557258009910583, -0.1631547212600708, 0.335701584815979, 0.22943739593029022, -0.6562488079071045, -0.7824788093566895, 1.0, -1.0, -0.12784430384635925, 0.010613761842250824, -0.8226972818374634, 0.5137274265289307, 1.0, 0.7182819843292236, -0.06875934451818466]
[-0.299003005027771, -0.9282510876655579, -0.7894008159637451, -1.0000073909759521, -0.23740807175636292, -0.3941289782524109, -0.6932499408721924, -0.687165379524231, -0.2579955458641052, -0.290577232837677, 0.7266058921813965, 0.15842550992965698, -0.8508564829826355, -0.7665451765060425, 0.8303219079971313, -0.9922774434089661, 0.048447385430336, -0.11598646640777588, -0.18907935917377472, -0.6636183261871338, 0.5450718998908997, 0.7891537547111511, 0.43380799889564514, -0.019257042557001114, -0.09495893120765686, 0.1654173731803894, 0.22059626877307892, 0.00011999813432339579, 1.0770295858383179, 1.2365723848342896, 0.23307828605175018, 0.09402688592672348, 0.809404194355011, 0.22448933124542236, -0.3014552593231201, 0.0933833047747612, 0.4759930670261383, 0.14627769589424133, 0.1890617311000824, 0.012854701839387417, -0.47983476519584656, 0.33201706409454346, 0.31543058156967163, -0.5487291216850281, -0.16792501509189606, 0.09712392836809158, 0.0972965657711029, -0.18078620731830597, -3.571059226989746, 1.255946159362793, -0.060149747878313065, 0.083710215985775, 0.0003780785482376814, -0.008070306852459908, -0.11079195886850357, 0.019282719120383263, -0.028759093955159187, -0.016472570598125458, -0.1169888824224472, 0.23724855482578278, 0.10650738328695297, 0.03971941024065018, -0.14039736986160278, -0.07837110012769699, -0.04528510570526123, -0.011490050703287125, -0.0013238569954410195, 0.08965066820383072, 0.02385619841516018, 0.006322017405182123, -0.08548194169998169, -0.029897209256887436, -0.0160870049148798, -0.4929846525192261, 0.40372103452682495, -0.08988729119300842, -0.5750237107276917, -0.6778085827827454, -0.44926995038986206, -0.7708569765090942, -0.05249115452170372, 1.2667438983917236, -0.6478641033172607, 3.2003333568573, -0.46737056970596313, 0.0, -0.38999998569488525, 0.47999998927116394, -0.8054814338684082, 0.12208188325166702, -0.17818918824195862, 0.5518554449081421, -0.5966945290565491, -0.7924275398254395, 0.02003716304898262, -0.12495128065347672, 0.029971230775117874, -0.42198511958122253, 0.40476906299591064, 0.06133957952260971, -0.5358332991600037, 0.8050920963287354, -0.24687369167804718, -0.044966891407966614, -0.04454038664698601, 0.3964109420776367, -11.044108390808105, -4.926992893218994, -2.3310110569000244, 0.050339676439762115, -0.4257168173789978, 0.41711655259132385, 0.02633817307651043, -0.4050776958465576, 0.8824698328971863, -0.2376241534948349, -0.02315387688577175, -0.0048530325293540955, 0.306701123714447, -5.987143039703369, -2.00593900680542, -1.267059564590454, 0.04726208746433258, -0.4246344268321991, 0.45329713821411133, 0.0830022543668747, -0.4755842387676239, 0.8757097125053406, 0.007923934608697891, 0.17837411165237427, 0.06502905488014221, 0.24677297472953796, -4.082921981811523, -1.3215417861938477, 2.226304531097412, 0.041597962379455566, -0.40606164932250977, 0.5055264234542847, -0.32296985387802124, 0.17273078858852386, 0.923876941204071, -0.11093113571405411, 0.059458933770656586, 0.0017015673220157623, 0.04906392842531204, -1.768323540687561, -1.1985079050064087, -0.5196430087089539, -0.06474971771240234, -0.3601835072040558, 0.5145147442817688, 0.020831286907196045, -0.44678813219070435, 0.8804923295974731, 0.15709780156612396, -0.1104239672422409, 0.10819292813539505, -0.026813965290784836, -1.8679989576339722, -2.2191503047943115, -0.322504460811615, -0.4201818108558655, 0.1323709785938263, 0.4389949440956116, -0.0060847424902021885, -0.0020528356544673443, -0.0028408565558493137, -0.7531588077545166, 0.43662601709365845, 0.14749032258987427, -0.00992317870259285, -0.00367923965677619, 0.0014593175146728754, -0.9253644347190857, -1.4735997915267944, 0.3710319995880127, 0.017615409567952156, -0.004515873268246651, 0.006013580597937107, -0.7600548267364502, 0.02578923851251602, -0.2747204899787903, -0.0009370181942358613, 0.0014611808583140373, 0.005106013733893633, -1.1974384784698486, -0.09718958288431168, 0.5396823287010193, 0.0018461222061887383, -0.010738194920122623, 0.004305126611143351, -0.7951319217681885, -0.668150782585144, -1.0, -1.0, 0.7936214804649353, -0.618455708026886, -0.2553541958332062, 0.397335410118103, 0.050542816519737244, -0.5851998329162598, -0.7679779529571533, 1.0, -1.0, -0.2606782913208008, 0.08369993418455124, -0.9047245979309082, 0.40262696146965027, 1.0, 0.42149174213409424, -0.15578457713127136]
[-0.3421561121940613, -0.8901956677436829, -0.7188130617141724, -1.0000096559524536, -0.12741439044475555, -0.26525750756263733, -0.6365167498588562, -0.6841562986373901, -0.1823028028011322, -0.2682819962501526, 0.6490743160247803, 0.157764732837677, -0.8205003142356873, -0.7526351809501648, 0.8591685891151428, -0.989056408405304, -0.013420796021819115, -0.07304972410202026, -0.14897701144218445, -0.7087869048118591, 0.5074160099029541, 0.8258861899375916, 0.412204384803772, -0.027114005759358406, -0.22292570769786835, 0.33860379457473755, 0.40249091386795044, -5.611982851405628e-05, 0.9463416337966919, 1.1623512506484985, 0.23102323710918427, 0.038811441510915756, 0.6722620129585266, 0.26786184310913086, -0.3958732783794403, 0.008805811405181885, 0.19045627117156982, 0.10048191994428635, 0.10193520784378052, 0.01189142931252718, -0.6198484301567078, 0.4290502071380615, 0.44195160269737244, -0.5578747391700745, -0.327268123626709, 0.08438880741596222, -0.2532208263874054, -0.016839608550071716, -2.5488977432250977, 1.7661243677139282, 0.0029187777545303106, 0.11616542190313339, 0.004231003113090992, -0.008577456697821617, -0.10690764337778091, 0.1304449439048767, 0.03159897029399872, 0.012713560834527016, -0.08993583917617798, 0.08176116645336151, 0.004663768690079451, -0.003891912056133151, -0.08550532162189484, -0.07605914026498795, -0.03863565996289253, -0.010071100667119026, 0.0026647113263607025, 0.07133248448371887, -0.000355658121407032, -0.00789759773761034, -0.07918038219213486, -0.020028378814458847, -0.02584592066705227, -0.4891548156738281, 0.42771849036216736, -0.17455485463142395, -0.640016496181488, -0.6248006820678711, -0.4117443859577179, -0.5224422216415405, 0.33898112177848816, 1.5358474254608154, -0.9852601289749146, 2.6830196380615234, -1.2660150527954102, 0.0, -0.38999998569488525, 0.47999998927116394, -0.8054814338684082, 0.12208188325166702, -0.17818918824195862, 0.5518554449081421, -0.6183023452758789, -0.7750915884971619, 0.11866334825754166, -0.0534244030714035, 0.03103712946176529, -0.4242408275604248, 0.40970316529273987, 0.043223753571510315, -0.44818195700645447, 0.8581807613372803, -0.24655722081661224, 0.03047570213675499, -0.06600860506296158, 0.4715895652770996, -11.178293228149414, -4.187719821929932, -2.055187702178955, 0.051695551723241806, -0.42690330743789673, 0.4217883050441742, 0.021831847727298737, -0.359176903963089, 0.9026064872741699, -0.2362554520368576, 0.1158251166343689, -0.006009809672832489, 0.3944351375102997, -6.1642165184021, -1.9681899547576904, -0.45751386880874634, 0.050894156098365784, -0.4244086742401123, 0.4568454921245575, 0.08153287321329117, -0.45135849714279175, 0.8885097503662109, -0.01335055474191904, 0.30248719453811646, 0.05207408592104912, 0.290656179189682, -2.780846118927002, -1.7556040287017822, 2.8980777263641357, 0.04421789199113846, -0.40629398822784424, 0.5073052048683167, -0.3298976421356201, 0.19175000488758087, 0.91724693775177, -0.11426932364702225, 0.20680931210517883, 0.028715750202536583, 0.11308902502059937, -2.7346062660217285, -1.2738778591156006, 0.11355239152908325, -0.06544505804777145, -0.35964497923851013, 0.5137327909469604, 0.0026772934943437576, -0.43631675839424133, 0.8882410526275635, 0.14369502663612366, -0.010388743132352829, 0.007519438397139311, -0.02638230100274086, -1.838150143623352, -2.5489022731781006, 1.2710554599761963, -0.10389292240142822, 0.11844775080680847, 0.5287176966667175, -0.006800741422921419, -0.0009825249435380101, -0.004887371324002743, -0.7087081074714661, -0.2666584551334381, 0.6953406929969788, 0.008713684044778347, -0.0032449369318783283, 0.0035079456865787506, -0.6718278527259827, -0.13074198365211487, 0.288432240486145, -0.0058530415408313274, -0.0029070195741951466, 0.005313228350132704, -0.7295661568641663, 0.031873565167188644, -0.17229938507080078, 0.0031428153160959482, 0.0009953647386282682, 0.005188438110053539, -0.9280487298965454, 0.05442449450492859, 0.5501266717910767, 0.0006253919564187527, -0.005179598927497864, 0.004476794041693211, -1.0, -0.479934424161911, -1.0, -1.0, 0.8342108130455017, -0.5912420749664307, -0.3838377296924591, 0.34162235260009766, 0.09633515775203705, -0.6804062128067017, -0.9757398366928101, 0.9184630513191223, -1.0, -0.41367870569229126, 0.19217607378959656, -0.9466899633407593, 0.21597342193126678, 1.0, 0.07931451499462128, -0.012443207204341888]
[-0.4066312611103058, -0.8276405930519104, -0.6392776966094971, -1.0000077486038208, -0.03602442517876625, -0.1481320708990097, -0.5719061493873596, -0.696454644203186, -0.13079231977462769, -0.2221049666404724, 0.5485401153564453, 0.14468994736671448, -0.8090537786483765, -0.74513840675354, 0.8365326523780823, -0.9864988923072815, -0.1013379916548729, -0.008218307979404926, -0.090294249355793, -0.7542610764503479, 0.45368167757987976, 0.8562554121017456, 0.34807834029197693, -0.024136504158377647, -0.264068067073822, 0.504757821559906, 0.2913602292537689, -3.585890226531774e-06, 0.8132283091545105, 1.0432733297348022, 0.31394651532173157, -0.1766822785139084, 0.36676931381225586, 0.5094618201255798, -0.4722459018230438, -0.17061737179756165, 0.06275250762701035, 0.0473535917699337, -0.2241969108581543, 0.006994192488491535, -0.9175392389297485, 0.6846896409988403, 0.6727458238601685, -0.5597989559173584, -0.41784024238586426, 0.06826826184988022, -0.4685215950012207, 0.050161540508270264, -0.6221551299095154, 1.5417418479919434, -0.07780671864748001, 0.10240381956100464, 0.019550902768969536, -0.0014944345457479358, 0.00403637858107686, 0.05679059773683548, -0.015435540117323399, -0.0056319814175367355, -0.031995974481105804, 0.009942471981048584, -0.012797034345567226, -0.008261756971478462, -0.12730136513710022, -0.05462910979986191, -0.11464227735996246, -0.028381962329149246, 0.0027894785162061453, 0.010761368088424206, 0.019780518487095833, 0.002326064044609666, -0.03473303094506264, -0.008478526026010513, -0.03181052207946777, -0.4801381826400757, 0.45451194047927856, -0.2566111981868744, -0.6947059035301208, -0.5452719330787659, -0.3926994204521179, -0.26569095253944397, 0.633981466293335, 1.677923321723938, -1.190656304359436, 2.471332550048828, -1.6507866382598877, 0.0, -0.38999998569488525, 0.47999998927116394, -0.8054814338684082, 0.12208188325166702, -0.17818918824195862, 0.5518554449081421, -0.6482812762260437, -0.7289168238639832, 0.22001422941684723, 0.002332806121557951, 0.033437468111515045, -0.42706766724586487, 0.4163435399532318, 0.02951868437230587, -0.3590952157974243, 0.8995909690856934, -0.2468101978302002, 0.12499266862869263, -0.05048682913184166, 0.5571988224983215, -10.802497863769531, -4.274881362915039, -1.0235743522644043, 0.05448725447058678, -0.42842280864715576, 0.427362859249115, 0.01965182088315487, -0.3108815550804138, 0.9201921820640564, -0.2370922714471817, 0.1636170744895935, -0.031769491732120514, 0.3973235487937927, -5.773556232452393, -1.4749341011047363, -0.3619026243686676, 0.05599362030625343, -0.42440828680992126, 0.4615074098110199, 0.07928594201803207, -0.4336583614349365, 0.8966527581214905, -0.04084017872810364, 0.3528216481208801, 0.024451859295368195, 0.32786914706230164, -1.715988278388977, -1.9942535161972046, 3.228646993637085, 0.05000094696879387, -0.4064302444458008, 0.5095052719116211, -0.33357247710227966, 0.21538060903549194, 0.9091781973838806, -0.12544162571430206, 0.4122663140296936, 0.02859373204410076, 0.10984513908624649, -3.645552396774292, -0.6334734559059143, 0.5941029787063599, -0.06513931602239609, -0.3602408766746521, 0.5131562948226929, -0.012675009667873383, -0.4244151711463928, 0.8974476456642151, 0.1195768266916275, 0.03994343429803848, -0.03850603476166725, -0.006551466416567564, -2.1232011318206787, -2.7240002155303955, 2.343766450881958, -0.4972229599952698, -0.045808758586645126, 0.47453951835632324, -0.0021815658546984196, -0.002445015124976635, 0.004988310858607292, -0.042042527347803116, 0.18099483847618103, 0.2544804811477661, -0.0029170585330575705, -0.0010666357120499015, -0.0019992992747575045, -0.20032891631126404, 0.1477956473827362, 0.23033452033996582, -0.006044822745025158, -0.000639288395177573, 0.0024045384488999844, -0.6084182262420654, 0.07033108174800873, -0.5257680416107178, 0.0038444448728114367, -0.0020032173488289118, 0.004926138557493687, -0.36242181062698364, -0.11416344344615936, 0.3073146343231201, 0.001206801040098071, -0.0026797784958034754, 0.0021480342838913202, -1.0, -0.31375446915626526, -1.0, -1.0, 0.784323513507843, -0.5653045177459717, -0.5906880497932434, 0.186873197555542, 0.03274928033351898, -0.7793254852294922, -1.0, 0.39405688643455505, -1.0, -0.7163169384002686, 0.430876761674881, -1.0, 0.11282283067703247, 1.0, -0.13576194643974304, 0.01584426313638687]
[-0.475564569234848, -0.7584675550460815, -0.576794445514679, -1.000013828277588, 0.04859102889895439, -0.04488081857562065, -0.500433623790741, -0.7286980152130127, -0.10492952167987823, -0.17487069964408875, 0.4447389841079712, 0.10007677227258682, -0.8059017062187195, -0.7415547370910645, 0.7499531507492065, -0.986450731754303, -0.21980197727680206, 0.08028969913721085, -0.0034300556872040033, -0.7958377003669739, 0.41532808542251587, 0.8783742189407349, 0.2727864682674408, -0.02465750463306904, -0.2688979506492615, 0.46531787514686584, 0.30709147453308105, -9.939894516719505e-05, 0.7032986283302307, 0.8830727934837341, 0.217629536986351, -0.30785831809043884, 0.21614252030849457, 0.3645143508911133, -0.4254061281681061, -0.5348740816116333, 0.011197932064533234, 0.022330420091748238, -0.5038781762123108, -0.004367510322481394, -1.191210389137268, 0.8838948607444763, 0.9433732032775879, -0.4865155816078186, -0.1954580396413803, 0.0500321201980114, -0.46092984080314636, -0.03339073434472084, -0.06855785101652145, -0.7887357473373413, 0.03971163183450699, -0.03714168444275856, -0.03382129594683647, -0.01949753798544407, -0.09644430130720139, -0.03588361293077469, -0.009350087493658066, -0.0083521893247962, 0.013623042963445187, -0.1709429919719696, -0.0740097314119339, -0.02724047750234604, -0.1992858648300171, -0.0021289214491844177, -0.14798058569431305, -0.03373008593916893, 0.0024613109417259693, 0.04029787704348564, 0.05907713621854782, 0.0285752322524786, -0.019301725551486015, -0.008116042241454124, -0.032763294875621796, -0.46637362241744995, 0.482515424489975, -0.3405520021915436, -0.7386174201965332, -0.4491415321826935, -0.36978423595428467, 0.03654402866959572, 0.9448903799057007, 1.7478920221328735, -1.2626559734344482, 2.8408641815185547, -1.958328127861023, 0.0, -0.38999998569488525, 0.47999998927116394, -0.8054814338684082, 0.12208188325166702, -0.17818918824195862, 0.5518554449081421, -0.6722354292869568, -0.6635585427284241, 0.322765052318573, 0.0601012222468853, 0.036524344235658646, -0.4294460713863373, 0.4235711097717285, 0.01640760526061058, -0.27182725071907043, 0.9292215704917908, -0.24977585673332214, 0.12504200637340546, -0.004083295352756977, 0.4825745224952698, -9.394667625427246, -3.7369251251220703, -0.7861548662185669, 0.0576520711183548, -0.42986947298049927, 0.4321051239967346, 0.021203219890594482, -0.2760368287563324, 0.9311551451683044, -0.23728470504283905, 0.20908372104167938, -0.012704244814813137, 0.2952710688114166, -3.599073648452759, -0.8286781311035156, 0.29364779591560364, 0.061395518481731415, -0.42480385303497314, 0.46508151292800903, 0.07815400511026382, -0.429303377866745, 0.897161066532135, -0.0685025006532669, 0.3516761362552643, -0.019694248214364052, 0.15664976835250854, 0.608178436756134, -1.3434828519821167, 2.9428181648254395, 0.05867418646812439, -0.40660905838012695, 0.5103625655174255, -0.3318397104740143, 0.24102899432182312, 0.9010451436042786, -0.1410854309797287, 0.5723460912704468, 0.028479373082518578, -0.021615061908960342, -3.7596702575683594, 0.06551066786050797, 0.762097954750061, -0.06421365588903427, -0.36090800166130066, 0.5133267045021057, -0.021109703928232193, -0.4085325598716736, 0.9076862335205078, 0.09360132366418839, 0.08830225467681885, -0.015359560027718544, 0.055104948580265045, -2.4830355644226074, -1.5107686519622803, 2.5777220726013184, 0.1769627332687378, 0.3883892297744751, -0.3957141935825348, -0.013671698980033398, 0.0004722349694930017, -0.003059844486415386, -0.5039393901824951, 0.1353689283132553, -0.23378269374370575, -0.006321655120700598, 5.7106444728560746e-05, 0.008161085657775402, 0.03998177498579025, 0.9729241728782654, -0.397338330745697, -0.012646613642573357, 0.0002796385670080781, -0.0022552371956408024, -0.11338716745376587, -0.12528765201568604, -0.8164037466049194, 0.0005819967482239008, -0.0025155413895845413, 0.0013074064627289772, -0.2823707163333893, -0.4236586391925812, 0.12507152557373047, 0.0013814929407089949, -0.003598112380132079, -0.004238948691636324, -1.0, -0.41156038641929626, -1.0, -1.0, 0.8563821911811829, -0.4878547489643097, -0.8728882670402527, 0.04773646965622902, 0.09975655376911163, -1.0, -1.0, -0.03382844477891922, -1.0, -1.0, 0.6249279379844666, -1.0, 0.32650312781333923, 1.0, -0.14508160948753357, -0.060181401669979095]
[-0.5403379201889038, -0.700097918510437, -0.5073022246360779, -1.0000063180923462, 0.1140696331858635, 0.04312978312373161, -0.46556994318962097, -0.7651457190513611, -0.09130263328552246, -0.1470910608768463, 0.3735903203487396, 0.02221876010298729, -0.8104202151298523, -0.740595817565918, 0.5967951416969299, -0.9886603355407715, -0.34221041202545166, 0.1758362054824829, 0.10472358018159866, -0.7987736463546753, 0.40755265951156616, 0.8955432772636414, 0.22592350840568542, -0.034396469593048096, -0.24040618538856506, 0.3663707673549652, 0.25564372539520264, -7.083282980602235e-05, 0.568781316280365, 0.7626891732215881, 0.10564527660608292, -0.35214346647262573, 0.07743767648935318, 0.1667972058057785, -0.24652288854122162, -0.8424364328384399, -0.07843656837940216, -0.005309402942657471, -0.8230663537979126, -0.01104933675378561, -1.1015108823776245, 0.8800289034843445, 1.0532835721969604, 0.2075648158788681, 0.023172710090875626, 0.04136614501476288, -0.20394769310951233, -0.12044010311365128, 0.7900249361991882, -1.2145692110061646, -0.014657950028777122, -0.06519313156604767, -0.018351446837186813, -0.008429697714745998, -0.0035455073229968548, -0.07970873266458511, -0.03189856559038162, -0.01670842617750168, 0.06079579144716263, -0.1942259669303894, -0.08590411394834518, -0.03169308602809906, -0.19255566596984863, 0.019343258813023567, -0.0719415470957756, -0.014961492270231247, -0.00011515599908307195, 0.19774168729782104, 0.041483696550130844, 0.022801164537668228, -0.06897688657045364, -0.0221847016364336, -0.02733755111694336, -0.4470525085926056, 0.5098994970321655, -0.4222795069217682, -0.7745134234428406, -0.32369324564933777, -0.3420988619327545, 0.46745142340660095, 1.2718743085861206, 1.6276249885559082, -1.6955324411392212, 2.9194538593292236, -2.162175178527832, 0.0, -0.38999998569488525, 0.47999998927116394, -0.8054814338684082, 0.12208188325166702, -0.17818918824195862, 0.5518554449081421, -0.6861185431480408, -0.5711386203765869, 0.435818612575531, 0.11447373032569885, 0.03919493779540062, -0.4311593472957611, 0.4295998215675354, 0.006054587196558714, -0.19799278676509857, 0.9477710127830505, -0.24998436868190765, 0.11604183167219162, 0.03367692604660988, 0.3722943067550659, -7.765305995941162, -3.1981334686279297, -0.48212066292762756, 0.061205606907606125, -0.4305374026298523, 0.43561315536499023, 0.023669321089982986, -0.25722864270210266, 0.9351821541786194, -0.2422959953546524, 0.22105252742767334, 0.0006944455672055483, 0.17730911076068878, -1.3341304063796997, -0.1326432079076767, 0.7888990044593811, 0.06621595472097397, -0.4256244897842407, 0.4660143256187439, 0.08044108748435974, -0.442539781332016, 0.8887326717376709, -0.08855433762073517, 0.30101996660232544, -0.0733238086104393, -0.05063316598534584, 2.984714984893799, -0.1393558830022812, 1.9755669832229614, 0.06900612264871597, -0.4062822163105011, 0.5087674260139465, -0.3235601484775543, 0.26565638184547424, 0.894153892993927, -0.15882113575935364, 0.6410156488418579, 0.07275572419166565, -0.16831248998641968, -3.5976977348327637, 1.021555781364441, 0.8660178780555725, -0.06198366731405258, -0.36193200945854187, 0.5149902105331421, -0.010492971166968346, -0.3954593539237976, 0.9153594970703125, 0.07495817542076111, 0.21929411590099335, -0.06668051332235336, 0.1523219496011734, -1.2637624740600586, 1.5067514181137085, 2.6226212978363037, -0.06328585743904114, 0.0976603552699089, -0.46720051765441895, -0.006964792963117361, 0.0011435067281126976, 0.002964951330795884, 0.0279751755297184, 0.30446678400039673, -0.5162005424499512, -0.012141424231231213, 0.0008881333051249385, 0.0017697501461952925, 0.3494977355003357, 1.1389957666397095, -0.48319149017333984, -0.014608149416744709, 0.0019288189942017198, -0.004819237627089024, 0.10012238472700119, -0.18633702397346497, -0.46771880984306335, -0.002910211682319641, -0.0033465218730270863, 0.00017430016305297613, -0.8367869853973389, -0.2752211093902588, 0.5761962532997131, -0.0033884926233440638, -0.008796111680567265, -0.009640311822295189, -1.0, -0.49184390902519226, -1.0, -1.0, 0.7028902769088745, -0.3713124692440033, -1.0, -0.07555480301380157, 0.3205014765262604, -1.0, -1.0, -0.5643129348754883, -1.0, -1.0, 0.685688853263855, -0.5961933135986328, 0.48391827940940857, 1.0, 0.08943986892700195, -0.12517589330673218]
[-0.5968246459960938, -0.6322360634803772, -0.48610758781433105, -0.9999939203262329, 0.13505183160305023, 0.10807669162750244, -0.42949700355529785, -0.8022915720939636, -0.13568095862865448, -0.14643226563930511, 0.35164767503738403, -0.0940193310379982, -0.7937573194503784, -0.7384036183357239, 0.38218382000923157, -0.9901600480079651, -0.45079559087753296, 0.23408463597297668, 0.2023717761039734, -0.7110310792922974, 0.407072514295578, 0.9106318354606628, 0.22801484167575836, -0.03463883697986603, -0.21506629884243011, 0.5360192656517029, -0.10290686041116714, 9.404541742696892e-06, 0.028016606345772743, 0.375436931848526, 0.17547199130058289, -0.3363233506679535, -0.6655310988426208, -0.12766723334789276, 0.012589757330715656, -1.2710219621658325, 0.2545466125011444, 0.05813758447766304, -1.0790499448776245, -0.003668692661449313, -0.9526640772819519, 0.35575762391090393, 0.713707685470581, 1.5547053813934326, -0.012531870976090431, 0.03670647740364075, 0.11388945579528809, 0.05609721690416336, -0.03267166018486023, 1.4969033002853394, -0.17358702421188354, 0.08174613118171692, -0.0027221674099564552, -0.02581010013818741, 0.008808307349681854, 0.09540446102619171, -0.019993428140878677, -0.023613756522536278, 0.08397802710533142, -0.10678155720233917, -0.0359775647521019, -0.01026835199445486, 0.02840302512049675, -0.04490984231233597, 0.05311975255608559, -0.02301269955933094, -0.02965260110795498, 0.35438773036003113, 0.03224477544426918, 0.012431230396032333, -0.15312986075878143, -0.0385281965136528, -0.01535780169069767, -0.42446479201316833, 0.5334866642951965, -0.4747655689716339, -0.800977885723114, -0.17603424191474915, -0.3194432258605957, 0.7414780855178833, 1.3668843507766724, 1.384455919265747, -2.4428393840789795, 2.4927432537078857, -1.6091833114624023, 0.0, -0.38999998569488525, 0.47999998927116394, -0.8054814338684082, 0.12208188325166702, -0.17818918824195862, 0.5518554449081421, -0.6835236549377441, -0.4602200388908386, 0.5490663051605225, 0.13971085846424103, 0.04262320324778557, -0.43269413709640503, 0.4357927441596985, -0.0016322355950251222, -0.14593924582004547, 0.9555171132087708, -0.2562929689884186, 0.24355730414390564, -0.01301657222211361, 0.41594067215919495, -4.17428731918335, -2.179516077041626, 1.3787291049957275, 0.06463845074176788, -0.43181678652763367, 0.4389558434486389, 0.03328748419880867, -0.26715824007987976, 0.9313822388648987, -0.24504172801971436, 0.2443188577890396, -0.12456309795379639, 0.1960550844669342, 2.307239294052124, 2.107492685317993, 0.6996862888336182, 0.07003644853830338, -0.4271075427532196, 0.4662640392780304, 0.08356364071369171, -0.4583933353424072, 0.879294216632843, -0.09866208583116531, 0.22491346299648285, -0.11933442205190659, -0.01604446955025196, 2.1108810901641846, 0.2999851107597351, 0.7607712149620056, 0.0800555944442749, -0.4054156541824341, 0.5063349604606628, -0.3059368431568146, 0.2752268314361572, 0.8921903967857361, -0.18614248931407928, 0.682677149772644, 0.06116889789700508, -0.11685073375701904, -1.458986520767212, 3.4770400524139404, 2.9319941997528076, -0.05683422088623047, -0.3647955656051636, 0.5191844701766968, 0.027716122567653656, -0.39358311891555786, 0.916512668132782, 0.06579164415597916, 0.4823857843875885, -0.22698292136192322, 0.30174320936203003, 0.7176991701126099, 5.022734642028809, 2.9916274547576904, -0.9108462333679199, 0.4243465065956116, 0.3457420766353607, -0.01944490522146225, 0.0020163720473647118, 0.015099400654435158, 0.04401575028896332, 0.4053739011287689, 0.32536882162094116, -0.01753314584493637, -0.00046440327423624694, -0.0011751921847462654, 0.4693879187107086, 0.4761948585510254, 0.07208797335624695, -0.0031254298519343138, 0.0039586229249835014, -0.007334296591579914, -0.2969875633716583, 0.5818001627922058, 0.0963413268327713, -0.020925600081682205, -0.0010301426518708467, 0.002648854861035943, -1.6667686700820923, -0.12112069129943848, 1.3855260610580444, -0.005474204663187265, -0.011859901249408722, -0.008148844353854656, -1.0, -0.13312944769859314, -1.0, -1.0, 0.0902176946401596, -0.1594792604446411, -1.0, -0.6599568724632263, 0.5565151572227478, -1.0, -0.6060261726379395, -1.0, -1.0, -1.0, 0.34570929408073425, 0.19905781745910645, 0.39727750420570374, 1.0, 0.37525543570518494, 0.022514499723911285]
[-0.6529169082641602, -0.5115904808044434, -0.5328477025032043, -1.0000007152557373, 0.10361472517251968, 0.11893293261528015, -0.38483938574790955, -0.8457010388374329, -0.24482272565364838, -0.17259684205055237, 0.3930668234825134, -0.2274768203496933, -0.7897869944572449, -0.7331230044364929, 0.15132570266723633, -0.9757446050643921, -0.5456185936927795, 0.21519774198532104, 0.23832418024539948, -0.5388163328170776, 0.3880290687084198, 0.8284239768981934, 0.2846738398075104, 0.04089000076055527, -0.21701215207576752, 1.043319582939148, -0.14214105904102325, -0.0002623774635139853, -0.4558585286140442, -0.06164899095892906, 0.17866723239421844, -0.3863297402858734, -1.2049639225006104, -0.3406986892223358, 0.20757067203521729, -1.1263744831085205, -0.041952408850193024, 0.03654075413942337, -1.0443123579025269, 0.08983810991048813, -0.8324059844017029, -0.4539085030555725, 0.032856691628694534, 2.4234354496002197, -0.20219245553016663, -0.32684677839279175, 0.4653944969177246, 1.0281099081039429, -0.23066766560077667, 4.971466541290283, 0.043816857039928436, 0.26932796835899353, 0.03779556229710579, -0.01260996051132679, 0.011657936498522758, 0.27604854106903076, 0.039731793105602264, -0.005809436552226543, -0.015081162564456463, 0.48431575298309326, 0.17616558074951172, 0.058789514005184174, 0.4907975196838379, -0.08145944774150848, 0.2796391248703003, 0.004389020148664713, -0.037399567663669586, 0.13624872267246246, 0.11938317120075226, 0.004969856236129999, -0.046773672103881836, 0.015466881915926933, -0.0019617415964603424, -0.40096327662467957, 0.5542222857475281, -0.4860597550868988, -0.8231936097145081, -0.02995256520807743, -0.2918922007083893, 0.7967172861099243, 1.4039561748504639, 1.2061980962753296, -2.489006757736206, 2.4874165058135986, -0.969667911529541, 0.0, -0.38999998569488525, 0.47999998927116394, -0.8054814338684082, 0.12208188325166702, -0.17818918824195862, 0.5518554449081421, -0.6536893248558044, -0.35616475343704224, 0.6538647413253784, 0.13526998460292816, 0.04806059971451759, -0.43487805128097534, 0.4459229111671448, -0.004349952097982168, -0.11875011771917343, 0.9543544054031372, -0.27402031421661377, 0.3289889097213745, -0.1268199235200882, 0.7410190105438232, -2.5293710231781006, -0.8545511364936829, 1.9379854202270508, 0.06863182038068771, -0.43462491035461426, 0.44573524594306946, 0.05034351721405983, -0.2976580262184143, 0.9213002324104309, -0.24509401619434357, 0.3073636293411255, -0.23721705377101898, 0.5053452253341675, 3.4576663970947266, 3.0799648761749268, 0.8094408512115479, 0.07302641123533249, -0.42949187755584717, 0.47027620673179626, 0.08399005979299545, -0.46973198652267456, 0.8732813596725464, -0.09837238490581512, 0.17339207231998444, -0.14187785983085632, 0.4154059588909149, 0.4698411226272583, -0.13420745730400085, -0.1845822036266327, 0.09090041369199753, -0.40425488352775574, 0.5070484280586243, -0.2758638858795166, 0.25390633940696716, 0.8984044194221497, -0.2286921739578247, 0.6592417359352112, 0.026625311002135277, 0.2260066270828247, 1.2552176713943481, 6.335958003997803, 4.8513312339782715, -0.04880419000983238, -0.36914679408073425, 0.5252055525779724, 0.05584140866994858, -0.40045425295829773, 0.912081241607666, 0.06801319867372513, 0.5490137338638306, -0.270606130361557, 0.3673169016838074, 1.159972906112671, 2.1986100673675537, -0.11138133704662323, 0.16690027713775635, 0.3640233874320984, 1.473992109298706, -0.007149610202759504, -0.002720585325732827, -0.003933060448616743, 0.039163000881671906, -0.09235039353370667, 1.3841230869293213, -0.007194693200290203, -0.0013225357979536057, -0.00210859184153378, -0.0582004152238369, -2.423893690109253, 1.3649982213974, 0.022431110963225365, 0.00014692722470499575, 0.0022096880711615086, -0.47885534167289734, 1.2963510751724243, 1.2674660682678223, -0.017954299226403236, 0.0012696691555902362, 0.002448334824293852, 0.018658854067325592, -0.2214997410774231, 0.7444559335708618, -0.002150853630155325, 0.01516833994537592, 0.0033411975018680096, -1.0, 0.6401009559631348, -1.0, -1.0, -0.24287007749080658, -0.2634322941303253, -1.0, -1.0, 1.0, -1.0, -0.925190269947052, -0.9591557383537292, -0.8371994495391846, -1.0, -0.19227033853530884, 0.6725753545761108, 0.19797974824905396, -0.137602299451828, 0.7872719764709473, 0.8238493204116821]
[-0.7110499143600464, -0.34850263595581055, -0.5191684365272522, -1.0000053644180298, 0.0529615543782711, 0.10573401302099228, -0.3789187967777252, -0.8853806257247925, -0.37222516536712646, -0.21376639604568481, 0.4167017340660095, -0.3059285283088684, -0.806033730506897, -0.7328689098358154, -0.047484397888183594, -0.9105965495109558, -0.626909613609314, 0.15489254891872406, 0.22725661098957062, -0.3478943109512329, 0.33420032262802124, 0.6525803208351135, 0.3770742118358612, 0.17154140770435333, -0.21556596457958221, 1.2168047428131104, 0.09218670427799225, -1.8931930753751658e-05, -0.4700782895088196, -0.15078239142894745, 0.05111563950777054, -0.5355253219604492, -1.1181029081344604, -0.3921447992324829, -0.09482237696647644, -0.27275604009628296, -0.26420408487319946, -0.05516043305397034, -0.8391336798667908, 0.3623059391975403, -0.7026309370994568, -0.6086300611495972, -0.17343461513519287, 2.3058571815490723, -0.48593124747276306, -0.4882443845272064, 0.6250576376914978, 1.2979763746261597, 0.17323458194732666, 1.4357044696807861, 0.0277429036796093, 0.07749822735786438, 0.023961754515767097, 0.003573469817638397, 0.11477102339267731, -0.12847737967967987, -0.03975677490234375, -0.01289284322410822, -0.18506622314453125, 0.5633977055549622, 0.20866014063358307, 0.06821636110544205, 0.31826749444007874, 0.027265390381217003, 0.20543071627616882, 0.04536418616771698, 0.002663089195266366, -0.13008856773376465, -0.02510833740234375, -0.03835338354110718, 0.07842567563056946, 0.029515817761421204, 0.011319535784423351, -0.3775593340396881, 0.572284996509552, -0.487190842628479, -0.8299611806869507, 0.1139148399233818, -0.2466433197259903, 0.7967172861099243, 1.4039561748504639, 1.0426653623580933, -2.2588679790496826, 2.6738955974578857, -0.9196286201477051, 0.0, -0.38999998569488525, 0.47999998927116394, -0.8054814338684082, 0.12208188325166702, -0.17818918824195862, 0.5518554449081421, -0.6015086770057678, -0.24933947622776031, 0.7469108700752258, 0.13469010591506958, 0.05277319625020027, -0.4378122389316559, 0.45975226163864136, -0.0008516951347701252, -0.0947662889957428, 0.9545248746871948, -0.28266727924346924, 0.2572929859161377, -0.10837846994400024, 0.8937854170799255, -3.0568840503692627, -0.5471159219741821, 0.8128219842910767, 0.07370699942111969, -0.4372817277908325, 0.45668157935142517, 0.06783508509397507, -0.3264491856098175, 0.9088291525840759, -0.2507166862487793, 0.3320351839065552, -0.16439874470233917, 0.6284699440002441, 3.1754448413848877, 2.900348663330078, 1.2862908840179443, 0.0764068141579628, -0.4308392405509949, 0.4809282720088959, 0.07989215850830078, -0.46036383509635925, 0.8779723048210144, -0.10414836555719376, 0.24466346204280853, 0.01692967116832733, 0.8705199360847473, -2.6672134399414062, -1.8177411556243896, 1.3713699579238892, 0.0995856523513794, -0.4029442369937897, 0.5114017724990845, -0.23684696853160858, 0.22157102823257446, 0.9077492356300354, -0.26608458161354065, 0.5018453001976013, 0.04612680897116661, 0.38168832659721375, 1.2963582277297974, 6.357290267944336, 2.7187628746032715, -0.040698643773794174, -0.3729383051395416, 0.530663788318634, 0.054630450904369354, -0.4120204448699951, 0.9058283567428589, 0.08203352987766266, 0.40907013416290283, -0.1971333622932434, 0.2728245258331299, 1.388767957687378, -0.34040823578834534, -2.8153200149536133, 0.11905450373888016, -0.05933952331542969, 0.4856571853160858, 0.0026833766605705023, -0.0006523031042888761, -0.001517484663054347, 0.6006321907043457, 0.3966982960700989, -0.396668016910553, -0.006942369509488344, 0.0020674807019531727, -0.008004083298146725, -1.050346851348877, -2.8131346702575684, 0.9875832796096802, 0.026019344106316566, -0.009653186425566673, 0.014104261994361877, 0.2832781672477722, 0.2667677700519562, 1.0992045402526855, 0.006664605811238289, -0.0002566392649896443, -0.005130394361913204, 1.0725452899932861, 0.392747700214386, -0.44242992997169495, -0.0013423081254586577, 0.012355093844234943, 0.007258528843522072, -1.0, 0.7510836124420166, -1.0, -1.0, -0.2213669866323471, -0.6171891093254089, -1.0, -1.0, 1.0, -1.0, -1.0, -0.8779135346412659, -0.29824352264404297, -1.0, -0.22370648384094238, 0.6567901372909546, -0.11270648241043091, -0.5677405595779419, 1.0, 1.0]
[-0.7675411701202393, -0.1826186329126358, -0.5060192942619324, -1.0000051259994507, 0.011421858333051205, 0.09042954444885254, -0.37503424286842346, -0.9299971461296082, -0.48091965913772583, -0.25299686193466187, 0.40058261156082153, -0.3416714370250702, -0.8352029919624329, -0.7411640286445618, -0.2018660455942154, -0.7772175669670105, -0.6938828825950623, 0.08965608477592468, 0.20643262565135956, -0.1835794448852539, 0.24830280244350433, 0.434376060962677, 0.45993149280548096, 0.30426347255706787, -0.2056027203798294, 1.1346865892410278, 0.006399206351488829, 1.2685374713328201e-05, -0.33477842807769775, -0.12947481870651245, -0.01238534227013588, -0.3904937207698822, -0.937312126159668, -0.34348949790000916, -0.008643796667456627, -0.32966381311416626, -0.2727871835231781, -0.08865728974342346, -0.6366109251976013, 0.6486999988555908, -0.5693496465682983, -0.5964446663856506, -0.20392468571662903, 1.8660202026367188, -0.6892301440238953, -0.5628202557563782, 0.45489761233329773, 1.1873409748077393, 0.4126679599285126, -1.479050636291504, -0.015441851690411568, -0.08036012947559357, -0.007329113781452179, 0.003375930478796363, -0.005268235225230455, -0.07083038985729218, 0.0005915400106459856, 0.00637140404433012, 0.048643551766872406, -0.08576206862926483, -0.027610164135694504, -0.009019173681735992, 0.046044331043958664, 0.08013409376144409, 0.07434976100921631, 0.03305782005190849, 0.009809001348912716, -0.1569405496120453, -0.11516425758600235, -0.06654810905456543, 0.06667962670326233, 0.01327739842236042, 0.024600813165307045, -0.35415539145469666, 0.5876216292381287, -0.47929564118385315, -0.8206876516342163, 0.2498839646577835, -0.18521730601787567, 0.7967172861099243, 1.4039561748504639, 0.8791326284408569, -2.005249261856079, 2.822662830352783, -0.9426667094230652, 0.0, -0.38999998569488525, 0.47999998927116394, -0.8054814338684082, 0.12208188325166702, -0.17818918824195862, 0.5518554449081421, -0.5294223427772522, -0.14360705018043518, 0.824458122253418, 0.13913284242153168, 0.056935716420412064, -0.4394111931324005, 0.47435808181762695, 0.0010337482672184706, -0.06727099418640137, 0.9544901251792908, -0.29055464267730713, 0.22340671718120575, 0.00920183677226305, 0.863369882106781, -3.257351875305176, -1.0130680799484253, 1.0746076107025146, 0.07831591367721558, -0.4388095736503601, 0.46830853819847107, 0.08376611024141312, -0.34834763407707214, 0.8979705572128296, -0.25551119446754456, 0.29467520117759705, -0.0633879154920578, 0.6619746088981628, 1.965488314628601, 2.0128257274627686, 1.3099230527877808, 0.08006587624549866, -0.430433452129364, 0.4940340220928192, 0.07552813738584518, -0.44297319650650024, 0.8855528235435486, -0.11775601655244827, 0.18200993537902832, 0.0741385817527771, 0.7840691804885864, -1.8689006567001343, -1.3391177654266357, 0.9727480411529541, 0.10510097444057465, -0.4019553065299988, 0.5170900225639343, -0.19761765003204346, 0.19511859118938446, 0.9181036949157715, -0.2827748954296112, 0.3146609663963318, 0.032350651919841766, 0.38970914483070374, 1.3581842184066772, 5.322110176086426, 0.12777425348758698, -0.03443092480301857, -0.3757416903972626, 0.5342759490013123, 0.03828229382634163, -0.4293403923511505, 0.8965634107589722, 0.10185831785202026, 0.26256880164146423, -0.15829777717590332, 0.13972514867782593, 2.2483038902282715, -1.0733304023742676, -3.6299240589141846, -0.07285501807928085, -0.1137915626168251, -0.42120057344436646, 0.001669056829996407, 0.001010978827252984, 0.002778814872726798, -0.00570855475962162, -0.02478412352502346, -0.28682804107666016, 0.005999642424285412, -0.0001045763201545924, 0.0015563485212624073, 0.288472056388855, 0.41504424810409546, -0.2709990441799164, -0.002793509280309081, 0.0018683604430407286, -0.002696702256798744, 0.6429736614227295, -0.18154707551002502, 0.4053908586502075, 0.007085795514285564, 0.0006052936078049242, -0.007583105470985174, 0.7633956670761108, 0.8239216208457947, -0.47304868698120117, -0.002885985653847456, 0.0010630707256495953, 0.007096215151250362, -1.0, 0.6676763296127319, -1.0, -1.0, -0.16133035719394684, -0.8231585621833801, -1.0, -1.0, 1.0, -1.0, -1.0, -0.8533918261528015, 0.24396973848342896, -1.0, -0.2543359100818634, 0.5832732915878296, -0.3500075042247772, -0.9133570194244385, 0.8425412178039551, 1.0]
[-0.8204940557479858, -0.037555795162916183, -0.503740668296814, -1.000002384185791, -0.031394992023706436, 0.07666060328483582, -0.3772452473640442, -0.9697277545928955, -0.5708258152008057, -0.29267847537994385, 0.3936379551887512, -0.37256887555122375, -0.8566356897354126, -0.7496293187141418, -0.3235013484954834, -0.5749239921569824, -0.7475286722183228, 0.0279083289206028, 0.1850939393043518, -0.07720384001731873, 0.13364453613758087, 0.21531392633914948, 0.5131242275238037, 0.4201168715953827, -0.18762733042240143, 0.945792019367218, -0.004482219461351633, -3.091480539296754e-05, -0.4257093071937561, -0.13653533160686493, -0.017896568402647972, -0.3518449068069458, -0.7739748358726501, -0.5160860419273376, -0.03118683211505413, -0.26705750823020935, -0.15656764805316925, -0.06598388403654099, -0.5170105695724487, 0.930382251739502, -0.45403751730918884, -0.5543429255485535, -0.19577105343341827, 1.0034035444259644, -0.9007976651191711, -0.5291140079498291, 0.2705012559890747, 1.0099409818649292, 0.702294647693634, -2.6356732845306396, 0.01598629727959633, -0.14355970919132233, -0.03935854136943817, -0.008180531673133373, 0.0207130778580904, -0.14845998585224152, -0.02952905371785164, -0.0189123023301363, 0.028013160452246666, -0.14213329553604126, -0.03775385022163391, -0.009236610494554043, -0.1292574256658554, 0.09430290758609772, -0.02325069159269333, 0.010640935972332954, 0.0071808043867349625, -0.21665120124816895, -0.17830848693847656, -0.08130143582820892, 0.09994737058877945, 0.023224903270602226, 0.037882089614868164, -0.3307514488697052, 0.6002321839332581, -0.4640972912311554, -0.7952490448951721, 0.3743147552013397, -0.10991429537534714, 0.7967172861099243, 1.4039561748504639, 0.7155998945236206, -1.7484407424926758, 2.9218060970306396, -1.0324950218200684, 0.0, -0.38999998569488525, 0.47999998927116394, -0.8054814338684082, 0.12208188325166702, -0.17818918824195862, 0.5518554449081421, -0.44065621495246887, -0.04124325141310692, 0.8841982483863831, 0.14938056468963623, 0.060565050691366196, -0.4395708739757538, 0.48722854256629944, 0.0027657507453113794, -0.04579974338412285, 0.9531487226486206, -0.2990017831325531, 0.19159282743930817, 0.05473071709275246, 0.7081573605537415, -1.9786573648452759, -0.39224207401275635, 1.0213743448257446, 0.08229173719882965, -0.43906211853027344, 0.4787265658378601, 0.09826689213514328, -0.36733996868133545, 0.8875752091407776, -0.26002928614616394, 0.2502869963645935, -0.0057253907434642315, 0.5372393727302551, 2.658078670501709, 2.378373146057129, 1.1627050638198853, 0.08293616771697998, -0.4290562868118286, 0.5056793689727783, 0.071535125374794, -0.4264861047267914, 0.8923317790031433, -0.12936852872371674, 0.15039756894111633, 0.12895657122135162, 0.6702958941459656, -1.9434258937835693, -1.2855173349380493, 1.0540367364883423, 0.1076955646276474, -0.4017491042613983, 0.5222116112709045, -0.16246795654296875, 0.17221154272556305, 0.9309451580047607, -0.27800771594047546, 0.14981451630592346, -0.01935550384223461, 0.31044715642929077, 1.8951594829559326, 4.325306415557861, -2.127730369567871, -0.031173225492239, -0.37783101201057434, 0.5355103015899658, 0.007622672710567713, -0.4518844187259674, 0.8840992450714111, 0.11878843605518341, 0.0302739255130291, -0.12401200830936432, -0.022176997736096382, 2.7312655448913574, -3.3604531288146973, -3.884772777557373, 0.10954170674085617, 0.10427965968847275, -0.8776624202728271, -0.0066163367591798306, 0.0011547327740117908, 0.0005641251336783171, 0.13290148973464966, 0.5388442277908325, -0.6095722913742065, -0.010829641483724117, 0.0006637861952185631, 0.0005840766825713217, 0.1677790880203247, 0.5881645679473877, -0.42928263545036316, -0.0004141430836170912, 0.00032900701626203954, -0.0012495543342083693, 0.7023806571960449, -0.24454531073570251, -0.14649386703968048, 0.0035126248840242624, 0.0006832791259512305, -0.00727419089525938, 1.2203456163406372, 1.1031811237335205, -0.5504158735275269, -0.0026654968969523907, 0.003699377179145813, 0.010969245806336403, -1.0, 0.5883733034133911, -1.0, -1.0, -0.30217117071151733, -0.8699271082878113, -1.0, -1.0, 1.0, -1.0, -0.9325863122940063, -0.9073923230171204, 0.829727292060852, -1.0, -0.28928086161613464, 0.23933085799217224, -0.6392009258270264, -1.0, 0.7347098588943481, 1.0]
[-0.8666816353797913, 0.0744425356388092, -0.5037205219268799, -1.0000038146972656, -0.07441254705190659, 0.06208983063697815, -0.37693819403648376, -0.9996304512023926, -0.6452347636222839, -0.36801835894584656, 0.3859284520149231, -0.4009322226047516, -0.8756608963012695, -0.7559524178504944, -0.4270850718021393, -0.34314048290252686, -0.7900722026824951, -0.025504034012556076, 0.16568908095359802, -0.042858414351940155, -0.005830816924571991, 0.021797796711325645, 0.5210664868354797, 0.5178295969963074, -0.15745334327220917, 0.6830963492393494, -0.004098696168512106, -2.323521130165318e-06, -0.38156962394714355, -0.13359461724758148, -0.009191514924168587, -0.25536298751831055, -0.6400412917137146, -0.8069791793823242, -0.03872397541999817, -0.23132085800170898, -0.18786780536174774, -0.06010480597615242, -0.457337349653244, 0.965549647808075, -0.3602321743965149, -0.45965704321861267, -0.16921241581439972, 0.10861676931381226, -1.0640242099761963, -0.4526851177215576, -0.0594438798725605, 0.8469240069389343, 1.0606484413146973, -3.3787713050842285, 0.030309611931443214, -0.18707138299942017, -0.04315060377120972, -0.00619922811165452, 0.035644661635160446, -0.18134713172912598, -0.04332027584314346, -0.015707744285464287, 0.012140328995883465, -0.19775065779685974, -0.06918583810329437, -0.02187812328338623, -0.24400414526462555, 0.05327781289815903, -0.10128232836723328, -0.009021876379847527, 0.004388829227536917, -0.1857578158378601, -0.19183547794818878, -0.08178016543388367, 0.061145033687353134, 0.010702958330512047, 0.05116336792707443, -0.30734750628471375, 0.6101166605949402, -0.4433935582637787, -0.7539678812026978, 0.4841308891773224, -0.02348794974386692, 0.7967172861099243, 1.4039561748504639, 0.5520671606063843, -1.5077861547470093, 2.964123010635376, -1.1778489351272583, 0.0, -0.38999998569488525, 0.47999998927116394, -0.8054814338684082, 0.12208188325166702, -0.17818918824195862, 0.5518554449081421, -0.3388535678386688, 0.055752597749233246, 0.9244224429130554, 0.16587063670158386, 0.06347054243087769, -0.438953161239624, 0.4970783293247223, 0.005529787857085466, -0.034388765692710876, 0.9513096213340759, -0.30626240372657776, 0.1514609009027481, 0.06796630471944809, 0.5048846006393433, -0.9840619564056396, 0.017881661653518677, 0.8324152231216431, 0.08538103103637695, -0.4385802745819092, 0.4867892265319824, 0.11481355875730515, -0.398499071598053, 0.8716986179351807, -0.26107048988342285, 0.20222137868404388, 0.01085231639444828, 0.3484264314174652, 4.049431800842285, 3.17130446434021, 0.8966872096061707, 0.0852513536810875, -0.42737051844596863, 0.5144115686416626, 0.06927405297756195, -0.4159838557243347, 0.8959389925003052, -0.13947004079818726, 0.12478282302618027, 0.11637532711029053, 0.45502832531929016, -0.7895867228507996, -0.7612876296043396, 0.9617102742195129, 0.10831054300069809, -0.4022378623485565, 0.5255935788154602, -0.13328473269939423, 0.14960728585720062, 0.9446495175361633, -0.2597883343696594, 0.0536058284342289, -0.05981786921620369, 0.17474156618118286, 2.3403220176696777, 3.466083288192749, -2.9988276958465576, -0.03072654828429222, -0.3798028826713562, 0.5341651439666748, -0.03612252697348595, -0.4801539480686188, 0.8678744435310364, 0.12223377078771591, -0.10471665859222412, -0.1420925110578537, -0.20239199697971344, 3.545738935470581, -5.461450099945068, -2.5876147747039795, 0.1987844556570053, 0.08422664552927017, -1.0819934606552124, -0.004935828037559986, 0.0013412763364613056, -0.0002232722326880321, 0.21076983213424683, 0.6692618727684021, -0.7007143497467041, -0.005668816156685352, 0.0010862783528864384, 0.00033472300856374204, 0.07193080335855484, 1.023269772529602, -0.5622046589851379, -0.0065290783531963825, -0.0009827592875808477, -0.00023185490863397717, 0.46633097529411316, -0.21331848204135895, -0.5752272009849548, 0.0011890522437170148, 0.0017766787204891443, -0.0024627852253615856, 0.7427593469619751, 1.1961779594421387, -0.2896757423877716, -0.003433230798691511, -0.0011811869917437434, 0.009971925988793373, -1.0, 0.4390280544757843, -1.0, -1.0, -0.2968202233314514, -0.8385230898857117, -1.0, -1.0, 1.0, -1.0, -1.0, -1.0, 1.0, -1.0, -0.28054627776145935, -0.12465080618858337, -0.8983811736106873, -1.0, 0.39754340052604675, 1.0]
[-0.9034737348556519, 0.14740926027297974, -0.5019989609718323, -1.0000042915344238, -0.09395710378885269, 0.051571790128946304, -0.37306106090545654, -1.0000159740447998, -0.7070699334144592, -0.4503638744354248, 0.3832707107067108, -0.4063190221786499, -0.89508056640625, -0.7624955773353577, -0.5149450898170471, -0.12592339515686035, -0.8241304755210876, -0.0674668401479721, 0.14972686767578125, -0.06252674758434296, -0.14468145370483398, -0.14146581292152405, 0.47235405445098877, 0.5998350977897644, -0.12088476866483688, 0.40999576449394226, 0.009896081872284412, 5.9231901104794815e-05, -0.07489524781703949, -0.059750426560640335, 0.006571944337338209, 2.033506279985886e-05, -0.5284069776535034, -0.7120089530944824, -0.02065272442996502, -0.035318177193403244, -0.1706489771604538, -0.05913059785962105, -0.382700115442276, 0.8551923036575317, -0.2923462688922882, -0.34898364543914795, -0.1332332342863083, -0.42569872736930847, -0.969020664691925, -0.37755608558654785, -0.425119549036026, 0.7090387344360352, 1.1633069515228271, -3.0991780757904053, 0.04189383611083031, -0.17350885272026062, -0.024904310703277588, 0.003416019957512617, 0.04362618178129196, -0.2032618224620819, -0.05647021532058716, -0.009485600516200066, -0.0017215999541804194, -0.2637489438056946, -0.09366878122091293, -0.030351541936397552, -0.22449302673339844, 0.017122110351920128, -0.10917450487613678, -0.014505535364151001, 0.0026637946721166372, -0.09757757931947708, -0.07572018355131149, -0.021513156592845917, 0.006658381782472134, -0.006768396124243736, 0.0644446462392807, -0.2839435636997223, 0.617275059223175, -0.41898372769355774, -0.6975906491279602, 0.5768735408782959, 0.07097022235393524, 0.7967172861099243, 1.4039561748504639, 0.38853442668914795, -1.3002070188522339, 2.947338819503784, -1.3637577295303345, 0.0, -0.38999998569488525, 0.47999998927116394, -0.8054814338684082, 0.12208188325166702, -0.17818918824195862, 0.5518554449081421, -0.22793060541152954, 0.14568588137626648, 0.9440435171127319, 0.188693106174469, 0.06549855321645737, -0.4380204975605011, 0.5036366581916809, 0.006358310580253601, -0.024143466725945473, 0.9498959183692932, -0.311567485332489, 0.09029843658208847, 0.07996319979429245, 0.3183271288871765, -1.2972019910812378, -0.5082117915153503, 0.5539020895957947, 0.08756408095359802, -0.4378533363342285, 0.49284452199935913, 0.12863709032535553, -0.42763790488243103, 0.8561089634895325, -0.26010704040527344, 0.14093659818172455, 0.021748851984739304, 0.22956126928329468, 3.3150131702423096, 2.5426650047302246, 0.5812909007072449, 0.08685454726219177, -0.42559173703193665, 0.5206133127212524, 0.06788045912981033, -0.4077815115451813, 0.8986402153968811, -0.14680680632591248, 0.08670152723789215, 0.10637883096933365, 0.29852524399757385, -0.5763663649559021, -0.49707114696502686, 0.704076886177063, 0.10792138427495956, -0.4031793177127838, 0.5267415642738342, -0.11036638915538788, 0.12634631991386414, 0.9569068551063538, -0.23703376948833466, 0.004797439556568861, -0.08843404799699783, 0.03626113384962082, 2.568286657333374, 2.765228748321533, -3.0040342807769775, -0.031095009297132492, -0.38203877210617065, 0.5309607982635498, -0.07859158515930176, -0.5114315748214722, 0.8488165736198425, 0.10849642008543015, -0.06272910535335541, -0.16372522711753845, -0.29499298334121704, 3.7299439907073975, -5.701831340789795, -0.3524250388145447, 0.2598898708820343, -0.07148674130439758, -0.9142914414405823, 0.002343718893826008, 0.0012133335694670677, -0.0012602248461917043, 0.2435554563999176, 0.7314973473548889, -0.6735931634902954, 0.0014868585858494043, 0.0013246939051896334, 3.453543467912823e-05, -0.0019494483713060617, 1.3642313480377197, -0.5842469930648804, -0.009888071566820145, -0.0016955645987764, 0.0004309475771151483, 0.24344979226589203, -0.12372495234012604, -0.6034470200538635, 0.0008079203544184566, 0.0021083143074065447, 0.0007640792755410075, -0.0009149865945801139, 0.39346104860305786, -0.04624955728650093, 0.0008308948017656803, -0.006753755733370781, 0.0033797193318605423, -1.0, 0.30002865195274353, -1.0, -1.0, -0.08808748424053192, -0.7532479166984558, -1.0, -1.0, 1.0, -1.0, -1.0, -1.0, 1.0, -1.0, -0.25562193989753723, -0.32441288232803345, -0.8859908580780029, -0.9626030921936035, -0.0062017738819122314, 1.0]
[-0.9307230114936829, 0.18435339629650116, -0.5019091367721558, -1.0000022649765015, -0.0788966715335846, 0.051207635551691055, -0.37222617864608765, -1.0000132322311401, -0.7573813796043396, -0.516286313533783, 0.37698718905448914, -0.4126308262348175, -0.9114478826522827, -0.7681851387023926, -0.5882492065429688, 0.06160908564925194, -0.8520621657371521, -0.09337137639522552, 0.13836966454982758, -0.11566391587257385, -0.2568611800670624, -0.267609566450119, 0.3810281455516815, 0.668269157409668, -0.08926153928041458, 0.15927694737911224, 0.007019808981567621, 7.368286605924368e-05, 0.251296728849411, 0.04655744880437851, 0.0036091164220124483, 1.784079177014064e-05, -0.43204212188720703, -0.5483766794204712, 0.00332510843873024, -0.016476118937134743, -0.1450679749250412, -0.0507691316306591, -0.31809768080711365, 0.7266367077827454, -0.24084599316120148, -0.18107189238071442, -0.08220197260379791, -0.7716683149337769, -0.7206679582595825, -0.2744863033294678, -0.6355311274528503, 0.589972972869873, 0.8814534544944763, -2.9735493659973145, 0.03764059394598007, -0.16606643795967102, -0.024533646181225777, 0.00374774681404233, 0.04569572955369949, -0.1960599720478058, -0.05780970677733421, -0.010797296650707722, 0.04093172028660774, -0.16008108854293823, -0.05209833011031151, -0.015578563325107098, -0.21916839480400085, 6.216848851181567e-05, -0.11709102988243103, -0.01597253978252411, 0.003079464891925454, -0.04907490685582161, -0.014144090004265308, 0.014001046307384968, 0.002639876678586006, -0.00673707528039813, 0.07772591710090637, -0.26053962111473083, 0.6217073798179626, -0.3926006853580475, -0.6272470355033875, 0.6507467031478882, 0.17016014456748962, 0.7967172861099243, 1.4039561748504639, 0.22500170767307281, -1.1390703916549683, 2.873908281326294, -1.5730060338974, 0.0, -0.38999998569488525, 0.47999998927116394, -0.8054814338684082, 0.12208188325166702, -0.17818918824195862, 0.5518554449081421, -0.11192221939563751, 0.22719845175743103, 0.9426040649414062, 0.2176048308610916, 0.06678556650876999, -0.43699613213539124, 0.5073239803314209, 0.003044435055926442, -0.007794495671987534, 0.948828935623169, -0.31567955017089844, 0.04100484773516655, 0.08723830431699753, 0.14970996975898743, -1.9042731523513794, -1.2510697841644287, 0.4117080867290497, 0.08917440474033356, -0.4371907114982605, 0.49555838108062744, 0.1406935304403305, -0.45620614290237427, 0.8398546576499939, -0.2583126425743103, 0.1072009727358818, 0.0111676761880517, 0.028961598873138428, 3.3388285636901855, 2.402907609939575, 0.42268380522727966, 0.08822240680456161, -0.4244769811630249, 0.5234576463699341, 0.06880444288253784, -0.4078800678253174, 0.8976261019706726, -0.1522074043750763, 0.07014058530330658, 0.05119076371192932, 0.10052340477705002, 0.29132190346717834, -0.008529642596840858, 0.4310346245765686, 0.10707148909568787, -0.40437057614326477, 0.5258209109306335, -0.09253059327602386, 0.10464885830879211, 0.9667876362800598, -0.2140287607908249, -0.01998349465429783, -0.09973461925983429, -0.09256797283887863, 2.353619337081909, 2.1844398975372314, -2.816181182861328, -0.031060054898262024, -0.38424599170684814, 0.5271751880645752, -0.11302933841943741, -0.538384735584259, 0.8311230540275574, 0.08124341815710068, 0.008174588903784752, -0.15135395526885986, -0.2946085035800934, 2.8046958446502686, -5.457867622375488, 1.3053380250930786, 0.2327847182750702, -0.05606120079755783, -0.8734107613563538, 0.002906828885897994, 0.0011385314865037799, -0.0015398692339658737, 0.25163039565086365, 0.785796582698822, -0.5686906576156616, 0.0009896521223708987, 0.0018264830578118563, -0.00029253371758386493, 0.22710373997688293, 0.7981581687927246, -0.44347965717315674, -0.0036061923019587994, 0.0011108581675216556, -0.002071269555017352, 0.11163725703954697, -0.09899473935365677, -0.6245059967041016, 0.001594544155523181, 0.0016388252843171358, 0.0017135445959866047, -0.09043768793344498, -0.1343974620103836, -0.02866530790925026, 0.004290822893381119, -0.005290072876960039, -0.0001718803687253967, -1.0, 0.14876380562782288, -1.0, -1.0, 0.12281395494937897, -0.7162232995033264, -1.0, -1.0, 1.0, -1.0, -1.0, -1.0, 1.0, -1.0, -0.17279043793678284, -0.5058145523071289, -0.7557225823402405, -0.8121929168701172, -0.24950936436653137, 1.0]
[-0.9505420923233032, 0.18992246687412262, -0.5016809701919556, -1.0, -0.030168449506163597, 0.062219660729169846, -0.37145599722862244, -1.0000112056732178, -0.7987500429153442, -0.5679664611816406, 0.3708692789077759, -0.41638144850730896, -0.9253632426261902, -0.7730624079704285, -0.6495482325553894, 0.21979065239429474, -0.8751262426376343, -0.10839023441076279, 0.13173916935920715, -0.194308340549469, -0.33875441551208496, -0.3599393665790558, 0.26312917470932007, 0.7250919938087463, -0.06479454040527344, -0.04212874174118042, -0.007293240167200565, 7.641825504833832e-05, 0.5538185238838196, 0.15208090841770172, -0.003420107765123248, 2.1446341634145938e-05, -0.35695573687553406, -0.4413060247898102, 0.0209998469799757, 0.03028651513159275, -0.12440059334039688, -0.04413196071982384, -0.2685217559337616, 0.6098000407218933, -0.2003054916858673, -0.11651419848203659, -0.04889629781246185, -1.0692633390426636, -0.5189484357833862, -0.201624795794487, -0.7747409343719482, 0.48914089798927307, 0.6625788807868958, -2.351823329925537, 0.010188319720327854, -0.12912435829639435, -0.01790422387421131, 0.004134134389460087, 0.021535465493798256, -0.1551639288663864, -0.046306733042001724, -0.009986971504986286, 0.06735146790742874, -0.06747588515281677, -0.016589181497693062, -0.0034607499837875366, -0.1730494499206543, -0.01068382989615202, -0.09671248495578766, -0.0194499921053648, -0.0007603232515975833, -0.034809522330760956, -0.017651379108428955, 0.00494892243295908, 0.009993137791752815, -0.0031973838340491056, 0.09100718796253204, -0.23713567852973938, 0.623413622379303, -0.3658525347709656, -0.5444057583808899, 0.7046269774436951, 0.27069351077079773, 0.7967172861099243, 1.4039561748504639, 0.061469003558158875, -1.0333850383758545, 2.750502824783325, -1.7876176834106445, 0.0, -0.38999998569488525, 0.47999998927116394, -0.8054814338684082, 0.12208188325166702, -0.17818918824195862, 0.5518554449081421, 0.005155856721103191, 0.29927489161491394, 0.9202595949172974, 0.25205206871032715, 0.0674884170293808, -0.4360067844390869, 0.5085448026657104, -0.004653086420148611, 0.01608949899673462, 0.9477490186691284, -0.31857696175575256, 0.0022455551661551, 0.09763073176145554, 0.015180438756942749, -2.6268904209136963, -2.0348289012908936, 0.36654698848724365, 0.09036076813936234, -0.4367467164993286, 0.49531471729278564, 0.15124323964118958, -0.48473459482192993, 0.8226960897445679, -0.2555954158306122, 0.08499586582183838, 1.751561649143696e-05, -0.1345319151878357, 3.47461199760437, 2.3595497608184814, 0.3357059955596924, 0.08942437171936035, -0.4240020513534546, 0.5235565304756165, 0.07144834101200104, -0.41408124566078186, 0.8940023183822632, -0.15553666651248932, 0.05809858813881874, 0.010818690061569214, -0.047340452671051025, 0.8376978635787964, 0.3312733769416809, 0.21997526288032532, 0.1061185747385025, -0.40573790669441223, 0.5229953527450562, -0.07742511481046677, 0.08333030343055725, 0.9746595621109009, -0.19261352717876434, -0.02216474339365959, -0.11353769153356552, -0.20157210528850555, 2.466391086578369, 2.045452117919922, -2.4906013011932373, -0.030506258830428123, -0.3862641751766205, 0.5233244299888611, -0.14140495657920837, -0.5583173632621765, 0.8163171410560608, 0.04373440518975258, 0.05661525949835777, -0.13607214391231537, -0.28016141057014465, 1.8001309633255005, -5.529827117919922, 2.4534976482391357, 0.08286194503307343, -0.07494664937257767, -0.6838318705558777, 0.003009934676811099, 0.0008479405660182238, 0.00020706740906462073, 0.11929498612880707, 0.6652648448944092, -0.3959299325942993, -7.998445653356612e-06, 0.0007120469817891717, 0.0003084150666836649, 0.3732597231864929, 0.30024468898773193, -0.2782745361328125, 0.001042920514009893, 0.0029983017593622208, -0.0033739267382770777, 0.022109728306531906, 0.00036476022796705365, -0.54018235206604, -0.0007548520225100219, 0.00100786704570055, 0.001993289915844798, 0.00902770645916462, -0.12122447788715363, -0.023986268788576126, 0.0033639303874224424, -0.0033418280072510242, -0.00046679165097884834, -1.0, 0.02883591689169407, -1.0, -1.0, 0.34670165181159973, -0.544902503490448, -1.0, -1.0, 0.9830513596534729, -1.0, -1.0, -1.0, 1.0, -1.0, -0.1683015525341034, -0.7130082845687866, -0.6916736364364624, -0.7594462633132935, -0.4727008044719696, 1.0]
