5.0
[0.0, 0.0, 0.0, 0.0, 0.0, 0.0, 0.0, 0.0, 0.0, 0.0, 0.0, 0.0, 0.0, 0.0, 0.0, 0.0, 0.0, 0.0, 0.0, 0.0, 0.0, 0.0, 0.0, 0.0, 0.0, 0.0, 0.0, 0.0, 0.0, 0.0, 0.0, 0.0, 0.0, 0.0, 0.0, 0.0, 0.0, 0.0, 0.0, 0.0, 0.0, 0.0, 0.0, 0.0, 0.0, 0.0, 0.0, 0.0, 0.0, 0.0, 0.0, 0.0, 0.0, 0.0, 0.0, 0.0, 0.0, 0.0, 0.0, 0.0, 0.0, 0.0, 0.0, 0.0, 0.0, 0.0, 0.0, 0.0, 0.0, 0.0, 0.0, 0.0, 0.0, 0.0, 0.0, 0.0, 0.0, 0.0, 0.0, 0.0, 0.0, 0.0, 0.0, 0.0, 0.0, 0.0, 0.0, 0.0, 0.0, 0.0, 0.0, 0.0, 0.0, 0.0, 0.0, 0.0, 0.0, 0.0, 0.0, 0.0, 0.0, 0.0, 0.0, 0.0, 0.0, 0.0, 0.0, 0.0, 0.0, 0.0, 0.0, 0.0, 0.0, 0.0, 0.0, 0.0, 0.0, 0.0, 0.0, 0.0, 0.0, 0.0, 0.0, 0.0, 0.0, 0.0, 0.0, 0.0, 0.0, 0.0, 0.0, 0.0, 0.0, 0.0, 0.0, 0.0, 0.0, 0.0, 0.0, 0.0, 0.0, 0.0, 0.0, 0.0, 0.0, 0.0, 0.0, 0.0, 0.0, 0.0, 0.0, 0.0, 0.0, 0.0, 0.0, 0.0, 0.0, 0.0, 0.0, 0.0, 0.0, 0.0, 0.0, 0.0, 0.0, 0.0, 0.0, 0.0, 0.0, 0.0, 0.0, 0.0, 0.0, 0.0, 0.0, 0.0, 0.0, 0.0, 0.0, 0.0, 0.0, 0.0, 0.0, 0.0, 0.0, 0.0, 0.0, 0.0, 0.0, 0.0, 0.0, 0.0, 0.0, 0.0, 0.0, 0.0, 0.0, 0.0, 0.0, 0.0, 0.0, 0.0, 0.0, 0.0, 0.0, 0.0, 0.0, 0.0, 0.0, 0.0, 0.0]
[0.2979298233985901, 0.2374015748500824, -0.07582885026931763, -0.7613832950592041, -0.5404692888259888, -0.8038886785507202, 0.10918784886598587, -0.9850135445594788, -0.8884056210517883, -0.7313693165779114, 0.011999404989182949, -0.8993774652481079, -0.8611917495727539, -0.8663504719734192, -0.9122962355613708, -0.08492939919233322, -0.785518229007721, -0.7574566006660461, -0.6156511306762695, -0.1361265778541565, -0.7400416135787964, -0.19781622290611267, -0.20139533281326294, 0.7917333841323853, 0.19230131804943085, -0.41515064239501953, -0.5291993618011475, -0.3244909346103668, 1.9100922346115112, 2.1894967555999756, 0.4504307806491852, 0.03895917534828186, -0.014812006615102291, 0.0019974957685917616, -0.5815741419792175, -0.06283749639987946, -0.1571832150220871, -0.029511362314224243, 0.04263518378138542, 0.559360682964325, -0.20389099419116974, -0.28989559412002563, -0.059459831565618515, -1.0409393310546875, -0.19892457127571106, -0.24539966881275177, -0.697539210319519, 0.269747793674469, 4.8019514083862305, -4.745017051696777, 0.03752664104104042, -0.3677332103252411, 0.028659868985414505, 0.07127949595451355, 0.33039751648902893, -0.31187665462493896, -0.11153174936771393, -0.03589692711830139, 0.02139047160744667, -0.335366427898407, -0.13247044384479523, -0.04620162397623062, -0.4189189672470093, 0.33933815360069275, -0.35720738768577576, -0.15008383989334106, -0.053481824696063995, -0.07870994508266449, -0.2731916010379791, -0.17324164509773254, 0.028676483780145645, 0.009822910651564598, -0.005080694332718849, -0.3880872130393982, 0.5287696719169617, 0.33812180161476135, 0.5359939932823181, -0.6469295024871826, 0.4241064190864563, 0.05974220484495163, 0.04561343416571617, 0.018293701112270355, -0.0505291223526001, 0.6188074946403503, 0.021487534046173096, 0.0, -0.38999998569488525, 0.47999998927116394, 0.051258768886327744, 0.931011438369751, 0.14398051798343658, 0.33145132660865784, -0.5891397595405579, -0.13534821569919586, -0.5628095865249634, 0.5637737512588501, -0.015534468926489353, -0.4515291154384613, 0.5172436237335205, 0.022099392488598824, -0.40348926186561584, 0.9134130477905273, -0.048832379281520844, -0.01432839035987854, 0.2221774458885193, -0.03863202780485153, -16.720096588134766, -1.6223993301391602, 1.697722315788269, 0.0027351672761142254, -0.4590429961681366, 0.49915099143981934, 0.011704139411449432, -0.5743828415870667, 0.8183076977729797, -0.017879275605082512, -0.3952336311340332, -0.04595019668340683, -0.3657292127609253, 1.9459718465805054, 0.07120300829410553, -3.211764097213745, 0.02665632590651512, -0.4524993896484375, 0.5042030215263367, 0.022212820127606392, -0.5811595916748047, 0.8128877878189087, -0.031198982149362564, 0.04528818652033806, -0.06686083227396011, -0.42770883440971375, 3.30245041847229, 0.38794395327568054, 1.9444706439971924, 0.050614722073078156, -0.44111424684524536, 0.5146923661231995, 0.011024557054042816, -0.4136883616447449, 0.9086089134216309, -0.05630486086010933, -0.395964115858078, -0.2139647901058197, -0.4620814919471741, 4.797075271606445, 0.16953065991401672, -3.6754512786865234, -0.07212875038385391, -0.374738872051239, 0.511991560459137, -0.18332695960998535, -0.6132943630218506, 0.7579507827758789, 0.12558554112911224, -0.05084933340549469, -0.0428280346095562, -0.2829619348049164, 0.35774850845336914, -4.7409234046936035, 1.6296124458312988, 0.2440110594034195, -0.3320792317390442, -0.8306220769882202, 0.06629830598831177, -0.004043939523398876, 0.0023555238731205463, 1.7760047912597656, 1.7143394947052002, -0.5090349912643433, -0.010181833989918232, 0.012766598723828793, -0.004554159007966518, 0.11891796439886093, 2.016995429992676, -0.362346887588501, -0.01594669185578823, -0.005758071783930063, 0.0012733347248286009, 1.866682767868042, 2.10288143157959, -0.8958702683448792, -0.02193860337138176, 0.012251640670001507, -0.010017682798206806, 0.6544894576072693, 2.1058731079101562, 0.031740184873342514, -0.0121119674295187, -0.0006489177467301488, 0.014002221636474133, 1.0, -0.38146737217903137, -1.0, -1.0, 1.0, 1.0, -1.0, -0.9151771664619446, -1.0, -1.0, -1.0, -1.0, 1.0, -1.0, -1.0, -0.7443881034851074, -1.0, -1.0, -1.0, 1.0]
[0.2822941839694977, 0.23246392607688904, -0.15390273928642273, -0.7967870235443115, -0.46823325753211975, -0.5992077589035034, 0.12104913592338562, -0.9748291373252869, -0.9011593461036682, -0.7341436743736267, 0.03251693770289421, -0.8312468528747559, -0.8610396981239319, -0.8700516223907471, -0.9299870133399963, 0.07632754743099213, -0.8183027505874634, -0.7938866019248962, -0.6258701682090759, -0.13410185277462006, -0.7778087854385376, -0.3147376477718353, -0.1500280797481537, 0.8221272230148315, -0.23895864188671112, 0.23580506443977356, -0.024560440331697464, -0.16593396663665771, -0.0073358952067792416, 1.2427934408187866, -0.2680429518222809, 0.008229154162108898, -0.16165056824684143, -0.04586333408951759, 0.44244852662086487, 1.0261762142181396, 0.10045534372329712, -0.0107500571757555, -0.14303280413150787, 0.7088746428489685, -0.35286086797714233, -0.3604026734828949, -0.117156021296978, 0.5864357352256775, -0.30906355381011963, -0.30928835272789, 0.8474699258804321, 0.2891726791858673, -10.961714744567871, 9.215241432189941, -0.07749733328819275, 0.7243761420249939, 0.08985050022602081, -0.04805022478103638, -0.7593250274658203, 0.4708337187767029, 0.14822043478488922, 0.042486488819122314, -0.12131635844707489, 0.8920847177505493, 0.3589857220649719, 0.12620937824249268, 0.6744365692138672, -0.41094785928726196, 0.4661421775817871, 0.15901264548301697, 0.04788561910390854, 0.12310317158699036, 0.28068897128105164, 0.1291741579771042, -0.048679985105991364, -0.0025059841573238373, -0.0029310155659914017, -0.38653138279914856, 0.5296236872673035, 0.30795562267303467, 0.5498704314231873, -0.6636877655982971, 0.40289509296417236, 0.17548638582229614, 0.14031411707401276, 0.10350876301527023, -0.25264158844947815, 1.4456560611724854, -0.02085861936211586, 0.0, -0.38999998569488525, 0.47999998927116394, 0.051258768886327744, 0.931011438369751, 0.14398051798343658, 0.33145132660865784, -0.6156511902809143, -0.1144852489233017, -0.5365138053894043, 0.5657030940055847, -0.012816064059734344, -0.45131054520606995, 0.5161471366882324, 0.022931158542633057, -0.31621965765953064, 0.9461258053779602, -0.06576617062091827, 0.23835118114948273, 0.0853264182806015, 0.1847088485956192, -6.4531636238098145, -0.9865909814834595, 1.3288484811782837, 0.0034459077287465334, -0.45905521512031555, 0.4989660084247589, 0.011980889365077019, -0.5772926807403564, 0.8162473440170288, -0.018161920830607414, 0.3713829219341278, 0.014495166018605232, 0.18435847759246826, -0.18262293934822083, -0.02064422518014908, 2.535778760910034, 0.027079448103904724, -0.45178356766700745, 0.5074064135551453, 0.020738085731863976, -0.5615963339805603, 0.8265754580497742, -0.03085901215672493, 0.058089546859264374, 0.1350329965353012, 0.6540954113006592, -6.732279300689697, -0.5971275568008423, -1.0167094469070435, 0.04794881120324135, -0.44208815693855286, 0.5112127065658569, 0.0027083854656666517, -0.44571298360824585, 0.894593358039856, -0.03217625245451927, -0.026181485503911972, -0.013299389742314816, -0.08169041574001312, 3.4270081520080566, 0.6259928345680237, -2.255751132965088, -0.07213618606328964, -0.3751859962940216, 0.5092913508415222, -0.2063712328672409, -0.6281238198280334, 0.738590657711029, 0.13173896074295044, 0.0024473252706229687, -0.013221411034464836, -0.14359025657176971, 3.434455633163452, -0.8948848843574524, -3.9033384323120117, -0.49792957305908203, -0.8634838461875916, 2.400592803955078, -0.06100248545408249, 0.007761712186038494, -0.00918804481625557, -4.078614711761475, -2.4260072708129883, 0.7764434814453125, 0.0060963816940784454, -0.029455723240971565, 0.010712089017033577, -0.6714640855789185, -5.294392108917236, 0.9094851613044739, 0.04679349064826965, 0.008409308269619942, -0.0023549869656562805, -2.250321388244629, -2.424374580383301, 0.956195056438446, 0.01151999644935131, -0.009801110252737999, 0.0037284865975379944, -1.0363878011703491, -1.7248092889785767, -0.07553580403327942, 0.0038908931892365217, 0.014076218008995056, -0.01763334311544895, -1.0, 1.0, -0.7255900502204895, -1.0, -0.8150759339332581, -0.4830406606197357, -0.7262088656425476, -1.0, 1.0, 0.10195628553628922, -0.7063713669776917, -1.0, 0.9709969758987427, -1.0, -1.0, 0.3497149646282196, -1.0, -1.0, 1.0, 1.0]
[0.18848632276058197, 0.29266059398651123, -0.21342509984970093, -0.823456883430481, -0.5136239528656006, -0.5532806515693665, 0.006999148055911064, -0.929908275604248, -0.9202638864517212, -0.7407734990119934, 0.15150830149650574, -0.688766598701477, -0.8700640201568604, -0.8719944953918457, -0.9606767296791077, 0.23790866136550903, -0.8545765280723572, -0.8304344415664673, -0.6387242078781128, -0.08633570373058319, -0.8192479610443115, -0.43383562564849854, 0.009752525947988033, 0.8513121604919434, -0.4377548396587372, 0.5564400553703308, -0.3781716227531433, -0.2872275412082672, -0.6346265077590942, -0.0003402859147172421, -0.5839956998825073, 0.6492032408714294, -0.17455510795116425, -0.0672004446387291, 0.5101176500320435, 1.4845099449157715, -0.17133553326129913, -0.040445443242788315, -0.1300269067287445, 0.6353026032447815, -0.3187160789966583, -0.3228587806224823, -0.11896198242902756, 0.587333619594574, -0.2862219512462616, -0.28119033575057983, 1.055883765220642, 0.2599027454853058, -5.147146224975586, 3.6369080543518066, -0.2759977877140045, 0.17576159536838531, 0.009731894358992577, -0.03160827234387398, -0.2971919775009155, 0.4174348711967468, 0.16324125230312347, 0.05587286502122879, -0.18892766535282135, 0.3406190574169159, 0.11137360334396362, 0.03432336449623108, 0.3265175223350525, -0.23155538737773895, 0.26887446641921997, 0.10335502028465271, 0.034424569457769394, -0.024924790486693382, 0.15789203345775604, 0.08690402656793594, -0.07187239080667496, -0.021796196699142456, 0.001587783801369369, -0.3856801390647888, 0.5316290259361267, 0.2833716571331024, 0.5535045266151428, -0.6670173406600952, 0.4103912115097046, 0.3303390443325043, 0.007840177975594997, 0.15155649185180664, -0.2972427010536194, -0.3683376610279083, 0.7709788084030151, 0.0, -0.38999998569488525, 0.47999998927116394, 0.051258768886327744, 0.931011438369751, 0.14398051798343658, 0.33145132660865784, -0.6278069019317627, -0.1236286386847496, -0.5156224370002747, 0.5698315501213074, -0.005649489350616932, -0.4513402581214905, 0.5197480320930481, 0.031759314239025116, -0.30827802419662476, 0.9465752243995667, -0.0891699269413948, 0.5967300534248352, -0.00473268935456872, 0.2682567238807678, 1.76882803440094, 0.5774000287055969, 4.0603928565979, 0.012124608270823956, -0.4579256474971771, 0.507064938545227, 0.03129542991518974, -0.5556026101112366, 0.8295353651046753, -0.046875301748514175, 0.7077856063842773, 0.14483852684497833, 0.7394068241119385, -4.814773082733154, -0.3040347993373871, 5.101282596588135, 0.029744399711489677, -0.44820883870124817, 0.5205411911010742, 0.01413826085627079, -0.5030118823051453, 0.8637131452560425, -0.027906479313969612, 0.21980637311935425, 0.36253848671913147, 1.0382983684539795, -9.099327087402344, -0.8581896424293518, -0.37622591853141785, 0.049717195332050323, -0.4408828020095825, 0.5131827592849731, -0.00071959407068789, -0.4631180465221405, 0.8860884308815002, -0.0191938579082489, 0.17987537384033203, 0.10592332482337952, 0.21739444136619568, 1.407184362411499, 0.1429259032011032, -0.9472899436950684, -0.07044051587581635, -0.3756781816482544, 0.5091396570205688, -0.23015238344669342, -0.6366226673126221, 0.718951940536499, 0.15763702988624573, 0.0864156112074852, 0.0021650937851518393, 0.022189173847436905, 1.7103030681610107, -0.6414291858673096, -4.069889545440674, -1.557085394859314, 0.1474708467721939, 0.7791857719421387, -0.029396209865808487, -0.007680272217839956, 0.00936755072325468, -1.582368016242981, -2.360808849334717, 0.6093165874481201, 0.02046072855591774, -0.010192273184657097, 0.0036932164803147316, -1.0347157716751099, -1.712024211883545, 0.3649439215660095, 0.008643001317977905, -0.0042539723217487335, 0.002286711474880576, -1.2305452823638916, -1.5351312160491943, 0.4649892747402191, 0.01139760110527277, -0.005795259494334459, 0.005753351841121912, -1.1011732816696167, -1.222879409790039, -0.09744162857532501, 0.008130518719553947, -0.004177432507276535, 0.005541516002267599, -1.0, 1.0, -1.0, -1.0, -1.0, -1.0, -0.36529746651649475, -1.0, 0.8110429644584656, 0.3291439712047577, -1.0, -1.0, 1.0, -1.0, -1.0, 0.17546847462654114, -1.0, -1.0, 1.0, 1.0]
[0.05772501230239868, 0.3779996931552887, -0.3148493468761444, -0.8548662066459656, -0.5867368578910828, -0.5685962438583374, -0.1388314664363861, -0.838442325592041, -0.9368048906326294, -0.747434675693512, 0.23776082694530487, -0.4788435399532318, -0.8890658020973206, -0.8783053159713745, -0.9761922955513, 0.36762043833732605, -0.8842938542366028, -0.8614323139190674, -0.6513956189155579, -0.05450016260147095, -0.8539272546768188, -0.5352358818054199, 0.1555037796497345, 0.8548164367675781, -0.5315056443214417, 0.6430270075798035, -0.44460758566856384, -0.283951073884964, -0.6949187517166138, -0.2100410759449005, -0.610027015209198, 0.957236111164093, -0.13579672574996948, -0.05581134185194969, 0.2666466236114502, 2.1953561305999756, -0.1668287068605423, -0.06320390850305557, -0.03458528593182564, 0.4750919044017792, -0.24640822410583496, -0.2654828429222107, -0.14881746470928192, 0.28838083148002625, -0.2269015610218048, -0.23090186715126038, 0.8125091791152954, -0.08646512031555176, -2.3442747592926025, 1.0174288749694824, -0.08502937108278275, 0.05653105676174164, 0.018446173518896103, 0.0017788130789995193, -0.09238585084676743, 0.1284511238336563, 0.05612582713365555, 0.02067635767161846, -0.17368315160274506, 0.2214144915342331, 0.09366336464881897, 0.03354012593626976, 0.12854915857315063, -0.13914500176906586, 0.1250818371772766, 0.05345243215560913, 0.015678294003009796, -0.03881096467375755, 0.06678178161382675, 0.04594194144010544, -0.07193782925605774, -0.03356103226542473, 0.008077899925410748, -0.38555511832237244, 0.5342515707015991, 0.26641908288002014, 0.5503297448158264, -0.6551334261894226, 0.44379955530166626, 0.41758671402931213, 0.007537738885730505, 0.1717957705259323, -0.32728445529937744, -0.1732802391052246, 0.9094898104667664, 0.0, -0.38999998569488525, 0.47999998927116394, 0.051258768886327744, 0.931011438369751, 0.14398051798343658, 0.33145132660865784, -0.6236171722412109, -0.15883445739746094, -0.5008733868598938, 0.5787911415100098, 0.00473241601139307, -0.4505283236503601, 0.5249820947647095, 0.04990062117576599, -0.3270103931427002, 0.9356871247291565, -0.1227339506149292, 0.7223556637763977, 0.06570719182491302, 0.3172604739665985, 2.527385950088501, 1.3089795112609863, 4.792196750640869, 0.023551221936941147, -0.4545104503631592, 0.5201174020767212, 0.0547720268368721, -0.5095590353012085, 0.8543579578399658, -0.08615055680274963, 0.7761828303337097, 0.3412214517593384, 0.934332013130188, -6.989205837249756, -0.8849493861198425, 5.70491886138916, 0.03485807403922081, -0.44016531109809875, 0.5384998321533203, 0.010899596847593784, -0.4164147675037384, 0.9084092378616333, -0.03567292541265488, 0.3541058301925659, 0.7497051358222961, 1.2875224351882935, -12.953522682189941, -1.3493037223815918, 1.241723895072937, 0.054091181606054306, -0.4382130205631256, 0.5183706879615784, -0.0033843296114355326, -0.4680667519569397, 0.8834879398345947, -0.018740149214863777, 0.3113603889942169, 0.19096806645393372, 0.3632979691028595, 0.25771746039390564, -0.5446903705596924, 0.35351645946502686, -0.06730916351079941, -0.3764088451862335, 0.5105612874031067, -0.24586348235607147, -0.6372992992401123, 0.7113513350486755, 0.1654689908027649, 0.20957161486148834, -0.043754443526268005, 0.10441050678491592, -0.20471319556236267, -1.1124968528747559, -0.7463967204093933, -0.5130279660224915, -0.17787142097949982, 0.28814512491226196, -0.0008892581681720912, -0.0020799264311790466, 0.002304154448211193, -0.4387598931789398, -0.7963545322418213, 0.21132312715053558, 0.008731038309633732, -0.0016305972822010517, 0.000757079164031893, -0.8690885305404663, -1.3075536489486694, 0.19735366106033325, 0.013926822692155838, -0.006476902402937412, 0.004037904553115368, -0.7381361722946167, -0.7353628277778625, 0.17729012668132782, 0.0046478514559566975, -0.004355332814157009, 0.005267883650958538, -1.1482255458831787, -0.5544680953025818, -0.03630591183900833, 0.004801588598638773, -0.01518942415714264, 0.007595617324113846, -1.0, 1.0, -1.0, -1.0, -1.0, -1.0, -0.18675561249256134, -1.0, 0.45606571435928345, 1.0, -0.9693984985351562, -0.9330412745475769, 0.9054549336433411, -1.0, -1.0, 0.03352603316307068, -1.0, -1.0, 0.8060086965560913, 0.739564836025238]
[-0.0893145278096199, 0.4549665153026581, -0.41883665323257446, -0.8809780478477478, -0.6560732126235962, -0.591877281665802, -0.2781662046909332, -0.7411807775497437, -0.9482212066650391, -0.754538357257843, 0.2867524027824402, -0.2504885494709015, -0.8537043929100037, -0.8764697909355164, -0.9382484555244446, 0.4301655888557434, -0.9064124822616577, -0.8865713477134705, -0.6746097803115845, -0.037840522825717926, -0.8794671893119812, -0.6153910160064697, 0.2464488297700882, 0.8195552229881287, -0.5729932188987732, 0.47806867957115173, -0.4188999831676483, -0.20695538818836212, -0.6055555939674377, -0.2137083113193512, -0.5511547923088074, 0.8663114905357361, -0.08919411897659302, -0.08642011880874634, 0.13907490670681, 2.0470621585845947, 0.5812066793441772, 0.11317211389541626, 0.29146909713745117, 0.13782596588134766, -0.17745694518089294, -0.21275611221790314, -0.2596774101257324, 0.16141478717327118, -0.1618930846452713, -0.17966847121715546, 0.42481356859207153, -0.450688898563385, -1.1693233251571655, -2.013718843460083, -0.006511583458632231, -0.11045315861701965, -0.023276815190911293, -0.00424971804022789, -0.019307941198349, -0.1962583065032959, -0.06767074763774872, -0.023470018059015274, -0.11799286305904388, -0.23006483912467957, -0.03948918730020523, -0.0015766755677759647, -0.05470426753163338, -0.13158944249153137, -0.02178483083844185, 0.0006924878107383847, -0.0012612290447577834, -0.002073868177831173, -0.06994416564702988, -0.023142853751778603, -0.06757783889770508, -0.0322895422577858, 0.014178073033690453, -0.384145051240921, 0.5372468829154968, 0.2886067032814026, 0.5240437984466553, -0.6072773933410645, 0.5227794647216797, 0.20136557519435883, 0.13151238858699799, 0.2527035176753998, 0.2854430675506592, -4.560637950897217, 1.9483479261398315, 0.0, -0.38999998569488525, 0.47999998927116394, 0.051258768886327744, 0.931011438369751, 0.14398051798343658, 0.33145132660865784, -0.5719723105430603, -0.240336611866951, -0.5183872580528259, 0.5885242819786072, 0.01604544185101986, -0.4487784504890442, 0.52967768907547, 0.0720553994178772, -0.34631335735321045, 0.9220440983772278, -0.15719319880008698, 0.7488839626312256, 0.11862733960151672, 0.21322879195213318, 2.411525249481201, 1.6206531524658203, 4.804845333099365, 0.035196878015995026, -0.4491038918495178, 0.532434344291687, 0.07622618973255157, -0.4596414864063263, 0.8755455017089844, -0.12782473862171173, 0.7423511743545532, 0.43729010224342346, 0.7261730432510376, -5.7329487800598145, -1.0661412477493286, 5.638354301452637, 0.04073064774274826, -0.4276699423789978, 0.5555135607719421, 0.007629194762557745, -0.2980951964855194, 0.9530880451202393, -0.052000582218170166, 0.3494660556316376, 1.0367597341537476, 1.0286239385604858, -15.95276165008545, -1.9863747358322144, 1.9545849561691284, 0.06058567762374878, -0.4344821572303772, 0.5247280597686768, -0.006675892975181341, -0.4700396656990051, 0.8818661570549011, -0.03647185489535332, 0.4540048837661743, 0.2447642832994461, 0.37346646189689636, 0.35732796788215637, -1.7641850709915161, 2.5238771438598633, -0.0629102885723114, -0.3777720034122467, 0.5121560096740723, -0.24214798212051392, -0.6396461129188538, 0.7140612602233887, 0.14944441616535187, 0.3344912827014923, -0.126966655254364, 0.08244196325540543, -0.47745516896247864, -0.7118012309074402, 3.1624948978424072, -0.06816993653774261, 0.384527325630188, -0.30200931429862976, 0.0015181920025497675, 0.0007427249802276492, 0.0002814213221427053, -0.007647257763892412, 1.0346604585647583, -0.27340200543403625, -0.007950112223625183, 0.0013560970546677709, -8.252115367213264e-05, -0.45855042338371277, 0.6623144149780273, -0.38015276193618774, 0.008358040824532509, -0.00371220032684505, 0.002692448440939188, -0.6870805621147156, 0.05714418739080429, -0.08704958856105804, -0.00040406626067124307, -0.004969896748661995, 0.00802314467728138, -1.0494723320007324, 0.3643762767314911, 0.10007800161838531, -0.0004964552354067564, -0.015497986227273941, -0.0003221002116333693, -1.0, 0.7597121596336365, -1.0, -1.0, -1.0, -1.0, -0.25989049673080444, -1.0, 0.545569896697998, 1.0, -0.35932689905166626, -0.477344274520874, 0.4434812068939209, -1.0, -1.0, 0.018638163805007935, -1.0, -1.0, 0.5110602378845215, 0.4825941026210785]
[-0.2385539412498474, 0.4518038332462311, -0.514506459236145, -0.8933687210083008, -0.7125720381736755, -0.6120320558547974, -0.3899856209754944, -0.6637217998504639, -0.9286547899246216, -0.7562010884284973, 0.26393893361091614, -0.0369768850505352, -0.795255720615387, -0.8585577607154846, -0.7411180734634399, 0.41496893763542175, -0.9224271774291992, -0.8316270709037781, -0.6817406415939331, -0.10937798768281937, -0.8922364711761475, -0.670401930809021, 0.3397996723651886, 0.799973726272583, -0.5488294959068298, -0.2739145755767822, -0.3805304169654846, -0.10048719495534897, -0.4874337613582611, -0.17295163869857788, -0.4081265926361084, 0.5994763970375061, 0.3101080358028412, 0.060086172074079514, -0.21731801331043243, 1.900668740272522, 0.5084651708602905, 0.18358445167541504, 1.2203112840652466, -0.17055265605449677, -0.13432997465133667, 0.8848458528518677, 0.1454055905342102, -1.428140640258789, -0.07948809862136841, -0.12298667430877686, 0.6558626890182495, -0.03921157121658325, 0.772179126739502, -10.503482818603516, 0.07279063016176224, -0.6387656331062317, -0.20165607333183289, -0.05931371450424194, 0.08598031103610992, -0.7899227142333984, -0.25696414709091187, -0.07427234947681427, -0.10407593846321106, -0.6902999877929688, -0.2575790286064148, -0.08542077243328094, -0.5545716881752014, -0.016234513372182846, -0.38942569494247437, -0.05785536766052246, 0.007345946505665779, -0.08374188840389252, -0.4379018545150757, -0.20228150486946106, 0.034832946956157684, 0.023552319034934044, 0.017739275470376015, -0.3824669122695923, 0.5402869582176208, 0.3651752769947052, 0.45719602704048157, -0.48000985383987427, 0.653612494468689, 0.21522292494773865, 0.09427671134471893, 0.14513272047042847, 0.731289803981781, -4.4248833656311035, 2.127535820007324, 0.0, -0.38999998569488525, 0.47999998927116394, 0.051258768886327744, 0.931011438369751, 0.14398051798343658, 0.33145132660865784, -0.4251875579357147, -0.37979966402053833, -0.569754421710968, 0.5919018387794495, 0.0274466834962368, -0.4476834833621979, 0.5277084112167358, 0.09511955082416534, -0.3756619691848755, 0.9021338224411011, -0.18969669938087463, 0.7365130186080933, 0.011042830534279346, -0.3628079295158386, 4.709410190582275, 2.217256784439087, 4.496467113494873, 0.046113841235637665, -0.4445931017398834, 0.5363239049911499, 0.09247639775276184, -0.42370548844337463, 0.8854254484176636, -0.16716289520263672, 0.6598806381225586, 0.27950891852378845, 0.03730195388197899, -3.255232334136963, -1.1600300073623657, 4.867269039154053, 0.04751632735133171, -0.41576579213142395, 0.5633068680763245, 0.00760782090947032, -0.18857474625110626, 0.9788288474082947, -0.07921861112117767, 0.40664979815483093, 0.8203647136688232, 0.2612748146057129, -11.513964653015137, -1.5543078184127808, 3.5988121032714844, 0.06817494332790375, -0.4301745891571045, 0.5298420786857605, -0.023153742775321007, -0.4451167583465576, 0.8915786147117615, -0.08014015853404999, 0.44811466336250305, 0.3189060688018799, 0.32946571707725525, -5.38400936126709, -5.602624893188477, 4.071345806121826, -0.05820785090327263, -0.3798808455467224, 0.5104629993438721, -0.26227444410324097, -0.6418790817260742, 0.7116145491600037, 0.11317230015993118, 0.2845105528831482, -0.14649899303913116, -0.24665424227714539, -1.0300815105438232, -6.68802547454834, 0.8466395139694214, 0.3883759379386902, 2.9690072536468506, -1.886447787284851, -0.01477860752493143, 0.003876583883538842, 0.0013218966778367758, 0.5838363170623779, 3.8997628688812256, -1.4056764841079712, -0.015775907784700394, 0.00530965393409133, -8.163093298207968e-06, -0.32680416107177734, 3.7188262939453125, -2.025688409805298, -0.0296383798122406, -0.0051166280172765255, 0.0027730665169656277, 0.06487409770488739, 1.04741632938385, -0.5588257908821106, 0.02305719070136547, 0.0016037588939070702, 0.012938371859490871, 0.6856591105461121, 2.882877826690674, 0.4015037715435028, -0.012534026987850666, 0.012581782415509224, 0.013003810308873653, -1.0, -1.0, -1.0, -1.0, -1.0, -0.8548932075500488, -0.42913109064102173, -0.7039870619773865, -0.1777879148721695, 1.0, -0.5355778336524963, 1.0, 0.06208181381225586, -1.0, -0.11795470863580704, -0.9675043821334839, -1.0, -1.0, 1.0, 0.849737286567688]
[-0.38088908791542053, 0.3575843572616577, -0.5521515011787415, -0.8993837833404541, -0.7588409781455994, -0.6283848285675049, -0.38374027609825134, -0.6399787068367004, -0.8918923735618591, -0.7450840473175049, 0.18706971406936646, 0.14913825690746307, -0.7203619480133057, -0.8359175324440002, -0.47083553671836853, 0.3511492609977722, -0.9308603405952454, -0.7022830247879028, -0.6499865651130676, -0.19872774183750153, -0.9001766443252563, -0.7121316194534302, 0.4425790309906006, 0.8148460388183594, -0.5153546333312988, -0.9460474848747253, 0.07209866493940353, 0.034496720880270004, -0.40207386016845703, -0.1414613574743271, 0.14499638974666595, -0.0596315935254097, 0.34881672263145447, 0.12436660379171371, -0.3665895164012909, 1.616197943687439, 0.7853463888168335, 0.24723243713378906, 1.2569080591201782, -0.3089694380760193, -0.04664609581232071, 1.356120228767395, 0.40109783411026, -0.9240843057632446, -0.05646096542477608, -0.09741838276386261, 0.6203955411911011, 0.22881253063678741, 1.2657296657562256, -9.36952018737793, 0.2903521955013275, -0.503199577331543, -0.15533727407455444, -0.04487515240907669, 0.13853660225868225, -0.84662926197052, -0.314159095287323, -0.10304449498653412, -0.03418968617916107, -0.6143516898155212, -0.20592066645622253, -0.06477014720439911, -0.8588529825210571, 0.06911572813987732, -0.5578389763832092, -0.16626515984535217, -0.04175974428653717, 0.10666237026453018, -0.3547378182411194, -0.16573476791381836, 0.0389762744307518, 0.019454192370176315, 0.021513694897294044, -0.38151711225509644, 0.541610598564148, 0.42865025997161865, 0.3896390497684479, -0.32863086462020874, 0.7459504008293152, 0.2278939187526703, 0.051087066531181335, 0.04292603209614754, 1.1208851337432861, -4.058161735534668, 2.173335313796997, 0.0, -0.38999998569488525, 0.47999998927116394, 0.051258768886327744, 0.931011438369751, 0.14398051798343658, 0.33145132660865784, -0.2582193911075592, -0.48677945137023926, -0.5954333543777466, 0.5846603512763977, 0.037518300116062164, -0.44802233576774597, 0.5176151990890503, 0.11412887275218964, -0.4219881594181061, 0.8740478754043579, -0.21199274063110352, 0.5649548768997192, -0.11290504038333893, -0.8759006857872009, 6.788880348205566, 2.489870548248291, 2.1680259704589844, 0.0547327995300293, -0.4438742399215698, 0.5291519165039062, 0.09820251166820526, -0.421960711479187, 0.8814281225204468, -0.1881214827299118, 0.5127174258232117, -0.07472524791955948, -0.7704237103462219, 2.696267604827881, 0.3579791188240051, 1.8858414888381958, 0.05470556393265724, -0.40727800130844116, 0.5618825554847717, 0.008650249801576138, -0.10556046664714813, 0.9877999424934387, -0.11416355520486832, 0.4097687900066376, 0.5334150195121765, -0.2905661463737488, -8.432084083557129, -1.462982416152954, 4.30076789855957, 0.07536319643259048, -0.42637479305267334, 0.5304850339889526, -0.05002420395612717, -0.39489635825157166, 0.9081414341926575, -0.1297442466020584, 0.37134477496147156, 0.2521880567073822, -0.08132831752300262, -5.998198509216309, -5.986282825469971, 3.044053077697754, -0.05337272211909294, -0.38248735666275024, 0.5048534274101257, -0.2909490466117859, -0.6568968892097473, 0.6892431378364563, 0.09369583427906036, 0.28396108746528625, -0.15523871779441833, -0.5187301635742188, 4.128310203552246, -3.613131046295166, -0.9051817059516907, 1.5406835079193115, 2.372365951538086, -1.4498722553253174, -0.009289666078984737, 0.015042665414512157, -0.005796016659587622, 0.7966664433479309, 4.5698723793029785, -1.6411705017089844, -0.034496407955884933, 0.0068339756689965725, -0.0011836314806714654, 0.06104949116706848, 2.9004976749420166, -2.1295535564422607, -0.02126268297433853, -0.0018233828013762832, -0.00034624707768671215, 0.5320090651512146, 2.5313987731933594, -1.137277364730835, -0.0037887641228735447, 0.0001940733491210267, -0.0042842379771173, 0.667150616645813, 2.2805209159851074, 0.41676366329193115, -0.011022653430700302, 0.008779793046414852, -0.025918392464518547, -1.0, -1.0, -0.4684760272502899, -1.0, -1.0, 0.3652621805667877, -0.8330298066139221, -0.7197017669677734, -0.3595331311225891, 1.0, -0.2331279069185257, 0.8627091646194458, -0.08561700582504272, -1.0, 0.16111543774604797, -0.53924560546875, -1.0, -1.0, 1.0, 1.0]
[-0.5112302899360657, 0.20063155889511108, -0.46012210845947266, -0.9045021533966064, -0.7978919744491577, -0.6421037912368774, -0.27357587218284607, -0.6653198599815369, -0.856937825679779, -0.7321646213531494, 0.14317525923252106, 0.2993559241294861, -0.6212698817253113, -0.7965782880783081, -0.2925345003604889, 0.2726791501045227, -0.9361854195594788, -0.5384229421615601, -0.5999471545219421, -0.24026061594486237, -0.9100514054298401, -0.7512845993041992, 0.533887505531311, 0.8414298892021179, -0.4607463777065277, -1.2158688306808472, 0.5137219429016113, -0.09060721099376678, -0.34288108348846436, -0.12066854536533356, 0.662621259689331, -0.3475620150566101, 0.30311769247055054, 0.11508762091398239, -0.005364726763218641, 1.2306147813796997, 0.98423832654953, 0.6257076263427734, 0.5139934420585632, -0.3600468933582306, -0.07460064440965652, 1.5913420915603638, 0.5190114378929138, -0.29092416167259216, -0.08589784055948257, -0.09920903295278549, 0.5332986116409302, 0.25429409742355347, 1.9235215187072754, -2.5473880767822266, 0.19261229038238525, -0.19691117107868195, -0.06465224176645279, -0.01990898698568344, 0.25129997730255127, -0.2524600625038147, -0.10146874934434891, -0.035199377685785294, 0.11012664437294006, -0.30847489833831787, -0.11127258837223053, -0.01491602137684822, -0.7234567403793335, 0.006018423475325108, -0.4884006381034851, -0.16689129173755646, -0.049032650887966156, 0.07685241103172302, -0.08985333144664764, -0.044978901743888855, 0.02933485619723797, 0.010157459415495396, 0.02559521235525608, -0.3814234137535095, 0.5413125157356262, 0.48335498571395874, 0.32240450382232666, -0.16439419984817505, 0.7971184849739075, 0.24821729958057404, -0.002020013751462102, -0.05314190313220024, 1.5270276069641113, -3.769155979156494, 2.1517083644866943, 0.0, -0.38999998569488525, 0.47999998927116394, 0.051258768886327744, 0.931011438369751, 0.14398051798343658, 0.33145132660865784, -0.08012354373931885, -0.5572446584701538, -0.6027411818504333, 0.5654749274253845, 0.04415515065193176, -0.4493923485279083, 0.5015409588813782, 0.12307173013687134, -0.48207712173461914, 0.8410608768463135, -0.2123008668422699, 0.34563714265823364, -0.1325482279062271, -1.1774238348007202, 8.199850082397461, 3.2579526901245117, -0.27160772681236267, 0.061125680804252625, -0.4455298185348511, 0.5132640600204468, 0.10029633343219757, -0.45558279752731323, 0.8641586899757385, -0.1887183040380478, 0.30117541551589966, -0.16717807948589325, -1.1519052982330322, 5.457911968231201, 1.7512450218200684, -1.0143444538116455, 0.06090957298874855, -0.4018966853618622, 0.554375946521759, 0.0052069309167563915, -0.038803912699222565, 0.9890803694725037, -0.14208140969276428, 0.2810136675834656, 0.37373805046081543, -0.540411651134491, -7.851433277130127, -2.1364996433258057, 2.328120231628418, 0.0823148712515831, -0.4238155484199524, 0.5238547325134277, -0.06917592138051987, -0.347657173871994, 0.9209446907043457, -0.16189470887184143, 0.4046229422092438, 0.18068593740463257, -0.5362881422042847, -4.9338483810424805, -2.877814292907715, 1.4565932750701904, -0.04867470636963844, -0.38470903038978577, 0.49682939052581787, -0.2995605766773224, -0.6883426904678345, 0.651790201663971, 0.10778319835662842, 0.2504262924194336, -0.07942058145999908, -0.6036056876182556, 7.034732818603516, 0.16399365663528442, -1.2527308464050293, 0.9947973489761353, 0.9374092817306519, -0.5703434944152832, -0.005847849417477846, 0.0079066576436162, -0.0037490976974368095, 1.3546266555786133, 1.4334931373596191, -0.5640873908996582, -0.013696977868676186, 0.011397644877433777, -0.006863613612949848, 0.8532067537307739, 1.2263765335083008, -0.8637145161628723, 0.0034796257968991995, 0.002927711233496666, -0.01594698801636696, -0.043330155313014984, 2.3671834468841553, -1.2679517269134521, -0.013524903915822506, -0.012265726923942566, -0.01682727038860321, 0.4985160231590271, 0.44119828939437866, 0.20736588537693024, -0.0018796814838424325, 0.0021812040358781815, -0.01704084873199463, -1.0, -1.0, 0.394544780254364, -1.0, -1.0, 1.0, -0.9711911678314209, -0.701468825340271, -0.030483558773994446, 1.0, -0.02136729285120964, 0.17914749681949615, -0.03795918822288513, -1.0, 0.42113450169563293, -0.2807014286518097, -1.0, -1.0, 1.0, 1.0]
[-0.6113496422767639, 0.032550714910030365, -0.2939540147781372, -0.9173451662063599, -0.8320814371109009, -0.6543066501617432, -0.0984431728720665, -0.7030554413795471, -0.8301475048065186, -0.7217316031455994, 0.15878303349018097, 0.41773220896720886, -0.513167142868042, -0.695184051990509, -0.24245718121528625, 0.20631301403045654, -0.9441037178039551, -0.367879718542099, -0.5314610004425049, -0.2556948661804199, -0.9243685603141785, -0.7922097444534302, 0.6105070114135742, 0.8668980598449707, -0.3087557256221771, -1.1657313108444214, 0.7740364670753479, -0.13681764900684357, -0.30209407210350037, -0.10935677587985992, 0.7514894604682922, -0.35154828429222107, 0.21707768738269806, 0.0841410681605339, 0.10060001909732819, 1.027652621269226, 1.007088303565979, 1.1645420789718628, 0.07104352861642838, -0.22036342322826385, -0.08041544258594513, 1.5661150217056274, 0.9750470519065857, -0.13525471091270447, -0.11164585500955582, -0.10127385705709457, 0.4431910514831543, 0.2258978635072708, 4.167704105377197, 1.0501993894577026, 0.23001280426979065, 0.0638551265001297, 0.02696191892027855, 0.009775039739906788, 0.17072655260562897, 0.08145241439342499, 0.021461790427565575, 0.005091738887131214, 0.07129725068807602, -0.037642497569322586, -0.025580087676644325, 0.004906565882265568, -0.0722704753279686, 0.1592479646205902, -0.05003049224615097, -0.03334544226527214, 0.018846023827791214, 0.012098959647119045, 0.06373631954193115, 0.030149396508932114, 0.047094520181417465, 0.013558733277022839, 0.03015684150159359, -0.3823181986808777, 0.5394085049629211, 0.5338411927223206, 0.25067323446273804, 0.006591446697711945, 0.8075475096702576, 0.27962183952331543, -0.06254438310861588, -0.14973488450050354, 1.9788070917129517, -3.6614387035369873, 2.0941128730773926, 0.0, -0.38999998569488525, 0.47999998927116394, 0.051258768886327744, 0.931011438369751, 0.14398051798343658, 0.33145132660865784, 0.10559310764074326, -0.5922251343727112, -0.5982494354248047, 0.5293554067611694, 0.046880099922418594, -0.4502340853214264, 0.4838207960128784, 0.12644921243190765, -0.5448616147041321, 0.8056807518005371, -0.19497385621070862, 0.04391384869813919, -0.07532598823308945, -1.1661962270736694, 7.767452716827393, 3.6454412937164307, -2.2886276245117188, 0.06400755047798157, -0.4468664526939392, 0.4951622784137726, 0.10036711394786835, -0.5001652836799622, 0.8427146673202515, -0.17202627658843994, 0.07250217348337173, -0.09102240204811096, -1.151910424232483, 5.554372787475586, 2.504795551300049, -2.203943967819214, 0.06502598524093628, -0.3979535400867462, 0.5451421737670898, -0.0038481680676341057, 0.039681147783994675, 0.9870913028717041, -0.15511731803417206, 0.14080528914928436, 0.3735749423503876, -0.562415361404419, -9.79163646697998, -2.8026766777038574, 1.113318920135498, 0.08833572268486023, -0.4217396378517151, 0.5126800537109375, -0.07517547905445099, -0.30506640672683716, 0.933198094367981, -0.1744256317615509, 0.27048295736312866, 0.1995905637741089, -0.6596875786781311, -6.324795722961426, -1.7161561250686646, -0.515680193901062, -0.04518486186861992, -0.3856307566165924, 0.4885118305683136, -0.2959938645362854, -0.7213557362556458, 0.6108354926109314, 0.13752631843090057, 0.13754059374332428, 0.026840845122933388, -0.5590656399726868, 6.982786178588867, 1.3278731107711792, -1.510801076889038, 1.2281850576400757, -0.44843700528144836, -0.05536685138940811, 0.003048484679311514, 0.007249727845191956, -0.0040387921035289764, 0.9633440971374512, -0.3560839295387268, 0.09176739305257797, -0.00024952011881396174, 0.0039891405031085014, -0.002636614255607128, 0.7514679431915283, 0.19360236823558807, 0.11757933348417282, 0.007810601964592934, 6.339987157844007e-05, -0.0064905304461717606, 0.805865466594696, 0.08911630511283875, -0.028631504625082016, 0.020182767882943153, -0.0013194840867072344, -0.011086281388998032, 0.7891699075698853, -0.5909500122070312, 0.19321495294570923, 0.002753756009042263, 0.0009320126264356077, -0.000813498510979116, -0.7021260261535645, -0.8724660873413086, 0.9201803803443909, -1.0, -1.0, 1.0, -0.9065771698951721, -0.7142736911773682, 0.3606797456741333, 1.0, 0.07506923377513885, -0.33460837602615356, 0.014322608709335327, -1.0, 0.5438725352287292, -0.29379358887672424, -1.0, -1.0, 1.0, 1.0]
[-0.6461336016654968, -0.08997493982315063, -0.11815151572227478, -0.936333179473877, -0.8630640506744385, -0.6658148765563965, 0.06848415732383728, -0.7237362265586853, -0.7886883616447449, -0.7114849090576172, 0.22627829015254974, 0.5146359205245972, -0.418102890253067, -0.5707151293754578, -0.2799818515777588, 0.16566376388072968, -0.9561389684677124, -0.2160898745059967, -0.38128530979156494, -0.2747119963169098, -0.9430999755859375, -0.8353724479675293, 0.6734821796417236, 0.8887296915054321, 0.0014056653017178178, -0.662440299987793, 0.6989001631736755, -0.18681898713111877, -0.2743464410305023, -0.10464008897542953, 0.6553388237953186, -0.08777433633804321, 0.4768918454647064, 0.12506820261478424, 0.373203843832016, 0.8352678418159485, 0.8113359808921814, 1.1063545942306519, -0.29727742075920105, -0.13511881232261658, -0.12323476374149323, 1.315862774848938, 1.646335482597351, -0.2862245440483093, -0.13894504308700562, -0.10523412376642227, 0.36328938603401184, 0.1898813396692276, 7.883415222167969, 5.935011863708496, 0.27221617102622986, 0.3991208076477051, 0.14564329385757446, 0.04862666875123978, 0.26874595880508423, 0.4957810640335083, 0.19770976901054382, 0.06889960169792175, 0.11900749802589417, 0.15228396654129028, 0.014980670064687729, -0.00542590394616127, 0.510368824005127, 0.19887091219425201, 0.31189101934432983, 0.06374110281467438, 0.028239749372005463, -0.031488075852394104, 0.2821474075317383, 0.1373039036989212, 0.08389228582382202, 0.022176701575517654, 0.034752633422613144, -0.3833063244819641, 0.5355039834976196, 0.579082727432251, 0.17773057520389557, 0.16836905479431152, 0.7776418924331665, 0.26391905546188354, -0.03974781185388565, -0.2791978716850281, 2.2858376502990723, -3.175591468811035, 1.8927444219589233, 0.0, -0.38999998569488525, 0.47999998927116394, 0.051258768886327744, 0.931011438369751, 0.14398051798343658, 0.33145132660865784, 0.28324052691459656, -0.5903381705284119, -0.5861815214157104, 0.4771445691585541, 0.04482980817556381, -0.45068833231925964, 0.47021549940109253, 0.12387759983539581, -0.5958225131034851, 0.775789737701416, -0.1667335331439972, -0.28782176971435547, -0.0650804191827774, -0.7327988147735596, 5.44360876083374, 2.9243853092193604, -3.4349887371063232, 0.06242593377828598, -0.4475177228450775, 0.4826720058917999, 0.0950533002614975, -0.5221994519233704, 0.8344357013702393, -0.14828883111476898, -0.2605884075164795, -0.05287263169884682, -0.535649299621582, 0.47107967734336853, 0.8192673325538635, -3.2374072074890137, 0.06552960723638535, -0.39450913667678833, 0.5386047959327698, -0.01296014990657568, 0.1270444691181183, 0.9805779457092285, -0.1488577276468277, -0.1131073385477066, 0.3460489511489868, -0.31975987553596497, -10.164933204650879, -2.622246026992798, -1.6808408498764038, 0.09107539057731628, -0.4203220009803772, 0.5025755167007446, -0.07816509157419205, -0.23405343294143677, 0.9540410041809082, -0.1700436770915985, 0.014817191287875175, 0.19271361827850342, -0.43508797883987427, -9.91180419921875, -1.5075572729110718, -2.4436655044555664, -0.044324275106191635, -0.385037899017334, 0.48207250237464905, -0.3002481460571289, -0.7426753640174866, 0.5757847428321838, 0.16357308626174927, -0.06444631516933441, 0.11959846317768097, -0.36218756437301636, 4.301730155944824, -0.10901601612567902, -2.598336935043335, 1.4979677200317383, -2.290611743927002, 0.5059930682182312, 0.014267499558627605, 0.005167663097381592, -0.0023247282952070236, 1.5315765142440796, -2.8681821823120117, 1.0642869472503662, 0.02587687410414219, 0.004979597870260477, -0.002169196028262377, 1.3664960861206055, 0.19788134098052979, 1.3826777935028076, -0.002457684837281704, -0.0019701861310750246, -0.012914924882352352, 1.0557271242141724, -0.8249744772911072, 1.5316171646118164, 0.015865134075284004, -0.00026259568403474987, -0.00837907288223505, 1.3213812112808228, -1.9263559579849243, 0.21916331350803375, 0.007389996200799942, 0.0010345970513299108, 0.014978623948991299, 0.037033744156360626, -0.269279807806015, 0.8804900646209717, -1.0, -1.0, 1.0, -0.6530539989471436, -0.4335186779499054, 0.8727323412895203, 1.0, 0.021926838904619217, -0.6260523796081543, 0.07626062631607056, -1.0, 0.5140914916992188, -0.4248274266719818, -1.0, -1.0, 1.0, 1.0]
[-0.6062576174736023, -0.1519457995891571, 0.035115331411361694, -0.9550801515579224, -0.8897597193717957, -0.6804633140563965, 0.19871892035007477, -0.733985960483551, -0.7600456476211548, -0.699609637260437, 0.29261013865470886, 0.5943698883056641, -0.36601388454437256, -0.47675958275794983, -0.36289727687835693, 0.14758577942848206, -0.9677484035491943, -0.11366746574640274, -0.2211093306541443, -0.293535441160202, -0.9610234498977661, -0.874428927898407, 0.7259208559989929, 0.9070642590522766, 0.22429263591766357, -0.3028430640697479, 0.6075186729431152, -0.15330623090267181, -0.22784928977489471, -0.19555726647377014, 0.4846622049808502, -0.0879819393157959, 0.15606345236301422, 0.08145900815725327, 0.16154204308986664, 0.5760660171508789, 0.26500120759010315, 0.6356914043426514, -0.4126952290534973, -0.03091527335345745, -0.09320325404405594, 0.749912440776825, 1.257822871208191, -0.20265614986419678, -0.11272542923688889, -0.08639031648635864, 0.30860841274261475, 0.16034841537475586, 4.103204250335693, 3.7887918949127197, 0.12872429192066193, 0.27708232402801514, 0.10522910207509995, 0.03055277280509472, 0.10996660590171814, 0.26441290974617004, 0.0690971314907074, 0.016823824495077133, 0.0076480587013065815, -0.034412845969200134, -0.08386258780956268, -0.055885493755340576, 0.3928864598274231, 0.1242096796631813, 0.2500957250595093, 0.02692447602748871, -0.02315818890929222, 0.0012356066145002842, 0.20377464592456818, 0.10428038239479065, 0.0389803983271122, 0.009316329844295979, 0.03790068253874779, -0.3835320472717285, 0.5295615196228027, 0.6220541000366211, 0.08357328921556473, 0.33368194103240967, 0.7033637166023254, -0.3119988441467285, 0.08074422180652618, -0.3160112500190735, 6.080593109130859, -8.878421783447266, 3.0313758850097656, 0.0, -0.38999998569488525, 0.47999998927116394, 0.051258768886327744, 0.931011438369751, 0.14398051798343658, 0.33145132660865784, 0.468755841255188, -0.5546796321868896, -0.5655269026756287, 0.3908679485321045, 0.038571011275053024, -0.45169275999069214, 0.46266043186187744, 0.11355794966220856, -0.631247878074646, 0.755426824092865, -0.13401833176612854, -0.48959437012672424, -0.09815854579210281, -0.3918186128139496, 3.9032137393951416, 2.1051201820373535, -4.105241775512695, 0.05696740001440048, -0.4488256275653839, 0.4765542149543762, 0.08494603633880615, -0.5293492674827576, 0.8353669047355652, -0.1213897243142128, -0.4203830063343048, -0.10684750229120255, -0.2708904445171356, 0.5203408002853394, 0.788641631603241, -3.483370780944824, 0.06278987228870392, -0.3921799957752228, 0.5358325242996216, -0.016456782817840576, 0.19668374955654144, 0.971479594707489, -0.13142290711402893, -0.19441822171211243, 0.1569354236125946, -0.14937862753868103, -5.7880353927612305, -1.1779667139053345, -1.7486572265625, 0.08998683840036392, -0.4206002652645111, 0.49583137035369873, -0.07650788873434067, -0.16227459907531738, 0.9713846445083618, -0.15564514696598053, -0.15015724301338196, 0.05578391253948212, -0.2935909032821655, -7.108462333679199, -0.17458203434944153, -2.508049488067627, -0.04634026810526848, -0.38341808319091797, 0.4783186614513397, -0.31619158387184143, -0.7505038380622864, 0.5502086281776428, 0.18449154496192932, -0.2015976905822754, 0.15768545866012573, -0.1969202309846878, 2.5171141624450684, -0.3324575424194336, -3.3096258640289307, 0.7159333229064941, -1.5496927499771118, 0.3843676745891571, 0.007307382300496101, 0.002171821892261505, -0.00021349842427298427, 0.639950692653656, -1.09505033493042, 0.628394603729248, 0.00039806996937841177, 0.0012191410642117262, 0.0005345488898456097, 0.6351267099380493, 1.4764678478240967, 0.35386157035827637, -0.03373847156763077, 0.0029002437368035316, 0.0020794293377548456, 0.6820331811904907, 0.15226075053215027, 1.1707044839859009, -0.020874274894595146, 0.0017480626702308655, -0.004710045177489519, 0.5992199182510376, -1.428661823272705, 0.0733136236667633, 0.006726115942001343, -0.0002711911511141807, 0.006784761790186167, 0.3441665470600128, -0.13185465335845947, 0.8674927353858948, -1.0, -1.0, 0.8274827599525452, -0.7542079091072083, -0.7134500741958618, 0.5703935027122498, 1.0, -0.2729368209838867, -0.798336386680603, 0.18712544441223145, -1.0, 0.22489920258522034, -0.3728425204753876, -1.0, -1.0, 1.0, 1.0]
[-0.49715450406074524, -0.15061229467391968, 0.12494384497404099, -0.9720825552940369, -0.9124845266342163, -0.7060632109642029, 0.3098377585411072, -0.7236706614494324, -0.7638397812843323, -0.6968266367912292, 0.36548149585723877, 0.6550646424293518, -0.38569992780685425, -0.4475668966770172, -0.38695764541625977, 0.07581859827041626, -0.9823744893074036, -0.02390172891318798, -0.1128540188074112, -0.2726367115974426, -0.9644730687141418, -0.911163330078125, 0.7694542407989502, 0.922309160232544, 0.5393350124359131, 0.21804891526699066, 0.2463245838880539, -0.1462535262107849, -0.19581612944602966, -0.2565334141254425, 0.4503033757209778, 0.2075994312763214, -0.1288033127784729, -0.017680788412690163, 0.37519770860671997, 0.5493460893630981, -0.41686317324638367, 0.012148112058639526, 0.07862690836191177, -0.433016300201416, -0.13810141384601593, 0.8749389052391052, 0.9202686548233032, 0.5017682313919067, 0.03637651726603508, -0.08487184345722198, 0.250678151845932, 0.1315458118915558, 7.431353569030762, 5.672051906585693, 0.18620163202285767, 0.39778244495391846, 0.14650598168373108, 0.048337869346141815, 0.284805566072464, 0.4713376760482788, 0.15176910161972046, 0.04430457949638367, 0.07099418342113495, 0.12792883813381195, -0.0194721557199955, -0.03215132653713226, 0.9026761054992676, 0.11844313889741898, 0.5180487036705017, 0.14630043506622314, 0.02813650667667389, 0.0621909461915493, 0.37363171577453613, 0.18675023317337036, 0.09112031757831573, 0.02489549107849598, 0.03235199302434921, -0.38451889157295227, 0.5248255729675293, 0.6236831545829773, -0.1919725090265274, 0.6043042540550232, 0.45714566111564636, -0.41874274611473083, -0.077122263610363, -0.2373492270708084, 7.850222110748291, -9.751473426818848, 2.6422576904296875, 0.0, -0.38999998569488525, 0.47999998927116394, 0.051258768886327744, 0.931011438369751, 0.14398051798343658, 0.33145132660865784, 0.7735423445701599, -0.4304150640964508, -0.4560190439224243, 0.09177017956972122, 0.02969564124941826, -0.4534182548522949, 0.46143093705177307, 0.09792419523000717, -0.6531951427459717, 0.7434492111206055, -0.10502443462610245, -0.662508487701416, -0.14634129405021667, 0.0747750997543335, 1.7705963850021362, 0.7029951810836792, -3.9321608543395996, 0.04780092090368271, -0.4512690305709839, 0.4772200882434845, 0.06844206899404526, -0.5280331969261169, 0.8417258262634277, -0.08941023051738739, -0.7312633991241455, -0.18537504971027374, 0.26034078001976013, -1.468599557876587, -0.018515784293413162, -4.896780014038086, 0.05730283632874489, -0.391623318195343, 0.5369302034378052, -0.011189172975718975, 0.22476992011070251, 0.968913733959198, -0.10275878757238388, -0.39120161533355713, 0.041525691747665405, 0.16644352674484253, -1.8719881772994995, -0.10079383105039597, -4.511160373687744, 0.08569329977035522, -0.42225754261016846, 0.49622026085853577, -0.08485347777605057, -0.09077835083007812, 0.9815229773521423, -0.14550483226776123, -0.4100280702114105, 0.0030259510967880487, 0.2802653908729553, -9.291511535644531, -3.247760534286499, -2.202364683151245, -0.05119369551539421, -0.3811247944831848, 0.4782460033893585, -0.3310216963291168, -0.7454193234443665, 0.5375764966011047, 0.21397651731967926, -0.42982518672943115, 0.20601831376552582, 0.11738342046737671, 0.7841248512268066, 2.139277696609497, -4.112900733947754, 1.0241774320602417, -2.2800967693328857, 0.4564029574394226, 0.014136414974927902, 0.000868645787704736, 0.0017221580492332578, 1.6089797019958496, -2.2234859466552734, 1.15304434299469, 0.010952292010188103, 0.006859981454908848, -0.001820041798055172, 1.1869086027145386, 0.9261083602905273, 1.180654764175415, -0.018259700387716293, -0.0042330422438681126, -0.01071222685277462, 0.9096670746803284, -0.7818185091018677, 2.9485907554626465, 0.01640922948718071, 0.0102698327973485, 0.0036408547312021255, 1.3536953926086426, -2.639254331588745, 0.20334121584892273, 0.013978852890431881, 0.0032363596837967634, 0.002468986203894019, 1.0, 0.41783106327056885, 0.37447139620780945, -1.0, -1.0, 0.9957254528999329, -0.48396122455596924, -0.8667407035827637, 1.0, 1.0, -0.7485376000404358, 0.14537017047405243, -0.631316065788269, -1.0, 0.5290567874908447, 0.05511167645454407, -0.8323700428009033, -1.0, 1.0, 1.0]
[-0.3328933119773865, -0.11417728662490845, 0.15120089054107666, -0.9827349185943604, -0.9301186800003052, -0.7306026816368103, 0.413584440946579, -0.6873496770858765, -0.7836868762969971, -0.7016425728797913, 0.4584088623523712, 0.6965433955192566, -0.44785264134407043, -0.4591703712940216, -0.30674901604652405, -0.0677834153175354, -0.9971415400505066, 0.029929574579000473, -0.02770170569419861, -0.2175377607345581, -0.9357060194015503, -0.9396669268608093, 0.8059810996055603, 0.9350308775901794, 0.6669934391975403, 0.2802911698818207, 0.037443991750478745, -0.0694064274430275, -0.14355400204658508, -0.201119065284729, 0.4193542003631592, 0.408873051404953, -0.20831389725208282, -0.062082063406705856, 0.3922780454158783, 0.295522004365921, -0.6586071848869324, -0.18002058565616608, 0.4634955823421478, -0.7083052396774292, -0.19213271141052246, 0.26240551471710205, 0.6034530401229858, 0.7732376456260681, 0.3076004683971405, -0.05625423416495323, 0.2150036096572876, 0.11107458174228668, 2.3366191387176514, 0.36223775148391724, 0.034309156239032745, 0.050500139594078064, 0.025104325264692307, 0.011910678818821907, 0.0831604078412056, 0.07061640918254852, 0.025434046983718872, 0.00784372165799141, 0.015673695132136345, -0.07657849788665771, -0.044057585299015045, -0.02142947167158127, 0.13043567538261414, -0.009352891705930233, 0.005789806134998798, -0.06337378919124603, -0.04574676975607872, 0.022783614695072174, 0.13342437148094177, 0.07711553573608398, 0.03540400415658951, 0.009480939246714115, 0.023087121546268463, -0.3866134583950043, 0.5214071273803711, 0.4166558086872101, -0.5245679020881653, 0.7424008250236511, 0.00820569321513176, -0.7280195951461792, -0.10878615081310272, -0.05199700593948364, 11.052836418151855, -14.453673362731934, 2.0442914962768555, 0.0, -0.38999998569488525, 0.47999998927116394, 0.051258768886327744, 0.931011438369751, 0.14398051798343658, 0.33145132660865784, 0.9043917655944824, -0.1595725417137146, -0.169911727309227, -0.3574104607105255, 0.018965641036629677, -0.4552881419658661, 0.4640284776687622, 0.07905462384223938, -0.6632055640220642, 0.7397892475128174, -0.08136598765850067, -0.7203377485275269, -0.11002452671527863, 0.1763591170310974, 0.6688070893287659, 0.09057817608118057, -3.53963303565979, 0.035343073308467865, -0.45392030477523804, 0.48246458172798157, 0.04602792114019394, -0.5170599222183228, 0.8531213998794556, -0.052099086344242096, -0.8665457963943481, -0.1328478455543518, 0.3806969225406647, -2.1303560733795166, -0.14491236209869385, -5.383849620819092, 0.04962247982621193, -0.3925052285194397, 0.539982795715332, -0.00026960959075950086, 0.22360891103744507, 0.9726898670196533, -0.062236472964286804, -0.44505318999290466, -0.09888432174921036, 0.1909787952899933, 1.2495747804641724, 0.3131624758243561, -5.3406291007995605, 0.07877939939498901, -0.4249846339225769, 0.5023744702339172, -0.10929602384567261, -0.020082009956240654, 0.9838665127754211, -0.14020566642284393, -0.4872795343399048, -0.08473246544599533, 0.3745976984500885, -5.967279434204102, -3.746429920196533, -0.9945579767227173, -0.05838993936777115, -0.3780488073825836, 0.4813902676105499, -0.34279608726501465, -0.7274585962295532, 0.5370992422103882, 0.25459614396095276, -0.5235460996627808, 0.25732725858688354, 0.2839723825454712, -0.18919338285923004, 3.884253740310669, -4.565850257873535, 0.1890908181667328, -0.38356855511665344, 0.012907451950013638, 0.006157150957733393, -0.0013149650767445564, 0.0009101273026317358, 0.4540978670120239, -0.35271120071411133, 0.15473735332489014, 0.0025530545972287655, 0.0015150648541748524, -0.00046488927910104394, 0.34090784192085266, 0.609073281288147, -0.22982200980186462, -0.012293374165892601, -0.000897391582839191, -0.0021294034086167812, 0.07000606507062912, 0.9023275375366211, -0.2177291363477707, -0.03221185505390167, 0.0016040869522839785, 0.004221742041409016, 0.5074845552444458, -1.0709794759750366, 0.12173105776309967, 0.007807740475982428, 0.0013611832400783896, 0.00012079252337571234, 1.0, 0.21140775084495544, 0.13531306385993958, -1.0, -1.0, 1.0, -0.39428648352622986, -0.9148423671722412, 1.0, 0.8086082935333252, -0.8850351572036743, 0.7108814120292664, -1.0, -1.0, 0.13121965527534485, 0.17243292927742004, -0.6077517867088318, -1.0, 1.0, 1.0]
[-0.1475304514169693, -0.041679613292217255, 0.15171726047992706, -0.9927992820739746, -0.9205843806266785, -0.7417171597480774, 0.5076740384101868, -0.6070861220359802, -0.802405834197998, -0.7091386914253235, 0.5468636751174927, 0.6649399399757385, -0.5257294178009033, -0.4818977117538452, -0.174948051571846, -0.2177688479423523, -0.9999971389770508, 0.06874141842126846, 0.01957521215081215, -0.08902428299188614, -0.8434929251670837, -0.9694810509681702, 0.7948371171951294, 0.9461162090301514, 0.712995707988739, 0.6726569533348083, -0.013628968968987465, -0.09221118688583374, 0.21422211825847626, -0.002981641096994281, 0.37254437804222107, 0.9376388788223267, -0.1440092772245407, -0.06556987762451172, 0.3479149043560028, -0.6101546287536621, -0.7571410536766052, -0.23864798247814178, 0.7214032411575317, -0.563438355922699, 2.2546964828507043e-05, 0.4179410934448242, 0.39030173420906067, 2.017879009246826, 0.8760673403739929, -0.06776487827301025, -0.21600759029388428, 0.09722068160772324, 0.7760928869247437, 4.2483601570129395, 0.016259431838989258, 0.29638347029685974, 0.12984704971313477, 0.053559012711048126, 0.022894524037837982, 0.4230493903160095, 0.16583792865276337, 0.05683779716491699, 0.00042129107168875635, -0.0979965329170227, -0.06158943846821785, -0.02654734067618847, 0.5457098484039307, 0.012920155189931393, 0.3244626224040985, 0.09755343198776245, 0.019031964242458344, 0.09836558997631073, 0.41816598176956177, 0.21964555978775024, -0.02318371832370758, -0.012551069259643555, 0.01213046070188284, -0.38964220881462097, 0.5207018256187439, 0.11156561970710754, -0.6708717942237854, 0.6387458443641663, -0.3598442077636719, -0.6286243796348572, -0.20260417461395264, -0.0421835258603096, 8.038783073425293, -9.381118774414062, 1.2662262916564941, 0.0, -0.38999998569488525, 0.47999998927116394, 0.051258768886327744, 0.931011438369751, 0.14398051798343658, 0.33145132660865784, 0.7466959357261658, 0.09597963839769363, 0.12526674568653107, -0.6461745500564575, 0.007511833682656288, -0.4569576680660248, 0.4706916809082031, 0.057668257504701614, -0.6526753902435303, 0.7529484629631042, -0.0613013356924057, -0.7492657899856567, -0.09502965956926346, 0.6035221815109253, -3.8545963764190674, -0.9043827652931213, -3.492098093032837, 0.021662943065166473, -0.4551455080509186, 0.493610680103302, 0.020832771435379982, -0.48155492544174194, 0.8760513067245483, -0.014311802573502064, -0.9044764637947083, 0.0372760184109211, 0.9514840245246887, -6.964168071746826, -0.7330101132392883, -5.324385643005371, 0.04100579395890236, -0.39616063237190247, 0.5443540811538696, 0.008935539051890373, 0.19372276961803436, 0.9808529019355774, -0.01786402054131031, -0.5129706263542175, -0.3358738124370575, 0.34890106320381165, 4.699984073638916, -0.20957542955875397, -5.497673988342285, 0.06965021789073944, -0.42698973417282104, 0.5135852694511414, -0.13848233222961426, 0.05260666087269783, 0.9799342155456543, -0.1333564668893814, -0.6924296021461487, 0.06977172940969467, 0.8030632734298706, -9.131407737731934, -5.202989101409912, -2.286597967147827, -0.0659719854593277, -0.37505340576171875, 0.4895654022693634, -0.32677942514419556, -0.6965546607971191, 0.5573405623435974, 0.3120870292186737, -0.4834505319595337, 0.19419030845165253, 0.7771403789520264, -1.4466204643249512, 9.785234451293945, -2.1042516231536865, 0.09551188349723816, -2.0185651779174805, 0.40917739272117615, 0.023280538618564606, 9.43778213695623e-05, 0.0006017169798724353, 0.10040708631277084, -2.342010498046875, 1.0165455341339111, 0.021707646548748016, 0.00047637009993195534, 0.0016459629405289888, 0.23376190662384033, 1.092195987701416, 0.37112200260162354, -0.010164398699998856, 0.001845784136094153, -0.0003219115315005183, 0.20287640392780304, -0.36394003033638, 1.8927662372589111, 0.013572863303124905, 0.004277619067579508, -0.0027400741819292307, -0.35414355993270874, -3.1717443466186523, -0.2886224687099457, 0.0220378115773201, -0.006884781643748283, -0.006625759415328503, 1.0, 0.7921721935272217, 0.1204979196190834, -1.0, -0.7132466435432434, 1.0, 0.11489786952733994, -0.8498667478561401, 1.0, 0.12705212831497192, -1.0, 0.9663122892379761, -0.9127230644226074, -1.0, 0.3577217161655426, 1.0, 0.05181106925010681, -1.0, 0.4837484061717987, 1.0]
[0.03072429820895195, -0.01479390263557434, 0.06188012287020683, -0.9935991168022156, -0.7921125888824463, -0.7198807001113892, 0.538103461265564, -0.4283352494239807, -0.677904486656189, -0.6935819387435913, 0.6236612796783447, 0.5071180462837219, -0.5992932915687561, -0.5061089396476746, 0.013891298323869705, -0.2609652280807495, -0.99456787109375, 0.10302808880805969, 0.06100374087691307, 0.06428864598274231, -0.748367428779602, -0.9706432223320007, 0.7277331948280334, 0.9559128880500793, 0.6304971575737, -0.09377294033765793, -0.5644503831863403, 0.02769029140472412, 1.6928417682647705, 0.4112033545970917, -0.010970041155815125, 2.036346912384033, 1.9359420537948608, 0.3945758044719696, 0.30098357796669006, -1.9413560628890991, -0.6530026793479919, -0.22016623616218567, 0.9299649596214294, 0.04118845611810684, 0.06661040335893631, 0.26309821009635925, 0.3692074716091156, 1.8234583139419556, 0.5731721520423889, 0.019595973193645477, -0.5194105505943298, 0.08530909568071365, -2.61256742477417, -10.006108283996582, -0.27434042096138, -0.6491383910179138, -0.12907269597053528, -0.015296288765966892, -0.1988046020269394, -0.38909927010536194, 0.09355585277080536, 0.07806237787008286, -0.04857382923364639, -0.6655676364898682, -0.2289770245552063, -0.07287275791168213, -0.8586779236793518, 0.22116634249687195, -0.4792395830154419, -0.13078150153160095, -0.026922160759568214, -0.01600041426718235, -0.5762237310409546, -0.26632243394851685, -0.09034470468759537, -0.031072605401277542, 0.002219592686742544, -0.39440956711769104, 0.518775463104248, -0.17552989721298218, -0.6831769943237305, 0.4198805093765259, -0.5711030960083008, -0.6107569932937622, -0.34821420907974243, -0.2085513323545456, 5.651270389556885, -5.594453811645508, 0.21332506835460663, 0.0, -0.38999998569488525, 0.47999998927116394, 0.051258768886327744, 0.931011438369751, 0.14398051798343658, 0.33145132660865784, 0.4603721797466278, 0.2584681510925293, 0.3497992157936096, -0.7738813161849976, -0.0015340535901486874, -0.457050621509552, 0.4757751226425171, 0.044197265058755875, -0.6018521785736084, 0.7953878045082092, -0.05638005584478378, -0.4537316560745239, 0.09085143357515335, 0.2921958267688751, -10.048369407653809, -1.6730386018753052, -0.31114405393600464, 0.01010044477880001, -0.4515955150127411, 0.5076364874839783, 0.005904871039092541, -0.3613850772380829, 0.9322932958602905, 0.013968816958367825, -0.614971935749054, 0.6003257036209106, 1.0171160697937012, -21.37555503845215, 0.44045019149780273, -2.6607906818389893, 0.03214333951473236, -0.40691596269607544, 0.5433672666549683, 0.014773144386708736, 0.10202532261610031, 0.99437415599823, 0.024344787001609802, -0.5235702991485596, -1.0492291450500488, -0.24109412729740143, 14.490913391113281, -0.4031289517879486, -4.965701580047607, 0.05747523531317711, -0.4285326302051544, 0.5219219326972961, -0.17141613364219666, 0.1162179484963417, 0.9726245999336243, -0.10540957003831863, -0.8238639235496521, -0.004532211925834417, 0.2333715856075287, -4.715930461883545, -4.9090256690979, -4.829484939575195, -0.07150597870349884, -0.37283632159233093, 0.49633336067199707, -0.28204718232154846, -0.6751827597618103, 0.5706572532653809, 0.37273016571998596, -0.2622419595718384, 0.10871050506830215, 0.3387606739997864, 3.449704647064209, 8.820988655090332, 0.09975610673427582, -1.4784467220306396, 2.376863718032837, -0.7925533652305603, 0.020356666296720505, -0.01283661276102066, 0.0027723130770027637, -1.3445128202438354, -0.651971161365509, -1.3406635522842407, 0.06828281283378601, -0.010727565735578537, 0.004397107288241386, -0.7763367891311646, 2.095517158508301, -3.655691623687744, -0.041439998894929886, -0.0027477534022182226, 0.005719393957406282, 1.3102377653121948, 0.239352747797966, -3.0375921726226807, -0.023331869393587112, 0.0022989807184785604, -0.01630212366580963, -1.455552101135254, 3.672318935394287, 0.20400865375995636, -0.017140373587608337, -0.007783759385347366, -0.016176000237464905, 0.7646622657775879, -0.9177454113960266, -1.0, -1.0, 0.45212844014167786, 0.30432257056236267, 1.0, 1.0, 1.0, -1.0, -1.0, 1.0, 0.09978604316711426, -1.0, 0.2159736454486847, 0.8566915988922119, -0.46585652232170105, -1.0, 0.1595337688922882, 1.0]
[0.1160988062620163, -0.06226395443081856, -0.07341306656599045, -0.9896954298019409, -0.5754665732383728, -0.6593332290649414, 0.42756780982017517, -0.23050819337368011, -0.4389766454696655, -0.6222023963928223, 0.6930731534957886, 0.31505969166755676, -0.6369122266769409, -0.5247260928153992, 0.2044827938079834, -0.21781103312969208, -0.989253580570221, 0.13887503743171692, 0.09857189655303955, 0.14608052372932434, -0.6639190912246704, -0.963782548904419, 0.6428734064102173, 0.9648758769035339, 0.0947762057185173, -0.4856436252593994, -0.563825786113739, 0.03441466763615608, 2.1580111980438232, 0.6734787821769714, -0.7127236723899841, 1.7056010961532593, 2.347703218460083, 1.0870836973190308, 0.3058893084526062, -1.363574743270874, -0.054598547518253326, -0.09746145457029343, 0.5995425581932068, 0.2158747911453247, -0.2604609727859497, 0.15371572971343994, 0.27829208970069885, 0.5789204239845276, 0.6212794780731201, 0.00848198588937521, -0.5345638990402222, 0.07793949544429779, -13.413679122924805, -3.4887173175811768, -0.5373905897140503, -0.2681770622730255, -0.08234191685914993, -0.018465707078576088, -0.5948785543441772, -0.3284541070461273, -0.11444038152694702, -0.003060669405385852, -0.20869238674640656, 0.34116989374160767, 0.21791833639144897, 0.0893954336643219, -1.1084771156311035, -0.3399868309497833, -0.8058475255966187, -0.2747487425804138, -0.07439954578876495, -0.06943391263484955, -0.1312040090560913, -0.07103710621595383, -0.2155868411064148, -0.0669407770037651, -0.006861778441816568, -0.4004347324371338, 0.5141511559486389, -0.4338507354259491, -0.5960643291473389, 0.17368781566619873, -0.6529267430305481, -0.5338423252105713, -0.36747315526008606, -0.3083842694759369, 6.42822265625, -6.191603660583496, -0.5526114106178284, 0.0, -0.38999998569488525, 0.47999998927116394, 0.051258768886327744, 0.931011438369751, 0.14398051798343658, 0.33145132660865784, 0.13719485700130463, 0.3389468789100647, 0.5249443054199219, -0.7685871124267578, -0.003831735346466303, -0.4555542469024658, 0.47559431195259094, 0.04121727496385574, -0.5223642587661743, 0.848808765411377, -0.0704307034611702, 0.09946774691343307, 0.2035883516073227, 0.04128105565905571, -11.696056365966797, -2.2972538471221924, 2.275599479675293, 0.007553631439805031, -0.4439442455768585, 0.5158566236495972, 0.009408488869667053, -0.18340609967708588, 0.9829691648483276, 0.006721623707562685, 0.16636021435260773, 0.8439647555351257, 0.4079742729663849, -23.219532012939453, 0.4284742772579193, 3.6121013164520264, 0.026649916544556618, -0.4189589023590088, 0.534820556640625, 0.016443075612187386, -0.009183579124510288, 0.9985262751579285, 0.05089570954442024, -0.180367112159729, -0.6601681709289551, -0.6033832430839539, 9.900938034057617, -0.3873780071735382, -2.2580718994140625, 0.0484565906226635, -0.42933666706085205, 0.5229817628860474, -0.2016383856534958, 0.15341855585575104, 0.9647043943405151, -0.07176480442285538, -0.2680314779281616, -0.07121823728084564, -0.2670978903770447, 0.6663789749145508, -2.491359233856201, -2.2311840057373047, -0.07276633381843567, -0.37315234541893005, 0.4983130991458893, -0.2376987189054489, -0.6717586517333984, 0.5750253796577454, 0.4019767940044403, 0.09184040129184723, -0.14327649772167206, 0.059606920927762985, 2.0772299766540527, 3.868717670440674, 2.8467044830322266, -2.9210214614868164, 1.3490415811538696, -0.18415354192256927, 0.0017699163872748613, -0.012741330079734325, 0.004907617345452309, -3.7082901000976562, 1.0699756145477295, -1.432009220123291, 0.012988964095711708, -0.014583234675228596, 0.02373814769089222, -2.266139030456543, -3.019329071044922, 0.21751709282398224, 0.04410549998283386, -0.0009611741406843066, 0.013253070414066315, -2.26963210105896, 0.8134401440620422, -5.02831506729126, -0.062197938561439514, -0.01108572818338871, 0.010286400094628334, -3.229464292526245, 1.2302066087722778, -1.0294311046600342, -0.010552136227488518, -0.015269340015947819, 0.015065343119204044, -1.0, -0.7392199039459229, -1.0, -1.0, 0.7673178315162659, -1.0, 0.6940751075744629, 1.0, 1.0, -0.6705660820007324, -0.6685664653778076, 1.0, 0.12126350402832031, -1.0, 0.379739373922348, 0.24043190479278564, -0.20242634415626526, -1.0, 0.10721631348133087, 1.0]
[0.10307050496339798, -0.12409033626317978, -0.20603904128074646, -0.9068077206611633, -0.42597445845603943, -0.5811744928359985, 0.4222402274608612, -0.2736092209815979, -0.23903018236160278, -0.4368780851364136, 0.745019793510437, 0.3224826753139496, -0.5850551128387451, -0.5218695402145386, 0.27493375539779663, -0.28733131289482117, -1.000015377998352, 0.19407880306243896, 0.13353724777698517, 0.12629874050617218, -0.4994746744632721, -0.8134783506393433, 0.5457237958908081, 0.9260513782501221, -0.19537313282489777, -0.38982093334198, -0.5329376459121704, 1.1584092378616333, 0.9815365672111511, 0.8977209329605103, -0.012909436598420143, -0.5833621025085449, 1.8022663593292236, 2.0854620933532715, 0.050595033913850784, 0.30873358249664307, 0.7775579690933228, 0.16003452241420746, 0.2263706922531128, -0.4967532157897949, -0.00020109415345359594, 0.656711220741272, 0.4636402130126953, -0.6740390658378601, 1.4973810911178589, 0.572956919670105, -0.6353606581687927, -0.5861445665359497, -7.843679904937744, 1.0511468648910522, -0.2993850111961365, 0.350616991519928, 0.04407546669244766, 0.02418605238199234, -0.2760743796825409, 0.3817440867424011, 0.16385415196418762, 0.07895823568105698, -0.21906772255897522, -0.3650912046432495, -0.12054479122161865, -0.031033042818307877, 0.004464404657483101, -0.33864158391952515, 0.034174270927906036, 0.06590971350669861, 0.040870849043130875, -0.08746478706598282, 0.3579649329185486, 0.2589433789253235, -0.09533391147851944, -0.04530992731451988, -0.006356570869684219, -0.40109971165657043, 0.5124383568763733, -0.42445629835128784, -0.6265901327133179, 0.12213879823684692, -0.642108678817749, -0.022232023999094963, -0.17313873767852783, -0.13727284967899323, 2.1498780250549316, -0.8650100827217102, 1.1547895669937134, 0.0, -0.38999998569488525, 0.47999998927116394, 0.051258768886327744, 0.931011438369751, 0.14398051798343658, 0.33145132660865784, 0.09615648537874222, 0.3227522671222687, 0.49598968029022217, -0.8003618717193604, -0.00023818295449018478, -0.4536236822605133, 0.47695761919021606, 0.04027970880270004, -0.43104955554008484, 0.896031379699707, -0.09849631786346436, 0.35469046235084534, 0.2466939389705658, 0.35583817958831787, -12.866044044494629, -3.348322868347168, 3.4135165214538574, 0.00855258945375681, -0.4428897798061371, 0.5106591582298279, 0.012880170717835426, -0.06816203892230988, 0.9975882172584534, 0.0023721533361822367, 0.20105475187301636, 0.26694631576538086, -0.29728439450263977, -14.58569622039795, 0.38376784324645996, 1.463613510131836, 0.02718290686607361, -0.41907361149787903, 0.5306300520896912, 0.022671008482575417, -0.0026746063958853483, 0.9981141090393066, 0.05698135495185852, 0.21559375524520874, 0.19223006069660187, -0.16715332865715027, -4.254664897918701, 1.1299259662628174, 1.0313431024551392, 0.0491752065718174, -0.4288865327835083, 0.5200262665748596, -0.21474961936473846, 0.17486128211021423, 0.9580915570259094, -0.07325666397809982, 0.20222552120685577, 0.1572943776845932, -0.14707252383232117, -4.631261348724365, -1.7085723876953125, 0.946302056312561, -0.06972911208868027, -0.3757784366607666, 0.5026128888130188, -0.1983000487089157, -0.655168890953064, 0.6241175532341003, 0.37670689821243286, 0.39124736189842224, -0.30596354603767395, 0.4865601658821106, -6.973100662231445, 2.4004218578338623, 9.207226753234863, -1.599267840385437, -0.8640213012695312, 1.029160976409912, 0.011225732043385506, -0.00601071584969759, 0.003479527309536934, -1.8652665615081787, -2.172391891479492, 1.3362597227096558, 0.04637236148118973, -0.0022667073644697666, 0.014527966268360615, -1.7543652057647705, 1.3821614980697632, -0.8329746127128601, -0.010300618596374989, 0.0024591058026999235, 0.02553873509168625, -1.826303482055664, -0.8534619808197021, 0.4440845847129822, 0.028068918734788895, 0.008869798853993416, 0.01611270010471344, -1.6378669738769531, -3.13285493850708, -0.7323873043060303, 0.02251419983804226, -0.019104067236185074, 0.03127928078174591, -1.0, -0.3181268274784088, -1.0, 0.015450216829776764, -0.044575441628694534, -1.0, 0.011404895223677158, 1.0, 1.0, -1.0, -0.16393443942070007, 1.0, -0.9790836572647095, -1.0, 1.0, -0.3348427712917328, 1.0, 1.0, -0.07793480157852173, 0.4550303518772125]
[0.01974453590810299, -0.18291163444519043, -0.22631144523620605, -0.8825786709785461, -0.41649067401885986, -0.5029242634773254, 0.3875872790813446, -0.2883986830711365, -0.21148988604545593, -0.2665106952190399, 0.7534267902374268, 0.2895391881465912, -0.5114399790763855, -0.49880003929138184, 0.2562996745109558, -0.39796504378318787, -0.9901795387268066, 0.2814513146877289, 0.2193828821182251, 0.029727060347795486, -0.2861782908439636, -0.563005805015564, 0.4845595955848694, 0.8475133180618286, -0.39318519830703735, -0.4333778917789459, -0.11895294487476349, -0.023853322491049767, -0.41237983107566833, 0.3174022436141968, -0.027545100077986717, -0.31062573194503784, -0.7122315764427185, 0.7449876666069031, -0.0936075821518898, -0.42523670196533203, 0.6078429222106934, 0.22038660943508148, -0.2625003159046173, -0.43205496668815613, 0.13785891234874725, 0.8924384117126465, 1.0224398374557495, -1.4583338499069214, 1.5615384578704834, 0.6426833868026733, -0.23719163239002228, -0.794361412525177, -4.503877639770508, -0.4684469401836395, -0.37581920623779297, -0.04065403714776039, -0.1225929781794548, -0.08923494815826416, -0.0037654200568795204, -0.30995145440101624, -0.3668564558029175, -0.21902364492416382, -0.13648347556591034, -0.03063243255019188, -0.03200756013393402, -0.013478455133736134, -0.402890145778656, -0.11693331599235535, -0.17062720656394958, -0.026170723140239716, 0.014683015644550323, 0.0086613018065691, -0.1025950163602829, -0.05876709148287773, -0.0019041076302528381, 0.005031370557844639, -0.003764226334169507, -0.4040398597717285, 0.5106273293495178, -0.42137792706489563, -0.6642641425132751, 0.07023147493600845, -0.6134012937545776, 0.23317676782608032, -0.25779837369918823, -0.12988974153995514, 0.9390010237693787, 1.123436450958252, 1.1913264989852905, 0.0, -0.38999998569488525, 0.47999998927116394, 0.051258768886327744, 0.931011438369751, 0.14398051798343658, 0.33145132660865784, 0.052803318947553635, 0.2866421937942505, 0.4698545038700104, -0.8332375884056091, 0.005256024654954672, -0.45281192660331726, 0.47280919551849365, 0.04249054938554764, -0.40659794211387634, 0.9053282141685486, -0.11512305587530136, 0.4558551609516144, 0.013008841313421726, -0.4353594481945038, 2.736847400665283, 0.36050963401794434, 2.560041666030884, 0.01411711797118187, -0.44317957758903503, 0.5049693584442139, 0.01450411044061184, -0.013477349653840065, 0.9996450543403625, -0.017822271212935448, 0.3740958869457245, -0.1916167289018631, -0.4758218228816986, 3.540545701980591, 0.07180982828140259, 2.0640110969543457, 0.03155237063765526, -0.41972923278808594, 0.5255420804023743, 0.027767932042479515, 0.005590812768787146, 0.9986180663108826, 0.044266022741794586, 0.3457774817943573, -0.06567304581403732, -0.3453667461872101, 0.145023375749588, 0.46463677287101746, 2.543576240539551, 0.05531797185540199, -0.4264543056488037, 0.5165086984634399, -0.22137762606143951, 0.22536258399486542, 0.9448539018630981, -0.0863405168056488, 0.44079962372779846, 0.25969475507736206, -0.3173533082008362, -7.258563041687012, -1.1089040040969849, 0.23735471069812775, -0.06482325494289398, -0.37747156620025635, 0.5095940828323364, -0.17172017693519592, -0.6148407459259033, 0.6989319920539856, 0.3224545419216156, 0.3934771716594696, -0.080386221408844, 0.5516612529754639, -9.78478717803955, 0.8934232592582703, 7.934379577636719, -2.0785112380981445, 1.8605737686157227, -0.26671746373176575, -0.061326347291469574, -0.012689326889812946, 0.01565343141555786, -0.24885213375091553, 4.5844950675964355, -2.1883842945098877, -0.1502562165260315, -0.0022755288518965244, -0.008432382717728615, -1.033528447151184, 0.2700415253639221, -0.26583385467529297, -0.009427832439541817, 0.0023374350275844336, 0.016929926350712776, -0.8236243724822998, -0.46635299921035767, -0.989260733127594, 0.007687719538807869, -0.005799774546176195, 0.004182225093245506, 0.016804024577140808, 0.5276609659194946, -0.22146432101726532, -0.005042199045419693, 0.004762508440762758, 0.011258458718657494, -1.0, -0.6381850838661194, -0.8500208854675293, -0.9151846170425415, -0.9384135603904724, -1.0, 0.012301587499678135, -1.0, 1.0, -1.0, -0.19420666992664337, -0.33444708585739136, -1.0, -0.9047788381576538, 0.8371434211730957, -0.7403601408004761, 1.0, 1.0, 0.3947048485279083, 0.3386864960193634]
[-0.09970260411500931, -0.2642576992511749, -0.195102259516716, -0.9022511839866638, -0.4847114682197571, -0.5032567381858826, 0.3780977427959442, -0.3251018822193146, -0.33021101355552673, -0.26095277070999146, 0.7277529835700989, 0.22302085161209106, -0.4593183696269989, -0.4781475067138672, 0.13856083154678345, -0.4954615831375122, -0.9407434463500977, 0.32066577672958374, 0.31372949481010437, -0.1086721271276474, -0.08083755522966385, -0.3134826719760895, 0.46492287516593933, 0.7721285223960876, -0.4835111200809479, -0.6675961017608643, 0.21277394890785217, -0.1717928946018219, -0.7534176707267761, -0.1679295152425766, -0.10279784351587296, -0.40985098481178284, -1.2781423330307007, -0.28089216351509094, -0.08381988108158112, -0.7995825409889221, 0.41285601258277893, 0.16774679720401764, -0.710433840751648, -0.38472944498062134, 0.6111341714859009, 0.07999403029680252, 0.5935061573982239, -1.8439228534698486, 1.4486894607543945, 0.604325532913208, -0.04489342123270035, -0.6405476331710815, -1.9529411792755127, -2.4391112327575684, 0.0019187630387023091, -0.11560994386672974, -0.057367123663425446, -0.030057433992624283, -0.07533934712409973, -0.1621125042438507, -0.0755784660577774, -0.04538244009017944, -0.017716489732265472, -0.2782055139541626, -0.11845046281814575, -0.042774975299835205, -0.4693402349948883, 0.002207275480031967, -0.1617928147315979, -0.07830119878053665, -0.04685176908969879, 0.0937361866235733, -0.21543064713478088, -0.1274978518486023, -0.008721995167434216, 0.010904185473918915, 0.0018402193672955036, -0.4092256426811218, 0.5069721341133118, -0.41270312666893005, -0.7161999344825745, 0.027652589604258537, -0.5621112585067749, 0.3689095377922058, -0.32815060019493103, -0.31949442625045776, 0.8513471484184265, 1.5150468349456787, 1.5554144382476807, 0.0, -0.38999998569488525, 0.47999998927116394, 0.051258768886327744, 0.931011438369751, 0.14398051798343658, 0.33145132660865784, 0.02088586613535881, 0.22510790824890137, 0.4376183748245239, -0.8702760934829712, 0.011867689900100231, -0.45196813344955444, 0.4626958966255188, 0.05478927493095398, -0.4584881365299225, 0.878282368183136, -0.12412380427122116, 0.4347932040691376, 0.007772387936711311, -0.7946861982345581, 8.484731674194336, 2.390435218811035, 1.4851100444793701, 0.021505219861865044, -0.44571158289909363, 0.4943300187587738, 0.02068469114601612, -0.09569618105888367, 0.9944952726364136, -0.03732937201857567, 0.5187148451805115, -0.33775120973587036, -0.7872902154922485, 13.109368324279785, 1.2487196922302246, 2.587009906768799, 0.03805588558316231, -0.42179176211357117, 0.5172186493873596, 0.03218158334493637, -0.015040874481201172, 0.9991609454154968, 0.020380616188049316, 0.422146737575531, -0.2288096398115158, -0.6075302362442017, 4.3830037117004395, 0.4796229600906372, 2.7595882415771484, 0.06443909555673599, -0.423697829246521, 0.5095597505569458, -0.21721987426280975, 0.2567313015460968, 0.9356203675270081, -0.10732657462358475, 0.5994228720664978, 0.1657029241323471, -0.5155872106552124, -1.6449029445648193, 1.6465693712234497, 2.718777656555176, -0.06087098270654678, -0.3767879903316498, 0.5152212381362915, -0.16602499783039093, -0.5634220242500305, 0.7626794576644897, 0.27076053619384766, 0.24955427646636963, 0.11386214196681976, 0.39108359813690186, -9.621114730834961, -0.3581545352935791, 4.717881202697754, -0.012515975162386894, 0.8759665489196777, -0.5177463889122009, -0.016917938366532326, 0.0015755326021462679, -0.0019862446933984756, -0.5513128042221069, 0.8590847849845886, -1.0911988019943237, -0.03249616548418999, -0.00032814807491376996, 0.005736254155635834, -0.33921048045158386, 1.2440693378448486, -1.304260015487671, -0.024113932624459267, -0.0017171241343021393, 0.0005190843367017806, -0.11195310205221176, 0.3430691659450531, -1.3092706203460693, -0.04170573502779007, -0.005748006049543619, 0.0007699393900111318, 0.1446850448846817, 1.5039432048797607, -0.11166199296712875, -0.01016554981470108, 0.00858923140913248, 0.0003583342186175287, -1.0, -1.0, 0.18194371461868286, -1.0, -1.0, -0.7846103310585022, -0.12966251373291016, -1.0, 1.0, -1.0, -0.2629891633987427, -1.0, -1.0, -0.5304322838783264, 0.21253767609596252, -1.0, 1.0, 1.0, 0.4979541599750519, 0.4187365770339966]
[-0.23378737270832062, -0.33146733045578003, -0.12397616356611252, -0.9220495820045471, -0.566584587097168, -0.5274940729141235, 0.40332746505737305, -0.3629899322986603, -0.4668843150138855, -0.301886647939682, 0.7278345227241516, 0.1288795918226242, -0.4327729642391205, -0.4651981294155121, -0.039103757590055466, -0.5773038864135742, -0.8172062635421753, 0.28573891520500183, 0.33410677313804626, -0.23603393137454987, 0.10038349032402039, -0.10387274622917175, 0.4744347035884857, 0.7137702703475952, -0.5109649300575256, -0.34017977118492126, 0.33251264691352844, -0.18550364673137665, -0.7552157044410706, -0.2530514597892761, 0.16268114745616913, -0.393756240606308, -1.265550136566162, -0.42667269706726074, 0.1017637625336647, -0.8173820376396179, 0.17954705655574799, 0.08297735452651978, -0.865268886089325, -0.31595203280448914, 1.421852469444275, -0.5288736820220947, -0.04916476830840111, -1.4313740730285645, 1.2292591333389282, 0.47038593888282776, 0.12293802946805954, -0.48236775398254395, -0.2236592173576355, 3.911618709564209, 0.02232643961906433, 0.2529613673686981, 0.08829794824123383, 0.026038439944386482, 0.04043580964207649, 0.21714158356189728, 0.06771232187747955, 0.015185913071036339, 0.048170849680900574, 0.2198006510734558, 0.05759773775935173, 0.012751175090670586, 0.3041613698005676, -0.03609326481819153, 0.30396077036857605, 0.04731074348092079, -0.015270847827196121, 0.14195671677589417, 0.04592451825737953, -0.009446338750422001, -0.019838079810142517, 0.00488640321418643, 0.008481836877763271, -0.4141538441181183, 0.5029235482215881, -0.37483781576156616, -0.7723166942596436, -0.002107061445713043, -0.5128539204597473, 0.4192148745059967, -0.2340671420097351, -0.18186213076114655, 0.34315627813339233, 1.3874176740646362, 1.3988007307052612, 0.0, -0.38999998569488525, 0.47999998927116394, 0.051258768886327744, 0.931011438369751, 0.14398051798343658, 0.33145132660865784, 0.011284644715487957, 0.16762614250183105, 0.38253283500671387, -0.908538818359375, 0.018297983333468437, -0.4507123529911041, 0.45364218950271606, 0.0698738843202591, -0.5175535678863525, 0.8433942198753357, -0.12626142799854279, 0.40653789043426514, 0.033468108624219894, -0.5333000421524048, 7.245104789733887, 2.619292736053467, 1.0478047132492065, 0.02916497178375721, -0.44720542430877686, 0.48417189717292786, 0.03168284147977829, -0.19799023866653442, 0.9783408045768738, -0.051432736217975616, 0.48163649439811707, -0.2172269970178604, -0.5990884900093079, 11.942159652709961, 1.8641985654830933, 1.3459224700927734, 0.045017994940280914, -0.4241151511669159, 0.508453905582428, 0.03738594055175781, -0.05510559678077698, 0.9977802038192749, -0.00043111355626024306, 0.4196310043334961, -0.14571215212345123, -0.439889520406723, 4.380402088165283, 0.5850765705108643, 1.8597979545593262, 0.0740237608551979, -0.41980618238449097, 0.5044291019439697, -0.20494742691516876, 0.2571987211704254, 0.9338070750236511, -0.14088888466358185, 0.5534086227416992, 0.2637649476528168, -0.15641090273857117, -0.9186428189277649, 2.504774808883667, 3.830615282058716, -0.05790137127041817, -0.37443724274635315, 0.5198193192481995, -0.17173588275909424, -0.5084012150764465, 0.8106819987297058, 0.23415745794773102, 0.17888030409812927, 0.2268289029598236, 0.3730148375034332, -8.876546859741211, -0.21468231081962585, 2.323051691055298, 0.1280897706747055, -1.1540988683700562, 0.9062883257865906, 0.008726959116756916, 0.0008278075256384909, -0.0015351423062384129, 0.22464501857757568, -0.4927181005477905, 1.1915353536605835, 0.007795142475515604, 0.001141828135587275, -0.002861661370843649, 0.3167095184326172, -0.45917782187461853, 1.2207236289978027, 0.005863508675247431, 0.0008738591568544507, -0.0056897434405982494, -0.32888364791870117, 0.795387327671051, 1.5110808610916138, -0.0033400373067706823, -0.0006327111623249948, 0.0018088851356878877, -0.01141477469354868, -0.0033399800304323435, 0.12815558910369873, -0.004378262907266617, 0.00506904162466526, -0.0031423175241798162, -1.0, -0.3452353775501251, 0.37643203139305115, -1.0, -1.0, 0.16591303050518036, 0.107294462621212, -1.0, 1.0, -1.0, -0.38975876569747925, -1.0, -1.0, 0.20904310047626495, -0.12279722839593887, -0.8311479091644287, 1.0, 0.8654179573059082, 0.6400851011276245, 0.45442071557044983]
[-0.3647000193595886, -0.3374471962451935, -0.08675225079059601, -0.943141520023346, -0.6423401832580566, -0.5543012619018555, 0.43599286675453186, -0.37966465950012207, -0.5817992091178894, -0.3451923131942749, 0.7496973872184753, 0.10372210294008255, -0.4428536891937256, -0.46327850222587585, -0.21829672157764435, -0.645649254322052, -0.6721192598342896, 0.1970720738172531, 0.3150927722454071, -0.3343738317489624, 0.18764790892601013, 0.03208701312541962, 0.500348687171936, 0.7121656537055969, -0.47423025965690613, 0.16206473112106323, 0.05311056599020958, -0.18933939933776855, -0.6661668419837952, -0.24396775662899017, 0.029248347505927086, 0.09642594307661057, -0.9163911938667297, -0.3682635426521301, 0.13301345705986023, -0.006037506740540266, -0.22685793042182922, -0.03808332607150078, -0.7956281304359436, -0.2668028771877289, 1.2996556758880615, -0.9689034819602966, -0.2685824930667877, -1.1059789657592773, 0.29221639037132263, 0.2512158155441284, 0.18802288174629211, 0.23060595989227295, 1.2244387865066528, 5.666250228881836, -0.03747401386499405, 0.3811955451965332, 0.1414605975151062, 0.04632744565606117, -0.019464140757918358, 0.5572723746299744, 0.23329772055149078, 0.07841364294290543, 0.05801445245742798, 0.4044792652130127, 0.1108568087220192, 0.027156228199601173, 0.6148914098739624, -0.006884208880364895, 0.2592741847038269, 0.018624160438776016, -0.017168598249554634, 0.045794181525707245, -0.13788463175296783, -0.12452781945466995, 0.005377496127039194, 0.02378394454717636, 0.014988590031862259, -0.41725510358810425, 0.5032191276550293, -0.3286339044570923, -0.8124002814292908, -0.026445578783750534, -0.48094308376312256, 0.36672911047935486, -0.13464772701263428, 0.1800651252269745, -0.3810190260410309, 0.797857940196991, 1.8536123037338257, 0.0, -0.38999998569488525, 0.47999998927116394, 0.051258768886327744, 0.931011438369751, 0.14398051798343658, 0.33145132660865784, 0.008075100369751453, 0.1325310468673706, 0.3248003125190735, -0.9364162087440491, 0.025423025712370872, -0.4498733580112457, 0.4504474997520447, 0.08570373803377151, -0.5580001473426819, 0.8145766258239746, -0.13324999809265137, 0.485278457403183, 0.020702330395579338, -0.08560402691364288, 4.414938926696777, 1.5812983512878418, 2.164337158203125, 0.03647938743233681, -0.44741517305374146, 0.48088082671165466, 0.041112128645181656, -0.2654253840446472, 0.9611793160438538, -0.06319265812635422, 0.4739037752151489, -0.0234295092523098, 0.01498192548751831, 5.071843147277832, 0.7080615162849426, 1.947508454322815, 0.05161355808377266, -0.4232749342918396, 0.5068771839141846, 0.04010150954127312, -0.06891819089651108, 0.996674656867981, -0.01678021252155304, 0.37415483593940735, 0.10500957816839218, 0.09749244153499603, 0.510921061038971, 0.03977428004145622, 1.6311293840408325, 0.08297871798276901, -0.415129154920578, 0.5046941041946411, -0.19098427891731262, 0.2478054165840149, 0.932318389415741, -0.18138347566127777, 0.5212815999984741, 0.26134809851646423, 0.16771899163722992, -0.021250758320093155, 2.9816341400146484, 4.5983195304870605, -0.0561985969543457, -0.37211909890174866, 0.5223590135574341, -0.20412953197956085, -0.4645857512950897, 0.8355692625045776, 0.21051138639450073, 0.011863029561936855, 0.18196620047092438, 0.11419041454792023, -6.133892059326172, -4.474050521850586, -1.0974302291870117, -0.18722572922706604, -1.9644792079925537, 1.2113101482391357, 0.01686025597155094, -0.0033916078973561525, 0.0030189435929059982, -0.02809455804526806, -2.448273181915283, 2.6451504230499268, 0.04168955236673355, 0.0011505811708047986, 0.005908621475100517, 0.5472567677497864, -0.9699435234069824, 2.063469409942627, 0.012607075273990631, 0.0027643388602882624, -0.004410386551171541, -0.12937800586223602, 1.0069355964660645, 1.3477624654769897, -0.0020645640324801207, 0.0008144915336742997, 0.0004719503631349653, 0.551050066947937, 1.5412043333053589, 0.31622159481048584, -0.01731373928487301, 0.014967150054872036, 0.0012968521332368255, -1.0, 0.2033875286579132, -0.13958904147148132, -1.0, -1.0, 0.33173349499702454, -0.025300689041614532, -1.0, 1.0, 0.24733564257621765, -0.6254665851593018, -1.0, -1.0, 0.11788256466388702, -0.4470680058002472, -0.802341103553772, 0.15550658106803894, 0.37104061245918274, 0.7026898860931396, 0.9763022661209106]
[-0.47860392928123474, -0.33322152495384216, -0.15419358015060425, -0.9555224776268005, -0.7049946188926697, -0.577542781829834, 0.38401705026626587, -0.4161176383495331, -0.6414749622344971, -0.3856654763221741, 0.7842944860458374, 0.17710009217262268, -0.5026429295539856, -0.47603675723075867, -0.35666993260383606, -0.6905874013900757, -0.5623616576194763, 0.09485811740159988, 0.2828438878059387, -0.3865310847759247, 0.13100184500217438, 0.08988568931818008, 0.5240616798400879, 0.7481781244277954, -0.39902520179748535, -0.062293898314237595, -0.45788994431495667, -0.0780695304274559, -0.5323665142059326, -0.19758892059326172, -0.34653469920158386, -0.5735790133476257, -0.3650115430355072, -0.4259001910686493, 0.14808869361877441, 1.046228289604187, -0.7147870659828186, -0.19099703431129456, -0.5612413287162781, -0.13748010993003845, 0.8598896861076355, -0.9302113652229309, -0.31517311930656433, -0.3947969377040863, -0.8108555674552917, 0.06327133625745773, 0.1208534762263298, 0.3837861120700836, 1.8218767642974854, -2.557006359100342, -0.07324901968240738, -0.14546367526054382, -0.03356710821390152, -0.006366158835589886, -0.016089051961898804, -0.3409852981567383, -0.08613409101963043, -0.026844872161746025, 0.025869466364383698, 0.12314705550670624, 0.04087097942829132, 0.009917110204696655, -0.027574913576245308, 0.12466517090797424, -0.1509293019771576, -0.03937258571386337, -0.007992387749254704, 0.151024729013443, -0.5106793642044067, -0.30553537607192993, -0.08973866701126099, -0.02856701798737049, 0.021293098106980324, -0.4194812774658203, 0.5042147636413574, -0.26390546560287476, -0.8464719653129578, -0.046578794717788696, -0.4600755274295807, 0.3761366009712219, -0.13490377366542816, 0.008441232144832611, -0.2373809665441513, 0.58928382396698, 1.8034828901290894, 0.0, -0.38999998569488525, 0.47999998927116394, 0.051258768886327744, 0.931011438369751, 0.14398051798343658, 0.33145132660865784, 0.014621187932789326, 0.11216162145137787, 0.25311318039894104, -0.9608016014099121, 0.03387424349784851, -0.4482305943965912, 0.4489710032939911, 0.1049652025103569, -0.5855298638343811, 0.7887282967567444, -0.15506353974342346, 0.5874035954475403, 0.14671610295772552, -0.2027892917394638, 4.267911911010742, 0.9385843873023987, 4.2434492111206055, 0.0444302074611187, -0.44690653681755066, 0.4782956540584564, 0.05005652457475662, -0.31475746631622314, 0.9438580274581909, -0.08691424131393433, 0.5242846012115479, -0.041501376777887344, -0.35094597935676575, 7.151223182678223, 0.9138063192367554, 3.3735506534576416, 0.0572044737637043, -0.41959959268569946, 0.5095317959785461, 0.0422920361161232, -0.06638836860656738, 0.9964827299118042, -0.02873999997973442, 0.3166143298149109, 0.28898605704307556, 0.17186938226222992, -0.47138896584510803, 0.2612999677658081, 1.3430241346359253, 0.09060067683458328, -0.41107723116874695, 0.5051140785217285, -0.1762741655111313, 0.22285474836826324, 0.9337835907936096, -0.21751144528388977, 0.4421055316925049, 0.16125808656215668, -0.02376578375697136, 2.6428043842315674, 3.4675679206848145, 3.7974445819854736, -0.054544538259506226, -0.37343454360961914, 0.5198266506195068, -0.24004964530467987, -0.46580806374549866, 0.8293780088424683, 0.19372980296611786, 0.08943541347980499, -0.21387971937656403, -0.3617785573005676, 2.345838785171509, -4.764560699462891, 0.0678015723824501, -0.3915118873119354, 0.5205016732215881, -0.47471359372138977, 0.0014413651078939438, -0.0058501968160271645, 0.005249021574854851, -0.0978393480181694, 1.0818133354187012, -1.227534294128418, -0.010617674328386784, -0.0017667097272351384, 0.004866266623139381, 0.20700769126415253, -0.565453827381134, -0.030144425109028816, 0.0014353037113323808, -0.0012511706445366144, -0.0017104032449424267, 0.8253493309020996, -0.08098769932985306, -0.8226557970046997, -0.009207203052937984, 0.00020252015383448452, -0.007769412361085415, -1.1804978847503662, 3.858449697494507, 0.03183617442846298, -0.02970988117158413, -0.009679041802883148, -0.017678219825029373, -1.0, -0.557105302810669, -1.0, -1.0, -1.0, -0.2406713217496872, -0.9171171188354492, -0.7722868323326111, 1.0, 1.0, -1.0, -1.0, -0.7894761562347412, -0.1405741423368454, -0.4518820345401764, -0.4567892253398895, -0.8588482141494751, -0.07349679619073868, 0.5959190130233765, 1.0]
[-0.5747819542884827, -0.37669816613197327, -0.24104942381381989, -0.9706336259841919, -0.7398629188537598, -0.5934644341468811, 0.24475142359733582, -0.4702848792076111, -0.5709145069122314, -0.40120139718055725, 0.8182160258293152, 0.21574309468269348, -0.5768043994903564, -0.49846237897872925, -0.43016818165779114, -0.6971814632415771, -0.4124194085597992, 0.02278604730963707, 0.2531770169734955, -0.2998936176300049, 0.049649011343717575, 0.07028232514858246, 0.5194615721702576, 0.7900134921073914, -0.3363465964794159, -0.4672005772590637, -0.3812086582183838, -0.1321779191493988, -0.2179647535085678, -0.10678555816411972, -0.6884191632270813, -0.5057489275932312, 1.1905416250228882, 0.17210868000984192, 0.13485588133335114, -0.030414599925279617, -0.679198145866394, -0.22016099095344543, -0.20555225014686584, 0.03591414913535118, 1.67095947265625, -0.5177754163742065, -0.22862891852855682, 1.8709821701049805, -0.4650428295135498, -0.10512425750494003, -0.13162624835968018, 0.3784651458263397, 1.5894228219985962, -4.225898265838623, -0.0412614680826664, -0.22407211363315582, -0.0496007576584816, -0.00832652859389782, -0.0005767461261712015, -0.3186962604522705, -0.0007158028893172741, 0.03940346837043762, 0.016344256699085236, -0.519343912601471, -0.18915313482284546, -0.062333375215530396, -0.10653078556060791, 0.14061051607131958, 0.0786171555519104, 0.08282102644443512, 0.03648732602596283, 0.5193967223167419, 0.0721651092171669, 0.017765764147043228, -0.2896316647529602, -0.09778793156147003, 0.027563294395804405, -0.421730101108551, 0.5023108720779419, -0.19536373019218445, -0.8734491467475891, -0.06790968775749207, -0.44080349802970886, 0.3761366009712219, -0.13490377366542816, -0.15509146451950073, -0.22683827579021454, 0.44139742851257324, 1.8273746967315674, 0.0, -0.38999998569488525, 0.47999998927116394, 0.051258768886327744, 0.931011438369751, 0.14398051798343658, 0.33145132660865784, 0.020376453176140785, 0.0962395966053009, 0.1780722737312317, -0.9790878891944885, 0.04113448038697243, -0.44499102234840393, 0.4434410035610199, 0.12458404898643494, -0.6128047108650208, 0.7601017355918884, -0.1766199916601181, 0.4491824507713318, 0.24418871104717255, -0.5046259760856628, 4.462588310241699, 1.22397780418396, 3.554410457611084, 0.05280526727437973, -0.4445204436779022, 0.4724339544773102, 0.058085571974515915, -0.32586869597435, 0.9353734850883484, -0.12454763799905777, 0.5279110670089722, 0.2356509268283844, -0.4002734422683716, -1.5901410579681396, -1.2280455827713013, 5.091387748718262, 0.06194000691175461, -0.4180375635623932, 0.5066866278648376, 0.04945605993270874, -0.10028387606143951, 0.9930335283279419, -0.03716983273625374, 0.2879403233528137, -0.11375179886817932, -0.39534059166908264, 6.73478364944458, 1.3761247396469116, 0.6348645091056824, 0.09431487321853638, -0.40672609210014343, 0.5050835609436035, -0.17231802642345428, 0.21816863119602203, 0.9316843152046204, -0.23382307589054108, 0.09537460654973984, 0.2964072525501251, 0.0013196717482060194, -1.370401382446289, -0.5513215065002441, 0.7695831656455994, -0.04776877164840698, -0.3792245388031006, 0.5163337588310242, -0.20213083922863007, -0.5085602402687073, 0.8114345073699951, 0.2051430642604828, 0.6323532462120056, -0.4985276758670807, -0.21509863436222076, 8.634171485900879, 7.197643756866455, 2.878045082092285, -0.2125999629497528, 0.8160542249679565, -0.645954966545105, 0.003914283588528633, -0.003961118869483471, 0.003957678098231554, -0.004319800995290279, -0.17177197337150574, -1.0594557523727417, 0.03682688623666763, -0.0016321446746587753, 0.002802174771204591, 0.08958271890878677, 2.122621774673462, -2.151498556137085, -0.030494043603539467, -0.0021882608998566866, -0.0008863296825438738, 1.0608534812927246, -0.8175703287124634, 0.6149141788482666, 0.024223772808909416, 0.001961481524631381, -0.010319206863641739, -3.932302236557007, -0.26701056957244873, 0.06054103374481201, 0.0025384852197021246, -0.03487109765410423, -0.04055790603160858, -1.0, -1.0, -1.0, -1.0, -0.8246923089027405, -0.8028818964958191, -0.8534321784973145, 0.40611326694488525, 1.0, -0.06465562433004379, -1.0, -0.5053821206092834, -0.538055956363678, 0.7524994611740112, -0.19645902514457703, 0.8988955020904541, -0.23241260647773743, -0.2699807286262512, 0.2658248245716095, 1.0]
[-0.6588625907897949, -0.45201656222343445, -0.3146492838859558, -0.9560456871986389, -0.7730322480201721, -0.604288637638092, 0.08047476410865784, -0.519519031047821, -0.4828677773475647, -0.3734697699546814, 0.8487043976783752, 0.12225432693958282, -0.6423342823982239, -0.5205002427101135, -0.48169106245040894, -0.699629008769989, -0.22059796750545502, -0.02434404008090496, 0.23362144827842712, -0.12344560027122498, 0.09153624624013901, 0.04971996694803238, 0.5129463076591492, 0.8263649344444275, -0.30592450499534607, -0.5672643780708313, -0.24141724407672882, 0.24754558503627777, -0.35014471411705017, -0.10946192592382431, -0.6716246604919434, -0.4125489890575409, 0.6115460991859436, 0.2507839500904083, 0.10735227912664413, -1.2942711114883423, -0.5735297203063965, -0.19720135629177094, -0.25424715876579285, -0.033417269587516785, 1.8252280950546265, -0.38827958703041077, -0.15404854714870453, 2.3361055850982666, 0.7258130311965942, -0.0063843191601336, 0.00454882625490427, 0.31188687682151794, 0.760815441608429, -0.3152991831302643, 0.07825709879398346, 0.054720185697078705, 0.019431836903095245, 0.006666671484708786, 0.041526179760694504, -0.01655203104019165, -0.04661499708890915, -0.02058003470301628, 0.002838144777342677, -0.30886393785476685, -0.11859199404716492, -0.0400894470512867, -0.04798470064997673, 0.007327859289944172, -0.034140992909669876, 0.0042267427779734135, 0.006158309988677502, 0.039682645350694656, 0.5327535271644592, 0.28284138441085815, -0.008021902292966843, -0.0063241831958293915, 0.033906202763319016, -0.42474380135536194, 0.4961395561695099, -0.08492869138717651, -0.9001984000205994, -0.06589125096797943, -0.42200496792793274, 0.33166372776031494, -0.3226620554924011, -0.5724751949310303, -2.308532238006592, 0.7061623930931091, 3.0326123237609863, 0.0, -0.38999998569488525, 0.47999998927116394, 0.051258768886327744, 0.931011438369751, 0.14398051798343658, 0.33145132660865784, 0.061747267842292786, 0.08566892147064209, 0.07184727489948273, -0.9918095469474792, 0.04691942781209946, -0.44105803966522217, 0.4366372525691986, 0.1412878781557083, -0.6355640292167664, 0.7336670756340027, -0.19449588656425476, 0.34442275762557983, 0.24802210927009583, -0.45379793643951416, 3.7325475215911865, 1.1461912393569946, 2.696810483932495, 0.06054328382015228, -0.4408487379550934, 0.46414509415626526, 0.06270105391740799, -0.321647584438324, 0.9301854372024536, -0.16542765498161316, 0.4680180549621582, 0.24345964193344116, -0.5320573449134827, 0.9926164150238037, -0.9062000513076782, 4.672450542449951, 0.06600478291511536, -0.4211101830005646, 0.4956836998462677, 0.062273893505334854, -0.19029207527637482, 0.978891134262085, -0.04102278873324394, 0.26222893595695496, -0.42265984416007996, -0.8825191855430603, 12.771818161010742, 2.3029282093048096, -0.05484422668814659, 0.09554370492696762, -0.40139520168304443, 0.5048810243606567, -0.17720156908035278, 0.2350996881723404, 0.9249600172042847, -0.24036778509616852, 0.0368134081363678, 0.3658081293106079, -0.05261928215622902, -2.3421075344085693, -1.1987462043762207, 0.6891501545906067, -0.03669564798474312, -0.3846118748188019, 0.5160690546035767, -0.10691758245229721, -0.531010627746582, 0.8059214353561401, 0.23892880976200104, 0.8544058799743652, -0.3123841881752014, 0.09384333342313766, 3.7383527755737305, 12.273069381713867, 3.3225226402282715, 0.42059287428855896, -0.246647909283638, 0.05433279648423195, 0.002966952510178089, 0.0036593538243323565, -0.0017343233339488506, 0.22528186440467834, 0.476334810256958, -0.234977126121521, -0.01343501266092062, 0.000781985349021852, -0.0018504040781408548, 0.05662769824266434, 1.4768726825714111, -0.9193065762519836, -0.017936358228325844, -0.00012829407933168113, 0.00037978184991516173, 0.09609593451023102, -0.17214445769786835, -0.12333746999502182, 0.003576143179088831, 0.0002863435074687004, 0.00019667022570502013, -0.2175484597682953, -3.1714563369750977, 0.0047107599675655365, 0.02490302361547947, -0.0028434181585907936, -0.0024562596809118986, -1.0, -1.0, -1.0, -0.4692378640174866, -1.0, -0.7389259934425354, -1.0, -0.2289036512374878, 1.0, -1.0, -1.0, -0.8179975152015686, -0.7684305906295776, 0.9005358815193176, -0.22852793335914612, 1.0, 1.0, 0.23695072531700134, 0.5435625314712524, 1.0]
[-0.6603000164031982, -0.538076639175415, -0.2827243506908417, -0.9127418994903564, -0.6668000817298889, -0.594584047794342, -0.012268651276826859, -0.6142464280128479, -0.34869757294654846, -0.33992063999176025, 0.8139411807060242, 0.056953053921461105, -0.6093833446502686, -0.5262309908866882, -0.3896887004375458, -0.7383792400360107, -0.18816401064395905, 0.04485281929373741, 0.23673850297927856, -0.025019831955432892, 0.21474002301692963, 0.1295068860054016, 0.46754708886146545, 0.819030225276947, 0.2216864377260208, -0.6234391927719116, 0.2053857296705246, 0.6981844902038574, 1.80392324924469, 0.33348938822746277, -0.46757593750953674, -1.0033997297286987, 1.6498746871948242, 0.42806774377822876, -0.11986658722162247, -0.586351215839386, 0.7050573825836182, 0.11641126126050949, 0.7848533391952515, -0.21513043344020844, -0.5311793088912964, 1.1739386320114136, 0.23010650277137756, 0.6125526428222656, 0.9672659039497375, 0.30280667543411255, -0.42178860306739807, -0.26359105110168457, 13.530084609985352, -0.293418824672699, 0.48225852847099304, 0.3132454752922058, 0.3615425229072571, 0.16709141433238983, 0.30661922693252563, -0.026971297338604927, 0.08434437215328217, 0.0467914417386055, 0.35012000799179077, -0.36373770236968994, -0.07941992580890656, -0.0076427520252764225, 0.8722525238990784, 0.3102910816669464, -0.30396249890327454, -0.07264860719442368, -0.0026297778822481632, -0.7771658301353455, -0.08360518515110016, -0.0034623215906322002, 0.40070754289627075, 0.10573327541351318, 0.034501031041145325, -0.42987269163131714, 0.4852849543094635, -0.09260167181491852, -0.8898465633392334, -0.1662529557943344, -0.414678156375885, -0.1813248097896576, -0.39154577255249023, -0.7044254541397095, 2.5673277378082275, -0.31726202368736267, 0.9628963470458984, 0.0, -0.38999998569488525, 0.47999998927116394, 0.051258768886327744, 0.931011438369751, 0.14398051798343658, 0.33145132660865784, -0.03609989956021309, 0.08631837368011475, 0.04520157352089882, -0.9945867657661438, 0.045521244406700134, -0.43964123725891113, 0.43307408690452576, 0.1301722526550293, -0.6089069247245789, 0.7577350735664368, -0.19525651633739471, -0.3541806638240814, -0.005185827612876892, 0.13934507966041565, -9.814847946166992, -5.01710844039917, -2.6338539123535156, 0.06164452061057091, -0.4381798505783081, 0.45338037610054016, 0.061486802995204926, -0.3189016282558441, 0.9281700253486633, -0.18171809613704681, -0.14848777651786804, 0.1680467277765274, -0.6225802302360535, -1.7478631734848022, -1.6858348846435547, 1.0496505498886108, 0.06646095961332321, -0.42257365584373474, 0.4857461452484131, 0.070223368704319, -0.22874906659126282, 0.9698687791824341, -0.045792337507009506, -0.16245625913143158, -0.1328210085630417, -0.5774454474449158, 1.8237229585647583, 0.8014323115348816, -0.43594640493392944, 0.09276831150054932, -0.4003058969974518, 0.5022370219230652, -0.1998324692249298, 0.25768938660621643, 0.917518675327301, -0.22764568030834198, -0.3742387294769287, -0.08538114279508591, -0.27837491035461426, -1.6952158212661743, -5.0488481521606445, -2.4674787521362305, -0.02937525324523449, -0.38650059700012207, 0.5171508193016052, -0.02398831769824028, -0.5213493704795837, 0.8156610727310181, 0.24963216483592987, 0.3434898853302002, -0.036585867404937744, 0.0881621316075325, -0.3232874870300293, 7.058513164520264, 4.557915687561035, 2.6858279705047607, -4.547173500061035, 0.5022743940353394, 0.09888380765914917, 0.012250419706106186, -0.0009885033359751105, 2.0555198192596436, -1.0396826267242432, 0.07433637976646423, 0.03119620494544506, 0.005285286344587803, 0.0018664563540369272, 2.8411216735839844, 1.1963342428207397, -0.508643388748169, 0.010302262380719185, 0.006477422080934048, -0.01978391967713833, 3.073742628097534, 0.5866305232048035, -0.9848772287368774, 0.006169677712023258, 0.002971567213535309, -0.01969759911298752, 5.515630722045898, 0.5957350730895996, 0.520736575126648, 0.001957734115421772, 0.01748318411409855, 0.020251944661140442, 1.0, -1.0, -0.16622188687324524, 0.05949629098176956, 1.0, -1.0, -0.9428793787956238, 1.0, 1.0, -1.0, -0.15065747499465942, 1.0, -1.0, -1.0, 1.0, -0.03582748770713806, 1.0, 1.0, 0.050215527415275574, 0.576213538646698]
[-0.5526387691497803, -0.6176221370697021, -0.16509802639484406, -0.7273123264312744, -0.44113126397132874, -0.5367908477783203, 0.005314121022820473, -0.633640468120575, -0.3323511779308319, -0.31170034408569336, 0.8059816956520081, -0.0063599031418561935, -0.43660426139831543, -0.49023061990737915, -0.2030036896467209, -0.7887358069419861, -0.27886223793029785, 0.1837761104106903, 0.27466800808906555, 0.057258255779743195, 0.3435307443141937, 0.2613220810890198, 0.31826573610305786, 0.6558188199996948, 0.5428287386894226, -0.4937431514263153, 0.6427024006843567, 2.277437448501587, 2.246607780456543, 0.674349844455719, 0.2420097440481186, -0.23043827712535858, -0.7242940068244934, 0.018292486667633057, 0.20218367874622345, -0.38725802302360535, 2.0420236587524414, 0.5393441915512085, 0.8983141779899597, -0.19658489525318146, -0.9985021948814392, 1.3372509479522705, 0.4229869544506073, 1.2528430223464966, 0.8990978598594666, 0.3331677317619324, -1.201352596282959, -2.16675066947937, 7.842379570007324, 2.1060099601745605, 0.4131412208080292, 0.5378426909446716, 0.23198160529136658, 0.09266964346170425, 0.37542250752449036, 0.27397996187210083, -0.10251443088054657, -0.07494091987609863, 0.2873018980026245, 0.19520649313926697, 0.14943653345108032, 0.07283264398574829, 0.4191322326660156, 0.16044986248016357, 0.05563041567802429, -0.008273270912468433, -0.0035375976003706455, -0.13677583634853363, -0.0015645683743059635, 0.00017854463658295572, -0.02442355453968048, -0.06575562804937363, 0.029009154066443443, -0.4370560348033905, 0.47543802857398987, -0.08345066756010056, -0.8743067979812622, -0.2587480843067169, -0.40208569169044495, -0.3591840863227844, -0.4059467613697052, -0.4616281986236572, 0.19415025413036346, -0.012583108618855476, 1.4705181121826172, 0.0, -0.38999998569488525, 0.47999998927116394, 0.051258768886327744, 0.931011438369751, 0.14398051798343658, 0.33145132660865784, -0.12206368893384933, 0.0858040452003479, 0.0050077480264008045, -0.9887937307357788, 0.03614730387926102, -0.44146859645843506, 0.44002845883369446, 0.08609036356210709, -0.48245716094970703, 0.8530382513999939, -0.17930160462856293, -0.8833428621292114, -0.01154276542365551, 0.9841054081916809, -22.012876510620117, -8.185633659362793, -6.345652103424072, 0.05441096052527428, -0.4384051263332367, 0.4452318251132965, 0.05863366648554802, -0.33259108662605286, 0.9271681308746338, -0.1621866673231125, -0.5859678983688354, -0.18937818706035614, -0.6123507618904114, 6.483932971954346, 3.0680925846099854, -3.7843527793884277, 0.060647159814834595, -0.42372843623161316, 0.4783879518508911, 0.0713709220290184, -0.19622065126895905, 0.977351188659668, -0.03446890041232109, -0.5246298313140869, 0.08233509957790375, -0.231186643242836, -8.662810325622559, 0.08204622566699982, -2.2775118350982666, 0.08524113893508911, -0.4039004445075989, 0.49822500348091125, -0.22831270098686218, 0.28874126076698303, 0.9100260734558105, -0.19066765904426575, -0.5728505253791809, -0.21232128143310547, -0.28081968426704407, -2.227999687194824, -5.296002388000488, -4.652268886566162, -0.024683699011802673, -0.3876672387123108, 0.5173243880271912, 0.11707326769828796, -0.5249280333518982, 0.8144189119338989, 0.2178674042224884, 0.6111159324645996, -0.16205710172653198, -0.13136625289916992, 7.557290077209473, 14.032261848449707, 15.281086921691895, 2.2789535522460938, -3.1279845237731934, 1.1868207454681396, 0.045749884098768234, 0.013178200460970402, -0.009041395038366318, 2.2623496055603027, 1.2064790725708008, 0.441356360912323, -0.05684373527765274, 0.007011014968156815, -0.015752969309687614, 2.153628349304199, -1.6730738878250122, 1.1791024208068848, 0.04773654043674469, 0.005039039067924023, -0.021460093557834625, 1.2139642238616943, 0.4724076986312866, 0.3318193852901459, 0.003548517357558012, -0.005339258350431919, -0.0061192926950752735, -1.0167838335037231, 0.6257361173629761, 0.3144267797470093, -0.0036761676892638206, -0.049487095326185226, -0.010290835052728653, 1.0, -0.8209382891654968, 1.0, 1.0, 1.0, 1.0, 1.0, -1.0, 0.632785975933075, -1.0, 0.9023181200027466, 1.0, -1.0, -0.9489836692810059, 1.0, 0.7263511419296265, 1.0, 1.0, -1.0, -1.0]
[-0.3973306715488434, -0.626309871673584, 0.0028542769141495228, -0.5106560587882996, -0.20943766832351685, -0.40947073698043823, 0.105823814868927, -0.6124269366264343, -0.4502256512641907, -0.3354139029979706, 0.8737016320228577, -0.05466000363230705, -0.3437221348285675, -0.4404216706752777, -0.03206942230463028, -0.8263985514640808, -0.379515677690506, 0.317969411611557, 0.32016998529434204, 0.07756397128105164, 0.45335623621940613, 0.3827498257160187, 0.1108374297618866, 0.44027793407440186, 0.622917115688324, 0.13738040626049042, 0.7110485434532166, 1.8834930658340454, 2.0979220867156982, 1.85574209690094, 0.4628298878669739, 0.14134983718395233, -1.290533185005188, -0.3637378215789795, 0.4030684530735016, -0.3129594027996063, 0.2212698757648468, 0.34057143330574036, 0.7689263820648193, -0.13878850638866425, -0.8726707696914673, 1.189888596534729, 0.4191964268684387, -0.3040575683116913, 0.7369456887245178, 0.2817370295524597, -1.2992876768112183, -1.8916339874267578, 2.041325092315674, 8.985663414001465, 0.12012458592653275, 0.4194795489311218, 0.07295486330986023, 0.06690634787082672, 0.11092174798250198, 0.6380777955055237, 0.17175215482711792, 0.033316951245069504, 0.093697190284729, 0.4402148127555847, -0.014765506610274315, -0.034791234880685806, 0.6472709774971008, -0.04409070685505867, 0.3459671139717102, 0.03850226104259491, -0.005980590358376503, -0.7500394582748413, 0.2562812566757202, 0.11628679931163788, 0.3868560194969177, 0.13901573419570923, 0.021084491163492203, -0.4430754482746124, 0.4746336340904236, -0.05939152091741562, -0.8788078427314758, -0.2776816487312317, -0.3834869861602783, -0.5001854300498962, -0.22233471274375916, 0.20289340615272522, -0.7878808379173279, 0.5920423865318298, 0.5580251812934875, 0.0, -0.38999998569488525, 0.47999998927116394, 0.051258768886327744, 0.931011438369751, 0.14398051798343658, 0.33145132660865784, -0.1320219188928604, 0.07143113762140274, -0.02657570131123066, -0.9883124828338623, 0.022939179092645645, -0.44234713912010193, 0.4549418091773987, 0.04259013757109642, -0.28169116377830505, 0.9479073286056519, -0.14250557124614716, -0.9721992611885071, 0.3884417414665222, 1.2325342893600464, -29.021196365356445, -7.384572505950928, -6.283724784851074, 0.04350326582789421, -0.4418833255767822, 0.4433707296848297, 0.05879667401313782, -0.379618376493454, 0.9155066609382629, -0.11950086802244186, -0.7195083498954773, -0.32586392760276794, -0.07395276427268982, 6.316973686218262, 2.843977212905884, -5.273160457611084, 0.05127773806452751, -0.42636343836784363, 0.47677168250083923, 0.07022440433502197, -0.16314469277858734, 0.9840981364250183, -0.0017997549148276448, -0.6258519887924194, -0.1771952211856842, 0.04217233508825302, -2.163142442703247, 0.7577673196792603, -4.6907548904418945, 0.07568064332008362, -0.407997190952301, 0.4988774061203003, -0.2500673532485962, 0.33760252594947815, 0.8953292369842529, -0.1479061245918274, -0.6212074756622314, -0.13240550458431244, 0.08794067054986954, -5.14469051361084, -5.359050750732422, -5.25394868850708, -0.02441084384918213, -0.38661691546440125, 0.5197467803955078, 0.24217067658901215, -0.5212207436561584, 0.8011789321899414, 0.166717067360878, 0.035979822278022766, 0.17848840355873108, 0.16315226256847382, 2.8216800689697266, 6.570138454437256, 10.490358352661133, 0.3725077211856842, -1.4824086427688599, 1.8190128803253174, 0.044670216739177704, 0.000944828032515943, -0.0013073934242129326, 0.7196637392044067, -1.6114025115966797, 2.9606499671936035, 0.009145919233560562, 0.0028390162624418736, -0.0056407456286251545, 0.8689519166946411, 0.5424652099609375, 2.2578094005584717, -0.026654256507754326, 0.005548001267015934, -0.005896488204598427, -0.5682839155197144, 1.2881802320480347, 1.7645642757415771, 0.013342112302780151, -0.0022330181673169136, 0.0061444491147994995, 5.728575706481934, -1.299358606338501, -0.775044322013855, 0.010399267077445984, 0.04735853895545006, 0.022424470633268356, 0.8460709452629089, 1.0, 1.0, 0.5872145295143127, 1.0, 1.0, 1.0, -1.0, 1.0, -1.0, -0.5585746169090271, 1.0, -1.0, -0.8450281023979187, 1.0, -0.33598241209983826, 1.0, 1.0, -1.0, -0.6295828819274902]
[-0.2678271234035492, -0.5529763698577881, 0.22747832536697388, -0.44080013036727905, -0.17610453069210052, -0.26206088066101074, 0.300927072763443, -0.542650580406189, -0.5786301493644714, -0.3782083988189697, 0.8525680899620056, -0.06469430029392242, -0.3734390437602997, -0.427720844745636, 0.06472767889499664, -0.8493229746818542, -0.47545596957206726, 0.4347187876701355, 0.39201319217681885, 0.014776372350752354, 0.539413571357727, 0.4782281816005707, -0.08477777242660522, 0.3768054246902466, 0.42431575059890747, 0.8090799450874329, 0.5978699326515198, 0.8016319274902344, 0.0006036758422851562, 1.0012584924697876, 0.9637861251831055, 0.20107236504554749, -1.2911533117294312, -0.41849565505981445, -0.05688904598355293, 0.37671974301338196, -0.41913872957229614, -0.061456795781850815, 0.266282320022583, -0.0801623985171318, -0.8948153853416443, 1.0199286937713623, 0.9701997637748718, -1.0384138822555542, 0.5665209293365479, 0.21454845368862152, -1.1393526792526245, 0.10443476587533951, -5.798554420471191, 10.000774383544922, -0.4166862666606903, 0.18219022452831268, -0.13644880056381226, -0.11509408056735992, 0.003376609180122614, -0.20983290672302246, -0.1907867044210434, -0.08376748114824295, -0.01954381912946701, 1.6265629529953003, 0.6179144978523254, 0.18935781717300415, 0.2759212851524353, -0.25716230273246765, 0.18559333682060242, -0.003628633450716734, 0.011262698099017143, -0.33264732360839844, 0.42347192764282227, 0.1880793273448944, 0.20048953592777252, 0.1290038377046585, 0.011291122995316982, -0.43435344099998474, 0.48790425062179565, -0.21018892526626587, -0.8953801393508911, -0.1437220424413681, -0.3653204143047333, -0.5540400743484497, 0.35299286246299744, 0.7166845798492432, -1.990274429321289, 0.5067556500434875, -2.7499985694885254, 0.0, -0.38999998569488525, 0.47999998927116394, 0.051258768886327744, 0.931011438369751, 0.14398051798343658, 0.33145132660865784, -0.055831052362918854, 0.020446427166461945, 0.15475435554981232, -0.9861623048782349, 0.011400989256799221, -0.4442897439002991, 0.46573159098625183, 0.0319133922457695, -0.1650402843952179, 0.9817367792129517, -0.08908380568027496, -0.5449638366699219, 0.13882550597190857, 0.916183352470398, -13.206642150878906, -0.9023312926292419, -4.322659969329834, 0.03242672607302666, -0.4466729462146759, 0.4516935646533966, 0.05269358307123184, -0.39679333567619324, 0.9140152931213379, -0.06598712503910065, -0.691206693649292, -0.34375736117362976, 0.5282556414604187, 2.9335765838623047, 2.51033878326416, -6.709153652191162, 0.04459460824728012, -0.42942485213279724, 0.48214972019195557, 0.059858184307813644, -0.1546032577753067, 0.9860348105430603, 0.015817467123270035, -0.3637259006500244, -0.05851270258426666, 0.6701100468635559, -3.3625223636627197, -1.2682366371154785, -1.8667911291122437, 0.06865260004997253, -0.4104459583759308, 0.5041612386703491, -0.26321423053741455, 0.4039967358112335, 0.8683077692985535, -0.11638897657394409, -0.3202510476112366, 0.01660100743174553, 0.3246940076351166, -9.094228744506836, -4.559111595153809, -4.21198844909668, -0.02826247364282608, -0.3822132349014282, 0.5267636179924011, 0.26943671703338623, -0.48540908098220825, 0.8179094791412354, 0.15101605653762817, -0.2751259207725525, 0.4003639817237854, 0.6521902680397034, -7.2573418617248535, -0.8819669485092163, 1.1490827798843384, -2.778688907623291, 2.4195334911346436, 1.1506905555725098, -0.07880107313394547, -0.002179744653403759, 0.035159219056367874, -0.15893466770648956, 2.2320916652679443, 0.017465734854340553, -0.05028610676527023, 0.0021831407211720943, -0.010247834026813507, -0.27814117074012756, -6.431737899780273, 6.880927562713623, 0.09288173913955688, 0.00287288473919034, -0.00511555839329958, -2.244581937789917, 0.7968616485595703, 0.7317888736724854, 0.02321562170982361, 0.0028845304623246193, 0.016627037897706032, 3.8761773109436035, -2.7444915771484375, -0.2381812185049057, 0.017847219482064247, 0.06698501110076904, 0.011218204163014889, 0.0006764885038137436, 1.0, 0.3422546088695526, -0.22650465369224548, -0.5123452544212341, 0.9724250435829163, 1.0, -1.0, 1.0, -1.0, -1.0, 0.259564071893692, -1.0, -1.0, 1.0, -0.6041197776794434, 1.0, 1.0, -1.0, 0.817570686340332]
[-0.19913433492183685, -0.38762447237968445, 0.2028275430202484, -0.4463097155094147, -0.24421195685863495, -0.22948364913463593, 0.3425012528896332, -0.5825679302215576, -0.5918424129486084, -0.404706209897995, 0.8611760139465332, -0.022757668048143387, -0.4488065540790558, -0.44489625096321106, 0.017884353175759315, -0.833392322063446, -0.5385683178901672, 0.5332207083702087, 0.5101640820503235, 0.02643195539712906, 0.5326321721076965, 0.5655850172042847, -0.22765801846981049, 0.43580305576324463, 0.11725518852472305, 1.3788409233093262, -0.48012447357177734, -0.5073391795158386, -0.9661005139350891, -0.10106749832630157, -0.28487011790275574, -0.6263040900230408, 0.5244258642196655, -0.035866472870111465, 0.09159263223409653, 0.4042355716228485, -0.8366261720657349, -0.23623140156269073, -0.4610614776611328, 0.1345232129096985, -0.4144142270088196, 0.8517130017280579, 1.136850357055664, 0.7819526791572571, -0.37809714674949646, 0.20836488902568817, -0.7559079527854919, 0.7687706351280212, -8.354308128356934, 5.315451622009277, -0.44010406732559204, -0.03593074157834053, -0.12195990979671478, -0.08252537250518799, -0.6027617454528809, 0.15721353888511658, 0.1823197454214096, 0.08454374223947525, -0.151640385389328, 0.3378739356994629, 0.08393123000860214, 0.015208461321890354, -0.1616496592760086, -0.24323327839374542, 0.08259361982345581, 0.008574267849326134, -0.0009133288403972983, 0.6291285753250122, -0.04758250713348389, -0.04879723861813545, -0.2807041108608246, -0.06288370490074158, 0.006733435206115246, -0.42726048827171326, 0.4998687207698822, -0.24691930413246155, -0.8785742521286011, -0.02351539023220539, -0.40814852714538574, -0.08833921700716019, 0.48132288455963135, 0.7445825934410095, -2.57779598236084, -0.7075689435005188, -1.7566450834274292, 0.0, -0.38999998569488525, 0.47999998927116394, 0.051258768886327744, 0.931011438369751, 0.14398051798343658, 0.33145132660865784, 0.04368395358324051, 0.054440148174762726, 0.23582129180431366, -0.9692865610122681, 0.00829931627959013, -0.4469909369945526, 0.47934961318969727, 0.02293943427503109, -0.13348235189914703, 0.98732990026474, -0.08267875760793686, 0.031009720638394356, -0.20191729068756104, 0.7920210957527161, 1.2698469161987305, -1.1811747550964355, 1.4072017669677734, 0.0280714500695467, -0.45072123408317566, 0.46505874395370483, 0.04183569923043251, -0.38150641322135925, 0.9220753312110901, -0.04979495704174042, -0.007110979408025742, -0.12250963598489761, 1.0251519680023193, -5.871120929718018, -2.1457936763763428, 0.701473593711853, 0.04082554578781128, -0.4303082227706909, 0.49734359979629517, 0.04523012042045593, -0.1280026137828827, 0.9902939200401306, 0.029791321605443954, -0.15472660958766937, 0.06142222508788109, 1.0658458471298218, -3.4204766750335693, -1.5989110469818115, -1.354204535484314, 0.06637652963399887, -0.4099424183368683, 0.5140084028244019, -0.263162225484848, 0.4948796033859253, 0.8219139575958252, -0.10147502273321152, 0.018498634919524193, 0.22266899049282074, 0.5155959129333496, -12.264583587646484, -2.784818410873413, -3.2056334018707275, -0.029125049710273743, -0.37885114550590515, 0.5337376594543457, 0.26679879426956177, -0.44850680232048035, 0.8375127911567688, 0.16196373105049133, 0.11662858724594116, 0.1449563056230545, 0.401196151971817, -3.9490251541137695, 1.1889597177505493, 0.10030101239681244, -2.698115348815918, 1.9435057640075684, 0.12245311588048935, -0.05337279289960861, 0.0008588081109337509, 0.029053974896669388, -3.461890459060669, -2.1189334392547607, 1.3883342742919922, 0.05275973677635193, -0.01578778214752674, 0.02917732298374176, -1.2181384563446045, -0.854337751865387, 1.5808357000350952, 0.002393395872786641, 0.0005353896412998438, 0.005404618103057146, -2.093006134033203, 0.23179440200328827, 0.2019805908203125, 0.002563586924225092, 0.0027546135243028402, 0.013631364330649376, -3.2716474533081055, 0.4963475167751312, 2.1652252674102783, -0.011222675442695618, -0.010537351481616497, -0.0018051498336717486, -1.0, 1.0, -1.0, -1.0, -1.0, -0.8590683937072754, -1.0, 0.11918658018112183, 1.0, 0.2757159173488617, -1.0, -0.7936692833900452, -0.6456079483032227, -0.6971814036369324, 1.0, 0.6728626489639282, 0.020081816241145134, 1.0, -0.8658976554870605, 1.0]
[-0.2092447578907013, -0.245904803276062, 0.05656040832400322, -0.5115054845809937, -0.3541029691696167, -0.25608667731285095, 0.24449487030506134, -0.6597489714622498, -0.43416261672973633, -0.3777986466884613, 0.8708752393722534, -0.04804688319563866, -0.5291256904602051, -0.4711369276046753, -0.03564699366688728, -0.7700721621513367, -0.5809069275856018, 0.6152597665786743, 0.6196998953819275, 0.05473772808909416, 0.43451473116874695, 0.6668716669082642, -0.26608702540397644, 0.5203773379325867, -0.15198573470115662, 0.7475104331970215, -0.6700658202171326, -0.6623873114585876, -1.0419174432754517, -0.3196835517883301, -0.24440613389015198, -1.010811448097229, 1.8724654912948608, 0.4836269021034241, -0.11137705296278, -0.18587413430213928, -0.6175095438957214, -0.2380049079656601, -0.14126275479793549, 0.3277095854282379, -0.37944889068603516, 0.7079669833183289, 0.9252638220787048, 0.12967762351036072, -0.9477829933166504, 0.22666409611701965, 0.03144945576786995, 0.787311851978302, -6.0381293296813965, -7.65701961517334, -0.21386371552944183, -0.4704703688621521, -0.13808992505073547, -0.04004574939608574, -0.015536803752183914, -0.7975340485572815, -0.22390934824943542, -0.04514005407691002, -0.26206499338150024, -0.11495085060596466, 0.037691328674554825, 0.025249872356653214, -0.5893912315368652, -0.0008854127372615039, -0.22302240133285522, -0.016901863738894463, -0.0025316141545772552, 0.15537576377391815, -0.397766649723053, -0.20214956998825073, 0.0009731284808367491, 0.006481786258518696, 0.006399540696293116, -0.4215158522129059, 0.5076464414596558, -0.2922132909297943, -0.8335926532745361, 0.029842879623174667, -0.4678075313568115, -0.012812093831598759, 0.1948174089193344, 0.12801124155521393, 0.9927088022232056, -2.436771869659424, -2.359354019165039, 0.0, -0.38999998569488525, 0.47999998927116394, 0.051258768886327744, 0.931011438369751, 0.14398051798343658, 0.33145132660865784, 0.07492993772029877, 0.11563602834939957, 0.3065716028213501, -0.9418213963508606, 0.012226549908518791, -0.44931450486183167, 0.48737847805023193, 0.021382411941885948, -0.17071758210659027, 0.9791163206100464, -0.10830225050449371, 0.3906744718551636, -0.18541954457759857, 0.23893223702907562, 6.450288772583008, 0.48774272203445435, 3.965378999710083, 0.031059779226779938, -0.4512917101383209, 0.47740334272384644, 0.0340409055352211, -0.3032553791999817, 0.9495931267738342, -0.07176528126001358, 0.20992951095104218, 0.17735430598258972, 0.5702961087226868, -10.21674919128418, -2.1798453330993652, 2.0928640365600586, 0.040706150233745575, -0.43115341663360596, 0.507483959197998, 0.03296854346990585, -0.13899360597133636, 0.9892207384109497, 0.032187558710575104, 0.10847808420658112, -0.018197178840637207, 0.4380566477775574, 1.5941635370254517, -1.3941404819488525, 0.9296689629554749, 0.06698759645223618, -0.40756675601005554, 0.5220708250999451, -0.2613683342933655, 0.5702403783798218, 0.7735292315483093, -0.09035973995923996, 0.10759592801332474, 0.19920623302459717, 0.2134179174900055, -8.217883110046387, -2.8358871936798096, -2.5357255935668945, -0.029380684718489647, -0.37799882888793945, 0.5370491743087769, 0.2384767234325409, -0.43171462416648865, 0.8524567484855652, 0.1734035462141037, -0.13814003765583038, -0.004175851121544838, 0.12242066115140915, -2.32688307762146, -4.380495071411133, -2.6859376430511475, -1.4744365215301514, 1.2262301445007324, -2.521040678024292, -0.02165229618549347, -0.002715165726840496, 0.009241309948265553, -0.1824861615896225, 2.470729351043701, -3.0768182277679443, -0.008079110644757748, 0.001656841253861785, -0.012081854045391083, -2.005427837371826, -0.8324177265167236, -1.4221417903900146, 0.012763604521751404, -0.00639423169195652, 0.018838882446289062, 0.05758281797170639, -1.3052263259887695, -0.9064863920211792, -0.02211001142859459, 0.0005188290379010141, -0.008137301541864872, -0.36504504084587097, 2.599836587905884, -0.3101211190223694, -0.012431817129254341, 0.012322517111897469, 0.015100404620170593, -1.0, -0.22449824213981628, -1.0, -1.0, -1.0, -1.0, -1.0, 1.0, 1.0, -0.8973875641822815, -1.0, -0.25952577590942383, -0.2538400888442993, -0.8361009359359741, 1.0, 0.03733441233634949, -0.5587299466133118, 0.9789218902587891, -0.033668696880340576, 1.0]
[-0.27216991782188416, -0.20361222326755524, -0.1018635705113411, -0.5783444046974182, -0.4583074450492859, -0.2907639741897583, 0.17953544855117798, -0.771809458732605, -0.23151180148124695, -0.31578540802001953, 0.8527901768684387, -0.07510162889957428, -0.585277259349823, -0.49197882413864136, 0.04700756072998047, -0.7213432788848877, -0.6328352093696594, 0.6831148266792297, 0.7061905860900879, -0.009270998649299145, 0.3583202064037323, 0.7361331582069397, -0.27200961112976074, 0.5987027287483215, -0.2924116551876068, 0.030292091891169548, -0.646233081817627, -0.6143667101860046, -0.9246644377708435, -0.32094135880470276, -0.36677059531211853, -1.083585262298584, 1.8494971990585327, 0.6276587843894958, 0.019033459946513176, -0.31007906794548035, -0.4766024053096771, -0.17011842131614685, 0.6482927203178406, 0.13599549233913422, -0.5324789881706238, 0.5835270881652832, 0.7301880717277527, -1.2827223539352417, -0.3369266986846924, 0.14243265986442566, -0.06186047941446304, 0.6920459270477295, -2.9266490936279297, -9.882081985473633, -0.06675969064235687, -0.5603620409965515, -0.15164227783679962, -0.03580126538872719, -0.1824401468038559, -0.5977551937103271, -0.1976519227027893, -0.052369989454746246, -0.06309972703456879, -0.5308007001876831, -0.15408112108707428, -0.04045768827199936, -0.4610237181186676, 0.05199963599443436, -0.20981669425964355, -0.010414505377411842, 0.0008862221147865057, -0.054788149893283844, -0.08252410590648651, -0.04047907516360283, 0.009486348368227482, 0.0005595010588876903, 0.007136375177651644, -0.4188728630542755, 0.5034903883934021, -0.3779110908508301, -0.7500755190849304, -0.02150822803378105, -0.5423166751861572, 0.10199237614870071, 0.137632817029953, -0.48831039667129517, 1.662021517753601, -2.9275009632110596, -1.4032162427902222, 0.0, -0.38999998569488525, 0.47999998927116394, 0.051258768886327744, 0.931011438369751, 0.14398051798343658, 0.33145132660865784, -0.009488738141953945, 0.2029801309108734, 0.38434574007987976, -0.90054851770401, 0.019795052707195282, -0.4503064751625061, 0.4862029552459717, 0.031247194856405258, -0.23674313724040985, 0.960403561592102, -0.1435311734676361, 0.5669854283332825, -0.1354561597108841, -0.3370971083641052, 8.936379432678223, 1.9960503578186035, 4.69872522354126, 0.03616448864340782, -0.44976097345352173, 0.47905874252319336, 0.030157292261719704, -0.23360984027385712, 0.9672170281410217, -0.09491109102964401, 0.38013163208961487, 0.23229418694972992, -0.0941953957080841, -6.8757004737854, -1.8014483451843262, 3.345902442932129, 0.04414036497473717, -0.4315740466117859, 0.5092400908470154, 0.029781531542539597, -0.167211651802063, 0.9852586984634399, 0.02045753225684166, 0.24224771559238434, -0.10379502177238464, -0.1234595775604248, 4.6249680519104, -0.17609040439128876, 1.073481559753418, 0.06798863410949707, -0.40549424290657043, 0.5253012776374817, -0.2756360173225403, 0.6139481067657471, 0.7360981106758118, -0.07247079908847809, 0.0660444125533104, 0.12080713361501694, -0.003878707066178322, -4.332638263702393, -4.745489597320557, -0.9819194674491882, -0.03158172219991684, -0.3771919012069702, 0.537907600402832, 0.1773575097322464, -0.41959846019744873, 0.8735607266426086, 0.17138542234897614, -0.24757663905620575, 0.10499226301908493, 0.0944262146949768, -3.980388641357422, -7.818694591522217, -1.7518248558044434, -0.557192862033844, 1.428702473640442, -2.8891496658325195, -0.014370727352797985, -0.0009050514199770987, 0.0018483491148799658, -1.0506694316864014, 1.986393690109253, -3.083371639251709, -0.022574083879590034, -0.0046745119616389275, 0.006857307627797127, -0.7633804678916931, 1.4847283363342285, -2.935742139816284, -0.018186762928962708, -0.006803888361901045, -0.002407952444627881, 0.7501738667488098, -1.340308666229248, -0.6195725202560425, -0.019218403846025467, 0.0038384718354791403, -0.014070411212742329, -0.1769617199897766, 0.6779268383979797, -0.6347693204879761, 0.0019053085707128048, 0.0033908907789736986, 0.009200485423207283, -1.0, -1.0, -1.0, -1.0, -1.0, -1.0, -1.0, 1.0, 1.0, -1.0, -1.0, 1.0, -0.6031852960586548, -1.0, 1.0, -0.782333493232727, 0.22557082772254944, 1.0, -0.33861902356147766, 1.0]
[-0.3593413829803467, -0.23179282248020172, -0.24857096374034882, -0.5558354258537292, -0.546116054058075, -0.3232310116291046, 0.09256396442651749, -0.8859179019927979, -0.05201311409473419, -0.20116707682609558, 0.8613255023956299, -0.11009383946657181, -0.6322135925292969, -0.5082358717918396, 0.19997714459896088, -0.7293376326560974, -0.685339093208313, 0.7354974150657654, 0.7745775580406189, -0.1388196051120758, 0.363422691822052, 0.7822731733322144, -0.258927583694458, 0.6659573316574097, -0.36633816361427307, -0.3867022693157196, -0.6280646920204163, 0.4457549750804901, -0.7282834053039551, -0.27647122740745544, -0.40170979499816895, -1.0121078491210938, 1.5312700271606445, 1.5335628986358643, 0.12348281592130661, -0.2683417499065399, -0.40508970618247986, -0.14182855188846588, 0.739802360534668, -0.1214931532740593, -0.4577183425426483, 0.43044906854629517, 0.5674809813499451, -1.7732013463974, 0.24180637300014496, 0.10437818616628647, 0.16422931849956512, 0.5865905284881592, -2.139850616455078, -5.279471397399902, -0.07291921228170395, -0.18928200006484985, -0.021716687828302383, 0.0045485044829547405, -0.09465208649635315, -0.2568994164466858, -0.10103137791156769, 0.006996970623731613, -0.03130151331424713, -0.23833167552947998, -0.06379210203886032, -0.01517439354211092, -0.44289952516555786, -0.0012407476315274835, -0.17200089991092682, -0.013451749458909035, -0.0015338277444243431, 0.08838331699371338, 0.05088847875595093, 0.026196708902716637, -0.019733361899852753, -0.007250453345477581, 0.009062560275197029, -0.41735079884529114, 0.4931512773036957, -0.41810142993927, -0.6663045287132263, -0.0986635610461235, -0.6095037460327148, -0.034168340265750885, -0.06294456124305725, -0.20469680428504944, -6.937135219573975, 0.6531952619552612, 2.5996434688568115, 0.0, -0.38999998569488525, 0.47999998927116394, 0.051258768886327744, 0.931011438369751, 0.14398051798343658, 0.33145132660865784, -0.10325988382101059, 0.2914663255214691, 0.41015779972076416, -0.8579949736595154, 0.028210442513227463, -0.4490380585193634, 0.48325249552726746, 0.042610589414834976, -0.2804854214191437, 0.9418463706970215, -0.18010444939136505, 0.582728922367096, 0.08360189199447632, -0.27568405866622925, 4.65283727645874, 0.8970247507095337, 4.950340747833252, 0.04292489215731621, -0.446970134973526, 0.47339487075805664, 0.02608262188732624, -0.17268718779087067, 0.9766529202461243, -0.1250913292169571, 0.4285182058811188, 0.3227209150791168, -0.44081148505210876, -7.955601215362549, -2.4583258628845215, 3.869333028793335, 0.0487186424434185, -0.43229904770851135, 0.5045633912086487, 0.03418952226638794, -0.2124215066432953, 0.9765296578407288, 0.009900296106934547, 0.30888599157333374, -0.10607398301362991, -0.4363899230957031, 5.885463714599609, 0.6548820734024048, 0.9454678893089294, 0.06974189728498459, -0.4038887619972229, 0.5249274969100952, -0.30148789286613464, 0.6340683698654175, 0.7098602652549744, -0.05621954798698425, 0.1379881501197815, 0.08071175217628479, -0.17862452566623688, -1.736721396446228, -4.183797836303711, 0.7095591425895691, -0.03449219465255737, -0.3749907910823822, 0.5383397936820984, 0.10042385756969452, -0.39545226097106934, 0.8981893062591553, 0.16367189586162567, -0.28378328680992126, 0.19946639239788055, 0.06388818472623825, -5.349253177642822, -8.611026763916016, -2.092461585998535, -0.4691733717918396, 0.20243534445762634, -0.9614556431770325, 0.00758503470569849, -0.0007628252496942878, 0.0031042522750794888, -0.527061939239502, 0.4364020824432373, -1.5822792053222656, 0.013543002307415009, -0.001613151398487389, 0.0029083495028316975, -0.40078675746917725, 0.6140807867050171, -1.4154161214828491, -0.005963183473795652, -0.003463933477178216, -0.0027219075709581375, 0.10597646981477737, -1.0473945140838623, -0.4669944941997528, -0.017244745045900345, 0.0032175995875149965, -0.00226834649220109, -0.4356788396835327, -0.046000123023986816, -0.21199332177639008, 0.002412050496786833, -0.0002795924956444651, -0.0005073657957836986, -1.0, -0.7026832699775696, -1.0, 0.09903205186128616, -0.9384018778800964, -1.0, -1.0, 1.0, 1.0, -1.0, -1.0, 1.0, -0.995539128780365, -0.9724182486534119, 0.957476019859314, -1.0, 0.6769770383834839, 1.0, -0.0527973473072052, 1.0]
[-0.4505577087402344, -0.30359166860580444, -0.325766921043396, -0.6081719398498535, -0.5930407643318176, -0.3454599380493164, 0.02485692873597145, -0.9382296800613403, -0.012513788416981697, -0.06000446155667305, 0.8284282684326172, -0.1109369546175003, -0.6466770768165588, -0.5176159143447876, 0.2737656533718109, -0.76604163646698, -0.7292851805686951, 0.7018533945083618, 0.8040176630020142, -0.27477967739105225, 0.4322325885295868, 0.8189392685890198, -0.142171248793602, 0.7081606984138489, -0.3411256670951843, -0.6044487953186035, -0.29396942257881165, -0.4361746907234192, -0.25368770956993103, -0.17831192910671234, -0.2721172273159027, -0.5095537304878235, -0.39557763934135437, 0.7338714003562927, -0.18360941112041473, -0.2444811314344406, -0.06355583667755127, -0.03871646150946617, 0.10919419676065445, -0.16476713120937347, -0.39319029450416565, -0.7045086026191711, -0.027726585045456886, -1.636670470237732, 0.6284691095352173, 0.0851082056760788, 1.016390085220337, 0.2909168004989624, -0.026421964168548584, -2.709225654602051, -0.002960450015962124, 0.08506548404693604, 0.08957044780254364, 0.03993423655629158, -0.0027495387475937605, -0.33210909366607666, -0.2794579863548279, -0.15553556382656097, 0.013954026624560356, -0.4511687457561493, -0.16578409075737, -0.05116404965519905, -0.5342320203781128, 0.02778826281428337, -0.23414447903633118, -0.08899856358766556, -0.04598165303468704, 0.15980210900306702, 0.05702508985996246, 0.027732903137803078, 0.021568745374679565, 0.0032791104167699814, 0.014174355193972588, -0.41682031750679016, 0.48660171031951904, -0.4430462419986725, -0.6568116545677185, -0.13920645415782928, -0.5940790772438049, 0.321169376373291, -0.0924580842256546, -0.4592020511627197, 1.4286532402038574, 0.012698577716946602, 0.5933369398117065, 0.0, -0.38999998569488525, 0.47999998927116394, 0.051258768886327744, 0.931011438369751, 0.14398051798343658, 0.33145132660865784, -0.15143120288848877, 0.2787388265132904, 0.418209433555603, -0.85116046667099, 0.03555607795715332, -0.4477696716785431, 0.47287359833717346, 0.058975327759981155, -0.3438541293144226, 0.9148657917976379, -0.20324036478996277, 0.47028377652168274, 0.061693113297224045, -0.7355499863624573, 6.93325138092041, 2.3856308460235596, 3.2642786502838135, 0.04942663758993149, -0.4441721737384796, 0.4645087420940399, 0.02356758899986744, -0.14402350783348083, 0.9776225090026855, -0.1515125036239624, 0.40705493092536926, 0.09047392010688782, -0.7108685970306396, 3.8687334060668945, 0.6265503168106079, 2.989499568939209, 0.05444518104195595, -0.43148088455200195, 0.4979082942008972, 0.04348251596093178, -0.24131111800670624, 0.9694335460662842, -0.008766303770244122, 0.3726380467414856, -0.041581038385629654, -0.5652962923049927, 4.684114456176758, 0.7180928587913513, 2.453470230102539, 0.07461046427488327, -0.40420475602149963, 0.520067036151886, -0.3172920346260071, 0.6059669256210327, 0.7265267968177795, -0.06548841297626495, 0.3301659822463989, -0.11010689288377762, -0.2979036569595337, 6.882762432098389, 3.01564359664917, 4.440812110900879, -0.03828350454568863, -0.3714774250984192, 0.5381359457969666, 0.012983825989067554, -0.3629472553730011, 0.9166735410690308, 0.1667637974023819, -0.4025045335292816, 0.3114947974681854, 0.003888063132762909, -6.063765048980713, -8.868736267089844, -4.52614164352417, -0.08361963927745819, -1.0280811786651611, 0.1728951632976532, 0.02451302297413349, -0.0001090606237994507, 0.0020188000053167343, 0.006525563541799784, 3.0348525047302246, -2.5398244857788086, -0.11001278460025787, -6.887003837618977e-05, 0.00015329655434470624, 0.015336856245994568, 1.9735575914382935, -1.5390946865081787, -0.021560685709118843, -0.0012765434803441167, -0.002509449841454625, -0.025068778544664383, -0.6638895273208618, -1.1827363967895508, -0.05593999847769737, -0.0029955748468637466, 0.007434758357703686, 0.07048613578081131, 0.05930761247873306, -0.15812283754348755, -0.0005467399605549872, 0.0021513323299586773, -0.005754746496677399, -1.0, -1.0, -1.0, -0.8607208132743835, -0.7197532057762146, -1.0, -0.8830251693725586, -0.37349721789360046, 1.0, -1.0, -0.7678691744804382, 0.023212483152747154, -1.0, -1.0, 0.07633676379919052, -1.0, 1.0, 1.0, 1.0, 0.8348883390426636]
[-0.543937623500824, -0.3893229067325592, -0.26854732632637024, -0.6295223236083984, -0.6307693123817444, -0.37360358238220215, 0.01567918062210083, -0.9151108264923096, -0.1276346743106842, -0.05253942683339119, 0.7890329360961914, -0.16558481752872467, -0.604202926158905, -0.5126044750213623, 0.2770722210407257, -0.8032647967338562, -0.7475728392601013, 0.607054591178894, 0.7837365865707397, -0.397064208984375, 0.5205593705177307, 0.8512496948242188, -0.0036320160143077374, 0.70582515001297, -0.3449063301086426, -0.5961911082267761, 0.4927932918071747, 0.024400873109698296, -0.4004877209663391, -0.3634681701660156, 0.08710082620382309, 0.4449370801448822, -1.4714549779891968, -0.2904030978679657, -0.12052261829376221, -0.5826413035392761, 0.6404334306716919, 0.13960562646389008, -0.04272247850894928, -0.14867649972438812, -0.055701203644275665, -0.9632854461669922, -0.2794216275215149, -1.4327162504196167, 0.6318265795707703, 0.07430475205183029, 0.7659475803375244, -0.18445904552936554, 0.5225298404693604, 0.6172903776168823, 0.2026228904724121, 0.24091942608356476, 0.08848267793655396, 0.021684862673282623, 0.10189644992351532, 0.15676242113113403, -0.017790207639336586, -0.0384589321911335, 0.04332134872674942, -0.036551278084516525, 0.030157705768942833, 0.021182343363761902, -0.00856232363730669, 0.010341721586883068, 0.054966844618320465, 0.006627007853239775, -0.006365174427628517, 0.10710392147302628, 0.02777801640331745, 0.006044347770512104, -0.08149153739213943, -0.040044378489255905, 0.01881040446460247, -0.41838914155960083, 0.47918084263801575, -0.4082010090351105, -0.6929660439491272, -0.14252270758152008, -0.5769376754760742, 0.2889476716518402, -0.11553093045949936, -0.4158787727355957, -2.1706149578094482, 0.9627487063407898, 1.6102138757705688, 0.0, -0.38999998569488525, 0.47999998927116394, 0.051258768886327744, 0.931011438369751, 0.14398051798343658, 0.33145132660865784, -0.1386422961950302, 0.2559835910797119, 0.3803476393222809, -0.877830445766449, 0.03984050452709198, -0.44640275835990906, 0.4628784656524658, 0.07323881983757019, -0.397578626871109, 0.8918195366859436, -0.20304003357887268, 0.19226805865764618, 0.012417806312441826, -0.5939605832099915, 5.8865509033203125, 3.3282063007354736, -0.4888445734977722, 0.05494554340839386, -0.44211524724960327, 0.45555418729782104, 0.03536715731024742, -0.20057539641857147, 0.9649243354797363, -0.16564875841140747, 0.34028905630111694, -0.01333308033645153, -0.5503756403923035, 8.978118896484375, 3.3090221881866455, 1.3012007474899292, 0.060196854174137115, -0.43077513575553894, 0.48822763562202454, 0.05453234165906906, -0.26699939370155334, 0.9617230296134949, -0.0287438053637743, 0.35099947452545166, 0.053263988345861435, -0.5869888663291931, 1.8919486999511719, 0.7641087770462036, 2.3744871616363525, 0.08126454055309296, -0.4048248529434204, 0.5131252408027649, -0.3215181231498718, 0.5436007380485535, 0.7695279717445374, -0.094608835875988, 0.35031092166900635, -0.08058246970176697, -0.2872530519962311, 7.629042625427246, 4.302519798278809, 5.008744239807129, -0.041644103825092316, -0.36773139238357544, 0.5368908643722534, -0.05590139701962471, -0.3337708115577698, 0.9255495667457581, 0.16979412734508514, -0.26916342973709106, 0.276358425617218, -0.08539505302906036, -4.14603328704834, -5.633624076843262, -2.402400016784668, 1.1165027618408203, -0.9717326760292053, 0.7543790340423584, 0.007108873687684536, 0.006640185602009296, -0.013069573789834976, 0.5290477871894836, 0.582478404045105, 0.40549272298812866, -0.029721755534410477, 0.0004271819198038429, -0.0068902927450835705, 0.264140248298645, -0.35061317682266235, 0.1036544069647789, 0.015923144295811653, 0.001115683582611382, -0.0027879849076271057, -0.021822649985551834, 0.22133669257164001, 0.11359331011772156, -0.003045124001801014, -0.0011751569109037519, 0.0021833572536706924, -1.2488110065460205, 0.16356563568115234, 0.22834333777427673, -0.002119673416018486, -0.020063405856490135, -0.002676968229934573, -1.0, -0.8121554851531982, 0.7652535438537598, -0.48257535696029663, -0.880145251750946, -0.07012617588043213, -0.08112553507089615, -1.0, 0.6596141457557678, -1.0, -0.17741598188877106, 0.17607109248638153, -1.0, -0.7213969826698303, -0.004619099199771881, -1.0, 1.0, 1.0, 0.6020077466964722, 0.5091665387153625]
[-0.6293936371803284, -0.4447527229785919, -0.17072422802448273, -0.6607789993286133, -0.6814370155334473, -0.4228663444519043, 0.07556626200675964, -0.8688657283782959, -0.2792559266090393, -0.09726514667272568, 0.7398580312728882, -0.15672524273395538, -0.5383296012878418, -0.4937799870967865, 0.18671560287475586, -0.8340302109718323, -0.7533310055732727, 0.43778136372566223, 0.740594208240509, -0.4994080662727356, 0.542890727519989, 0.8852328062057495, 0.13592979311943054, 0.6996929049491882, -0.29952991008758545, -0.2533970773220062, 0.35200005769729614, -0.4511098563671112, -0.505885899066925, -0.5447148680686951, 0.3159520924091339, 0.5247762799263, -1.3122261762619019, -0.45485422015190125, -0.2553848624229431, 0.36307522654533386, 0.586423397064209, 0.19007478654384613, -0.6303870677947998, -0.11842819303274155, -0.06496279686689377, -1.8802028894424438, -0.5335683822631836, -1.1760870218276978, -0.10257770866155624, 0.07838860154151917, 0.9120376706123352, 0.011354503221809864, 1.218353033065796, 4.026701927185059, -0.006050189957022667, 0.12840861082077026, 0.026625148952007294, -0.002200155984610319, 0.11029637604951859, 0.2508162260055542, 0.09301206469535828, 0.023918190971016884, 0.020119713619351387, 0.4879853129386902, 0.1785222440958023, 0.05895464867353439, 0.10152556747198105, -0.044705845415592194, 0.04224048927426338, -0.05410895124077797, -0.03460019826889038, 0.013307150453329086, -0.11555591225624084, -0.07959198206663132, -0.0002347818372072652, 0.006427892483770847, 0.022145703434944153, -0.41916409134864807, 0.4732648432254791, -0.32138845324516296, -0.7363243699073792, -0.11950340867042542, -0.5833135843276978, 0.17344671487808228, -0.005610008258372545, -0.3061414957046509, -3.27475905418396, 0.6125509142875671, 2.022156000137329, 0.0, -0.38999998569488525, 0.47999998927116394, 0.051258768886327744, 0.931011438369751, 0.14398051798343658, 0.33145132660865784, -0.08186734467744827, 0.2588678300380707, 0.30584949254989624, -0.9125466346740723, 0.042746156454086304, -0.44544076919555664, 0.45493289828300476, 0.0896090492606163, -0.4569723606109619, 0.8636913895606995, -0.19283021986484528, 0.20635657012462616, -0.01253191102296114, -0.5299866199493408, 7.772127151489258, 4.182826042175293, 0.02599828690290451, 0.058635979890823364, -0.44098135828971863, 0.44994741678237915, 0.052390970289707184, -0.2718176543712616, 0.9466515779495239, -0.1649877279996872, 0.2221001535654068, -0.03831822797656059, -0.2433934062719345, 6.805320739746094, 3.133650064468384, -0.03206215798854828, 0.06567514687776566, -0.4278827905654907, 0.48465728759765625, 0.06081019714474678, -0.24630695581436157, 0.9658962488174438, -0.05176176130771637, 0.3350695073604584, 0.2757880985736847, 0.008264651522040367, -4.287149906158447, -0.6600550413131714, 3.2189345359802246, 0.09000638872385025, -0.4054814875125885, 0.5059946775436401, -0.3082119822502136, 0.4507017433643341, 0.8251215815544128, -0.14507783949375153, 0.5613234639167786, -0.17566969990730286, -0.22380433976650238, 11.31417465209961, 9.616969108581543, 7.713290214538574, -0.045235440135002136, -0.36527639627456665, 0.5339486598968506, -0.12406136095523834, -0.3187074363231659, 0.9243022203445435, 0.16940990090370178, -0.3593739867210388, 0.15408015251159668, -0.24753466248512268, -2.2627532482147217, -8.133939743041992, -2.9427504539489746, 0.006627507507801056, -0.2935582101345062, 0.5980297923088074, -0.006603528279811144, -0.0012019785353913903, 0.001706881681457162, 0.6114996671676636, -0.6830997467041016, 1.4210700988769531, 0.013671694323420525, 0.001462477957829833, -0.006215900648385286, 0.2470140904188156, -2.0942940711975098, 1.8966481685638428, 0.027540234848856926, 0.002314899116754532, 0.0019154974725097418, -0.49086272716522217, 0.6782031059265137, -0.4651503562927246, -0.024427155032753944, -0.0017933755880221725, 0.008797834627330303, 0.14283312857151031, 1.155471920967102, 0.2572212815284729, -0.009985070675611496, 0.004142565652728081, 0.0030651481356471777, -1.0, -0.40808454155921936, 0.24886402487754822, -1.0, -0.9918185472488403, 0.6639047265052795, -0.46871042251586914, -1.0, 0.33810919523239136, 0.310958594083786, -0.17247526347637177, -0.7887373566627502, -1.0, -0.806098222732544, -0.8389126062393188, -1.0, 0.2631986439228058, 1.0, 0.9987651109695435, 0.7413780093193054]
[-0.6992484927177429, -0.485655277967453, -0.18437018990516663, -0.7069340348243713, -0.7336487174034119, -0.48431921005249023, 0.08775041997432709, -0.8604433536529541, -0.30434495210647583, -0.12675164639949799, 0.7303261160850525, -0.04446779564023018, -0.5149753093719482, -0.4797913730144501, 0.05790739133954048, -0.8623932600021362, -0.7225808501243591, 0.2597953677177429, 0.6748767495155334, -0.5855801105499268, 0.4408685266971588, 0.8991734981536865, 0.25039198994636536, 0.7259969711303711, -0.24260835349559784, -0.3099527657032013, -0.10345776379108429, -0.2743557393550873, -0.476661741733551, -0.5866613984107971, -0.17761455476284027, -0.2598174512386322, 0.3496969938278198, -0.06733303517103195, 0.08057178556919098, 1.402056097984314, 0.02912813238799572, 0.06546975672245026, -0.5721560120582581, -0.1130179762840271, 0.46905913949012756, -1.5160318613052368, -0.8164569139480591, -0.9991154670715332, -1.0968378782272339, -0.008494475856423378, 0.5972827672958374, 0.36239179968833923, 1.296900749206543, -0.48160579800605774, 0.0677303820848465, 0.1300385445356369, 0.06180930882692337, 0.022999541833996773, -0.14273905754089355, -0.324102520942688, -0.012837762013077736, 0.025171535089612007, 0.08573269844055176, 0.21331268548965454, 0.05504560470581055, 0.012101800180971622, 0.09353156387805939, 0.05063442513346672, 0.14285771548748016, 0.0755191221833229, 0.004197982605546713, 0.03265395388007164, -0.373343288898468, -0.22576448321342468, -0.07432657480239868, -0.01961166225373745, 0.02501707337796688, -0.41822516918182373, 0.46803614497184753, -0.21273592114448547, -0.7650126218795776, -0.09088302403688431, -0.6010318398475647, 0.16531473398208618, 0.08318763226270676, -0.2930219769477844, -0.6341443657875061, -0.3237304389476776, 1.219464659690857, 0.0, -0.38999998569488525, 0.47999998927116394, 0.051258768886327744, 0.931011438369751, 0.14398051798343658, 0.33145132660865784, -0.014169641770422459, 0.2800317704677582, 0.21525953710079193, -0.935438334941864, 0.04688016325235367, -0.4433928430080414, 0.44757765531539917, 0.10917998105287552, -0.5191792249679565, 0.8244361877441406, -0.197072833776474, 0.27734971046447754, 0.10512843728065491, -0.5094106793403625, 7.513761520385742, 3.3534996509552, 1.8524755239486694, 0.06209947168827057, -0.438966304063797, 0.44605740904808044, 0.06113704666495323, -0.29958483576774597, 0.9365248084068298, -0.17155906558036804, 0.26274019479751587, 0.16394467651844025, -0.3061480224132538, 1.4401425123214722, 0.269548237323761, 2.0379257202148438, 0.06961068511009216, -0.4231858551502228, 0.4867749810218811, 0.06327520310878754, -0.19987326860427856, 0.9754501581192017, -0.06740785390138626, 0.18756821751594543, 0.4068129360675812, 0.23472589254379272, -5.9774603843688965, -0.4614947736263275, 1.5509378910064697, 0.09788805991411209, -0.40513375401496887, 0.49949800968170166, -0.28345900774002075, 0.35471877455711365, 0.8692280650138855, -0.19562232494354248, 0.4303613305091858, -0.07604099065065384, -0.22068072855472565, 9.064781188964844, 8.13859748840332, 5.9259138107299805, -0.04883740842342377, -0.3665527403354645, 0.5272597670555115, -0.20046550035476685, -0.33743101358413696, 0.9052602052688599, 0.16265831887722015, -0.3127218782901764, -0.20633570849895477, -0.6069101691246033, 3.224736452102661, -9.87700366973877, -1.689643144607544, 0.37004679441452026, -0.7621013522148132, 0.26439476013183594, 0.011568022891879082, 0.002027946524322033, -0.0016639921814203262, -0.724985659122467, -0.14637693762779236, -0.9882440567016602, 0.022975876927375793, -0.002538340399041772, 0.013115941546857357, 0.5418202877044678, -0.6599456071853638, 0.47734498977661133, 0.0022026156075298786, 0.0008532379288226366, -0.007939932867884636, 0.3474178612232208, 0.16011753678321838, 0.8627111911773682, 0.006599745247513056, -0.0008669618400745094, -0.002647707238793373, -0.8514952063560486, 2.965708017349243, -0.05403951555490494, -0.023026898503303528, -0.0059877317398786545, -0.0014762243954464793, -1.0, -0.7441591024398804, -1.0, -1.0, -1.0, -0.13403423130512238, -1.0, 0.1909961998462677, 1.0, 1.0, -0.5832226276397705, -0.5543866753578186, -0.9989646673202515, -0.3305261731147766, -0.5580027103424072, -1.0, -0.7199580073356628, 0.6764479875564575, 0.694200873374939, 1.0]
[-0.7554341554641724, -0.5434884428977966, -0.2598241865634918, -0.7374370694160461, -0.779447078704834, -0.5425944924354553, -0.02174561843276024, -0.8864322304725647, -0.17713354527950287, -0.10746615380048752, 0.7607289552688599, -0.01981423795223236, -0.5498821139335632, -0.48107293248176575, 0.03175894916057587, -0.8747758269309998, -0.6094096899032593, 0.1896134912967682, 0.5698544979095459, -0.5577898621559143, 0.37195706367492676, 0.8936425447463989, 0.26617056131362915, 0.769489049911499, -0.19341516494750977, -0.4680563509464264, -0.4516124725341797, -0.2869255542755127, -0.39680078625679016, -0.507755696773529, -0.5853092670440674, -0.2188068926334381, 1.6095268726348877, 0.38804730772972107, 0.14968590438365936, -0.4286944568157196, -0.525123119354248, -0.09519819170236588, 0.15436440706253052, -0.013282817788422108, 1.3693608045578003, -0.17920206487178802, -0.8467454314231873, 1.1002944707870483, -0.16216117143630981, -0.005098774563521147, -0.19497747719287872, 0.410163551568985, 0.8378280401229858, -1.5649418830871582, -0.032099105417728424, -0.1048194020986557, -0.027440525591373444, -0.004026653710752726, -0.06853054463863373, -0.08162097632884979, 0.05593106895685196, 0.0444132499396801, 0.026782963424921036, -0.6004852652549744, -0.2832380533218384, -0.10751356184482574, 0.3282722234725952, 0.10062357783317566, 0.3341827392578125, 0.19345957040786743, 0.07301314920186996, 0.6556344032287598, 0.3608291745185852, 0.20045581459999084, -0.4352899193763733, -0.14695273339748383, 0.02783113159239292, -0.4167725741863251, 0.46216508746147156, -0.16802696883678436, -0.7634932994842529, -0.11274956911802292, -0.6132963299751282, 0.17136669158935547, 0.09457442164421082, -0.391345351934433, 0.12651918828487396, -0.49985310435295105, 0.99505615234375, 0.0, -0.38999998569488525, 0.47999998927116394, 0.051258768886327744, 0.931011438369751, 0.14398051798343658, 0.33145132660865784, -0.019298924133181572, 0.2995118200778961, 0.16823101043701172, -0.938945472240448, 0.05108023062348366, -0.44004303216934204, 0.43971899151802063, 0.1292538046836853, -0.5738630890846252, 0.7813047766685486, -0.20865598320960999, 0.31654128432273865, 0.23099385201931, -0.6245449185371399, 7.756104946136475, 2.9140052795410156, 3.24552321434021, 0.06661324948072433, -0.4346582591533661, 0.44166865944862366, 0.05611541494727135, -0.2711891829967499, 0.9397892355918884, -0.2002585232257843, 0.25376972556114197, 0.3846271336078644, -0.1921798139810562, -5.54388427734375, -3.6880204677581787, 3.6468355655670166, 0.07206635922193527, -0.42165467143058777, 0.4824415147304535, 0.0718345195055008, -0.21916233003139496, 0.9705080389976501, -0.07015495747327805, 0.15171228349208832, -0.13990356028079987, -0.5603578090667725, 7.168275356292725, 2.077122926712036, -0.2546904385089874, 0.09923064708709717, -0.40310680866241455, 0.4980376362800598, -0.2765187919139862, 0.3132288455963135, 0.8833420872688293, -0.21244244277477264, -0.10980698466300964, 0.1435495913028717, 0.06485626846551895, 0.6390706896781921, -0.7261976003646851, 0.1855834722518921, -0.04553684592247009, -0.37103283405303955, 0.523720383644104, -0.1979488581418991, -0.37185776233673096, 0.8919458985328674, 0.16422726213932037, 0.4723208546638489, -0.37592750787734985, -0.053852371871471405, 4.897632122039795, 4.67771053314209, 1.8933433294296265, -0.1942671835422516, 0.36223840713500977, -0.37345942854881287, 0.001406922354362905, -0.002572914119809866, 0.003531542606651783, -0.30392155051231384, -0.7848747968673706, -0.1138048768043518, 0.03264012560248375, -0.0009589472902007401, 0.006536619737744331, 0.1718425452709198, 3.3737335205078125, -2.1268410682678223, -0.056907568126916885, -0.00048134123790077865, -0.0021403583232313395, 0.8607966303825378, -0.3956144452095032, 2.500072717666626, 0.06707893311977386, 0.003325765486806631, -0.011240001767873764, -5.80941104888916, -2.514845848083496, 0.7843822240829468, 0.01726454496383667, -0.054002173244953156, -0.025429226458072662, -1.0, -1.0, -1.0, -0.9177044034004211, -1.0, -1.0, -1.0, 1.0, 1.0, -0.6966966390609741, -1.0, 0.6803964972496033, -0.8208584189414978, 0.4372078776359558, 0.351730078458786, 0.30435654520988464, 0.5267627239227295, 1.0, -0.21541664004325867, 1.0]
[-0.8045120239257812, -0.6175197958946228, -0.3322070240974426, -0.6756656169891357, -0.8205350637435913, -0.592965304851532, -0.14498761296272278, -0.9106912016868591, -0.0013312589144334197, -0.054758649319410324, 0.7585251927375793, -0.06966549903154373, -0.6136776804924011, -0.49794304370880127, 0.12650777399539948, -0.8756352663040161, -0.5057631134986877, 0.21492774784564972, 0.5307970643043518, -0.4518807828426361, 0.4099939167499542, 0.8933705687522888, 0.20531213283538818, 0.8094977140426636, -0.16916272044181824, -0.538869321346283, -0.22563639283180237, 1.069915771484375, -0.3638451099395752, -0.4438396394252777, -0.09115447103977203, -0.42831873893737793, 1.504869818687439, 0.545342206954956, -0.34239858388900757, -0.1966724842786789, -0.6355745196342468, -0.1995508223772049, 0.5857231020927429, 0.0048110284842550755, 0.745231032371521, 0.4524855315685272, -0.030457112938165665, 1.425873875617981, 0.5118864178657532, 0.00952533632516861, -0.477454274892807, 0.3442688584327698, 1.1732457876205444, -0.18621282279491425, 0.07218095660209656, 0.539399266242981, 0.23431378602981567, 0.08841381967067719, 0.416890412569046, -0.19697262346744537, -0.11977671831846237, -0.03919767215847969, -0.16758613288402557, 0.13168932497501373, 0.05223291367292404, 0.01592644862830639, 0.2150757610797882, 0.045408304780721664, -0.04097319394350052, 0.008206303231418133, 0.029117152094841003, 0.03501000627875328, 0.30169740319252014, 0.15728911757469177, -0.053420621901750565, -0.022093335166573524, 0.031008178368210793, -0.4153006970882416, 0.4594900608062744, -0.1824331134557724, -0.7837718725204468, -0.14667996764183044, -0.5752431154251099, 0.21504728496074677, -0.019553788006305695, -0.0008397670462727547, 2.3349335193634033, 1.97248113155365, 0.8153568506240845, 0.0, -0.38999998569488525, 0.47999998927116394, 0.051258768886327744, 0.931011438369751, 0.14398051798343658, 0.33145132660865784, -0.05469425767660141, 0.25702744722366333, 0.1638786345720291, -0.9508360028266907, 0.054572850465774536, -0.4367828071117401, 0.4355578124523163, 0.1411885917186737, -0.5982485413551331, 0.756751298904419, -0.22246764600276947, 0.19389404356479645, 0.17097268998622894, -0.10580296814441681, 1.5080063343048096, 0.034316420555114746, 1.804155707359314, 0.07024739682674408, -0.4292319715023041, 0.4369078576564789, 0.04068266600370407, -0.21675775945186615, 0.9476754069328308, -0.23080776631832123, 0.027352379634976387, 0.3490432798862457, -0.3421860635280609, -4.596981048583984, -2.9218013286590576, 0.9904866814613342, 0.07438519597053528, -0.421941339969635, 0.4725283980369568, 0.08457477390766144, -0.28778743743896484, 0.9511369466781616, -0.07323949038982391, 0.22189785540103912, -0.04062332585453987, -0.6047124862670898, 7.784645080566406, 1.384944200515747, 1.7568445205688477, 0.09635359048843384, -0.4007807970046997, 0.49860015511512756, -0.29440510272979736, 0.33153948187828064, 0.8745663166046143, -0.19631806015968323, -0.2393980175256729, 0.17379595339298248, -0.04860624298453331, -2.5573151111602783, -4.681988716125488, -2.4694113731384277, -0.036821477115154266, -0.37551891803741455, 0.5243882536888123, -0.12804189324378967, -0.39302054047584534, 0.8939847350120544, 0.17300686240196228, 0.7075143456459045, -0.284954696893692, 0.09775379300117493, 2.9865365028381348, 8.892751693725586, 3.221019744873047, 0.4020293951034546, -3.095540761947632, 1.0652801990509033, 0.04198070988059044, 0.002597769722342491, -0.0013648816384375095, 2.2835516929626465, 0.9599008560180664, -1.2141391038894653, -0.024799155071377754, 0.0023822328075766563, -0.0330786369740963, -0.851101815700531, -0.5939125418663025, 0.33145132660865784, 0.0070177605375647545, -0.0017289775423705578, 0.022125940769910812, 0.491764098405838, -0.353656142950058, -0.009647323749959469, 0.02381231263279915, 0.0012707983842119575, -0.005153715144842863, -0.708041250705719, -1.7042051553726196, 0.2506696581840515, 0.012835384346544743, -0.010764680802822113, -0.004368319176137447, -1.0, -1.0, -1.0, 0.8111258745193481, -1.0, -1.0, -1.0, 1.0, 1.0, -1.0, -1.0, 1.0, -0.8431218266487122, -0.15981341898441315, 0.5936539173126221, 0.2482573688030243, 1.0, 1.0, -0.31491199135780334, 1.0]
[-0.8501801490783691, -0.6883924007415771, -0.24168825149536133, -0.5583755373954773, -0.8543714880943298, -0.6356317400932312, -0.08320411294698715, -0.9097838401794434, -0.02146070823073387, -0.018100539222359657, 0.6841144561767578, -0.06738527119159698, -0.6784515380859375, -0.5201445817947388, 0.1502341479063034, -0.8713257908821106, -0.4408785402774811, 0.29895496368408203, 0.545577347278595, -0.36974769830703735, 0.49119964241981506, 0.902761697769165, 0.19961510598659515, 0.8412321209907532, -0.16339026391506195, -0.4681406617164612, 0.6507090926170349, 1.264788031578064, -0.2910256087779999, -0.36737367510795593, 0.3230208456516266, 0.46455055475234985, -1.0758789777755737, -0.02104400098323822, -0.2977904975414276, -0.2788122296333313, -0.5576701760292053, -0.19882677495479584, -0.16802389919757843, 0.022691361606121063, 0.5112763047218323, 0.9433709383010864, 0.2497892677783966, 0.7804511189460754, 0.618665337562561, 0.03060678206384182, 0.20219102501869202, 0.2690010964870453, 0.9013540744781494, 1.0106539726257324, 0.22005267441272736, 0.2432088851928711, 0.10466547310352325, 0.04049431160092354, 0.0511130653321743, 0.5033777356147766, -0.0071412185207009315, -0.057488735765218735, 0.013979140669107437, -0.40222054719924927, -0.15994378924369812, -0.055475592613220215, -0.3088473975658417, -0.029140887781977654, -0.21894924342632294, -0.03725454583764076, 0.007445329800248146, -0.29612934589385986, 0.0742611214518547, 0.034340403974056244, 0.2219926118850708, 0.07265815138816833, 0.035192377865314484, -0.41632941365242004, 0.46023470163345337, -0.184658020734787, -0.8364661335945129, -0.16539329290390015, -0.48874399065971375, 0.24182438850402832, -0.06757353246212006, 0.06280376017093658, -0.13771222531795502, 1.95974862575531, 1.2020982503890991, 0.0, -0.38999998569488525, 0.47999998927116394, 0.051258768886327744, 0.931011438369751, 0.14398051798343658, 0.33145132660865784, -0.0697009488940239, 0.15966913104057312, 0.14459228515625, -0.9740331172943115, 0.054602108895778656, -0.43583807349205017, 0.4347439706325531, 0.1420101374387741, -0.6025344729423523, 0.7560588717460632, -0.21250975131988525, -0.10520634800195694, -0.01245230995118618, 0.0445684939622879, -1.177175760269165, 0.912818968296051, -2.1729202270507812, 0.07060748338699341, -0.4267919957637787, 0.43017756938934326, 0.047481853514909744, -0.2294849157333374, 0.9453632831573486, -0.2266504168510437, 0.060110270977020264, 0.01567181572318077, -0.3648635149002075, 4.590928077697754, 3.1588082313537598, -0.5247246623039246, 0.07757619023323059, -0.4204019606113434, 0.46519342064857483, 0.09444711357355118, -0.33812007308006287, 0.9321395754814148, -0.08871424943208694, 0.204912468791008, -0.019641060382127762, -0.5758315920829773, 7.439234733581543, 1.486180305480957, 1.5088953971862793, 0.09498721361160278, -0.397784560918808, 0.4962765574455261, -0.3071950674057007, 0.36911216378211975, 0.8590468764305115, -0.17727287113666534, -0.00738961435854435, 0.26065799593925476, -0.2836972177028656, -4.046142578125, -2.7203080654144287, -2.3798341751098633, -0.02927233651280403, -0.3775720000267029, 0.5252318978309631, -0.07698635011911392, -0.3937278091907501, 0.8975107669830322, 0.18310041725635529, 0.4198453724384308, -0.05756113678216934, 0.04766369238495827, -0.014767095446586609, 4.195012092590332, 0.4368290305137634, 1.198103904724121, -1.4474989175796509, 0.4900089502334595, 0.01878182962536812, 0.010635143145918846, -0.00916522741317749, 0.3039408326148987, 0.9443690776824951, 1.6630995273590088, -0.04332319647073746, 0.00021762328105978668, -0.0028953924775123596, 0.13364703953266144, 2.0425846576690674, -0.8779367208480835, -0.024836823344230652, 0.0007984047406353056, 0.0008757299510762095, -0.4514673352241516, -0.6568428874015808, -1.053458333015442, -0.002407314255833626, -0.0054122526198625565, 0.008542899042367935, 2.9297492504119873, -0.3363885283470154, -0.09299413859844208, 0.0028629738371819258, 0.02578217349946499, 0.007423813454806805, -1.0, -1.0, 1.0, 0.3455849885940552, -1.0, -0.3878190219402313, 0.15209677815437317, -1.0, 0.5427702069282532, -1.0, -1.0, -0.43629318475723267, -0.8457577228546143, -0.20285822451114655, 0.9350583553314209, -0.14243900775909424, 1.0, 1.0, 0.5998634099960327, 1.0]
[-0.8911103010177612, -0.7323111295700073, -0.07018869370222092, -0.5091172456741333, -0.8614872097969055, -0.6624096632003784, 0.043822478502988815, -0.8230022192001343, -0.1845897138118744, -0.052022676914930344, 0.6677358150482178, -0.09482579678297043, -0.6902146339416504, -0.5336423516273499, 0.0398513600230217, -0.8663308024406433, -0.36911705136299133, 0.3297147750854492, 0.5659016966819763, -0.3497951030731201, 0.5721848607063293, 0.8717767000198364, 0.2526516318321228, 0.8666023015975952, -0.14539794623851776, -0.21069495379924774, 0.7332314848899841, 0.021042857319116592, 0.04650223255157471, -0.11452827602624893, 0.5237957835197449, 0.7874281406402588, -1.776081919670105, -0.5019617080688477, 0.17146967351436615, -0.04607745260000229, 0.1771823763847351, -0.036517005413770676, -0.6979075074195862, 0.015185427851974964, 0.7329980731010437, -0.06463432312011719, 0.08538539707660675, -0.053662754595279694, 0.5630999803543091, -0.13069607317447662, 0.4018372595310211, 0.21968381106853485, 0.4769693613052368, 2.6280078887939453, 0.02467052824795246, -0.1862773448228836, -0.06861663609743118, -0.01502923108637333, -0.0014063785783946514, 0.09045299142599106, -0.02700692228972912, -0.030901584774255753, 0.13919317722320557, 0.3397660255432129, 0.19398756325244904, 0.07814619690179825, -0.03238688409328461, -0.04420934244990349, 0.008591433987021446, -0.06740958988666534, -0.037328239530324936, -0.35587722063064575, 0.05311278626322746, 0.004117783159017563, 0.20095613598823547, 0.06524675339460373, 0.03949453681707382, -0.41848212480545044, 0.4616982340812683, -0.0813535824418068, -0.8870759010314941, -0.13171419501304626, -0.4348900020122528, 0.22564195096492767, -0.1339852660894394, 0.21106845140457153, -2.027618646621704, 1.4829223155975342, 2.0226738452911377, 0.0, -0.38999998569488525, 0.47999998927116394, 0.051258768886327744, 0.931011438369751, 0.14398051798343658, 0.33145132660865784, 0.0004214265791233629, 0.10590323805809021, 0.049229543656110764, -0.9931570291519165, 0.05299488455057144, -0.4359666109085083, 0.4332362115383148, 0.14250586926937103, -0.6085299849510193, 0.7577101588249207, -0.18777236342430115, -0.12462680786848068, -0.031220020726323128, -0.16797728836536407, 0.31658726930618286, 2.2836861610412598, -2.401102304458618, 0.07037954777479172, -0.4271595776081085, 0.42760148644447327, 0.0668959841132164, -0.280848890542984, 0.9344186186790466, -0.20859192311763763, 0.04190695658326149, -0.14452873170375824, -0.18209214508533478, 7.0725274085998535, 4.9010090827941895, -1.5419869422912598, 0.0795806422829628, -0.41924694180488586, 0.45968204736709595, 0.10238968580961227, -0.3682540953159332, 0.91921466588974, -0.09460227191448212, 0.07102389633655548, 0.08469504863023758, -0.15443284809589386, 0.2972029149532318, 0.7623727321624756, 0.03566242754459381, 0.09682318568229675, -0.39456942677497864, 0.4928475022315979, -0.3026800751686096, 0.3874252736568451, 0.8520810604095459, -0.1795666217803955, 0.1766858994960785, 0.1856864094734192, -0.1816023886203766, -1.1692249774932861, 1.540070652961731, 0.7198765873908997, -0.026164261624217033, -0.37707391381263733, 0.5261507630348206, -0.0744389072060585, -0.3819969594478607, 0.9010064601898193, 0.1916361004114151, 0.05529269576072693, 0.11014175415039062, 0.08414164930582047, -2.0653507709503174, -0.9127202033996582, -1.4941449165344238, 0.12143067270517349, 0.7676194906234741, -0.060448553413152695, -0.003514940617606044, 0.0005687599768862128, -0.0005905461148358881, 0.025221221148967743, 0.5550574660301208, 0.33991825580596924, -0.022575724869966507, 0.00022744164743926376, 0.0007656696834601462, 0.8580675721168518, -2.3376245498657227, 1.3606154918670654, 0.04308182746171951, 0.004732285626232624, -0.012716159224510193, -0.5073021650314331, 0.7090471982955933, -0.46719616651535034, -0.026692532002925873, -0.0010495503665879369, 0.007198277860879898, 2.7342305183410645, -0.10736754536628723, 0.11596564948558807, -0.0010975884506478906, 0.02149907685816288, 0.010087084025144577, -1.0, -0.7093054056167603, 0.9602320790290833, -0.7283380627632141, -0.7856472730636597, 0.5015133023262024, 0.6931266188621521, -1.0, 0.7587421536445618, -1.0, -0.5192597508430481, -1.0, -0.8674272298812866, 0.09570904076099396, 0.10748948901891708, -0.5259642601013184, 1.0, 0.47956374287605286, 0.7104560136795044, 1.0]
[-0.8514033555984497, -0.7688788771629333, 0.08874119818210602, -0.4939466118812561, -0.7198935151100159, -0.6448735594749451, 0.10539796203374863, -0.7828882336616516, -0.2443859577178955, -0.09208299219608307, 0.6510592103004456, -0.0970841646194458, -0.640296220779419, -0.5256952047348022, 0.013828808441758156, -0.8843600749969482, -0.3883773386478424, 0.3788813352584839, 0.5768848657608032, -0.40132179856300354, 0.6448885798454285, 0.8605777025222778, 0.23466522991657257, 0.8621571660041809, 0.3613912761211395, -0.2790466248989105, 0.6195117235183716, 0.2184097319841385, 2.0550971031188965, 0.4351229667663574, 0.0765683501958847, 0.16472898423671722, 0.009587898850440979, -0.17713408172130585, -0.16492249071598053, -0.015446431003510952, 0.6141013503074646, 0.1569494903087616, 0.19294440746307373, -0.1119600459933281, -0.6501052975654602, 0.7232809066772461, 0.17328381538391113, -0.9535695910453796, 0.4989185929298401, 0.02573150396347046, -0.3680979311466217, -0.17433851957321167, 11.339927673339844, -0.6582737565040588, 0.39191561937332153, 0.005870720371603966, 0.19662737846374512, 0.1062048077583313, 0.26891323924064636, -0.1937119960784912, 0.12250512093305588, 0.07667683809995651, 0.2671384811401367, -0.12627632915973663, -0.020779911428689957, 0.0019003328634425998, 0.7990450859069824, 0.26652073860168457, 0.04026584327220917, 0.0009903848404064775, 0.0013883988140150905, -0.6227701306343079, -0.12527801096439362, -0.04116000607609749, 0.23934504389762878, 0.05793383717536926, 0.040199942886829376, -0.421841025352478, 0.4626901149749756, -0.030617503449320793, -0.9119175672531128, -0.14300037920475006, -0.38343146443367004, -0.13137401640415192, -0.2792600691318512, -0.02932087332010269, 0.4799063801765442, 1.0082570314407349, 1.0895837545394897, 0.0, -0.38999998569488525, 0.47999998927116394, 0.051258768886327744, 0.931011438369751, 0.14398051798343658, 0.33145132660865784, 0.0076693883165717125, 0.05764448642730713, -0.01042953785508871, -0.9982532858848572, 0.04710046574473381, -0.43704384565353394, 0.4335843622684479, 0.12613658607006073, -0.5650845170021057, 0.798727810382843, -0.16371577978134155, -0.6027243137359619, -0.07467292994260788, 0.3027523159980774, -11.748663902282715, -3.5956358909606934, -4.288667678833008, 0.06669146567583084, -0.42789581418037415, 0.425289511680603, 0.07463391870260239, -0.3125733435153961, 0.9276574850082397, -0.19020843505859375, -0.37962931394577026, -0.07850489020347595, -0.16949301958084106, 1.2098209857940674, 0.7385475635528564, -2.153623580932617, 0.07750966399908066, -0.41914990544319153, 0.45722028613090515, 0.10106386244297028, -0.35844531655311584, 0.9233717322349548, -0.0932072177529335, -0.2902491092681885, -0.03847688436508179, -0.12163390964269638, -2.184943914413452, -0.7221152186393738, -0.6484935879707336, 0.09578957408666611, -0.39505088329315186, 0.48896053433418274, -0.30011001229286194, 0.3912671208381653, 0.8524587154388428, -0.17366079986095428, -0.22011901438236237, -0.1496436595916748, -0.25791001319885254, 0.04249072074890137, -1.1349444389343262, -2.1704964637756348, -0.029237445443868637, -0.3744736313819885, 0.5270065665245056, -0.08726248145103455, -0.3661472797393799, 0.9049810767173767, 0.19831955432891846, -0.3837693929672241, 0.2363956868648529, 0.0577315054833889, -2.141723394393921, -0.6167678236961365, -1.6694978475570679, 2.3576626777648926, -2.4405300617218018, -0.1043897420167923, 0.06959684938192368, 0.010504856705665588, -0.0011967598693445325, 1.8162829875946045, -1.4951874017715454, -0.11006135493516922, 0.05424903333187103, 0.006692521274089813, 0.00019815345876850188, 2.127659320831299, 0.4191126227378845, -0.02883276343345642, 0.008187022060155869, 0.007462221663445234, -0.00439316313713789, 2.4485113620758057, 0.6491466760635376, 0.2872334122657776, 0.011125598102807999, -0.004831006284803152, -0.016689416021108627, 3.433187246322632, 0.6344447135925293, 0.30130183696746826, -0.000254066166235134, 0.00300284824334085, -0.0032006085384637117, 0.8299241662025452, -1.0, 1.0, -0.2785593867301941, 1.0, -0.9711136221885681, -0.037970371544361115, 1.0, 1.0, -1.0, -0.35642117261886597, 0.7013130784034729, -1.0, -1.0, 0.9411438703536987, -1.0, 1.0, 1.0, -0.24354389309883118, 0.6989566683769226]
[-0.7053180932998657, -0.790979266166687, 0.22700248658657074, -0.4309140145778656, -0.4752902388572693, -0.5779271125793457, 0.10978150367736816, -0.7215465903282166, -0.3302091360092163, -0.11353444308042526, 0.625282883644104, -0.09489773213863373, -0.5149019360542297, -0.495964914560318, 0.09928956627845764, -0.910558819770813, -0.4748019576072693, 0.4667890667915344, 0.6018491387367249, -0.47941139340400696, 0.7051952481269836, 0.875932514667511, 0.10511182993650436, 0.7021223902702332, 0.6797828674316406, -0.056884538382291794, 0.5459474921226501, 0.7924699187278748, 2.3723342418670654, 0.7407070994377136, -0.003160458756610751, 0.6684626936912537, -1.2117412090301514, -0.30738645792007446, -0.05771840736269951, 0.08855171501636505, 1.4416468143463135, 0.3980785310268402, 0.5149697065353394, -0.09972434490919113, -0.8678787350654602, 0.857877254486084, 0.271501749753952, -0.955666720867157, 0.39953136444091797, 0.04453247785568237, -1.027740240097046, -2.1758463382720947, 6.802057266235352, 2.825761318206787, 0.23839658498764038, 0.32310542464256287, 0.1264210194349289, 0.05148688331246376, 0.2561439275741577, 0.40323910117149353, 0.07189054042100906, 0.0021642176434397697, 0.18873095512390137, 0.11135651916265488, 0.07805836200714111, 0.03758910670876503, 0.6095827221870422, 0.12991991639137268, 0.21811984479427338, 0.025129836052656174, -0.0021538184955716133, -0.22495192289352417, 0.032490551471710205, 0.017847180366516113, 0.044537536799907684, -0.04767753183841705, 0.03577020764350891, -0.42817607522010803, 0.4632304012775421, 0.017103776335716248, -0.919152557849884, -0.1716923713684082, -0.35410115122795105, -0.3799508810043335, -0.44372475147247314, 0.10191737115383148, 0.17514275014400482, 0.3056432902812958, 1.4989864826202393, 0.0, -0.38999998569488525, 0.47999998927116394, 0.2622244358062744, -0.4732298254966736, -0.14995525777339935, 0.8275296688079834, 0.05042600259184837, -0.8857401013374329, -0.4281100332736969, 0.1721724271774292, 0.035759273916482925, -0.43860575556755066, 0.4398530423641205, 0.09407477080821991, -0.44903764128685, 0.8780600428581238, -0.13610881567001343, -0.8781931400299072, 0.05545572191476822, 0.7672517895698547, -18.74576187133789, -4.965788841247559, -4.861604690551758, 0.058650992810726166, -0.4308355450630188, 0.42487195134162903, 0.07196242362260818, -0.33694377541542053, 0.9238952398300171, -0.1664569228887558, -0.5838728547096252, -0.3079167604446411, -0.013733156025409698, 4.229315280914307, 1.6411991119384766, -3.4711484909057617, 0.07020067423582077, -0.420845091342926, 0.45753154158592224, 0.08907240629196167, -0.3091369569301605, 0.9433078169822693, -0.08167517185211182, -0.5913907289505005, -0.03250474855303764, 0.22878746688365936, -9.019813537597656, -2.1138341426849365, -2.010343074798584, 0.08900798857212067, -0.39947444200515747, 0.48667407035827637, -0.3030650019645691, 0.4092218279838562, 0.8487793207168579, -0.1423473209142685, -0.5084271430969238, -0.26941847801208496, -0.08952361345291138, -1.500859022140503, -2.9570155143737793, -4.622134208679199, -0.03629317879676819, -0.37054648995399475, 0.5280563831329346, -0.039365727454423904, -0.36091840267181396, 0.9124315977096558, 0.18883006274700165, -0.318691223859787, 0.22644342482089996, 0.10001324117183685, 1.2946627140045166, 7.928184986114502, 5.453898906707764, 1.3830492496490479, -1.7749546766281128, 0.8344718813896179, 0.024862566962838173, 0.005992150865495205, -0.001360373804345727, 1.6019153594970703, -0.4179876446723938, 1.6340137720108032, -0.004105598200112581, 0.005166617222130299, -0.007711225189268589, 1.492325782775879, -0.806450605392456, 0.9415117502212524, 0.025492345914244652, 0.006202885881066322, -0.005358150694519281, 1.041774868965149, 1.0998471975326538, 0.9233523011207581, 0.014343887567520142, -0.004031216260045767, -0.005729191470891237, -0.18283085525035858, -0.16839590668678284, 0.4604523181915283, 0.0017083865823224187, -0.044752247631549835, -0.0032761627808213234, 1.0, -0.6200302243232727, 1.0, 0.19554293155670166, 1.0, -0.704613983631134, 1.0, -1.0, 1.0, -1.0, 0.319053590297699, 1.0, -1.0, -1.0, 1.0, -0.9080852270126343, 1.0, 1.0, -1.0, -1.0]
[-0.5035999417304993, -0.7588561177253723, 0.23759721219539642, -0.4386715292930603, -0.23154988884925842, -0.44063809514045715, 0.1411885917186737, -0.7365411520004272, -0.3294329345226288, -0.13342098891735077, 0.6203755736351013, -0.1113319918513298, -0.4750004708766937, -0.46492666006088257, 0.11582336574792862, -0.9278571009635925, -0.5602167844772339, 0.4717305898666382, 0.6185495257377625, -0.5512966513633728, 0.6759358644485474, 0.9024485349655151, 0.08532897382974625, 0.5730646848678589, 0.8087965250015259, 0.39481809735298157, -0.22522412240505219, -0.5472666621208191, 2.172553777694702, 1.9608995914459229, 0.14696019887924194, -0.4304371774196625, 0.7283669114112854, 0.016708454117178917, 0.0339454784989357, -0.40536174178123474, -0.24839334189891815, 0.1109180673956871, -0.15575866401195526, -0.05837429687380791, -0.7535925507545471, -0.38463568687438965, 0.008379732258617878, -0.8829156756401062, -0.5419512391090393, 0.06670820713043213, 0.3687436282634735, -0.6723422408103943, 2.311265468597412, 4.372519493103027, -0.0660504624247551, -0.0828295350074768, -0.10321129113435745, 0.010328046046197414, 0.11086104810237885, 0.1164679080247879, 0.2365296483039856, 0.10792229324579239, 0.08654282242059708, -0.05942267179489136, -0.19298450648784637, -0.09787176549434662, 0.07580406218767166, -0.023857297375798225, 0.05189766734838486, -0.07853519916534424, -0.04788532480597496, -0.13712868094444275, -0.20413292944431305, -0.1206047534942627, 0.23009881377220154, 0.12486712634563446, 0.028266189619898796, -0.43598830699920654, 0.46587494015693665, 0.02544131502509117, -0.9206421375274658, -0.21263332664966583, -0.3264319598674774, -0.5259165167808533, -0.40311723947525024, 0.21839386224746704, 1.977427363395691, 1.5884333848953247, -0.8698773384094238, 0.0, -0.38999998569488525, 0.47999998927116394, 0.2622244358062744, -0.4732298254966736, -0.14995525777339935, 0.8275296688079834, 0.06922117620706558, -0.864393413066864, -0.4542858898639679, 0.20409999787807465, 0.02390589565038681, -0.43963000178337097, 0.44668591022491455, 0.06168762594461441, -0.3091844618320465, 0.9417194128036499, -0.11732009798288345, -0.7697337865829468, 0.17344911396503448, 0.5265620946884155, -18.956737518310547, -5.838542461395264, -2.2456603050231934, 0.04713699594140053, -0.43543368577957153, 0.426984041929245, 0.06247935816645622, -0.3424791991710663, 0.9281845092773438, -0.13144446909427643, -0.7954832315444946, -0.2648271322250366, 0.2789396643638611, -3.4323432445526123, -0.9383601546287537, -4.638039588928223, 0.05983634665608406, -0.42536646127700806, 0.46011486649513245, 0.0754016786813736, -0.28280529379844666, 0.954658567905426, -0.05442953482270241, -0.7116379737854004, -0.380756139755249, 0.1209966242313385, 0.7429866790771484, 0.0070047527551651, -4.505617141723633, 0.081753671169281, -0.4059515595436096, 0.48662567138671875, -0.2921569347381592, 0.4068579375743866, 0.8565866947174072, -0.12397594749927521, -0.36874568462371826, -0.42941218614578247, 0.08302272856235504, 2.76336669921875, 2.4696130752563477, -1.1579880714416504, -0.04763929545879364, -0.36555016040802, 0.527736246585846, -0.042472437024116516, -0.35824111104011536, 0.9118673205375671, 0.19585047662258148, -0.8925390839576721, 0.36725226044654846, -0.07539273053407669, -1.4184305667877197, -4.450294017791748, -4.405306816101074, -0.2846027612686157, 0.5795941948890686, -0.06249979883432388, 0.019021959975361824, -0.0006968511734157801, 0.01281905546784401, 0.6775572299957275, -2.3540146350860596, 1.723737120628357, 0.07261207699775696, 0.0025130417197942734, -0.003848834428936243, 0.7012856602668762, 2.4335570335388184, 0.03118015080690384, -0.061368416994810104, 0.0035199171397835016, -0.0036185747012495995, -0.3785390257835388, 1.1071504354476929, -0.4371650815010071, -0.03127807006239891, -0.0031063866335898638, 0.008805504068732262, 3.8076040744781494, 1.4745128154754639, -0.3091103434562683, -0.010936759412288666, 0.06394548714160919, 0.005914513021707535, 1.0, -0.2253236621618271, -0.39995869994163513, -1.0, 1.0, 0.09623290598392487, -0.60152667760849, 1.0, 0.8024324774742126, -1.0, -1.0, -0.2813403010368347, -1.0, -1.0, 0.018217362463474274, -1.0, 0.011355755850672722, 1.0, 0.8447177410125732, 0.4445015788078308]
[-0.2916030287742615, -0.7130669951438904, 0.21086859703063965, -0.508584201335907, -0.05061986297369003, -0.2210075706243515, 0.2149154543876648, -0.7788271307945251, -0.19185616075992584, -0.10712999850511551, 0.49725767970085144, -0.15197651088237762, -0.525056779384613, -0.4699987471103668, 0.08182601630687714, -0.9411844611167908, -0.6340446472167969, 0.4455081820487976, 0.6123676300048828, -0.6207947731018066, 0.5284149050712585, 0.9347521066665649, 0.18896640837192535, 0.4932270050048828, 0.8104662299156189, 0.28715217113494873, -0.21600893139839172, -0.4185980260372162, 1.7245548963546753, 2.213736057281494, 0.2624989449977875, -0.4923970699310303, 1.5079506635665894, 0.40690675377845764, -0.5536988377571106, -0.25265005230903625, -0.5100094079971313, -0.13299770653247833, -0.16405390202999115, -0.05313819646835327, -0.6445488333702087, -0.16590569913387299, -0.06801723688840866, -0.8447570204734802, -1.3521373271942139, 0.07288283109664917, 0.7796770930290222, -0.769234836101532, 0.8080505132675171, -1.1181933879852295, -0.08215860277414322, -0.019339125603437424, -0.005158679559826851, 0.00859396904706955, -0.01726444438099861, -0.13127751648426056, -0.011909695342183113, 0.01354963332414627, 0.0913693904876709, 0.16852067410945892, 0.07695271819829941, 0.022730764001607895, -0.08602181077003479, 0.03557347506284714, -0.008406942710280418, 0.023196442052721977, 0.010181447491049767, 0.0246502123773098, -0.32041722536087036, -0.1815192699432373, 0.024453217163681984, 0.007034887094050646, 0.01671290397644043, -0.4318420886993408, 0.4704549312591553, -0.12107910215854645, -0.9346666932106018, -0.1447075754404068, -0.30132660269737244, -0.7087775468826294, 0.31105345487594604, 0.26800698041915894, -0.39235052466392517, 1.2747080326080322, -4.136468410491943, 0.0, -0.38999998569488525, 0.47999998927116394, 0.2622244358062744, -0.4732298254966736, -0.14995525777339935, 0.8275296688079834, -0.09285963326692581, -0.8599588871002197, -0.46732601523399353, 0.18290524184703827, 0.01208886131644249, -0.4403943717479706, 0.45007652044296265, 0.03592124953866005, -0.17314639687538147, 0.979519248008728, -0.09629111737012863, -0.7716085314750671, 0.27236413955688477, 0.3516867160797119, -18.46282386779785, -4.42762565612793, -2.4448647499084473, 0.03376537933945656, -0.43918323516845703, 0.4315643310546875, 0.0470660924911499, -0.28616440296173096, 0.9527103900909424, -0.09076132625341415, -0.8705828785896301, -0.06708642095327377, 0.31259915232658386, -8.51237964630127, -1.2071683406829834, -4.921742916107178, 0.05044051632285118, -0.43070733547210693, 0.46097010374069214, 0.059365831315517426, -0.30966150760650635, 0.9480899572372437, -0.041361838579177856, -0.6005886793136597, -0.32918140292167664, 0.03394610434770584, 3.4011337757110596, -1.199060082435608, -2.022014617919922, 0.0745958462357521, -0.41236361861228943, 0.4866068959236145, -0.27384427189826965, 0.3885135054588318, 0.8722986578941345, -0.11472416669130325, -0.4343080520629883, -0.3681679368019104, 0.022773411124944687, 2.4665634632110596, 2.0307633876800537, -1.769757628440857, -0.061338912695646286, -0.36090484261512756, 0.5231099128723145, -0.10402008146047592, -0.3694297671318054, 0.8995834589004517, 0.208449125289917, -0.9463965892791748, 0.26987603306770325, -0.44319820404052734, 1.2417819499969482, -7.592142581939697, -4.0951056480407715, -0.4530965983867645, -0.09633597731590271, -0.3514229655265808, 0.00714892940595746, 0.0006084394408389926, 0.011011326685547829, -0.12600909173488617, -0.10144244134426117, -0.5581066608428955, 0.01202799566090107, -0.0001721169101074338, 0.00396241620182991, 0.48536455631256104, -0.8747931718826294, 0.3520193099975586, 0.009608868509531021, 0.00046936830040067434, -0.008056001737713814, 0.29607531428337097, -0.2930121421813965, 0.13050851225852966, 0.00578626524657011, -0.0015110314125195146, -0.0017068940214812756, 0.22587917745113373, 2.299233913421631, -0.3133861720561981, -0.016719017177820206, 0.0034208265133202076, 0.0015772262122482061, 0.9803840517997742, -0.5294612050056458, -0.5102956891059875, -0.7232969403266907, 1.0, 0.0025770850479602814, -0.3299112915992737, 1.0, 0.09719102084636688, -1.0, -1.0, -0.12689633667469025, -1.0, -1.0, 0.38942381739616394, -1.0, -0.7609987854957581, 1.0, 1.0, 0.01632494479417801]
[-0.08394233882427216, -0.7005137801170349, 0.10760495811700821, -0.5402258038520813, 0.1250605583190918, 0.004728685598820448, 0.25158363580703735, -0.8227693438529968, -0.028588224202394485, -0.057058148086071014, 0.31680354475975037, -0.18042990565299988, -0.5793746709823608, -0.48621419072151184, 0.014013544656336308, -0.9411942362785339, -0.6946911215782166, 0.48404473066329956, 0.6145820021629333, -0.684486448764801, 0.31932997703552246, 0.9597533345222473, 0.3149547874927521, 0.44076183438301086, 0.7462296485900879, -0.04926817864179611, -0.5357977151870728, -0.23341873288154602, 1.5657916069030762, 1.996268630027771, -0.007581672165542841, -0.38535094261169434, 1.5014874935150146, 0.5005536079406738, -0.7555651664733887, -0.2569997012615204, -0.496072381734848, -0.1611817330121994, -0.4013443887233734, 0.0322948656976223, -0.5165964961051941, 0.631753146648407, 0.12312199175357819, -0.7547628283500671, -1.5913711786270142, 0.048885222524404526, 0.7753347754478455, -0.3361116945743561, -2.0522122383117676, -3.7440624237060547, -0.11366140842437744, -0.13295651972293854, -0.04857853055000305, -0.025120684877038002, -0.16664984822273254, -0.17614704370498657, -0.05285944417119026, -0.009216360747814178, -0.06270230561494827, -0.24888929724693298, -0.07916757464408875, -0.023524966090917587, -0.5189741253852844, 0.00952296145260334, -0.20087379217147827, 0.028437811881303787, 0.034460946917533875, 0.1453428864479065, -0.18675626814365387, -0.10385549068450928, -0.0836896076798439, -0.017048712819814682, 0.006933729164302349, -0.4249621331691742, 0.47219133377075195, -0.26387840509414673, -0.9140707850456238, -0.06994834542274475, -0.2999166250228882, -0.508304238319397, 0.4766853153705597, -0.003158483188599348, -0.5302854776382446, 0.8336257338523865, -4.020524978637695, 0.0, -0.38999998569488525, 0.47999998927116394, 0.2622244358062744, -0.4732298254966736, -0.14995525777339935, 0.8275296688079834, -0.2436898648738861, -0.8404380679130554, -0.46742531657218933, 0.1256694197654724, 0.0016498316545039415, -0.43889957666397095, 0.4522334635257721, 0.011676897294819355, -0.027435407042503357, 0.9960401654243469, -0.08375530689954758, -0.6313470005989075, 0.38768142461776733, 0.04240324720740318, -15.912459373474121, -3.9496803283691406, -1.0837994813919067, 0.020911652594804764, -0.44020289182662964, 0.4334849715232849, 0.035006191581487656, -0.21957044303417206, 0.9733636379241943, -0.05591568723320961, -0.7318190336227417, 0.12561580538749695, 0.06198190152645111, -7.76844596862793, -0.9342856407165527, -3.338832378387451, 0.041944392025470734, -0.43451136350631714, 0.45943203568458557, 0.04391361027956009, -0.34594523906707764, 0.9363901019096375, -0.039585258811712265, -0.5062519311904907, -0.23978954553604126, -0.2349594384431839, 5.147736549377441, -1.289485216140747, -0.702229380607605, 0.06665568053722382, -0.4169263243675232, 0.48372864723205566, -0.25379467010498047, 0.3863816559314728, 0.881473958492279, -0.09644246101379395, -0.42770540714263916, -0.1845288723707199, -0.2651916742324829, 0.12131696194410324, 1.2748243808746338, -3.5241005420684814, -0.07374633848667145, -0.35723066329956055, 0.5144801139831543, -0.17907322943210602, -0.39639899134635925, 0.8741979002952576, 0.2158205658197403, -0.7945433855056763, 0.2095409482717514, -0.6914965510368347, 2.785439968109131, -9.192721366882324, -4.347021102905273, -0.7346420884132385, 0.3274424076080322, -1.1677331924438477, -0.020209049805998802, 0.0007530697621405125, 0.0077508557587862015, -1.027066946029663, 0.2408778965473175, -1.15738844871521, -0.0056031933054327965, -0.0019234581850469112, 0.010741962119936943, -0.542892336845398, 0.8357152938842773, -1.2933247089385986, -0.01098923571407795, -0.0027470800559967756, 0.0017221389571204782, 0.010892193764448166, -1.4739174842834473, -0.48876121640205383, 0.012352186255156994, -0.0025583975948393345, -0.0005255493451841176, -1.0350842475891113, 1.32521653175354, -0.16722282767295837, -0.009929110296070576, -0.00048736121971160173, -0.0036100316792726517, 0.7664381861686707, -1.0, -0.7795482277870178, -0.6822709441184998, 1.0, -0.273763507604599, -0.49572256207466125, 1.0, -0.7757879495620728, -1.0, -1.0, -0.6706485152244568, -0.8563562631607056, -1.0, 1.0, -1.0, -1.0, 1.0, 1.0, 0.3102382719516754]
[0.10975996404886246, -0.7034276127815247, -0.034848906099796295, -0.5785425305366516, 0.27763494849205017, 0.19733873009681702, 0.23290766775608063, -0.8573876619338989, 0.11737023293972015, 0.019572708755731583, 0.1349608451128006, -0.2119760513305664, -0.6313328742980957, -0.503441333770752, -0.1068853959441185, -0.8875930905342102, -0.7444983124732971, 0.5276110172271729, 0.6300151944160461, -0.7391859889030457, 0.10719002783298492, 0.9697486758232117, 0.41803526878356934, 0.44748103618621826, 0.7018641233444214, -0.006876481231302023, -0.6094713807106018, -0.420255184173584, 1.3233805894851685, 1.6598598957061768, -0.073934406042099, -0.35417482256889343, 1.2390413284301758, 1.071618914604187, -0.7624101638793945, -0.22664473950862885, -0.46764132380485535, -0.16080370545387268, -0.6453508138656616, 0.32222089171409607, -0.4341297745704651, 0.28062164783477783, 0.12617067992687225, -0.6337451338768005, -1.4867860078811646, 0.012306049466133118, 0.5639685988426208, 0.26850083470344543, -1.5497475862503052, 0.4008103609085083, -0.04788457974791527, -0.0006004294846206903, -0.033220067620277405, -0.027438921853899956, -0.0051403287798166275, 0.027650808915495872, -0.02362706884741783, 0.018665123730897903, -0.06803776323795319, 0.052900392562150955, 0.02359163947403431, 0.00842792447656393, -0.14777632057666779, -0.013373848982155323, -0.037053026258945465, -0.025543617084622383, -0.01026376336812973, 0.0824914425611496, 0.0981329008936882, 0.04454296827316284, -0.08242551237344742, -0.01091543585062027, -0.00012990925461053848, -0.4167018234729767, 0.4711444675922394, -0.38738876581192017, -0.8678949475288391, 0.0110468789935112, -0.31075090169906616, -0.39071735739707947, 0.4984796941280365, -0.08276064693927765, -0.9264293909072876, 0.03881495073437691, -3.6011569499969482, 0.0, -0.38999998569488525, 0.47999998927116394, 0.2622244358062744, -0.4732298254966736, -0.14995525777339935, 0.8275296688079834, -0.3744623363018036, -0.8100711703300476, -0.4483643174171448, 0.050318822264671326, -0.007298631593585014, -0.43650129437446594, 0.4522462487220764, -0.009857450611889362, 0.09058515727519989, 0.9930415153503418, -0.07460232079029083, -0.550823450088501, 0.334266722202301, -0.05956077203154564, -12.428921699523926, -3.401245355606079, -0.965313196182251, 0.009974276646971703, -0.4396393597126007, 0.43406879901885986, 0.025209294632077217, -0.14900025725364685, 0.9880200028419495, -0.031303275376558304, -0.6542900800704956, 0.1867273449897766, 0.06538286805152893, -9.6943998336792, -0.9166857600212097, -2.804636240005493, 0.034172944724559784, -0.437247097492218, 0.45644450187683105, 0.029964890331029892, -0.38546690344810486, 0.9213157892227173, -0.04116573557257652, -0.4580635130405426, -0.18381367623806, -0.18826287984848022, 4.557185173034668, -1.470771312713623, -0.30784308910369873, 0.05892185866832733, -0.42052698135375977, 0.47821730375289917, -0.2243371158838272, 0.38256675004959106, 0.8931472301483154, -0.07485727965831757, -0.39135029911994934, -0.1977841556072235, -0.3131517469882965, 2.0329744815826416, 3.1334054470062256, -3.600618362426758, -0.08338456600904465, -0.3537013828754425, 0.5048518180847168, -0.262209951877594, -0.4212767779827118, 0.8388587236404419, 0.22380290925502777, -0.6240361928939819, 0.2641453742980957, -0.6771180629730225, 1.900108814239502, -9.741351127624512, -5.432085990905762, -0.3545541763305664, 0.514053463935852, -0.2636837661266327, -0.01972811669111252, 0.00032173393992707133, 0.002184835495427251, -0.13767343759536743, -0.11018935590982437, -0.03584105893969536, 0.017012283205986023, -0.0012271406594663858, -0.0021280543878674507, -0.5060709118843079, -0.2923814654350281, 0.14915931224822998, 0.004042201675474644, -0.0018632382852956653, 0.0038657328113913536, -0.22445353865623474, 0.008044697344303131, -0.3255296051502228, -0.010143094696104527, -0.004286536946892738, 0.000997386989183724, -0.8044964075088501, -0.589318573474884, 0.2533103823661804, 0.003688746364787221, 0.0019565036054700613, -0.0015707409474998713, 1.0, -0.6936734914779663, -0.9016760587692261, -0.87474125623703, 1.0, -0.8930709362030029, -0.43462899327278137, 1.0, -0.34223049879074097, -1.0, -1.0, -1.0, -0.33811748027801514, -1.0, 0.6290510892868042, -1.0, -1.0, 1.0, 0.8621731996536255, 0.709470808506012]
[0.2834694981575012, -0.6832496523857117, -0.1444084793329239, -0.6299481987953186, 0.3380228281021118, 0.33249974250793457, 0.21219293773174286, -0.8974815011024475, 0.2373460829257965, 0.15751682221889496, -0.004874174017459154, -0.2419900745153427, -0.6830164194107056, -0.5206515192985535, -0.24946661293506622, -0.789773166179657, -0.7877251505851746, 0.5110266804695129, 0.6340778470039368, -0.7852509617805481, -0.08133575320243835, 0.921764075756073, 0.48442164063453674, 0.5076438188552856, 0.6065813302993774, 0.24141155183315277, 0.02740631438791752, -0.40240246057510376, 0.14643056690692902, 0.7854269742965698, -0.21401217579841614, -0.4422149658203125, 1.0304203033447266, 1.371052861213684, -0.47182542085647583, -0.28821277618408203, -0.49705934524536133, -0.16597451269626617, -0.660716712474823, 0.44448667764663696, -0.38181132078170776, -0.38180381059646606, -0.0522598922252655, -0.5323086380958557, -1.282455325126648, -0.18454329669475555, 0.32876089215278625, 0.7033125758171082, -2.4273126125335693, 2.8953096866607666, 0.26535820960998535, 0.21657951176166534, -0.03093711845576763, -0.06723811477422714, -0.17738939821720123, 0.15149222314357758, 0.01287108100950718, -0.0016548902494832873, -0.002121024066582322, 0.1459011286497116, 0.04183172434568405, 0.010786682367324829, 0.17109714448451996, -0.09274758398532867, 0.11857114732265472, -0.01933230087161064, -0.02403309941291809, 0.06620201468467712, 0.20442327857017517, 0.07908527553081512, -0.09655245393514633, -0.019947823137044907, -0.0062530068680644035, -0.4091120958328247, 0.4700060486793518, -0.48075228929519653, -0.8001862168312073, 0.08516893535852432, -0.3483179211616516, -0.37157076597213745, 0.4181412160396576, -0.07156677544116974, -1.237230896949768, -0.9272715449333191, -3.0407822132110596, 0.0, -0.38999998569488525, 0.47999998927116394, 0.2622244358062744, -0.4732298254966736, -0.14995525777339935, 0.8275296688079834, -0.466795951128006, -0.7772542834281921, -0.4190869629383087, -0.04840794578194618, -0.015289920382201672, -0.4355759024620056, 0.45233675837516785, -0.022041158750653267, 0.1523251086473465, 0.9861392378807068, -0.06197291240096092, -0.532505989074707, 0.05341814458370209, 0.042767543345689774, -3.874326229095459, -0.3860979676246643, -3.2775681018829346, 0.00038501631934195757, -0.4392225742340088, 0.43591272830963135, 0.018641198053956032, -0.058740440756082535, 0.998056173324585, -0.009260361082851887, -0.5035964846611023, 0.17990131676197052, 0.16998319327831268, -10.937365531921387, -0.797507643699646, -1.7310521602630615, 0.026852259412407875, -0.4397410750389099, 0.4556645154953003, 0.017714861780405045, -0.4164368212223053, 0.9081279039382935, -0.03962535411119461, -0.44196510314941406, -0.18491823971271515, -0.014789832755923271, 3.6256000995635986, -0.8451311588287354, -0.966614842414856, 0.0517449826002121, -0.42439985275268555, 0.4734465479850769, -0.1877983659505844, 0.3571215271949768, 0.9131207466125488, -0.058364495635032654, -0.3463336229324341, -0.2661798894405365, -0.15796983242034912, 4.691928386688232, 4.185654640197754, -2.474691152572632, -0.0903247743844986, -0.3503414988517761, 0.49662232398986816, -0.3487355411052704, -0.4348154664039612, 0.7980527877807617, 0.22897765040397644, -0.4448038339614868, 0.25215092301368713, -0.5677611827850342, 0.7168826460838318, -9.961210250854492, -5.411852836608887, 0.9523525834083557, 1.5736759901046753, 0.7012050151824951, -0.04363296926021576, -0.02645450457930565, -0.02432854473590851, -1.037552833557129, 0.2179679572582245, 0.7580839395523071, 0.0016146288253366947, 0.0028659089002758265, 0.012135840952396393, -0.14913202822208405, -0.4979228675365448, 0.6837517023086548, 0.0033178392332047224, 0.00012830246123485267, -0.004589939955621958, -0.5978999733924866, 0.8738754987716675, 0.22439567744731903, -0.010924968868494034, 0.0014395687030628324, 0.0025866369251161814, -1.1286085844039917, -1.0134210586547852, 0.344107449054718, 0.005577617324888706, -0.0018900911090895534, 0.0032345401123166084, 1.0, -0.32250145077705383, -0.9853456020355225, -1.0, 0.207882359623909, -1.0, -0.6235468983650208, 1.0, 0.252896249294281, -0.8444758057594299, -1.0, -1.0, -0.16279909014701843, -1.0, 0.16822636127471924, -1.0, -1.0, 0.4163020849227905, 0.7038342952728271, 1.0]
[0.4289398789405823, -0.6266468167304993, -0.15564322471618652, -0.6727900505065918, 0.258567214012146, 0.3539683520793915, 0.18797172605991364, -0.9423990249633789, 0.33282679319381714, 0.2897712290287018, -0.08120867609977722, -0.2505415976047516, -0.7359867095947266, -0.5389412045478821, -0.3835105895996094, -0.6768229603767395, -0.8251938819885254, 0.4206920266151428, 0.615632951259613, -0.8242751955986023, -0.2406044900417328, 0.7856621742248535, 0.5067880749702454, 0.5840204954147339, 0.49898695945739746, 0.5062150955200195, -0.07062909752130508, -0.3831212520599365, -1.1988493204116821, -0.1743757128715515, -0.12708452343940735, -0.41311246156692505, 0.7959818243980408, 1.098644495010376, -0.13831010460853577, 0.0670471340417862, -0.4809896945953369, -0.17245575785636902, -0.5898746848106384, 0.47419601678848267, -0.3276308476924896, -1.0721311569213867, -0.2805297076702118, -0.4479542672634125, -1.0714696645736694, -0.41212376952171326, 0.03446074202656746, 0.7035745978355408, -2.7036306858062744, 2.7206852436065674, -0.07885847985744476, 0.1459749937057495, -0.056978173553943634, -0.05988318473100662, -0.11531950533390045, 0.1675402820110321, 0.01580173149704933, -0.017301328480243683, 0.04862944781780243, 0.26692330837249756, 0.10465957224369049, 0.03470872342586517, 0.21850648522377014, -0.10934944450855255, 0.15024322271347046, -0.0084373252466321, -0.023173388093709946, 0.047555096447467804, 0.18679195642471313, 0.0697137713432312, -0.10351214557886124, -0.035830553621053696, -0.013182142749428749, -0.40324321389198303, 0.4692496955394745, -0.5549598932266235, -0.703276515007019, 0.12718059122562408, -0.4257306158542633, -0.4428446292877197, 0.31875714659690857, -0.02388673461973667, -1.3484686613082886, -2.3704800605773926, -2.6027817726135254, 0.0, -0.38999998569488525, 0.47999998927116394, 0.2622244358062744, -0.4732298254966736, -0.14995525777339935, 0.8275296688079834, -0.5132544636726379, -0.7335813045501709, -0.40563467144966125, -0.18408867716789246, -0.023044761270284653, -0.43729087710380554, 0.4540623724460602, -0.018079400062561035, 0.13022282719612122, 0.9904332756996155, -0.04191574081778526, -0.3974834382534027, -0.23905563354492188, 0.17237266898155212, 6.217748641967773, 0.561062216758728, -1.9640225172042847, -0.007439592387527227, -0.43959590792655945, 0.44028574228286743, 0.01530328020453453, 0.029329726472496986, 0.9994128346443176, 0.008909876458346844, -0.4174957573413849, 0.10755540430545807, 0.32033976912498474, -9.918328285217285, -0.22202211618423462, -1.7074215412139893, 0.019943181425333023, -0.44220811128616333, 0.45934027433395386, 0.008060810156166553, -0.4298752546310425, 0.9022839069366455, -0.03203195706009865, -0.44450992345809937, -0.14635908603668213, 0.3484640121459961, 0.3963412046432495, -0.2215147316455841, -1.8221724033355713, 0.04538470134139061, -0.428915798664093, 0.471220999956131, -0.15092694759368896, 0.3069172203540802, 0.9384725689888, -0.04787512496113777, -0.3020087480545044, -0.35663530230522156, 0.0242091566324234, 7.479428768157959, 4.457957744598389, -1.4094151258468628, -0.09486126899719238, -0.34814098477363586, 0.49063512682914734, -0.4247041940689087, -0.4412822723388672, 0.7590799927711487, 0.22066651284694672, -0.26647403836250305, 0.13690143823623657, -0.41469964385032654, -0.2660562992095947, -8.94924259185791, -2.9540979862213135, -0.5466136932373047, 1.4393192529678345, 0.26115623116493225, -0.03829339146614075, 0.001215639989823103, 0.0035256072878837585, -0.7198710441589355, 0.5197075605392456, 0.8015837669372559, -0.009505716152489185, 0.0020752192940562963, 0.006296968087553978, 0.16660840809345245, -1.3000279664993286, 0.9594834446907043, 0.015208303928375244, 0.0023260870948433876, -0.00972980260848999, -0.6013845205307007, 0.9010258316993713, 0.41277411580085754, -0.009657999500632286, 0.0033707409165799618, 0.0023508749436587095, -1.502020239830017, -0.8364231586456299, 0.22615177929401398, 0.004183325916528702, -0.011798231862485409, 0.0031933027785271406, 0.9561965465545654, -0.020157670602202415, -1.0, -1.0, -0.6905357837677002, -1.0, -0.7488823533058167, 0.944865345954895, 0.7062494158744812, -0.41429802775382996, -1.0, -1.0, -0.048788994550704956, -1.0, -0.3330036699771881, -1.0, -1.0, -0.26028239727020264, 0.436830997467041, 1.0]
[0.5050221085548401, -0.5826056599617004, -0.18399620056152344, -0.7071546912193298, 0.09371534734964371, 0.3141823410987854, 0.14832551777362823, -0.9742367267608643, 0.3689251244068146, 0.37421223521232605, -0.06377193331718445, -0.1873357743024826, -0.7828952670097351, -0.5575379729270935, -0.48195308446884155, -0.6036677360534668, -0.8541294932365417, 0.3158514201641083, 0.5816749334335327, -0.8589876294136047, -0.36878475546836853, 0.581291913986206, 0.5460575222969055, 0.6537030935287476, 0.1353636234998703, 0.18929840624332428, -0.1757364422082901, -0.2702695429325104, -1.69377601146698, -0.4986436367034912, -0.1955910474061966, -0.18111349642276764, 0.14023412764072418, 0.464278906583786, 0.11351405829191208, 0.7700000405311584, -0.39828771352767944, -0.21305210888385773, -0.3944524824619293, 0.2060408592224121, -0.23934857547283173, -0.9118427634239197, -0.322664737701416, -0.45708051323890686, -0.8325899243354797, -0.5539210438728333, 0.3457365930080414, 0.6103169322013855, -7.913303375244141, -3.365206241607666, -0.26583749055862427, -0.1456984281539917, -0.05962426960468292, -0.022086037322878838, -0.27418994903564453, -0.10909782350063324, -0.048095718026161194, -0.037921905517578125, -0.21751335263252258, -0.09057576954364777, -0.007961641997098923, -0.0010259521659463644, -0.4066656529903412, -0.243737131357193, -0.1375170648097992, 0.003402549307793379, 0.013024312444031239, 0.06377822160720825, -0.11378394067287445, -0.06022784113883972, -0.04370809346437454, -0.019010640680789948, -0.017925310879945755, -0.40082216262817383, 0.46851101517677307, -0.615912675857544, -0.5987111330032349, 0.09977850317955017, -0.5022356510162354, -0.08970028907060623, -0.061616670340299606, 0.05057565122842789, 1.365714430809021, -2.6998555660247803, -1.5111722946166992, 0.0, -0.38999998569488525, 0.47999998927116394, 0.2622244358062744, -0.4732298254966736, -0.14995525777339935, 0.8275296688079834, -0.5149856209754944, -0.6669290661811829, -0.4412081241607666, -0.308756560087204, -0.026567667722702026, -0.43984928727149963, 0.45377880334854126, -0.015794405713677406, 0.050009049475193024, 0.9979752898216248, -0.03598548471927643, -0.056581176817417145, -0.3146873116493225, -0.09128265827894211, 11.340139389038086, 0.4593444764614105, 0.4432203471660614, -0.011035914532840252, -0.44013604521751404, 0.44321927428245544, 0.012419894337654114, 0.07694550603628159, 0.9968516230583191, 0.014555254951119423, -0.07487542182207108, 0.023511258885264397, 0.09006272256374359, -3.054757595062256, -0.33693066239356995, 0.24610339105129242, 0.015119122341275215, -0.4429211914539337, 0.46584638953208923, 0.0030838847160339355, -0.418940931558609, 0.9078250527381897, -0.018239140510559082, -0.17358826100826263, 0.03306929022073746, 0.3789958655834198, -1.7432470321655273, 0.20551131665706635, -1.1972097158432007, 0.042285554111003876, -0.4321068525314331, 0.46915826201438904, -0.12578170001506805, 0.2460259050130844, 0.9599563479423523, -0.04619501158595085, -0.028774866834282875, -0.2262101024389267, -0.10847801715135574, 7.443243980407715, 2.8680617809295654, 0.6427736878395081, -0.09657732397317886, -0.3477683365345001, 0.4851335287094116, -0.4884066879749298, -0.45291998982429504, 0.7172260880470276, 0.2047167867422104, -0.048089295625686646, -0.004596062004566193, -0.47970712184906006, 1.2653437852859497, -8.972444534301758, -1.8647829294204712, -1.7266380786895752, 0.21869346499443054, -1.142850399017334, -0.01880563609302044, 0.004810855258256197, 0.011942722834646702, -1.7681227922439575, 0.2578296661376953, -0.9147659540176392, -0.0340544618666172, 0.002524028066545725, 0.011757051572203636, -1.5454226732254028, 0.1298271268606186, -0.6810628175735474, 0.0009214547462761402, -0.0053344424813985825, 0.0030073849484324455, -1.3588486909866333, -0.8378446102142334, -0.5690682530403137, 0.00045664419303648174, 0.010766809806227684, 0.006609329953789711, -0.9611310958862305, 0.9487876296043396, -0.6672136783599854, -0.0038391968701034784, -0.0036325424443930387, -0.0031635595951229334, -0.17715570330619812, -0.6262840032577515, -1.0, -1.0, -1.0, -1.0, -1.0, 0.3133164942264557, 0.9990418553352356, 0.42607030272483826, -1.0, -1.0, -0.5002700090408325, -1.0, -0.19350945949554443, -1.0, -1.0, -0.795698881149292, 0.9196094274520874, 1.0]
[0.4728887975215912, -0.5911950469017029, -0.22474490106105804, -0.7326032519340515, -0.08142206817865372, 0.25663846731185913, 0.07953035831451416, -0.982211172580719, 0.3509775698184967, 0.3918306231498718, 0.0025456221774220467, -0.05547139793634415, -0.8215001225471497, -0.5920248627662659, -0.5029447078704834, -0.6057422161102295, -0.8774567246437073, 0.27001434564590454, 0.5562354922294617, -0.8896424174308777, -0.4694753885269165, 0.37181854248046875, 0.6120465397834778, 0.7131397128105164, -0.3041177988052368, -0.21454472839832306, -0.29756486415863037, -0.2898980975151062, -1.5764987468719482, -0.595923125743866, -0.43865424394607544, -0.008569364435970783, -0.3416402339935303, -0.011060582473874092, 0.49433451890945435, 1.4995908737182617, -0.3319118618965149, -0.3947509229183197, 0.05168778821825981, -0.127619206905365, -0.20116613805294037, -0.1639467030763626, -0.14363160729408264, -0.32513710856437683, -0.6771062016487122, -0.49819016456604004, 0.43424972891807556, 0.5150899887084961, -9.977800369262695, -3.973682403564453, -0.4027369022369385, -0.27371084690093994, -0.07185856997966766, -0.015603442676365376, -0.4332544207572937, -0.18843227624893188, -0.07081891596317291, -0.026849238201975822, -0.12229585647583008, -0.027975186705589294, 0.017210550606250763, 0.006952781695872545, -0.39140671491622925, -0.3001106381416321, -0.13943950831890106, 0.035215482115745544, 0.03425724804401398, 0.12035594880580902, -0.23540735244750977, -0.09428951889276505, -0.10865819454193115, -0.04016978666186333, -0.01754014380276203, -0.40180546045303345, 0.46787765622138977, -0.637302577495575, -0.5690021514892578, 0.03568577766418457, -0.5184672474861145, 0.15985389053821564, -0.09760035574436188, -0.1262766569852829, 0.8526682257652283, -1.3872923851013184, 0.5560517311096191, 0.0, -0.38999998569488525, 0.47999998927116394, 0.2622244358062744, -0.4732298254966736, -0.14995525777339935, 0.8275296688079834, -0.49364444613456726, -0.6300111413002014, -0.4990127384662628, -0.3322458267211914, -0.02360483817756176, -0.4416973888874054, 0.44882798194885254, -0.014632577076554298, -0.053876910358667374, 0.9972399473190308, -0.048943981528282166, 0.3934444785118103, -0.2830450236797333, -0.4492676854133606, 13.341811180114746, 0.4609624147415161, 3.261488437652588, -0.007834210060536861, -0.44019168615341187, 0.44176536798477173, 0.006058449856936932, 0.07115433365106583, 0.9974464774131775, -0.0008570472127757967, 0.38007959723472595, -0.033295854926109314, -0.19290708005428314, 2.8962767124176025, -0.971595048904419, 3.462819814682007, 0.01572699099779129, -0.44089794158935547, 0.47128480672836304, 0.005178752355277538, -0.4002130627632141, 0.9163369536399841, -0.011366179212927818, 0.15277820825576782, 0.22000199556350708, 0.3254707455635071, -2.8102664947509766, 0.9849345684051514, -0.7205632328987122, 0.044891394674777985, -0.4322105646133423, 0.4661133885383606, -0.12273399531841278, 0.20455309748649597, 0.9694249033927917, -0.05752865597605705, 0.2986619472503662, 0.020725378766655922, -0.18478316068649292, 3.2823874950408936, 0.02509874850511551, 2.556692361831665, -0.09470048546791077, -0.34981051087379456, 0.4788597524166107, -0.5344682335853577, -0.4790171682834625, 0.6700747013092041, 0.18943612277507782, 0.21922613680362701, -0.19603894650936127, -0.5243902206420898, 3.7504308223724365, -7.5183515548706055, 0.188737690448761, -2.5111749172210693, 0.22478066384792328, -1.6497621536254883, -0.012231733649969101, 0.005168656352907419, 0.020240826532244682, -2.6323344707489014, -0.006978936493396759, -1.3453774452209473, -0.026953918859362602, 0.00878287386149168, 0.021623525768518448, -1.159514307975769, -0.20314615964889526, -0.6973416805267334, 0.003905590856447816, -0.001317569985985756, -0.00883200578391552, -1.7076109647750854, -1.1237573623657227, -0.3565502166748047, 0.017400888726115227, 0.01378505676984787, 0.008166865445673466, -1.7974441051483154, 1.3722301721572876, -0.7654567956924438, -0.0037381467409431934, -0.011410677805542946, -0.010912764817476273, -1.0, -1.0, -1.0, -1.0, -1.0, -1.0, -1.0, 0.033780429512262344, 1.0, 1.0, -1.0, -0.386552631855011, -1.0, -1.0, 0.3085680902004242, -1.0, -1.0, -0.7684897184371948, 1.0, 1.0]
[0.3556383550167084, -0.6325254440307617, -0.31205520033836365, -0.7661423087120056, -0.23715129494667053, 0.14511245489120483, -0.049660831689834595, -0.983569860458374, 0.2914104163646698, 0.3800588846206665, 0.14492569863796234, 0.07009308785200119, -0.8518105745315552, -0.6328489780426025, -0.48133066296577454, -0.6481712460517883, -0.8965989351272583, 0.2517903447151184, 0.5467366576194763, -0.9119384288787842, -0.5420603156089783, 0.209319606423378, 0.6778140664100647, 0.7627087831497192, -0.5396822690963745, -0.3429235816001892, -0.4052042067050934, -0.3336728811264038, -1.3673509359359741, -1.435512900352478, -0.5841926336288452, -0.011934100650250912, -0.6590317487716675, -0.1783713549375534, 0.6272613406181335, 0.9714841246604919, -0.2557436525821686, -0.35403159260749817, 0.11843400448560715, -0.20294928550720215, -0.16546212136745453, -0.17021730542182922, -0.06712387502193451, -0.24275319278240204, -0.4370633661746979, -0.34620580077171326, 0.38846203684806824, 0.4268767833709717, -5.354942798614502, -1.1354176998138428, -0.17149734497070312, -0.06398671865463257, -0.006156791001558304, -0.028553148731589317, -0.18207001686096191, -0.07344900816679001, -0.03521346300840378, -0.013848460279405117, -0.12481066584587097, -0.2479458749294281, -0.09288476407527924, -0.02884955145418644, -0.22539621591567993, -0.1513860523700714, -0.08084975183010101, -0.010053988546133041, 0.0038623122964054346, 0.05650334432721138, -0.038309864699840546, 0.01402372308075428, -0.07658954709768295, -0.027966082096099854, -0.012567613273859024, -0.40351057052612305, 0.4643513560295105, -0.6385582089424133, -0.5650519132614136, -0.029159627854824066, -0.5216410756111145, 0.3892747163772583, -0.10706142336130142, -0.24855546653270721, 0.6509776711463928, -0.7900485396385193, 1.0220084190368652, 0.0, -0.38999998569488525, 0.47999998927116394, 0.2622244358062744, -0.4732298254966736, -0.14995525777339935, 0.8275296688079834, -0.4625721275806427, -0.6110518574714661, -0.5527085065841675, -0.327347069978714, -0.014640307053923607, -0.4421260952949524, 0.44063153862953186, -0.010127593763172626, -0.18324926495552063, 0.9795222878456116, -0.08278337121009827, 0.6918608546257019, -0.2239045649766922, -0.6171662211418152, 17.25254249572754, 1.5682042837142944, 5.266198635101318, 0.0015022503212094307, -0.43960365653038025, 0.43704721331596375, -0.00517833000048995, 0.030167005956172943, 0.9987755417823792, -0.038863494992256165, 0.6428620219230652, -0.03213871270418167, -0.3224371373653412, 6.0298686027526855, -0.9565680623054504, 5.314524173736572, 0.020165618509054184, -0.4376257061958313, 0.47352272272109985, 0.014221219345927238, -0.3915002942085266, 0.9200609922409058, -0.00360698695294559, 0.3712710440158844, 0.2019822597503662, 0.032046157866716385, -0.18140870332717896, 1.514723777770996, -0.03660425916314125, 0.05216554179787636, -0.43004661798477173, 0.46227696537971497, -0.1316760927438736, 0.17540127038955688, 0.9723016619682312, -0.08077887445688248, 0.4994980990886688, 0.11227329820394516, -0.23809756338596344, 3.1713311672210693, -0.3057664632797241, 3.870070695877075, -0.09011766314506531, -0.35334643721580505, 0.47301921248435974, -0.5594119429588318, -0.512447714805603, 0.6264324188232422, 0.17899174988269806, 0.344491183757782, -0.23154468834400177, -0.42265141010284424, 4.131067752838135, -5.17068338394165, 0.9721271991729736, -1.1814696788787842, 0.46542999148368835, -0.37633562088012695, -0.021571699529886246, -0.000644757819827646, 0.007376623339951038, -1.1946799755096436, 0.10040612518787384, -0.5684772729873657, -0.012342369183897972, 0.001942715491168201, 0.007921542972326279, -1.0915086269378662, 1.163975477218628, -0.7141057252883911, -0.011389917694032192, -0.0039472151547670364, 0.00296151265501976, -0.966794490814209, -0.34657514095306396, -0.4214521646499634, -0.0013363149482756853, 0.0036826138384640217, 0.005193817429244518, -1.1790423393249512, -0.10700561106204987, -0.380839079618454, 0.005536978133022785, -0.009101406671106815, -0.004172227811068296, -1.0, -1.0, -1.0, -1.0, -1.0, -1.0, -1.0, -0.15841704607009888, 1.0, 0.5295649170875549, -1.0, -0.37932294607162476, -1.0, -1.0, 0.14940720796585083, -1.0, -0.8195701241493225, -0.4618583917617798, 1.0, 1.0]
[0.194985032081604, -0.6814087629318237, -0.4062361717224121, -0.8007415533065796, -0.37017208337783813, -0.020716313272714615, -0.19077281653881073, -0.9857557415962219, 0.19038641452789307, 0.35331016778945923, 0.28812089562416077, 0.10217920690774918, -0.8749080896377563, -0.6644267439842224, -0.472630113363266, -0.6976962089538574, -0.9127092957496643, 0.23876065015792847, 0.5410047769546509, -0.9286861419677734, -0.5941630005836487, 0.10200382769107819, 0.734001100063324, 0.8036572337150574, -0.6457242369651794, -0.35359713435173035, -0.3942156434059143, -0.3232850730419159, -1.1532996892929077, -1.5473281145095825, -0.5749390125274658, -0.02214684709906578, -1.0757380723953247, -0.31611505150794983, 0.5629490613937378, -0.07309236377477646, -0.1988716572523117, -0.25512319803237915, -0.0074857729487121105, -0.20701804757118225, -0.141676127910614, -0.09356474876403809, -0.0420142225921154, -0.1851993352174759, -0.3398173749446869, -0.21959343552589417, 0.3232170343399048, 0.3520444333553314, -2.1667094230651855, -0.001196239609271288, -0.04038485139608383, 0.02210526168346405, 0.023522907868027687, 0.011212315410375595, -0.041490886360406876, -0.009897622279822826, -0.02594243548810482, -0.01467225607484579, -0.07228919863700867, -0.3058813214302063, -0.12617143988609314, -0.042191218584775925, -0.1379757970571518, -0.05831248313188553, -0.05618356168270111, -0.005066549405455589, 0.0033056121319532394, 0.023319687694311142, 0.001159285893663764, 0.023131759837269783, -0.042570389807224274, -0.016165614128112793, -0.005447931122034788, -0.4052363634109497, 0.45835086703300476, -0.5989030003547668, -0.6029270887374878, -0.0658252164721489, -0.5229350924491882, 0.46686434745788574, -0.10261090099811554, -0.39619773626327515, -0.6384481191635132, 0.3108663260936737, 2.0205237865448, 0.0, -0.38999998569488525, 0.47999998927116394, 0.2622244358062744, -0.4732298254966736, -0.14995525777339935, 0.8275296688079834, -0.41774532198905945, -0.6393389105796814, -0.5744102001190186, -0.2945973873138428, -0.003046755213290453, -0.44090598821640015, 0.4320404827594757, 0.005650741048157215, -0.3230692148208618, 0.9383363127708435, -0.12296057492494583, 0.8169191479682922, -0.06514260172843933, -0.6642593145370483, 16.53276252746582, 2.8166861534118652, 6.000832557678223, 0.01362479105591774, -0.4381524324417114, 0.43093037605285645, -0.013166948221623898, -0.036002855747938156, 0.9955518245697021, -0.08606335520744324, 0.765127956867218, -0.016109662130475044, -0.3937123715877533, 8.891603469848633, -0.03598079830408096, 5.95551872253418, 0.027084309607744217, -0.4354793131351471, 0.4705265462398529, 0.027499007061123848, -0.4118601679801941, 0.9108309149742126, -0.0014336456079035997, 0.4779512584209442, 0.052530162036418915, -0.3478144705295563, 4.23473596572876, 1.6192513704299927, 0.6613757014274597, 0.06189057230949402, -0.4262935519218445, 0.4576796591281891, -0.13997501134872437, 0.14589062333106995, 0.9729160666465759, -0.11205921322107315, 0.6020203232765198, 0.20327231287956238, -0.27988865971565247, 2.9445371627807617, 0.1849464476108551, 4.519705772399902, -0.08420290052890778, -0.3572235405445099, 0.4682137668132782, -0.5695083141326904, -0.5450271964073181, 0.5906630754470825, 0.17240260541439056, 0.4025551974773407, -0.23487356305122375, -0.341543048620224, 3.9489500522613525, -3.5637047290802, 1.5469590425491333, -0.3784981966018677, -0.14058446884155273, 0.09660190343856812, 0.009103549644351006, -0.0010295073734596372, 0.0012750562746077776, -0.3666931092739105, 0.23966310918331146, -0.24856089055538177, -0.011077309027314186, -0.0004106319975107908, 0.0014558207476511598, -0.5570956468582153, 1.6298820972442627, -0.5685878992080688, -0.017742985859513283, -0.002485901117324829, 0.003885275684297085, -0.4363560080528259, -0.21533530950546265, -0.2705986499786377, 7.558295328635722e-05, -0.0007012904970906675, 0.00305227842181921, -0.6260597109794617, -0.2833327054977417, -0.15059621632099152, 0.004561951849609613, -0.006148661486804485, -0.0012705510016530752, -1.0, -1.0, -1.0, -1.0, -1.0, -1.0, -1.0, -0.5190989375114441, 1.0, -0.16481474041938782, -1.0, -0.5646238923072815, -1.0, -1.0, 0.19692417979240417, -1.0, -0.8263853192329407, -0.2963419258594513, 1.0, 1.0]
[0.031226815655827522, -0.7235657572746277, -0.49352264404296875, -0.8330342173576355, -0.4815896153450012, -0.16854335367679596, -0.3243335783481598, -0.984153687953949, 0.05362187325954437, 0.31293410062789917, 0.40909385681152344, 0.042083609849214554, -0.8940603733062744, -0.6881076097488403, -0.5063072443008423, -0.7464696168899536, -0.9263978004455566, 0.2155192494392395, 0.5351444482803345, -0.9414751529693604, -0.650381326675415, 0.037059471011161804, 0.7798848748207092, 0.8373391032218933, -0.5892550349235535, -0.2679102122783661, -0.3542042076587677, -0.29097482562065125, -0.9604694247245789, -1.2447437047958374, -0.534321129322052, 0.04424566030502319, -1.3550007343292236, -0.4297153055667877, 0.46110254526138306, -0.817783534526825, -0.17131294310092926, -0.20391152799129486, -0.24024291336536407, -0.19783440232276917, -0.12211281061172485, -0.278230220079422, -0.07541786879301071, -0.14285889267921448, -0.4381560981273651, -0.12915728986263275, 0.2617661952972412, 0.2893739640712738, 1.566598892211914, 0.9972950220108032, 0.0880710631608963, 0.08639171719551086, 0.04757492244243622, 0.027452055364847183, 0.0866689458489418, 0.07727394998073578, 0.011933233588933945, -0.003626682795584202, 0.015004844404757023, -0.15542703866958618, -0.06759507954120636, -0.02394275553524494, 0.007809474598616362, 0.04242144897580147, -0.0033230939880013466, -0.013644812628626823, -0.0071576121263206005, -0.0036992914974689484, 0.03304039314389229, 0.026185303926467896, -0.00256133871152997, -0.0027809615712612867, 0.0022518772166222334, -0.4060913324356079, 0.4510050415992737, -0.5099338293075562, -0.6710529327392578, -0.07310307025909424, -0.533208429813385, 0.45633694529533386, -0.01998319663107395, -0.4283713698387146, -1.720157265663147, 0.5926822423934937, 2.589996814727783, 0.0, -0.38999998569488525, 0.47999998927116394, 0.2622244358062744, -0.4732298254966736, -0.14995525777339935, 0.8275296688079834, -0.3481985032558441, -0.712009608745575, -0.5577347874641418, -0.24643844366073608, 0.008345107547938824, -0.43843376636505127, 0.42461958527565, 0.029510939493775368, -0.4383518695831299, 0.884133517742157, -0.15901155769824982, 0.7402058839797974, 0.07618410140275955, -0.5692799687385559, 13.286487579345703, 3.2369914054870605, 5.576650142669678, 0.025814522057771683, -0.43593886494636536, 0.42493224143981934, -0.013285666704177856, -0.11772044748067856, 0.983997642993927, -0.133093923330307, 0.7345940470695496, 0.010767482221126556, -0.37051811814308167, 9.947236061096191, 1.1308796405792236, 5.7416839599609375, 0.034176986664533615, -0.43470388650894165, 0.4635155498981476, 0.04171447083353996, -0.4578263759613037, 0.8880605101585388, -0.0018271872540935874, 0.4190235435962677, -0.03171098977327347, -0.5672053098678589, 7.070566654205322, 1.6233478784561157, 0.5411418676376343, 0.07206029444932938, -0.42160674929618835, 0.45234018564224243, -0.14096203446388245, 0.1098402813076973, 0.9727071523666382, -0.1480049192905426, 0.5974254012107849, 0.21805959939956665, -0.3154818117618561, 3.9595143795013428, 1.4993525743484497, 4.913769721984863, -0.07788562029600143, -0.3608400225639343, 0.4639490246772766, -0.5717668533325195, -0.5761684775352478, 0.5598434209823608, 0.16639624536037445, 0.40454140305519104, -0.20288655161857605, -0.31057167053222656, 3.658320188522339, -2.997310161590576, 1.8562923669815063, 0.4363749921321869, -0.6109389066696167, 0.361402302980423, 0.01828796975314617, 0.0014296525623649359, -0.002614665077999234, 0.4265151023864746, 0.09712294489145279, 0.3208637833595276, -0.0021698386408388615, -0.0003921437310054898, -0.00319843553006649, 0.2418891191482544, 0.9125427007675171, -0.07472407817840576, -0.010254615917801857, 0.0006646555848419666, 0.0014762348728254437, 0.1923876404762268, 0.12362077087163925, -0.11144276708364487, -0.005303300451487303, -0.003317346563562751, 0.00015131948748603463, -0.006640845909714699, -0.3780723810195923, 0.1422106921672821, 0.0022888651583343744, -0.002674709539860487, 0.0012804678408429027, -0.7218490839004517, -0.8985052108764648, -1.0, -1.0, -1.0, -1.0, -0.9130715727806091, -0.7829464077949524, 1.0, -0.5996038317680359, -1.0, -0.8836222887039185, -1.0, -1.0, 0.018134526908397675, -1.0, -1.0, -0.1830490529537201, 1.0, 1.0]
[-0.09823646396398544, -0.7492926716804504, -0.5524477362632751, -0.8591631650924683, -0.5741940140724182, -0.2855725586414337, -0.4141201972961426, -0.9932276606559753, -0.1032014787197113, 0.2584742605686188, 0.47971242666244507, -0.0461210198700428, -0.9120082855224609, -0.7090426087379456, -0.5754529237747192, -0.792762279510498, -0.9363161325454712, 0.1708071082830429, 0.5234345197677612, -0.951725423336029, -0.7104222774505615, -0.001160401152446866, 0.8173539042472839, 0.8649988770484924, -0.39729198813438416, -0.13957582414150238, -0.20429925620555878, -0.26738378405570984, -0.7928888201713562, -0.9920647740364075, -0.3368130624294281, -0.1320318877696991, -1.5011816024780273, -0.7398706674575806, 0.26153767108917236, -0.8010439872741699, -0.16094611585140228, -0.19230405986309052, -0.3590587079524994, -0.18740390241146088, -0.07553184032440186, -0.48271605372428894, -0.14707890152931213, -0.12496554106473923, -0.4343268871307373, -0.07856427878141403, 0.2257235050201416, 0.2370273619890213, 5.2497453689575195, 1.0483942031860352, 0.22001364827156067, 0.052353497594594955, 0.038073476403951645, 0.022464223206043243, 0.1562555730342865, 0.06811719387769699, 0.018174000084400177, -0.01686227321624756, 0.17030738294124603, 0.026877224445343018, 0.01187046803534031, 0.004145274870097637, 0.19253773987293243, 0.15426334738731384, 0.08301768451929092, 0.006655540782958269, -0.006469207815825939, -0.026018014177680016, 0.14250637590885162, 0.0719737783074379, 0.05172461271286011, 0.01471455954015255, 0.00628278311342001, -0.4075663387775421, 0.44401219487190247, -0.4674968123435974, -0.6674993634223938, -0.1417865753173828, -0.5619500279426575, 0.17559711635112762, -0.0387556329369545, -0.16305619478225708, 4.6224517822265625, -3.3153045177459717, -0.40461835265159607, 0.0, -0.38999998569488525, 0.47999998927116394, 0.2622244358062744, -0.4732298254966736, -0.14995525777339935, 0.8275296688079834, -0.27250784635543823, -0.7110235691070557, -0.5978680849075317, -0.2504771649837494, 0.016940129920840263, -0.4358975887298584, 0.41935089230537415, 0.05466482788324356, -0.5232243537902832, 0.8306565284729004, -0.18236680328845978, 0.48651739954948425, 0.10436233878135681, -0.4273803234100342, 10.290855407714844, 3.3832156658172607, 3.901094675064087, 0.03517691418528557, -0.4336160123348236, 0.41937804222106934, -0.002437724033370614, -0.2101115584373474, 0.9631783962249756, -0.167733296751976, 0.5348557829856873, -0.018666328862309456, -0.39569589495658875, 12.07347297668457, 3.083350419998169, 4.298825263977051, 0.0398554690182209, -0.43425261974334717, 0.456364244222641, 0.05327410250902176, -0.5065784454345703, 0.8605338335037231, -0.004637949634343386, 0.27729496359825134, -0.01398309413343668, -0.47376200556755066, 6.281463623046875, 1.1931952238082886, 0.37044453620910645, 0.08062729239463806, -0.41717272996902466, 0.44710201025009155, -0.13327547907829285, 0.06602280586957932, 0.9717966318130493, -0.1830022782087326, 0.4650565981864929, 0.16067034006118774, -0.283140629529953, 4.554474830627441, 2.4748482704162598, 4.42257022857666, -0.07240720838308334, -0.36351603269577026, 0.4604165554046631, -0.5724618434906006, -0.6015710234642029, 0.5333737730979919, 0.16097210347652435, 0.30960363149642944, -0.11648015677928925, -0.24686242640018463, 2.9021732807159424, -2.5406925678253174, 1.163428783416748, 1.249698519706726, -0.6391881704330444, 0.0592099167406559, 0.012876398861408234, 0.005614915397018194, -0.005015476606786251, 0.9432491064071655, 0.11550876498222351, 0.27953118085861206, -0.015129641629755497, 0.0021961198654025793, -0.0030900640413165092, 1.3014755249023438, -0.10616743564605713, 0.3072660565376282, 0.0025527633260935545, 0.006406363099813461, -0.0050520640797913074, 0.9594900608062744, 0.2967861592769623, 0.36426210403442383, -0.0020174153614789248, -0.002594930585473776, -0.004921529442071915, 0.7852053046226501, -1.0210936069488525, 0.4719048738479614, 0.0042949942871928215, 0.002151274122297764, 0.004205167293548584, -0.2244577407836914, -0.7380880117416382, -1.0, -1.0, -1.0, -1.0, -0.8645920157432556, -0.9402225017547607, 1.0, -0.7157503366470337, -1.0, -1.0, -1.0, -0.965747058391571, -0.14791524410247803, -1.0, -1.0, -0.08741671591997147, 1.0, 1.0]
[-0.2175220251083374, -0.7833102345466614, -0.5094575881958008, -0.8949118852615356, -0.6491653919219971, -0.37970975041389465, -0.43882232904434204, -0.9987559914588928, -0.25373899936676025, 0.12790116667747498, 0.5306767225265503, 0.009478997439146042, -0.931501567363739, -0.7310668230056763, -0.4962804913520813, -0.8314349055290222, -0.9516661167144775, 0.21532422304153442, 0.5188019275665283, -0.8602761030197144, -0.6803282499313354, 0.00369645026512444, 0.8512027859687805, 0.8883571028709412, -0.47916704416275024, -0.2904658019542694, 0.30815744400024414, -0.2537456452846527, -0.6461542248725891, -0.8062450289726257, 0.018511831760406494, -0.014057951979339123, -1.3327196836471558, -1.5492686033248901, 0.24159424006938934, 1.0466607809066772, -0.16662731766700745, -0.20629261434078217, 0.7738990187644958, -0.14231303334236145, -0.15376661717891693, 0.8882042169570923, 0.13697148859500885, 1.7964719533920288, 0.587952196598053, 0.07704926282167435, 0.195005401968956, 0.20288608968257904, -1.5171561241149902, -1.1208150386810303, 0.011543603613972664, -0.009275510907173157, 0.013149618171155453, 0.012477181851863861, 0.04478300362825394, -0.031473979353904724, 0.008638772182166576, -0.017113665118813515, 0.000773921434301883, 0.349382609128952, 0.1587003618478775, 0.05965741351246834, 0.44427549839019775, 0.013660942204296589, 0.24242043495178223, 0.15135926008224487, 0.06007515266537666, 0.21509669721126556, 0.4382653832435608, 0.25314590334892273, -0.06540748476982117, -0.02489302307367325, 0.010944442823529243, -0.40753379464149475, 0.44024205207824707, -0.4931216239929199, -0.6500082015991211, -0.24093018472194672, -0.5256167054176331, 0.28945204615592957, 0.016899941489100456, -0.23809772729873657, 2.1522481441497803, -0.5308004021644592, 1.000752329826355, 0.0, -0.38999998569488525, 0.47999998927116394, 0.2622244358062744, -0.4732298254966736, -0.14995525777339935, 0.8275296688079834, -0.25370004773139954, -0.6495145559310913, -0.6820037961006165, -0.2205399125814438, 0.022337915375828743, -0.4331485331058502, 0.413066565990448, 0.07965360581874847, -0.5954809784889221, 0.777918815612793, -0.18411926925182343, 0.34073516726493835, 0.14781427383422852, -0.5243005156517029, 9.053771018981934, 4.418276786804199, 1.913434386253357, 0.04227917641401291, -0.43060818314552307, 0.4132613241672516, 0.021804023534059525, -0.3261842727661133, 0.9261709451675415, -0.18797799944877625, 0.5013986825942993, 0.04233940318226814, -0.527366578578949, 14.847668647766113, 5.645082473754883, 3.523283004760742, 0.045666564255952835, -0.4314083456993103, 0.4560471773147583, 0.06473584473133087, -0.5087755918502808, 0.8583827018737793, -0.011650772765278816, 0.4033658802509308, 0.2519524395465851, 0.15214920043945312, -2.0840086936950684, 0.7156542539596558, 1.6926416158676147, 0.08614391088485718, -0.413360595703125, 0.44689658284187317, -0.14991067349910736, 0.07218874990940094, 0.9660425782203674, -0.19767925143241882, 0.20009884238243103, 0.27337977290153503, 0.1322898119688034, -4.005346298217773, -4.833428859710693, 0.2593778669834137, -0.06930935382843018, -0.3655947148799896, 0.46176600456237793, -0.5331872701644897, -0.6246188282966614, 0.5347222685813904, 0.1990845799446106, 0.09819643199443817, -0.1319378912448883, 0.31467652320861816, 5.3278398513793945, 8.987942695617676, 2.501697301864624, 0.08067608624696732, -0.12703442573547363, -0.006065020337700844, 0.010571666061878204, 0.0018222436774522066, -0.0029910323210060596, 0.16194015741348267, 0.18989281356334686, -0.22838819026947021, -0.014265273697674274, -0.0005792253650724888, -0.005667117424309254, -0.083222396671772, -2.1283082962036133, 0.22659677267074585, 0.027732791379094124, 0.00048108852934092283, -0.003431097138673067, 0.34532007575035095, -0.50202476978302, 1.992720603942871, 0.05254478007555008, 0.011652382090687752, -0.007958266884088516, -1.0032272338867188, -3.663059711456299, -0.1786327213048935, 0.03377104550600052, -0.008841400034725666, -0.02721504494547844, -1.0, -1.0, 0.023072637617588043, -1.0, -1.0, -0.26145777106285095, -1.0, -1.0, 0.9573976397514343, 0.9533825516700745, -1.0, 1.0, -1.0, -1.0, 1.0, 0.22956693172454834, 0.09827110171318054, 0.4309215545654297, 1.0, 1.0]
[-0.34372761845588684, -0.8223540186882019, -0.45716023445129395, -0.9185227751731873, -0.7113795876502991, -0.4572449028491974, -0.4621529281139374, -1.00001859664917, -0.3836844861507416, -0.04010060802102089, 0.5961673855781555, 0.04834023863077164, -0.9433587193489075, -0.7488583326339722, -0.3009655475616455, -0.8624306917190552, -0.9650422930717468, 0.32499024271965027, 0.5465754866600037, -0.7309257984161377, -0.5751804113388062, 0.09670482575893402, 0.8792738318443298, 0.9079289436340332, -0.4618685841560364, -0.26753124594688416, 0.15998025238513947, -0.17662890255451202, -0.5366869568824768, -0.6692039370536804, -0.15035395324230194, -0.0057655456475913525, -1.1289094686508179, -1.5129073858261108, 0.28169316053390503, -0.017572659999132156, -0.08770553767681122, -0.13340438902378082, 0.9796542525291443, -0.11884647607803345, -0.09897410124540329, 1.0798239707946777, 0.3296188414096832, 1.488437533378601, 0.8539418578147888, 0.31407472491264343, 0.15394021570682526, 0.16665983200073242, 0.9663249254226685, 0.23883378505706787, -0.024635253474116325, 0.054502520710229874, 0.03286007419228554, 0.01687411032617092, -0.0012168260291218758, 0.04189407080411911, 0.0327734611928463, 0.01788126677274704, 0.027764391154050827, -0.3031916618347168, -0.1254895031452179, -0.04303205758333206, 0.11871765553951263, 0.025800766423344612, 0.08505327999591827, 0.028260961174964905, 0.009985217824578285, -0.07869227230548859, 0.09417982399463654, 0.06639993190765381, 0.029901742935180664, 0.003350275568664074, 0.016061116009950638, -0.4079866111278534, 0.4361097812652588, -0.5137568712234497, -0.6326225996017456, -0.3303166329860687, -0.4761652946472168, 0.392843097448349, -0.13178111612796783, -0.2508643567562103, -0.0037349804770201445, -0.14155371487140656, 1.5469639301300049, 0.0, -0.38999998569488525, 0.47999998927116394, 0.2622244358062744, -0.4732298254966736, -0.14995525777339935, 0.8275296688079834, -0.23883627355098724, -0.5851919054985046, -0.7537645101547241, -0.17985190451145172, 0.027560390532016754, -0.43002381920814514, 0.40730440616607666, 0.1031741127371788, -0.6516176462173462, 0.7287576794624329, -0.18347124755382538, 0.34861841797828674, 0.19508826732635498, -0.43572819232940674, 7.456226348876953, 3.5862417221069336, 2.2537100315093994, 0.04930761829018593, -0.4265963137149811, 0.4073551595211029, 0.05231604725122452, -0.44189170002937317, 0.8718327879905701, -0.20470035076141357, 0.5090750455856323, 0.15694575011730194, -0.5058461427688599, 13.453951835632324, 5.322465896606445, 4.115118503570557, 0.051437463611364365, -0.428322434425354, 0.45460134744644165, 0.07757311314344406, -0.513260543346405, 0.8545552492141724, -0.016769589856266975, 0.3412574529647827, 0.13896222412586212, -0.2359040528535843, 2.2466909885406494, 1.2429121732711792, 1.0158355236053467, 0.08967100083827972, -0.40997767448425293, 0.45080849528312683, -0.18885348737239838, 0.12712185084819794, 0.9542116522789001, -0.19404740631580353, 0.07999252527952194, 0.2837110757827759, 0.21437667310237885, -6.132976531982422, -6.622705459594727, -1.4288727045059204, -0.06668699532747269, -0.3682670593261719, 0.46715080738067627, -0.4729417860507965, -0.6289291977882385, 0.5632379055023193, 0.25206562876701355, 0.15665742754936218, -0.20112884044647217, 0.485892117023468, 1.4282811880111694, 9.661994934082031, 1.9974955320358276, -0.0901687890291214, -0.44684427976608276, 0.14216555655002594, 0.010171445086598396, -0.0015253574820235372, 0.002157560782507062, -0.011287640780210495, -0.34531664848327637, 0.17856663465499878, 0.012701517902314663, 3.763753920793533e-05, 0.002013757824897766, 0.20549051463603973, 1.6847199201583862, -0.28387266397476196, -0.017761262133717537, 0.0010489539708942175, -0.0006352810305543244, 0.2539388835430145, 0.025469966232776642, 0.4729616343975067, 0.01036726776510477, 0.0006375067168846726, -0.002541759517043829, 0.2358473688364029, -0.7164325714111328, 0.13311831653118134, 0.00535343773663044, -0.000423284072894603, 0.011455288156867027, -1.0, -1.0, -0.3056505024433136, -1.0, -1.0, -0.759799063205719, -1.0, -1.0, 1.0, -0.18899527192115784, -1.0, 1.0, -1.0, -1.0, 1.0, -0.10140323638916016, 0.16887274384498596, 1.0, 1.0, 1.0]
[-0.4606321156024933, -0.8568594455718994, -0.42088934779167175, -0.9347988367080688, -0.7628748416900635, -0.5216801166534424, -0.5238742232322693, -1.0000226497650146, -0.49246662855148315, -0.1829867959022522, 0.6603018045425415, 0.03769730031490326, -0.9523762464523315, -0.7604799270629883, -0.10596945881843567, -0.8884075284004211, -0.9725602865219116, 0.4353659152984619, 0.5832093954086304, -0.6431177258491516, -0.46941593289375305, 0.23275752365589142, 0.9010042548179626, 0.9238800406455994, -0.42061468958854675, -0.22523143887519836, 0.14315994083881378, -0.1369556188583374, -0.44259533286094666, -0.5551325082778931, -0.3107738196849823, 4.746401828015223e-05, -0.9375311732292175, -1.2004560232162476, 0.2535500228404999, -0.14254054427146912, -0.08194327354431152, -0.09545755386352539, 0.8572808504104614, -0.09788822382688522, -0.053663648664951324, 0.9869815111160278, 0.3442055583000183, 0.8668078780174255, 0.7072011828422546, 0.3435107469558716, 0.11808117479085922, 0.13535073399543762, 1.1431941986083984, 0.5639874339103699, 0.028241442516446114, 0.04977283626794815, 0.028444547206163406, 0.014416981488466263, 0.006302702706307173, 0.048520125448703766, 0.03393925353884697, 0.022786937654018402, 0.021644458174705505, -0.011109130457043648, -0.005452281329780817, -0.001387743977829814, -0.023752465844154358, 0.017175428569316864, 0.0020008906722068787, -0.012775244191288948, -0.005855629686266184, -0.12455067038536072, -0.08013898134231567, -0.051035888493061066, 0.051789529621601105, 0.013011098839342594, 0.022123374044895172, -0.41010117530822754, 0.4315929710865021, -0.5262913107872009, -0.6105226278305054, -0.4090583324432373, -0.427727609872818, 0.34438496828079224, -0.12918151915073395, -0.25834667682647705, 3.0311009883880615, -0.39744314551353455, 0.5277029871940613, 0.0, -0.38999998569488525, 0.47999998927116394, 0.2622244358062744, -0.4732298254966736, -0.14995525777339935, 0.8275296688079834, -0.2213335484266281, -0.5214537978172302, -0.811798632144928, -0.14170575141906738, 0.032427672296762466, -0.42689046263694763, 0.40262487530708313, 0.12454265356063843, -0.6941773295402527, 0.6847845911979675, -0.18351252377033234, 0.29908478260040283, 0.19682751595973969, -0.35567429661750793, 6.050872325897217, 3.1622402667999268, 1.994308352470398, 0.056332334876060486, -0.42198336124420166, 0.40247923135757446, 0.08195178210735321, -0.5325617790222168, 0.8123042583465576, -0.22321191430091858, 0.49420639872550964, 0.24710871279239655, -0.4233889579772949, 10.820056915283203, 4.343133449554443, 4.494483470916748, 0.05639873445034027, -0.4259338080883026, 0.4510195851325989, 0.0901525467634201, -0.5297899842262268, 0.8430997729301453, -0.019436553120613098, 0.298047810792923, 0.12521573901176453, -0.24877871572971344, 2.41105055809021, 1.2537950277328491, 0.8572115898132324, 0.09198930114507675, -0.406807005405426, 0.45503610372543335, -0.2277543991804123, 0.18749146163463593, 0.9378025531768799, -0.18303345143795013, 0.04657770320773125, 0.2715737223625183, 0.1646047830581665, -5.713306903839111, -6.106379985809326, -1.7967232465744019, -0.06328517198562622, -0.3709864914417267, 0.47249484062194824, -0.42565545439720154, -0.6180161237716675, 0.5960868000984192, 0.2855764627456665, 0.2304072380065918, -0.18387995660305023, 0.38821399211883545, -0.7339978814125061, 6.742726802825928, 1.6632096767425537, 0.18882793188095093, -0.4126097559928894, 0.10674485564231873, 0.008227835409343243, 0.0007527299458160996, 0.0001195434742840007, 0.024378370493650436, -0.45775356888771057, 0.217939093708992, 0.01592063531279564, -0.0002692709385883063, 0.0018457003170624375, 0.20365670323371887, 0.07306321710348129, 0.09636233747005463, -0.00029179584817029536, 0.0008633973775431514, 0.0003851433575619012, 0.11733121424913406, 0.08279260247945786, -0.14052638411521912, -0.004613740369677544, -0.002804417395964265, 0.0003741347463801503, 0.6258558034896851, 0.8359034061431885, 0.20076297223567963, -0.008736113086342812, 0.00299740768969059, 0.011378392577171326, -1.0, -1.0, -0.22294005751609802, -1.0, -1.0, -1.0, -1.0, -1.0, 1.0, -0.07032503932714462, -1.0, 0.8759191632270813, -1.0, -1.0, 1.0, -0.34347039461135864, 0.025565413758158684, 1.0, 1.0, 1.0]
[-0.5672498345375061, -0.8862910270690918, -0.3483622074127197, -0.947594404220581, -0.805246114730835, -0.5749078392982483, -0.5496792793273926, -1.0000193119049072, -0.5823836326599121, -0.2961205840110779, 0.716111421585083, 0.022505439817905426, -0.9605915546417236, -0.7700141072273254, 0.07074205577373505, -0.9096725583076477, -0.9772782921791077, 0.5318456292152405, 0.6176917552947998, -0.5660327076911926, -0.3450690805912018, 0.3558877110481262, 0.918856143951416, 0.9370852708816528, -0.37948542833328247, -0.19282980263233185, 0.38279521465301514, -0.10901685059070587, -0.36382490396499634, -0.4569849967956543, 0.006609749980270863, 3.444704270805232e-05, -0.7730453610420227, -0.9628057479858398, 0.21536627411842346, -0.1392163634300232, -0.07269282639026642, -0.08631027489900589, 0.7925135493278503, -0.08049752563238144, -0.03833003342151642, 0.8399006128311157, 0.3049154579639435, 0.9973576664924622, 1.000217080116272, 0.2871673107147217, 0.10066051781177521, 0.11319925636053085, 1.3286505937576294, 0.4868350625038147, 0.10694144666194916, 0.03952999413013458, 0.023413360118865967, 0.012157207354903221, 0.14039331674575806, 0.039895955473184586, 0.0296190045773983, 0.018245048820972443, 0.024677587673068047, 0.021262966096401215, 0.009115928784012794, 0.00331184477545321, 0.01061343401670456, 0.022744614630937576, 0.010165070183575153, -0.01432165689766407, -0.00845841970294714, -0.030590683221817017, 0.1222611516714096, 0.047648780047893524, 0.011490629985928535, 0.0007505923858843744, 0.027195971459150314, -0.4126224219799042, 0.4266498386859894, -0.5768467783927917, -0.5409858822822571, -0.5112382769584656, -0.3364778161048889, 0.27969875931739807, -0.17300093173980713, -0.2909126579761505, 4.018492221832275, -0.09617968648672104, 0.3046252429485321, 0.0, -0.38999998569488525, 0.47999998927116394, 0.2622244358062744, -0.4732298254966736, -0.14995525777339935, 0.8275296688079834, -0.2283155918121338, -0.3863528072834015, -0.8883622884750366, -0.09703517705202103, 0.03583062067627907, -0.4243776500225067, 0.3987143337726593, 0.14231573045253754, -0.7273304462432861, 0.6479088664054871, -0.1759280115365982, 0.16093340516090393, 0.1427697390317917, -0.3004085421562195, 4.685432434082031, 3.426466464996338, 0.6850266456604004, 0.06181047856807709, -0.4177648723125458, 0.398396372795105, 0.10995475202798843, -0.6004762053489685, 0.7572286128997803, -0.2322561889886856, 0.32319504022598267, 0.2202308624982834, -0.3659308850765228, 8.416261672973633, 4.586742401123047, 2.8608508110046387, 0.06081024929881096, -0.42365705966949463, 0.44765689969062805, 0.1019420325756073, -0.5452827215194702, 0.8317449688911438, -0.02178897336125374, 0.2641793191432953, 0.12407578527927399, -0.21996082365512848, 2.1417441368103027, 1.1523956060409546, 0.8100091814994812, 0.09360217303037643, -0.4038468599319458, 0.4587422311306, -0.2618456482887268, 0.24069620668888092, 0.9191859364509583, -0.16911320388317108, 0.02455812320113182, 0.2386486828327179, 0.13247838616371155, -4.836278438568115, -5.512734413146973, -1.8971072435379028, -0.05920872092247009, -0.37368351221084595, 0.4785534739494324, -0.3810500502586365, -0.5983595252037048, 0.6335358619689941, 0.30886730551719666, 0.28647857904434204, -0.19579732418060303, 0.5192216634750366, -2.0425713062286377, 7.686336040496826, 2.2201168537139893, 0.6162987947463989, -0.35215404629707336, 0.05608019977807999, 0.006874897517263889, 0.004990082234144211, -0.0023259450681507587, 0.7630741596221924, -0.4094446301460266, 0.1581040918827057, 0.012103378772735596, 0.004927538335323334, -0.005826112348586321, 0.22793182730674744, -0.11267183721065521, 0.12846176326274872, 0.0016217671800404787, 0.0009417154942639172, 0.000495791551657021, 0.15670685470104218, 0.1540583372116089, -0.10905229300260544, -0.006147544831037521, -0.0022035047877579927, 7.11793836671859e-05, 0.10200329124927521, -0.653541088104248, 0.17041340470314026, 0.0036462326534092426, -0.0008814623579382896, 0.001360868918709457, -1.0, -1.0, 0.2989964485168457, -1.0, -1.0, -0.3545589745044708, -1.0, -1.0, 1.0, -0.05686219781637192, -1.0, 1.0, -1.0, -1.0, 1.0, -0.09651367366313934, 0.512784481048584, 1.0, 1.0, 1.0]
[-0.6536466479301453, -0.9110062122344971, -0.21674473583698273, -0.9517855644226074, -0.8402922749519348, -0.6187946200370789, -0.4885801672935486, -0.9996434450149536, -0.6479434967041016, -0.3853880763053894, 0.761959969997406, -0.014887123368680477, -0.966858446598053, -0.7781577110290527, 0.22605010867118835, -0.927976667881012, -0.9807647466659546, 0.6084697842597961, 0.6468011736869812, -0.47599032521247864, -0.17695321142673492, 0.4554915726184845, 0.9338197112083435, 0.9480809569358826, -0.2784240245819092, -0.15963497757911682, 0.6287786364555359, -0.0004342988249845803, -0.30111807584762573, -0.3773960769176483, 0.3909262418746948, 0.01234905980527401, -0.514426589012146, -0.7206615805625916, 0.17391495406627655, -0.459573894739151, -0.05339587479829788, -0.0689348578453064, 0.6748676896095276, -0.07073002308607101, -0.03020574524998665, 0.6373680830001831, 0.2582394778728485, 1.1740871667861938, 1.3276389837265015, 0.22991028428077698, 0.08180984854698181, 0.09343567490577698, 2.652790069580078, 0.44737130403518677, 0.15265056490898132, 0.055012449622154236, 0.03014916367828846, 0.014313075691461563, 0.19923216104507446, 0.04271863400936127, 0.03838924318552017, 0.024178098887205124, 0.059534963220357895, -0.075766921043396, -0.03181718289852142, -0.011244905181229115, 0.031199390068650246, 0.05315132811665535, 0.010460369288921356, -0.018231656402349472, -0.00980321317911148, -0.06802310794591904, 0.12735949456691742, 0.04996170103549957, 0.027486886829137802, 0.005777263548225164, 0.030900266021490097, -0.41610002517700195, 0.42136117815971375, -0.6104249954223633, -0.47008705139160156, -0.5931788086891174, -0.23353424668312073, 0.18915265798568726, -0.2299407422542572, -0.29898011684417725, 3.584244966506958, 0.04932335019111633, 0.5557370185852051, 0.0, -0.38999998569488525, 0.47999998927116394, 0.2622244358062744, -0.4732298254966736, -0.14995525777339935, 0.8275296688079834, -0.23368853330612183, -0.25244390964508057, -0.938032329082489, -0.04191536083817482, 0.03688336908817291, -0.4230920970439911, 0.3957250416278839, 0.15359266102313995, -0.7525613307952881, 0.6208400726318359, -0.1569019854068756, -0.0223971176892519, 0.04733925312757492, -0.21517468988895416, 3.1055898666381836, 3.504768133163452, -0.9690921902656555, 0.06432110071182251, -0.41507411003112793, 0.39501482248306274, 0.13218997418880463, -0.6498333215713501, 0.714249849319458, -0.2238069623708725, 0.08384910225868225, 0.11079505831003189, -0.2850678265094757, 5.583085536956787, 4.415945053100586, 0.4572235345840454, 0.0640849843621254, -0.4219051003456116, 0.44354236125946045, 0.11208517104387283, -0.5656790733337402, 0.8166727423667908, -0.022131048142910004, 0.16330602765083313, 0.06996123492717743, -0.32166653871536255, 3.3790206909179688, 1.2573562860488892, 0.2397545874118805, 0.09441086649894714, -0.4014708399772644, 0.4617753326892853, -0.289911687374115, 0.2833165228366852, 0.9011044502258301, -0.15392711758613586, -0.012663869187235832, 0.17515555024147034, 0.09494562447071075, -3.691528081893921, -4.543558120727539, -1.8657087087631226, -0.05417273938655853, -0.3763311803340912, 0.4864951968193054, -0.3294548988342285, -0.5675632357597351, 0.6797881722450256, 0.32744359970092773, 0.3790050446987152, -0.18185776472091675, 0.6512757539749146, -3.476092576980591, 8.679682731628418, 2.9379236698150635, 0.8643054962158203, -0.4522651433944702, 0.025441087782382965, 0.00752909854054451, 0.0064154318533837795, -0.001588831888511777, 1.1131857633590698, -0.5669973492622375, 0.1433275043964386, 0.015673138201236725, 0.007739463355392218, -0.00597019586712122, 0.4981251358985901, 0.4520112872123718, 0.07879213988780975, -0.004464735276997089, 0.0023093572817742825, -3.4322223655181006e-05, 0.33621692657470703, 0.1977691650390625, -0.12092439830303192, -0.00683667603880167, -0.003140876302495599, -0.00019021265325136483, 0.34964269399642944, -0.6894778609275818, 0.33571523427963257, 0.004252064507454634, 0.00018297703354619443, 0.0007086812402121723, -0.8149660229682922, -1.0, 0.7805853486061096, -0.9223602414131165, -1.0, 0.28245604038238525, -0.9540864825248718, -0.8912957906723022, 1.0, -0.3576633036136627, -1.0, 1.0, -1.0, -1.0, 0.9467514753341675, 0.07843923568725586, 0.9424465298652649, 0.9726777076721191, 1.0, 1.0]
[-0.6864537596702576, -0.9337672591209412, -0.053034596145153046, -0.9279643297195435, -0.8185333609580994, -0.639403760433197, -0.38111263513565063, -0.9766005277633667, -0.6551308631896973, -0.4346168637275696, 0.7961642742156982, -0.08201000094413757, -0.9715209007263184, -0.7843284606933594, 0.35436251759529114, -0.9464515447616577, -0.9805599451065063, 0.6362747550010681, 0.678316593170166, -0.40175747871398926, 0.006625285372138023, 0.528580367565155, 0.9434298872947693, 0.9489989876747131, -0.008452099747955799, -0.15322965383529663, 0.7018986940383911, 0.3470792770385742, 0.4704556167125702, 0.011223198845982552, 0.4799284040927887, 0.33631953597068787, 0.1771753579378128, -0.17418526113033295, 0.1260024458169937, -0.7123070955276489, -0.04170280322432518, -0.05123046785593033, 0.5468500256538391, -0.07383077591657639, 0.015890562906861305, 0.05533251166343689, 0.2578648030757904, 0.7780918478965759, 1.3134071826934814, 0.15441308915615082, 0.046415578573942184, -0.03600683435797691, 6.039486885070801, 0.2365819215774536, 0.23906558752059937, 0.09572209417819977, 0.09769922494888306, 0.05704062059521675, 0.24782735109329224, 0.11192496120929718, 0.09885746985673904, 0.06292271614074707, 0.1624058037996292, -0.08661859482526779, -0.03491026163101196, -0.012169559486210346, 0.1451500505208969, 0.14290550351142883, 0.05306849628686905, -0.03291032835841179, -0.022420549765229225, -0.2679307460784912, -0.06764180213212967, -0.049509160220623016, 0.1429326981306076, 0.04080714285373688, 0.032641034573316574, -0.4208676815032959, 0.4165833294391632, -0.6351684927940369, -0.3842199742794037, -0.6611592769622803, -0.10864776372909546, 0.04934968426823616, -0.3282991945743561, -0.23937906324863434, 4.1587138175964355, 0.3393319249153137, 0.6444920897483826, 0.0, -0.38999998569488525, 0.47999998927116394, 0.2622244358062744, -0.4732298254966736, -0.14995525777339935, 0.8275296688079834, -0.24186618626117706, -0.10074982047080994, -0.9647538065910339, 0.02450272999703884, 0.034834861755371094, -0.42399150133132935, 0.3952817916870117, 0.15062125027179718, -0.7516457438468933, 0.6281282305717468, -0.13340482115745544, -0.2501397430896759, -0.14133413136005402, 0.09830820560455322, -3.897028923034668, 0.5866016149520874, -2.8318352699279785, 0.06343606859445572, -0.4150308072566986, 0.3938632309436798, 0.1374591886997223, -0.664671003818512, 0.704666256904602, -0.20679175853729248, -0.16904518008232117, -0.08576007187366486, 0.012995107099413872, -1.3198363780975342, 0.8123369812965393, -2.0290567874908447, 0.06442635506391525, -0.4212828576564789, 0.4379982650279999, 0.11756902188062668, -0.5943740010261536, 0.795385479927063, -0.016092464327812195, -0.0888625979423523, -0.018309878185391426, -0.4214293360710144, 4.470666408538818, 1.3256765604019165, -1.131126880645752, 0.09350895881652832, -0.40098804235458374, 0.46376147866249084, -0.30915993452072144, 0.30998536944389343, 0.8884901404380798, -0.13752947747707367, -0.1293908953666687, -0.0056785643100738525, 0.05640455707907677, -1.412042260169983, -2.8211400508880615, -1.7989853620529175, -0.04984845966100693, -0.37759214639663696, 0.4943907558917999, -0.2845834493637085, -0.5299925208091736, 0.7241746187210083, 0.3371812403202057, 0.2662542164325714, -0.033067211508750916, 0.5585802793502808, -4.142002582550049, 6.659865856170654, 2.254209518432617, 1.3162336349487305, -1.4069347381591797, 0.061497319489717484, 0.03593660518527031, 0.00735863670706749, 0.0010495950700715184, 1.3876886367797852, -1.4732906818389893, 0.3357399106025696, 0.040823351591825485, 0.007852221839129925, -0.0015518502332270145, 1.2468416690826416, 0.5341285467147827, 0.17675453424453735, -0.004157631658017635, 0.006123713217675686, -0.0012672210577875376, 0.9220775961875916, 0.5852315425872803, -0.07225823402404785, -0.013642078265547752, -0.005618514493107796, -0.0026204227469861507, 1.9884486198425293, 0.730270504951477, 0.8578217625617981, -0.0065077184699475765, 0.008991965092718601, 0.0034672615583986044, -0.11304833739995956, -1.0, 1.0, -0.6255478858947754, -0.39131033420562744, 0.4319513142108917, -0.6483211517333984, -0.4053647816181183, 1.0, -0.5676852464675903, -1.0, 1.0, -1.0, -0.9633005857467651, 0.5614959597587585, -0.12335044145584106, 1.0, 0.8062887191772461, 1.0, 0.9100472331047058]
[-0.6355056166648865, -0.9578055143356323, 0.09944825619459152, -0.868105947971344, -0.6827130317687988, -0.6152768135070801, -0.25741592049598694, -0.9052097797393799, -0.5602096319198608, -0.4261264204978943, 0.8201524615287781, -0.14353740215301514, -0.9761465787887573, -0.7895925045013428, 0.4588076174259186, -0.9649981260299683, -0.9809464812278748, 0.5841119289398193, 0.6825093030929565, -0.3824487030506134, 0.17144861817359924, 0.5607292056083679, 0.9471694827079773, 0.9203642010688782, 0.33740007877349854, -0.16612671315670013, 0.5733022093772888, 0.6545936465263367, 1.6647871732711792, 0.4146589934825897, 0.5734020471572876, 0.8371618390083313, 1.2614854574203491, 0.27720585465431213, 0.07713164389133453, -0.4233940541744232, -0.04758438467979431, -0.05079406127333641, 0.4440508782863617, -0.07102301716804504, -0.019409304484725, -0.7658270597457886, -0.13740365207195282, -0.05454226955771446, 1.1067160367965698, 0.036063339561223984, 0.01674354076385498, -0.3807593286037445, 7.2223615646362305, 0.0911099836230278, 0.20294852554798126, 0.027490779757499695, 0.08738213777542114, 0.052050746977329254, 0.33483919501304626, 0.14161419868469238, 0.13390812277793884, 0.0679464191198349, 0.2064637839794159, 0.09645283967256546, 0.043489158153533936, 0.01609160751104355, 0.20738430321216583, 0.18141672015190125, 0.060063742101192474, -0.04528344050049782, -0.036847036331892014, -0.4051234722137451, -0.1913014054298401, -0.11123700439929962, 0.2242317944765091, 0.06320562213659286, 0.03053833357989788, -0.42793387174606323, 0.41478732228279114, -0.6754563450813293, -0.1959020048379898, -0.6993629932403564, 0.12756356596946716, -0.2622620761394501, -0.4857140779495239, 0.05176525190472603, 10.416460990905762, 3.4456727504730225, 0.6627875566482544, 0.0, -0.38999998569488525, 0.47999998927116394, 0.2622244358062744, -0.4732298254966736, -0.14995525777339935, 0.8275296688079834, -0.29082760214805603, 0.18293043971061707, -0.930631160736084, 0.12602131068706512, 0.029206883162260056, -0.4270537495613098, 0.3986842632293701, 0.130676731467247, -0.7012412548065186, 0.6916007399559021, -0.11345762759447098, -0.4808146059513092, -0.2387624830007553, 0.48345208168029785, -12.70765495300293, -2.7776308059692383, -3.6594386100769043, 0.05852624773979187, -0.41843241453170776, 0.39684975147247314, 0.11843634396791458, -0.6220462918281555, 0.7508155107498169, -0.18790210783481598, -0.4893018901348114, -0.29012787342071533, 0.44218283891677856, -10.534451484680176, -3.2607622146606445, -4.648108959197998, 0.0604904480278492, -0.42192283272743225, 0.4326196014881134, 0.11486212909221649, -0.6221885085105896, 0.7743937373161316, -0.0015365115832537413, -0.3774295747280121, -0.08487500250339508, -0.3156670331954956, 3.2234575748443604, 0.9091907143592834, -2.450873851776123, 0.09004654735326767, -0.40366047620773315, 0.46424436569213867, -0.3155484199523926, 0.3002026379108429, 0.8914598822593689, -0.12492680549621582, -0.2791557312011719, -0.27188166975975037, 0.023734617978334427, 3.551133394241333, 0.3030899167060852, -0.2959510385990143, -0.04972869157791138, -0.37606728076934814, 0.5003165602684021, -0.2626727223396301, -0.4949488639831543, 0.7556070685386658, 0.33924400806427, -0.09761244803667068, 0.1851125955581665, 0.36989444494247437, -3.9354019165039062, 3.1869118213653564, 0.5148662328720093, 1.1360020637512207, -1.1681967973709106, -0.03645908832550049, 0.034527797251939774, 0.003915657754987478, 0.0037877564318478107, 1.8731255531311035, -1.73287034034729, 0.4655255377292633, 0.04195336624979973, 0.011057700961828232, -0.0036200485192239285, 1.5022629499435425, -0.51336669921875, 0.37706053256988525, 0.008391108363866806, 0.007385578937828541, -0.0009174479055218399, 1.1703599691390991, 0.8368683457374573, -0.1255190223455429, -0.024294011294841766, -0.0067160362377762794, -0.003976533655077219, 3.0855748653411865, 1.6087732315063477, 1.058619499206543, -0.012776922434568405, 0.013836435973644257, 0.004050001036375761, 0.6542333960533142, -1.0, 1.0, -0.3283390402793884, 0.5433217287063599, 0.6430723667144775, -0.20877578854560852, 0.3972059190273285, 1.0, -0.41374471783638, -1.0, 1.0, -1.0, -1.0, -0.016656823456287384, -0.5565563440322876, 0.9380568861961365, 0.5080530047416687, 1.0, 0.6423949003219604]
[-0.5042722225189209, -0.9738091230392456, 0.20845665037631989, -0.8196923136711121, -0.46994325518608093, -0.5569106936454773, -0.12798646092414856, -0.8320345878601074, -0.385906845331192, -0.3805488646030426, 0.87834632396698, -0.09541834890842438, -0.958284318447113, -0.7901480793952942, 0.5431895852088928, -0.979713499546051, -0.9831292033195496, 0.41831088066101074, 0.6466851830482483, -0.43134889006614685, 0.2427360564470291, 0.5212164521217346, 0.9313057065010071, 0.8984236121177673, 0.6015266180038452, -0.06087091192603111, 0.49232029914855957, 0.6002368330955505, 2.225539207458496, 0.6599625945091248, 0.6188923716545105, 0.503919780254364, 1.7081049680709839, 0.5161446928977966, 0.21069656312465668, 0.8044775128364563, 0.2894846200942993, 0.0593935064971447, 0.35890474915504456, -0.04920732229948044, -0.026994913816452026, -1.934512972831726, -0.5158494710922241, -0.9086362719535828, 0.1725126951932907, -0.18118099868297577, -0.14509931206703186, -0.10642627626657486, 5.431616306304932, 1.8938841819763184, 0.23955044150352478, 0.20488861203193665, 0.11851038783788681, 0.0533575639128685, 0.4048113524913788, 0.12817947566509247, 0.04886115342378616, 0.02053176611661911, 0.10428492724895477, 0.20836088061332703, 0.10529805719852448, 0.0440167561173439, 0.2957559823989868, 0.1050591841340065, 0.11695139110088348, -0.050402939319610596, -0.04390200227499008, -0.3744063973426819, -0.3712683618068695, -0.22363600134849548, 0.1976892054080963, 0.07093594968318939, 0.023888619616627693, -0.43299537897109985, 0.42078956961631775, -0.7035369277000427, -0.22785812616348267, -0.6532496809959412, 0.1624232828617096, -0.48322200775146484, -0.30282682180404663, 0.5162743330001831, 0.17103177309036255, 2.1047346591949463, 0.9556757807731628, 0.0, -0.38999998569488525, 0.47999998927116394, 0.2622244358062744, -0.4732298254966736, -0.14995525777339935, 0.8275296688079834, -0.3498203158378601, 0.1651013046503067, -0.9089118838310242, 0.1557130068540573, 0.02019888535141945, -0.4299270212650299, 0.40392005443573, 0.10366342216730118, -0.614719033241272, 0.7762794494628906, -0.09361854195594788, -0.7024333477020264, -0.16547276079654694, 0.6855165958404541, -16.946109771728516, -3.327925205230713, -4.1542887687683105, 0.04926396906375885, -0.4231487512588501, 0.40235665440559387, 0.08796250820159912, -0.5375493168830872, 0.823056697845459, -0.1608758419752121, -0.7756578326225281, -0.23465169966220856, 0.5068128108978271, -13.055726051330566, -3.0790066719055176, -5.849319934844971, 0.052886221557855606, -0.42368283867836, 0.4344104528427124, 0.10355833917856216, -0.6069096922874451, 0.7876766920089722, 0.022395478561520576, -0.5428431630134583, -0.11429416388273239, 0.35979607701301575, -5.557819366455078, 0.14997467398643494, -2.7300539016723633, 0.08441872894763947, -0.40969744324684143, 0.4636189043521881, -0.3095499575138092, 0.2394287884235382, 0.9120323657989502, -0.12267638742923737, -0.36899492144584656, -0.5460291504859924, 0.03767666220664978, 9.22493839263916, 3.2572953701019287, 2.519409418106079, -0.05578644201159477, -0.3720831871032715, 0.5017978549003601, -0.2826685309410095, -0.4767798185348511, 0.757277250289917, 0.3454137444496155, -0.5582207441329956, 0.3448784649372101, -0.05090932548046112, -1.5050294399261475, -2.8981916904449463, -3.9314441680908203, 1.370841383934021, -1.5882704257965088, 0.5171880722045898, 0.029533512890338898, 0.008058839477598667, -0.001891556428745389, 2.2623589038848877, -0.6686433553695679, 0.4141659140586853, 0.010502113960683346, 0.013746325857937336, -0.01403182651847601, 0.7939955592155457, -1.4240330457687378, 0.6482795476913452, 0.022656256332993507, 0.0024261793587356806, 0.004775557201355696, 0.6732103228569031, 1.1484779119491577, -0.008094160817563534, -0.02667483314871788, -0.004380637314170599, -0.0018492704257369041, 2.9920413494110107, 3.059469223022461, 0.8234819769859314, -0.025276923552155495, 0.023063309490680695, 0.000226398857193999, 1.0, -0.88386470079422, 1.0, -0.35470685362815857, 1.0, 0.8093018531799316, 0.48071762919425964, 1.0, 1.0, -0.49834582209587097, -1.0, 1.0, -1.0, -1.0, -0.9330651760101318, -1.0, 0.08139516413211823, -0.15823954343795776, 0.8088639974594116, 0.8918848037719727]
[-0.3296656608581543, -0.9688724279403687, 0.3214806914329529, -0.7304403185844421, -0.25385189056396484, -0.4496597945690155, 0.04573926329612732, -0.7972161173820496, -0.20284534990787506, -0.319490522146225, 0.9030421376228333, -0.0391794890165329, -0.9252237677574158, -0.7799234390258789, 0.6118752360343933, -0.9753627181053162, -0.9866991639137268, 0.20268425345420837, 0.5808020234107971, -0.5104573965072632, 0.22176313400268555, 0.4726298451423645, 0.9242780804634094, 0.9013727307319641, 0.6914891600608826, 0.09740053862333298, 0.5407992601394653, 0.9509620666503906, 1.8782774209976196, 1.5568443536758423, 0.9406144022941589, 0.25724706053733826, 1.6757112741470337, 0.7405871152877808, -0.1541830152273178, 0.4991118013858795, 0.30417197942733765, 0.1102139949798584, 0.29918405413627625, 0.055660564452409744, -0.0361451730132103, -2.0191171169281006, -0.7032750248908997, -1.0191303491592407, -0.32909807562828064, -0.0926186740398407, 0.017059456557035446, 0.09889429062604904, 1.6380237340927124, 2.06620717048645, 0.14077776670455933, 0.21555271744728088, 0.034404151141643524, 0.05479201674461365, 0.31210172176361084, 0.08707186579704285, -0.001213545328937471, 0.009487880393862724, -0.16077196598052979, -0.013838429003953934, -0.014611823484301567, -0.005893714260309935, 0.1766529530286789, 0.014746613800525665, 0.0849699079990387, 0.019556423649191856, -0.004564135801047087, -0.06956242769956589, -0.1150612160563469, -0.058077942579984665, 0.05977858603000641, 0.025707239285111427, 0.014038619585335255, -0.4347236454486847, 0.4319498538970947, -0.7925893068313599, -0.1786840856075287, -0.5530120730400085, 0.18453124165534973, -0.6774427890777588, 0.035986825823783875, 0.7610360383987427, -0.81917804479599, 3.5736243724823, -1.6196008920669556, 0.0, -0.38999998569488525, 0.47999998927116394, 0.2622244358062744, -0.4732298254966736, -0.14995525777339935, 0.8275296688079834, -0.46937260031700134, 0.20332551002502441, -0.8518946766853333, 0.11235449463129044, 0.009046351537108421, -0.43290430307388306, 0.41320082545280457, 0.07695088535547256, -0.4814758598804474, 0.8705711960792542, -0.06606912612915039, -0.793795645236969, 0.005558079574257135, 0.9170331954956055, -22.404077529907227, -2.8499252796173096, -4.084887981414795, 0.036500491201877594, -0.42747804522514343, 0.4080636501312256, 0.06387097388505936, -0.44399070739746094, 0.886168360710144, -0.11618281900882721, -0.9550167322158813, -0.1508416086435318, 0.5286877751350403, -14.195502281188965, -0.9103515148162842, -7.038302898406982, 0.04391729086637497, -0.42611217498779297, 0.4385634958744049, 0.08827376365661621, -0.5767693519592285, 0.8108890652656555, 0.044761814177036285, -0.5286179184913635, -0.12057959288358688, 0.33640268445014954, -4.778412818908691, -0.6897352337837219, -1.94145929813385, 0.07703311741352081, -0.41712242364883423, 0.4632658362388611, -0.2979651987552643, 0.15337485074996948, 0.9339852333068848, -0.12395266443490982, -0.45464834570884705, -0.5834790468215942, 0.05985565483570099, 9.997246742248535, 3.2762868404388428, 2.6947152614593506, -0.06516770273447037, -0.3664790987968445, 0.4999021291732788, -0.33639174699783325, -0.46621355414390564, 0.7357788681983948, 0.35793134570121765, -0.6575712561607361, 0.45978763699531555, -0.21652407944202423, -1.5791001319885254, -5.2370829582214355, -6.263084411621094, 0.7653989791870117, -1.041519284248352, 0.5848888158798218, 0.039169225841760635, 0.004777918569743633, -0.0054953498765826225, 1.6244388818740845, -0.16508592665195465, 0.28904637694358826, 0.007011592388153076, 0.008092083036899567, -0.018308676779270172, -0.881193220615387, 0.16067615151405334, 0.28266826272010803, -0.0034835725091397762, -0.009869540110230446, 0.017590150237083435, 0.10250367969274521, 0.3191277086734772, 0.39631637930870056, 0.00022277951939031482, -0.0023031900636851788, -0.0005913975764997303, 0.9171503782272339, 0.8401215672492981, 0.22437793016433716, -0.006358353886753321, 0.011032837443053722, -5.373100430006161e-05, 1.0, -0.778995931148529, 0.6160231232643127, 0.14389726519584656, 1.0, 1.0, 0.1195761188864708, 1.0, 1.0, -1.0, -1.0, 1.0, -0.8485458493232727, -1.0, -1.0, -1.0, -0.16730685532093048, 0.28351813554763794, 1.0, 1.0]
[-0.13904090225696564, -0.9562458992004395, 0.4602254331111908, -0.6131447553634644, -0.06665173172950745, -0.24015285074710846, 0.27031731605529785, -0.7800225019454956, -0.03749621659517288, -0.1851322501897812, 0.8361448049545288, -0.01181044615805149, -0.8902005553245544, -0.767241895198822, 0.6552886366844177, -0.8978327512741089, -0.9892197847366333, 0.012708500027656555, 0.4481819272041321, -0.5884317755699158, 0.13087180256843567, 0.3885520100593567, 0.9315715432167053, 0.9144641757011414, 0.729371964931488, 0.08550351113080978, 0.5268859267234802, 1.179548740386963, 1.6869629621505737, 2.1603598594665527, 0.9962997436523438, 0.13082490861415863, 1.4330734014511108, 1.6324859857559204, -0.3661726415157318, 0.11353740841150284, 0.3310943841934204, 0.12332262098789215, 0.1470215767621994, 0.46419936418533325, -0.018069341778755188, -1.6153429746627808, -1.7123068571090698, -0.933752715587616, -0.8399338722229004, -0.2753455936908722, 0.062335241585969925, 0.1329340636730194, 0.8073828220367432, 0.2484302520751953, -0.03568342328071594, 0.06533871591091156, -0.006024001631885767, 0.00621703639626503, 0.12687893211841583, 0.008591542951762676, -0.030457284301519394, 0.014118103310465813, -0.02415264956653118, -0.17584891617298126, -0.07497157901525497, -0.026943642646074295, -0.07176759093999863, 0.0859406515955925, -0.03080514818429947, 0.02750491350889206, -0.022216012701392174, 0.013478189706802368, -0.15966244041919708, -0.11188192665576935, -0.004274518229067326, -0.001173437456600368, 0.003986967261880636, -0.4301351010799408, 0.4443029761314392, -0.8947811126708984, -0.043903253972530365, -0.4232540428638458, 0.1352601945400238, -0.5730744004249573, 0.48747965693473816, 0.6778509020805359, 2.148754119873047, 5.576838970184326, -5.107351303100586, 0.0, -0.38999998569488525, 0.47999998927116394, 0.2622244358062744, -0.4732298254966736, -0.14995525777339935, 0.8275296688079834, -0.5822135210037231, 0.2728426158428192, -0.7649219036102295, -0.03845614194869995, -0.0034271865151822567, -0.43408575654029846, 0.4240277409553528, 0.061198242008686066, -0.2939109802246094, 0.9534265995025635, -0.029134133830666542, -0.7725511789321899, 0.33135586977005005, 0.8808069229125977, -25.697492599487305, -0.7677129507064819, -3.159146547317505, 0.021684838458895683, -0.43039578199386597, 0.41333314776420593, 0.051377810537815094, -0.32659661769866943, 0.9419581294059753, -0.058393657207489014, -0.9735576510429382, 0.06483020633459091, 0.44910454750061035, -16.901920318603516, 0.5185102224349976, -6.661826133728027, 0.03526623174548149, -0.42850252985954285, 0.44153910875320435, 0.07130564004182816, -0.5531588792800903, 0.8281849026679993, 0.0551409050822258, -0.5537331700325012, -0.11825337260961533, 0.16475211083889008, -2.95920991897583, -1.150079607963562, -1.711466670036316, 0.06725574284791946, -0.42418843507766724, 0.4621216952800751, -0.2802763879299164, 0.04764316603541374, 0.9514725208282471, -0.11779272556304932, -0.5935773849487305, -0.5921260118484497, -0.061542853713035583, 13.876413345336914, 4.436186790466309, 2.784456729888916, -0.07478427141904831, -0.36049288511276245, 0.4950093924999237, -0.4000929892063141, -0.46755245327949524, 0.69586181640625, 0.370265394449234, -0.615363597869873, 0.4425349533557892, -0.4774358868598938, 0.9345691800117493, -7.302573204040527, -6.1443634033203125, -0.3381664752960205, -0.026005852967500687, -0.0684899166226387, 0.005826947744935751, -0.0006719999364577234, 0.007159180007874966, 0.5392616391181946, -0.02586558274924755, -0.18401730060577393, 0.013730118051171303, 0.001349877449683845, -0.006882559508085251, -0.09715569019317627, 1.0229592323303223, -0.21048438549041748, -0.011599252000451088, -0.0015116119757294655, 0.0029463935643434525, 0.49808269739151, 0.1092292070388794, -0.013069620355963707, -0.020577574148774147, -0.005629369989037514, -0.0066120317205786705, -0.045649416744709015, 1.425553321838379, -0.03051312454044819, -0.010928298346698284, -0.0004430416156537831, -0.007952801883220673, 1.0, -0.951189398765564, 0.9263861775398254, 0.258006751537323, 1.0, 1.0, 0.009865992702543736, 1.0, 0.5758653283119202, -1.0, -0.9385826587677002, 0.7682444453239441, -0.07580143213272095, -1.0, -0.8550207614898682, -1.0, -0.6748911738395691, -0.4174760580062866, 1.0, 1.0]
[0.05409642681479454, -0.9150305986404419, 0.5635654330253601, -0.48645535111427307, 0.10624643415212631, -0.017066581174731255, 0.5190998315811157, -0.7603820562362671, 0.09680356085300446, -0.009680158458650112, 0.7743055820465088, -0.02023097686469555, -0.8227957487106323, -0.7493945956230164, 0.6144508719444275, -0.7340289950370789, -0.9920807480812073, -0.09859982132911682, 0.2680770456790924, -0.65814608335495, -0.012314358726143837, 0.22344645857810974, 0.8980953097343445, 0.9286268949508667, 0.708921492099762, 0.41993948817253113, 0.3523866832256317, 1.135978102684021, 1.5217013359069824, 1.9694360494613647, 1.0286835432052612, 0.20793703198432922, 1.1297158002853394, 1.546345591545105, -0.16749073565006256, -0.13219775259494781, 0.7801418900489807, 0.22170467674732208, -0.36361345648765564, 0.7858750224113464, -0.032175496220588684, -0.7149861454963684, -1.4290677309036255, -0.8176133036613464, -1.1354864835739136, -0.47843632102012634, -0.3471693694591522, 0.1283753216266632, -0.8823277950286865, 3.782320499420166, -0.046305280178785324, 0.20320364832878113, 0.008923938497900963, -0.019960705190896988, -0.016263723373413086, 0.2692911624908447, 0.051978304982185364, -0.0011756373569369316, 0.031187817454338074, 0.10185809433460236, 0.053524818271398544, 0.022302545607089996, -0.03695329278707504, -0.09244626760482788, -0.005743417888879776, 0.0566442497074604, 0.04785932973027229, 0.04020916670560837, 0.04320134222507477, -0.013268215581774712, -0.08850365877151489, -0.030387824401259422, -0.004092016257345676, -0.42246562242507935, 0.45563459396362305, -0.9350441098213196, 0.15206262469291687, -0.3163601756095886, 0.04985605925321579, -0.4594709277153015, 0.5263888835906982, 0.6831156015396118, -0.5793097019195557, 2.7113921642303467, -5.082737922668457, 0.0, -0.38999998569488525, 0.47999998927116394, 0.2622244358062744, -0.4732298254966736, -0.14995525777339935, 0.8275296688079834, -0.6143365502357483, 0.37260186672210693, -0.6569374799728394, -0.22845473885536194, -0.014871882274746895, -0.4334891736507416, 0.4370000660419464, 0.05884282663464546, -0.08206233382225037, 0.9948764443397522, 0.004910959396511316, -0.6275808811187744, 0.45887693762779236, 0.8757637739181519, -25.226699829101562, 0.8043174743652344, -2.167395830154419, 0.0065893311984837055, -0.43271180987358093, 0.42067018151283264, 0.05461252108216286, -0.18961380422115326, 0.9803293943405151, 0.0042647188529372215, -0.8700805306434631, 0.10093571990728378, 0.6162662506103516, -16.925207138061523, 2.601078748703003, -6.030331134796143, 0.02608347311615944, -0.4312824308872223, 0.4456683099269867, 0.053395602852106094, -0.5206981897354126, 0.8493882417678833, 0.06754057109355927, -0.5912218689918518, -0.1302020102739334, 0.4264068305492401, -6.286269664764404, -0.6057727932929993, -2.1738834381103516, 0.05610361695289612, -0.42999693751335144, 0.4609885811805725, -0.2563377022743225, -0.054760176688432693, 0.9599075317382812, -0.0993470624089241, -0.6232566833496094, -0.42933082580566406, -0.028964508324861526, 9.804930686950684, 3.7638208866119385, -0.4799928665161133, -0.08296295255422592, -0.3555450439453125, 0.4884905517101288, -0.4593081474304199, -0.4844522178173065, 0.6488668918609619, 0.36512139439582825, -0.4524119794368744, 0.3014611303806305, -0.5285377502441406, 0.914390504360199, -8.613728523254395, -2.846478223800659, -0.3816920518875122, 0.4535653591156006, 0.7345691919326782, -0.013157224282622337, 0.00205135066062212, 0.005376828834414482, -0.2761991024017334, -0.026284949854016304, 1.320408821105957, -0.0015699106734246016, 0.0005804906249977648, 0.002672361209988594, 0.2035769522190094, -0.7443026304244995, 0.6017359495162964, 0.011138007044792175, 0.0032129231840372086, -0.0033716708421707153, -0.5799050331115723, -0.660078227519989, 0.34478700160980225, 0.037958160042762756, -0.006939900107681751, 0.001030880375765264, -1.2313672304153442, 0.10307390987873077, -0.07677517086267471, -0.004571801051497459, -0.01068594865500927, 0.001243775011971593, 1.0, -0.38690808415412903, 1.0, 0.24443909525871277, 1.0, 1.0, 0.18759548664093018, 1.0, 1.0, -1.0, -0.48892202973365784, 0.024851849302649498, 0.43665650486946106, -1.0, -0.3460429906845093, -1.0, -0.9596017599105835, -1.0, 0.4611583650112152, 1.0]
[0.23497729003429413, -0.8345897793769836, 0.6400796175003052, -0.36415064334869385, 0.21879245340824127, 0.15975236892700195, 0.7470431923866272, -0.7206991314888, 0.2063644826412201, 0.13656574487686157, 0.7199838757514954, -0.043043963611125946, -0.7433325052261353, -0.7232637405395508, 0.4865785241127014, -0.5013330578804016, -0.9949375987052917, -0.1636601686477661, 0.16103126108646393, -0.71797776222229, -0.13288059830665588, 0.025306805968284607, 0.8467302918434143, 0.9411975741386414, 0.6437057852745056, 0.6566985249519348, 0.29550665616989136, 1.1258442401885986, 0.7854316234588623, 1.3162811994552612, 0.8570389151573181, 0.37844815850257874, 0.9192611575126648, 1.224373459815979, -0.2300446331501007, -0.16307006776332855, 0.7218866348266602, 0.25107666850090027, -0.705241858959198, 1.0488184690475464, -0.022931797429919243, -0.5386533141136169, -0.7153884768486023, -0.6911829113960266, -0.7143878936767578, -0.485196590423584, -0.3018570840358734, 0.10884686559438705, -2.130983829498291, 2.496717929840088, -0.04821740835905075, 0.1348486840724945, -0.03539559245109558, -0.05321696028113365, -0.08649640530347824, 0.19842082262039185, 0.03760846331715584, -0.006939074024558067, -0.06285203993320465, 0.11451923847198486, 0.026314161717891693, 0.006941768806427717, -0.0836014673113823, -0.09792893379926682, -0.013468300923705101, 0.012924300506711006, 0.02707570418715477, 0.05352294445037842, 0.2644152045249939, 0.13317079842090607, -0.04984801635146141, -0.017064182087779045, -0.009615736082196236, -0.4140923023223877, 0.46557632088661194, -0.9077528119087219, 0.3106057941913605, -0.2693327069282532, -0.08347909897565842, -0.3100740611553192, 0.5553438067436218, 0.5879572033882141, -0.9315140843391418, 1.087799310684204, -6.025554656982422, 0.0, -0.38999998569488525, 0.47999998927116394, 0.2622244358062744, -0.4732298254966736, -0.14995525777339935, 0.8275296688079834, -0.5552688837051392, 0.4242786765098572, -0.5835261344909668, -0.41371646523475647, -0.02482384815812111, -0.4320720136165619, 0.4513527452945709, 0.06666319072246552, 0.10129539668560028, 0.9919841289520264, 0.035533107817173004, -0.5135185122489929, 0.3978569209575653, 0.790726363658905, -19.303916931152344, 2.008516550064087, -2.390077829360962, -0.006943665444850922, -0.43468740582466125, 0.4318593442440033, 0.07000042498111725, -0.0514804981648922, 0.9943310022354126, 0.061282724142074585, -0.6988803148269653, 0.1404600590467453, 0.7369064688682556, -15.90863037109375, 3.5780787467956543, -4.882754802703857, 0.01722049154341221, -0.43429693579673767, 0.4526715576648712, 0.03639081493020058, -0.4743959307670593, 0.8758445978164673, 0.08074907958507538, -0.5277462601661682, -0.1048269122838974, 0.5867769718170166, -7.186076641082764, -0.5409740209579468, -1.702491044998169, 0.04490954428911209, -0.43467649817466736, 0.46083781123161316, -0.23018202185630798, -0.116570383310318, 0.9640848636627197, -0.06299140304327011, -0.6232377290725708, -0.30942344665527344, 0.017979850992560387, 6.449597358703613, 3.9277842044830322, -3.20699143409729, -0.08911065012216568, -0.35143619775772095, 0.4840112328529358, -0.5121706128120422, -0.4928693473339081, 0.6140546202659607, 0.3430713415145874, -0.3154040575027466, 0.26039931178092957, -0.2843315899372101, -2.0551624298095703, -6.889242172241211, -1.9992977380752563, -0.4211864471435547, 1.0837621688842773, 0.21514110267162323, -0.036960527300834656, 0.0017716508591547608, 0.003046405967324972, -0.642167329788208, 0.18562796711921692, 0.944786787033081, -0.004154653754085302, 0.002293691970407963, 0.006821224931627512, -0.4288610816001892, -0.4181241989135742, 0.39141565561294556, 0.000669906148687005, -0.0014884775737300515, 0.002753377193585038, -0.5767968893051147, -0.3559283912181854, 0.057916224002838135, 0.02173677831888199, -0.004222576506435871, 0.0007811120012775064, -0.8136767148971558, -1.7546545267105103, -0.2795861065387726, 0.011732582934200764, -0.004045362118631601, 0.005813033320009708, 1.0, -0.17783167958259583, 1.0, 0.3045148551464081, 0.5415709018707275, 1.0, 0.35858020186424255, 1.0, 0.7262200117111206, -1.0, -0.5121036767959595, -0.46962782740592957, 1.0, -1.0, -0.4439152777194977, -1.0, -0.541447103023529, -1.0, 0.5721170902252197, 1.0]
[0.3952908217906952, -0.7120957374572754, 0.7036565542221069, -0.2838984727859497, 0.22924621403217316, 0.24132968485355377, 0.9490802884101868, -0.665330708026886, 0.29547762870788574, 0.251444935798645, 0.671352744102478, -0.07061447203159332, -0.6726747155189514, -0.6978781819343567, 0.2896587550640106, -0.2555963695049286, -0.9972632527351379, -0.2407555729150772, 0.09119495749473572, -0.768346905708313, -0.19389648735523224, -0.15883171558380127, 0.7915540933609009, 0.9519031643867493, 0.5598471164703369, 0.9915422797203064, 0.24455630779266357, 0.5336439609527588, -0.27009037137031555, 0.2618015706539154, 0.8239279985427856, 0.5390424132347107, 0.7447164058685303, 0.968148410320282, -0.19695821404457092, -0.23747026920318604, 0.6248864531517029, 0.22635698318481445, -1.008999228477478, 0.9863039255142212, -0.019314443692564964, -0.8026360869407654, -0.721962571144104, -0.5777113437652588, -0.2783549129962921, -0.4269419312477112, -0.3633964955806732, 0.09203584492206573, -2.6345458030700684, 3.3367369174957275, -0.051155392080545425, 0.01839490234851837, -0.09657430648803711, -0.08476680517196655, -0.032871488481760025, 0.2617570161819458, 0.051572032272815704, -0.003879209514707327, -0.07397089898586273, 0.13921572268009186, 0.02815794199705124, 0.00529351644217968, 0.0341963917016983, -0.20783323049545288, 0.06581921875476837, 0.00974927470088005, -0.007902857847511768, 0.057860150933265686, 0.2723962366580963, 0.14650435745716095, -0.06821757555007935, -0.0235095527023077, -0.012296214699745178, -0.40659263730049133, 0.4744921326637268, -0.8465715050697327, 0.3993590474128723, -0.2540322244167328, -0.24350915849208832, -0.12192538380622864, 0.4328737258911133, 0.5522150993347168, -3.030161142349243, 0.83245849609375, -3.5668017864227295, 0.0, -0.38999998569488525, 0.47999998927116394, 0.2622244358062744, -0.4732298254966736, -0.14995525777339935, 0.8275296688079834, -0.4566073417663574, 0.4088069796562195, -0.5426358580589294, -0.5743979215621948, -0.03375556319952011, -0.4314630627632141, 0.46543988585472107, 0.07661902904510498, 0.20169049501419067, 0.9741553664207458, 0.06687168031930923, -0.47214001417160034, 0.10465902090072632, 0.773065447807312, -7.52722692489624, 0.9982923865318298, -3.5394487380981445, -0.018452927470207214, -0.4360087215900421, 0.44692906737327576, 0.0923556536436081, 0.08389841765165329, 0.9860204458236694, 0.11043168604373932, -0.5633468627929688, 0.1705780327320099, 0.9359338283538818, -15.859753608703613, 4.472652912139893, -4.491413116455078, 0.009118734858930111, -0.43723568320274353, 0.4630257785320282, 0.021088413894176483, -0.4196851849555969, 0.9025644063949585, 0.09379257261753082, -0.47550031542778015, -0.0780504047870636, 0.8053766489028931, -7.935551166534424, -0.2723034620285034, -1.597432017326355, 0.03504873812198639, -0.4386727809906006, 0.46248766779899597, -0.19950902462005615, -0.16610939800739288, 0.9653700590133667, -0.02577674202620983, -0.5023383498191833, -0.29628652334213257, 0.16195835173130035, 6.748104095458984, 4.425295829772949, -2.031698703765869, -0.09382753819227219, -0.34797149896621704, 0.4835635721683502, -0.5572168231010437, -0.4802927076816559, 0.6017512679100037, 0.31100425124168396, -0.24450916051864624, 0.19574850797653198, 0.026685558259487152, -5.301998615264893, -4.360208034515381, -1.1918107271194458, -0.3859868049621582, 1.7017357349395752, -0.3575130105018616, -0.05924076586961746, 0.0028480025939643383, 0.0020161874126642942, -0.3261755406856537, 0.36915168166160583, 1.320251703262329, 0.0016580662922933698, 0.001325055374763906, 0.0008346876129508018, -0.4875869154930115, -0.4218617081642151, 0.6058481335639954, -0.0010344090405851603, -0.00132314907386899, 0.0041441950015723705, -1.1393300294876099, 0.10030335932970047, 0.3562256097793579, -0.006398307159543037, -0.0038870777934789658, 0.007815709337592125, -1.0704437494277954, -1.9142765998840332, -0.3415127992630005, 0.012755084782838821, -0.006382461171597242, 0.008057726547122002, 1.0, 0.2805381119251251, 1.0, -0.0829969272017479, -0.12770329415798187, 1.0, 0.4785430133342743, 0.9879145622253418, 0.9966902136802673, -1.0, -0.4703788161277771, -1.0, 1.0, -1.0, -0.7537654638290405, -1.0, -0.2553412616252899, -1.0, 0.42961543798446655, 1.0]
[0.5325954556465149, -0.5310599207878113, 0.7557709217071533, -0.3027196526527405, 0.11564727872610092, 0.23260122537612915, 1.0000064373016357, -0.5975335240364075, 0.31326842308044434, 0.3236524760723114, 0.5716100335121155, -0.10234273225069046, -0.6418270468711853, -0.6805607080459595, 0.0691734254360199, -0.036913249641656876, -1.0000168085098267, -0.346417635679245, -0.0058279759250581264, -0.8099431395530701, -0.20104734599590302, -0.31721916794776917, 0.7380203604698181, 0.960777997970581, 0.4760010838508606, 1.4524062871932983, 0.20057645440101624, -0.552221417427063, -1.4637960195541382, -0.3244297206401825, -3.711587123689242e-05, 0.4879623055458069, -0.23208728432655334, 0.3019598424434662, -0.6665080189704895, -0.1315472573041916, 0.13877369463443756, 0.09759092330932617, -1.0001134872436523, 0.8491183519363403, -7.209965406218544e-05, -1.0637744665145874, -1.0956281423568726, -0.47404271364212036, 0.08619924634695053, -0.35953396558761597, -0.31513407826423645, 0.07548632472753525, -2.972022533416748, 4.291499137878418, -0.049355681985616684, -0.0340079702436924, -0.1254662275314331, -0.07169633358716965, -0.05636170879006386, 0.15472832322120667, -0.06299924850463867, -0.07050509750843048, -0.22729533910751343, 0.37876513600349426, 0.10476581752300262, 0.026417655870318413, 0.3304421901702881, -0.22996708750724792, 0.28334349393844604, 0.08477932214736938, 0.00429413840174675, 0.06751403957605362, 0.2484266757965088, 0.13582482933998108, -0.0628303810954094, -0.019912822172045708, -0.013008048757910728, -0.401428759098053, 0.4830893874168396, -0.7591481804847717, 0.43584543466567993, -0.2640001177787781, -0.40501436591148376, -0.011633530259132385, 0.2769176959991455, 0.552987813949585, -3.8660247325897217, 0.16948597133159637, -2.32077956199646, 0.0, -0.38999998569488525, 0.47999998927116394, 0.2622244358062744, -0.4732298254966736, -0.14995525777339935, 0.8275296688079834, -0.3317229151725769, 0.3520756959915161, -0.5241641998291016, -0.7008954286575317, -0.04272593930363655, -0.433777391910553, 0.47872287034988403, 0.07577641308307648, 0.1980745494365692, 0.9717485308647156, 0.10358086228370667, -0.5448164343833923, -0.2619507312774658, 0.8221763372421265, 4.084628582000732, -2.206839084625244, -4.5998005867004395, -0.026246219873428345, -0.43768176436424255, 0.4662049412727356, 0.0999390035867691, 0.1945333331823349, 0.9659684300422668, 0.13810814917087555, -0.3867849111557007, 0.020230194553732872, 1.1305514574050903, -9.862894058227539, 0.9342749714851379, -2.0643107891082764, 0.0027645088266581297, -0.4401406943798065, 0.4777701795101166, 0.00557531975209713, -0.3658740222454071, 0.9256570339202881, 0.09624975174665451, -0.2934745252132416, -0.05518678203225136, 1.1253458261489868, -7.753601551055908, -1.406367301940918, 0.6604858636856079, 0.026509620249271393, -0.44252943992614746, 0.46889811754226685, -0.16946832835674286, -0.22138354182243347, 0.960345447063446, 0.0025328341871500015, -0.4623682498931885, -0.3052503168582916, 0.516244649887085, 7.160059928894043, 3.5416297912597656, -1.1228535175323486, -0.09775514900684357, -0.34471556544303894, 0.4875342845916748, -0.5955371260643005, -0.4442291557788849, 0.6121898889541626, 0.27059078216552734, -0.21731413900852203, 0.20350803434848785, 0.33779793977737427, -8.55763053894043, -2.0410852432250977, -1.2958630323410034, -0.3149494528770447, 1.684950590133667, -0.5721026062965393, -0.0464220754802227, 0.0032319941092282534, 0.000992196029983461, -0.25827643275260925, 1.5818078517913818, 0.318250834941864, -0.046777982264757156, 0.0027341567911207676, -0.000157973263412714, -1.3303117752075195, -1.3913507461547852, 1.2434802055358887, 0.005547394976019859, -0.006095653399825096, 0.02028927579522133, -1.1583389043807983, -0.4066944122314453, 1.4862031936645508, -0.0018062773160636425, 0.00036551576340571046, 0.009894558228552341, -0.974764883518219, -1.8055202960968018, -0.37612438201904297, 0.011247209273278713, -0.004316588863730431, 0.009857750497758389, 1.0, 0.9158523678779602, 1.0, -0.8396334052085876, -0.9726064205169678, 0.6814034581184387, 0.6223580837249756, 0.383697509765625, 1.0, -1.0, -0.7954851984977722, -1.0, 1.0, -1.0, -1.0, -1.0, 0.004025546833872795, -1.0, 0.45176759362220764, 1.0]
[0.6437753438949585, -0.3152618110179901, 0.767794132232666, -0.3885597586631775, -0.05088036134839058, 0.18507899343967438, 0.9999931454658508, -0.540815532207489, 0.2480447143316269, 0.3229464590549469, 0.4220488667488098, -0.1288890689611435, -0.6589851379394531, -0.6784154176712036, -0.12492723017930984, 0.1009824350476265, -1.00002121925354, -0.45584309101104736, -0.13293246924877167, -0.8438047170639038, -0.20179787278175354, -0.440367192029953, 0.6748620867729187, 0.9680655598640442, 0.3708881139755249, 1.559134840965271, -0.028399348258972168, -0.9152037501335144, -1.575318694114685, -0.5082253813743591, -0.00011022903345292434, 0.586636483669281, -0.8054895401000977, -0.17985160648822784, -0.36869943141937256, -0.3368179500102997, -0.3245159089565277, -0.04813793674111366, -0.8221367001533508, 0.4146745800971985, 1.2347884876362514e-05, -0.9766484498977661, -1.2228920459747314, -0.38550513982772827, -0.048635222017765045, -0.2709560990333557, -0.42894378304481506, 0.061922337859869, -3.2070298194885254, 0.42167365550994873, -0.09540817886590958, -0.027552405372262, -0.013570166192948818, -0.008601214736700058, -0.07465317100286484, 0.09970524907112122, 0.005595112219452858, -0.015567374415695667, 0.09263782948255539, -0.07699128985404968, -0.07026146352291107, -0.03352563455700874, 0.08762212097644806, -0.2158551812171936, 0.07971630245447159, 0.04497755318880081, 0.013745564967393875, 0.058050110936164856, -0.09031809866428375, -0.03550579771399498, -0.054436810314655304, -0.01793956756591797, -0.014425516128540039, -0.3984208106994629, 0.49158722162246704, -0.6533198356628418, 0.4262176752090454, -0.31328535079956055, -0.5416308045387268, -0.12348102033138275, 0.22411386668682098, 0.576103687286377, -4.092292308807373, -0.44348761439323425, -1.2240545749664307, 0.0, -0.38999998569488525, 0.47999998927116394, 0.2622244358062744, -0.4732298254966736, -0.14995525777339935, 0.8275296688079834, -0.18644319474697113, 0.2765117585659027, -0.5378790497779846, -0.7742520570755005, -0.05088745057582855, -0.4370467960834503, 0.49172651767730713, 0.058773986995220184, 0.14449378848075867, 0.9785417318344116, 0.13462279736995697, -0.4904728829860687, -0.26464322209358215, 0.8111401200294495, 6.54721736907959, -4.077838897705078, -2.892590045928955, -0.03246282786130905, -0.4385688006877899, 0.4871496558189392, 0.09433923661708832, 0.2508326470851898, 0.9498303532600403, 0.16126132011413574, -0.3274080157279968, 0.08620361238718033, 1.2466011047363281, -5.933254241943359, -0.4559313952922821, -2.0727837085723877, -0.001442410983145237, -0.4418269693851471, 0.49539709091186523, -0.007240606937557459, -0.3219994306564331, 0.9427318572998047, 0.08672086894512177, -0.286931574344635, 0.00904932152479887, 1.0828291177749634, -4.326209545135498, -0.8047605156898499, -0.2263627052307129, 0.019820846617221832, -0.4455764889717102, 0.48031941056251526, -0.14677470922470093, -0.27218225598335266, 0.9508059620857239, 0.018491918221116066, -0.3209713101387024, -0.210245281457901, 0.7343933582305908, 5.733943462371826, 2.2216291427612305, 0.023470550775527954, -0.10078363865613937, -0.3418545424938202, 0.49351245164871216, -0.6231391429901123, -0.3995583951473236, 0.634553849697113, 0.22224335372447968, -0.1503177285194397, 0.1396576464176178, 0.3873734474182129, -8.906502723693848, -1.047007441520691, 0.1893616020679474, -0.6355445384979248, 0.1611974686384201, -0.15761204063892365, -0.006183252669870853, 0.0039029845502227545, 0.005689847748726606, -0.453620970249176, 0.3266535699367523, 0.40064430236816406, -0.010667571797966957, 0.001164933550171554, 0.0019986527040600777, 0.4655962884426117, 0.8686062097549438, -0.23485629260540009, -0.020496543496847153, 0.004521443974226713, -0.015224188566207886, -1.0810624361038208, -0.4601774215698242, 0.41309240460395813, 0.006842903792858124, 7.447053940268233e-05, 0.01292626466602087, -0.7838397026062012, 0.33500784635543823, -0.2932620644569397, -0.0003434695827309042, -0.005398134235292673, -0.0017002623062580824, 1.0, 1.0, 0.6157172918319702, -1.0, -1.0, 0.011745486408472061, 0.2485169768333435, -0.10909423232078552, 1.0, -0.7070923447608948, -1.0, -1.0, 0.4341573119163513, -1.0, -1.0, -1.0, -0.2731260657310486, -1.0, 0.24810287356376648, 1.0]
[0.6956276893615723, -0.12432268261909485, 0.6559780240058899, -0.4832930266857147, -0.20890597999095917, 0.12785109877586365, 0.929545521736145, -0.49131011962890625, 0.1591760516166687, 0.29669296741485596, 0.3568918704986572, -0.1208801195025444, -0.7043732404708862, -0.6895795464515686, -0.26915299892425537, 0.1339501291513443, -0.9980067014694214, -0.5502313375473022, -0.25445491075515747, -0.8717101216316223, -0.24198968708515167, -0.5272654891014099, 0.5938168168067932, 0.9741442799568176, 0.061094414442777634, 1.2024497985839844, -0.6912717223167419, -0.8503708243370056, -1.396284818649292, -0.6720045804977417, -0.3940243124961853, 0.4061720073223114, -0.7958514094352722, -0.2752264440059662, -0.30351224541664124, 0.2600831687450409, -0.4866296947002411, -0.14025412499904633, -0.5842446088790894, -0.015513518825173378, 0.029759526252746582, -0.8130787014961243, -1.052763819694519, -0.3195953071117401, -0.4222927689552307, -0.18835602700710297, -0.5375950336456299, 0.051869429647922516, -7.928982734680176, -4.351078033447266, -0.3205331563949585, -0.16987992823123932, -0.012364944443106651, -0.0048102387227118015, -0.26457738876342773, -0.23197996616363525, -0.029142621904611588, 0.0006049301009625196, -0.26412099599838257, -0.10048778355121613, -0.03415372967720032, -0.011779950000345707, -0.41294002532958984, -0.3159293830394745, -0.24387064576148987, -0.053570427000522614, -0.0017702837940305471, 0.06007561832666397, -0.4531404376029968, -0.2177828848361969, -0.06286651641130447, -0.021124275401234627, -0.01571519859135151, -0.3970310389995575, 0.503144383430481, -0.611236572265625, 0.3886730372905731, -0.32884544134140015, -0.6059567928314209, -0.009013747796416283, 0.06354904919862747, 0.7031055688858032, -1.2995728254318237, 0.2089109718799591, 0.18545851111412048, 0.0, -0.38999998569488525, 0.47999998927116394, 0.2622244358062744, -0.4732298254966736, -0.14995525777339935, 0.8275296688079834, -0.13301663100719452, 0.21277116239070892, -0.5503315925598145, -0.796347975730896, -0.053525038063526154, -0.44027024507522583, 0.5023208260536194, 0.031198345124721527, 0.08076031506061554, 0.9874269962310791, 0.13225847482681274, -0.03250355273485184, -0.3088146448135376, 0.5641030669212341, 7.985537528991699, -4.379439353942871, 2.5166149139404297, -0.03436373919248581, -0.4381573796272278, 0.5053914189338684, 0.07908742129802704, 0.2803161144256592, 0.9423032999038696, 0.16502277553081512, 0.0056007420644164085, 0.10220712423324585, 0.9442160129547119, -2.9288783073425293, -1.2781528234481812, 1.441699743270874, -0.0033650477416813374, -0.44075649976730347, 0.5122157335281372, -0.013355771079659462, -0.2863614857196808, 0.9544274210929871, 0.08298800885677338, 0.03325297683477402, 0.19112740457057953, 0.9704155921936035, -4.211866855621338, -0.30037498474121094, 1.150667667388916, 0.017798125743865967, -0.4470157325267792, 0.49211737513542175, -0.128354012966156, -0.3139740228652954, 0.9405679702758789, 0.01665140688419342, 0.06736230850219727, -0.0989929810166359, 0.6124598383903503, 4.618011951446533, 1.4778549671173096, 2.250669002532959, -0.10175558924674988, -0.3415873050689697, 0.498270720243454, -0.6345570683479309, -0.371867835521698, 0.6564049124717712, 0.16788136959075928, 0.02669656276702881, -0.13586968183517456, 0.2481306940317154, -6.545349597930908, -0.941474199295044, 3.3425498008728027, -2.193133592605591, -0.2694871723651886, -1.0161720514297485, -0.008852546103298664, 0.0051291100680828094, 0.019818753004074097, -1.766908049583435, -0.7920808792114258, -1.21802818775177, -0.011276282370090485, 0.005636507645249367, 0.012666779570281506, -1.8316779136657715, 0.3666427731513977, -0.9954643249511719, -0.006280308123677969, -0.007203313987702131, 0.009261696599423885, -1.693471074104309, 0.343779057264328, -1.2636442184448242, 0.0033864029683172703, -0.004249973688274622, 0.013728823512792587, -0.9430575966835022, 2.694204807281494, -0.6158915758132935, -0.011169534176588058, -0.0060353525914251804, -0.013387166894972324, -0.0219475869089365, 0.5886016488075256, -0.6389091610908508, -1.0, -1.0, -1.0, -0.21266838908195496, -0.25297990441322327, 1.0, 0.1565593183040619, -1.0, -1.0, -0.14596128463745117, -1.0, -1.0, -1.0, -0.7224153280258179, -1.0, 0.06716999411582947, 1.0]
[0.6449618339538574, -0.019259531050920486, 0.5031541585922241, -0.5581443309783936, -0.3444482386112213, 0.01277102530002594, 0.8300513625144958, -0.49785566329956055, 0.07874346524477005, 0.26879259943962097, 0.2453664392232895, -0.020388582721352577, -0.7131088376045227, -0.6997337937355042, -0.3016997277736664, 0.04969336465001106, -0.9934282898902893, -0.5976875424385071, -0.34294402599334717, -0.8949564099311829, -0.3114016354084015, -0.5886969566345215, 0.5035286545753479, 0.979106068611145, -0.38065335154533386, 0.4382011592388153, -0.5056697726249695, -0.633706271648407, -1.1745437383651733, -1.3611862659454346, -0.5785583853721619, -0.3105018138885498, -0.7228432893753052, -0.24927757680416107, -0.42356711626052856, 1.3218103647232056, 0.1412065029144287, -0.023366332054138184, 0.07272224873304367, -0.528647243976593, 0.05045441910624504, -0.2377217561006546, -0.5770100951194763, -0.26493412256240845, -0.5506120920181274, -0.1374567449092865, -0.5682380199432373, 0.04143787547945976, -11.321425437927246, -10.38960075378418, -0.21756985783576965, -0.5177947878837585, -0.10726851224899292, -0.032307203859090805, -0.4160514175891876, -0.6650987863540649, -0.14790238440036774, -0.01825711503624916, -0.31356674432754517, -0.20741595327854156, 0.010879617184400558, 0.02279421128332615, -0.8024890422821045, -0.3836926221847534, -0.5116302371025085, -0.11648429930210114, -0.0022547459229826927, 0.04768529534339905, -0.6231187582015991, -0.29725801944732666, -0.0179410669952631, -0.007184162270277739, -0.0147956358268857, -0.3961018919944763, 0.5112755298614502, -0.5649469494819641, 0.40600359439849854, -0.42855149507522583, -0.5764889121055603, 0.10737805813550949, -0.015446145087480545, 0.37884145975112915, -0.9200542569160461, -4.873854637145996, 1.4682904481887817, 0.0, -0.38999998569488525, 0.47999998927116394, 0.2622244358062744, -0.4732298254966736, -0.14995525777339935, 0.8275296688079834, -0.05265514925122261, 0.2602617144584656, -0.6019722819328308, -0.7530739903450012, -0.04859162122011185, -0.4443281888961792, 0.5063924193382263, 0.008665640838444233, -0.014660232700407505, 0.9947057366371155, 0.1013425663113594, 0.4154128134250641, -0.4642767608165741, 0.037555716931819916, 13.339797019958496, -3.3415822982788086, 4.15495491027832, -0.030387230217456818, -0.43952053785324097, 0.5137233138084412, 0.058927785605192184, 0.2687017619609833, 0.9501333236694336, 0.14687885344028473, 0.3693144917488098, -0.20490144193172455, 0.24011795222759247, 3.856358051300049, -2.3754372596740723, 4.565711975097656, 0.001971295801922679, -0.43599990010261536, 0.5256406664848328, -0.007985768839716911, -0.22574882209300995, 0.9725232720375061, 0.05632086470723152, 0.5282116532325745, 0.5134074091911316, 0.7417586445808411, -9.334104537963867, 0.7801767587661743, 4.093192100524902, 0.023234911262989044, -0.4468354284763336, 0.5007666945457458, -0.11487793922424316, -0.3364070653915405, 0.934594988822937, -0.01286220457404852, 0.5816141963005066, 0.029653796926140785, 0.38919854164123535, 0.7437013387680054, -0.2514288127422333, 5.246089935302734, -0.09948215633630753, -0.3457162082195282, 0.5001325607299805, -0.62903892993927, -0.37591108679771423, 0.6705861687660217, 0.11539067327976227, 0.26582783460617065, -0.4598923623561859, 0.03864537179470062, -2.601797580718994, -0.7745042443275452, 6.106479644775391, -1.8589096069335938, 0.3407507538795471, -3.0759928226470947, -0.027195943519473076, -0.006026091054081917, 0.0009511146927252412, -2.871307373046875, -1.219362497329712, -3.8567137718200684, -0.03654755279421806, 0.008614545688033104, 0.022920111194252968, -2.1741411685943604, -0.1882813274860382, -1.9971705675125122, 0.019969992339611053, -0.006657634861767292, 0.005635473877191544, -2.0077991485595703, 1.04947829246521, -2.2652904987335205, 0.013487428426742554, -0.0023693281691521406, 0.01924450509250164, -0.3328215777873993, 3.8476791381835938, -0.6836051940917969, -0.01298140361905098, -0.0018590115942060947, -0.024032948538661003, -1.0, -0.33956778049468994, -0.948091983795166, -1.0, -1.0, 0.04815139248967171, -0.9118632674217224, -0.380184531211853, -0.341147243976593, 1.0, -0.5125323534011841, -0.16241194307804108, -0.9869648814201355, -1.0, -0.6442826986312866, -1.0, -0.8628955483436584, -1.0, -0.02524128556251526, 1.0]
[0.5151053667068481, -0.007127098273485899, 0.41988569498062134, -0.6107528805732727, -0.45773378014564514, -0.1344170868396759, 0.7544668912887573, -0.48787111043930054, 0.026415899395942688, 0.2461940497159958, 0.09819506108760834, 0.10359036922454834, -0.661200225353241, -0.6911695003509521, -0.1802261471748352, -0.09475468844175339, -0.9910463094711304, -0.5865845084190369, -0.37024596333503723, -0.814144492149353, -0.30523544549942017, -0.6568812131881714, 0.46987757086753845, 0.983096182346344, -0.5607432723045349, -0.131714329123497, -0.2607583701610565, -0.38600313663482666, -0.9803082346916199, -1.3207725286483765, -0.21185295283794403, 0.2775256633758545, -0.3522063195705414, -0.1669813096523285, -0.7032627463340759, 1.0421514511108398, 0.6537883281707764, 0.16475267708301544, 0.818078339099884, -0.6292940974235535, 0.01323041319847107, 0.2840542793273926, -0.03156275302171707, 1.6710542440414429, 0.3739539086818695, -0.17162089049816132, -0.025457536801695824, 0.03307747095823288, -4.03578519821167, -5.742644309997559, -0.044487275183200836, -0.2326103299856186, -0.03834355250000954, 0.004721688572317362, -0.07932434976100922, -0.18825885653495789, 0.0127109931781888, 0.023835569620132446, -0.17557062208652496, -0.42056703567504883, -0.11693265289068222, -0.02857605740427971, -0.3162669837474823, -0.0553000271320343, -0.20886465907096863, -0.028232183307409286, 0.01462001446634531, 0.2752620279788971, 0.18089726567268372, 0.11075704544782639, -0.032104287296533585, -0.006953692063689232, -0.009996369481086731, -0.3963356614112854, 0.5164512395858765, -0.4170144498348236, 0.534174382686615, -0.623059868812561, -0.39058032631874084, 0.43112218379974365, -0.017022060230374336, 0.2392074018716812, 0.37247714400291443, -9.6194486618042, 1.584912657737732, 0.0, -0.38999998569488525, 0.47999998927116394, 0.2622244358062744, -0.4732298254966736, -0.14995525777339935, 0.8275296688079834, 0.132280632853508, 0.4831259548664093, -0.6314402222633362, -0.5919243097305298, -0.039576206356287, -0.44872650504112244, 0.5031561851501465, -0.0010124515974894166, -0.13320590555667877, 0.9888203144073486, 0.0670027956366539, 0.5921981930732727, -0.4532419443130493, -0.3866366147994995, 13.996438026428223, -1.8592489957809448, 3.9065165519714355, -0.021767862141132355, -0.4413992166519165, 0.5147419571876526, 0.045016925781965256, 0.249332994222641, 0.9603016972541809, 0.11673565953969955, 0.5450374484062195, -0.09932487457990646, -0.03206153213977814, 1.8466213941574097, -0.3694502115249634, 3.8287203311920166, 0.011814159341156483, -0.42995020747184753, 0.5319910049438477, 0.0002066031302092597, -0.15136845409870148, 0.988416850566864, 0.010941240936517715, 0.6660235524177551, 0.4724987745285034, 0.21997568011283875, -8.64705753326416, -0.11923288553953171, 6.336831092834473, 0.03306330367922783, -0.4450428783893585, 0.506587564945221, -0.11634662002325058, -0.32382526993751526, 0.9368882775306702, -0.061975590884685516, 0.6357291340827942, 0.177565336227417, 0.32197073101997375, -3.755441665649414, -3.0924079418182373, 5.184815883636475, -0.09498359262943268, -0.35085177421569824, 0.5028162002563477, -0.5917592644691467, -0.40995362401008606, 0.683283269405365, 0.12199508398771286, 0.3093455135822296, -0.31152135133743286, 0.2709605395793915, 6.144101619720459, 6.354564666748047, 2.6543405055999756, -0.5266653895378113, 0.08314770460128784, -1.3958632946014404, 0.005968904122710228, -0.0023493848275393248, -0.0022296132519841194, -0.7297221422195435, -1.0500116348266602, -0.9922545552253723, 0.008085395209491253, -0.003231327049434185, 0.002110754605382681, -0.9989959001541138, 1.4596116542816162, -1.6845295429229736, -0.0066818855702877045, -0.0034234821796417236, 0.0077055832371115685, -0.1622808575630188, 0.1701764166355133, -0.7699939608573914, 0.017172660678625107, 0.006674923934042454, 0.008785315789282322, -0.5313625335693359, -1.3848990201950073, -0.48099517822265625, 0.0200607068836689, 0.0015481016598641872, -0.04069690406322479, -0.7094812989234924, -0.44758450984954834, -0.2976934611797333, -1.0, -1.0, 1.0, -0.09622017294168472, -0.116993248462677, -1.0, 0.6321409344673157, -0.20204661786556244, 1.0, -1.0, -1.0, -0.32974886894226074, 0.21804234385490417, 0.222873717546463, -1.0, 0.5753787755966187, 1.0]
[0.4085001051425934, -0.029374241828918457, 0.4182776212692261, -0.6519514918327332, -0.5526350140571594, -0.25893253087997437, 0.7442437410354614, -0.39655452966690063, -0.03948020562529564, 0.2268698513507843, -0.07670626789331436, 0.1393902599811554, -0.5815981030464172, -0.6675494313240051, -0.00437551224604249, -0.24862143397331238, -0.9920587539672852, -0.5525981783866882, -0.3645153343677521, -0.6636195778846741, -0.24416813254356384, -0.7217037081718445, 0.39825639128685, 0.9865982532501221, -0.2801365554332733, -0.17131273448467255, 0.12569111585617065, -0.38792791962623596, -0.8205470442771912, -1.0460628271102905, 0.06179341301321983, 1.1564624309539795, -0.736331582069397, -0.2173449546098709, -0.7190613150596619, -0.057619500905275345, 0.7687863707542419, 0.25293174386024475, 0.8130190968513489, -0.6259475350379944, -0.016599252820014954, 0.3307574689388275, 0.09399419277906418, 1.9558658599853516, 0.4774380326271057, -0.1493532359600067, -0.6663985252380371, 0.028078904375433922, 7.358316898345947, -0.310835599899292, 0.3619307279586792, 0.005290301516652107, 0.019791267812252045, 0.018003176897764206, 0.2348347008228302, 0.1365032196044922, 0.03650146722793579, 0.006096072029322386, 0.14928878843784332, -0.34829291701316833, -0.14181526005268097, -0.048347800970077515, 0.032844819128513336, 0.2809344232082367, 0.01522504910826683, 0.004617445170879364, 0.0032481879461556673, -0.04755798354744911, 0.2607896625995636, 0.13121911883354187, 0.01619807817041874, -0.002223706105723977, -0.0026826574467122555, -0.39669984579086304, 0.5189297199249268, -0.2500482499599457, 0.6198056936264038, -0.7286779284477234, -0.14948290586471558, 0.42724937200546265, -0.017101343721151352, 0.10467313230037689, 0.8321701884269714, -7.03908634185791, 1.6930830478668213, 0.0, -0.38999998569488525, 0.47999998927116394, 0.2622244358062744, -0.4732298254966736, -0.14995525777339935, 0.8275296688079834, 0.2700510025024414, 0.670741081237793, -0.5812204480171204, -0.37331172823905945, -0.033280786126852036, -0.4517517387866974, 0.4973638355731964, -0.0032769909594208, -0.24003057181835175, 0.9694662094116211, 0.05009648576378822, 0.21968376636505127, -0.2910135090351105, -0.44331586360931396, 12.080302238464355, -0.9071088433265686, 0.581038236618042, -0.01494357269257307, -0.44096916913986206, 0.5160265564918518, 0.04138236492872238, 0.24608206748962402, 0.9633403420448303, 0.09852143377065659, 0.2777167856693268, 0.09712355583906174, 0.13873760402202606, -0.1349526196718216, 0.29380083084106445, 1.1240952014923096, 0.01987278461456299, -0.4270603060722351, 0.5321692228317261, 0.002148892730474472, -0.10375548154115677, 0.9939391613006592, -0.03626377508044243, 0.3604854345321655, 0.13591380417346954, -0.07831808924674988, -3.9327876567840576, -0.8428539633750916, 4.948592662811279, 0.04060851410031319, -0.44269415736198425, 0.5112969279289246, -0.12858997285366058, -0.2932853400707245, 0.9412263035774231, -0.10743067413568497, 0.3040851354598999, 0.17810991406440735, 0.29771485924720764, -4.22584342956543, -3.362771511077881, 3.3292319774627686, -0.09024201333522797, -0.3554292619228363, 0.5078113079071045, -0.5207446217536926, -0.4498932659626007, 0.7073540091514587, 0.1614661067724228, 0.30855533480644226, -0.3180927038192749, 0.4267117977142334, 5.6728196144104, 9.980878829956055, 3.808744430541992, 2.064248561859131, -0.35639169812202454, -0.06194894015789032, 0.012657302431762218, 0.00480804406106472, -0.014782925136387348, 1.5487072467803955, 0.0015632063150405884, 0.6393179297447205, 0.006119520403444767, -0.006815395317971706, -0.010781959630548954, 1.3900909423828125, 1.8303430080413818, -0.7243856191635132, -0.020892657339572906, 0.0020354008302092552, -0.008757475763559341, 1.6011717319488525, -0.014187805354595184, 0.2692553997039795, 0.0030353707261383533, 0.004866940435022116, -0.007948278449475765, 0.30303654074668884, -1.2986646890640259, 0.5569880604743958, 0.0070380279794335365, -0.007072295527905226, -0.0026308768428862095, 0.6455476880073547, -0.19155925512313843, 0.8507404923439026, -0.8787644505500793, -1.0, 1.0, 0.4643285274505615, -0.532670259475708, -1.0, -0.13396963477134705, -0.1296049952507019, 1.0, -1.0, -1.0, -0.34743359684944153, 0.2575025260448456, 0.1766502559185028, -1.0, -0.3716639280319214, 1.0]
[0.37120842933654785, -0.011729912832379341, 0.47295504808425903, -0.6633130311965942, -0.525361955165863, -0.3230522572994232, 0.7170993685722351, -0.22956044971942902, -0.09334732592105865, 0.20505766570568085, -0.14101967215538025, 0.06562141329050064, -0.49876493215560913, -0.6367048025131226, 0.07538598030805588, -0.3154542148113251, -0.9936055541038513, -0.5675946474075317, -0.36120855808258057, -0.5876258611679077, -0.2451988309621811, -0.7658469676971436, 0.22981256246566772, 0.9888879060745239, -0.031643617898225784, 0.3042551875114441, 0.2816382348537445, 0.07940413057804108, 0.8326597213745117, -0.0940631851553917, -0.20138077437877655, 1.7702966928482056, -0.3615019917488098, -0.16782163083553314, -0.0051758079789578915, -1.0491939783096313, 0.7503924369812012, 0.402217835187912, 0.13550406694412231, -0.08174481242895126, -0.016810035333037376, -0.3861669898033142, -0.053260672837495804, 0.3924744427204132, -0.2812541425228119, -0.09959027171134949, -1.232193112373352, 0.015813399106264114, 6.8325018882751465, 4.776508331298828, 0.28864070773124695, 0.44472450017929077, 0.27381423115730286, 0.14090147614479065, 0.1314353495836258, 0.3345266580581665, 0.11836134642362595, 0.03207816183567047, 0.2538329064846039, -0.04161937162280083, -0.05272968113422394, -0.013432348147034645, 0.2223445475101471, 0.28266698122024536, 0.13283580541610718, -0.011481894180178642, -0.01900434121489525, -0.31283676624298096, -0.006247384008020163, -0.012481716461479664, 0.1275397688150406, 0.03524329140782356, 0.0009053194080479443, -0.39816394448280334, 0.5175794959068298, -0.2053348571062088, 0.6441479325294495, -0.7329965233802795, -0.07501354068517685, 0.0662829652428627, -0.1453540176153183, -0.08573425561189651, 1.0703657865524292, -3.998713731765747, 0.3345198333263397, 0.0, -0.38999998569488525, 0.47999998927116394, 0.2622244358062744, -0.4732298254966736, -0.14995525777339935, 0.8275296688079834, 0.2932188808917999, 0.7205535173416138, -0.5460842847824097, -0.31083303689956665, -0.03218809887766838, -0.45183393359184265, 0.4989343285560608, -0.004614115227013826, -0.25317975878715515, 0.9659163951873779, 0.05370350182056427, -0.054128870368003845, 0.144456684589386, 0.4059112071990967, -5.598940372467041, 0.47041383385658264, -1.1653181314468384, -0.01131509244441986, -0.43654748797416687, 0.5238161683082581, 0.04063241183757782, 0.28580090403556824, 0.9534341096878052, 0.08735040575265884, 0.14929771423339844, 0.4760947525501251, 0.5821904540061951, -7.598688125610352, 0.9868070483207703, 1.340511679649353, 0.022853640839457512, -0.42790454626083374, 0.5317923426628113, 0.0016975918551906943, -0.08292905986309052, 0.995124876499176, -0.053350139409303665, 0.04534682631492615, -0.09193755686283112, 0.0241744015365839, -2.0296688079833984, -0.16273322701454163, 0.18013709783554077, 0.043326590210199356, -0.4414615035057068, 0.5154517292976379, -0.1331138014793396, -0.2824064791202545, 0.9413055181503296, -0.1283399611711502, 0.05317014455795288, 0.034063924103975296, 0.24803751707077026, 0.11043378710746765, -0.24867671728134155, 1.2068852186203003, -0.08663856983184814, -0.35951024293899536, 0.511259913444519, -0.4614395797252655, -0.4759300649166107, 0.7320592403411865, 0.15701331198215485, 0.23178362846374512, -0.2957388758659363, 0.17605754733085632, -0.28858110308647156, 3.2281532287597656, 6.441451549530029, 1.7117788791656494, -3.519071578979492, 2.256652355194092, 0.088115394115448, 0.006156005430966616, -0.007977891713380814, 1.2111071348190308, -0.04639631509780884, 2.1793203353881836, 0.03138221800327301, 0.0013455352745950222, -0.00391953531652689, 1.8003100156784058, 0.652927815914154, 0.6559280157089233, -0.0036384304985404015, 0.0017861766973510385, -0.022692415863275528, 1.4217661619186401, 0.19307629764080048, 0.5704127550125122, -0.0161081962287426, 0.00042195493006147444, -0.018573710694909096, 1.9096953868865967, 0.45764389634132385, 0.7049990892410278, -0.01138193067163229, 0.0046881698071956635, 0.03562310338020325, 1.0, 0.5174667835235596, 1.0, -0.4276963472366333, 0.30182331800460815, 0.38420605659484863, 1.0, -0.22123980522155762, 0.2828482985496521, -0.7612961530685425, -0.07507015764713287, 0.050962530076503754, -0.12877964973449707, -1.0, -0.9218524694442749, -0.644207239151001, -0.6501904129981995, -1.0, -1.0, 1.0]
[0.38795751333236694, 0.024496354162693024, 0.543870747089386, -0.5667142868041992, -0.36101800203323364, -0.29698336124420166, 0.6334549784660339, -0.0717255249619484, -0.09142442047595978, 0.1971607804298401, -0.08352557569742203, -0.05391249805688858, -0.4016036093235016, -0.5627314448356628, 0.029375825077295303, -0.2451644390821457, -0.9912151098251343, -0.6220036745071411, -0.3742522597312927, -0.5856725573539734, -0.322851300239563, -0.7978755831718445, 0.03431296721100807, 0.962454080581665, 0.13193854689598083, 0.23388484120368958, 0.30037984251976013, 1.3485769033432007, 1.8905853033065796, 0.47779831290245056, 0.06106765195727348, 0.6254799962043762, -0.010081255808472633, -0.0072264051996171474, 0.012152624316513538, -0.5695033669471741, 1.1051052808761597, 0.9587217569351196, -0.41738295555114746, 0.4976385235786438, 0.026546252891421318, -0.5683532953262329, -0.19831381738185883, -0.17433394491672516, -0.7175208926200867, -0.07671090215444565, -1.1859850883483887, -0.3780665397644043, 4.213770389556885, -1.0994198322296143, 0.16066305339336395, 0.2675402760505676, 0.17777188122272491, 0.08530521392822266, 0.31839194893836975, -0.9053109884262085, -0.37472254037857056, -0.10587239265441895, -0.07514103502035141, 0.555904746055603, 0.2929856777191162, 0.12975557148456573, -0.32301369309425354, 0.3307825028896332, -0.20479467511177063, -0.08360633254051208, -0.03268640860915184, -0.12013640254735947, -0.15024515986442566, -0.0798177421092987, 0.12622414529323578, 0.029518000781536102, 0.0023105964064598083, -0.39809808135032654, 0.5179570317268372, -0.20583172142505646, 0.645433247089386, -0.7252819538116455, -0.12253682315349579, 0.3296191692352295, 0.1593373864889145, 0.12064672261476517, -0.42940837144851685, 2.3198416233062744, -3.190481424331665, 0.0, -0.38999998569488525, 0.47999998927116394, 0.2622244358062744, -0.4732298254966736, -0.14995525777339935, 0.8275296688079834, 0.3018115162849426, 0.6971792578697205, -0.5467247366905212, -0.3520553708076477, -0.03414580971002579, -0.4474641680717468, 0.5097920894622803, -0.0006197232287377119, -0.13220901787281036, 0.9888344407081604, 0.06875082105398178, -0.1373826116323471, 0.6692324280738831, 0.8799474835395813, -19.599529266357422, 2.4916982650756836, -1.8418060541152954, -0.009943615645170212, -0.4299909770488739, 0.5324382781982422, 0.038867704570293427, 0.3524065315723419, 0.9320395588874817, 0.07484164834022522, -0.10794563591480255, 0.2891400456428528, 0.21055607497692108, -4.198145866394043, 0.34854647517204285, -0.9353038668632507, 0.021393166854977608, -0.43027186393737793, 0.531350314617157, 0.0008138728444464505, -0.05201508104801178, 0.9978137016296387, -0.04076116904616356, -0.13999754190444946, 0.1505633145570755, 0.10619629174470901, -8.605432510375977, -0.7754476070404053, -0.7492100596427917, 0.04169763624668121, -0.442069947719574, 0.5160918235778809, -0.12837983667850494, -0.303598552942276, 0.9367406368255615, -0.11774346232414246, -0.18219810724258423, -0.12691764533519745, -0.1147102490067482, 4.23072624206543, 1.9589461088180542, -1.6568864583969116, -0.08478029072284698, -0.36263442039489746, 0.5115330815315247, -0.421254962682724, -0.49631568789482117, 0.7505301833152771, 0.11366310715675354, 0.16065844893455505, -0.25337889790534973, -0.030857611447572708, -1.206301212310791, 0.6957449913024902, 7.916762828826904, 0.8881030082702637, -2.140559196472168, 0.9987378120422363, 0.053196828812360764, 0.0013147075660526752, -0.00423999410122633, 1.7626601457595825, 1.9416720867156982, -5.182864189147949, -0.07674730569124222, -0.02819986082613468, -0.029313482344150543, -0.09300310909748077, -3.81207275390625, 1.452075719833374, 0.07257447391748428, -0.0002641550381667912, 0.017280343919992447, 1.723195195198059, 1.1344140768051147, -0.7127795219421387, -0.01567019894719124, 0.004562014248222113, -0.01790831983089447, 1.6116403341293335, 0.9220529198646545, 0.32716190814971924, -0.007391497492790222, 0.0037317618262022734, 0.007128858007490635, 1.0, 0.19315996766090393, 1.0, 0.5283336639404297, 0.9691321849822998, -0.48969152569770813, 1.0, 0.2533254325389862, 1.0, -1.0, 0.13980548083782196, -0.7564802765846252, 0.7530243992805481, -1.0, -1.0, -0.7513164281845093, -1.0, -1.0, -1.0, 0.6723125576972961]
[0.4387918710708618, 0.054214365780353546, 0.6025576591491699, -0.4065897464752197, -0.20053134858608246, -0.24197255074977875, 0.6456429362297058, 0.020128386095166206, -0.025446441024541855, 0.20654940605163574, -0.15397173166275024, -0.15376093983650208, -0.2924996018409729, -0.4394861161708832, -0.093692347407341, -0.09143185615539551, -0.9891126751899719, -0.6818045973777771, -0.41792798042297363, -0.6260620355606079, -0.41388532519340515, -0.8316854238510132, -0.14035676419734955, 0.8797882199287415, 0.23382042348384857, 0.19648584723472595, 0.20953409373760223, 1.5462677478790283, 1.2690726518630981, 0.4864063858985901, -0.15697956085205078, 1.0091028213500977, 0.9384075403213501, 0.20786502957344055, -0.20080046355724335, -1.0838392972946167, 0.9644498825073242, 1.2308474779129028, -0.6560387015342712, 0.7091443538665771, 0.008600394241511822, -0.5462328791618347, -0.5779739022254944, -0.6691145300865173, -0.6183477640151978, -0.08549439162015915, -1.0174057483673096, -0.9621974229812622, 2.436657667160034, -0.38422897458076477, 0.06979883462190628, 0.01866188272833824, -0.05171753093600273, -0.026025457307696342, -0.06113961338996887, 0.08878140896558762, 0.09771857410669327, 0.04709674045443535, 0.15543167293071747, -0.13528244197368622, -0.06808342039585114, -0.021194273605942726, -0.13315215706825256, 0.13102026283740997, -0.085841603577137, -0.025824857875704765, -0.0201390590518713, -0.07871457934379578, 0.05492238327860832, 0.02810635417699814, 0.09473004192113876, 0.016705187037587166, 0.008102143183350563, -0.3963162302970886, 0.5202916264533997, -0.21610833704471588, 0.6343196034431458, -0.6617313027381897, -0.33622512221336365, 0.42125681042671204, 0.09871099144220352, 0.11852047592401505, 0.01402332540601492, 4.499969959259033, -4.242632865905762, 0.0, -0.38999998569488525, 0.47999998927116394, 0.2622244358062744, -0.4732298254966736, -0.14995525777339935, 0.8275296688079834, 0.31760093569755554, 0.5717352032661438, -0.5339558124542236, -0.5358539819717407, -0.03710731118917465, -0.43969467282295227, 0.5218084454536438, 0.009589686058461666, 0.023254800587892532, 0.9959504008293152, 0.086313396692276, -0.14186812937259674, 0.7783731818199158, 0.6312042474746704, -17.24373435974121, 2.9039182662963867, -1.9656881093978882, -0.01189612690359354, -0.423964262008667, 0.5378044247627258, 0.04703105241060257, 0.4203170835971832, 0.9024606347084045, 0.08177056908607483, -0.0702567771077156, 0.5557032227516174, 0.1957043707370758, -11.558722496032715, 1.9371832609176636, -0.203874409198761, 0.019786933436989784, -0.43167024850845337, 0.5310639142990112, -0.002336515113711357, 0.00876638013869524, 0.9989451766014099, -0.045013364404439926, -0.1571974903345108, -0.0313977375626564, -0.07072301208972931, -6.511721134185791, -0.6364910006523132, -0.19171564280986786, 0.0370156466960907, -0.44376856088638306, 0.5131986141204834, -0.12040258198976517, -0.34999510645866394, 0.9249741435050964, -0.08619450032711029, -0.33679255843162537, -0.1819024682044983, -0.28306254744529724, 7.154780387878418, 2.7524919509887695, -2.7364490032196045, -0.08438275009393692, -0.36424949765205383, 0.5105433464050293, -0.38433152437210083, -0.5053579211235046, 0.7710121273994446, 0.04942423850297928, 0.09743518382310867, -0.12784455716609955, -0.002524415496736765, -4.269613265991211, 0.2287335842847824, 8.770061492919922, 0.33413055539131165, 0.5660727024078369, -0.3518751561641693, -0.017534365877509117, -7.006984378676862e-05, -0.0002366195258218795, -0.03383200615644455, -0.9115120768547058, 0.7492626905441284, 0.03342406451702118, 0.011351495049893856, 0.009884807281196117, 0.9524786472320557, 0.721548855304718, -0.5716521739959717, -0.010371040552854538, -0.00036812928738072515, -0.014734817668795586, 0.7562417387962341, 0.5186508893966675, -0.20917129516601562, -0.01235929410904646, 0.002195142675191164, -0.006586452946066856, 1.0511339902877808, -0.65232253074646, -0.004273058380931616, 0.0047395722940564156, -0.00011295595322735608, 0.006605206988751888, 1.0, 0.1780693233013153, 0.8631864786148071, 0.54030442237854, 0.4354146122932434, -1.0, 1.0, 0.7842893600463867, 1.0, -1.0, 0.20439206063747406, -1.0, 1.0, -1.0, -1.0, -1.0, -0.8489320278167725, -1.0, -1.0, 0.20531466603279114]
[0.500197172164917, 0.06496534496545792, 0.5849593877792358, -0.22276225686073303, -0.1316775530576706, -0.20187747478485107, 0.5391247868537903, 0.14572998881340027, 0.07082109153270721, 0.23513907194137573, -0.13274027407169342, -0.2616623342037201, -0.13742387294769287, -0.29481497406959534, -0.22731183469295502, 0.0665387213230133, -0.9871200919151306, -0.7357151508331299, -0.4850151836872101, -0.6630978584289551, -0.4721468687057495, -0.8646165132522583, -0.2858201563358307, 0.7114737033843994, 0.23429404199123383, -0.003042990807443857, -0.2278197854757309, 1.7687933444976807, 0.3046658933162689, 0.31147637963294983, -0.5064190030097961, 1.2208163738250732, 0.854123055934906, 0.2899642288684845, 0.21141348779201508, -0.9456155896186829, 1.6888309717178345, 1.5955395698547363, -0.516225278377533, 0.3829868733882904, 0.06923285871744156, -0.4786415696144104, -0.6311046481132507, -0.34007343649864197, -0.3077332377433777, -0.07460841536521912, -0.8392249941825867, -1.86147940158844, -0.021255474537611008, -2.0748860836029053, -0.0719514936208725, -0.0909242033958435, -0.09356752038002014, -0.039125870913267136, -0.031441379338502884, -0.03191802278161049, -0.006421839352697134, 0.0012945092748850584, 0.07511216402053833, -0.06952936947345734, 0.030705388635396957, 0.03662785142660141, -0.05938462167978287, -0.2582937777042389, 0.016560029238462448, 0.019553612917661667, 0.009458107873797417, 0.060137901455163956, 0.009884914383292198, 0.01246268767863512, 0.031710412353277206, -0.007797901052981615, 0.014863653108477592, -0.39622893929481506, 0.5220149159431458, -0.24071647226810455, 0.6259734630584717, -0.5136173963546753, -0.535172700881958, 0.41197675466537476, -0.04715282469987869, 0.12475252896547318, 1.5418184995651245, 1.9348697662353516, -3.1911826133728027, 0.0, -0.38999998569488525, 0.47999998927116394, 0.2622244358062744, -0.4732298254966736, -0.14995525777339935, 0.8275296688079834, 0.2780624032020569, 0.4355316460132599, -0.45505425333976746, -0.7252026796340942, -0.038856204599142075, -0.4315067231655121, 0.530644953250885, 0.019771385937929153, 0.1403556615114212, 0.9856891632080078, 0.09124819934368134, -0.029837289825081825, 0.6513663530349731, 0.3621976673603058, -11.689517974853516, 2.1968681812286377, 0.12056316435337067, -0.01268753781914711, -0.41623976826667786, 0.5416954755783081, 0.0489116907119751, 0.5099769234657288, 0.8559383153915405, 0.07000532746315002, -0.04983343929052353, 0.5456708073616028, -0.0023919609375298023, -11.625316619873047, 1.900390386581421, 1.4993888139724731, 0.016143357381224632, -0.4329335391521454, 0.5290910005569458, -0.004284700378775597, 0.08718009293079376, 0.9956868290901184, -0.03144742548465729, -0.2601005434989929, 0.1312927007675171, -0.17844967544078827, -11.651311874389648, -0.7559266090393066, -2.265387535095215, 0.03131391853094101, -0.44541940093040466, 0.508459746837616, -0.11443858593702316, -0.40704408288002014, 0.9047866463661194, -0.05079283565282822, -0.2857978343963623, -0.13716039061546326, -0.3272879123687744, 6.940869331359863, 1.9077951908111572, -1.6116516590118408, -0.08463864773511887, -0.3647229075431824, 0.5099635720252991, -0.3223002552986145, -0.5044452548027039, 0.8007943034172058, -0.01964762434363365, 0.13667455315589905, -0.07322479784488678, 0.07854051887989044, -4.976871013641357, 4.331689357757568, 10.639400482177734, -0.4297676086425781, 0.8226918578147888, -0.9948034286499023, -0.02678549848496914, 0.00100773386657238, 0.008473305031657219, -0.12569573521614075, -0.32761675119400024, -0.4144309163093567, -0.0036197416484355927, 0.0031909181270748377, 0.003099128371104598, 0.4048486053943634, -0.6667616963386536, -0.41426482796669006, 0.026626428589224815, -0.0010778546566143632, -0.008820349350571632, -1.230790138244629, -0.23158732056617737, 0.05079256743192673, 0.005984297953546047, -0.01024821400642395, 0.015939783304929733, 0.05711262673139572, -0.2879856526851654, -0.07395235449075699, 0.0019774450920522213, -0.008711704052984715, -0.01198180578649044, 0.7903997302055359, -0.051802609115839005, 0.07964999228715897, 0.8443207144737244, -0.13088349997997284, -1.0, 1.0, 0.5966052412986755, 1.0, -0.8069695234298706, 0.953849196434021, -1.0, 1.0, -1.0, -1.0, -0.768455982208252, -0.6262497901916504, -1.0, -1.0, -0.5596678256988525]
[0.5641002058982849, 0.049217116087675095, 0.5104984641075134, -0.03300086408853531, -0.0697479099035263, -0.15909546613693237, 0.4186161458492279, 0.2755858600139618, 0.16491790115833282, 0.2662568688392639, -0.09795771539211273, -0.36715614795684814, -0.005369578022509813, -0.11745081841945648, -0.33849620819091797, 0.14701971411705017, -0.983604907989502, -0.781335175037384, -0.545392632484436, -0.6553556323051453, -0.45441922545433044, -0.8969830274581909, -0.40666070580482483, 0.48059898614883423, 0.24830834567546844, -0.17790241539478302, -0.34754395484924316, 1.7444871664047241, 0.7164682745933533, 0.5745431780815125, -0.5002978444099426, 1.141572117805481, 0.8796355128288269, 0.29794061183929443, 0.15349368751049042, -0.9417911767959595, 0.998627781867981, 1.5453966856002808, -0.5185279250144958, 0.2918427884578705, 0.008346879854798317, -0.39273786544799805, -0.5093984603881836, 0.3264055848121643, 0.3695950210094452, -0.0729888305068016, -0.6986972689628601, -2.2708396911621094, -0.09338691085577011, -1.5878868103027344, -0.017942795529961586, -0.1147933155298233, -0.011566540226340294, 0.015409644693136215, -0.02601243369281292, -0.10688547044992447, -0.0317508801817894, -0.006847107782959938, 0.046099670231342316, -0.04888534173369408, -0.05008626729249954, -0.03206988424062729, -0.16754883527755737, 0.0794501006603241, -0.1269141137599945, -0.03642947971820831, -0.005847381427884102, 0.09007029235363007, 0.16811104118824005, 0.10132820159196854, 0.009430169127881527, 0.000698460265994072, 0.02044142782688141, -0.399278461933136, 0.5232969522476196, -0.2888357639312744, 0.621600329875946, -0.308647096157074, -0.6594874858856201, 0.36012664437294006, -0.26654520630836487, 0.028897276148200035, 3.3091297149658203, 3.5861740112304688, -3.735391616821289, 0.0, -0.38999998569488525, 0.47999998927116394, 0.2622244358062744, -0.4732298254966736, -0.14995525777339935, 0.8275296688079834, 0.17318683862686157, 0.3265509009361267, -0.3279951512813568, -0.8693618178367615, -0.039624590426683426, -0.4228179156780243, 0.5360367298126221, 0.028994066640734673, 0.2486635148525238, 0.9643612504005432, 0.08563365787267685, -0.011944573372602463, 0.7310506701469421, 0.12943610548973083, -14.03674602508545, 2.617574691772461, 0.6913184523582458, -0.013738223351538181, -0.40884435176849365, 0.5426360368728638, 0.04832558333873749, 0.589746356010437, 0.8041513562202454, 0.05660821869969368, -0.09286044538021088, 0.4585880935192108, -0.1782839298248291, -10.572540283203125, 1.572678804397583, 1.3812081813812256, 0.012078259140253067, -0.4347822070121765, 0.5246070623397827, -0.0037937548477202654, 0.16203097999095917, 0.9866616725921631, -0.015175464563071728, -0.2471487820148468, -0.02723853290081024, -0.3572770059108734, -7.1187849044799805, -0.19779863953590393, -2.0292861461639404, 0.026701167225837708, -0.44674962759017944, 0.5027117133140564, -0.10841722041368484, -0.45921123027801514, 0.8813100457191467, -0.025757018476724625, -0.2790238857269287, -0.131057009100914, -0.4765642285346985, 7.052053451538086, 1.7678780555725098, -1.553347110748291, -0.08547355234622955, -0.3639214336872101, 0.5109043121337891, -0.22475594282150269, -0.5014462471008301, 0.8326842784881592, -0.06836093217134476, 0.12693482637405396, 0.06165938079357147, 0.19989973306655884, -3.9198925495147705, 9.273978233337402, 9.837841987609863, -0.10577477514743805, -0.2559186816215515, -0.7018923759460449, 0.011570867151021957, 1.9514865925884806e-05, 0.0018324038246646523, -0.06914874911308289, -0.21409140527248383, -0.7504405975341797, -0.010058479383587837, 0.004049734678119421, 0.0021140591707080603, 0.24057555198669434, 0.5151410102844238, -0.5911949872970581, -0.024342769756913185, -0.0016435235738754272, -0.005335274152457714, 0.5017223358154297, 0.4830441176891327, -0.32365721464157104, 0.0013982796808704734, 0.004444599151611328, -0.002343333326280117, 0.04188619554042816, -1.012615442276001, -0.10428662598133087, 0.002983138198032975, 2.8279086109250784e-05, -0.019292082637548447, 1.0, -0.2111196368932724, -0.007964633405208588, 1.0, 0.4215664863586426, -1.0, 1.0, 0.6845735311508179, 1.0, -1.0, 0.4565253257751465, -1.0, 1.0, -1.0, -1.0, -0.4165627062320709, 0.018093375489115715, -1.0, -1.0, -0.9512035250663757]
[0.6279851198196411, 0.05265359580516815, 0.39632973074913025, 0.1377282440662384, 0.003489850088953972, -0.08082329481840134, 0.2679418623447418, 0.39248350262641907, 0.2607395648956299, 0.29818522930145264, -0.027760477736592293, -0.44289669394493103, 0.04556412994861603, 0.00046651731827296317, -0.4541689157485962, 0.24090343713760376, -0.9883057475090027, -0.7864030003547668, -0.5818030834197998, -0.6180694699287415, -0.4567157030105591, -0.9135972857475281, -0.4648292660713196, 0.28848201036453247, 0.24166499078273773, 0.15669001638889313, -0.533244788646698, 1.4940866231918335, 0.6573140025138855, 0.8166093230247498, -0.5271360874176025, 1.1184314489364624, 0.8866223692893982, 0.3022622764110565, 0.14662189781665802, -0.6539258360862732, 0.07267642021179199, 0.6178165674209595, -0.4667622148990631, 0.28283023834228516, -0.027061065658926964, 0.13441132009029388, -0.1351454257965088, 0.5294023752212524, -0.2316749095916748, -0.03243758901953697, -0.1783631592988968, -1.5128055810928345, -0.20792944729328156, 3.670924663543701, -0.02031784877181053, 0.08964172005653381, -0.009998510591685772, -0.004933697637170553, 0.03894389420747757, 0.16888311505317688, 0.019504856318235397, -0.0007235747762024403, -0.12391965836286545, 0.19103600084781647, -0.04971372336149216, -0.07294946163892746, 0.43963849544525146, -0.1601187288761139, 0.3250442445278168, 0.15499813854694366, 0.07108992338180542, -0.011252718977630138, -0.07407023012638092, -0.04114176332950592, 0.023265913128852844, 0.03787204623222351, 0.025060193613171577, -0.40462493896484375, 0.5252494812011719, -0.3166816532611847, 0.6163545250892639, -0.08343710750341415, -0.7161411046981812, 0.22190529108047485, -0.3185323476791382, 0.17196668684482574, 3.421375274658203, 2.6428089141845703, -3.4423511028289795, 0.0, -0.38999998569488525, 0.47999998927116394, 0.2622244358062744, -0.4732298254966736, -0.14995525777339935, 0.8275296688079834, 0.057636864483356476, 0.2405196577310562, -0.16467590630054474, -0.9548352956771851, -0.040134772658348083, -0.4133606553077698, 0.5409609079360962, 0.03451095521450043, 0.36961039900779724, 0.9256891012191772, 0.07277825474739075, -0.028505980968475342, 0.7590394020080566, 0.15402860939502716, -15.433387756347656, 2.2025439739227295, 1.6072169542312622, -0.015127762220799923, -0.4012693166732788, 0.5437318682670593, 0.04128909483551979, 0.6656286716461182, 0.7440102696418762, 0.04101570323109627, -0.12574520707130432, 0.5217762589454651, -0.06658166646957397, -12.25129508972168, 1.128376841545105, 1.5003007650375366, 0.007322227582335472, -0.43639764189720154, 0.5222501158714294, 0.0009811975760385394, 0.19901739060878754, 0.9799731373786926, 0.006606212351471186, -0.23927363753318787, -0.08844807744026184, -0.05878683924674988, -0.9650577306747437, 0.19827857613563538, -1.933256983757019, 0.02153048850595951, -0.44743484258651733, 0.4989529550075531, -0.1048647090792656, -0.486036092042923, 0.8676163554191589, 0.003767208196222782, -0.3104083836078644, -0.017134759575128555, -0.0628664642572403, 0.9688565135002136, 1.7488309144973755, -2.4716267585754395, -0.08640149235725403, -0.3632001280784607, 0.5115709900856018, -0.14346490800380707, -0.5054793953895569, 0.8450602889060974, -0.09890186041593552, 0.07789969444274902, 0.019878247752785683, 0.03186386823654175, -0.7300052642822266, 4.986231803894043, 6.704108238220215, 0.02800840139389038, 0.4777691960334778, 0.5396813154220581, 0.0022328400518745184, 0.0026712825056165457, 0.0012364694848656654, 0.02956920862197876, 0.6771638989448547, 0.7571876049041748, 0.009433884173631668, -0.008878287859261036, -0.002120646648108959, -0.5853718519210815, 1.4239674806594849, 0.731302797794342, -0.051589950919151306, 0.005987465847283602, 0.012646831572055817, -0.7853661775588989, -2.3087005615234375, 0.8895431756973267, 0.03645941615104675, -0.004875483922660351, 0.009021497331559658, 0.7942467927932739, 0.5532881021499634, 0.06535805016756058, -0.003606228157877922, 0.025164104998111725, 0.007109357044100761, 1.0, 0.4145408272743225, -0.3988182544708252, 1.0, 0.3752446472644806, -1.0, 1.0, 0.7865893244743347, 1.0, -0.615111768245697, 0.08578722178936005, -1.0, 1.0, -1.0, -0.5935348868370056, -0.35499081015586853, -0.7909405827522278, -1.0, -0.47666290402412415, -0.4844513237476349]
[0.6607353091239929, 0.11621645092964172, 0.2875193655490875, 0.2822284996509552, 0.04324163496494293, -0.006286222487688065, 0.15306814014911652, 0.5166443586349487, 0.3444683253765106, 0.33035778999328613, 0.0008209728403016925, -0.5048983097076416, 0.07585292309522629, 0.026921192184090614, -0.5422803163528442, 0.28926950693130493, -0.9919737577438354, -0.685336709022522, -0.5712209343910217, -0.5508121848106384, -0.4791385233402252, -0.9305787682533264, -0.4717361330986023, 0.1776464283466339, 0.04036122187972069, 0.6452524065971375, -0.40184029936790466, 1.2543013095855713, 0.2144298553466797, 0.5181638598442078, -0.46963024139404297, 1.1392816305160522, 0.7170054316520691, 0.3702128827571869, 0.15894384682178497, -0.4706229269504547, 0.4411592185497284, 0.17572949826717377, -0.3478628396987915, 0.1625213921070099, -0.012803852558135986, 1.360008955001831, 0.2989722788333893, 0.984834611415863, -0.11965789645910263, -0.044599127024412155, 0.026824939996004105, -0.7683945298194885, -5.067420959472656, 5.2401580810546875, -0.05580359697341919, 0.12691709399223328, -0.0313061885535717, -0.036442771553993225, -0.04612036421895027, 0.14873996376991272, -0.015326496213674545, -0.006496761925518513, -0.09498822689056396, 0.3631179928779602, 0.12894585728645325, 0.03234964236617088, 0.4624958634376526, -0.1647646725177765, 0.33406585454940796, 0.2012457251548767, 0.08831355720758438, 0.04062511399388313, 0.16813603043556213, 0.07953518629074097, -0.10834203660488129, -0.005079492926597595, 0.0277132298797369, -0.4079993963241577, 0.529346227645874, -0.330244779586792, 0.5905154943466187, 0.10419733077287674, -0.7289531230926514, 0.17406435310840607, -0.1065935268998146, 0.31816303730010986, 1.8674535751342773, 1.7946569919586182, -2.4307427406311035, 0.0, -0.38999998569488525, 0.47999998927116394, 0.2622244358062744, -0.4732298254966736, -0.14995525777339935, 0.8275296688079834, -0.04289642348885536, 0.1659056693315506, -0.024517999961972237, -0.9849029779434204, -0.039708130061626434, -0.40352362394332886, 0.5481853485107422, 0.033587440848350525, 0.4787205159664154, 0.8754249811172485, 0.0577012300491333, 0.05490526929497719, 0.703838050365448, 0.3208842873573303, -13.077661514282227, 1.3355698585510254, 1.8346904516220093, -0.015580335631966591, -0.3916845917701721, 0.5476988554000854, 0.032985150814056396, 0.7459547519683838, 0.6645848155021667, 0.02811397612094879, -0.012619052082300186, 0.5866530537605286, 0.08403994143009186, -14.315943717956543, 1.0177195072174072, 2.1653828620910645, 0.004978136159479618, -0.4365202784538269, 0.5254842638969421, 0.00362431351095438, 0.2154199182987213, 0.9763770699501038, 0.016397111117839813, -0.06559646874666214, 0.12557119131088257, 0.3480532765388489, -3.9543094635009766, 0.16309402883052826, -0.9959414005279541, 0.018760956823825836, -0.44683414697647095, 0.5038943886756897, -0.09801768511533737, -0.4408539831638336, 0.8918620347976685, 0.024949446320533752, -0.08925926685333252, 0.16839495301246643, 0.6591039896011353, -10.118951797485352, 2.500535011291504, -2.236032247543335, -0.0863037183880806, -0.36296993494033813, 0.5137692093849182, -0.08954283595085144, -0.5126321315765381, 0.84660804271698, -0.11155824363231659, 0.13054560124874115, 0.006773058325052261, 0.21433287858963013, -0.17525631189346313, 4.586315631866455, 3.5390803813934326, -0.6543541550636292, 1.273829460144043, 0.690135657787323, -0.017335329204797745, 0.0022644400596618652, 0.00038047321140766144, -0.6073533296585083, 1.1048171520233154, 0.41214507818222046, 0.010075494647026062, 0.0073256054893136024, -0.0009360673720948398, -0.7376418113708496, -0.39364635944366455, 2.323604106903076, 0.026444949209690094, -6.0380953073035926e-05, 0.0007136742351576686, -0.9363139867782593, -2.8405377864837646, 0.7956728339195251, 0.04570549726486206, -0.0005738256149925292, 0.0034799661953002214, -0.9906809329986572, -1.062758445739746, 0.8406589031219482, 0.0055862292647361755, 0.010771399363875389, -0.003499395214021206, 0.29163992404937744, 1.0, -0.21785202622413635, 1.0, 0.08597148954868317, -0.984181821346283, 1.0, 0.7364031672477722, 1.0, -0.3619210422039032, 0.7271655797958374, -1.0, 1.0, -1.0, 0.36199814081192017, -0.04718855023384094, -0.5174662470817566, -1.0, -0.4083886444568634, -0.15715324878692627]
[0.6456235647201538, 0.21470049023628235, 0.27431902289390564, 0.40278345346450806, 0.11781740188598633, 0.04739316925406456, 0.07810979336500168, 0.6136802434921265, 0.3731803894042969, 0.3763916790485382, 0.056329719722270966, -0.5315115451812744, 0.13287222385406494, 0.062422797083854675, -0.6057525873184204, 0.34441062808036804, -0.9917287230491638, -0.49574142694473267, -0.5219629406929016, -0.42533183097839355, -0.44047096371650696, -0.9292898774147034, -0.5103781223297119, 0.0525677315890789, -0.11920879036188126, 0.7292468547821045, 0.12837517261505127, 1.045390248298645, 0.9425403475761414, 0.6778378486633301, -0.18969717621803284, 0.8188285827636719, 0.024071965366601944, 0.3486661911010742, 0.21664969623088837, -0.17301970720291138, 0.5194253921508789, 0.47682246565818787, -0.20556659996509552, 0.1733880192041397, 0.04888201877474785, 1.9557523727416992, 0.5812169313430786, 1.8425225019454956, 0.49836310744285583, 0.035201333463191986, -0.38685810565948486, -1.357887625694275, -3.5298147201538086, 0.9033877849578857, 0.006653927732259035, -0.027268512174487114, 0.02202136628329754, 0.02737242355942726, 0.011738570407032967, -0.018729252740740776, -0.061142969876527786, -0.03364497050642967, -0.11279566586017609, 0.08424003422260284, 0.016505330801010132, 0.013311189599335194, 0.14360955357551575, -0.14838573336601257, 0.13557061553001404, 0.07827787101268768, 0.03698655962944031, 0.09882940351963043, 0.18838047981262207, 0.10742689669132233, -0.13516725599765778, -0.05165552720427513, 0.02962631545960903, -0.4073234498500824, 0.5333195328712463, -0.3009195029735565, 0.5606562495231628, 0.18950292468070984, -0.7477971315383911, 0.09238945692777634, 0.1889863908290863, 0.1773003786802292, -0.22857490181922913, 1.6511934995651245, -0.7093256115913391, 0.0, -0.38999998569488525, 0.47999998927116394, 0.2622244358062744, -0.4732298254966736, -0.14995525777339935, 0.8275296688079834, -0.05853432044386864, 0.1055118665099144, 0.04929683357477188, -0.9914689660072327, -0.03791464492678642, -0.39284321665763855, 0.555476188659668, 0.03556239232420921, 0.5859148502349854, 0.8079896569252014, 0.05090867727994919, 0.14360438287258148, 0.7403556704521179, 0.13646957278251648, -16.873931884765625, 1.7443400621414185, -0.06852926313877106, -0.014524725265800953, -0.3831586241722107, 0.5529594421386719, 0.022340377792716026, 0.8070868849754333, 0.5897732377052307, 0.01671043410897255, 0.06734557449817657, 0.4223129153251648, 0.17577442526817322, -9.594988822937012, 0.4447232484817505, 1.536790370941162, 0.0049464586190879345, -0.4339333176612854, 0.53327876329422, 0.006264751311391592, 0.26883670687675476, 0.9628841280937195, 0.023271244019269943, 0.06666494160890579, 0.2887316048145294, 0.44185662269592285, -7.7568535804748535, 0.2826978266239166, -0.48782849311828613, 0.018508777022361755, -0.444223552942276, 0.5144252777099609, -0.08912118524312973, -0.33512499928474426, 0.9370002746582031, 0.04217913746833801, 0.07020941376686096, 0.39421674609184265, 0.8724822998046875, -15.606992721557617, 2.629863739013672, -2.076300621032715, -0.08383806049823761, -0.3630357086658478, 0.5199719667434692, 0.0030916063115000725, -0.5216144919395447, 0.8458762168884277, -0.11136458814144135, 0.39626678824424744, 0.003802606835961342, 0.44084417819976807, -0.31750252842903137, 11.909330368041992, 6.903224945068359, -0.5020754337310791, -0.3460886776447296, -0.059911347925662994, 0.02218109555542469, -0.005572244990617037, -0.002753832843154669, -0.5652139782905579, 0.6167242527008057, -0.5396215915679932, -0.024394111707806587, -0.002821448491886258, 0.00063263566698879, -0.7433886528015137, -0.1575845330953598, 0.38956981897354126, 0.010947422124445438, 0.002637566067278385, 0.004969763103872538, -0.8312016129493713, -1.1050159931182861, 0.2672325670719147, 0.02041131630539894, -0.0014956702943891287, 0.006898943800479174, -1.8334081172943115, -0.9039021134376526, 0.9618960618972778, -0.0024299686774611473, -0.022320998832583427, -0.017168279737234116, 0.10409507900476456, 0.8739550113677979, 0.655751645565033, 1.0, 0.8014845252037048, -0.393998920917511, 0.62677401304245, 0.25531885027885437, 1.0, -0.08685889095067978, 0.9075710773468018, -1.0, 1.0, -1.0, 0.7741928696632385, 0.5258935689926147, 0.11481145024299622, -0.7481821179389954, -1.0, -0.8702954053878784]
[0.5971815586090088, 0.26739203929901123, 0.34954938292503357, 0.5070103406906128, 0.23977701365947723, 0.15429431200027466, 0.03208164498209953, 0.6468539834022522, 0.3111996054649353, 0.38259389996528625, 0.08434198051691055, -0.5289291739463806, 0.15711131691932678, 0.11437854170799255, -0.6274251341819763, 0.3720371127128601, -0.9804288148880005, -0.28891611099243164, -0.44554996490478516, -0.3298298418521881, -0.29210054874420166, -0.7672731876373291, -0.5798953771591187, -0.10222747176885605, -0.22409100830554962, 0.13500110805034637, 0.4029284417629242, 0.913406491279602, 1.2248114347457886, 1.2766361236572266, -0.16376134753227234, 0.012622746638953686, -0.8907262086868286, -0.15759679675102234, 0.019756928086280823, 0.11769955605268478, 0.08117778599262238, 0.3815475106239319, -0.04389254376292229, 0.03556755557656288, 0.13226500153541565, 1.884333848953247, 1.0511360168457031, 0.8198040127754211, 1.383945345878601, 0.5989943146705627, -0.4502820670604706, -1.4656424522399902, -2.151444911956787, -5.9686431884765625, -0.00014477054355666041, -0.21400481462478638, -0.02238490618765354, 0.02025800570845604, -0.009529347531497478, -0.32360756397247314, -0.11575852334499359, -0.05014173313975334, -0.10035386681556702, -0.28231221437454224, -0.07906246185302734, -0.026492305099964142, -0.5539842844009399, -0.0728621706366539, -0.36706700921058655, -0.14248548448085785, -0.014342251233756542, -0.07561755180358887, 0.0733945369720459, 0.11430683732032776, 0.021636035293340683, 0.006067356094717979, 0.031142238527536392, -0.4045660197734833, 0.5319358706474304, -0.26302042603492737, 0.5170436501502991, 0.180108442902565, -0.7943846583366394, 0.10340558737516403, 0.1424124389886856, -0.22394923865795135, -1.8466129302978516, 1.311431646347046, 0.9447841644287109, 0.0, -0.38999998569488525, 0.47999998927116394, 0.2622244358062744, -0.4732298254966736, -0.14995525777339935, 0.8275296688079834, -0.01704939268529415, 0.04415494203567505, 0.04103519394993782, -0.9980360269546509, -0.03509124368429184, -0.384134441614151, 0.5577113628387451, 0.044822946190834045, 0.6973100304603577, 0.7135754227638245, 0.0505930632352829, 0.20832222700119019, 0.41986095905303955, -0.3078234791755676, -17.59906005859375, 2.1605513095855713, -1.0071861743927002, -0.0126062436029315, -0.3805956244468689, 0.5565398335456848, 0.009759887121617794, 0.8113077282905579, 0.5844908356666565, 0.007403465919196606, 0.10436497628688812, -0.014666188508272171, 0.202242910861969, 4.500608921051025, -0.14274491369724274, 1.9422310590744019, 0.007213198579847813, -0.4318479597568512, 0.5379632115364075, 0.005937043111771345, 0.31339767575263977, 0.9493815898895264, 0.020524408668279648, 0.18620991706848145, 0.12066008895635605, 0.08995132148265839, -3.5748043060302734, 0.11313854157924652, 1.0163720846176147, 0.02068571373820305, -0.4405800402164459, 0.5224164724349976, -0.08063013851642609, -0.21261225640773773, 0.9725612998008728, 0.04918699339032173, 0.21525853872299194, 0.43223100900650024, 0.40628859400749207, -15.589624404907227, 2.162773609161377, -1.1583348512649536, -0.07999485731124878, -0.3617439270019531, 0.5289523005485535, 0.12620098888874054, -0.5060281157493591, 0.8478618860244751, -0.09559737890958786, 0.438518762588501, 0.17670296132564545, 0.5493215322494507, -4.59190034866333, 13.784968376159668, 5.70733118057251, -0.45741575956344604, -1.2808778285980225, -1.4904439449310303, 0.0010448365937918425, -0.0022147970739752054, 0.0009753264021128416, -0.30839675664901733, -0.6950443983078003, -1.8321633338928223, -0.060567401349544525, 0.002596109639853239, -0.0006345456931740046, -0.6132416725158691, -0.1111191138625145, -1.9600259065628052, -0.028159089386463165, 0.0030730499420315027, 0.005458504892885685, -0.37658023834228516, 1.382828712463379, -1.6863093376159668, 0.006400178652256727, -0.0019393226830288768, 0.002248305594548583, 0.1537194550037384, -0.8672260046005249, -0.3488614559173584, 0.01684454269707203, 0.0036078423727303743, -0.008724836632609367, 0.023171907290816307, -0.01644647680222988, 1.0, 1.0, 1.0, -0.6090328097343445, 0.06269919127225876, -0.39033445715904236, 0.8279038071632385, -0.10020222514867783, 0.4782456159591675, -1.0, 1.0, -1.0, 0.7891780138015747, -0.1020800918340683, 1.0, 1.0, -1.0, -1.0]
[0.569774329662323, 0.22350074350833893, 0.44756844639778137, 0.562096118927002, 0.36649662256240845, 0.30343058705329895, -0.042663559317588806, 0.6686532497406006, 0.15628953278064728, 0.3466690480709076, 0.09139586240053177, -0.5474162697792053, 0.22150202095508575, 0.1559309959411621, -0.5611525177955627, 0.3001265525817871, -1.0000005960464478, -0.1018470749258995, -0.27488866448402405, -0.35427895188331604, -0.0931309387087822, -0.5046501159667969, -0.6520372629165649, -0.2497486174106598, -0.00983641017228365, -0.5952050089836121, 0.4024055600166321, 0.2784707248210907, 1.136247158050537, 1.4345221519470215, -0.36540883779525757, 0.37108051776885986, -1.7158302068710327, -0.48083487153053284, -0.047434743493795395, -0.13439598679542542, 0.9355749487876892, 0.558076798915863, 0.2893211245536804, -0.5403682589530945, -0.33814090490341187, 1.416343331336975, 1.8407319784164429, -0.8942421078681946, 1.4513527154922485, 0.6690558791160583, -0.43656086921691895, -1.3067086935043335, 5.157998085021973, -8.944472312927246, 0.029091795906424522, -0.35266125202178955, -0.06780517846345901, -0.015246609225869179, 0.0023199187126010656, -0.07474677264690399, 0.005084631033241749, -0.008789603598415852, 0.1015634536743164, -0.3470727205276489, 0.036494992673397064, 0.05484165623784065, -0.987397313117981, 0.019492778927087784, -0.8794376254081726, -0.41888806223869324, -0.12915490567684174, -0.20228174328804016, -0.2846829295158386, -0.11681237816810608, 0.19117113947868347, 0.05282741039991379, 0.03087259829044342, -0.40292781591415405, 0.5237581729888916, -0.2831997275352478, 0.447601318359375, 0.19894082844257355, -0.8245444297790527, -0.10022542625665665, 0.11795314401388168, -0.652794599533081, 1.256929874420166, 1.7941604852676392, 0.48409709334373474, 0.0, -0.38999998569488525, 0.47999998927116394, -0.5092566013336182, 0.1394539624452591, -0.8450728058815002, 0.08403756469488144, -0.03770536184310913, 0.49323761463165283, -0.8685321807861328, -0.030771078541874886, -0.033356815576553345, -0.38161152601242065, 0.5536093711853027, 0.06108292192220688, 0.7750640511512756, 0.6267519593238831, 0.052216850221157074, 0.0618458092212677, -0.06225408986210823, -0.5459295511245728, -11.089662551879883, 2.177729368209839, -2.0474846363067627, -0.011651367880403996, -0.3836026191711426, 0.55607670545578, -0.0037480993196368217, 0.7624285817146301, 0.6470522284507751, -0.0034573650918900967, -0.02774026244878769, -0.21278835833072662, 0.02956106700003147, 12.104846000671387, 0.13239943981170654, 1.870007038116455, 0.008625302463769913, -0.4323512613773346, 0.5338702201843262, 0.005679797846823931, 0.3335854113101959, 0.9425423741340637, 0.01738947629928589, 0.02356065809726715, -0.0036839330568909645, -0.463284969329834, -3.815648317337036, 0.245579332113266, 0.2766162157058716, 0.023316992446780205, -0.4387694001197815, 0.522153377532959, -0.08074840158224106, -0.08758029341697693, 0.9919899106025696, 0.042015790939331055, 0.15833337604999542, 0.19399040937423706, -0.29883497953414917, -12.560834884643555, 0.5712419748306274, 0.3889807164669037, -0.07793381065130234, -0.3580435812473297, 0.5356510281562805, 0.22387708723545074, -0.46254056692123413, 0.8545426726341248, -0.07544504851102829, 0.14167071878910065, 0.36034008860588074, 0.2891320586204529, -6.442006587982178, 8.661934852600098, 3.4093146324157715, 0.5035637617111206, -1.5433602333068848, -2.028360366821289, -0.03839701786637306, -0.004968706518411636, 0.003579768817871809, 0.7375664710998535, -1.5362401008605957, -0.39682134985923767, -0.031833209097385406, -0.0014214848633855581, 0.0005952711799181998, 0.7542961239814758, -1.8234877586364746, -1.759927749633789, 0.027489343658089638, -0.0014382987283170223, -0.00041197010432370007, 0.16077668964862823, 4.439311981201172, -4.399489879608154, -0.06256522238254547, -0.012568497098982334, 0.0012440892169252038, 1.8779470920562744, 1.8838720321655273, -2.327681064605713, 0.0074109951965510845, 0.02278026193380356, 0.015645913779735565, 1.0, -1.0, 1.0, 0.5660883784294128, 1.0, -1.0, 0.5120489001274109, -1.0, 1.0, -1.0, 1.0, 0.6579720973968506, -0.2043585479259491, -1.0, 1.0, -1.0, 1.0, 1.0, -1.0, -1.0]
[0.5582454204559326, 0.18936578929424286, 0.42680007219314575, 0.5322191119194031, 0.47821176052093506, 0.4465048015117645, -0.03326720371842384, 0.6393370032310486, -0.024784225970506668, 0.28954508900642395, -0.005164469126611948, -0.5850329399108887, 0.26398134231567383, 0.2108217477798462, -0.5999447107315063, 0.23975452780723572, -0.9999994039535522, -0.11420371383428574, -0.14537310600280762, -0.37062546610832214, 0.03672933951020241, -0.3197965621948242, -0.6308487057685852, -0.3456924557685852, -0.06930818408727646, -0.006367978639900684, -0.34292352199554443, -0.5714073181152344, 0.9694218039512634, 1.2458394765853882, 0.10425448417663574, -0.5498685240745544, -1.6557981967926025, -0.559499979019165, -0.34580856561660767, -0.6146857738494873, -0.1567385494709015, 0.2830577790737152, -0.34397852420806885, -0.09833859652280807, -0.00028293434297665954, -0.824499785900116, 0.3564515709877014, 0.1657172292470932, 0.6462691426277161, 0.33377620577812195, 0.42795634269714355, -0.6650065779685974, -1.1502195596694946, 5.90709114074707, -0.06865809857845306, -0.00998273491859436, -0.07711489498615265, -0.037066951394081116, -0.010281257331371307, 0.035485778003931046, -0.02968728356063366, -0.015329545363783836, 0.11774688214063644, -0.006477772258222103, -0.20143398642539978, -0.10903576016426086, 0.5375816822052002, -0.026983635500073433, 0.35783231258392334, -0.0008448492735624313, -0.0896652415394783, 0.11032125353813171, -0.08633091300725937, -0.09174206852912903, -0.0010035268496721983, 0.03088681772351265, 0.03132893517613411, -0.4035021662712097, 0.5193189382553101, -0.30063802003860474, 0.4267337918281555, 0.2031099498271942, -0.8284088373184204, 0.018004411831498146, 0.06764719635248184, -0.06566762179136276, 1.1602286100387573, 0.2084141969680786, 0.5408197045326233, 0.0, -0.38999998569488525, 0.47999998927116394, -0.5092566013336182, 0.1394539624452591, -0.8450728058815002, 0.08403756469488144, -0.05819191411137581, 0.5088826417922974, -0.8583888411521912, -0.028648603707551956, -0.03288746252655983, -0.38284066319465637, 0.550259530544281, 0.061441633850336075, 0.8220052719116211, 0.5645274519920349, 0.04290638491511345, -0.010216573253273964, -0.1376650035381317, -0.1983492076396942, -8.089469909667969, 1.2844047546386719, 2.0624866485595703, -0.011131232604384422, -0.38943013548851013, 0.5561347603797913, -0.003565689781680703, 0.6830022931098938, 0.73039710521698, -0.0038820146583020687, 0.052376266568899155, -0.38381868600845337, 0.30104202032089233, 13.856964111328125, 0.15037202835083008, -0.17465758323669434, 0.01089848019182682, -0.43356630206108093, 0.5297521352767944, -0.00011917936353711411, 0.3461846709251404, 0.9381663203239441, -0.00034721248084679246, 0.11592208594083786, -0.16496624052524567, -0.13258527219295502, 2.470409393310547, -0.19104765355587006, 2.0785939693450928, 0.025662651285529137, -0.43984341621398926, 0.5181423425674438, -0.07026620209217072, -0.05547626316547394, 0.9953691363334656, 0.03500382974743843, 0.15669584274291992, -0.1439174860715866, -0.1925615519285202, 3.2529165744781494, 1.2129647731781006, 1.242446780204773, -0.07737254351377487, -0.3546960651874542, 0.5393008589744568, 0.2719285488128662, -0.4380877912044525, 0.8554070591926575, -0.049118634313344955, 0.07367957383394241, 0.16474559903144836, 0.17846326529979706, -2.288087844848633, 4.572226047515869, -0.7121514678001404, 0.20022600889205933, 1.4982210397720337, -0.6285887360572815, -0.014593636617064476, 0.014096835628151894, -0.006389050278812647, -0.14771594107151031, 1.2568342685699463, 0.05352768674492836, 0.0035229683853685856, 0.002552936552092433, 0.00012593458814080805, 0.4648664593696594, 2.4903175830841064, -0.7486200928688049, -0.07168100029230118, -0.01028206292539835, -0.012574922293424606, -0.15218152105808258, 1.032338261604309, 1.4566177129745483, -0.07418017089366913, 0.0015290278242900968, -0.0017607066547498107, 0.6805170178413391, 1.144069790840149, 0.6086914539337158, -0.010177633725106716, 0.01999855227768421, 0.015025549568235874, 0.319227010011673, 0.5162556171417236, -0.34625139832496643, 0.03435666114091873, 1.0, 0.42195406556129456, -0.5777238011360168, -1.0, -0.10365898907184601, -0.8795183300971985, 0.8110706806182861, -0.03085310198366642, 1.0, -1.0, -0.6473015546798706, -0.14915260672569275, 0.32262521982192993, 0.15897032618522644, -0.020305722951889038, -0.6311089992523193]
[0.5141986608505249, 0.17849105596542358, 0.28023505210876465, 0.4713405668735504, 0.5708333253860474, 0.5647746920585632, 0.03909257799386978, 0.5194627046585083, -0.18783150613307953, 0.19725950062274933, -0.09181647002696991, -0.644069492816925, 0.23097047209739685, 0.2210063636302948, -0.6865494847297668, 0.21112696826457977, -1.0000262260437012, -0.16638414561748505, -0.14779600501060486, -0.39929696917533875, 0.11466401815414429, -0.2123442143201828, -0.5046790838241577, -0.3853723704814911, -0.23159101605415344, -0.12774866819381714, -0.7382776141166687, -0.5595749616622925, 0.7934001088142395, 1.0045233964920044, 0.37470492720603943, -1.5007717609405518, -1.433153510093689, -1.2844089269638062, -0.31107231974601746, -0.4565158784389496, -0.2247883528470993, -0.07391729950904846, -0.35961419343948364, -0.12892650067806244, 9.283329563913867e-05, -0.3203725814819336, -0.15964901447296143, -0.6364393830299377, 0.5132571458816528, 0.22709715366363525, 0.9667993783950806, -0.20797978341579437, -3.5756490230560303, -1.3205227851867676, -0.051041413098573685, -0.029988454654812813, -0.00982699915766716, -0.012424316257238388, -0.010272880084812641, -0.29565489292144775, -0.09041720628738403, -0.057112522423267365, -0.053290195763111115, -0.00847094226628542, 0.044032465666532516, 0.0069896141067147255, -0.02418399788439274, -0.1410699039697647, -0.011431424878537655, 0.03664363920688629, 0.008422506973147392, -0.05613751336932182, -0.1159336268901825, -0.06529872119426727, 0.06462527811527252, 0.0345332995057106, 0.0323379822075367, -0.4027129113674164, 0.5174885988235474, -0.34582245349884033, 0.41115695238113403, 0.15756261348724365, -0.8285714387893677, 0.0930795893073082, 0.0806163102388382, -0.11935208737850189, -0.891731858253479, -0.9725112318992615, 2.8973910808563232, 0.0, -0.38999998569488525, 0.47999998927116394, -0.5092566013336182, 0.1394539624452591, -0.8450728058815002, 0.08403756469488144, -0.08158726245164871, 0.5225851535797119, -0.8481200933456421, 0.030666837468743324, -0.03133952245116234, -0.38521549105644226, 0.5483907461166382, 0.036279451102018356, 0.8537840843200684, 0.5188899040222168, 0.02212928794324398, 0.0713711678981781, -0.2030656933784485, -0.20582063496112823, -5.535345077514648, 0.5427439212799072, 4.84853458404541, -0.009308602660894394, -0.39916810393333435, 0.5561457276344299, 0.00023598817642778158, 0.5657057166099548, 0.8246070146560669, 0.00035901658702641726, 0.15752653777599335, -0.8283537030220032, 0.23060399293899536, 21.73079490661621, 0.0008830740116536617, -0.7143304944038391, 0.014942903071641922, -0.43596401810646057, 0.5263229012489319, -0.0069871935993433, 0.3127051591873169, 0.9495857357978821, -0.02129519172012806, 0.27259543538093567, -0.16597601771354675, -0.1813596934080124, 4.411772727966309, 0.18653401732444763, 2.712740182876587, 0.029612379148602486, -0.4408779740333557, 0.5141691565513611, -0.05530732870101929, -0.0893530324101448, 0.9941800832748413, 0.02372809685766697, 0.317259818315506, -0.09647607058286667, -0.25671669840812683, 3.9628870487213135, 1.3992685079574585, 2.0365521907806396, -0.07794323563575745, -0.3516509532928467, 0.5411285161972046, 0.2652926445007324, -0.41488832235336304, 0.8700462579727173, -0.022518448531627655, -0.12261927872896194, 0.20291170477867126, 0.1225455179810524, -4.709506034851074, -2.3461432456970215, -3.14559268951416, -0.4071858525276184, -0.12063795328140259, -0.16406285762786865, -0.014233886264264584, 0.009722162038087845, -0.003914835397154093, -0.530993640422821, 0.5506568551063538, -1.7662192583084106, -0.048852674663066864, 0.0008718300377950072, 0.00015281816013157368, -0.4973883032798767, -0.3802952468395233, 0.11239030212163925, 0.0012851858045905828, -0.00030665553640574217, -0.0005258400924503803, -0.6840498447418213, -0.3731366693973541, -0.011097370646893978, 0.002825456205755472, 0.004176738206297159, 0.007130773272365332, 0.6923527717590332, 0.711327314376831, -0.6408576965332031, 0.010016114450991154, 0.023455657064914703, 0.01201650220900774, -0.17738598585128784, -0.0007213703356683254, -0.8854863047599792, 0.1290193796157837, 1.0, 0.5814115405082703, -0.9474710822105408, -1.0, -0.8111752867698669, -1.0, 0.37231916189193726, 0.07681398838758469, 1.0, -0.9282765984535217, -0.0450475737452507, -0.8043783903121948, 0.4577423930168152, 0.1997910439968109, 0.5244772434234619, -0.42670294642448425]
[0.4223891496658325, 0.1724480390548706, 0.09249705821275711, 0.36494606733322144, 0.6476297974586487, 0.6607590317726135, 0.11813217401504517, 0.33947885036468506, -0.3279745876789093, 0.034330304712057114, -0.17078664898872375, -0.6536294221878052, 0.19053369760513306, 0.19983157515525818, -0.7177382111549377, 0.15760205686092377, -1.0000176429748535, -0.1744142770767212, -0.16088905930519104, -0.45319947600364685, 0.12784142792224884, -0.13408610224723816, -0.3162206709384918, -0.3236779570579529, -0.4215872883796692, 0.016561003401875496, -0.7879342436790466, -1.2110843658447266, 0.659608781337738, 0.8240402340888977, 0.31114324927330017, -1.734916090965271, -1.2236086130142212, -1.6076725721359253, -0.34329307079315186, 0.1210779920220375, -0.45964524149894714, -0.2850080132484436, -0.035210710018873215, -0.284688800573349, 3.351495979586616e-05, 0.03823542222380638, -0.08423738926649094, -0.6824231743812561, -0.13853417336940765, 0.1661781668663025, 1.2676997184753418, 0.975062370300293, -4.124987602233887, 1.6474722623825073, -0.02725120261311531, -0.07912195473909378, -0.05061179772019386, -0.020672261714935303, -0.05160858482122421, 0.07819460332393646, 0.03071933053433895, 0.003263370366767049, -0.13165852427482605, 0.21096231043338776, 0.05584974214434624, 0.005397645290941, 0.2606154680252075, -0.19480085372924805, 0.17477528750896454, 0.08182194083929062, 0.028547417372465134, 0.06845070421695709, -0.1796511709690094, -0.09946270287036896, -0.039263512939214706, 0.026182932779192924, 0.03487592563033104, -0.40072333812713623, 0.51719069480896, -0.35485512018203735, 0.43298429250717163, -0.0202107485383749, -0.8283682465553284, 0.19284191727638245, 0.20636898279190063, 0.0514887310564518, -3.091137170791626, -3.0316102504730225, 4.6374382972717285, 0.0, -0.38999998569488525, 0.47999998927116394, -0.5092566013336182, 0.1394539624452591, -0.8450728058815002, 0.08403756469488144, -0.0885884240269661, 0.44149208068847656, -0.872744083404541, 0.18855923414230347, -0.027559446170926094, -0.3900481164455414, 0.5468036532402039, -0.004046596586704254, 0.8669039011001587, 0.4984530508518219, -0.002368235494941473, 0.21648098528385162, -0.35537081956863403, -0.0896228551864624, -1.4498851299285889, -0.10273952782154083, 6.047917366027832, -0.0054361470974981785, -0.4115557372570038, 0.5538190603256226, -4.38873830717057e-05, 0.3984040915966034, 0.9172099828720093, -0.00021557114087045193, 0.2816353440284729, -0.9577375054359436, 0.06889066845178604, 22.747886657714844, -0.046174366027116776, 0.549283504486084, 0.02164643257856369, -0.43647313117980957, 0.5251402854919434, -0.014453611336648464, 0.28403061628341675, 0.9574785828590393, -0.04850189387798309, 0.44705626368522644, -0.01783331111073494, 0.0471160002052784, 3.0207040309906006, 0.31017062067985535, 3.825002670288086, 0.036399465054273605, -0.4403110146522522, 0.5127671957015991, -0.047349460422992706, -0.10295617580413818, 0.9935581088066101, 0.000502698530908674, 0.49901100993156433, 0.06970051676034927, 0.011371102184057236, 0.10445286333560944, 0.24658085405826569, 3.5411288738250732, -0.07923921942710876, -0.35011669993400574, 0.540018618106842, 0.19267584383487701, -0.3907916843891144, 0.9000876545906067, -0.00029101752443239093, -0.23337909579277039, 0.03626573830842972, -0.024816732853651047, -4.272416114807129, -10.208453178405762, -5.890728950500488, -0.559849739074707, 0.2625889182090759, -0.7220309972763062, -0.016733428463339806, 0.003642234019935131, -0.0022767253685742617, -0.6454397439956665, 0.09669926762580872, 0.3071305453777313, 0.004713859409093857, 0.005202163010835648, 0.003143180860206485, -0.8779758214950562, 0.10361446440219879, 1.1500020027160645, 0.006951861549168825, 0.003263497492298484, 0.0049780127592384815, -0.9935336112976074, -0.8809474110603333, 0.9300469160079956, 0.015333203598856926, 0.004242154769599438, 0.010191058740019798, 0.25193899869918823, 1.4519853591918945, 0.5406632423400879, 0.0005830894806422293, 0.022151915356516838, 0.016095131635665894, -0.6432617902755737, 0.3092740476131439, -1.0, -0.48878365755081177, 1.0, 0.32203778624534607, -1.0, -1.0, -0.9332249760627747, -0.4642680883407593, 0.10289721190929413, 0.35479652881622314, 0.7244088053703308, -1.0, 0.08567995578050613, -0.7646681070327759, -0.17034325003623962, 0.13152265548706055, 0.9080984592437744, 0.46661344170570374]
[0.281655877828598, 0.17772655189037323, -0.0848773941397667, 0.22481369972229004, 0.7042421102523804, 0.7374303936958313, 0.15475039184093475, 0.1505931317806244, -0.4461188316345215, -0.1230599582195282, -0.243893101811409, -0.6108540892601013, 0.10451134294271469, 0.16594775021076202, -0.6816320419311523, 0.07623723894357681, -0.9999980926513672, -0.18572784960269928, -0.1656690388917923, -0.5195208191871643, 0.07064633071422577, -0.054516322910785675, -0.11314355581998825, -0.16800755262374878, -0.6043089032173157, 0.04206731542944908, -0.6970996260643005, -1.3382295370101929, 0.44848138093948364, 0.6219978928565979, 0.04068143293261528, -1.8183660507202148, -1.0181810855865479, -1.3390779495239258, -0.1916295886039734, 0.554033637046814, -0.8609676361083984, -0.30315101146698, 0.34671550989151, -0.3175821006298065, -2.2858257580082864e-05, -0.1525219827890396, -0.031573981046676636, -0.8909555673599243, -0.565462052822113, 0.20330536365509033, 1.2466679811477661, 1.6771529912948608, -4.055559158325195, 0.31181418895721436, -0.01943746581673622, -0.019266746938228607, -0.018106777220964432, -0.013420441187918186, -0.09763483703136444, -0.009284072555601597, 0.008458412252366543, 0.01392331998795271, -0.05150742083787918, 0.10765260457992554, 0.046948399394750595, 0.016314683482050896, 0.21753907203674316, -0.09924884140491486, 0.14255452156066895, 0.04614558815956116, 0.013046087697148323, 0.03709867224097252, -0.12621036171913147, -0.059918053448200226, -0.07155682891607285, -0.0008960894774645567, 0.03851595148444176, -0.3974132835865021, 0.5186114311218262, -0.3177613317966461, 0.4992939531803131, -0.2824816107749939, -0.7549418807029724, 0.21128809452056885, 0.18178823590278625, 0.1695355772972107, -1.536303162574768, -2.917377471923828, 3.962664842605591, 0.0, -0.38999998569488525, 0.47999998927116394, -0.5092566013336182, 0.1394539624452591, -0.8450728058815002, 0.08403756469488144, -0.02861650474369526, 0.27191489934921265, -0.8716755509376526, 0.4067246615886688, -0.020768461748957634, -0.39630141854286194, 0.5456478595733643, -0.050013914704322815, 0.8649076223373413, 0.4985990524291992, -0.028849871829152107, 0.40705394744873047, -0.3797121047973633, -0.0610494427382946, 1.1253539323806763, 0.08599904179573059, 6.507052898406982, 0.001520393299870193, -0.42296311259269714, 0.5498144626617432, -0.003645471530035138, 0.22691558301448822, 0.9737836718559265, -0.015532911755144596, 0.4954478442668915, -0.9419116377830505, -0.17036297917366028, 20.663211822509766, 0.5564393997192383, 2.818539619445801, 0.03097779117524624, -0.435369610786438, 0.5267354249954224, -0.021888231858611107, 0.25580546259880066, 0.9629474878311157, -0.08256220072507858, 0.5713862776756287, 0.06810593605041504, 0.15543240308761597, 2.793070077896118, 0.5404301285743713, 3.97951602935791, 0.046080391854047775, -0.43833494186401367, 0.5142744183540344, -0.04863320663571358, -0.1042572557926178, 0.9926841259002686, -0.03665229305624962, 0.6162856817245483, 0.1561962068080902, 0.15228185057640076, -0.346662312746048, -1.3563439846038818, 4.68975830078125, -0.07983370870351791, -0.35126036405563354, 0.5362029671669006, 0.0693090483546257, -0.36998653411865234, 0.9264010190963745, 0.009348461404442787, -0.23661944270133972, -0.11515671014785767, -0.2232704758644104, -2.9999825954437256, -15.054085731506348, -6.0687642097473145, -0.6070970296859741, 0.12459743022918701, -0.2549697756767273, -0.011551478877663612, 0.001553012989461422, -0.0009084476041607559, -0.8746782541275024, -0.1372661590576172, -0.15106840431690216, 0.01186432782560587, 0.007308486383408308, 0.009926565922796726, -0.48669013381004333, -0.2442345917224884, 0.6370482444763184, 0.012651164084672928, -0.0015738968504592776, -0.0025708540342748165, -0.4389331340789795, -0.5235881805419922, 0.6590494513511658, 0.005192264914512634, 0.008955610916018486, 0.004806020297110081, -0.4475973844528198, 1.2941621541976929, 0.5486572980880737, -0.0007850073743611574, 0.006265472155064344, 0.011771777644753456, -1.0, 0.26278600096702576, -1.0, -0.6051304936408997, 0.9256848692893982, 0.019539538770914078, -1.0, -1.0, -0.942686140537262, -0.1300669014453888, -0.3882213830947876, 0.23477952182292938, 0.26144710183143616, -1.0, -0.31361162662506104, -0.9425578117370605, -0.5047788023948669, 0.3612178862094879, 1.0, 0.9575086832046509]
[0.11545689404010773, 0.149962916970253, -0.23804792761802673, 0.08488255739212036, 0.7211065888404846, 0.7835450768470764, 0.17974239587783813, 0.011810673400759697, -0.5354304909706116, -0.24663658440113068, -0.3456771671772003, -0.5312814712524414, -0.02774381823837757, 0.125632181763649, -0.5871024131774902, -0.0619184635579586, -1.0000191926956177, -0.18664123117923737, -0.1688358634710312, -0.5861860513687134, -0.02279365435242653, 0.06276465207338333, 0.07297986000776291, -0.001707174233160913, -0.6377188563346863, -0.35280922055244446, -0.593510091304779, -1.27273690700531, 0.0004545390547718853, 0.2275364249944687, 0.22039346396923065, -0.5944642424583435, -0.6269603967666626, -0.9862787127494812, -0.6762920022010803, 0.5965404510498047, -1.5211423635482788, -0.4506567120552063, 0.3199688196182251, -0.7789835333824158, -0.00011839641229016706, -0.03544645383954048, -0.04733442887663841, -0.7783688902854919, -0.7451701164245605, 0.3217276334762573, 1.0923091173171997, 1.4593347311019897, 0.12553593516349792, -3.7775259017944336, 0.025011256337165833, -0.08642575144767761, -0.010617047548294067, -0.020559921860694885, 0.10825763642787933, 0.46051108837127686, 0.2677132785320282, 0.1139996349811554, -0.17060434818267822, -0.3779628276824951, -0.16110947728157043, -0.051689110696315765, -0.722846508026123, -0.15226203203201294, -0.4258424639701843, -0.145338237285614, -0.041702572256326675, 0.05329662933945656, -0.17857375741004944, -0.07561381161212921, -0.06340143084526062, -0.030012093484401703, 0.044809021055698395, -0.3947937488555908, 0.5191655158996582, -0.2560935616493225, 0.5723362565040588, -0.467551589012146, -0.6230912804603577, 0.44877150654792786, 0.08749513328075409, 0.004870321601629257, 1.1977205276489258, 0.2487378567457199, 1.2078958749771118, 0.0, -0.38999998569488525, 0.47999998927116394, -0.5092566013336182, 0.1394539624452591, -0.8450728058815002, 0.08403756469488144, 0.07962905615568161, 0.11330417543649673, -0.8216021656990051, 0.5529839992523193, -0.011547457426786423, -0.4036009907722473, 0.5423149466514587, -0.09379812330007553, 0.8413089513778687, 0.5291597247123718, -0.05823316425085068, 0.5125450491905212, -0.4265267252922058, -0.1976761817932129, 6.871265888214111, 1.2555416822433472, 6.159133434295654, 0.010670064017176628, -0.43146777153015137, 0.5428494811058044, -0.0026275350246578455, 0.08246394991874695, 0.9958796501159668, -0.03763545677065849, 0.5759633183479309, -0.47502782940864563, -0.4174310266971588, 12.743346214294434, 1.3195476531982422, 2.0766260623931885, 0.042210280895233154, -0.4336893558502197, 0.5265387892723083, -0.028427094221115112, 0.21138982474803925, 0.9688448905944824, -0.12587997317314148, 0.7392339110374451, -0.0713956356048584, -0.12431637197732925, 8.446667671203613, 1.781247854232788, 6.57575798034668, 0.057841382920742035, -0.43524622917175293, 0.5148500204086304, -0.05691574141383171, -0.1040019616484642, 0.9890547394752502, -0.08783350139856339, 0.7932291030883789, 0.16657790541648865, -0.12236500531435013, 0.9036198854446411, -0.9270554780960083, 7.059713840484619, -0.07868127524852753, -0.35531488060951233, 0.5299144983291626, -0.05637223273515701, -0.36645248532295227, 0.9287071228027344, 0.006155893672257662, -0.0785239189863205, -0.3177046477794647, -0.47393783926963806, 1.2371525764465332, -13.337105751037598, -4.296249866485596, -0.010592998936772346, -0.5156771540641785, -0.04633314907550812, -0.02829507738351822, -0.002623374806717038, 0.000838697305880487, 0.3553992509841919, -3.2219388484954834, 1.424513816833496, 0.06567056477069855, -0.0040725781582295895, -0.011711246334016323, -0.8110202550888062, 0.6433877944946289, -2.4953503608703613, -0.04203829541802406, 0.0093715013936162, 0.015586161985993385, -0.9572752714157104, 1.2735295295715332, -2.251880645751953, -0.02259962446987629, -0.012859990820288658, 0.0071254330687224865, -0.8872290849685669, 1.6998361349105835, 0.27901315689086914, -0.013265254907310009, -0.015816424041986465, -0.0007614805363118649, -1.0, -0.368798166513443, -1.0, -0.6853124499320984, 0.641410768032074, -0.010054584592580795, -1.0, -1.0, -0.9020369648933411, 0.2178647220134735, -0.7127480506896973, 0.827071487903595, -0.36656975746154785, -1.0, 0.03220521658658981, -0.9059571027755737, -0.6931806802749634, 0.7844138741493225, 1.0, 0.8315699696540833]
[-0.0546310693025589, 0.09339866787195206, -0.2318773865699768, 0.016118599101901054, 0.6936473250389099, 0.787921130657196, 0.16273809969425201, -0.058520834892988205, -0.5878781080245972, -0.3258366286754608, -0.46532300114631653, -0.4574136435985565, -0.20041047036647797, 0.07081601023674011, -0.5249187350273132, -0.20619496703147888, -1.0000131130218506, -0.19799555838108063, -0.1774187833070755, -0.6027755737304688, -0.1394023895263672, 0.20531167089939117, 0.23484401404857635, 0.10274558514356613, -0.6410138607025146, -0.42929860949516296, 0.054067935794591904, -0.5408903956413269, -0.37740740180015564, -0.06540551036596298, 0.06263958662748337, -0.6903477311134338, -0.4507482051849365, -0.5660049915313721, -0.39048823714256287, 0.809906005859375, -1.5612534284591675, -0.5459545850753784, 0.28984326124191284, -0.47717198729515076, 0.00012452776718419045, -0.08282390236854553, -0.07737161219120026, 0.11166826635599136, -0.8984958529472351, 0.35709986090660095, 0.9364375472068787, 0.702983558177948, 0.2101399153470993, -0.6229873895645142, -0.07154940068721771, -0.0334162674844265, -0.022335126996040344, -0.015153737738728523, 0.14366666972637177, -0.04879152029752731, -0.008778897114098072, 0.011857109144330025, 0.07511718571186066, 0.05241043120622635, 0.05179434269666672, 0.017775878310203552, -0.09457345306873322, 0.11927548050880432, -0.05111018568277359, -0.0021664074156433344, 0.0029123821295797825, 0.16626416146755219, -0.06503748148679733, -0.03541681542992592, -0.12305648624897003, -0.061438292264938354, 0.04953581839799881, -0.39178919792175293, 0.5188212394714355, -0.2460051029920578, 0.620339035987854, -0.5685433745384216, -0.48106062412261963, 0.10131923854351044, 0.25384941697120667, 0.03036152757704258, 0.17757277190685272, -3.9062812328338623, 3.6274821758270264, 0.0, -0.38999998569488525, 0.47999998927116394, -0.5092566013336182, 0.1394539624452591, -0.8450728058815002, 0.08403756469488144, 0.1792890727519989, 0.037575334310531616, -0.7359156608581543, 0.6518217921257019, -0.002451683161780238, -0.4088718891143799, 0.5378207564353943, -0.1121402233839035, 0.8095127940177917, 0.5711693167686462, -0.07667496800422668, 0.5022942423820496, -0.2627960443496704, -0.18017545342445374, 6.851305961608887, 1.7177164554595947, 2.9531466960906982, 0.02109849825501442, -0.43598535656929016, 0.5350326895713806, 0.0022994205355644226, -0.013365405611693859, 0.997633695602417, -0.06740076839923859, 0.6431670784950256, -0.40384596586227417, -0.51729416847229, 10.561929702758789, 1.6391993761062622, 2.8689653873443604, 0.05420518293976784, -0.43232306838035583, 0.5230515003204346, -0.02809506095945835, 0.13481038808822632, 0.9751039147377014, -0.17380733788013458, 0.7008489966392517, 0.004070212133228779, -0.16841593384742737, 8.198990821838379, 2.6146397590637207, 5.2073845863342285, 0.0700833722949028, -0.43180593848228455, 0.5118868350982666, -0.058183565735816956, -0.12125995010137558, 0.9810891151428223, -0.13919299840927124, 0.6983458995819092, 0.19357407093048096, -0.20713526010513306, 1.8913710117340088, -0.6346437931060791, 5.622018337249756, -0.07471641898155212, -0.3617149293422699, 0.5232052206993103, -0.13187715411186218, -0.39315104484558105, 0.9099671840667725, -0.0004638828104361892, 0.23778605461120605, -0.4666101932525635, -0.4698907136917114, 5.226100444793701, -6.115627765655518, -1.1152281761169434, -0.04177488386631012, -0.013589775189757347, -0.22564423084259033, -0.015357584692537785, 0.013204355724155903, -0.0061881146393716335, 0.636160671710968, -0.08582496643066406, -0.2638052701950073, 0.010569734498858452, -0.001526720356196165, -0.01525202952325344, 0.3215494155883789, -0.4355008006095886, 0.34610745310783386, 0.011243365705013275, -0.002264563459903002, -0.006210530176758766, 0.5905652046203613, -0.018931200727820396, -0.1807597428560257, 0.002628413960337639, 0.0023137107491493225, -0.007957435213029385, -1.8605272769927979, 0.665835976600647, 0.8496073484420776, -0.012535879388451576, -0.03166985884308815, -0.010903295129537582, -1.0, -0.2792796492576599, -0.7314407229423523, -0.4697207808494568, 0.40820246934890747, -1.0, -1.0, -1.0, 0.7168368697166443, 0.5544873476028442, -0.9736411571502686, 0.6839098334312439, -0.20309849083423615, -1.0, -0.08186040073633194, -0.40943506360054016, -0.8873611092567444, 1.0, 1.0, 0.38600608706474304]
[-0.22154501080513, -0.00834926962852478, -0.2292153388261795, -0.07364364713430405, 0.6039718389511108, 0.76905357837677, 0.14318495988845825, -0.15022078156471252, -0.6158729195594788, -0.3708241283893585, -0.4998745620250702, -0.33441513776779175, -0.3525525629520416, -0.005940811242908239, -0.3810654282569885, -0.3354058861732483, -1.0000122785568237, -0.13975699245929718, -0.17296797037124634, -0.6117827892303467, -0.264374703168869, 0.3428252935409546, 0.36601221561431885, 0.2126317322254181, -0.6102086305618286, -0.8952065706253052, 0.05211546644568443, -0.9388628005981445, -1.0682305097579956, -0.28111210465431213, -0.06911437213420868, -0.9796537756919861, -0.16013507544994354, -0.29704248905181885, -0.08604400604963303, 1.3542466163635254, -1.293912410736084, -1.0587044954299927, 0.7936761975288391, -0.5997373461723328, 0.00013208652671892196, 0.8216648101806641, 0.15125688910484314, -0.2292756587266922, -0.9092985987663269, 0.3212953805923462, 0.7449011206626892, 1.1756165027618408, 1.1863270998001099, -4.2912092208862305, 0.040250513702631, -0.15337368845939636, -0.04116854816675186, -0.019001977518200874, 0.047920361161231995, -0.33013486862182617, -0.08778321743011475, -0.012365853413939476, 0.06498099863529205, -0.1325182318687439, 0.01099125575274229, -0.015137228183448315, -0.30210596323013306, 0.059980906546115875, -0.17612658441066742, 0.0038967025466263294, 0.019836436957120895, -0.04636086896061897, -0.14075589179992676, -0.07939841598272324, 0.026521094143390656, 0.015502648428082466, 0.047285046428442, -0.388681024312973, 0.5180373191833496, -0.2421104907989502, 0.6824681758880615, -0.6481044292449951, -0.23575468361377716, -0.33054041862487793, 0.17248940467834473, -0.08475130051374435, 1.6309791803359985, -5.929837703704834, 4.485042095184326, 0.0, -0.38999998569488525, 0.47999998927116394, -0.5092566013336182, 0.1394539624452591, -0.8450728058815002, 0.08403756469488144, 0.34594860672950745, -0.03522061929106712, -0.567483127117157, 0.7463524341583252, 0.00786822009831667, -0.416319340467453, 0.5295383930206299, -0.1237623542547226, 0.7400954961776733, 0.652896523475647, -0.1032840833067894, 0.5904740691184998, -0.4772054851055145, -0.4001055061817169, 15.203804016113281, 4.692193508148193, 2.883988380432129, 0.03209608793258667, -0.440549373626709, 0.5219619274139404, 0.01319881808012724, -0.10734818130731583, 0.9894649982452393, -0.09623514860868454, 0.7058493494987488, -0.43657922744750977, -0.9972947835922241, 11.40831470489502, 2.424257278442383, 3.3540003299713135, 0.06387815624475479, -0.42967531085014343, 0.517702043056488, -0.023090951144695282, 0.06334277987480164, 0.9761845469474792, -0.20619943737983704, 0.5635615587234497, 0.06134204566478729, -0.367412269115448, 8.9284086227417, 3.030756711959839, 3.566223621368408, 0.08022842556238174, -0.42714598774909973, 0.5084272623062134, -0.07808642089366913, -0.11155694723129272, 0.973388135433197, -0.18431751430034637, 0.523045539855957, 0.33126887679100037, -0.25642624497413635, -2.177149772644043, -4.260378360748291, 4.782760143280029, -0.06932982057332993, -0.3686157763004303, 0.5148871541023254, -0.19290688633918762, -0.4383140206336975, 0.8778766989707947, 0.00028306758031249046, 0.23786470293998718, -0.4454091787338257, -0.6955670118331909, 7.4266462326049805, -7.249478816986084, -2.834096908569336, 0.21781118214130402, -0.8688971996307373, -0.5409728288650513, -0.03203544020652771, -0.0038592342752963305, 0.00034720986150205135, 0.17261186242103577, 0.7450020909309387, -1.624462366104126, -0.0011908212909474969, -0.00042000552639365196, -0.000930779380723834, 0.45112669467926025, -0.13693901896476746, -0.8190890550613403, -0.017191311344504356, 0.0006087532383389771, -0.004366457462310791, 0.47350823879241943, -0.21199998259544373, -0.6713316440582275, 0.016656439751386642, 0.005400125868618488, 0.0013350526569411159, 0.5832235813140869, 1.0684247016906738, -0.3219277262687683, -0.006607609800994396, 0.006171076092869043, -9.663429227657616e-05, -1.0, -1.0, -1.0, -1.0, -0.15249215066432953, -1.0, -1.0, -0.7631608247756958, 0.9685285687446594, 0.8560792207717896, -1.0, 1.0, -1.0, -1.0, 0.5862060785293579, -0.7635911703109741, -1.0, 1.0, 1.0, 1.0]
[-0.3771826922893524, -0.1410510540008545, -0.23744137585163116, -0.18214087188243866, 0.43917256593704224, 0.725740909576416, 0.09433459490537643, -0.2681601345539093, -0.5687520503997803, -0.3780682384967804, -0.4719946086406708, -0.18855586647987366, -0.47669628262519836, -0.1458888053894043, -0.19053971767425537, -0.46137234568595886, -0.999993085861206, -0.04196523502469063, -0.13655276596546173, -0.5968867540359497, -0.33880093693733215, 0.4357110857963562, 0.4748707115650177, 0.33661335706710815, -0.5550401210784912, -0.9575715065002441, -0.162493035197258, -1.1144548654556274, -1.7583338022232056, -0.5157153010368347, -0.2736872136592865, -1.163625717163086, 0.725685179233551, 0.12030284851789474, 0.29415056109428406, 1.3949946165084839, -1.05435311794281, -1.405158519744873, 0.9277389645576477, -0.4692223072052002, 9.88995234365575e-05, 0.9495976567268372, 0.6291577816009521, 0.405846506357193, -0.3290491998195648, 0.18545927107334137, 0.6282201409339905, 1.125627875328064, 1.6957919597625732, 0.034817274659872055, -0.013850034214556217, 0.0007009715773165226, -0.039161160588264465, -0.02498529478907585, -0.005443407688289881, -0.04701203107833862, 0.03832578659057617, 0.03197501227259636, 0.17797216773033142, 0.03618929535150528, 0.04460189491510391, 0.012770001776516438, -0.0019613634794950485, 0.1048392802476883, 0.014543742872774601, 0.010047482326626778, 0.028294268995523453, 0.09280196577310562, 0.25768107175827026, 0.11437342315912247, -0.05266841500997543, -0.019669542089104652, 0.03878616541624069, -0.39051905274391174, 0.5159884691238403, -0.21864570677280426, 0.7469587326049805, -0.6232405304908752, 0.07627463340759277, -0.6084827184677124, -0.19371211528778076, -0.1353769451379776, 3.7175140380859375, -5.7859721183776855, 4.089257717132568, 0.0, -0.38999998569488525, 0.47999998927116394, -0.5092566013336182, 0.1394539624452591, -0.8450728058815002, 0.08403756469488144, 0.5647900700569153, -0.08048199862241745, -0.3378206193447113, 0.7486066222190857, 0.01920754462480545, -0.4249650537967682, 0.5169851779937744, -0.1236812174320221, 0.6205088496208191, 0.7617427706718445, -0.1393539160490036, 0.6686768531799316, -0.581142246723175, -0.5248242020606995, 20.42257308959961, 7.376031398773193, 3.8230745792388916, 0.04316162317991257, -0.44311752915382385, 0.5050348043441772, 0.02607741393148899, -0.17554515600204468, 0.9758426547050476, -0.12741601467132568, 0.6891166567802429, -0.1435118168592453, -1.0781599283218384, 6.171583652496338, 1.6256223917007446, 4.1111345291137695, 0.07119279354810715, -0.42620766162872314, 0.5108364224433899, -0.010752766393125057, -0.02156584896147251, 0.9738869667053223, -0.22575077414512634, 0.4138730466365814, 0.08090291917324066, -0.41582605242729187, 9.278883934020996, 3.9918601512908936, 1.4968844652175903, 0.08805931359529495, -0.4219755232334137, 0.5042985081672668, -0.11372341960668564, -0.07913461327552795, 0.9656517505645752, -0.2198208123445511, 0.30383583903312683, 0.3633992373943329, -0.2457284778356552, -4.4167680740356445, -6.329039573669434, 2.38369083404541, -0.0634208545088768, -0.3739199638366699, 0.5074278116226196, -0.23450322449207306, -0.48812970519065857, 0.84031081199646, 0.02480304054915905, 0.2932887077331543, -0.27724698185920715, -0.4899101257324219, 7.831860542297363, -1.7575371265411377, -3.985196113586426, 0.16336098313331604, 0.1167335957288742, -0.47658616304397583, -0.02323429100215435, 0.007882852107286453, -0.0013093838933855295, -0.07326770573854446, -0.545429527759552, -0.01015030313283205, 0.023793570697307587, -0.0007030216511338949, 0.006416507996618748, 1.047403335571289, -0.37666839361190796, 0.22378219664096832, 0.00711997551843524, -0.0027660010382533073, -0.01608247309923172, 0.6769424676895142, -0.3685816526412964, 0.12768100202083588, 0.022765547037124634, 0.002128379186615348, -0.00563838891685009, -0.5494299530982971, -1.6757442951202393, 0.37395620346069336, 0.006230441387742758, -0.0108786690980196, -0.014548931270837784, -1.0, -0.9189736843109131, -1.0, -1.0, -0.722180187702179, -0.9967023730278015, -1.0, -0.0029220841825008392, 1.0, 0.8021929264068604, -1.0, 1.0, -1.0, -1.0, 0.5405118465423584, -0.3213004171848297, -0.4135579764842987, 0.8436133861541748, 1.0, 1.0]
[-0.4823209345340729, -0.224097341299057, -0.2735302746295929, -0.3012959957122803, 0.25021740794181824, 0.6618908643722534, 0.03002139925956726, -0.3979518711566925, -0.4718967378139496, -0.3544042110443115, -0.3325434923171997, -0.04454314708709717, -0.5747367739677429, -0.2818123698234558, -0.019964518025517464, -0.5632127523422241, -0.9999880790710449, 0.038688234984874725, -0.04480281099677086, -0.49646711349487305, -0.2848895192146301, 0.396313339471817, 0.5673285126686096, 0.43353649973869324, -0.2643820643424988, -0.33921870589256287, -0.13863061368465424, -1.0899490118026733, -1.7363706827163696, -0.7953639030456543, -0.26097944378852844, -1.198014497756958, 0.9872919321060181, 0.2884087562561035, 0.7476543188095093, 1.2851613759994507, -0.8311046957969666, -1.1289775371551514, 0.7326796054840088, -0.3870745599269867, -2.8421416573110037e-05, 0.6395003199577332, 0.9317750930786133, 1.681783676147461, 0.798701286315918, -0.22243599593639374, 0.5290988683700562, 0.7709735631942749, 7.677431583404541, 7.31290864944458, 0.16372555494308472, 0.4122302532196045, 0.07390893250703812, -0.016538703814148903, 0.25401461124420166, 0.46441012620925903, 0.16207469999790192, 0.05167426913976669, 0.25983649492263794, 0.33941271901130676, 0.11486098170280457, 0.0414988212287426, 0.69930100440979, 0.13772644102573395, 0.3938526511192322, 0.07709302753210068, 0.012161383405327797, 0.05156807228922844, 0.8316620588302612, 0.37087175250053406, -0.033331498503685, -0.020215481519699097, 0.02700589969754219, -0.3980931341648102, 0.5131996870040894, -0.03172941505908966, 0.7959112524986267, -0.4267474412918091, 0.4282582998275757, -0.7441968321800232, -0.5152243971824646, -0.13068576157093048, 8.49732494354248, -9.381226539611816, 1.4320143461227417, 0.0, -0.38999998569488525, 0.47999998927116394, -0.5092566013336182, 0.1394539624452591, -0.8450728058815002, 0.08403756469488144, 0.8285182118415833, -0.18334618210792542, -0.07485166192054749, 0.523773729801178, 0.028642769902944565, -0.4319417178630829, 0.5055181980133057, -0.11188365519046783, 0.4792938232421875, 0.8525920510292053, -0.17563070356845856, 0.47908157110214233, -0.49738001823425293, -0.3266112208366394, 18.169864654541016, 7.832026481628418, 2.41176176071167, 0.05115041509270668, -0.4433646500110626, 0.49233677983283997, 0.033487383276224136, -0.2025042474269867, 0.9665570259094238, -0.15374641120433807, 0.35715052485466003, 0.015600264072418213, -0.5671165585517883, 1.3248214721679688, 0.16957657039165497, 2.591027021408081, 0.07356784492731094, -0.4230378270149231, 0.5085371136665344, 0.003935992252081633, -0.08000917732715607, 0.9726332426071167, -0.21809977293014526, 0.028385024517774582, 0.09652505815029144, 0.02033393085002899, 4.363620758056641, 2.8546197414398193, -2.2129178047180176, 0.09224201738834381, -0.41791412234306335, 0.5036781430244446, -0.15443557500839233, -0.020193230360746384, 0.958796501159668, -0.23759442567825317, 0.030008841305971146, 0.28350263833999634, 0.0946132242679596, -6.572115898132324, -6.649435997009277, -0.005519188940525055, -0.05837623029947281, -0.376312792301178, 0.5075678825378418, -0.225178062915802, -0.5180169343948364, 0.8214294910430908, 0.07878319919109344, 0.23570466041564941, -0.054439727216959, 0.23571516573429108, 3.7985918521881104, 6.485556602478027, -4.171830654144287, 1.1823018789291382, 1.684993028640747, 1.6562235355377197, 0.008736195042729378, -0.008648248389363289, -0.0017120020929723978, 1.6117041110992432, -1.729374647140503, 2.3810365200042725, 0.025733651593327522, 0.0034187010023742914, -0.00737063167616725, 1.7279486656188965, -0.9386109709739685, 2.165332078933716, 0.02741965651512146, -0.002327836351469159, -0.01646171137690544, 0.7947627305984497, -0.1835923194885254, 2.198845386505127, 0.009407498873770237, -0.0048910873010754585, -0.0063967593014240265, -0.25807297229766846, -5.257515907287598, 0.9186214208602905, 0.0263602863997221, -0.016086328774690628, -0.015158234164118767, -0.1556934416294098, -0.04407692328095436, -1.0, -1.0, -0.7590698003768921, -0.02838936075568199, -1.0, 0.17934328317642212, 1.0, 0.7803838849067688, -1.0, 1.0, -1.0, -1.0, 0.36616596579551697, 0.4402160942554474, 0.734443187713623, -0.14306548237800598, 1.0, 0.8312336206436157]
[-0.4683326780796051, -0.22676368057727814, -0.26358169317245483, -0.3663569986820221, 0.10650132596492767, 0.5277460813522339, 0.023808596655726433, -0.48253893852233887, -0.45751693844795227, -0.3355938792228699, -0.29911211133003235, 0.05853434279561043, -0.6642147302627563, -0.38819271326065063, 0.11607719212770462, -0.6520100235939026, -0.9999905824661255, 0.06863480806350708, 0.03129665181040764, -0.30961287021636963, -0.15123727917671204, 0.2701945900917053, 0.643244743347168, 0.487370103597641, 0.25251325964927673, 0.22025981545448303, -0.024460898712277412, -0.4774180054664612, -1.1655420064926147, -1.4851840734481812, 0.130902960896492, -0.5474995970726013, -0.3126858174800873, 0.026998013257980347, 0.21473613381385803, 0.9476723670959473, -0.7760761380195618, -0.9507994651794434, 0.5903807282447815, -0.3367238938808441, -0.00012525470810942352, 0.08485414832830429, 0.438950777053833, 2.632916212081909, 1.0642489194869995, -0.34366607666015625, 0.42608997225761414, 0.35146912932395935, 12.034296989440918, 7.031777381896973, 0.1734933853149414, 0.32545995712280273, 0.08005715906620026, -0.005093914456665516, 0.4680646061897278, 0.6165950894355774, 0.12015820294618607, 0.011406883597373962, 0.5957844853401184, 0.6543183326721191, 0.2727401852607727, 0.08962610363960266, 0.8340717554092407, 0.24676096439361572, 0.43473318219184875, 0.06590462476015091, -0.02234049141407013, -0.160435751080513, 0.48485517501831055, 0.21486517786979675, 0.09788723289966583, 0.015553110279142857, 0.02683122642338276, -0.4046061635017395, 0.5152806043624878, -0.1541845053434372, 0.8031752705574036, -0.44830286502838135, 0.36077824234962463, 0.07222852110862732, -0.23405687510967255, 0.14602059125900269, -1.970499873161316, 2.2776737213134766, -0.3643091022968292, 0.0, -0.38999998569488525, 0.47999998927116394, -0.5092566013336182, 0.1394539624452591, -0.8450728058815002, 0.08403756469488144, 0.7869954109191895, -0.08081915229558945, -0.12031103670597076, 0.5996930003166199, 0.029614172875881195, -0.43621858954429626, 0.5016422271728516, -0.0854206383228302, 0.36012279987335205, 0.9102354645729065, -0.18570488691329956, -0.06459122896194458, -0.360374391078949, 0.11546193808317184, 13.296347618103027, 5.8794097900390625, -0.8109004497528076, 0.050865739583969116, -0.44488605856895447, 0.4880329966545105, 0.03621116280555725, -0.22281616926193237, 0.9622621536254883, -0.15196430683135986, -0.2443537563085556, -0.19477303326129913, -0.054143741726875305, 2.857414960861206, 1.1155810356140137, -1.902742862701416, 0.07142630964517593, -0.4217088520526886, 0.5115638375282288, 0.012411954812705517, -0.11612127721309662, 0.9707008600234985, -0.2100035697221756, -0.30140262842178345, -0.007355968467891216, 0.34034693241119385, 2.368196725845337, 1.6089544296264648, -2.1761698722839355, 0.09050244837999344, -0.41723719239234924, 0.508403480052948, -0.18678733706474304, 0.03590662404894829, 0.9521493911743164, -0.23923347890377045, -0.32906374335289, 0.01905243471264839, 0.39686524868011475, -4.553866863250732, -4.545454502105713, -1.2101640701293945, -0.05499424785375595, -0.37649887800216675, 0.5148582458496094, -0.17100147902965546, -0.5211288928985596, 0.8225977420806885, 0.15005385875701904, 0.20528222620487213, 0.041347816586494446, 0.6136406660079956, 1.4017993211746216, 11.342342376708984, -3.152426242828369, 1.6387803554534912, 0.9530497193336487, 1.806461215019226, 0.009201831184327602, -0.0007486999966204166, -0.002063133753836155, 2.9401159286499023, -1.1525514125823975, 2.532198429107666, -0.005881388206034899, 0.006655259057879448, -0.01874295249581337, 3.9338135719299316, -2.7709665298461914, 3.219571352005005, 0.048061616718769073, -0.001093821949325502, -0.05397632718086243, 1.412606120109558, 0.5398740172386169, 2.4090561866760254, -0.014242381788790226, -0.005732027813792229, -0.008733764290809631, 1.447035312652588, -3.07669734954834, 0.7105808854103088, 0.015121945179998875, -0.007599465548992157, -0.00682592811062932, 1.0, 0.39606720209121704, -0.4536888897418976, -0.6746660470962524, -0.5114081501960754, 0.4899095296859741, -0.6431893706321716, -0.850715160369873, 1.0, 0.9087417721748352, -1.0, 1.0, -1.0, -1.0, 0.02845223993062973, 1.0, 0.813779890537262, -0.4605964124202728, 1.0, 0.6260669231414795]
[-0.3599991202354431, -0.13698387145996094, -0.29629960656166077, -0.4340427815914154, 0.11215469986200333, 0.4206065833568573, -0.041179850697517395, -0.5068111419677734, -0.36845311522483826, -0.32356271147727966, -0.17655479907989502, 0.01726197637617588, -0.7292375564575195, -0.47701939940452576, 0.08136831223964691, -0.6431010961532593, -0.9973716139793396, -0.01662556082010269, 0.036992061883211136, -0.23215103149414062, -0.1467430293560028, 0.18330369889736176, 0.6954327821731567, 0.5459107160568237, 0.46440544724464417, 0.841643750667572, -0.22171442210674286, -0.702444851398468, 0.7470640540122986, -0.3331325948238373, -0.42640289664268494, -0.0666961744427681, 1.4505274295806885, 0.28787297010421753, 0.4864939749240875, -1.1836589574813843, -0.5422965884208679, -0.7207463383674622, -0.5436555743217468, 0.24536573886871338, 0.030483318492770195, -1.2487455606460571, -0.22808435559272766, 0.03719857335090637, -0.5326116681098938, -0.16155487298965454, 0.2899181842803955, 0.6451516151428223, 2.7559468746185303, 5.60024356842041, 0.004811388906091452, 0.22188185155391693, 0.1848946511745453, 0.11651718616485596, 0.011675333604216576, 0.5100101828575134, 0.32562315464019775, 0.12984038889408112, 0.025574294850230217, -0.3338615596294403, -0.15465064346790314, -0.05128785967826843, 0.0013450346887111664, 0.07913695275783539, -0.00278694205917418, -0.09997646510601044, -0.06391061842441559, -0.6018964052200317, -0.46625083684921265, -0.2399822473526001, 0.3284027874469757, 0.11451457440853119, 0.027271684259176254, -0.4056493043899536, 0.5185881853103638, -0.2132342904806137, 0.79616779088974, -0.49386903643608093, 0.2770221531391144, -0.5700188279151917, 0.1047675609588623, 0.7065199613571167, 1.9189709424972534, -2.4743893146514893, -2.676057815551758, 0.0, -0.38999998569488525, 0.47999998927116394, -0.5092566013336182, 0.1394539624452591, -0.8450728058815002, 0.08403756469488144, 0.7271034121513367, -0.04303142428398132, -0.18311692774295807, 0.6602552533149719, 0.02442428097128868, -0.43777528405189514, 0.5066450834274292, -0.07318753749132156, 0.3246989846229553, 0.9257766604423523, -0.17930877208709717, -0.379128098487854, 0.022685503587126732, 0.442708283662796, -2.589571952819824, -0.9761767387390137, -1.2207906246185303, 0.04544796794652939, -0.4454272985458374, 0.4967825412750244, 0.02427435852587223, -0.1683133840560913, 0.9741990566253662, -0.148382768034935, -0.41532739996910095, 0.20482327044010162, 0.8765810132026672, -11.881875991821289, -4.122721195220947, -0.2361612319946289, 0.06455348432064056, -0.4256853759288788, 0.5167431831359863, 0.02325166016817093, -0.16453994810581207, 0.9710184335708618, -0.17178185284137726, -0.3744300901889801, -0.4860806465148926, 0.21679431200027466, 7.28923225402832, 3.5509462356567383, -4.550408840179443, 0.08595306426286697, -0.4202292561531067, 0.5143541693687439, -0.17513449490070343, 0.03233141824603081, 0.9562104344367981, -0.23225867748260498, -0.19778664410114288, -0.27674317359924316, 0.339926540851593, 3.177922487258911, 4.748878479003906, -0.6104974150657654, -0.0577981173992157, -0.3741706907749176, 0.5189052224159241, -0.18682599067687988, -0.509262204170227, 0.8184725642204285, 0.18934261798858643, -0.4674971103668213, 0.25757113099098206, 0.05582977086305618, -1.5205954313278198, -4.655493259429932, -6.267086029052734, 0.20054054260253906, -1.1132915019989014, 2.2986228466033936, 0.09981782734394073, 0.003063492476940155, 0.0030749046709388494, 0.15223978459835052, -3.4863650798797607, 2.8822853565216064, 0.0775449126958847, -0.0002788749407045543, 0.004629386588931084, 0.3422921597957611, 2.0254597663879395, -0.05928365886211395, -0.02090596780180931, -0.0004199434770271182, 0.0004078926285728812, 0.08443397283554077, 1.3125708103179932, -0.3713802993297577, -0.04422205686569214, -0.017108000814914703, -0.00908840261399746, 4.799901008605957, 3.19602632522583, -0.4286308288574219, -0.018497586250305176, 0.037716176360845566, 0.05174286663532257, 1.0, 1.0, -0.9302901029586792, -1.0, 1.0, -0.7216715216636658, -0.036875225603580475, 1.0, 1.0, -1.0, -1.0, -1.0, -0.056347280740737915, -1.0, -1.0, -0.6229273080825806, -1.0, -0.2071145474910736, 1.0, 1.0]
[-0.22218455374240875, -0.07917048037052155, -0.2558521330356598, -0.46486371755599976, 0.22377587854862213, 0.4292621910572052, 0.014493662863969803, -0.5747023224830627, -0.2143942266702652, -0.2825342118740082, -0.12765227258205414, 0.004726105835288763, -0.7567766308784485, -0.5329436659812927, 0.08266700804233551, -0.5871419310569763, -0.966426432132721, -0.06652379035949707, 0.012274004518985748, -0.2763622999191284, -0.2446342408657074, 0.23327356576919556, 0.7408722639083862, 0.5599676370620728, 0.5585252642631531, 0.09159036725759506, 0.2693377435207367, -0.11522998660802841, 1.1836988925933838, 0.29218289256095886, 0.27915462851524353, -0.557100236415863, 1.5639115571975708, 0.45191511511802673, 0.1920897364616394, 0.06800790131092072, -0.18945573270320892, -0.3247571587562561, 0.32802969217300415, 0.2295958548784256, 0.4430447220802307, -0.03613917902112007, -0.13399766385555267, -0.8563860058784485, -0.8028801083564758, 0.264335960149765, 0.2791614830493927, -0.1363183856010437, 2.550204038619995, -10.41003131866455, 0.055471617728471756, -0.2785574197769165, 0.017819970846176147, 0.04462863504886627, 0.023025134578347206, -0.4482487440109253, -0.05931728333234787, 0.0052057895809412, 0.09119917452335358, -0.6319601535797119, -0.2115507423877716, -0.0460517443716526, -0.373063325881958, 0.3094262480735779, -0.11882597208023071, 0.0802236869931221, 0.05317993834614754, -0.1180388480424881, -0.503786563873291, -0.1991051286458969, 0.0794001966714859, 0.002165050245821476, 0.020079568028450012, -0.40556439757347107, 0.5221624970436096, -0.17875036597251892, 0.8002298474311829, -0.5058629512786865, 0.26792386174201965, -0.4778524935245514, -0.04755284637212753, 0.03432539105415344, 0.22498872876167297, -0.37228065729141235, -0.6387184858322144, 0.0, -0.38999998569488525, 0.47999998927116394, -0.5092566013336182, 0.1394539624452591, -0.8450728058815002, 0.08403756469488144, 0.7271281480789185, -0.07667067646980286, -0.19869115948677063, 0.6526317000389099, 0.015364453196525574, -0.4371320903301239, 0.5112065672874451, -0.06927647441625595, 0.3750964403152466, 0.9120579957962036, -0.15051135420799255, -0.5917971134185791, 0.14955295622348785, 0.010967204347252846, -6.892670631408691, -2.2177014350891113, -4.223137855529785, 0.03587450832128525, -0.4465218186378479, 0.5011574029922485, 0.012746649794280529, -0.10280366986989975, 0.9875090718269348, -0.11872100830078125, -0.6679011583328247, 0.0612049363553524, 0.06382595002651215, -7.564301490783691, -1.7058649063110352, -4.173806667327881, 0.056417711079120636, -0.428388774394989, 0.520888090133667, 0.02352147363126278, -0.18494336307048798, 0.9721793532371521, -0.1418098509311676, -0.535391628742218, -0.18123021721839905, 0.05777665972709656, 1.6573541164398193, 0.6767611503601074, -3.7311723232269287, 0.07726816833019257, -0.4236294627189636, 0.5198743343353271, -0.17184197902679443, 0.03495871648192406, 0.9623306393623352, -0.20776890218257904, -0.702782928943634, -0.14038962125778198, 0.27977848052978516, -1.7376400232315063, -2.25955867767334, -4.514708518981934, -0.06504932045936584, -0.37068691849708557, 0.5166443586349487, -0.24299274384975433, -0.5027123689651489, 0.8064003586769104, 0.19481565058231354, -0.5360488295555115, 0.23905342817306519, -0.320747435092926, -0.4193691611289978, -5.4603471755981445, -3.3901333808898926, 0.47522133588790894, -2.0621957778930664, -1.3828222751617432, 0.013695701956748962, 0.0013576694764196873, -0.002409909153357148, 0.1752379685640335, 0.19729091227054596, -2.5624537467956543, 0.008165152743458748, 0.0002579211432021111, 0.0032912571914494038, 0.6609297394752502, 2.236145496368408, -3.0092170238494873, -0.01250956580042839, 0.0024651086423546076, -0.0043247174471616745, 2.055666208267212, -1.2052013874053955, -0.38807836174964905, 0.03510192036628723, 0.01662740297615528, -0.009025294333696365, 0.7193911671638489, 2.993086814880371, -0.36395296454429626, -0.011437092907726765, -0.009345203638076782, -0.003326518926769495, 0.8924037218093872, -0.6055350303649902, -0.608765184879303, -0.18930107355117798, 1.0, -0.08679445087909698, -0.656737208366394, 1.0, 1.0, -0.4724264442920685, -1.0, 0.7991231679916382, -0.1954123079776764, -0.6100835800170898, 0.13922789692878723, -0.788673996925354, -1.0, 1.0, 1.0, 0.3460817337036133]
[-0.06135208532214165, -0.06077931076288223, -0.23543496429920197, -0.5020648241043091, 0.3481261134147644, 0.46735209226608276, 0.051258113235235214, -0.6203518509864807, -0.06869702786207199, -0.19899369776248932, -0.09224668145179749, -0.0104604447260499, -0.7690171003341675, -0.5539793968200684, 0.1461702436208725, -0.543231189250946, -0.9391354322433472, -0.13010962307453156, -0.0029538257513195276, -0.36757704615592957, -0.3586580753326416, 0.3462330996990204, 0.7816532254219055, 0.5522250533103943, 0.6348809599876404, 0.15687943994998932, 0.10495654493570328, -0.43957939743995667, 1.1269313097000122, 0.3813280463218689, 0.07389511913061142, -0.5940638184547424, 1.1047183275222778, 1.129416823387146, 0.062154341489076614, 0.0035112828481942415, -0.011505897156894207, -0.10831379145383835, 0.26824337244033813, 0.1556047946214676, 0.14511354267597198, -0.878650963306427, -0.21597936749458313, -1.2682816982269287, -0.8298142552375793, 0.2823014259338379, 0.24133017659187317, -0.036417897790670395, 1.5189529657363892, 0.6374834775924683, 0.08373597264289856, -0.017598586156964302, -0.02272108569741249, -0.008313274942338467, 0.03854735195636749, -0.07804126292467117, -0.0990336686372757, -0.012467837892472744, -0.04280950501561165, 0.16560551524162292, 0.09204937517642975, 0.04096204787492752, 0.032086096704006195, 0.004270442761480808, -0.06456013768911362, -0.0813765823841095, -0.03835819661617279, -0.08360873907804489, 0.07160501927137375, 0.02963937819004059, 0.04206545278429985, 0.01587979681789875, 0.011606244370341301, -0.40500912070274353, 0.5225093364715576, -0.12243683636188507, 0.8056944012641907, -0.5070790648460388, 0.2806001305580139, -0.4537146985530853, 0.06062714010477066, 0.013973092660307884, 0.7429969310760498, -1.2728880643844604, -1.4532262086868286, 0.0, -0.38999998569488525, 0.47999998927116394, -0.5092566013336182, 0.1394539624452591, -0.8450728058815002, 0.08403756469488144, 0.7427644729614258, -0.12618759274482727, -0.19871707260608673, 0.6268087029457092, 0.005484334193170071, -0.4362856149673462, 0.5120179653167725, -0.06428170949220657, 0.4264683425426483, 0.8940271139144897, -0.12127669155597687, -0.585279107093811, 0.11581138521432877, -0.03381273150444031, -5.927915573120117, -1.5394054651260376, -3.7578284740448, 0.025241060182452202, -0.446920782327652, 0.5026070475578308, 0.003552634734660387, -0.025989491492509842, 0.9957869648933411, -0.08786442875862122, -0.6582242250442505, 0.08732765913009644, 0.03728771209716797, -8.856173515319824, -1.540292501449585, -3.5198168754577637, 0.047178614884614944, -0.43151065707206726, 0.5216931104660034, 0.020297899842262268, -0.19874073565006256, 0.9735600352287292, -0.11077399551868439, -0.5998794436454773, -0.1303946077823639, 0.11626734584569931, -0.19136053323745728, -0.04492919147014618, -3.4830245971679688, 0.06661169230937958, -0.4274587631225586, 0.5234576463699341, -0.17778311669826508, 0.030884485691785812, 0.967079222202301, -0.1794351041316986, -0.6184952855110168, -0.27379366755485535, 0.17429637908935547, 3.1021909713745117, 0.34847021102905273, -2.4841012954711914, -0.07316280156373978, -0.36650392413139343, 0.5116047263145447, -0.3068184554576874, -0.4947584569454193, 0.7909650206565857, 0.18828347325325012, -0.5603504776954651, 0.3312968909740448, -0.36717674136161804, -2.162886619567871, -7.374820709228516, -3.9692070484161377, 0.42675167322158813, 0.13399508595466614, -0.2015930414199829, -0.006303349509835243, -0.006289880257099867, -0.004284714348614216, 0.2043110877275467, 0.656850278377533, -0.5733397006988525, -0.002615084173157811, 0.00021807289158459753, -0.00016134747420437634, -0.16639775037765503, -1.2018064260482788, 0.5305202603340149, 0.02293495088815689, -0.0016037891618907452, 0.006963595747947693, 0.022789275273680687, 0.808293342590332, -0.5557861924171448, -0.026233796030282974, -0.001707853632979095, 0.0007162359543144703, 0.6632745862007141, -0.20134030282497406, 0.04684332385659218, 0.0014612380182370543, 0.005267402622848749, 0.005775883793830872, 1.0, 0.10035108774900436, -1.0, -0.9554389715194702, 1.0, -0.09143887460231781, 0.1499311625957489, 1.0, 0.7417241930961609, -1.0, -1.0, 0.40806257724761963, -0.35731640458106995, -0.9237746596336365, -0.8053621053695679, -1.0, -1.0, 1.0, 1.0, 0.5496567487716675]
[0.1085047572851181, -0.05299033597111702, -0.22568021714687347, -0.5459976196289062, 0.4589468836784363, 0.5063223838806152, 0.056185320019721985, -0.6740729212760925, 0.041380953043699265, -0.06393913179636002, -0.10500749945640564, -0.026582686230540276, -0.7715674638748169, -0.5584511756896973, 0.17770445346832275, -0.5032106041908264, -0.9297428727149963, -0.23095953464508057, -0.03232431039214134, -0.4675133526325226, -0.46383070945739746, 0.4538070559501648, 0.8179868459701538, 0.5615480542182922, 0.6349067091941833, -0.014202944934368134, 0.014834108762443066, -0.43235522508621216, 0.969306468963623, 0.34886106848716736, -0.007997474633157253, -0.5243760943412781, 0.8839090466499329, 1.2602499723434448, -0.04724860191345215, -0.10707682371139526, -0.0044246031902730465, -0.010895048268139362, 0.07043194025754929, 0.1724061816930771, 0.04913237690925598, -0.9594694375991821, -0.30859997868537903, -1.2095245122909546, -0.7191792726516724, 0.2533341944217682, 0.2147330343723297, 0.14932610094547272, -0.42479369044303894, -1.9633489847183228, -0.0202336348593235, -0.1025669127702713, -0.03198321536183357, -0.008078135550022125, -0.01842874474823475, -0.0952066108584404, -0.053046125918626785, -0.020318515598773956, -0.01843864470720291, -0.10456688702106476, -0.03144105523824692, -0.006544514559209347, -0.31992658972740173, 0.011688470840454102, -0.2098703235387802, -0.06395386159420013, -0.01730603352189064, 0.028265342116355896, 0.025337092578411102, 0.004764018580317497, -0.022597532719373703, -0.004113825038075447, 0.0037855952978134155, -0.4039050340652466, 0.5207386016845703, -0.057075995951890945, 0.8050276041030884, -0.5115084648132324, 0.2950117886066437, -0.4119234085083008, 0.07795045524835587, -0.15674316883087158, 0.7759788036346436, -1.58860182762146, -1.544049859046936, 0.0, -0.38999998569488525, 0.47999998927116394, -0.5092566013336182, 0.1394539624452591, -0.8450728058815002, 0.08403756469488144, 0.7544152140617371, -0.18574365973472595, -0.19568563997745514, 0.5983845591545105, -0.004497501999139786, -0.43535879254341125, 0.5114721655845642, -0.05594510957598686, 0.46708548069000244, 0.8774535059928894, -0.09368366003036499, -0.5475859045982361, 0.1002548411488533, -0.14713649451732635, -4.262840270996094, -0.9093913435935974, -3.2938339710235596, 0.014830267056822777, -0.44734278321266174, 0.5021327137947083, -0.001772634917870164, 0.051250211894512177, 0.9968545436859131, -0.060425251722335815, -0.6169613003730774, 0.0947873443365097, -0.11632890999317169, -7.976378440856934, -0.9404920935630798, -3.1137747764587402, 0.03803276643157005, -0.43419182300567627, 0.5216647982597351, 0.015790238976478577, -0.205799862742424, 0.9746056795120239, -0.08683761954307556, -0.5658509731292725, -0.15667568147182465, -0.043500326573848724, 0.6771232485771179, 0.0894983634352684, -2.9374687671661377, 0.056650370359420776, -0.4318614900112152, 0.5239589810371399, -0.1752183884382248, -0.00587958749383688, 0.9721885919570923, -0.15528450906276703, -0.5571808218955994, -0.33441630005836487, -0.061101034283638, 5.653270721435547, 1.4847599267959595, -1.9143584966659546, -0.08050195872783661, -0.36194664239883423, 0.5061344504356384, -0.37517479062080383, -0.4806545674800873, 0.7715061902999878, 0.18164005875587463, -0.46704068779945374, 0.3274542987346649, -0.4017663896083832, -1.7792091369628906, -7.003325939178467, -4.442978382110596, -0.12301070988178253, -0.23681995272636414, -0.6492829918861389, -0.011630436405539513, 0.001766709377989173, 0.0006558006862178445, -0.1496848315000534, 0.397267609834671, -0.7586129903793335, -0.014359502121806145, 1.351290393358795e-05, 0.0011239990126341581, -0.12065031379461288, 0.344653844833374, -0.5132461190223694, -0.0013747066259384155, -0.00017656540148891509, 0.0008696655859239399, 0.06186539679765701, 0.4060208201408386, -1.1569095849990845, -0.011215721257030964, -0.002350965980440378, -0.0015277927741408348, -0.2619258761405945, 0.11569397151470184, -0.02778415009379387, -0.00038011721335351467, 7.69884281908162e-05, -0.006330583710223436, 1.0, -0.1946321725845337, -1.0, -0.9208188056945801, 1.0, -0.46318957209587097, -0.0157000795006752, 1.0, 0.8744922280311584, -1.0, -1.0, 0.09194868057966232, -0.2539476752281189, -0.9456896185874939, -0.8191429376602173, -1.0, -1.0, 1.0, 1.0, 0.6816549301147461]
[0.27088239789009094, -0.07435540854930878, -0.22169917821884155, -0.5859537124633789, 0.5527101755142212, 0.5500521063804626, 0.05590236559510231, -0.7208374738693237, 0.12932728230953217, 0.05554584041237831, -0.13211971521377563, -0.05131129175424576, -0.7761966586112976, -0.5602588653564453, 0.18292118608951569, -0.4730488955974579, -0.926540732383728, -0.3165411055088043, -0.06331788748502731, -0.5571752786636353, -0.5528247952461243, 0.547478437423706, 0.8499484062194824, 0.5676296949386597, 0.5873328447341919, -0.2399623692035675, 0.03811314329504967, -0.37105584144592285, 0.8137796521186829, 0.5925588011741638, 0.02911405637860298, -0.46036186814308167, 0.6964708566665649, 0.9795042872428894, -0.06161573529243469, -0.236117884516716, -0.072454534471035, -0.049816448241472244, -0.03138367086648941, 0.05140388011932373, 0.024260466918349266, -0.6801540851593018, -0.2500472962856293, -1.046054720878601, -0.6005410552024841, 0.21642754971981049, 0.18601803481578827, 0.007072180509567261, -1.6006957292556763, -2.4051263332366943, -0.023489343002438545, -0.11949887871742249, -0.030925123021006584, 0.012426603585481644, -0.02093537524342537, -0.11001352965831757, -0.04545016214251518, -0.023892659693956375, -0.024776190519332886, -0.1861332505941391, -0.07591118663549423, -0.027646422386169434, -0.35876646637916565, -0.07625395804643631, -0.20597712695598602, -0.03403061628341675, 0.001002895412966609, 0.05051218718290329, -0.013890386559069157, -0.012950561940670013, -0.03571316599845886, -0.01699047163128853, -0.002873522462323308, -0.4025408923625946, 0.5160099267959595, -0.0008003052207641304, 0.7989228367805481, -0.5224133133888245, 0.2980031967163086, -0.33209308981895447, 0.08135676383972168, -0.32819321751594543, 0.28607818484306335, -1.0228146314620972, -1.4501264095306396, 0.0, -0.38999998569488525, 0.47999998927116394, -0.5092566013336182, 0.1394539624452591, -0.8450728058815002, 0.08403756469488144, 0.7539881467819214, -0.23978424072265625, -0.19881299138069153, 0.5783413648605347, -0.013797063380479813, -0.434407502412796, 0.5084758400917053, -0.04621914029121399, 0.496249794960022, 0.8642016649246216, -0.06895831227302551, -0.5000295042991638, 0.09299106895923615, -0.29548579454421997, -3.9119439125061035, -0.7288088202476501, -3.183732271194458, 0.00502296956256032, -0.4474852681159973, 0.4989636540412903, -0.0023379598278552294, 0.10782244801521301, 0.9935528039932251, -0.034950751811265945, -0.5646012425422668, 0.06240221485495567, -0.29247936606407166, -4.875916957855225, -0.26316291093826294, -3.0647401809692383, 0.029493652284145355, -0.43712708353996277, 0.5186648964881897, 0.011815006844699383, -0.22421516478061676, 0.9721999168395996, -0.0664466992020607, -0.5174728035926819, -0.21843063831329346, -0.26836419105529785, 2.971672534942627, 0.3251054286956787, -2.6208364963531494, 0.047557421028614044, -0.43608999252319336, 0.5210452079772949, -0.17140544950962067, -0.051478322595357895, 0.9749659299850464, -0.1319531500339508, -0.48758405447006226, -0.30116137862205505, -0.252642959356308, 5.476728439331055, 1.2881451845169067, -1.576012372970581, -0.08641990274190903, -0.35772597789764404, 0.5003608465194702, -0.4313609302043915, -0.4693756699562073, 0.7496665120124817, 0.17780381441116333, -0.3566165566444397, 0.28662073612213135, -0.4149448275566101, -0.7927799820899963, -5.507213592529297, -3.4094371795654297, -0.214665949344635, -0.5799244046211243, -0.6922169923782349, 0.0037277385126799345, 0.00012011729995720088, -0.00013387465151026845, -0.19840167462825775, 0.30962538719177246, -0.8199076652526855, -0.019248278811573982, -0.0006372586940415204, -0.0008601723820902407, -0.19145004451274872, 0.9431769847869873, -0.7831111550331116, -0.013498767279088497, 0.00017829201533459127, -0.0006899391883052886, -0.38712677359580994, 0.10414724051952362, -1.005486249923706, 0.002565104514360428, -0.002380817197263241, 0.003962412942200899, -0.6154610514640808, 0.2746742367744446, -0.08814620971679688, -0.001075534150004387, -0.007143095601350069, -0.008730215951800346, 1.0, -0.4226199686527252, -1.0, -1.0, 1.0, -0.814270555973053, -0.03042224794626236, 1.0, 0.9676169753074646, -1.0, -1.0, 0.0676538273692131, -0.3478158712387085, -0.9448276162147522, -0.6927802562713623, -1.0, -1.0, 1.0, 1.0, 0.5450043678283691]
[0.4176645278930664, -0.10727956891059875, -0.21494966745376587, -0.6195620894432068, 0.6310809850692749, 0.6330923438072205, 0.06132088229060173, -0.7613672018051147, 0.19938796758651733, 0.14628800749778748, -0.17241014540195465, -0.08943033963441849, -0.7874187231063843, -0.5690618753433228, 0.12467879056930542, -0.45322930812835693, -0.9285959005355835, -0.39884716272354126, -0.09574645757675171, -0.6330069303512573, -0.6282603740692139, 0.6136918067932129, 0.8764703273773193, 0.5990656018257141, 0.5207308530807495, -0.2305690497159958, 0.022395774722099304, -0.3339623212814331, 0.6782843470573425, 0.8683012127876282, 0.025995293632149696, -0.41727861762046814, 0.5083464980125427, 0.7365004420280457, -0.1700836569070816, -0.26357775926589966, -0.09509821981191635, -0.1121574193239212, -0.4077002704143524, 0.10188265144824982, -0.05275943502783775, -0.8077196478843689, -0.4827974736690521, -0.8742706179618835, -0.5107088088989258, 0.13468390703201294, 0.15277080237865448, 0.4370127320289612, -2.087625026702881, 0.09278921782970428, -0.05186169967055321, -0.023727230727672577, -0.021553676575422287, -0.002107050735503435, -0.06039361655712128, -0.005306009668856859, -0.03424084186553955, -0.023329537361860275, -0.05524183809757233, 0.07063299417495728, 0.031149454414844513, 0.00895426981151104, -0.25465983152389526, -0.08833405375480652, -0.1568571925163269, -0.056369323283433914, -0.03244597464799881, 0.04666595906019211, 0.04707171022891998, 0.012421676889061928, -0.048201192170381546, -0.005698864813894033, -0.008190464228391647, -0.4010578393936157, 0.5098189115524292, 0.041763786226511, 0.7857543230056763, -0.5467270016670227, 0.2862437069416046, -0.2337709367275238, 0.06352712213993073, -0.3337545394897461, 0.3601702153682709, -1.9680557250976562, -1.9666475057601929, 0.0, -0.38999998569488525, 0.47999998927116394, -0.5092566013336182, 0.1394539624452591, -0.8450728058815002, 0.08403756469488144, 0.737057626247406, -0.2876026928424835, -0.21002350747585297, 0.5743874907493591, -0.022170500829815865, -0.4332350492477417, 0.5046657919883728, -0.03648891672492027, 0.5317869782447815, 0.8448306918144226, -0.04617593437433243, -0.43452781438827515, 0.11011579632759094, -0.2982695698738098, -4.872852325439453, -0.6300562620162964, -2.789771795272827, -0.003929894883185625, -0.4472395181655884, 0.49479708075523376, 0.0001747503411024809, 0.1450181007385254, 0.9893659949302673, -0.011165759526193142, -0.49284544587135315, 0.056272201240062714, -0.282048761844635, -2.988539457321167, 0.018372120335698128, -2.7162930965423584, 0.02195988968014717, -0.44011980295181274, 0.5138940811157227, 0.008256856352090836, -0.2559926211833954, 0.9653081893920898, -0.05079038068652153, -0.4409840703010559, -0.1854826658964157, -0.28454354405403137, 3.500861644744873, 0.14031563699245453, -1.741387963294983, 0.04044709354639053, -0.44009557366371155, 0.51503586769104, -0.16007912158966064, -0.10981671512126923, 0.9745907783508301, -0.11174856871366501, -0.3386858403682709, -0.3501303493976593, -0.44359099864959717, 8.605995178222656, 2.9809374809265137, -0.5188335180282593, -0.09101669490337372, -0.3539334535598755, 0.4949248433113098, -0.48447945713996887, -0.4591107666492462, 0.7225046157836914, 0.18023286759853363, -0.2854573428630829, 0.2798285186290741, -0.3841777741909027, -0.18294520676136017, -5.814968109130859, -4.629373550415039, -0.3712778687477112, 0.04263031855225563, -0.27267423272132874, -0.0014675960410386324, 0.002458183793351054, 0.0012194873997941613, -0.4075172245502472, 0.4260021448135376, -0.20023944973945618, -0.01693950593471527, 0.0004999227821826935, 0.0019916980527341366, -0.38402122259140015, -0.37461087107658386, 0.1515294462442398, 0.003335106885060668, -0.0007938750204630196, 0.001239658915437758, -0.4973394274711609, 0.6758790016174316, -0.830498993396759, -0.02230779081583023, -0.005045145750045776, -0.00016834662528708577, -0.5352140665054321, -0.10949555784463882, -0.076833076775074, 0.00038183617289178073, 0.0028645582497119904, -0.004085371736437082, 1.0, -0.28361189365386963, -1.0, -1.0, 1.0, -1.0, -0.04478087276220322, 1.0, 1.0, -1.0, -1.0, -0.5858474373817444, -0.31644150614738464, -1.0, -0.9030855298042297, -1.0, -1.0, 0.868822455406189, 1.0, 0.9334129095077515]
[0.5368321537971497, -0.14736688137054443, -0.2112969309091568, -0.648791491985321, 0.6776360869407654, 0.713441789150238, 0.06294775754213333, -0.7967504262924194, 0.25905925035476685, 0.21700765192508698, -0.22929918766021729, -0.10956965386867523, -0.7994712591171265, -0.582379937171936, 0.024179590865969658, -0.4375403821468353, -0.9355385899543762, -0.47031688690185547, -0.1701391339302063, -0.6962870359420776, -0.6905942559242249, 0.6557943820953369, 0.8988937139511108, 0.6502505540847778, 0.38877829909324646, -0.3149164021015167, 0.004263904877007008, -0.25379103422164917, 0.2983053922653198, 0.5863993167877197, -0.036932215094566345, -0.30153128504753113, 0.5170201659202576, 0.6219202876091003, -0.14915084838867188, -0.09584750235080719, -0.11970552057027817, -0.13527436554431915, -0.5036739706993103, 0.04677262902259827, -0.07673642039299011, -0.5831432938575745, -0.7916156649589539, -0.7280979752540588, -0.416288286447525, 0.08643210679292679, 0.130593404173851, 0.49041396379470825, -3.700054883956909, -0.7383149266242981, -0.09119081497192383, -0.0283903107047081, -0.028843635693192482, -0.023494180291891098, -0.12042660266160965, -0.009133249521255493, -0.0033668125979602337, -0.0031205061823129654, -0.05333384498953819, -0.00983451958745718, -0.004672383423894644, -0.0016387763898819685, -0.21135100722312927, -0.14498241245746613, -0.11408265680074692, -0.016400430351495743, -0.006339563522487879, 0.04670543596148491, -0.02614239975810051, -0.01652265340089798, -0.05524840205907822, -0.018518440425395966, -0.01250970084220171, -0.4000779986381531, 0.504148006439209, 0.10257665067911148, 0.7695131301879883, -0.5549107789993286, 0.29900068044662476, -0.24588367342948914, 0.03353193774819374, -0.2944672405719757, 0.21918366849422455, -0.9316622018814087, -0.7777345776557922, 0.0, -0.38999998569488525, 0.47999998927116394, -0.5092566013336182, 0.1394539624452591, -0.8450728058815002, 0.08403756469488144, 0.7337985038757324, -0.34630557894706726, -0.2001403272151947, 0.5491410493850708, -0.0288532804697752, -0.43235647678375244, 0.5003111362457275, -0.0275046918541193, 0.5545791387557983, 0.831186056137085, -0.02855236455798149, -0.3156941831111908, 0.05255531892180443, -0.302093505859375, -1.5735993385314941, -0.19610363245010376, -2.0097079277038574, -0.011121105402708054, -0.446617066860199, 0.49009156227111816, 0.0034184574615210295, 0.17008939385414124, 0.9853942394256592, 0.0074769118800759315, -0.35080915689468384, 0.08390862494707108, -0.3121567964553833, -2.6118288040161133, 0.04945293441414833, -1.7449655532836914, 0.016115406528115273, -0.44200921058654785, 0.5091995000839233, 0.004678616300225258, -0.2846451997756958, 0.9576776623725891, -0.0425272099673748, -0.3305445611476898, -0.12714073061943054, -0.3058508634567261, 3.322112798690796, 0.00787361990660429, -1.1858055591583252, 0.03535841777920723, -0.4434201419353485, 0.5068773627281189, -0.14318247139453888, -0.19001860916614532, 0.9664351940155029, -0.09692644327878952, -0.20894114673137665, -0.30198290944099426, -0.571344256401062, 9.903624534606934, 2.989497423171997, 0.5053144097328186, -0.09426912665367126, -0.35082733631134033, 0.4899615943431854, -0.5333043932914734, -0.45067402720451355, 0.6911611557006836, 0.1864818036556244, -0.18328164517879486, 0.2207692414522171, -0.36694979667663574, 0.5728752613067627, -5.216524600982666, -4.066971302032471, -0.6382023096084595, 0.2438136637210846, -0.37979066371917725, -0.019836975261569023, 0.004451961722224951, 0.0016350405057892203, -0.7744860053062439, 0.017592811957001686, -0.10799749195575714, -0.002856613602489233, 0.001685993280261755, 0.00464623374864459, -0.44028642773628235, 0.04751231148838997, -0.15569955110549927, -0.0009260919759981334, 5.81155763939023e-05, -0.0017044376581907272, -0.7066038846969604, 0.1870107799768448, -0.5448752641677856, -0.003534401534125209, -0.0019541371148079634, 0.003495842684060335, -0.8521807193756104, 0.2812487483024597, -0.23379933834075928, -0.0007966842968016863, -0.004883549176156521, -0.0050685815513134, 0.7878776788711548, -0.43711885809898376, -1.0, -1.0, 0.7797977328300476, -1.0, -0.2664228677749634, 1.0, 1.0, -0.6269969940185547, -1.0, -0.6752955317497253, -0.42744433879852295, -1.0, -0.7722406983375549, -1.0, -1.0, 0.8091846704483032, 1.0, 0.950910747051239]
[0.6079508066177368, -0.20776952803134918, -0.20797674357891083, -0.6772746443748474, 0.6790558099746704, 0.7472154498100281, 0.06324193626642227, -0.8289624452590942, 0.3146502375602722, 0.28004327416419983, -0.24686779081821442, -0.10250754654407501, -0.8175641894340515, -0.5990204811096191, -0.06347302347421646, -0.44375985860824585, -0.944492757320404, -0.49368053674697876, -0.23597535490989685, -0.7489371299743652, -0.740750789642334, 0.7029118537902832, 0.918087363243103, 0.6964887380599976, 0.175789937376976, -0.4932238757610321, 0.013234931044280529, -0.2414083480834961, -0.13966839015483856, 0.09385768324136734, 0.009226757101714611, -0.32282915711402893, 0.48309966921806335, 0.569007396697998, 0.021678516641259193, 0.14465895295143127, -0.21498022973537445, -0.18736915290355682, -0.35926640033721924, -0.06362821906805038, -0.08771342784166336, -0.020708410069346428, -0.367590993642807, -0.6047703623771667, -0.33405208587646484, 0.12965694069862366, 0.11131584644317627, 0.3932536840438843, -5.448549270629883, -1.5942013263702393, -0.12409232556819916, -0.06333113461732864, -0.03508167341351509, -0.025433793663978577, -0.1447329968214035, -0.08696919679641724, -0.022383389994502068, -0.0047667501494288445, -0.11136680096387863, -0.08372941613197327, -0.03929046541452408, -0.015446553006768227, -0.20261289179325104, -0.1932571679353714, -0.1035061851143837, 0.010197744704782963, 0.031429439783096313, 0.04431861639022827, -0.10940689593553543, -0.04395591467618942, -0.061919547617435455, -0.024704130366444588, -0.016456760466098785, -0.3998315632343292, 0.49855342507362366, 0.15358540415763855, 0.761823296546936, -0.5328795909881592, 0.3347777724266052, -0.22295008599758148, -0.009081367403268814, -0.3485318422317505, 0.8347007632255554, -1.756587266921997, -0.04364767670631409, 0.0, -0.38999998569488525, 0.47999998927116394, -0.5092566013336182, 0.1394539624452591, -0.8450728058815002, 0.08403756469488144, 0.7528786659240723, -0.3838276267051697, -0.17125199735164642, 0.5064808130264282, -0.032795943319797516, -0.4325030744075775, 0.4940880537033081, -0.021524984389543533, 0.5420915484428406, 0.839845597743988, -0.01824358105659485, -0.14158491790294647, -0.051694486290216446, -0.36322322487831116, 3.898893356323242, 0.06636695563793182, -0.922065019607544, -0.0153721384704113, -0.4457634389400482, 0.4836201071739197, 0.005999727174639702, 0.18579334020614624, 0.9823999404907227, 0.01830335706472397, -0.16182275116443634, 0.06829357147216797, -0.45204585790634155, -1.1779536008834839, 0.11030363291501999, -0.9071565866470337, 0.01225220039486885, -0.44290611147880554, 0.5037880539894104, 0.0012600647751241922, -0.3120940029621124, 0.9494066834449768, -0.03496437892317772, -0.17946811020374298, -0.08176225423812866, -0.38759472966194153, 3.7505624294281006, 0.06282016634941101, -0.9615563154220581, 0.0328342579305172, -0.44524043798446655, 0.49788206815719604, -0.13061164319515228, -0.2537463307380676, 0.9543187618255615, -0.08848211169242859, -0.05241912230849266, -0.13672347366809845, -0.5898687839508057, 5.700538635253906, 1.5761574506759644, 0.4335150718688965, -0.09588167071342468, -0.34887826442718506, 0.4850383698940277, -0.5699498653411865, -0.44846463203430176, 0.6607071757316589, 0.1936560422182083, -0.061671338975429535, 0.12438474595546722, -0.364680677652359, 1.4308454990386963, -4.078787326812744, -2.8176889419555664, -0.898831844329834, 0.09434446692466736, -0.5534225106239319, -0.024018624797463417, 0.005206967703998089, 0.001918950118124485, -0.9826546311378479, -0.06332392245531082, -0.5467308163642883, -0.005716608837246895, 0.0010509976418688893, 0.003987844102084637, -0.8360952138900757, 0.5015239715576172, -0.43675071001052856, -0.007923693396151066, -0.0011799323838204145, 0.0005975324311293662, -0.97419273853302, -0.392984002828598, -0.4224592447280884, 0.025534678250551224, -0.00042527911136858165, 0.0069802673533558846, -1.0375555753707886, 0.6558595895767212, -0.4098602831363678, -0.001201573759317398, -0.00810324028134346, -0.006255635060369968, 0.3788835108280182, -0.6956256031990051, -1.0, -1.0, 0.5150899887084961, -1.0, -0.5685519576072693, 1.0, 1.0, -0.27344515919685364, -1.0, -0.4831950068473816, -0.6243844032287598, -1.0, -0.40362420678138733, -1.0, -1.0, 1.0, 1.0, 0.9125312566757202]
[0.6130766868591309, -0.30026423931121826, -0.20269545912742615, -0.7107253670692444, 0.6049156785011292, 0.738452672958374, 0.068178191781044, -0.8703942894935608, 0.37230032682418823, 0.3423044979572296, -0.24746400117874146, -0.03082064725458622, -0.8447214365005493, -0.6249942183494568, -0.06387734413146973, -0.49108755588531494, -0.9539507031440735, -0.43980279564857483, -0.24282598495483398, -0.7928575873374939, -0.7804557085037231, 0.7556275725364685, 0.9345565438270569, 0.7108438611030579, -0.0953943282365799, -0.743792712688446, 0.00069810712011531, -0.35149285197257996, -0.9737387895584106, -0.22375226020812988, -0.011210083961486816, -0.42789125442504883, 0.5549022555351257, 0.607271134853363, -0.00766140827909112, 0.9435216784477234, -0.265044242143631, -0.2879309058189392, 0.19129517674446106, -0.26648956537246704, -0.0776018351316452, 0.7727657556533813, 0.1336706578731537, -0.5041420459747314, -0.26553547382354736, 0.12657871842384338, 0.09526648372411728, -0.003232461167499423, -6.658657073974609, -2.0920896530151367, -0.17075663805007935, -0.10746128857135773, -0.06838241219520569, -0.02880997583270073, -0.2135584056377411, -0.1474965363740921, -0.03295552730560303, -0.001975409919396043, -0.19798102974891663, 0.05985270440578461, 0.03603088855743408, 0.012410471215844154, -0.07472578436136246, -0.22795212268829346, -0.012319483794271946, 0.05605870485305786, 0.03961905464529991, 0.03988521546125412, -0.16981616616249084, -0.07760340720415115, -0.06438378989696503, -0.032572340220212936, -0.019874192774295807, -0.40013566613197327, 0.4921684265136719, 0.2400207370519638, 0.7474573850631714, -0.44246235489845276, 0.4335026144981384, -0.19501875340938568, -0.04712283983826637, -0.3809957206249237, 2.332437038421631, -3.9926888942718506, 0.8360626101493835, 0.0, -0.38999998569488525, 0.47999998927116394, -0.5092566013336182, 0.1394539624452591, -0.8450728058815002, 0.08403756469488144, 0.8108875751495361, -0.42580100893974304, -0.08496164530515671, 0.3923470973968506, -0.033027283847332, -0.4344126284122467, 0.4843819737434387, -0.02054845355451107, 0.4793047308921814, 0.8772423267364502, -0.01704264059662819, 0.08798385411500931, -0.23998545110225677, -0.5256611704826355, 11.453372955322266, 0.28944772481918335, 0.621645450592041, -0.015749160200357437, -0.44466233253479004, 0.47382691502571106, 0.007152787409722805, 0.189092755317688, 0.9817379713058472, 0.01957978680729866, 0.09324189275503159, 0.07726024091243744, -0.661517858505249, 0.05025408789515495, 0.07425062358379364, 0.5567150712013245, 0.011777001433074474, -0.4418720304965973, 0.49839892983436584, -0.0006521358154714108, -0.3311484158039093, 0.942948579788208, -0.034470606595277786, 0.07735256105661392, 0.09745106846094131, -0.322936475276947, 1.769499659538269, -0.2070138156414032, 0.4702041745185852, 0.033415287733078, -0.4450450539588928, 0.4901430904865265, -0.13297900557518005, -0.26442649960517883, 0.9509279131889343, -0.09017346054315567, 0.10718415677547455, 0.0767589882016182, -0.40864241123199463, -1.171614170074463, -1.30238676071167, 0.32904285192489624, -0.09552454203367233, -0.3484535217285156, 0.4796042740345001, -0.5873368382453918, -0.45899009704589844, 0.6365801692008972, 0.1978110373020172, 0.0806877538561821, -0.012162715196609497, -0.387956827878952, 2.364053726196289, -2.4445583820343018, 0.003965884447097778, -1.174952745437622, -0.029526537284255028, -0.9940736293792725, -0.029252871870994568, 0.008263342082500458, 0.0033558919094502926, -1.3737883567810059, -0.22837795317173004, -0.8461185693740845, -0.0054010795429348946, 0.0036362353712320328, 0.008096667937934399, -1.4018107652664185, -0.4418441653251648, -0.21709361672401428, 0.005782809574157, -0.004322790075093508, 0.006723490543663502, -1.1634693145751953, -0.8030685186386108, 0.006338589824736118, 0.027573024854063988, 0.0027019246481359005, 0.011944245547056198, -1.2049169540405273, 1.0741232633590698, -0.5358628034591675, -0.0035891421139240265, -0.013293669559061527, -0.007485332433134317, -0.16544288396835327, -1.0, -1.0, -1.0, -0.12423975765705109, -1.0, -1.0, 1.0, 1.0, 0.6059043407440186, -1.0, 0.3714067339897156, -1.0, -0.9814209342002869, 0.16295376420021057, -1.0, -1.0, 1.0, 1.0, 0.6372414231300354]
[0.5385904908180237, -0.40951889753341675, -0.21289032697677612, -0.7432650923728943, 0.42159122228622437, 0.6951420307159424, 0.04156796261668205, -0.9053553342819214, 0.3153280019760132, 0.3738768398761749, -0.21937988698482513, 0.09632126241922379, -0.8718709349632263, -0.6573952436447144, 0.04006798565387726, -0.5561136603355408, -0.9637887477874756, -0.3313049376010895, -0.21618661284446716, -0.788145899772644, -0.8140529990196228, 0.7989301681518555, 0.9504088163375854, 0.6639837026596069, -0.4173348844051361, -0.7755259871482849, -0.19652880728244781, -0.31701815128326416, -2.0707108974456787, -0.5731183886528015, -0.3478606045246124, -0.22650638222694397, -1.0014399290084839, -0.07045222818851471, 0.43116337060928345, 1.2978147268295288, -0.23990844190120697, -0.3041190803050995, 0.6404633522033691, -0.2704240679740906, -0.08786725997924805, 1.124763011932373, 0.3292991816997528, 0.3596189618110657, -0.22941939532756805, 0.0953376367688179, 0.09323269873857498, -0.6567962169647217, -7.983827114105225, 0.45512354373931885, -0.28145378828048706, 0.02010580152273178, -0.06870129704475403, -0.03992365673184395, -0.3971177935600281, 0.07497075945138931, -0.05974398925900459, -0.05947605520486832, 0.0015103018376976252, 0.08101983368396759, 0.0388869009912014, 0.014770330861210823, 0.03416208177804947, -0.2642231583595276, 0.06334596872329712, 0.046088725328445435, 0.022751126438379288, 0.13051655888557434, -0.08941011130809784, -0.04015214741230011, -0.13390544056892395, -0.060285214334726334, -0.02201189659535885, -0.4025407135486603, 0.4854854941368103, 0.31352537870407104, 0.727077305316925, -0.2773197591304779, 0.5442003011703491, -0.11158394068479538, -0.17292186617851257, -0.40962228178977966, 2.9924473762512207, -3.9269440174102783, 1.8961180448532104, 0.0, -0.38999998569488525, 0.47999998927116394, -0.5092566013336182, 0.1394539624452591, -0.8450728058815002, 0.08403756469488144, 0.8792454600334167, -0.42096778750419617, 0.022592365741729736, 0.2218175232410431, -0.028333717957139015, -0.437975138425827, 0.4717808663845062, -0.02521509863436222, 0.3573441505432129, 0.933134913444519, -0.03047211840748787, 0.41845497488975525, -0.43693870306015015, -0.6120142340660095, 18.642833709716797, 0.6881516575813293, 3.3729381561279297, -0.010849006474018097, -0.44458523392677307, 0.46136242151260376, 0.003019886091351509, 0.13378436863422394, 0.9909981489181519, 0.003894174937158823, 0.4587031900882721, -0.1596747636795044, -0.7098339200019836, 10.363380432128906, -0.7058338522911072, 3.6916239261627197, 0.015271143056452274, -0.4387480616569519, 0.4942038357257843, 0.0007152000907808542, -0.33673855662345886, 0.9407188892364502, -0.04067689925432205, 0.2597010135650635, 0.2231772243976593, -0.21875332295894623, 0.12858669459819794, 0.37747880816459656, -0.06945627927780151, 0.03718404471874237, -0.4429987072944641, 0.4851885139942169, -0.1512012481689453, -0.23468318581581116, 0.9548672437667847, -0.10144251585006714, 0.2714218497276306, 0.22431926429271698, -0.19886909425258636, -4.783542156219482, -3.4219987392425537, 0.21387064456939697, -0.09292091429233551, -0.35005828738212585, 0.4747691750526428, -0.5651845335960388, -0.49456971883773804, 0.6288349032402039, 0.20132985711097717, 0.2435559630393982, -0.21947243809700012, -0.2548341751098633, 4.6181960105896, 2.0003128051757812, 5.215428829193115, -1.7543524503707886, 0.7160752415657043, -0.7588561773300171, -0.02918253093957901, 0.01680266298353672, 0.009410863742232323, -2.310098648071289, 1.0879205465316772, -0.16630573570728302, -0.04315724968910217, 0.013450561091303825, 0.02149944379925728, -0.35459521412849426, -0.5075977444648743, 0.1472298949956894, 0.007156365551054478, 0.003503375919535756, -0.016179703176021576, -1.3883466720581055, -0.5979225635528564, 0.26336732506752014, 0.013782287016510963, 0.0015040545258671045, 0.00924962479621172, -2.298919677734375, 0.4760599732398987, -0.6363199949264526, -0.000145493948366493, -0.023502500727772713, -0.015968596562743187, -0.825695276260376, -1.0, -1.0, -1.0, -1.0, -1.0, -1.0, -0.5288325548171997, 1.0, 1.0, -1.0, 1.0, -1.0, -1.0, 0.4011082947254181, -0.5002062320709229, -1.0, 0.9745750427246094, 1.0, 0.1506159007549286]
[0.4442916512489319, -0.5122020840644836, -0.30086106061935425, -0.780228853225708, 0.19885915517807007, 0.6197007894515991, -0.08466450870037079, -0.9237542152404785, 0.15455207228660583, 0.3398395776748657, -0.07253206521272659, 0.23449605703353882, -0.8950866460800171, -0.687261700630188, 0.17895379662513733, -0.6259385347366333, -0.9615983963012695, -0.25999993085861206, -0.18550042808055878, -0.7132469415664673, -0.7895957231521606, 0.7721149325370789, 0.961794912815094, 0.608032763004303, -0.30459314584732056, -0.6888794898986816, -0.4501560628414154, -0.3597359359264374, -2.0498883724212646, -0.9924160242080688, -0.610016405582428, -0.14770354330539703, -1.7378181219100952, -0.48414474725723267, 0.6954100728034973, 1.2687201499938965, -0.1982988715171814, -0.2566996216773987, 0.6448156237602234, -0.2918334901332855, 0.07738815248012543, 0.4136117100715637, 0.21510858833789825, 1.223491907119751, 0.4046231806278229, -0.13999654352664948, 0.0563843809068203, -0.4440498948097229, 2.998955726623535, 1.4175878763198853, 0.06052422523498535, 0.11355172842741013, 0.03568146377801895, -0.01793723925948143, 0.06793271005153656, 0.1104036420583725, -0.012927202507853508, -0.02435297518968582, 0.10987380146980286, 0.02741122990846634, 0.012250886298716068, 0.005613136105239391, 0.1637435108423233, 0.07458219677209854, 0.13281388580799103, -0.00894373469054699, -0.01688350923359394, 0.08148068189620972, 0.38562923669815063, 0.17060241103172302, -0.013698381371796131, 0.002335716038942337, -0.023872001096606255, -0.4054233133792877, 0.47661250829696655, 0.3667885661125183, 0.7005006074905396, -0.08033867180347443, 0.6068860292434692, -0.11158394068479538, -0.17292186617851257, -0.5731549859046936, 3.6517562866210938, -3.0775716304779053, 1.9087451696395874, 0.0, -0.38999998569488525, 0.47999998927116394, -0.5092566013336182, 0.1394539624452591, -0.8450728058815002, 0.08403756469488144, 0.9206552505493164, -0.37664034962654114, 0.09822677820920944, 0.02979133650660515, -0.020797129720449448, -0.44051888585090637, 0.458084374666214, -0.03365975618362427, 0.20142017304897308, 0.9770894646644592, -0.05994204804301262, 0.43072620034217834, -0.36507201194763184, -0.6967320442199707, 20.334186553955078, 1.423330307006836, 4.271615505218506, -0.002701184246689081, -0.44453561305999756, 0.4485556483268738, -0.006482964847236872, 0.019858550280332565, 0.9993067383766174, -0.03081454336643219, 0.46170786023139954, -0.1960020363330841, -0.7472730875015259, 15.317599296569824, -0.4044230878353119, 4.435076713562012, 0.018182462081313133, -0.434744268655777, 0.49121829867362976, 0.004954140167683363, -0.3341462314128876, 0.9420616030693054, -0.02900826744735241, 0.1198728159070015, 0.2557840049266815, -0.14719411730766296, -0.6650654673576355, 1.2558215856552124, -1.7190485000610352, 0.04134174436330795, -0.4406384527683258, 0.4819580316543579, -0.17383801937103271, -0.20674918591976166, 0.9559399485588074, -0.11495149880647659, 0.1576196700334549, 0.15093238651752472, -0.1741769015789032, -2.046825885772705, -3.108229875564575, 0.43814602494239807, -0.09055280685424805, -0.3518448770046234, 0.4732884168624878, -0.5105789303779602, -0.5393056869506836, 0.6316273212432861, 0.2224980592727661, 0.11692380160093307, -0.12970976531505585, 0.04575791209936142, 6.405900001525879, 5.805499076843262, 4.391180992126465, 0.3665189743041992, 0.31546884775161743, 0.44869112968444824, -0.013205205090343952, 0.001659279689192772, 9.81228549790103e-06, 0.38890737295150757, 0.5136934518814087, 0.2298247069120407, -0.016647573560476303, 0.0016288482584059238, 0.00042256718734279275, 0.7848768830299377, -0.16064655780792236, 0.26636967062950134, 0.00320343766361475, 0.003106548450887203, -0.006331715267151594, 0.44828248023986816, 0.22086381912231445, 0.4676053524017334, -0.013570550829172134, 0.00018162388005293906, -0.0025834490079432726, 0.03655937314033508, -2.3714466094970703, 0.41295528411865234, 0.013957211747765541, 0.0017507589654996991, -0.009421803057193756, 0.24071776866912842, -1.0, -1.0, -1.0, -1.0, -1.0, -1.0, -1.0, 1.0, 1.0, -1.0, 1.0, -1.0, -0.8809564113616943, -0.1400531828403473, -0.03746184706687927, -0.27183133363723755, 0.3984455466270447, 1.0, 0.37752455472946167]
[0.4058738052845001, -0.6006777882575989, -0.3827677369117737, -0.8117616772651672, -0.005427854601293802, 0.4445079267024994, -0.18343956768512726, -0.9417183995246887, -0.02920255810022354, 0.2815525531768799, 0.09039552509784698, 0.3434915840625763, -0.9134030342102051, -0.7110806107521057, 0.30243784189224243, -0.6958157420158386, -0.9351593255996704, -0.25010064244270325, -0.17323993146419525, -0.5703880190849304, -0.7080247402191162, 0.6884601712226868, 0.9690048098564148, 0.5914329290390015, -0.026086075231432915, -0.582442581653595, -0.22471113502979279, -0.23577189445495605, -1.7996917963027954, -2.085108518600464, -0.30866679549217224, -0.19783884286880493, -1.6728883981704712, -0.56978839635849, 0.6565777659416199, 0.8674359321594238, -0.1546412855386734, -0.1982826292514801, 0.538364052772522, -0.2780448794364929, 0.33368217945098877, -0.076328806579113, 0.03487512096762657, 2.0449914932250977, 0.6937060952186584, -0.23240633308887482, 0.0343632809817791, -0.003602589713409543, 6.923216819763184, 1.4279661178588867, 0.28804683685302734, 0.19664976000785828, 0.08907048404216766, -0.009596106596291065, 0.2931281626224518, 0.08308291435241699, 0.03158809244632721, 0.00617993762716651, 0.1348637491464615, -0.07973939180374146, -0.03296291083097458, -0.010723395273089409, 0.25615063309669495, 0.19756920635700226, 0.18323644995689392, 0.023788420483469963, -0.00550247635692358, 0.02224436029791832, 0.28526797890663147, 0.12964197993278503, 0.05572613328695297, 0.02711533010005951, -0.02573210559785366, -0.40830591320991516, 0.46501344442367554, 0.4106518626213074, 0.6680251359939575, 0.12191976606845856, 0.6084758043289185, -0.11158394068479538, -0.17292186617851257, -0.7366877198219299, 4.069364070892334, -2.143158197402954, 1.9870771169662476, 0.0, -0.38999998569488525, 0.47999998927116394, -0.5092566013336182, 0.1394539624452591, -0.8450728058815002, 0.08403756469488144, 0.9259125590324402, -0.3136574625968933, 0.1269889771938324, -0.16786466538906097, -0.016446413472294807, -0.4407033622264862, 0.4453912675380707, -0.03100571222603321, 0.015219439752399921, 0.9959801435470581, -0.08264615386724472, 0.1686794012784958, -0.30119356513023376, -0.6965591907501221, 23.197002410888672, 3.1744508743286133, 2.3800079822540283, 0.0017573559889569879, -0.4433572590351105, 0.4363725185394287, -0.008515473455190659, -0.108362577855587, 0.9926449060440063, -0.053301937878131866, 0.14675015211105347, -0.11285148561000824, -0.7554696798324585, 15.07227897644043, 0.7780447006225586, 1.8612525463104248, 0.018194258213043213, -0.43140631914138794, 0.48831644654273987, 0.009720141999423504, -0.3340268135070801, 0.9424915909767151, -0.006419134326279163, -0.09261827170848846, 0.16713804006576538, -0.1832539439201355, 0.2625637948513031, 1.5711965560913086, -2.7650554180145264, 0.04211444780230522, -0.4393045902252197, 0.4797615706920624, -0.1937619298696518, -0.19599464535713196, 0.9534759521484375, -0.12217202037572861, -0.1020321175456047, 0.054402392357587814, -0.113985076546669, -0.3767673969268799, -2.3628952503204346, -0.2294268161058426, -0.09004528820514679, -0.3529443144798279, 0.47556552290916443, -0.4381166398525238, -0.5784136652946472, 0.6317079067230225, 0.2728305757045746, 0.005349022336304188, -0.08684443682432175, 0.2580096423625946, 8.449146270751953, 8.626956939697266, 2.6046900749206543, 1.6348129510879517, 0.024094238877296448, 1.0265307426452637, -0.009234691970050335, -0.006714884657412767, -0.012970751151442528, 1.6714470386505127, -0.14186909794807434, 0.38976800441741943, 0.004051901400089264, -0.0014320790069177747, -0.012478705495595932, 1.2770105600357056, 0.4651203751564026, 0.1954386830329895, -0.0037465894129127264, 0.004094769712537527, -0.003804170060902834, 1.1324208974838257, -0.04015820473432541, 0.8378059267997742, -0.006104849278926849, 0.00043584476225078106, -0.006875250488519669, 1.0904409885406494, -1.769600510597229, 0.5917251110076904, 0.00964434165507555, 0.009668273851275444, -0.007967994548380375, 0.9785272479057312, -1.0, -1.0, -1.0, -1.0, -0.23150362074375153, -1.0, -1.0, 1.0, 0.7872799038887024, -1.0, 1.0, -1.0, -0.6737453937530518, -0.3762832581996918, 0.46397754549980164, -0.060578733682632446, 0.17155784368515015, 1.0, 0.6660116910934448]
[0.4254388213157654, -0.673749566078186, -0.41499975323677063, -0.8351766467094421, -0.18003053963184357, 0.21827176213264465, -0.229693204164505, -0.9594441056251526, -0.19476111233234406, 0.18941634893417358, 0.23722875118255615, 0.3774861991405487, -0.9268724918365479, -0.7288219332695007, 0.4071960747241974, -0.7557622790336609, -0.8886109590530396, -0.2843318283557892, -0.1778264194726944, -0.40335166454315186, -0.6263746023178101, 0.6175239086151123, 0.9740583300590515, 0.6179037094116211, 0.1438262015581131, -0.4743156433105469, -0.08561187982559204, -0.1924545019865036, -1.5115859508514404, -2.0348916053771973, -0.12155170738697052, -0.159779354929924, -1.453565001487732, -1.285058856010437, 0.5750200152397156, 0.01265560369938612, -0.11461842060089111, -0.14531786739826202, 0.46267199516296387, -0.22455750405788422, 0.48244601488113403, -0.4403437077999115, -0.1047104224562645, 2.065028429031372, 0.5376696586608887, -0.1391480714082718, 0.023866785690188408, 0.3706669211387634, 4.077798366546631, 1.3925268650054932, 0.15841248631477356, 0.1588389277458191, 0.07738359272480011, 0.03028496913611889, 0.18298250436782837, 0.10637462884187698, 0.05168871954083443, -0.020764822140336037, 0.05602041631937027, -0.20298007130622864, -0.08599555492401123, -0.030310876667499542, 0.19026142358779907, 0.10750043392181396, 0.12268342077732086, 0.014785774983465672, -0.004821017384529114, -0.08329220116138458, -0.006622014567255974, -0.0012493166141211987, 0.07003743946552277, 0.027895722538232803, -0.027557406574487686, -0.41109082102775574, 0.4509984254837036, 0.4661654829978943, 0.6183329224586487, 0.32909145951271057, 0.5404191613197327, -0.11134019494056702, -0.16742414236068726, -0.8957982659339905, 4.5428385734558105, -1.236425757408142, 2.02599835395813, 0.0, -0.38999998569488525, 0.47999998927116394, -0.5092566013336182, 0.1394539624452591, -0.8450728058815002, 0.08403756469488144, 0.8828168511390686, -0.24975217878818512, 0.10445083677768707, -0.38385963439941406, -0.016529979184269905, -0.4393959045410156, 0.4345758557319641, -0.020099325105547905, -0.17147529125213623, 0.9810100793838501, -0.08838174492120743, -0.036582328379154205, -0.1817638874053955, -0.7116771936416626, 20.753820419311523, 3.061847448348999, 0.9809690117835999, 0.0017194238025695086, -0.4413236975669861, 0.42575863003730774, -0.0057362644001841545, -0.23598480224609375, 0.9699828028678894, -0.058409303426742554, -0.06672409176826477, -0.08289598673582077, -0.7010987401008606, 16.76952362060547, 1.4437801837921143, 0.37126415967941284, 0.015497551299631596, -0.4304138720035553, 0.48354479670524597, 0.013086352497339249, -0.35304298996925354, 0.9352582693099976, 0.02193611115217209, -0.22856658697128296, -0.04135499522089958, -0.3718496561050415, 3.5461370944976807, 1.4899044036865234, -3.2656126022338867, 0.03933147341012955, -0.4390316605567932, 0.4785720407962799, -0.21060825884342194, -0.1968199908733368, 0.9497459530830383, -0.12201918661594391, -0.26374661922454834, -0.012148617766797543, -0.06568219512701035, 0.9214839935302734, -1.7545102834701538, -0.5134103298187256, -0.09014555811882019, -0.35412684082984924, 0.47876766324043274, -0.3657739758491516, -0.6059762835502625, 0.6215582489967346, 0.33565977215766907, 0.006001925095915794, -0.09414338320493698, 0.2227424830198288, 8.117804527282715, 8.151843070983887, 0.7761881947517395, 0.9141907095909119, -0.5732230544090271, 0.7488563060760498, 0.021686624735593796, -0.0006955059943720698, -0.006964735221117735, 1.0325852632522583, 0.11985190212726593, 0.5734110474586487, -0.018967043608427048, 0.0006198703194968402, -0.007882963865995407, 0.6868923306465149, 1.1757291555404663, 0.02178577333688736, -0.012674937024712563, 0.0022702401038259268, -0.000644683139398694, 0.6269934177398682, -0.004219457041472197, 0.569107174873352, -0.004884309601038694, 9.357606359117199e-06, -0.004573740065097809, 1.083651065826416, 0.12289690971374512, 0.24486500024795532, -0.0013321875594556332, 0.010557309724390507, 0.0049919490702450275, 1.0, -1.0, -0.9179597496986389, -1.0, -1.0, -0.1024550348520279, -0.9846599102020264, -1.0, 1.0, 0.20946043729782104, -1.0, 1.0, -1.0, -0.5614368319511414, -0.6045409440994263, 0.5232560634613037, -0.25195249915122986, 0.35315725207328796, 1.0, 0.9059913158416748]
[0.47692441940307617, -0.7389166355133057, -0.4401717185974121, -0.8579819202423096, -0.3148186206817627, 0.030609091743826866, -0.2701644003391266, -0.9694824814796448, -0.3359399139881134, 0.025673629716038704, 0.36356475949287415, 0.3295460045337677, -0.9372732043266296, -0.7420231103897095, 0.49837857484817505, -0.8033573627471924, -0.8205916881561279, -0.35284751653671265, -0.1954270601272583, -0.2519758641719818, -0.559688150882721, 0.6009035706520081, 0.9779168367385864, 0.6682088375091553, 0.23010189831256866, -0.4257659912109375, -0.12559203803539276, -0.18353773653507233, -1.1043987274169922, -1.5125025510787964, -0.17599019408226013, -0.05190197750926018, -1.2245367765426636, -1.6170872449874878, 0.48946934938430786, -0.6971879005432129, -0.09421571344137192, -0.11247370392084122, 0.39955052733421326, -0.17457163333892822, 0.703097403049469, -0.7320696115493774, -0.2143593281507492, 1.757843017578125, 0.44293031096458435, 0.008250879123806953, 0.02008497342467308, 0.5113843679428101, 2.0813493728637695, 1.3787288665771484, 0.05616346374154091, 0.12676359713077545, 0.07335643470287323, 0.04294309765100479, 0.07043959945440292, 0.14089486002922058, 0.06727369129657745, 0.01606704480946064, 0.01035444624722004, -0.14781805872917175, -0.06427471339702606, -0.023286975920200348, 0.12195572257041931, 0.04077254235744476, 0.1007775068283081, 0.017386149615049362, -0.0012523395707830787, -0.11190629005432129, -0.03272424265742302, -0.007301485165953636, 0.0642644539475441, 0.020133666694164276, -0.03022998943924904, -0.4152548313140869, 0.4426458477973938, 0.572102427482605, 0.48204201459884644, 0.5599518418312073, 0.35607314109802246, -0.15530848503112793, -0.2855599820613861, -0.4291068911552429, 8.167274475097656, -0.41680628061294556, 1.5496498346328735, 0.0, -0.38999998569488525, 0.47999998927116394, -0.5092566013336182, 0.1394539624452591, -0.8450728058815002, 0.08403756469488144, 0.7148587703704834, -0.20745518803596497, 0.02269972488284111, -0.6674008369445801, -0.018683429807424545, -0.4369267523288727, 0.4251434803009033, -0.012499984353780746, -0.3206879496574402, 0.9431424736976624, -0.08651752024888992, -0.12952430546283722, -0.015120724216103554, -0.661376416683197, 15.924561500549316, 1.9015414714813232, 0.5069281458854675, -0.0002774221356958151, -0.43863916397094727, 0.41673287749290466, -0.003033362329006195, -0.37177443504333496, 0.9265127182006836, -0.05786743387579918, -0.13315200805664062, -0.0069803884252905846, -0.6581533551216125, 16.50938606262207, 1.1279093027114868, 0.3083150088787079, 0.010993327014148235, -0.43165016174316406, 0.47575458884239197, 0.013347875326871872, -0.3965643048286438, 0.916458249092102, 0.05160346254706383, -0.33710023760795593, -0.17364805936813354, -0.58636474609375, 6.594163417816162, 0.9709569811820984, -3.52592396736145, 0.03428642451763153, -0.4392203688621521, 0.4780251681804657, -0.22518470883369446, -0.2057168185710907, 0.9450891613960266, -0.11738353222608566, -0.36745572090148926, -0.03266255930066109, -0.02880951017141342, 1.6876884698867798, -1.365236759185791, -0.665838897228241, -0.09024019539356232, -0.3553200364112854, 0.4811394214630127, -0.3039720356464386, -0.619101881980896, 0.6065028309822083, 0.395560622215271, 0.003420982277020812, -0.07534325867891312, 0.16261717677116394, 6.347867012023926, 7.322183132171631, -0.2633618414402008, 0.319284051656723, -0.8025190234184265, 0.659724235534668, 0.030905310064554214, 0.0006587653188034892, -0.0009896898409351707, 0.38551586866378784, -0.4310823976993561, 0.6971797943115234, 0.009600807912647724, 0.0009883262682706118, -0.0015793443890288472, 0.31770914793014526, 0.8782547116279602, 0.06749856472015381, -0.010113157331943512, 0.001117110950872302, 0.0009302601683884859, 0.2527776062488556, -0.0721987932920456, 0.4599992036819458, -0.0023353216238319874, -0.0006284040864557028, -0.0026607734616845846, 0.8481246829032898, 0.2221803367137909, 0.12378048896789551, -0.001221020007506013, 0.00656367652118206, 0.01026919949799776, 1.0, -1.0, -0.9580506682395935, -1.0, -0.8778473138809204, -0.3736051023006439, -0.8922914862632751, -1.0, 1.0, -0.23528572916984558, -1.0, 1.0, -1.0, -0.3514108657836914, -0.8323536515235901, 0.49204203486442566, -0.24645081162452698, 0.7046326994895935, 1.0, 1.0]
[0.5367464423179626, -0.7955970168113708, -0.4664035737514496, -0.8701595067977905, -0.33546921610832214, -0.07458419352769852, -0.30874356627464294, -0.9694930911064148, -0.41328054666519165, -0.11743632704019547, 0.47097069025039673, 0.27301400899887085, -0.9480536580085754, -0.7540881633758545, 0.5738624930381775, -0.8390743732452393, -0.7110499739646912, -0.4397052824497223, -0.22212135791778564, -0.09596017003059387, -0.49209702014923096, 0.5939540863037109, 0.9829428195953369, 0.7214488387107849, 0.19835655391216278, -0.3826613128185272, -0.11269869655370712, -0.12641985714435577, 0.2766602039337158, -0.3956366181373596, -0.15944962203502655, 0.049002755433321, -0.4416961669921875, -0.983925998210907, 0.4193800985813141, -0.42683735489845276, -0.10058114677667618, -0.11509659141302109, 0.3396119177341461, -0.12549959123134613, 1.181102991104126, -0.8330117464065552, -0.2733120918273926, 2.007986545562744, 0.5075379014015198, -0.029528144747018814, 0.032267216593027115, 0.47926005721092224, -1.5628602504730225, 0.8717248439788818, -0.060970090329647064, 0.028643906116485596, 0.09445417672395706, 0.08703543990850449, -0.0609489306807518, 0.09669622778892517, 0.08958972990512848, 0.0630132406949997, -0.06134819611907005, 0.1289927363395691, 0.05390404909849167, 0.019083211198449135, -0.03594338148832321, -0.06746787577867508, 0.08937479555606842, 0.0381750650703907, 0.01157089602202177, 0.00807767640799284, 0.061748553067445755, 0.018334953114390373, -0.02418423444032669, -0.013499094173312187, -0.03161519765853882, -0.4211662709712982, 0.4348730742931366, 0.6069691181182861, 0.3783300220966339, 0.6828214526176453, 0.14902931451797485, -0.21985141932964325, -0.19812096655368805, -0.2708953619003296, 14.478205680847168, 2.6608126163482666, 1.5081658363342285, 0.0, -0.38999998569488525, 0.47999998927116394, -0.5092566013336182, 0.1394539624452591, -0.8450728058815002, 0.08403756469488144, 0.5418409109115601, -0.1541905701160431, -0.09398799389600754, -0.8208532333374023, -0.021444328129291534, -0.43403634428977966, 0.4192824363708496, -0.013324512168765068, -0.38660526275634766, 0.9184402227401733, -0.08262161165475845, -0.14848904311656952, 0.14985747635364532, -0.31721580028533936, 3.1285250186920166, -0.16285501420497894, -0.38547512888908386, -0.00275947293266654, -0.43587517738342285, 0.4103124737739563, -0.003621063893660903, -0.4652799367904663, 0.8833743333816528, -0.0561361201107502, -0.12069666385650635, 0.09482917934656143, -0.42879050970077515, 8.756244659423828, 0.21498048305511475, 0.09944088757038116, 0.005958372727036476, -0.4325720965862274, 0.46814441680908203, 0.011072138324379921, -0.4395451247692108, 0.8946750164031982, 0.07895661145448685, -0.3054480254650116, -0.06179720163345337, -0.4725903570652008, 5.07822322845459, 0.7174031138420105, -3.0413081645965576, 0.02772160805761814, -0.43904322385787964, 0.4792190194129944, -0.2384123057126999, -0.20882348716259003, 0.9421725869178772, -0.10891809314489365, -0.427668958902359, 0.03990783542394638, 0.10658983141183853, 0.3253726065158844, -1.315993309020996, -1.3925247192382812, -0.08960568904876709, -0.357278972864151, 0.4831070303916931, -0.23803271353244781, -0.6255271434783936, 0.5913626551628113, 0.4498292803764343, 0.10575242340564728, -0.18744133412837982, 0.15175925195217133, 6.676712989807129, 8.030041694641113, 1.1558361053466797, -0.3880622386932373, -1.3996011018753052, 0.619284451007843, 0.06604142487049103, -0.0016086199320852757, 0.001588358893059194, -0.38402092456817627, -1.143323540687561, 0.691681444644928, 0.04586339369416237, -0.0016620935639366508, 0.0011798909399658442, -0.4307613968849182, -0.7436948418617249, 0.22419841587543488, 0.007927789352834225, -0.0018895731773227453, 0.003130834549665451, -0.349438339471817, -0.3681669235229492, 0.3634990453720093, 0.006048391107469797, -0.0010625134455040097, 0.0005109051126055419, -0.5709206461906433, -0.2672605514526367, -0.10060132294893265, 0.000811421254184097, -0.004364366643130779, -7.39787210477516e-05, 0.8035507798194885, -1.0, -1.0, -0.9224522113800049, 0.10746432840824127, -0.39186108112335205, -0.8308860063552856, -0.5190788507461548, 1.0, 0.08240301162004471, -1.0, 1.0, -1.0, 0.09466518461704254, -0.9413193464279175, 0.8464086055755615, -0.08282539248466492, 0.5089111328125, 1.0, 1.0]
[0.595255970954895, -0.8353111743927002, -0.49488192796707153, -0.8957167863845825, -0.216877281665802, -0.07030616700649261, -0.3614508807659149, -0.9521628618240356, -0.3359242081642151, -0.15488466620445251, 0.5588529109954834, 0.20681287348270416, -0.9572888612747192, -0.7656494975090027, 0.6358880400657654, -0.8658927083015442, -0.5759062170982361, -0.5163466334342957, -0.2508021593093872, -0.0008282597409561276, -0.4727180600166321, 0.6078954339027405, 0.9846888780593872, 0.7678043842315674, 0.22669772803783417, -0.20413349568843842, -0.1372459977865219, -0.14384596049785614, 1.5567349195480347, 0.32251501083374023, -0.2825731337070465, 0.26608559489250183, 1.3494452238082886, 0.13241632282733917, 0.34301260113716125, -0.8295400738716125, -0.0738687515258789, -0.09993181377649307, 0.26969265937805176, -0.09895633906126022, 1.2893017530441284, -0.6380365490913391, -0.2950419783592224, 0.7225583791732788, -0.07490138709545135, 0.056385088711977005, 0.0014941461849957705, 0.4015105664730072, 0.8934063911437988, 2.491525411605835, 0.03635864332318306, 0.359252393245697, 0.2232455611228943, 0.09862002730369568, -0.027076618745923042, 0.22169354557991028, 0.21457988023757935, 0.11486773192882538, 0.00384525372646749, -0.13646440207958221, -0.060798875987529755, -0.022995691746473312, 0.1923295557498932, -0.04385334253311157, 0.1030978187918663, 0.049100443720817566, 0.013173646293580532, -0.23741401731967926, -0.22531858086585999, -0.11624682694673538, 0.12694162130355835, 0.038134388625621796, -0.03191029280424118, -0.42379364371299744, 0.4323418438434601, 0.6541974544525146, 0.30457213521003723, 0.6917097568511963, -0.028265034779906273, 0.04103601723909378, -0.1601327657699585, -0.005551062058657408, 2.4741618633270264, 2.0988683700561523, 0.9675275087356567, 0.0, -0.38999998569488525, 0.47999998927116394, -0.5092566013336182, 0.1394539624452591, -0.8450728058815002, 0.08403756469488144, 0.3944302499294281, -0.171049565076828, -0.21209216117858887, -0.8776010274887085, -0.024227803573012352, -0.43128502368927, 0.41699671745300293, -0.02182687073945999, -0.3618663549423218, 0.9286953210830688, -0.07810994982719421, -0.20286467671394348, 0.21766169369220734, 0.08920235931873322, -7.544319152832031, -1.5620286464691162, -1.3926522731781006, -0.004942072555422783, -0.43425253033638, 0.40934330224990845, -0.010830044746398926, -0.45548713207244873, 0.8883569836616516, -0.05688553676009178, -0.1406593769788742, 0.11352372914552689, 0.20819677412509918, -7.669564247131348, -1.6256778240203857, -0.550926685333252, 0.000966546474955976, -0.43330374360084534, 0.4614019989967346, 0.0064343796111643314, -0.47958678007125854, 0.8714702725410461, 0.10244254022836685, -0.35352760553359985, -0.10999157279729843, -0.48884549736976624, 5.949516296386719, 0.1152186393737793, -3.087014675140381, 0.020379774272441864, -0.43798473477363586, 0.4825986623764038, -0.25064393877983093, -0.19661468267440796, 0.9429095983505249, -0.09716790914535522, -0.4838697612285614, 0.11952175199985504, 0.2601080536842346, -1.5304925441741943, -1.15276038646698, -2.2483792304992676, -0.0896853655576706, -0.3579537272453308, 0.48282739520072937, -0.20158134400844574, -0.628325343132019, 0.5744508504867554, 0.4843328893184662, -0.06158710643649101, 0.04031182825565338, -0.07326749712228775, 3.039896249771118, 2.4962151050567627, -1.4990025758743286, 0.1914801001548767, -2.2870092391967773, 2.1898183822631836, 0.06431488692760468, -2.669054265425075e-05, -0.0014744390500709414, -0.12049905955791473, -2.520601987838745, 1.6244597434997559, 0.07705870270729065, -0.0012912920210510492, 0.0029072051402181387, 0.1835421919822693, 0.8278480768203735, 0.29352909326553345, -0.010577971115708351, 0.001116804894991219, 0.0011656528804451227, -0.23020856082439423, -0.3927335739135742, 0.6702897548675537, 0.007282642647624016, -0.0018811161862686276, 0.0003775747027248144, 1.6901733875274658, 1.8321621417999268, 0.11662404984235764, -0.016371050849556923, 0.011091619729995728, 0.023563725873827934, 1.0, -0.796677827835083, -1.0, -0.8658246397972107, 1.0, -0.7368318438529968, -0.5824827551841736, 0.8533521294593811, 1.0, -0.46560540795326233, -1.0, 1.0, -1.0, 0.2359371930360794, -0.8504501581192017, 0.1310160607099533, -0.7086348533630371, 0.7165094017982483, 1.0, 1.0]
[0.6486736536026001, -0.8306963443756104, -0.5194007754325867, -0.9123538732528687, -0.05064680054783821, -0.02698826976120472, -0.4034419357776642, -0.9507081508636475, -0.15706191956996918, -0.11365038901567459, 0.5996090769767761, 0.10384411364793777, -0.965417742729187, -0.7756097912788391, 0.6539307236671448, -0.8829445838928223, -0.49183857440948486, -0.5544634461402893, -0.291526734828949, -0.05446907877922058, -0.5186894536018372, 0.6315684914588928, 0.9815816879272461, 0.8059050440788269, 0.17641471326351166, 0.1932220309972763, 0.03384816274046898, -0.02341308258473873, 1.4961241483688354, 0.3693835139274597, -0.0790022760629654, -0.19326671957969666, 1.813381552696228, 0.5341449975967407, -0.009659108705818653, -0.9640486836433411, -0.07800900191068649, -0.09073128551244736, -0.026457101106643677, -0.058285411447286606, 0.5008165836334229, -0.20495271682739258, -0.38865500688552856, -1.4052529335021973, -0.47898098826408386, 0.050612129271030426, -0.01608842983841896, 0.3301025331020355, -2.0410947799682617, 4.595973491668701, 0.041398368775844574, 0.3733941316604614, 0.07892858237028122, 0.006577624008059502, -0.03725629672408104, 0.11986497044563293, 0.03404039517045021, 0.015147802419960499, -0.12315639108419418, 0.26313260197639465, 0.09670256078243256, 0.031617991626262665, 0.07074128836393356, -0.1917208880186081, -0.16667351126670837, -0.048337746411561966, -0.015270950272679329, -0.3028797209262848, -0.056696534156799316, -0.0429106205701828, 0.14346760511398315, 0.04667132347822189, -0.033381156623363495, -0.42398273944854736, 0.4350773096084595, 0.7053429484367371, 0.2825702130794525, 0.6471002697944641, -0.0625019371509552, -0.2127893716096878, 0.1361013948917389, 0.2885899543762207, -3.035008192062378, -0.06359436362981796, -1.206510305404663, 0.0, -0.38999998569488525, 0.47999998927116394, -0.5092566013336182, 0.1394539624452591, -0.8450728058815002, 0.08403756469488144, 0.35647884011268616, -0.23406343162059784, -0.24070152640342712, -0.871894359588623, -0.026966886594891548, -0.43024927377700806, 0.41981038451194763, -0.03125317394733429, -0.288857102394104, 0.9541246891021729, -0.07232465595006943, -0.21906724572181702, 0.12085019052028656, 0.39318645000457764, -10.060367584228516, -0.9901428818702698, -1.9765056371688843, -0.007269247900694609, -0.43420708179473877, 0.4133795201778412, -0.02032686583697796, -0.37494516372680664, 0.9251832962036133, -0.05512501671910286, -0.17844243347644806, 0.10200808942317963, 0.4295167326927185, -11.672389030456543, -1.1175477504730225, -1.4100064039230347, -0.003583050798624754, -0.4349869191646576, 0.4563945531845093, -0.002580295316874981, -0.5189252495765686, 0.8467951416969299, 0.11682385206222534, -0.24575811624526978, -0.1417873203754425, -0.25405898690223694, 4.542961120605469, -1.1562938690185547, -1.5150779485702515, 0.015220417641103268, -0.4370934069156647, 0.4867526590824127, -0.25445085763931274, -0.18787707388401031, 0.9442518949508667, -0.09135311096906662, -0.21261268854141235, 0.045735906809568405, 0.26291605830192566, -0.6412652730941772, 0.10616633296012878, -0.33341094851493835, -0.09261558204889297, -0.3546687662601471, 0.48116883635520935, -0.24427075684070587, -0.6196394562721252, 0.562941312789917, 0.4893624782562256, -0.28252020478248596, 0.37366679310798645, -0.13282591104507446, -4.96775484085083, -4.859975814819336, -5.964306354522705, 0.12289777398109436, -0.2589535415172577, 1.865907907485962, 0.0026933234184980392, -0.0024787629954516888, -0.007626610808074474, -0.2572026252746582, -0.32977673411369324, 0.790747880935669, 0.01020115241408348, -0.0021558268927037716, -0.0019259547116234899, -0.7710942029953003, -1.3667969703674316, 0.9066920280456543, 0.011116035282611847, -0.00444047711789608, 0.010515664704144001, -1.2523149251937866, 0.674140214920044, -0.26657357811927795, -0.005158847197890282, -0.006907363422214985, 0.004205279052257538, 1.8827965259552002, 0.9928934574127197, 0.08524651825428009, -0.015436294488608837, 0.01654658280313015, 0.03925862908363342, 1.0, -0.40203407406806946, -1.0, -0.9432619214057922, 1.0, -1.0, -0.6245959997177124, 1.0, 1.0, -0.9041830897331238, -1.0, 0.4734637141227722, -1.0, -0.34198611974716187, -0.6046825647354126, -1.0, -1.0, 0.7043009996414185, 1.0, 1.0]
[0.6913703083992004, -0.8231024146080017, -0.5027313828468323, -0.912893533706665, 0.11233112215995789, 0.028493449091911316, -0.36501777172088623, -0.9655262231826782, 0.030880291014909744, -0.049914244562387466, 0.5274993181228638, 0.03939931467175484, -0.9728278517723083, -0.7847719788551331, 0.5746061205863953, -0.8995078802108765, -0.44363847374916077, -0.507999837398529, -0.3059817850589752, -0.18525846302509308, -0.5862182378768921, 0.6614524126052856, 0.9822850227355957, 0.8383939862251282, 0.15223707258701324, -0.03604608774185181, 0.13141798973083496, 0.007318773772567511, 1.521297812461853, 0.8162667155265808, 0.16320519149303436, -0.12885604798793793, 1.6940901279449463, 0.7450904250144958, -0.4814551770687103, -0.3552447557449341, -0.062349896878004074, -0.0805463120341301, -0.5662562251091003, -0.07318292558193207, 0.40778881311416626, 0.7599259614944458, 0.10158834606409073, -1.718420386314392, -0.4982869625091553, 0.08039184659719467, 0.014900817535817623, 0.284014493227005, -0.5720384120941162, -2.555429458618164, 0.010614673607051373, -0.0542801171541214, -0.017821339890360832, 0.021991923451423645, -0.0690537616610527, -0.20555388927459717, -0.0878024473786354, -0.014142867177724838, -0.10401233285665512, 0.06764761358499527, 0.04055225849151611, 0.017945215106010437, -0.5485767722129822, 0.022417696192860603, -0.35164201259613037, -0.056248702108860016, 0.010332945734262466, -0.014605346135795116, -0.0733763724565506, -0.037722062319517136, -0.00030894920928403735, -0.004581094719469547, -0.0365874320268631, -0.4207301139831543, 0.4396249055862427, 0.7544331550598145, 0.2907501459121704, 0.588417649269104, 0.00770884845405817, -0.1362643539905548, 0.23995868861675262, 0.2809044420719147, -0.613929033279419, 1.9031308889389038, -1.3130849599838257, 0.0, -0.38999998569488525, 0.47999998927116394, -0.5092566013336182, 0.1394539624452591, -0.8450728058815002, 0.08403756469488144, 0.39508867263793945, -0.3145364820957184, -0.1973113715648651, -0.840261697769165, -0.030064977705478668, -0.42933064699172974, 0.4234319031238556, -0.03737948462367058, -0.20386797189712524, 0.9764294028282166, -0.06021678447723389, -0.2227737158536911, 0.2519809603691101, 0.2220059037208557, -11.406639099121094, -0.8761266469955444, -2.462918281555176, -0.01079191081225872, -0.43362680077552795, 0.4168570041656494, -0.025100255385041237, -0.2852261960506439, 0.9572869539260864, -0.0402185283601284, -0.22129005193710327, 0.22962336242198944, 0.22735650837421417, -11.303186416625977, -0.2481926530599594, -2.238691806793213, -0.005442413501441479, -0.4361819922924042, 0.4533853828907013, -0.01035009790211916, -0.5443395972251892, 0.8315854072570801, 0.10978587716817856, -0.04190611094236374, -0.055363453924655914, -0.20533870160579681, 2.5555758476257324, -1.8311599493026733, 0.989112138748169, 0.013411112129688263, -0.43614888191223145, 0.4882032573223114, -0.2477959394454956, -0.16492006182670593, 0.9510510563850403, -0.0830683559179306, -0.041441887617111206, 0.12821245193481445, 0.0018720431253314018, -3.763040542602539, 1.3127670288085938, -2.3496592044830322, -0.0959971696138382, -0.3497362732887268, 0.47802406549453735, -0.32265862822532654, -0.6041532158851624, 0.550844669342041, 0.4769279360771179, -0.21844907104969025, 0.3918665647506714, -0.3028720021247864, -4.913766384124756, -6.004481315612793, -6.079736709594727, 0.029815269634127617, -0.24607814848423004, -0.5182221531867981, 0.018300749361515045, 0.00041653396328911185, -0.0017560647102072835, -0.4094594717025757, 0.5202815532684326, -1.3210735321044922, -0.006338644772768021, -0.00010991653834935278, 0.004983501508831978, -0.7351189851760864, -0.5248006582260132, -0.3760784864425659, 0.010073205456137657, -0.006450733169913292, 0.007563263643532991, -0.011712996289134026, 0.33059924840927124, -1.4926785230636597, 0.01529193390160799, -0.0047735776752233505, -0.0032364302314817905, -0.17187295854091644, 0.7168201208114624, -0.16196009516716003, -0.003177420934662223, -0.0018311247695237398, -0.0026362906210124493, 0.7965043783187866, -1.0, -1.0, -0.7742523550987244, 1.0, -0.13554884493350983, -0.330990195274353, 1.0, 0.2946218252182007, -1.0, -1.0, -0.44017094373703003, -1.0, -0.2457864135503769, 0.10029499977827072, -1.0, -1.0, 0.828781247138977, 1.0, 1.0]
[0.7235063910484314, -0.8279150724411011, -0.48217999935150146, -0.915565013885498, 0.2602548897266388, 0.1631108671426773, -0.33494603633880615, -0.9980136752128601, 0.18958495557308197, 0.07881426066160202, 0.45446914434432983, 0.003675151849165559, -0.9760008454322815, -0.7923642992973328, 0.4352624714374542, -0.9145364165306091, -0.41433775424957275, -0.405499666929245, -0.28120681643486023, -0.3172539472579956, -0.6519285440444946, 0.6734041571617126, 0.9862791895866394, 0.8600653409957886, 0.08953654021024704, -0.03806601092219353, 0.03375006839632988, -0.08921653032302856, 1.3232077360153198, 1.5746779441833496, 0.2779868543148041, -0.6777552366256714, 0.8714067339897156, 1.2371214628219604, -0.14502720534801483, 0.01828467845916748, 0.12085429579019547, -0.07545726746320724, -0.6898218989372253, -0.05681962892413139, 0.196277916431427, 1.0421005487442017, 0.3105909526348114, -1.5742418766021729, -0.46259328722953796, 0.0006222890806384385, 0.027328504249453545, 0.15562841296195984, -1.8080236911773682, -0.008325251750648022, -0.07512537389993668, -0.009699779562652111, -0.03335881233215332, 0.0051007261499762535, 0.04527409002184868, -0.30034467577934265, -0.2728523313999176, -0.10425449907779694, 0.0460008941590786, 0.3317774832248688, 0.18065153062343597, 0.06820317357778549, -0.14007799327373505, -0.04609508812427521, -0.12475955486297607, -0.03301510959863663, -0.0034482150804251432, 0.05267994478344917, 0.07418432086706161, 0.022526828572154045, -0.043269362300634384, -0.020360104739665985, -0.038499362766742706, -0.4162539541721344, 0.442728191614151, 0.7996708750724792, 0.27281811833381653, 0.5298377871513367, 0.0732710212469101, -0.17581641674041748, 0.28686413168907166, 0.19974637031555176, -0.20949891209602356, 1.1173040866851807, -2.0722997188568115, 0.0, -0.38999998569488525, 0.47999998927116394, -0.5092566013336182, 0.1394539624452591, -0.8450728058815002, 0.08403756469488144, 0.40895527601242065, -0.39324766397476196, -0.14400605857372284, -0.8107861280441284, -0.03256847709417343, -0.42770737409591675, 0.42551159858703613, -0.04268553480505943, -0.09679114818572998, 0.9932522773742676, -0.04753187298774719, -0.12554074823856354, 0.3103993535041809, 0.1330728679895401, -13.733455657958984, -1.1219745874404907, -1.9109375476837158, -0.01337219588458538, -0.43199098110198975, 0.4178088903427124, -0.028008030727505684, -0.18946772813796997, 0.9810964465141296, -0.027699394151568413, -0.16282802820205688, 0.21802034974098206, -0.1100429892539978, -6.906257629394531, 0.5140038728713989, -2.0533978939056396, -0.006327874958515167, -0.436649352312088, 0.4508821368217468, -0.015066747553646564, -0.5611551403999329, 0.8213822245597839, 0.10103949159383774, -0.03926742821931839, 0.011761246249079704, -0.0096864253282547, -0.14146184921264648, -0.34365057945251465, 0.19932597875595093, 0.013790277764201164, -0.43506523966789246, 0.4868966341018677, -0.23585255444049835, -0.12577733397483826, 0.9609951376914978, -0.07100570201873779, 0.08248307555913925, 0.13930583000183105, -0.08132871240377426, -4.647936820983887, 1.5767046213150024, -2.2668917179107666, -0.09822384268045425, -0.3453589379787445, 0.4738181233406067, -0.3947674036026001, -0.5911737680435181, 0.534243643283844, 0.4574451148509979, -0.1070183590054512, 0.29692962765693665, -0.33670559525489807, -4.168190002441406, -5.995882511138916, -4.725500583648682, -0.483633816242218, 0.12127095460891724, -0.2965785562992096, 0.006919791456311941, -0.00014737728633917868, 0.003746305825188756, 0.12686970829963684, 2.2189443111419678, -2.470796585083008, -0.07097034156322479, -0.002054670825600624, -0.0071601481176912785, 0.15602147579193115, -2.3511803150177, 0.24361483752727509, 0.03293547034263611, 0.0036859912797808647, -0.008017470128834248, -0.36146360635757446, 0.26790061593055725, -0.5471677184104919, 0.0005702940979972482, -0.001235739211551845, 0.0012452744413167238, -0.8139771223068237, -0.26826441287994385, -0.22272424399852753, 0.0018696313491091132, -0.007336472161114216, -0.005557178985327482, 0.7432973384857178, -0.8756080865859985, -1.0, -0.8511922955513, 1.0, -0.5434208512306213, -0.6411116719245911, 1.0, 0.8329213857650757, -1.0, -1.0, -0.49423855543136597, -1.0, -0.3467128872871399, 0.25338295102119446, -1.0, -1.0, 0.6244977712631226, 1.0, 0.9283684492111206]
[0.7020106911659241, -0.8416934609413147, -0.4740643799304962, -0.919401228427887, 0.3846074938774109, 0.3295890986919403, -0.3290124535560608, -1.0000202655792236, 0.2446850687265396, 0.18252649903297424, 0.43572351336479187, 0.027982009574770927, -0.9564586877822876, -0.795037031173706, 0.3123217225074768, -0.9237604737281799, -0.38933518528938293, -0.27354487776756287, -0.24219776690006256, -0.433708131313324, -0.7099786996841431, 0.6608664989471436, 0.9930616617202759, 0.8427811861038208, -0.21550920605659485, -0.12239503860473633, -0.02893717586994171, -0.015559986233711243, 1.0545865297317505, 1.4618455171585083, -0.006599040236324072, -0.00023655002587474883, 0.41553279757499695, 0.7507752776145935, -0.03440359607338905, 0.2180471271276474, 0.193668395280838, 0.004692012909799814, -0.5044495463371277, -0.028195848688483238, 0.25144219398498535, 1.3114020824432373, 0.41332241892814636, -1.355100154876709, -0.39780911803245544, -0.04929042607545853, 0.04315626621246338, -0.32476189732551575, -7.184560775756836, -0.3524149954319, -0.25787025690078735, -0.034632910043001175, -0.05177193135023117, -0.030129430815577507, -0.2134450525045395, -0.0375058576464653, -0.020682863891124725, -0.021189849823713303, -0.18274188041687012, -0.0695427805185318, -0.032479263842105865, -0.009599133394658566, -0.22361531853675842, -0.16801513731479645, -0.05349954590201378, 0.0008782738586887717, 0.007266264408826828, 0.11637222766876221, 0.05218183994293213, 0.020164061337709427, -0.1317070573568344, -0.05594063177704811, -0.03800205886363983, -0.4103694260120392, 0.4440605938434601, 0.8318147659301758, 0.21752925217151642, 0.49515488743782043, 0.12484703212976456, 0.0914364904165268, 0.35208284854888916, 0.04426490515470505, -0.285131573677063, 0.5413862466812134, -2.098875045776367, 0.0, -0.38999998569488525, 0.47999998927116394, -0.5092566013336182, 0.1394539624452591, -0.8450728058815002, 0.08403756469488144, 0.386362224817276, -0.4499129354953766, -0.07966162264347076, -0.8012219071388245, -0.03183448687195778, -0.4262129068374634, 0.4263041615486145, -0.047375451773405075, 0.011297252960503101, 0.9978237748146057, -0.04444722831249237, 0.16262421011924744, 0.2519437372684479, 0.014398101717233658, -11.799358367919922, -1.1719955205917358, 0.044612519443035126, -0.01235734112560749, -0.43108901381492615, 0.4175550043582916, -0.02906346693634987, -0.13288389146327972, 0.990302324295044, -0.02825411781668663, 0.18783517181873322, 0.12401694804430008, -0.019146446138620377, -5.201513767242432, -0.31502220034599304, 0.7248334288597107, -0.004572389647364616, -0.43608617782592773, 0.4513304531574249, -0.011395936831831932, -0.5513876080513, 0.8287268877029419, 0.09515052288770676, 0.23586519062519073, 0.04349866136908531, 0.027375759556889534, -1.436834692955017, 0.22790510952472687, 1.3954111337661743, 0.016605932265520096, -0.43314775824546814, 0.4852762520313263, -0.22604183852672577, -0.0735069215297699, 0.9692952632904053, -0.0629962608218193, 0.26311126351356506, 0.24802973866462708, -0.06257729977369308, -6.722623825073242, 0.7139320969581604, -2.040128231048584, -0.0981045514345169, -0.34330564737319946, 0.469316303730011, -0.44360509514808655, -0.5902912020683289, 0.5234048962593079, 0.42522695660591125, 0.09616944193840027, 0.033771637827157974, -0.34675711393356323, -3.1107077598571777, -5.635199069976807, -0.23047445714473724, -1.6461756229400635, 0.7192054390907288, -0.5349441170692444, -0.019341349601745605, 0.0019512424478307366, 0.012524365447461605, -1.407348871231079, 0.404859334230423, -0.26827389001846313, -0.015116958878934383, -0.0029503032565116882, 0.0062652891501784325, -1.4500339031219482, 0.36036211252212524, -0.34084588289260864, -0.0041937013156712055, -0.006192066706717014, 0.000464005337562412, -1.0870052576065063, -0.15051014721393585, -0.3956702649593353, 0.00500861182808876, 0.0016048754332587123, 0.006250415928661823, -2.2664120197296143, -0.3436383306980133, -0.8304130434989929, 0.003538434626534581, -0.01967804506421089, -0.007561300881206989, -0.3069770336151123, -0.9719326496124268, -1.0, -0.9911230206489563, 0.9421859383583069, -0.9876801371574402, -0.591806948184967, 1.0, 0.5400180220603943, -0.3890288770198822, -1.0, -0.28507423400878906, -1.0, -0.23275209963321686, 0.547563910484314, -1.0, -1.0, 0.5222039818763733, 1.0, 0.5581730604171753]
[0.6270900368690491, -0.835439920425415, -0.4795374274253845, -0.921371579170227, 0.38624000549316406, 0.42881327867507935, -0.3353145122528076, -1.0000215768814087, 0.2890474796295166, 0.24587588012218475, 0.46219804883003235, 0.04760313034057617, -0.9379006028175354, -0.7938382029533386, 0.1660427451133728, -0.9285549521446228, -0.3698626458644867, -0.17882652580738068, -0.20313726365566254, -0.5315297842025757, -0.7612947225570679, 0.6155165433883667, 0.9981657862663269, 0.8362423777580261, -0.32971733808517456, 0.15283693373203278, -0.015785429626703262, -0.011165640316903591, -0.53841632604599, 0.306089848279953, -0.004645125474780798, 1.5276453268597834e-05, 0.4012906551361084, 0.4905194938182831, 0.15629610419273376, 0.1841471642255783, 0.16633988916873932, 0.011528335511684418, -0.7778645157814026, -0.0216132253408432, 0.1329987496137619, 0.6410493850708008, 0.2938372790813446, -1.1229270696640015, -0.35174959897994995, -0.14313539862632751, 0.02295565791428089, 0.07607026398181915, -2.3083302974700928, 2.973393440246582, -0.07210129499435425, 0.14386920630931854, -0.08053634315729141, -0.09703168272972107, -0.07127224653959274, 0.15862855315208435, 0.03572709113359451, -0.0021399282850325108, -0.044088684022426605, 0.15174423158168793, 0.049611665308475494, 0.01537448912858963, 0.002775648608803749, -0.13458502292633057, -0.016517888754606247, -0.06704165786504745, -0.034496381878852844, 0.052269913256168365, 0.14426270127296448, 0.060268834233284, -0.06941728293895721, -0.013010445050895214, -0.03466329351067543, -0.4054716229438782, 0.4447062015533447, 0.8560641407966614, 0.107801154255867, 0.48037445545196533, 0.15739545226097107, 0.2907472550868988, 0.2905694544315338, 0.08376476913690567, 1.5761173963546753, -0.33583003282546997, -3.2752931118011475, 0.0, -0.38999998569488525, 0.47999998927116394, -0.5092566013336182, 0.1394539624452591, -0.8450728058815002, 0.08403756469488144, 0.31018608808517456, -0.49169275164604187, -0.0008998182020150125, -0.8136473298072815, -0.027714090421795845, -0.4271068274974823, 0.42675942182540894, -0.050085656344890594, 0.05129864066839218, 0.9958999156951904, -0.05516466870903969, 0.29113277792930603, -0.13931667804718018, 0.04291900247335434, 0.4469199478626251, 0.04227760434150696, 1.8283801078796387, -0.008183436468243599, -0.4312571883201599, 0.4188902676105499, -0.029581928625702858, -0.08937889337539673, 0.9947652220726013, -0.03972942754626274, 0.28300338983535767, 0.026223942637443542, 0.16797174513339996, -5.201747417449951, -0.31355878710746765, 1.374074101448059, -0.0005864534759894013, -0.43589723110198975, 0.45330679416656494, -0.0035537388175725937, -0.5368320345878601, 0.8388608694076538, 0.09006154537200928, 0.29085472226142883, 0.009389704093337059, 0.2323153018951416, -2.5330705642700195, 0.7469623684883118, 1.1694145202636719, 0.023264529183506966, -0.4314308762550354, 0.4839336574077606, -0.21146397292613983, -0.036360964179039, 0.9741472005844116, -0.07069706171751022, 0.5131986141204834, 0.11866997927427292, -0.052189480513334274, -3.3373470306396484, 1.8964266777038574, 1.3490350246429443, -0.09592972695827484, -0.3439285457134247, 0.46569132804870605, -0.48190340399742126, -0.5915025472640991, 0.5159466862678528, 0.38947755098342896, 0.17643384635448456, -0.090153269469738, -0.24482347071170807, -3.310718536376953, -5.141520023345947, -0.8527095317840576, -0.5073437690734863, 1.960278034210205, 0.08729633688926697, -0.06762752681970596, -0.0003550790133886039, 0.0036303438246250153, -0.48535439372062683, 0.2672789692878723, 0.9578090906143188, 0.001869256841018796, -0.0014924280112609267, 0.002427436411380768, -0.36389708518981934, -0.746364951133728, 0.5133382081985474, 0.004179017152637243, -0.0007141446694731712, 2.5795470719458535e-05, -1.014811635017395, 0.8317153453826904, -0.18825680017471313, -0.022020652890205383, -0.0040542916394770145, 0.005710942670702934, -0.8957711458206177, -0.9069198966026306, -0.2773762047290802, 0.004237733781337738, 0.0013218889944255352, -0.00034373035305179656, -0.18102866411209106, -0.5316492915153503, -1.0, -1.0, -0.22215647995471954, -1.0, -0.5926488041877747, 1.0, 1.0, -0.3527604639530182, -1.0, -0.9082261919975281, -1.0, -0.3283326029777527, 0.07323410362005234, -1.0, -1.0, 0.26160749793052673, 1.0, 0.9476966857910156]
[0.49953192472457886, -0.7880538702011108, -0.5033572316169739, -0.925803542137146, 0.24278569221496582, 0.41522645950317383, -0.3739079236984253, -0.9871989488601685, 0.3454074263572693, 0.3131195604801178, 0.5241408348083496, 0.09346456080675125, -0.9354925155639648, -0.7928547263145447, -0.0005864793201908469, -0.9306672215461731, -0.35885903239250183, -0.1455002874135971, -0.18259099125862122, -0.6127957701683044, -0.8044981956481934, 0.506196916103363, 0.9999989867210388, 0.854408860206604, -0.5920059084892273, 0.456697553396225, -0.1898001730442047, -0.07479588687419891, -1.7392820119857788, -0.4070556163787842, -0.25636377930641174, 0.2219390720129013, 0.5974990725517273, 0.7089905142784119, 0.3071373403072357, 0.5527536273002625, -0.05029979348182678, -0.0075290510430932045, -0.7665061354637146, -0.007947596721351147, 0.08296333253383636, 0.1316339373588562, 0.11029286682605743, -0.9335854649543762, -0.2887091338634491, -0.3338766098022461, 1.4461246792052407e-05, 0.21355672180652618, -5.679137706756592, 3.332185983657837, -0.2126099318265915, 0.13830149173736572, -0.0591311976313591, -0.05463011562824249, -0.24628639221191406, 0.23314805328845978, 0.06587527692317963, 0.017859170213341713, -0.12909354269504547, 0.286943256855011, 0.09368214756250381, 0.028832390904426575, 0.0771089568734169, -0.2035048007965088, 0.06977350264787674, -0.020742667838931084, -0.018283577635884285, 0.06163032725453377, 0.10180476307868958, 0.03491319715976715, -0.12185599654912949, -0.036953628063201904, -0.027450595051050186, -0.40062421560287476, 0.44706135988235474, 0.8415849208831787, 0.06489910930395126, 0.4835907518863678, 0.2316523641347885, 0.4917101263999939, 0.2641986608505249, 0.2084680199623108, -1.8720868825912476, -0.6034328937530518, -1.2430617809295654, 0.0, -0.38999998569488525, 0.47999998927116394, -0.5092566013336182, 0.1394539624452591, -0.8450728058815002, 0.08403756469488144, 0.31097832322120667, -0.491779625415802, 0.08599027991294861, -0.808734118938446, -0.019874082878232002, -0.4310554265975952, 0.42806538939476013, -0.04762767255306244, 0.0011495380895212293, 0.995465099811554, -0.0823364406824112, 0.6218385100364685, -0.4266710877418518, 0.1154537945985794, 8.64808464050293, 1.1479464769363403, 4.795619964599609, -0.0004962137900292873, -0.43293532729148865, 0.4245365262031555, -0.03387586399912834, -0.022586839273571968, 0.9971019625663757, -0.06426489353179932, 0.5656078457832336, 0.013693070039153099, 0.4719993472099304, -9.85140609741211, -1.6223750114440918, 3.5043692588806152, 0.005990632809698582, -0.43591606616973877, 0.4599621593952179, 0.0077855270355939865, -0.5079655051231384, 0.8572540879249573, 0.08381996303796768, 0.5239641666412354, 0.03686515986919403, 0.5814127326011658, -4.733104228973389, 1.155062198638916, 1.916040062904358, 0.03373977914452553, -0.4300796687602997, 0.48431968688964844, -0.19122755527496338, -0.02491331472992897, 0.9762892127037048, -0.09833896160125732, 0.7618318796157837, 0.0921861082315445, 0.10537756234407425, -1.629336953163147, 2.3073620796203613, 4.118184566497803, -0.0917915627360344, -0.34738990664482117, 0.4635915756225586, -0.5155983567237854, -0.5933586955070496, 0.5101447105407715, 0.34905004501342773, 0.33601585030555725, -0.3171214163303375, -0.15329858660697937, -3.4724202156066895, -5.374081134796143, 0.739991307258606, -1.3990166187286377, 1.4752660989761353, 0.19318105280399323, -0.03250112384557724, 0.0026288372464478016, 0.01130770705640316, -1.5238152742385864, 0.17750798165798187, 1.3890575170516968, 0.02052178792655468, 0.0011317223543301225, 0.012349332682788372, -1.0716843605041504, -1.3873896598815918, 0.5824727416038513, 0.008021549321711063, -0.003698869841173291, 0.0012652280274778605, -1.4356210231781006, 0.4276038706302643, 0.30380940437316895, -0.01186951994895935, -0.00037980638444423676, 0.00866660475730896, -1.8390765190124512, -0.5754607915878296, -0.7292241454124451, 0.0019140124786645174, -0.007528410758823156, -0.0005511983763426542, -1.0, -0.1899629831314087, -1.0, -1.0, -1.0, -1.0, -0.6968482136726379, 0.7761772274971008, 1.0, 0.48828616738319397, -1.0, -0.9188273549079895, -1.0, -0.3169724941253662, -0.1585015058517456, -1.0, -1.0, -0.35261455178260803, 1.0, 1.0]
[0.34695640206336975, -0.7051972150802612, -0.5587774515151978, -0.9358170032501221, 0.05141448974609375, 0.3588050305843353, -0.4535583257675171, -0.9642398953437805, 0.3894842267036438, 0.38338717818260193, 0.5972447395324707, 0.13909174501895905, -0.9437260627746582, -0.794819176197052, -0.1609908491373062, -0.9367768168449402, -0.360644668340683, -0.2050732970237732, -0.1867520958185196, -0.6808809041976929, -0.841158390045166, 0.3221453130245209, 1.0000009536743164, 0.8772507905960083, -0.5488311648368835, 0.6678289175033569, -0.26661235094070435, -0.10767507553100586, -1.7793312072753906, -0.5862329602241516, -0.36351191997528076, 0.24183852970600128, 0.30489471554756165, 0.5500339269638062, 0.2944594919681549, 0.3574836850166321, -0.08799883723258972, -0.02565976418554783, -0.7323917746543884, -0.03798840939998627, -0.07545580714941025, -0.9102334976196289, -0.1863284409046173, -0.8089008331298828, -0.26547718048095703, -0.5189642906188965, -7.511026342399418e-05, 0.20794668793678284, 2.0846071243286133, 1.9908398389816284, 0.03982238844037056, 0.10834166407585144, 0.034807100892066956, 0.00334617355838418, 0.03218609467148781, 0.1269940733909607, 0.009108806028962135, -0.01532103680074215, 0.04175684601068497, 0.032190218567848206, 0.006305545102804899, 0.0002408689761068672, 0.3018368184566498, 0.01787867210805416, 0.09282737970352173, -0.05110517889261246, -0.03802056983113289, -0.01322074793279171, 0.06023838371038437, 0.013776426203548908, 0.009379127994179726, 0.000502141541801393, -0.01913614571094513, -0.39898762106895447, 0.4513411819934845, 0.7953896522521973, 0.17054980993270874, 0.4559430181980133, 0.36108726263046265, 0.5516569018363953, -0.15413379669189453, 0.3359949290752411, -4.95756721496582, 1.7416496276855469, 2.3102195262908936, 0.0, -0.38999998569488525, 0.47999998927116394, -0.5092566013336182, 0.1394539624452591, -0.8450728058815002, 0.08403756469488144, 0.4584387540817261, -0.4759926199913025, 0.145687535405159, -0.7362337112426758, -0.00946196261793375, -0.4358239769935608, 0.43128618597984314, -0.03970007970929146, -0.07600739598274231, 0.9890466928482056, -0.12013892829418182, 0.6674069762229919, -0.40146398544311523, 0.22933126986026764, 8.68757152557373, 1.9831242561340332, 5.096229076385498, 0.009537707082927227, -0.43520113825798035, 0.43356525897979736, -0.04508145526051521, 0.05452313274145126, 0.9926027655601501, -0.09866411238908768, 0.5530564785003662, -0.008902138099074364, 0.5791245102882385, -8.624882698059082, -2.2667667865753174, 3.8785452842712402, 0.01389268971979618, -0.4357658326625824, 0.4694547653198242, 0.018218640238046646, -0.47373202443122864, 0.8772493600845337, 0.07536246627569199, 0.4774878919124603, 0.056292783468961716, 0.657210111618042, -4.588804244995117, 0.6567362546920776, 1.5966578722000122, 0.04628995433449745, -0.42930957674980164, 0.4861186742782593, -0.1648276150226593, -0.051812544465065, 0.9748199582099915, -0.1409723460674286, 0.8133268356323242, -0.05246029421687126, 0.1363130807876587, 3.8475141525268555, 3.8750507831573486, 6.447477340698242, -0.08629736304283142, -0.352557510137558, 0.4627741873264313, -0.5431801676750183, -0.5997210144996643, 0.5049567222595215, 0.3005141019821167, 0.37499284744262695, -0.35402294993400574, -0.09864640235900879, -3.3570454120635986, -5.948927402496338, 1.5022733211517334, 0.21083109080791473, 0.013845248147845268, 0.6385126709938049, 0.0035538524389266968, 0.0003728441952262074, 0.00010341792949475348, 0.2539871335029602, 0.44513046741485596, 0.5586337447166443, -0.008644078858196735, 0.0002907000598497689, -0.0003834265226032585, 0.38325417041778564, -0.085905060172081, 0.37389951944351196, -0.0010477066971361637, 0.001965130213648081, 0.00013717888214159757, 0.14307750761508942, 0.8314456939697266, 0.33494096994400024, -0.025548886507749557, 0.00038592994678765535, 6.0750593547709286e-05, 0.06320957839488983, -0.3017542362213135, 0.13861989974975586, -0.0010591171449050307, -0.0005092121427878737, 0.0010608667507767677, -0.5120784640312195, -0.03612438216805458, -1.0, -1.0, -1.0, -1.0, -0.794569194316864, 0.5232456922531128, 1.0, 0.32833823561668396, -1.0, -1.0, -1.0, -0.4383062720298767, -0.9294644594192505, -1.0, -1.0, -0.9369381070137024, 1.0, 1.0]
[0.22064387798309326, -0.6076440215110779, -0.6037488579750061, -0.945410430431366, -0.12604306638240814, 0.26934197545051575, -0.5148171186447144, -0.9669685363769531, 0.43805649876594543, 0.4297209680080414, 0.6382156014442444, 0.1379021555185318, -0.943087100982666, -0.7974228262901306, -0.3047107756137848, -0.9402936697006226, -0.38591840863227844, -0.31677088141441345, -0.21699072420597076, -0.7376376390457153, -0.8730491399765015, 0.11338243633508682, 1.000001072883606, 0.8977000117301941, -0.41819339990615845, 0.6955931186676025, -0.14546366035938263, -0.08915267139673233, -1.5647081136703491, -1.273844838142395, -0.19038410484790802, -0.17267270386219025, 0.5442788004875183, 0.4528813064098358, 0.09919228404760361, -0.1799323856830597, 0.041406985372304916, -0.011271022260189056, -0.6299418210983276, -0.0019065722590312362, -0.3187265992164612, -1.095059871673584, -0.34093236923217773, -0.6417187452316284, -0.20763282477855682, -0.5084475874900818, 0.002047605812549591, 0.17776036262512207, 3.667327404022217, -0.17358146607875824, 0.12629002332687378, -0.0015708773862570524, 0.029177330434322357, -0.025131285190582275, 0.11841117590665817, -0.06327773630619049, 0.003255158429965377, 0.008850989863276482, 0.06071149930357933, -0.1998373568058014, -0.07943952083587646, -0.02687748521566391, 0.2219383418560028, 0.11132754385471344, 0.026155874133110046, -0.006822789087891579, -0.008272845298051834, 0.0028619524091482162, 0.07388454675674438, 0.04831214249134064, 0.049195609986782074, 0.012401159852743149, -0.012370999902486801, -0.4015099108219147, 0.4564662277698517, 0.757458508014679, 0.24503646790981293, 0.4454526901245117, 0.40961647033691406, 0.2929176688194275, -0.14865966141223907, 0.295146107673645, -0.38212257623672485, -0.5355345606803894, 0.3714987635612488, 0.0, -0.38999998569488525, 0.47999998927116394, -0.5092566013336182, 0.1394539624452591, -0.8450728058815002, 0.08403756469488144, 0.5414485931396484, -0.44978824257850647, 0.15317347645759583, -0.6935862302780151, -0.0004082777304574847, -0.43988731503486633, 0.436104953289032, -0.02402212843298912, -0.15475192666053772, 0.9759555459022522, -0.1516096591949463, 0.5531168580055237, -0.3617895841598511, 0.2602570950984955, 10.535621643066406, 3.50957989692688, 4.129363536834717, 0.017909875139594078, -0.4368126392364502, 0.4427769184112549, -0.05591202154755592, 0.11776385456323624, 0.9833562970161438, -0.12655355036258698, 0.39861348271369934, 0.03736308962106705, 0.4913843870162964, -7.377891540527344, -1.8699229955673218, 2.612746000289917, 0.02050469070672989, -0.43597933650016785, 0.47796574234962463, 0.02315937541425228, -0.44872361421585083, 0.8910446763038635, 0.064420685172081, 0.36857888102531433, 0.008093014359474182, 0.49362799525260925, -2.7435755729675293, -0.23468995094299316, 1.56766939163208, 0.05774056538939476, -0.4291149079799652, 0.4876970946788788, -0.1308130919933319, -0.1091274544596672, 0.968452513217926, -0.18187573552131653, 0.7206189632415771, -0.09033733606338501, 0.06925326585769653, 5.976412773132324, 4.958057403564453, 5.839746952056885, -0.08101412653923035, -0.357451856136322, 0.4628678560256958, -0.5657929182052612, -0.6068071722984314, 0.4987696409225464, 0.2507830262184143, 0.3419622480869293, -0.31464463472366333, -0.029554003849625587, -3.0011818408966064, -5.295341491699219, 1.7210854291915894, 0.7323513031005859, 0.05742846056818962, 0.06926698982715607, -0.02426985837519169, 0.0006087094661779702, -0.00473906472325325, 0.7669802904129028, -0.35929474234580994, -0.2173406034708023, 0.003461569081991911, -0.0020453098695725203, -0.005517531652003527, 0.5771942734718323, 1.1081244945526123, -0.1220235601067543, -0.010255617089569569, 0.001823997008614242, 2.6936002541333437e-05, 0.8125476837158203, 0.16820019483566284, 0.13027086853981018, -0.005749842151999474, 0.0021528303623199463, -0.0046266899444162846, 0.6467338800430298, -0.7563332319259644, 0.38820111751556396, 0.00543137826025486, 0.0020534167997539043, -0.0018261063378304243, -0.0710606798529625, -0.06219989433884621, -1.0, -1.0, -1.0, -1.0, -0.830996036529541, 0.9492912292480469, 1.0, -0.47227099537849426, -1.0, -1.0, -0.8968279957771301, -0.6185036897659302, -0.9953991174697876, -1.0, -1.0, -0.9994343519210815, 1.0, 1.0]
[0.08889976143836975, -0.546901524066925, -0.6442171931266785, -0.9506157636642456, -0.2772434651851654, 0.09980040788650513, -0.572370171546936, -0.9723950624465942, 0.3700921833515167, 0.4520512819290161, 0.6814535856246948, 0.19963791966438293, -0.9412304162979126, -0.7978808879852295, -0.34799763560295105, -0.9463880062103271, -0.4246330261230469, -0.3270419239997864, -0.23885110020637512, -0.7837272882461548, -0.8948739767074585, -0.03476704657077789, 0.999995768070221, 0.9149678945541382, -0.5513666272163391, 0.26361456513404846, -0.193189337849617, -0.03679444640874863, -1.308205008506775, -1.7142456769943237, -0.27175015211105347, 0.005082891788333654, -1.2720417976379395, -0.1446148008108139, 0.21870334446430206, 0.9705654382705688, 0.013183987699449062, -0.0003529432287905365, 0.035947561264038086, -0.03413456678390503, -0.3622966706752777, 0.43690648674964905, -0.023802006617188454, -0.5247482657432556, -0.13312974572181702, -0.2896263301372528, -3.0017024982953444e-05, 0.14946503937244415, -2.6831724643707275, -4.521885395050049, -0.0940653383731842, -0.25653424859046936, -0.05233142152428627, -0.012071412988007069, -0.0902419164776802, -0.22581759095191956, -0.17202921211719513, -0.08245678246021271, -0.07321526110172272, 0.08290908485651016, 0.05016661435365677, 0.022351663559675217, -0.11312447488307953, 0.012838838621973991, -0.038080863654613495, 0.10714932531118393, 0.0639416053891182, 0.023877393454313278, -0.1504228264093399, -0.03344186395406723, 0.018268495798110962, 0.003945562522858381, -0.006527209188789129, -0.40390241146087646, 0.460068941116333, 0.7490032911300659, 0.2157648205757141, 0.48808470368385315, 0.39269953966140747, 0.358923077583313, -0.1410398930311203, 0.15576300024986267, 1.2721542119979858, -1.2192003726959229, 0.0365835539996624, 0.0, -0.38999998569488525, 0.47999998927116394, -0.5092566013336182, 0.1394539624452591, -0.8450728058815002, 0.08403756469488144, 0.5133315920829773, -0.42103311419487, 0.15854601562023163, -0.7308112382888794, 0.008830821141600609, -0.44181397557258606, 0.4384523332118988, 0.0007300351280719042, -0.2606514096260071, 0.948394238948822, -0.18057875335216522, 0.7053669095039368, -0.20619110763072968, -0.06859339773654938, 13.06529712677002, 4.633266448974609, 5.0412774085998535, 0.027042578905820847, -0.43793797492980957, 0.4469479024410248, -0.060509562492370605, 0.1142965704202652, 0.9790646433830261, -0.15718568861484528, 0.62613445520401, -0.14121851325035095, 0.10760992765426636, 5.489803314208984, 1.3449666500091553, 4.565005302429199, 0.027758220210671425, -0.43360084295272827, 0.48630690574645996, 0.030386673286557198, -0.40947794914245605, 0.9103222489356995, 0.05213310196995735, 0.520224392414093, 0.30532217025756836, 0.5623399019241333, -6.246907711029053, 0.6098312735557556, 2.238889217376709, 0.06673607230186462, -0.4271930456161499, 0.4897042512893677, -0.11557313799858093, -0.12631286680698395, 0.9625042676925659, -0.2104121297597885, 0.5024412870407104, 0.20152021944522858, 0.14308564364910126, -1.6841601133346558, -0.3929961323738098, 2.742763042449951, -0.07551372051239014, -0.3618241548538208, 0.46273040771484375, -0.5770472288131714, -0.6165056824684143, 0.49240776896476746, 0.21088308095932007, 0.39585790038108826, -0.2967213988304138, -0.07206688076257706, -1.2717981338500977, -3.6630349159240723, 2.371276378631592, -0.5779269933700562, 0.3034394383430481, -1.4354873895645142, -0.00751982256770134, 0.0010010781697928905, 0.0039638495072722435, -0.5553181171417236, 0.7538498640060425, -2.188601493835449, -0.07114902883768082, 0.003288658568635583, 0.0029053501784801483, -0.6689956784248352, -0.6758239269256592, -0.7819104194641113, 0.012214303016662598, -0.0037611674051731825, -0.0006308862939476967, 0.31923454999923706, -1.389087200164795, 0.03444317355751991, 0.04310529679059982, 0.010480201803147793, 0.0010781033197417855, 0.20041711628437042, 0.487668514251709, -0.026568884029984474, 0.004845832008868456, 0.0007388908416032791, -0.010719642043113708, -1.0, -0.5707319378852844, -1.0, -1.0, -1.0, -1.0, -1.0, -0.7718271017074585, 1.0, 1.0, -0.9278125166893005, -0.048680730164051056, -1.0, -0.6213354468345642, 0.21355471014976501, -1.0, -1.0, -0.5666067600250244, 1.0, 1.0]
[-0.06514081358909607, -0.5498754382133484, -0.6776250004768372, -0.9520604014396667, -0.4025905728340149, -0.06881251931190491, -0.6189073920249939, -0.9693856835365295, 0.19243544340133667, 0.4109437167644501, 0.7223200798034668, 0.31228622794151306, -0.9146018624305725, -0.7934371829032898, -0.2741399109363556, -0.9569368362426758, -0.4363064169883728, -0.25931715965270996, -0.22686347365379333, -0.7714737057685852, -0.9110278487205505, -0.14932243525981903, 0.999588668346405, 0.9292301535606384, -0.5960925221443176, -0.20416978001594543, -0.10654737055301666, -0.014769472181797028, -1.0792131423950195, -1.433448076248169, -0.15365426242351532, 0.021723316982388496, -1.8357757329940796, -0.5339235663414001, 0.1384846568107605, 1.0754525661468506, 0.36851853132247925, 0.08850099891424179, 0.5115875601768494, -0.04583240672945976, 0.03713909909129143, 0.7293375730514526, 0.19547244906425476, 0.5123679041862488, -0.1075582504272461, -0.27687591314315796, -0.007478753570467234, 0.12255846709012985, -0.6146353483200073, -4.8055419921875, 0.0168372243642807, -0.2929319143295288, -0.0689307153224945, 1.4521065168082714e-05, 0.02320707216858864, -0.25938844680786133, -0.08251764625310898, -0.023953154683113098, -0.045632775872945786, -0.24846412241458893, -0.06650292128324509, -0.015239778906106949, -0.22207218408584595, 0.06994625180959702, -0.005668843165040016, 0.03735945001244545, 0.024219606071710587, 0.1272989809513092, -0.06170501932501793, -0.019745375961065292, 0.045133985579013824, 0.013771465979516506, -0.00013318052515387535, -0.4065345227718353, 0.4608759880065918, 0.7491039633750916, 0.15640008449554443, 0.5436147451400757, 0.3447684347629547, 0.3794170022010803, -0.15338705480098724, 0.0018047572812065482, 1.8058273792266846, -1.2927967309951782, 0.03949348255991936, 0.0, -0.38999998569488525, 0.47999998927116394, -0.5092566013336182, 0.1394539624452591, -0.8450728058815002, 0.08403756469488144, 0.44650715589523315, -0.3911438286304474, 0.15292520821094513, -0.7900960445404053, 0.018852919340133667, -0.44097399711608887, 0.435757577419281, 0.03022524155676365, -0.36865219473838806, 0.9057286381721497, -0.20697245001792908, 0.6944261193275452, -0.0027865013107657433, -0.4310373365879059, 12.567030906677246, 5.029809951782227, 4.697538375854492, 0.03763959929347038, -0.43775084614753723, 0.44405698776245117, -0.051317840814590454, 0.028613202273845673, 0.9795114994049072, -0.19262650609016418, 0.6995300650596619, -0.11740434169769287, -0.31919974088668823, 11.89307689666748, 4.301816463470459, 4.720693588256836, 0.036465514451265335, -0.4283093214035034, 0.49165135622024536, 0.04250355809926987, -0.35700497031211853, 0.9324826598167419, 0.034883517771959305, 0.5756160020828247, 0.4375779926776886, 0.25875410437583923, -6.6684722900390625, 0.7483408451080322, 3.1408746242523193, 0.07328178733587265, -0.42329835891723633, 0.4920918643474579, -0.12984225153923035, -0.09491491317749023, 0.9599518775939941, -0.22940008342266083, 0.27783775329589844, 0.322372168302536, 0.1271897405385971, -4.274570465087891, -4.021124839782715, 0.9482362866401672, -0.06971906870603561, -0.36547452211380005, 0.4617025554180145, -0.5582619905471802, -0.6430962085723877, 0.48350587487220764, 0.202466681599617, 0.36350294947624207, -0.21434231102466583, -0.09901866316795349, 3.9905102252960205, 0.8492678999900818, 4.133070945739746, 0.07046002149581909, 0.38899457454681396, -1.5697171688079834, 0.005849441513419151, 0.0024426872842013836, -0.0005815243348479271, 0.07513955980539322, -0.24575966596603394, -1.7886221408843994, -0.02763955108821392, 0.0007253075600601733, -0.0025264474097639322, -0.39888766407966614, 0.939410924911499, -1.0994423627853394, -0.0011486157309263945, -0.0036556690465658903, 0.0013029378606006503, 0.6730455160140991, -0.6340665221214294, -0.24908599257469177, 0.014708610251545906, 0.008453881368041039, -0.0019611900206655264, 0.6579148769378662, 0.04494588449597359, 0.25626009702682495, 0.008491208776831627, 0.0032448312267661095, -0.026677969843149185, -1.0, -1.0, -0.8848223090171814, -1.0, -1.0, -0.7540420293807983, -1.0, -1.0, 0.8644564151763916, 0.9500924348831177, -0.6433216333389282, 0.5011178255081177, -1.0, -0.33598417043685913, 0.22919097542762756, -0.3933623731136322, -1.0, -0.7771185040473938, 1.0, 1.0]
[-0.20917046070098877, -0.5917297601699829, -0.6824204325675964, -0.9540922045707703, -0.5066862106323242, -0.20240014791488647, -0.6252418160438538, -0.9698774814605713, 0.0012955189449712634, 0.34868839383125305, 0.7594413757324219, 0.3666931688785553, -0.8735653162002563, -0.7805487513542175, -0.15859177708625793, -0.9688954949378967, -0.40279868245124817, -0.1906607300043106, -0.20431843400001526, -0.7005584239959717, -0.9262877702713013, -0.26934927701950073, 0.9980347752571106, 0.9409199357032776, -0.4918332099914551, -0.35739707946777344, 0.020225251093506813, -0.021573564037680626, -0.8991678357124329, -1.1240489482879639, 0.02846452035009861, -0.026820991188287735, -1.7276391983032227, -0.6336126327514648, 0.15976886451244354, 0.186680868268013, 0.37626200914382935, 0.13303129374980927, 0.5518297553062439, -0.048918452113866806, 0.4576284885406494, 0.5869210958480835, 0.20915301144123077, 1.0656863451004028, -0.10595430433750153, -0.30160611867904663, -0.011446463875472546, 0.1005852147936821, 2.9515864849090576, -1.5265215635299683, 0.1406523436307907, -0.08550210297107697, -0.005490106530487537, 0.012532690539956093, 0.14201945066452026, -0.07384610176086426, 0.00024406734155490994, 0.0028194328770041466, 0.055569056421518326, -0.3713025152683258, -0.15454891324043274, -0.05440184846520424, -0.04524252936244011, 0.10132815688848495, 0.05908633768558502, 0.01680615544319153, 0.004745972342789173, 0.060555629432201385, 0.05532955750823021, 0.025225458666682243, 0.05983011797070503, 0.018036816269159317, 0.006367912981659174, -0.40909430384635925, 0.4589771032333374, 0.7488217353820801, 0.07164428383111954, 0.6023088693618774, 0.2671273648738861, 0.407595694065094, -0.13026784360408783, -0.1780417263507843, 3.4128034114837646, -1.6760059595108032, -0.03553825989365578, 0.0, -0.38999998569488525, 0.47999998927116394, -0.5092566013336182, 0.1394539624452591, -0.8450728058815002, 0.08403756469488144, 0.34350454807281494, -0.35731029510498047, 0.135447159409523, -0.8578974604606628, 0.02718469500541687, -0.43844321370124817, 0.42989489436149597, 0.0596533939242363, -0.4619039297103882, 0.8563669919967651, -0.22298336029052734, 0.5087772011756897, 0.10482605546712875, -0.5370499491691589, 10.844852447509766, 4.973341464996338, 3.4324913024902344, 0.04663502797484398, -0.4359554052352905, 0.4369148910045624, -0.030481182038784027, -0.08215851336717606, 0.97171950340271, -0.2192760705947876, 0.5559961199760437, -0.04166276380419731, -0.5132347941398621, 12.482696533203125, 5.540640830993652, 3.4719278812408447, 0.04413050785660744, -0.42418134212493896, 0.49116799235343933, 0.05475164204835892, -0.3269469141960144, 0.9432770013809204, 0.01833890564739704, 0.4255814254283905, 0.20604707300662994, -0.14803870022296906, -1.80353581905365, 0.7248907089233398, 2.1499862670898438, 0.07706212252378464, -0.4188326597213745, 0.49428117275238037, -0.15722249448299408, -0.04892878606915474, 0.9569203853607178, -0.23914481699466705, 0.07962219417095184, 0.3283928632736206, 0.11063748598098755, -4.59729528427124, -4.786652088165283, -0.33336418867111206, -0.06470279395580292, -0.3679561913013458, 0.46018004417419434, -0.5138855576515198, -0.6807959675788879, 0.4719538390636444, 0.22293023765087128, 0.27034902572631836, -0.12371765077114105, -0.09476014971733093, 6.227241039276123, 3.3574371337890625, 4.481303691864014, 0.7912986278533936, -0.14503587782382965, -0.5364372730255127, 0.010357150807976723, 0.00408241618424654, -0.0033842120319604874, 0.8100479245185852, -0.3174784481525421, -0.4809158444404602, -0.0019427441293373704, -0.00022990748402662575, -0.0062927440740168095, 0.5495520830154419, 2.1071226596832275, -0.6251737475395203, -0.02279501035809517, 0.0013326738262549043, -0.0030283248052001, 0.7964609861373901, -0.21778514981269836, 0.10275176167488098, 0.0014791949652135372, 0.0013300012797117233, -0.004520290065556765, 0.8681415915489197, -0.4487306475639343, 0.4419228732585907, 0.004855217877775431, 0.00414655078202486, -0.009308352135121822, -0.67206209897995, -1.0, -0.6568244695663452, -1.0, -1.0, -0.4089782238006592, -1.0, -1.0, 1.0, 0.27127495408058167, -0.6731201410293579, 0.5429334044456482, -1.0, -0.04907301068305969, 0.13468989729881287, -0.1428547203540802, -1.0, -0.9541209936141968, 1.0, 1.0]
[-0.3301861882209778, -0.6405183672904968, -0.6911584734916687, -0.9542296528816223, -0.5935570001602173, -0.30995774269104004, -0.6381475329399109, -0.9440677762031555, -0.17017418146133423, 0.22984468936920166, 0.796328604221344, 0.34391167759895325, -0.8507165908813477, -0.7690123915672302, -0.06136149913072586, -0.9784718751907349, -0.3201853036880493, -0.13479064404964447, -0.184119313955307, -0.6547746658325195, -0.9405789375305176, -0.3883175253868103, 0.9966533780097961, 0.9506635665893555, -0.42189034819602966, -0.3349419832229614, -0.06633757054805756, 0.010013154707849026, -0.750069260597229, -0.9280951619148254, -0.09999619424343109, 0.37759003043174744, -1.5057228803634644, -1.5504753589630127, 0.14679419994354248, -0.43090173602104187, 0.11760731786489487, 0.07538139820098877, 0.40249085426330566, -0.03280997276306152, 0.9276682138442993, 0.48201319575309753, 0.1752382218837738, 0.2987174093723297, -0.09356436878442764, -0.28315943479537964, -0.0053031048737466335, 0.08475722372531891, 1.881718397140503, 0.4785424470901489, 0.04876643791794777, 0.0385727658867836, 0.030223064124584198, 0.017757290974259377, 0.0472390279173851, 0.13695096969604492, 0.07261925935745239, -0.011356476694345474, 0.03630027920007706, -0.1738937348127365, -0.09462010860443115, -0.03847767412662506, 0.011394836008548737, 0.02843676134943962, 0.09523437172174454, 0.02597399428486824, 0.005944190546870232, -0.09092491120100021, 0.003507274203002453, 0.004990092013031244, 0.02489989623427391, 0.007142138201743364, 0.012813342735171318, -0.4112461507320404, 0.4545839726924896, 0.7414042949676514, -0.055093009024858475, 0.6549385190010071, 0.1354248970746994, 0.37979844212532043, -0.12969696521759033, -0.2917569577693939, 4.515344142913818, -1.6231054067611694, 0.007060911040753126, 0.0, -0.38999998569488525, 0.47999998927116394, -0.5092566013336182, 0.1394539624452591, -0.8450728058815002, 0.08403756469488144, 0.17604801058769226, -0.3165242671966553, 0.09414804726839066, -0.9273378849029541, 0.03389189764857292, -0.43522942066192627, 0.4239135682582855, 0.08660580217838287, -0.5364710688591003, 0.8062244653701782, -0.2338811755180359, 0.43818798661231995, 0.16987721621990204, -0.4710569381713867, 8.94788646697998, 4.25085973739624, 3.332594871520996, 0.053971365094184875, -0.43333813548088074, 0.43065518140792847, -0.004280403256416321, -0.19683875143527985, 0.9504140615463257, -0.24072648584842682, 0.5202476978302002, -0.012442898005247116, -0.39392194151878357, 13.525063514709473, 6.328210353851318, 3.921847105026245, 0.050022367388010025, -0.4228246808052063, 0.48650863766670227, 0.06552089005708694, -0.33424800634384155, 0.9401794672012329, 0.006911687087267637, 0.33684754371643066, 0.0008314009755849838, -0.36623984575271606, 2.6961889266967773, 0.8052038550376892, 1.3187323808670044, 0.07838107645511627, -0.41410312056541443, 0.49697497487068176, -0.18601208925247192, 0.0050310962833464146, 0.9526546001434326, -0.2404649406671524, -0.04504229128360748, 0.3745788037776947, 0.15492624044418335, -5.583108901977539, -4.960085391998291, -1.3047995567321777, -0.06037040427327156, -0.36947906017303467, 0.45805302262306213, -0.47830092906951904, -0.7111047506332397, 0.4570332467556, 0.23807279765605927, 0.26091131567955017, -0.07614025473594666, -0.15834222733974457, 3.9363226890563965, 0.586835503578186, 2.822981595993042, 0.2719103693962097, -0.4480292797088623, 0.082335464656353, 0.011036853305995464, 0.000712606415618211, 0.0004445783270057291, 0.26603397727012634, -0.030563637614250183, 0.7722722887992859, -0.011814930476248264, 0.0009465247276239097, 0.0003527598164509982, 0.4029601514339447, 1.2780780792236328, -0.12128110229969025, -0.019306505098938942, 0.0015024261083453894, -0.0012439972488209605, 0.26235586404800415, -0.19863949716091156, 0.37706658244132996, 0.0029645978938788176, -0.0021775616332888603, -0.0020462071988731623, 0.3826807737350464, 0.17052939534187317, 0.22016547620296478, -0.005184715148061514, 0.0010192461777478456, 0.016336027532815933, -0.7906841039657593, -0.8910443782806396, -0.9481557607650757, -1.0, -1.0, -0.716701328754425, -0.5850693583488464, -1.0, 1.0, -0.05365016311407089, -0.8409321904182434, 0.4102485775947571, -1.0, 0.32866567373275757, 0.1364874541759491, -0.6271982192993164, -1.0, -1.0, 1.0, 1.0]
[-0.4395895004272461, -0.6742041707038879, -0.7214505076408386, -0.9584378600120544, -0.6578607559204102, -0.39692792296409607, -0.6776236295700073, -0.8408560752868652, -0.264681875705719, 0.06706573814153671, 0.8291650414466858, 0.3108273446559906, -0.8575125932693481, -0.7666563987731934, -0.020739605650305748, -0.9833444356918335, -0.1772877424955368, -0.09832209348678589, -0.16527044773101807, -0.6722134947776794, -0.9530128836631775, -0.49406668543815613, 0.9966301918029785, 0.9589816331863403, -0.4008096754550934, -0.16926755011081696, -0.16648003458976746, -0.0730772390961647, -0.509868323802948, -0.7084493041038513, -0.19324752688407898, 1.270298957824707, -0.5335747599601746, -1.253841519355774, 0.12830983102321625, -0.2373790591955185, -0.15607111155986786, -0.02153894491493702, 0.08182447403669357, -0.013601784594357014, 1.5283503532409668, 0.2652933597564697, 0.21995346248149872, -0.48589640855789185, -0.08228019624948502, -0.2446531355381012, 0.004031418822705746, 0.07316946238279343, 0.6355769038200378, 1.8715887069702148, -0.0062840101309120655, 0.09434200078248978, 0.050129495561122894, 0.02590731717646122, 0.018916405737400055, 0.2899719774723053, 0.17140620946884155, 0.08219756186008453, 0.016070395708084106, 0.13944324851036072, 0.035725973546504974, 0.007455926388502121, 0.01437812577933073, -0.03411225229501724, 0.11864238232374191, 0.025103170424699783, 0.009968848899006844, -0.09164463728666306, 0.012857571244239807, 0.010209914296865463, -0.012065823189914227, -0.004520239774137735, 0.018858155235648155, -0.4126056432723999, 0.4500160217285156, 0.729720413684845, -0.0737282857298851, 0.6751054525375366, 0.07940271496772766, 0.34217265248298645, -0.01249732542783022, -0.16526217758655548, -3.277494430541992, 0.18603819608688354, 1.1611088514328003, 0.0, -0.38999998569488525, 0.47999998927116394, -0.5092566013336182, 0.1394539624452591, -0.8450728058815002, 0.08403756469488144, 0.1336006224155426, -0.29013389348983765, 0.05961953103542328, -0.9457370638847351, 0.040248699486255646, -0.43197569251060486, 0.4196101427078247, 0.11151115596294403, -0.5903645157814026, 0.7607006430625916, -0.2457018941640854, 0.4379228949546814, 0.1899365484714508, -0.30602043867111206, 6.43634557723999, 3.160863161087036, 3.5137414932250977, 0.06078791990876198, -0.43121060729026794, 0.4312307834625244, 0.01345762237906456, -0.2634318768978119, 0.9282009601593018, -0.26242220401763916, 0.43600237369537354, 0.07504341006278992, 0.20134764909744263, 3.1235527992248535, 1.1900779008865356, 3.1680867671966553, 0.05518299341201782, -0.422049343585968, 0.48216527700424194, 0.07486101984977722, -0.35538560152053833, 0.931714653968811, -0.002150030340999365, 0.31976553797721863, 0.031063543632626534, -0.2295764535665512, 2.7595415115356445, 0.6779075264930725, 1.1573784351348877, 0.07834557443857193, -0.4083133637905121, 0.5011100769042969, -0.21080337464809418, 0.07063932716846466, 0.9455631375312805, -0.237660214304924, -0.09056052565574646, 0.4897204637527466, 0.2478514313697815, -7.3746466636657715, -4.922764778137207, -1.7878367900848389, -0.05599108338356018, -0.37068018317222595, 0.45565566420555115, -0.46845072507858276, -0.7295228242874146, 0.441998690366745, 0.2301899790763855, 0.29638922214508057, -0.07820503413677216, -0.1743897646665573, 1.0400002002716064, -2.5659732818603516, 1.3347197771072388, -0.04304956644773483, -0.7236910462379456, 0.3799155056476593, 0.015051951631903648, -0.001436183461919427, 0.0007860421319492161, 0.07012014091014862, -1.5497804880142212, 1.9125081300735474, 0.05895085260272026, -0.0004695309908129275, 0.00017614162061363459, 0.20883174240589142, -0.4727110266685486, 0.4840347170829773, 0.00036526122130453587, 0.0014464778359979391, 0.00017962978745345026, -0.26876863837242126, -0.17987586557865143, 0.511784017086029, 0.007270710542798042, -0.004102466162294149, 0.0015023311134427786, -0.1500948667526245, 0.08280551433563232, -0.03534075245261192, -0.005157172679901123, -0.00211872230283916, 0.017071645706892014, -1.0, -0.6347678899765015, -1.0, -1.0, -0.9048219323158264, -1.0, 0.20455119013786316, -0.3432328701019287, 1.0, 0.21752706170082092, -0.9913614988327026, 0.010435348376631737, -1.0, 0.8573718667030334, 0.02535083144903183, -1.0, -1.0, -1.0, 1.0, 1.0]
[-0.497070848941803, -0.6441566944122314, -0.7702813744544983, -0.9722263813018799, -0.7079622149467468, -0.46128973364830017, -0.7365790009498596, -0.7672909498214722, -0.22781169414520264, 0.004883786663413048, 0.8527485132217407, 0.23124288022518158, -0.8769060969352722, -0.7712935209274292, -0.09570030122995377, -0.9867364168167114, -0.057940419763326645, -0.11709850281476974, -0.15125033259391785, -0.7176440358161926, -0.9694116711616516, -0.5913928151130676, 0.9975091218948364, 0.9661923050880432, -0.08264916390180588, 0.45398956537246704, -0.2139504998922348, -0.1388648897409439, -0.43177247047424316, -0.5336270332336426, -0.26891717314720154, 0.4186306893825531, 0.8207642436027527, -0.050194788724184036, 0.08409901708364487, -0.998881459236145, -0.19507740437984467, -0.057648658752441406, -0.5824477076530457, -0.015826432034373283, 0.8652024269104004, -0.4103010296821594, -0.016965188086032867, -0.6009107828140259, -0.13291962444782257, -0.23584306240081787, 0.011088280938565731, 0.0657733827829361, 7.7339887619018555, 6.513920307159424, 0.2715971767902374, 0.43711161613464355, 0.16567036509513855, 0.059329401701688766, 0.255499005317688, 0.2667033076286316, 0.15963174402713776, 0.08906862139701843, 0.17491325736045837, 0.06094055250287056, 0.005934433080255985, -0.002938972320407629, 0.44843244552612305, 0.045996956527233124, -0.03043685480952263, -0.10250713676214218, -0.05800115317106247, -0.027121931314468384, 0.28171485662460327, 0.1308159977197647, 0.03127133846282959, 0.007210825569927692, 0.02171574905514717, -0.4115169644355774, 0.45072779059410095, 0.699449360370636, 0.11569905281066895, 0.6734561920166016, 0.20938235521316528, 0.06434307247400284, 0.06806153059005737, 0.2334090918302536, -6.252442359924316, 0.10887839645147324, 1.0751795768737793, 0.0, -0.38999998569488525, 0.47999998927116394, -0.5092566013336182, 0.1394539624452591, -0.8450728058815002, 0.08403756469488144, 0.35709959268569946, -0.26759976148605347, 0.07707749307155609, -0.891588032245636, 0.044739242643117905, -0.43127012252807617, 0.4207053482532501, 0.13095436990261078, -0.6189178228378296, 0.731243371963501, -0.2550976574420929, 0.2100348174571991, -0.04993779584765434, 0.19679242372512817, 2.6181387901306152, 1.7631163597106934, 2.0503411293029785, 0.06505192816257477, -0.4308546483516693, 0.4386141002178192, 0.007778419181704521, -0.23718048632144928, 0.9298374056816101, -0.2812246084213257, 0.09538128226995468, 0.05112512409687042, 0.6528643369674683, -6.9752702713012695, -4.416582107543945, 0.8938667178153992, 0.05756400153040886, -0.42375847697257996, 0.48076343536376953, 0.07612106204032898, -0.38425004482269287, 0.9200778603553772, -0.00376732531003654, 0.020148739218711853, -0.23497261106967926, -0.032938215881586075, 3.9690120220184326, -0.11764510720968246, -0.8277001976966858, 0.07951477915048599, -0.40401509404182434, 0.5057992935180664, -0.21293048560619354, 0.11121942847967148, 0.9394721388816833, -0.24430060386657715, 0.1064252257347107, 0.21186554431915283, 0.2927235960960388, -2.9863579273223877, 0.6131736636161804, 0.8898548483848572, -0.05270915478467941, -0.3720402717590332, 0.45499899983406067, -0.48065248131752014, -0.7347856163978577, 0.4333378076553345, 0.20317846536636353, 0.17478518187999725, -0.09721291810274124, -0.006652808748185635, -1.9651914834976196, -4.177026271820068, -0.2554088532924652, 1.5002408027648926, -2.4945626258850098, 1.0544102191925049, 0.02191096544265747, 0.005598941817879677, -0.0045035830698907375, 1.5192352533340454, -1.8251513242721558, 1.984785556793213, 0.061691347509622574, 0.0007651420310139656, -0.007933281362056732, 1.824654459953308, 0.05836433172225952, 1.4509804248809814, -0.0020635072141885757, 0.009703368879854679, -0.004214477259665728, 0.06922773271799088, 1.668052077293396, 0.11218556016683578, -0.03298037499189377, -0.010496273636817932, 0.0018563158810138702, 0.47522661089897156, -1.8208588361740112, 0.29315638542175293, 0.0025382577441632748, -0.0003928024088963866, 0.017751626670360565, 0.04005030542612076, 0.12094909697771072, -1.0, -1.0, -0.92259681224823, -1.0, -0.5210402607917786, 0.5427473187446594, 1.0, -0.4936544597148895, -1.0, -1.0, -1.0, 0.3257978558540344, -0.4924819767475128, -1.0, -1.0, -1.0, 1.0, 1.0]
[-0.4770216941833496, -0.5615507364273071, -0.8186753988265991, -0.9875190854072571, -0.6697378158569336, -0.48820188641548157, -0.778957724571228, -0.7861188650131226, -0.09554916620254517, 0.029000183567404747, 0.8852667808532715, 0.1497335433959961, -0.8980146646499634, -0.7785143852233887, -0.20133256912231445, -0.9926451444625854, -0.03362127020955086, -0.13885249197483063, -0.15743191540241241, -0.7636270523071289, -0.9843904972076416, -0.6581504940986633, 0.9977136254310608, 0.9720983505249023, 0.19427302479743958, 0.6683585047721863, -0.1291358917951584, -0.16658996045589447, 0.7743302583694458, 0.047098785638809204, -0.14411316812038422, -0.8016719222068787, 1.2746864557266235, 0.37067553400993347, 0.22377315163612366, -0.2508888840675354, -0.20356081426143646, -0.07786677777767181, -0.4399384558200836, -0.027395227923989296, -0.11542113870382309, -0.09504757076501846, -0.05159420892596245, -0.5475164651870728, -0.0878690704703331, -0.12377053499221802, -0.004693109542131424, 0.048289570957422256, 7.337727069854736, 2.725658655166626, 0.34175094962120056, 0.16773226857185364, 0.1455536037683487, 0.08073075115680695, 0.31796470284461975, -0.388792484998703, -0.1930597722530365, -0.05817770957946777, 0.2440803050994873, 0.7371118068695068, 0.306643009185791, 0.10952545702457428, 0.5601699948310852, 0.12009961903095245, -0.023266691714525223, -0.02650393173098564, -0.011784224770963192, 0.01222789753228426, 0.2212950885295868, 0.11648952215909958, 0.06482547521591187, 0.017341606318950653, 0.02094872295856476, -0.4140909016132355, 0.45305967330932617, 0.654645562171936, 0.1392107605934143, 0.7086480855941772, 0.2233322262763977, -0.12664370238780975, -0.18206165730953217, 0.14156733453273773, 1.360824465751648, -1.4832619428634644, 0.43807291984558105, 0.0, -0.38999998569488525, 0.47999998927116394, -0.5092566013336182, 0.1394539624452591, -0.8450728058815002, 0.08403756469488144, 0.3852151930332184, -0.21178506314754486, 0.08609817922115326, -0.8940600156784058, 0.045560382306575775, -0.4338466227054596, 0.4280421733856201, 0.13128481805324554, -0.6003032922744751, 0.7440623044967651, -0.26224303245544434, -0.09125373512506485, -0.20918437838554382, 0.6385152339935303, -5.7957963943481445, -3.1114625930786133, -0.7856155037879944, 0.06475765258073807, -0.4321891963481903, 0.4476388394832611, -0.010905638337135315, -0.16265252232551575, 0.9440703392028809, -0.2866293787956238, -0.18063315749168396, -0.0028227055445313454, 0.42245784401893616, -6.5490288734436035, -3.691239595413208, -0.807094931602478, 0.055745020508766174, -0.426989883184433, 0.4837249219417572, 0.06775463372468948, -0.40237072110176086, 0.9129432439804077, 0.0064526814967393875, -0.24395062029361725, -0.12982143461704254, 0.4008543789386749, -0.681640625, -0.5108409523963928, -2.3010170459747314, 0.08051981031894684, -0.40320855379104614, 0.5104460716247559, -0.19955261051654816, 0.12231621146202087, 0.938361644744873, -0.25435173511505127, 0.02843720279633999, -0.015762977302074432, 0.2834594249725342, -1.4882538318634033, 1.5133228302001953, 0.35033804178237915, -0.05188751593232155, -0.37323999404907227, 0.45648741722106934, -0.505852222442627, -0.7264368534088135, 0.43314695358276367, 0.16966651380062103, 0.004332713782787323, -0.0746653601527214, 0.11408966034650803, -3.5552115440368652, -3.920400619506836, -1.4932376146316528, 1.875411868095398, -2.218730926513672, 0.3029622435569763, 0.047449782490730286, 0.01063670963048935, -0.005820585414767265, 1.890745759010315, 1.3079828023910522, -2.0835461616516113, -0.03855796903371811, 0.0008956745732575655, -0.014512211084365845, 1.9872654676437378, -4.043158054351807, 1.5343263149261475, 0.04887808486819267, 0.010614823549985886, -0.012077098712325096, 1.0611156225204468, 0.6748106479644775, 0.39005783200263977, -0.0016620656242594123, -0.001944701885804534, -0.005623663775622845, 0.9247941970825195, -1.6710985898971558, 0.49676311016082764, 0.006271970458328724, 0.0025448971427977085, 0.00947920698672533, 0.4557836949825287, 0.10834705084562302, -1.0, -1.0, 0.0169597826898098, -1.0, -0.7937943339347839, 1.0, 1.0, -0.5975699424743652, -0.9942561984062195, -0.619174063205719, -1.0, -0.27470600605010986, -0.14598393440246582, -1.0, -1.0, -0.8097443580627441, 1.0, 1.0]
[-0.4643844664096832, -0.5225858688354492, -0.7974305152893066, -0.994910717010498, -0.6568223237991333, -0.4789174795150757, -0.7722539901733398, -0.8256467580795288, -0.09189730882644653, 0.051650479435920715, 0.8349656462669373, 0.20622038841247559, -0.889049232006073, -0.781897246837616, -0.1631685048341751, -0.9973037242889404, -0.02760973758995533, -0.10409346222877502, -0.15501099824905396, -0.711569607257843, -0.9903193712234497, -0.6603580117225647, 0.9925808310508728, 0.9303339123725891, -0.05467773228883743, 0.028114641085267067, 0.13620446622371674, 0.045999474823474884, -0.23569715023040771, 0.01920008473098278, 0.08655165880918503, -0.21770499646663666, -0.6369015574455261, 0.006101423408836126, -0.32221946120262146, 0.9185132384300232, 0.24202309548854828, 0.026907343417406082, 0.5164331793785095, -0.011125999502837658, 0.16190193593502045, 0.5464360117912292, 0.10788833349943161, 1.2744359970092773, -0.014341992326080799, 0.05890936404466629, -0.04527246952056885, -0.6100296378135681, -5.565643310546875, -6.619359970092773, -0.16235680878162384, -0.3565371632575989, -0.19258052110671997, -0.07448862493038177, -0.13516226410865784, -0.3620953857898712, -0.25592106580734253, -0.10063263773918152, -0.19232013821601868, 0.04830167442560196, 0.07336359471082687, 0.038388364017009735, -0.19085952639579773, 0.008736501447856426, 0.025189165025949478, 0.08155181258916855, 0.042194753885269165, 0.21682529151439667, -0.13266155123710632, -0.02985880896449089, 0.039280667901039124, -0.0011180737055838108, 0.018943091854453087, -0.4167601764202118, 0.4537842273712158, 0.6190078854560852, 0.09370668232440948, 0.7612379193305969, 0.16901180148124695, -0.12230835855007172, -0.17648550868034363, -0.015545926988124847, 1.6846431493759155, -1.4632456302642822, 0.6495278477668762, 0.0, -0.38999998569488525, 0.47999998927116394, -0.5092566013336182, 0.1394539624452591, -0.8450728058815002, 0.08403756469488144, 0.3234368562698364, -0.15113578736782074, 0.07275602966547012, -0.9312642216682434, 0.04483160004019737, -0.4355466365814209, 0.4313158392906189, 0.12790969014167786, -0.5874701142311096, 0.7560016512870789, -0.25880369544029236, 0.012893781065940857, -0.022369245067238808, -0.008318107575178146, 0.48669561743736267, 0.6838372945785522, -0.2502444088459015, 0.06439809501171112, -0.433272123336792, 0.4492146670818329, -0.009763686917722225, -0.15610654652118683, 0.9458529353141785, -0.2844248116016388, 0.09565973281860352, -0.07004020363092422, -0.13948063552379608, 3.3613128662109375, 2.3992104530334473, 0.34370148181915283, 0.05605475604534149, -0.42552486062049866, 0.4897727370262146, 0.06356478482484818, -0.37053507566452026, 0.9266366958618164, -0.0027750865556299686, 0.15252842009067535, 0.27625322341918945, 0.3701612949371338, -5.822484493255615, -0.91428542137146, 2.4536406993865967, 0.07825861126184464, -0.402339369058609, 0.5147534012794495, -0.20982523262500763, 0.1541483849287033, 0.9329483509063721, -0.24863392114639282, -0.2530030310153961, 0.17387062311172485, 0.18292507529258728, -4.161900043487549, -4.521793842315674, -1.786644458770752, -0.05252167582511902, -0.3737199902534485, 0.4583669602870941, -0.48454973101615906, -0.731209933757782, 0.4496545195579529, 0.16838738322257996, -0.043788645416498184, -0.055052079260349274, 0.13881629705429077, 0.8064131736755371, 5.048202991485596, 4.63573694229126, -0.8857115507125854, 2.711538314819336, -1.053053617477417, -0.03381555527448654, -0.001382783055305481, 0.0033490874338895082, -0.8094626069068909, 2.085556745529175, -2.951263189315796, -0.06934928894042969, 0.001881116651929915, 0.0024628371465951204, -1.6143345832824707, -1.002592921257019, -1.2141602039337158, 0.023349465802311897, -0.010014550760388374, 0.006168241612613201, 0.5226341485977173, -1.2484855651855469, -0.0462958924472332, 0.023467473685741425, 0.013178265653550625, -0.006012390833348036, 0.17382922768592834, 0.08655878901481628, 0.06162918359041214, 0.017024680972099304, -0.003899343777447939, -0.04209745302796364, -1.0, -0.8662676811218262, -0.6070234179496765, -0.97271329164505, -1.0, -0.632603108882904, -1.0, -0.9139713048934937, 0.25569087266921997, 1.0, -0.6572652459144592, 0.78763747215271, -1.0, 0.13742570579051971, 0.3433242440223694, 0.12114736437797546, -1.0, -0.4213947653770447, 0.9439388513565063, 0.4526348114013672]
[-0.47571855783462524, -0.546721875667572, -0.7120621204376221, -0.970156192779541, -0.69677734375, -0.4856899082660675, -0.6586335897445679, -0.8421733379364014, -0.19916799664497375, 0.03140318766236305, 0.7612078189849854, 0.2705675959587097, -0.8670967221260071, -0.7752891778945923, -0.011160114780068398, -0.9999982118606567, -0.019537879154086113, -0.046754248440265656, -0.12562131881713867, -0.5235010981559753, -0.9315073490142822, -0.6341175436973572, 0.9246386289596558, 0.9020635485649109, -0.02488943375647068, -0.29961761832237244, 0.4679050147533417, 0.3169003129005432, -0.4397333264350891, -0.11504613608121872, 0.6725912690162659, -0.13267214596271515, -1.1789346933364868, -0.3172365128993988, -0.2929219901561737, 0.4095875322818756, 0.17572036385536194, 0.0696096271276474, 0.7966468930244446, -1.2537837392301299e-05, 0.02922872267663479, 0.5218973755836487, 0.46144500374794006, 2.872382402420044, 0.6733823418617249, 0.07994978874921799, -0.6120941638946533, -0.08030445128679276, 1.2521240711212158, -3.475203037261963, 0.13080745935440063, -0.16682536900043488, -0.06235963851213455, -0.022527392953634262, 0.160293847322464, -0.18000808358192444, -0.07694610953330994, -0.029636483639478683, 0.015409423038363457, -0.3468245267868042, -0.14233312010765076, -0.04937967285513878, -0.10448265820741653, 0.06879161298274994, -0.09081520885229111, -0.026607077568769455, 0.008156401105225086, 0.17837369441986084, 0.2736395597457886, 0.155489981174469, 0.031434834003448486, 0.016180753707885742, 0.016904210671782494, -0.4197022020816803, 0.451480507850647, 0.57974773645401, 0.051964517682790756, 0.8061243891716003, 0.10656324774026871, -0.12230835855007172, -0.17648550868034363, -0.17907863855361938, 1.6135507822036743, -1.4013561010360718, 0.8386533856391907, 0.0, -0.38999998569488525, 0.47999998927116394, -0.5092566013336182, 0.1394539624452591, -0.8450728058815002, 0.08403756469488144, 0.2593196630477905, -0.08989860117435455, 0.05048704147338867, -0.9602721929550171, 0.04358268901705742, -0.43595099449157715, 0.42944976687431335, 0.12790440022945404, -0.6011664271354675, 0.749925971031189, -0.24464298784732819, -0.1499112844467163, -0.04061593487858772, -0.23323675990104675, 2.118349552154541, 2.014023542404175, -1.8847408294677734, 0.06339412927627563, -0.4342381954193115, 0.4439546763896942, 0.011043278500437737, -0.21618586778640747, 0.9390265345573425, -0.2671530842781067, -0.06896913051605225, -0.1817881315946579, -0.49196022748947144, 7.926431655883789, 5.966773509979248, -2.1498401165008545, 0.05782357230782509, -0.42298373579978943, 0.49084392189979553, 0.06535613536834717, -0.3435179591178894, 0.9366713762283325, -0.01925298199057579, 0.09052719175815582, 0.13274310529232025, -0.0727594792842865, -1.6305586099624634, -0.3805401027202606, 1.8094199895858765, 0.07404281944036484, -0.4012356400489807, 0.5167866349220276, -0.23946969211101532, 0.19850890338420868, 0.9223307967185974, -0.22924721240997314, -0.34137454628944397, 0.104944609105587, -0.017167828977108, -3.7387866973876953, -5.7079339027404785, -2.9795095920562744, -0.05441809073090553, -0.3747677206993103, 0.46242401003837585, -0.40164515376091003, -0.7456590533256531, 0.4826454818248749, 0.2229956090450287, -0.18514718115329742, -0.14196404814720154, 0.4490923285484314, 3.697200298309326, 13.792925834655762, 6.412292957305908, 0.7324389219284058, 0.8998428583145142, -0.6495118141174316, -0.009029751643538475, 0.00698302173987031, -0.0024773625191301107, 0.9442346692085266, 0.5093072652816772, -1.2847096920013428, -0.0219968743622303, 0.001683441107161343, -0.01182712521404028, 0.10519428551197052, 1.9125988483428955, -0.9702885746955872, -0.020690688863396645, -0.0008287520613521338, -0.0025692214258015156, 0.7283328771591187, -0.21008992195129395, -0.676020085811615, 0.005005052778869867, 0.0013988371938467026, -0.0061235809698700905, 0.5118169188499451, -2.1244285106658936, 0.28354117274284363, 0.022379260510206223, 0.007991677150130272, -0.023388586938381195, -0.35611507296562195, -1.0, 0.09165745228528976, -0.761707067489624, -1.0, 0.5326193571090698, -0.945152759552002, -1.0, 0.38237830996513367, 0.37576785683631897, -0.7958215475082397, 1.0, -1.0, -0.03598323464393616, 0.25112903118133545, 1.0, -0.20663146674633026, -0.358035683631897, 0.231133833527565, 0.9445439577102661]
[-0.44186878204345703, -0.5988766551017761, -0.6070541143417358, -0.9377115368843079, -0.6891480684280396, -0.4916851222515106, -0.513317883014679, -0.8167138695716858, -0.2744729816913605, -0.0003216602199245244, 0.7450788617134094, 0.2588275074958801, -0.8667471408843994, -0.7706640362739563, 0.1506194919347763, -0.9999994039535522, -0.007756192237138748, -0.0333402045071125, -0.07943732291460037, -0.3035317659378052, -0.8165922164916992, -0.5986698865890503, 0.8512225151062012, 0.9063701033592224, 0.2414364367723465, -0.3957861363887787, 0.4130307734012604, 0.2910415530204773, 0.3385767638683319, 0.030927537009119987, 0.5658789873123169, 0.4328156113624573, -0.43543681502342224, -0.22908325493335724, 0.06827662885189056, -0.36658933758735657, -0.08769423514604568, 0.007510256953537464, 0.7165672779083252, -2.5507749796815915e-06, 0.1468912810087204, -0.08718938380479813, 0.2636846601963043, 2.6222312450408936, 0.9079842567443848, 0.09283747524023056, -0.3749108612537384, 0.10019927471876144, 6.730775833129883, -0.6211566925048828, 0.2052244246006012, -0.04313003271818161, 0.04356186091899872, 0.028717944398522377, 0.1829652339220047, 0.12096446752548218, 0.1121649220585823, 0.04912586882710457, 0.1809818297624588, -0.2693916857242584, -0.12770122289657593, -0.04955846816301346, 0.11904158443212509, 0.10704848915338516, 0.029638860374689102, -0.036010563373565674, -0.03286994993686676, -0.0684107318520546, 0.06379164010286331, 0.03715478628873825, 0.15388058125972748, 0.044050730764865875, 0.015133066102862358, -0.4224992096424103, 0.4458118975162506, 0.5384589433670044, 0.05523098260164261, 0.835860550403595, 0.09136971086263657, -0.0569867268204689, -0.1380595564842224, -0.5462222099304199, -5.6549296379089355, -0.5871211886405945, -1.7681763172149658, 0.0, -0.38999998569488525, 0.47999998927116394, -0.5092566013336182, 0.1394539624452591, -0.8450728058815002, 0.08403756469488144, 0.2550196349620819, -0.037469882518053055, 0.044240809977054596, -0.9651961326599121, 0.03901729732751846, -0.4364129602909088, 0.4263821542263031, 0.11798132210969925, -0.6058726906776428, 0.75423264503479, -0.22390113770961761, -0.4175581634044647, -0.05652491748332977, -0.15492844581604004, -1.2619253396987915, -0.1386374533176422, -3.372581958770752, 0.05849768593907356, -0.43548068404197693, 0.43880143761634827, 0.023794658482074738, -0.2611216604709625, 0.9355319142341614, -0.23670491576194763, -0.3996228277683258, -0.12853994965553284, -0.2552604675292969, 2.554569721221924, 2.275434732437134, -3.6710023880004883, 0.05619587376713753, -0.42388951778411865, 0.48587489128112793, 0.0676126554608345, -0.3603224754333496, 0.9302334785461426, -0.016179852187633514, -0.22837762534618378, -0.19244523346424103, -0.4365716576576233, 4.046938419342041, 0.9417993426322937, -1.7647396326065063, 0.06784894317388535, -0.4020341634750366, 0.5166022777557373, -0.2643100619316101, 0.2289600968360901, 0.9150901436805725, -0.2008165717124939, -0.45575061440467834, -0.06870464235544205, -0.0749223604798317, -0.5019366145133972, -3.290473699569702, -3.188951015472412, -0.056913264095783234, -0.3762719929218292, 0.46819424629211426, -0.3043755292892456, -0.7456997036933899, 0.51137375831604, 0.29964032769203186, -0.1632544845342636, -0.127297505736351, 0.4778744876384735, 3.618911027908325, 13.460831642150879, 4.305167198181152, 1.1590198278427124, -0.6333826780319214, -0.32878175377845764, 0.019217202439904213, 0.005331495776772499, -0.0002735329617280513, 1.1777247190475464, -1.2222893238067627, 0.7555668354034424, 0.030791528522968292, 0.0032891135197132826, -0.0036936081014573574, 1.529475450515747, 1.7863435745239258, -0.27087870240211487, -0.022763313725590706, 0.006436199881136417, -0.012873835861682892, 0.9071686863899231, 0.5947929620742798, -0.025062184780836105, -0.023948054760694504, -0.004929893650114536, -0.004763492848724127, 1.9095733165740967, -0.14620988070964813, 0.6344921588897705, -0.0014643545728176832, 0.013497559353709221, 0.01160336285829544, 0.4544438123703003, -1.0, -0.010335944592952728, -0.7585941553115845, -0.348565936088562, 0.27618709206581116, -0.43004223704338074, -0.38536423444747925, 1.0, -0.19379755854606628, -1.0, 1.0, -0.9928078055381775, 0.09181554615497589, -0.1975218951702118, 0.8407731056213379, -0.05777081847190857, -0.37206414341926575, 0.5867778062820435, 1.0]
[-0.33439821004867554, -0.648141622543335, -0.593224823474884, -0.9085533618927002, -0.6105587482452393, -0.47631537914276123, -0.4944973289966583, -0.7706901431083679, -0.19540026783943176, 0.00017642368038650602, 0.7650828957557678, 0.17823685705661774, -0.8780157566070557, -0.7721565365791321, 0.20950864255428314, -0.9869446158409119, 0.00830708909779787, -0.0567547008395195, -0.07293172925710678, -0.2616344392299652, -0.7634099721908569, -0.5472096800804138, 0.8345243334770203, 0.914354681968689, 0.5190157294273376, -0.32138118147850037, -0.12342637032270432, 0.26058027148246765, 0.9305315017700195, 0.24103116989135742, -0.1794448345899582, 0.43863868713378906, 1.370282769203186, 0.2451530247926712, 0.1029815673828125, -0.9613208770751953, -0.11808153241872787, -0.025420445948839188, 0.02335365116596222, 0.08352764695882797, 0.13863225281238556, -0.2862514853477478, -0.042261116206645966, -0.6062620878219604, 0.07236675918102264, 0.12516771256923676, 0.033541616052389145, 0.0585472472012043, 7.042309761047363, 0.4038429260253906, 0.11878176778554916, 0.013884592801332474, 0.0459633395075798, 0.027308467775583267, 0.0726071298122406, 0.05122842639684677, 0.15799321234226227, 0.08295875042676926, 0.16329361498355865, -0.21333074569702148, -0.09157545864582062, -0.033721622079610825, -0.09403906762599945, 0.09142965078353882, -0.11701048910617828, -0.054307613521814346, -0.024655960500240326, -0.3984690308570862, -0.5327251553535461, -0.28067466616630554, 0.19098946452140808, 0.05842567980289459, 0.011175394058227539, -0.42682650685310364, 0.4377341568470001, 0.5190914273262024, -0.08200707286596298, 0.8398695588111877, -0.13578619062900543, -0.30303189158439636, -0.3345378339290619, -0.34086278080940247, 10.47515869140625, 0.028927449136972427, 5.166451930999756, 0.0, -0.38999998569488525, 0.47999998927116394, -0.5092566013336182, 0.1394539624452591, -0.8450728058815002, 0.08403756469488144, 0.022294342517852783, 0.0010833069682121277, -0.07479533553123474, -0.9969490170478821, 0.0321333222091198, -0.43670782446861267, 0.4250219464302063, 0.09719650447368622, -0.5824933052062988, 0.7784399390220642, -0.21280410885810852, -0.5089488625526428, -0.006116698961704969, 0.04625790938735008, -4.741186618804932, -3.024904251098633, -2.722480297088623, 0.05123575031757355, -0.43600964546203613, 0.43815526366233826, 0.01002536527812481, -0.2290339469909668, 0.9487132430076599, -0.21768338978290558, -0.5517283082008362, 0.08769963681697845, 0.12909503281116486, -7.604489803314209, -4.2917070388793945, -2.590688705444336, 0.04978928342461586, -0.4278640151023865, 0.4777289032936096, 0.06538296490907669, -0.407884418964386, 0.9106696248054504, 0.006007445976138115, -0.5301940441131592, -0.3627226650714874, -0.6140848994255066, 6.95119571685791, 0.9552304148674011, -3.727776050567627, 0.06108276918530464, -0.4047737121582031, 0.5144169330596924, -0.2656501531600952, 0.22586274147033691, 0.9206639528274536, -0.1754818856716156, -0.3780588209629059, -0.20946332812309265, -0.16312049329280853, 2.3609073162078857, 0.9195552468299866, -2.646883964538574, -0.06107921153306961, -0.3748161792755127, 0.46924856305122375, -0.2914011776447296, -0.7362779378890991, 0.5142596960067749, 0.32941925525665283, -0.3589966297149658, 0.24250845611095428, -0.10911715030670166, -0.7062305808067322, -1.387982726097107, -3.8444292545318604, 0.7232388854026794, -0.741845965385437, -0.2116982340812683, 0.01618078164756298, 0.0003522491315379739, 0.0040706731379032135, 0.6029173135757446, -1.8112053871154785, 0.8485704660415649, 0.05579067021608353, 0.0030027665197849274, 0.007159889675676823, 1.5275990962982178, 1.3238286972045898, 0.014737510122358799, -0.013864190317690372, 0.00645721610635519, -0.007525032386183739, 0.47275039553642273, 0.46212053298950195, -0.6691690683364868, -0.01772415265440941, -0.011332977563142776, -0.001073159510269761, 2.728074550628662, 4.372557640075684, 0.986217200756073, -0.04116662219166756, 0.014776501804590225, 0.054591428488492966, 1.0, -0.8494428396224976, -0.9663771986961365, -0.589387834072113, 0.05053609237074852, -1.0, -0.4608602821826935, 1.0, 1.0, -0.6594078540802002, -1.0, -0.048485614359378815, -0.818659782409668, 0.06832222640514374, -0.2678610682487488, -1.0, -1.0, -0.40581613779067993, 1.0, 0.9488897919654846]
[-0.1828835904598236, -0.6852966547012329, -0.551565945148468, -0.8950141072273254, -0.43490245938301086, -0.43432101607322693, -0.4972975552082062, -0.7090153694152832, -0.18369203805923462, 0.011793600395321846, 0.7857309579849243, 0.14594775438308716, -0.865905225276947, -0.7718313932418823, 0.2741461992263794, -0.9799554944038391, -0.05427824333310127, -0.022532377392053604, -0.07063746452331543, -0.34680330753326416, -0.6348897218704224, -0.4146770238876343, 0.7538780570030212, 0.789314866065979, 0.6105512976646423, -0.20248733460903168, 0.3025112450122833, 0.23624375462532043, 2.0227394104003906, 0.5473558306694031, 0.10844172537326813, 0.46257859468460083, -0.6548420786857605, -0.1646791249513626, 0.1421394795179367, 0.0275515615940094, 0.21194608509540558, 0.05193229392170906, 0.43985462188720703, 0.0023423312231898308, -0.9524267315864563, 0.6290565133094788, 0.12441358715295792, -1.2741135358810425, 1.402860164642334, 0.450246661901474, -0.7839691042900085, -1.7871664762496948, 2.0461649894714355, 1.5959118604660034, 0.1522044837474823, 0.3094381093978882, 0.19544236361980438, 0.08540457487106323, -0.0009260166552849114, 0.1922892928123474, -0.06507617235183716, -0.06088590249419212, 0.15310929715633392, -0.0904226154088974, -0.0501137413084507, -0.014963008463382721, 0.38709360361099243, 0.02207108959555626, -0.06422702968120575, 0.005707605741918087, 0.012001346796751022, -0.08418215811252594, 0.4904838800430298, 0.29308372735977173, -0.04931563138961792, -0.06499850004911423, 0.0018470571376383305, -0.42793336510658264, 0.43690162897109985, 0.5493027567863464, -0.03186320140957832, 0.8335477113723755, -0.04948994144797325, -0.6335833072662354, -0.05909273028373718, 0.10301794111728668, -0.8365684747695923, 0.9713587760925293, -0.7868089079856873, 0.0, -0.38999998569488525, 0.47999998927116394, -0.554216742515564, -0.40107905864715576, 0.34627652168273926, 0.6419283747673035, 0.0018997493898496032, 0.61187344789505, 0.7901880145072937, -0.03478409722447395, 0.022040273994207382, -0.4375024139881134, 0.4257905185222626, 0.06501691788434982, -0.5210449695587158, 0.8288208246231079, -0.19323763251304626, -0.7817652225494385, -0.03419405221939087, 0.3469284772872925, -11.990760803222656, -4.651192665100098, -5.714726448059082, 0.04218116030097008, -0.4373410940170288, 0.43822595477104187, -0.0017479400848969817, -0.2080496996641159, 0.9584841728210449, -0.19498787820339203, -0.5882462859153748, -0.16404271125793457, -0.09570302814245224, 2.528735637664795, 1.272813320159912, -3.365818738937378, 0.04099992662668228, -0.4303990602493286, 0.4731988310813904, 0.05822503939270973, -0.4258122742176056, 0.9023623466491699, 0.03218314051628113, -0.594918429851532, -0.09383892267942429, -0.10597310960292816, -0.5474750995635986, 0.570755660533905, -3.4877054691314697, 0.05371770262718201, -0.4092000722885132, 0.5112175941467285, -0.26532888412475586, 0.21967795491218567, 0.9271891713142395, -0.1471814066171646, -0.47246429324150085, -0.26989442110061646, -0.1834663599729538, 0.9626286029815674, -1.2208621501922607, -3.516599416732788, -0.06706061214208603, -0.37288811802864075, 0.4725286662578583, -0.2989926040172577, -0.7168629765510559, 0.5647432208061218, 0.2788831293582916, -0.3053385615348816, -0.04968065023422241, 0.46143630146980286, -11.592430114746094, -2.2003161907196045, 7.483136177062988, 0.829659104347229, -2.460113286972046, 1.1093323230743408, 0.04850287735462189, 0.005013306625187397, -0.005210793577134609, 0.0680728331208229, 1.035003423690796, 0.3602696657180786, -0.045360855758190155, 0.0008989273337647319, 0.003942022565752268, 1.0747768878936768, 0.6148915886878967, 0.2094498872756958, -0.005739634390920401, 0.007315507158637047, -0.012247203849256039, 0.3972548842430115, 0.1568828523159027, 0.20758382976055145, 0.014354590326547623, 0.003212090814486146, -0.0018179009202867746, -1.279895305633545, -3.9175820350646973, 0.11366830766201019, 0.02853268012404442, -0.044520195573568344, 0.023661253973841667, 1.0, -0.6745628714561462, 0.0072134509682655334, -0.5692073702812195, 1.0, -1.0, 0.8179205656051636, -0.30138254165649414, 1.0, -1.0, -1.0, 1.0, -1.0, -0.8060777187347412, 0.5072723031044006, -1.0, 0.8649818301200867, 1.0, -0.18692001700401306, -0.6056615710258484]
[-0.0942244678735733, -0.6559283137321472, -0.496204674243927, -0.7786142826080322, -0.3598253130912781, -0.39045628905296326, -0.47692498564720154, -0.6896915435791016, -0.1889975666999817, -0.006796978414058685, 0.7936805486679077, 0.13520291447639465, -0.84685218334198, -0.7654992341995239, 0.3624518811702728, -0.9722777605056763, -0.09368742257356644, 0.09280887246131897, -0.013215537182986736, -0.4492127597332001, -0.4526008069515228, -0.2217729389667511, 0.6349561214447021, 0.6024165749549866, 0.12642407417297363, 0.4046218991279602, 0.16966776549816132, 1.6141823530197144, 0.02920222282409668, 0.2007555216550827, 0.23796875774860382, -0.02172953262925148, 0.2231302261352539, -0.12161202728748322, -0.1635419875383377, 0.010818133130669594, 0.19597499072551727, 0.06436530500650406, 0.43735000491142273, 0.0352114737033844, -0.022829612717032433, 1.30742347240448, 1.0243972539901733, -1.2525352239608765, 1.2900080680847168, 0.5006034970283508, -0.7016059160232544, -1.6909931898117065, -11.543965339660645, 8.715863227844238, -0.4895433783531189, 1.021154522895813, 0.21325208246707916, 0.03306984156370163, -0.2499154806137085, 0.27063801884651184, 0.07794081419706345, 0.016567783430218697, -0.3320505917072296, 0.5830450057983398, 0.20835784077644348, 0.06783510744571686, 0.1615869253873825, -0.31543615460395813, 0.39667442440986633, 0.16245238482952118, 0.09086114168167114, 0.13178613781929016, 0.1810336858034134, 0.07363136857748032, -0.2246474027633667, -0.05552792549133301, -0.004805294796824455, -0.42750081419944763, 0.44594714045524597, 0.610274612903595, -0.03340091556310654, 0.7914841771125793, -0.0013939716154709458, -0.27506357431411743, -0.021189838647842407, 0.7921774387359619, 0.1589597463607788, 2.3069937229156494, -0.35650235414505005, 0.0, -0.38999998569488525, 0.47999998927116394, -0.554216742515564, -0.40107905864715576, 0.34627652168273926, 0.6419283747673035, 0.08509819954633713, 0.6279774904251099, 0.7718386054039001, -0.05165044218301773, 0.015774812549352646, -0.4407487213611603, 0.4358212649822235, 0.04118790850043297, -0.4354568421840668, 0.8816425204277039, -0.1771644502878189, -0.20744085311889648, -0.14715851843357086, 0.9705622792243958, -10.705916404724121, -3.1350457668304443, -2.1259841918945312, 0.03684393689036369, -0.43954187631607056, 0.441765695810318, -0.00344887119717896, -0.20115897059440613, 0.9631198644638062, -0.17867064476013184, -0.17731331288814545, -0.10227915644645691, 0.3363648056983948, -2.473698616027832, 0.009370110929012299, -1.7042555809020996, 0.03603332117199898, -0.43180540204048157, 0.47554150223731995, 0.05063385143876076, -0.4136475920677185, 0.9078863263130188, 0.04554296284914017, -0.07131268829107285, -0.007548553869128227, 0.3514949083328247, -3.235962390899658, -0.750757098197937, 0.26326891779899597, 0.0469522587954998, -0.4091309905052185, 0.5142439007759094, -0.27915239334106445, 0.28959959745407104, 0.9085659980773926, -0.11275478452444077, -0.3584161102771759, 0.3725978434085846, 0.24257537722587585, -12.300710678100586, -6.369034767150879, -6.742483615875244, -0.07117974013090134, -0.371974915266037, 0.4811071753501892, -0.28132200241088867, -0.6704649329185486, 0.6563389301300049, 0.20137985050678253, -0.044163770973682404, -0.05997355282306671, 0.7621424794197083, -13.802847862243652, 0.789289653301239, 8.325084686279297, -2.935227394104004, -2.1336607933044434, 4.15774393081665, 0.0010649273172020912, -0.01642591692507267, 0.010853973217308521, -1.8286288976669312, 0.032256416976451874, 2.13289475440979, 0.017051629722118378, -0.009150348603725433, 9.872550208456232e-07, -2.4904279708862305, -2.993614673614502, 1.755214810371399, 0.022930890321731567, -0.009130436927080154, 0.020504241809248924, -2.783137798309326, -1.1492888927459717, 2.4241058826446533, 0.07362180948257446, 0.007485796231776476, 0.017637141048908234, -3.071566104888916, -1.61228609085083, -0.70255047082901, 0.0070139020681381226, -0.0063828760758042336, 0.010223913937807083, -1.0, 1.0, -0.8666731715202332, 1.0, -0.6008561253547668, -1.0, 0.030185066163539886, 0.5414564609527588, 0.5814930200576782, -1.0, -1.0, 1.0, -1.0, 0.11743859946727753, 1.0, -1.0, 0.5610510110855103, 1.0, -0.00034883618354797363, -0.4002905488014221]
[-0.10389824211597443, -0.5768355131149292, -0.4451708197593689, -0.6431906819343567, -0.38219955563545227, -0.38599228858947754, -0.42452943325042725, -0.6805084943771362, -0.20412462949752808, -0.02119315043091774, 0.7423968315124512, 0.12119016796350479, -0.8316900730133057, -0.7588276863098145, 0.44053807854652405, -0.965843915939331, -0.09757322072982788, 0.235013946890831, 0.1365625560283661, -0.5413398742675781, -0.27915558218955994, -0.030432555824518204, 0.5791553258895874, 0.4329918324947357, -0.15431414544582367, 0.6604493260383606, 0.21625486016273499, 1.1264798641204834, -0.3206552267074585, -0.051878731697797775, 0.24600079655647278, 0.13274912536144257, -0.3233281672000885, -0.17865271866321564, -0.2852533459663391, -0.20888666808605194, 0.1049589067697525, 0.05397142842411995, 0.3178558349609375, 0.01644878461956978, -0.039913687855005264, 1.3162071704864502, 1.6108042001724243, -1.0752429962158203, 1.2362592220306396, 0.4616256356239319, -0.1465141624212265, -1.4934251308441162, -6.649232864379883, 2.6855697631835938, -0.15553389489650726, -0.07689923048019409, -0.08113060146570206, -0.04097536951303482, -0.26093095541000366, 0.24056173861026764, 0.04711277782917023, 0.002737701404839754, -0.1739949733018875, 0.10876716673374176, 0.02482859045267105, 0.00489149009808898, -0.11640287190675735, -0.1535554677248001, 0.005681088659912348, -0.009354149922728539, 0.008372929878532887, 0.18580326437950134, -0.02423306554555893, -0.03171549737453461, -0.0845862478017807, -0.005565508268773556, -0.006220730487257242, -0.4282803535461426, 0.4609537124633789, 0.6904172301292419, 0.013919918797910213, 0.7202585935592651, 0.06601322442293167, 0.03572829067707062, -0.10310959815979004, 0.9581472277641296, -1.6281101703643799, 2.5507421493530273, -0.19290924072265625, 0.0, -0.38999998569488525, 0.47999998927116394, -0.554216742515564, -0.40107905864715576, 0.34627652168273926, 0.6419283747673035, 0.18608325719833374, 0.673666775226593, 0.7086927890777588, -0.09643927961587906, 0.015474585816264153, -0.443960964679718, 0.4496369957923889, 0.033928271383047104, -0.3728216588497162, 0.9110797047615051, -0.17258809506893158, 0.06574025750160217, -0.07402914017438889, 0.9175693988800049, -6.869171619415283, -1.4782803058624268, -0.4424760341644287, 0.03683638200163841, -0.44196105003356934, 0.44914600253105164, 0.00014316907618194818, -0.18573611974716187, 0.967345654964447, -0.17246557772159576, 0.11149492114782333, -0.12564435601234436, 0.5243512392044067, -1.60077702999115, 0.4525521993637085, -0.22443225979804993, 0.03735953941941261, -0.4324311912059784, 0.4818739891052246, 0.04568782076239586, -0.390504390001297, 0.9188281297683716, 0.03426162153482437, 0.20223994553089142, 0.0027392248157411814, 0.45473089814186096, -2.8598275184631348, -1.2939990758895874, 2.019467830657959, 0.043901845812797546, -0.40488287806510925, 0.5212091207504272, -0.3006618022918701, 0.4180642068386078, 0.8537043333053589, -0.07754851132631302, -0.062472254037857056, 0.4709680676460266, 0.221831813454628, -15.522994995117188, -7.4720683097839355, -6.352390289306641, -0.07265552133321762, -0.3703203499317169, 0.49130040407180786, -0.2558523714542389, -0.6027255058288574, 0.7423244118690491, 0.14218270778656006, 0.027301479130983353, 0.13826404511928558, 0.818448543548584, -13.337981224060059, 2.6829111576080322, 5.137790203094482, -1.0823452472686768, 1.1582627296447754, 0.03246362879872322, -0.023601427674293518, -0.004435297567397356, 0.0004419179749675095, -1.6362721920013428, -0.0016764483880251646, 1.2549759149551392, 0.0027125549968332052, -0.0030196155421435833, 0.011015620082616806, -1.3587044477462769, -0.43606990575790405, 0.3376864790916443, -0.0016495584277436137, -0.0050881123170256615, 0.008514788001775742, -1.339701533317566, -0.0775061547756195, -0.24948659539222717, 0.007210337556898594, 0.00512222945690155, 0.008327631279826164, -0.9742328524589539, 0.002817262429744005, -0.2568795084953308, -0.0015226845862343907, 0.010022218339145184, -0.00021315259800758213, -1.0, 0.12283385545015335, -0.5371269583702087, 0.1470242738723755, -0.6057524085044861, -1.0, 0.1473863124847412, -0.08447185158729553, 0.5228307843208313, -1.0, -1.0, 0.7327831983566284, -1.0, -0.1288212388753891, 1.0, -1.0, 0.6727604269981384, 1.0, 0.5948339700698853, -0.42706558108329773]
[-0.1663215458393097, -0.5107073783874512, -0.3502315580844879, -0.5654772520065308, -0.40818101167678833, -0.39351531863212585, -0.3370705246925354, -0.6625051498413086, -0.2741973102092743, -0.048355720937252045, 0.6299418210983276, 0.08674778789281845, -0.8250657916069031, -0.7540518641471863, 0.4550422728061676, -0.9662976861000061, -0.09877889603376389, 0.3661510646343231, 0.30463331937789917, -0.5810200572013855, -0.09266356378793716, 0.13760964572429657, 0.5832132697105408, 0.26329439878463745, -0.2957402765750885, 0.330534428358078, 0.45834609866142273, 0.5114191770553589, -0.1958574503660202, -0.06836120784282684, 0.30999913811683655, 0.19834588468074799, -0.8143754005432129, -0.3289661109447479, -0.47442078590393066, -0.4582628905773163, 0.019468553364276886, 0.03201410174369812, -0.08691791445016861, -0.012329159304499626, -0.005813338793814182, 1.1525124311447144, 1.4979276657104492, -0.1808994859457016, 1.4000378847122192, 0.3921622931957245, 0.11890514194965363, -1.6020796298980713, -3.530583620071411, -3.8089184761047363, -0.04648374393582344, -0.4439660310745239, -0.15172211825847626, -0.04701784998178482, -0.20780611038208008, -0.20144814252853394, -0.07590972632169724, -0.02460198476910591, -0.08253007382154465, -0.32806065678596497, -0.1341417282819748, -0.0474446676671505, -0.5866205096244812, -0.022461548447608948, -0.22643890976905823, -0.047723621129989624, -0.017296692356467247, 0.2809299826622009, -0.15132960677146912, -0.0874273031949997, -0.1080859899520874, -0.028336085379123688, -0.0028002618346363306, -0.43024733662605286, 0.4741363227367401, 0.7534462213516235, 0.09876660257577896, 0.6381775140762329, 0.1236661821603775, 0.2939472794532776, -0.12210620939731598, 0.7000912427902222, -2.2489848136901855, 2.665053129196167, 0.3926858603954315, 0.0, -0.38999998569488525, 0.47999998927116394, -0.554216742515564, -0.40107905864715576, 0.34627652168273926, 0.6419283747673035, 0.26203611493110657, 0.7275903820991516, 0.6142948865890503, -0.1568150371313095, 0.01738256961107254, -0.4456988573074341, 0.45923805236816406, 0.034888509660959244, -0.33852410316467285, 0.9254056811332703, -0.16675889492034912, 0.14636872708797455, -0.021426919847726822, 0.4269915223121643, -2.9769108295440674, 0.10159610211849213, -0.676790714263916, 0.03929615020751953, -0.44377240538597107, 0.45489501953125, 0.010041067376732826, -0.1963316798210144, 0.9660053849220276, -0.1678883582353592, 0.24099130928516388, -0.10092700272798538, 0.21534463763237, 2.7169666290283203, 1.742412805557251, 0.2647710144519806, 0.042386747896671295, -0.4327167570590973, 0.48593729734420776, 0.04464663192629814, -0.3817943334579468, 0.9231533408164978, 0.005266639869660139, 0.3750643730163574, -0.019268738105893135, 0.09331758320331573, 0.6245796084403992, -1.2676935195922852, 3.4732184410095215, 0.04520903155207634, -0.4003138840198517, 0.5256267786026001, -0.31664183735847473, 0.5285313129425049, 0.7859419584274292, -0.05184343084692955, 0.21906152367591858, 0.3223424553871155, -0.05652061477303505, -11.948875427246094, -5.5340776443481445, -4.185450553894043, -0.07201765477657318, -0.3677903413772583, 0.5013490319252014, -0.20460453629493713, -0.5374951362609863, 0.8103746771812439, 0.11193165928125381, 0.20599468052387238, 0.18072067201137543, 0.738969624042511, -8.958121299743652, 7.40736722946167, 5.304941654205322, -0.37887173891067505, 1.7736597061157227, -1.7814879417419434, -0.020412951707839966, 2.1356183424359187e-05, -0.0011618593707680702, -1.1890511512756348, 0.5653171539306641, -1.2819494009017944, -0.016122229397296906, 0.00019277536193840206, 0.012018424458801746, -0.7714165449142456, 1.742447853088379, -1.1915390491485596, -0.02130795270204544, -0.0040077101439237595, 0.00039509491762146354, -0.3070705235004425, -0.7425623536109924, -1.5213570594787598, -0.028435129672288895, -0.001314777065999806, 0.002904594875872135, -1.4274120330810547, 1.0566065311431885, 0.054785627871751785, -0.011248569935560226, -0.005497490521520376, -0.019680611789226532, -1.0, -0.5243911743164062, 0.36048707365989685, -0.4320582151412964, -0.5242664217948914, -0.48813143372535706, 0.12082164734601974, -0.46061527729034424, -0.31017249822616577, -1.0, -1.0, 0.02253197692334652, -1.0, -0.13939537107944489, 0.9995537996292114, -0.5309377908706665, 1.0, 0.9479269981384277, 0.7483820915222168, -0.7184605002403259]
[-0.2531527280807495, -0.49739983677864075, -0.19669562578201294, -0.5697001218795776, -0.42229989171028137, -0.3987368941307068, -0.21275527775287628, -0.640507698059082, -0.3642745614051819, -0.08584199845790863, 0.46915560960769653, 0.048578888177871704, -0.8206973671913147, -0.7512585520744324, 0.37534287571907043, -0.9711203575134277, -0.10280750691890717, 0.4240233600139618, 0.4284302294254303, -0.544035792350769, 0.07489991933107376, 0.20240290462970734, 0.6212868094444275, 0.10156586021184921, -0.34795960783958435, -0.07173088937997818, 0.722423791885376, -0.3477480113506317, -0.10461362451314926, -0.03658558055758476, 0.5333952307701111, 0.2145751267671585, -0.7742955088615417, -0.3282287120819092, -0.7283317446708679, -0.31907469034194946, 0.05949826166033745, 0.029389459639787674, -0.5441146492958069, -0.023559879511594772, -0.07127184420824051, 0.20240949094295502, 0.7510201334953308, 0.7940868735313416, 1.0879549980163574, 0.03207153081893921, 0.2913708984851837, -1.4366573095321655, -0.7717061042785645, -4.649717330932617, 0.01955314539372921, -0.5193368792533875, -0.17906127870082855, -0.055362846702337265, -0.01705460622906685, -0.2447652518749237, -0.037139154970645905, 0.002783237723633647, -0.06703528761863708, -0.2673666477203369, -0.08910833299160004, -0.027332469820976257, -0.5699459910392761, 0.030119355767965317, -0.264961302280426, -0.09872954338788986, -0.06272059679031372, 0.22080746293067932, -0.3262709975242615, -0.21645674109458923, -0.09872883558273315, -0.0242215134203434, 0.004111363086849451, -0.43133509159088135, 0.48357418179512024, 0.8088574409484863, 0.16528579592704773, 0.547147274017334, 0.13805826008319855, 0.5361703634262085, -0.024832479655742645, 0.4978277385234833, -0.847453236579895, 2.9350388050079346, 0.37043479084968567, 0.0, -0.38999998569488525, 0.47999998927116394, -0.554216742515564, -0.40107905864715576, 0.34627652168273926, 0.6419283747673035, 0.31905877590179443, 0.7448003888130188, 0.5362346172332764, -0.2364872246980667, 0.01965734176337719, -0.44657719135284424, 0.45986202359199524, 0.04222623258829117, -0.3431282937526703, 0.9258097410202026, -0.15282687544822693, 0.14617396891117096, -0.07022988051176071, -0.21873967349529266, 2.317523241043091, 2.2067956924438477, -1.5131515264511108, 0.04223084822297096, -0.44436243176460266, 0.45559069514274597, 0.023503895848989487, -0.2319105714559555, 0.959290087223053, -0.15946020185947418, 0.21033041179180145, -0.05429250746965408, -0.11155763268470764, 4.301668643951416, 2.4808459281921387, -0.6016743183135986, 0.04960247874259949, -0.4322845935821533, 0.48515501618385315, 0.04934404417872429, -0.38987329602241516, 0.918881356716156, -0.034943994134664536, 0.508947491645813, 0.04367920011281967, -0.17337262630462646, 1.844708800315857, -1.1655954122543335, 5.026707172393799, 0.05099667236208916, -0.39829736948013306, 0.5249494910240173, -0.3214160203933716, 0.5740343928337097, 0.7513874769210815, -0.05092063173651695, 0.43760553002357483, 0.0364392027258873, -0.18951734900474548, -2.160527229309082, 0.40821588039398193, 0.8700555562973022, -0.06837297230958939, -0.3669402599334717, 0.5090859532356262, -0.12194056063890457, -0.507615864276886, 0.8468806743621826, 0.10124131292104721, 0.44772741198539734, -0.031019441783428192, 0.446601927280426, -1.5652469396591187, 9.277965545654297, 6.3330183029174805, 0.10894366353750229, 2.0079925060272217, -2.2009804248809814, -0.025242960080504417, 0.0014679376035928726, -0.0027122083120048046, -0.08535299450159073, 0.07092967629432678, -1.2993953227996826, 0.003847182961180806, 0.0006310444441623986, -7.594194175908342e-05, -0.544284999370575, 1.188550353050232, -1.1185572147369385, -0.00950421392917633, -0.004277604166418314, 0.004071109928190708, 0.10819344967603683, -0.2813856303691864, -1.6774331331253052, -0.06694137305021286, -0.004085660446435213, 0.002262496156617999, -1.2331516742706299, 2.828192710876465, 0.259402334690094, -0.028483739122748375, -0.004491078667342663, -0.013724072836339474, -1.0, -0.8777822852134705, 0.8878539800643921, -1.0, -0.4946861267089844, 0.2997494637966156, 0.27457699179649353, -0.47634178400039673, -0.9731616377830505, -1.0, -1.0, -0.633630633354187, -1.0, -0.2128453105688095, 0.3586105704307556, -0.04049491882324219, 0.7665610909461975, -0.07187963277101517, 0.9085019826889038, -0.736099362373352]
[-0.3478652536869049, -0.5001479983329773, -0.030883872881531715, -0.6228036880493164, -0.43320444226264954, -0.402431458234787, -0.06496453285217285, -0.6175635457038879, -0.4451545774936676, -0.13978788256645203, 0.28651413321495056, -0.0005288916290737689, -0.814474880695343, -0.7481822371482849, 0.2139926701784134, -0.9751770496368408, -0.11769523471593857, 0.3624204397201538, 0.4526502788066864, -0.4491139054298401, 0.175845205783844, 0.11653602123260498, 0.6501801609992981, 0.049487486481666565, -0.36363229155540466, 0.009110073558986187, 0.658451497554779, -0.5660760998725891, -0.09987254440784454, -0.03417060151696205, 0.5918177962303162, 0.1904825121164322, -0.7388441562652588, -0.7046818733215332, -0.712743878364563, -0.5013038516044617, 0.06372528523206711, 0.027816955000162125, -0.8650123476982117, -0.01487886905670166, -0.18602879345417023, -0.9782832264900208, -0.11909200996160507, 1.3717453479766846, 0.5186245441436768, -0.34601208567619324, 0.11418717354536057, 0.013506677933037281, -0.13330629467964172, 0.7503387928009033, -0.047331634908914566, -0.0023823888041079044, -0.0047742086462676525, -0.002496392698958516, -0.005043754819780588, 0.0656011775135994, 0.0329502634704113, -0.00543918227776885, 0.0076519278809428215, -0.03450286388397217, -0.016237866133451462, -0.006177239120006561, -0.0781421959400177, -0.02033442072570324, -0.06497419625520706, -0.09108853340148926, -0.05808306485414505, 0.08846855908632278, -0.19693920016288757, -0.1586693525314331, -0.08161400258541107, 0.012742234393954277, 0.01419764757156372, -0.4310571849346161, 0.4918765723705292, 0.8572777509689331, 0.2322293370962143, 0.4359759986400604, 0.14515215158462524, 0.671494722366333, 0.06216011196374893, 0.544956624507904, -1.288720965385437, 3.268099308013916, 0.5305704474449158, 0.0, -0.38999998569488525, 0.47999998927116394, -0.554216742515564, -0.40107905864715576, 0.34627652168273926, 0.6419283747673035, 0.3754802644252777, 0.7457725405693054, 0.4447333514690399, -0.32411444187164307, 0.022111689671874046, -0.44722864031791687, 0.4565105736255646, 0.05244710296392441, -0.3677714169025421, 0.918319821357727, -0.13668212294578552, 0.17183175683021545, -0.06921852380037308, -0.23452498018741608, 2.944645881652832, 2.239471197128296, -1.1951594352722168, 0.04497933387756348, -0.4444453716278076, 0.45501258969306946, 0.03775259852409363, -0.2738509178161621, 0.9497074484825134, -0.14709213376045227, 0.20897532999515533, -0.07315856218338013, -0.0662522241473198, 5.6034369468688965, 2.995852470397949, -0.8382835388183594, 0.05776913836598396, -0.431379109621048, 0.48245272040367126, 0.05683354288339615, -0.40488776564598083, 0.9091330766677856, -0.07945329695940018, 0.5334400534629822, 0.05364629626274109, -0.17413640022277832, 2.3611083030700684, -0.9793212413787842, 5.011647701263428, 0.060568150132894516, -0.3989446759223938, 0.5219815373420715, -0.31371551752090454, 0.5393742322921753, 0.7763674855232239, -0.08894689381122589, 0.5916058421134949, -0.14173926413059235, -0.055928438901901245, 6.446103572845459, 6.79591703414917, 5.858465671539307, -0.06190051883459091, -0.3695220947265625, 0.5140296220779419, -0.05280502885580063, -0.5129658579826355, 0.8506474494934082, 0.10235443711280823, 0.5313405990600586, -0.25517305731773376, 0.21423383057117462, 2.6132895946502686, 5.769996166229248, 3.083437442779541, -0.21936434507369995, 0.06747016310691833, 0.05783090740442276, -0.001484340289607644, -0.0010372305987402797, 0.00249281944707036, -0.021148428320884705, -0.08469831198453903, 0.3739147186279297, -0.006709657143801451, -0.00014170489157550037, -0.000388837797800079, -0.022547198459506035, 0.19032201170921326, 0.062312230467796326, -0.003322409000247717, 0.0001291254156967625, -9.319746459368616e-05, -0.2942442297935486, 0.7146078944206238, -0.8838976621627808, -0.04736394062638283, 5.090174454380758e-05, 0.0037203095853328705, -0.30824676156044006, 2.0352256298065186, 0.5002668499946594, -0.020005296915769577, 0.017674190923571587, 0.0024625309742987156, -1.0, -0.45292550325393677, 0.8231196403503418, -1.0, -0.4922444224357605, 0.7045721411705017, 0.18431887030601501, -0.6201121211051941, -0.9937422871589661, -1.0, -0.9580613374710083, -1.0, -1.0, -0.2775614261627197, -0.43262967467308044, 0.2523770034313202, 0.38992026448249817, -1.0, 0.6995505094528198, 0.3043501079082489]
[-0.4444323480129242, -0.4732508659362793, 0.07007157802581787, -0.6866388320922852, -0.3993358016014099, -0.3993903696537018, 0.08549005538225174, -0.6057851314544678, -0.4750487506389618, -0.2098550945520401, 0.16312460601329803, -0.06338026374578476, -0.789401650428772, -0.7426254749298096, 0.025249209254980087, -0.9777094721794128, -0.1522546261548996, 0.215214803814888, 0.4191305339336395, -0.3593471646308899, 0.20146994292736053, -0.03644392639398575, 0.6496725678443909, 0.13019801676273346, -0.36428913474082947, 0.30815622210502625, 0.2817106544971466, -0.5886701941490173, 0.5328456163406372, 0.10690196603536606, 0.6265473961830139, 0.024289296939969063, -0.043928779661655426, -0.4557980000972748, -0.3944029211997986, -0.5510948896408081, 0.340425580739975, 0.08524561673402786, -0.879613995552063, -0.009988432750105858, -0.3954662084579468, -1.560773491859436, -0.44518423080444336, 0.9587818384170532, -0.0012100025778636336, -0.3969060480594635, -0.05964749678969383, 1.124908447265625, 0.2421654909849167, 3.229200601577759, -0.0992768183350563, 0.21218273043632507, 0.11005469411611557, 0.04421200230717659, 0.024774225428700447, 0.17359885573387146, 0.10249022394418716, 0.05241677537560463, 0.055399224162101746, 0.1751081943511963, 0.08072563260793686, 0.03077581524848938, 0.3159898817539215, -0.0325920432806015, 0.09979711472988129, -0.028499748557806015, -0.02683950588107109, -0.15878796577453613, -0.07988297939300537, -0.05448949337005615, 0.06016501784324646, 0.04710894078016281, 0.02661464549601078, -0.42989325523376465, 0.5016708970069885, 0.8924174904823303, 0.28997769951820374, 0.31516391038894653, 0.1420409232378006, 0.7692980766296387, 0.08911395072937012, 0.6595393419265747, -1.005422592163086, 3.12972354888916, 0.48337841033935547, 0.0, -0.38999998569488525, 0.47999998927116394, -0.554216742515564, -0.40107905864715576, 0.34627652168273926, 0.6419283747673035, 0.42477133870124817, 0.7268068790435791, 0.3503466844558716, -0.4105827212333679, 0.025962209329009056, -0.4475667476654053, 0.45621156692504883, 0.05853501334786415, -0.36926549673080444, 0.9178853034973145, -0.13305282592773438, 0.278482586145401, 0.008688664063811302, 0.12290524691343307, -1.8800033330917358, -0.040814049541950226, 0.508280873298645, 0.04781702160835266, -0.44463929533958435, 0.45764756202697754, 0.048407770693302155, -0.298030287027359, 0.9437952637672424, -0.1344810277223587, 0.18021973967552185, -0.025707492604851723, 0.24328351020812988, 0.4494307041168213, 1.3203377723693848, -1.1259056329727173, 0.06530546396970749, -0.4303240478038788, 0.4820917844772339, 0.0635494515299797, -0.4085475504398346, 0.9033152461051941, -0.11433178931474686, 0.45635825395584106, 0.09614484757184982, 0.102414071559906, -0.6342097520828247, -0.9920130372047424, 3.6397135257720947, 0.07226353883743286, -0.4004296064376831, 0.5196517109870911, -0.29307910799980164, 0.45622342824935913, 0.8266264200210571, -0.1505107581615448, 0.7063949108123779, -0.2019161880016327, 0.0758386105298996, 9.286548614501953, 9.631532669067383, 7.447652339935303, -0.05517296493053436, -0.3733031153678894, 0.51659095287323, -0.03463693708181381, -0.5259243845939636, 0.8424089550971985, 0.11203029006719589, 0.35931557416915894, -0.22238266468048096, 0.08557959645986557, 1.646470069885254, 0.27916184067726135, -1.4408447742462158, -0.5151867270469666, -1.2807725667953491, 1.1118710041046143, 0.02500041387975216, -0.0028271039482206106, 0.007480609230697155, 0.14271771907806396, -1.163338541984558, 1.1509077548980713, 0.03496669977903366, 0.0004502336960285902, -0.0017794420709833503, 0.3093787729740143, -1.0939148664474487, 0.7488925457000732, 0.01436709426343441, 0.0025687215384095907, -0.003911820240318775, -0.28510767221450806, 0.9202829599380493, 0.07442024350166321, -0.013035261072218418, 0.0016761310398578644, 0.001989710610359907, 1.3739168643951416, 0.682491660118103, -0.2243591696023941, -0.001694433274678886, 0.025126274675130844, 0.013926206156611443, -1.0, 0.0026773163117468357, 0.2724427282810211, -1.0, 0.04059120640158653, 0.6080699563026428, 0.029600046575069427, -0.15788567066192627, -0.17933900654315948, -0.9624255299568176, -0.6981790065765381, -1.0, -1.0, -0.4254648685455322, -0.8110681176185608, -0.0008278116583824158, 0.06399527192115784, -1.0, 0.5744194984436035, 1.0]
[-0.5367394089698792, -0.43514055013656616, 0.07589690387248993, -0.7429283857345581, -0.30321767926216125, -0.3770727515220642, 0.22665801644325256, -0.600135862827301, -0.447458416223526, -0.22586700320243835, 0.09515616297721863, -0.11987203359603882, -0.7586563229560852, -0.7319847941398621, -0.14466366171836853, -0.9816425442695618, -0.20359717309474945, 0.035444315522909164, 0.36412671208381653, -0.353820264339447, 0.20743440091609955, -0.19015346467494965, 0.6424106359481812, 0.2572645843029022, -0.3340785801410675, 0.2460709810256958, -0.1175321713089943, -0.4775477945804596, 1.075080394744873, 0.29766353964805603, 0.5946149230003357, -0.0044409409165382385, 0.3903083801269531, 0.029671791940927505, -0.25956302881240845, -0.4226255416870117, 0.2794483006000519, 0.10178212076425552, -0.744734525680542, -0.018660955131053925, -0.5215007066726685, -1.7114391326904297, -0.5602006316184998, -0.419400691986084, 0.06578894704580307, -0.3668654263019562, -0.02263786457479, 1.2011938095092773, 0.9852233529090881, -0.6417174339294434, -0.0698661208152771, 0.0006093006231822073, 0.03683421388268471, 0.023108553141355515, 0.05861514061689377, -0.05778707191348076, 0.009347844868898392, 0.01902223378419876, 0.01751331239938736, 0.01065225712954998, 0.004053881391882896, 0.002080465666949749, 0.1450672596693039, 0.030018294230103493, 0.040501758456230164, 0.004895677790045738, -0.0030894610099494457, -0.3382985591888428, -0.028901921585202217, -0.002588110975921154, 0.18837958574295044, 0.05931146442890167, 0.03983563929796219, -0.4285719394683838, 0.5106465816497803, 0.9114130139350891, 0.336731880903244, 0.2010108232498169, 0.12462924420833588, 0.7638874053955078, 0.06825017184019089, 0.4777953624725342, -0.5217640399932861, 2.7728183269500732, 0.5769543647766113, 0.0, -0.38999998569488525, 0.47999998927116394, -0.554216742515564, -0.40107905864715576, 0.34627652168273926, 0.6419283747673035, 0.45690980553627014, 0.6931484341621399, 0.2648046314716339, -0.4905681014060974, 0.031449005007743835, -0.44692760705947876, 0.4585127532482147, 0.0583634115755558, -0.33547717332839966, 0.9285908341407776, -0.14753921329975128, 0.3517398238182068, 0.13733765482902527, 0.21143989264965057, -5.349684238433838, -1.990687370300293, 2.2648398876190186, 0.05055972561240196, -0.4444710612297058, 0.46214401721954346, 0.05147366598248482, -0.2797844409942627, 0.950529158115387, -0.12476079165935516, 0.1391737014055252, 0.06231364607810974, 0.274396151304245, -3.5114083290100098, 0.010327544994652271, -1.0630824565887451, 0.07175544649362564, -0.4290471076965332, 0.48320087790489197, 0.06885237246751785, -0.4028289318084717, 0.9019520282745361, -0.13953766226768494, 0.3881467878818512, 0.1127074733376503, 0.09338846802711487, -0.8072855472564697, -0.7820243835449219, 2.882091999053955, 0.08424791693687439, -0.40180179476737976, 0.5168401002883911, -0.2599708139896393, 0.3496161997318268, 0.8742713928222656, -0.21408657729625702, 0.7507951855659485, -0.230951189994812, -0.038991719484329224, 10.662235260009766, 10.742684364318848, 7.090968132019043, -0.051747776567935944, -0.37480607628822327, 0.517425000667572, -0.07283325493335724, -0.5246832966804504, 0.839777946472168, 0.11906198412179947, 0.014711601659655571, 0.00735221104696393, 0.01864057034254074, -1.5698537826538086, -5.37110710144043, -4.0312628746032715, -0.34461989998817444, -0.4801970422267914, 0.02162448689341545, 0.01590559631586075, -0.0022199286613613367, 0.0066736722365021706, 0.325851708650589, -0.2487381547689438, -0.17846211791038513, 0.015291162766516209, 0.0009291877504438162, -0.0027978664729744196, 0.1233530193567276, -0.06338193267583847, -0.08071485161781311, 0.0011297365417703986, 0.0001480274659115821, 0.00033051997888833284, 0.3222264349460602, 0.038590312004089355, 0.0038632748182862997, -0.002510607009753585, -7.183817274380999e-07, -0.002684919396415353, 2.506402015686035, 0.14275091886520386, -0.9634596705436707, 0.0069553665816783905, 0.019209036603569984, 0.017809223383665085, -0.923903226852417, -0.2656504511833191, -0.2629053294658661, -1.0, 0.4308268427848816, 0.04327656701207161, -0.0006679808720946312, 0.05825221911072731, 0.5121911764144897, -1.0, -0.7983235120773315, -1.0, -1.0, -0.5414003133773804, -1.0, -0.7610191106796265, 0.2699655592441559, -1.0, 0.6772574186325073, 1.0]
[-0.601788341999054, -0.4217435121536255, 0.03513510152697563, -0.7864738702774048, -0.16368277370929718, -0.3093249797821045, 0.3413456976413727, -0.5786897540092468, -0.3901069760322571, -0.213911771774292, 0.02891704812645912, -0.1604030430316925, -0.7341839671134949, -0.7218432426452637, -0.2836689054965973, -0.974081814289093, -0.27697524428367615, -0.13679830729961395, 0.26357463002204895, -0.42108675837516785, 0.23938611149787903, -0.3256470859050751, 0.6454328298568726, 0.37767866253852844, -0.17700283229351044, -0.0032088167499750853, -0.14918453991413116, -0.3239889144897461, 1.4009461402893066, 1.105306625366211, 0.35406824946403503, 0.15803645551204681, 0.575740396976471, 0.16388528048992157, -0.2911178767681122, -0.23908774554729462, 0.2315758317708969, 0.0879945456981659, -0.6033989191055298, 0.060426920652389526, -0.7665635943412781, -1.5302972793579102, -1.4073318243026733, -1.0530263185501099, 0.31534236669540405, -0.3139549493789673, 0.04830440878868103, 1.0666396617889404, 3.9681098461151123, -2.625800132751465, 0.1541384905576706, -0.09264551103115082, -0.003173859789967537, 0.04343504086136818, 0.060582228004932404, -0.17203569412231445, -0.04246748238801956, -0.005319100804626942, 0.09063322097063065, -0.10518123209476471, -0.03434721753001213, -0.010412797331809998, 0.06023578718304634, 0.1285591721534729, -0.03812142089009285, 0.006086255423724651, -0.032770510762929916, -0.18746522068977356, -0.007882338017225266, 0.011937039904296398, 0.12851165235042572, 0.03447811305522919, 0.05158856138586998, -0.4279504120349884, 0.515819251537323, 0.9152050018310547, 0.37800469994544983, 0.10446299612522125, 0.09273441135883331, 0.6443178653717041, 0.022120419889688492, 0.2181510031223297, -0.05923902988433838, 2.4560341835021973, 0.5524076819419861, 0.0, -0.38999998569488525, 0.47999998927116394, -0.554216742515564, -0.40107905864715576, 0.34627652168273926, 0.6419283747673035, 0.46609896421432495, 0.6546549201011658, 0.19251899421215057, -0.5631297826766968, 0.035909079015254974, -0.4451875388622284, 0.4599453806877136, 0.0503055602312088, -0.2709653675556183, 0.9465043544769287, -0.16785874962806702, 0.1474112868309021, 0.25049617886543274, 0.13709697127342224, -10.148106575012207, -3.9617860317230225, 1.6413934230804443, 0.05205845460295677, -0.44363346695899963, 0.4656694829463959, 0.050687093287706375, -0.24086211621761322, 0.9621754884719849, -0.11676722019910812, 0.04678654298186302, 0.11924314498901367, 0.15221267938613892, -4.543882846832275, -0.5571274757385254, -0.5949085354804993, 0.07660436630249023, -0.42776769399642944, 0.482776403427124, 0.07333680242300034, -0.4005547761917114, 0.899165153503418, -0.1602485477924347, 0.24535125494003296, 0.08969231694936752, -0.05059845745563507, -0.18323495984077454, -0.6043686270713806, 2.2533891201019287, 0.0946880355477333, -0.4037119448184967, 0.5106393694877625, -0.21130430698394775, 0.21448403596878052, 0.9153944849967957, -0.2672075629234314, 0.6955865621566772, -0.3618580996990204, -0.30758604407310486, 15.046087265014648, 13.624080657958984, 6.505651473999023, -0.05195308104157448, -0.3737642168998718, 0.517124593257904, -0.14250119030475616, -0.5104453563690186, 0.839057207107544, 0.12297045439481735, -0.20648717880249023, 0.15679731965065002, -0.05197484418749809, -2.5616021156311035, -7.0791449546813965, -5.362783432006836, 0.9537450075149536, -0.532289981842041, -0.6147871017456055, 0.03545068949460983, 0.002889682073146105, -0.00513603026047349, 0.41145825386047363, 0.32568123936653137, -0.8813543319702148, -0.0004338824946898967, 0.00037131120916455984, 0.002697865478694439, 0.6651390194892883, 0.48520758748054504, -0.5096274018287659, -0.0031346832402050495, 0.0017230159137398005, -0.00041750387754291296, 1.0706815719604492, 0.15023313462734222, -0.3760993182659149, -0.030517011880874634, -0.0026283562183380127, -0.007653271779417992, 1.7367631196975708, 0.07785671204328537, -0.45479026436805725, 0.002827913034707308, 0.00668990146368742, 0.001907748868688941, -0.4767806828022003, -0.5876193046569824, -0.2274480164051056, -1.0, 0.7129085659980774, -0.36711403727531433, 0.22864869236946106, 0.18660011887550354, 0.7007496953010559, -1.0, -0.8315284848213196, -1.0, -0.8191518187522888, -0.7943371534347534, -1.0, -1.0, 0.5342325568199158, -1.0, 0.736099362373352, 1.0]
[-0.6197730302810669, -0.4382646977901459, 0.041196584701538086, -0.7868587374687195, -0.02568766660988331, -0.1558331847190857, 0.3556412160396576, -0.5538313984870911, -0.33329787850379944, -0.19542856514453888, -0.08194827288389206, -0.18996740877628326, -0.7237642407417297, -0.7147622108459473, -0.39848792552948, -0.9364657998085022, -0.37370744347572327, -0.2860758900642395, 0.08751403540372849, -0.5075247883796692, 0.3142504096031189, -0.4427184462547302, 0.6486982107162476, 0.48180970549583435, 0.012681582942605019, -0.19221894443035126, 0.009264315478503704, 0.06701113283634186, 1.2125388383865356, 1.5820163488388062, 0.03747798129916191, 0.16157199442386627, 0.44652238488197327, 0.16723285615444183, -0.4822372496128082, -0.10547967255115509, 0.08077062666416168, 0.043552953749895096, -0.5084500908851624, 0.20862357318401337, -0.9700414538383484, -1.2989434003829956, -1.720008134841919, -1.072750210762024, 0.6578317880630493, -0.27054595947265625, 0.008812494575977325, 0.9065995216369629, 4.552070617675781, -1.954954743385315, 0.1104540079832077, -0.09481079876422882, -0.04174061864614487, -0.005659746006131172, 0.17172092199325562, -0.1425367295742035, -0.06012739613652229, -0.018804147839546204, 0.14747074246406555, -0.032088279724121094, -0.008284453302621841, -0.0028824717737734318, 0.08355690538883209, 0.14847593009471893, -0.011727279983460903, 0.014807376079261303, 0.0034978711046278477, -0.0500035285949707, 0.07844533026218414, 0.05433507263660431, 0.04995886608958244, 0.00893150083720684, 0.060237057507038116, -0.4287594258785248, 0.5164651870727539, 0.9145345687866211, 0.39945194125175476, 0.03974815830588341, 0.04984649643301964, 0.4234124720096588, -0.07369700074195862, -0.03984329104423523, 0.429863303899765, 1.7856711149215698, 0.2747906744480133, 0.0, -0.38999998569488525, 0.47999998927116394, -0.554216742515564, -0.40107905864715576, 0.34627652168273926, 0.6419283747673035, 0.4604284465312958, 0.6151227951049805, 0.1536724716424942, -0.621300458908081, 0.036295294761657715, -0.4434932768344879, 0.4607604146003723, 0.03240126743912697, -0.165837824344635, 0.9701253175735474, -0.17408229410648346, -0.1192682683467865, 0.2803560197353363, 0.06780581921339035, -12.519299507141113, -4.627658367156982, -0.02593456394970417, 0.052659034729003906, -0.44245755672454834, 0.46641436219215393, 0.04815184324979782, -0.2072581946849823, 0.9698489308357239, -0.11882099509239197, -0.04460902884602547, 0.0912051573395729, -0.03233594447374344, -2.873290777206421, -0.5763266086578369, -0.07083788514137268, 0.07960037142038345, -0.4269496500492096, 0.47994163632392883, 0.07730128616094589, -0.40871676802635193, 0.8911820650100708, -0.1810237318277359, 0.12450002878904343, 0.04453887790441513, -0.18225780129432678, 1.11696457862854, -0.479655385017395, 2.1922430992126465, 0.10190998762845993, -0.4067250192165375, 0.5002709031105042, -0.14500673115253448, 0.04223032295703888, 0.9416502714157104, -0.3008061349391937, 0.54682457447052, -0.4656909108161926, -0.6556878089904785, 17.111669540405273, 14.576082229614258, 4.600935459136963, -0.054337821900844574, -0.3709540367126465, 0.5167797207832336, -0.21321672201156616, -0.4875727593898773, 0.836239755153656, 0.1323421150445938, -0.29319053888320923, 0.2695621848106384, -0.024098118767142296, -3.0177626609802246, -5.658387660980225, -5.876507759094238, 0.7249526977539062, 0.18115153908729553, -0.8050522804260254, -0.0029424726963043213, 0.0017249477095901966, -0.0007000531768426299, 1.062034010887146, 0.5395749807357788, -0.8415490984916687, -0.010710524395108223, 0.0017735733417794108, -0.006225216202437878, 1.0007140636444092, 0.13993071019649506, -0.30965957045555115, -0.0007835112628526986, 0.0038806432858109474, -0.003595589892938733, 1.195745587348938, -0.18882432579994202, -0.3073074519634247, 0.0006655061733908951, -0.001489771413616836, -0.008931691758334637, 0.7288839817047119, -0.5181858539581299, 0.004027477465569973, 0.0044756317511200905, -0.002730644540861249, -0.00712807709351182, -0.13127842545509338, -0.7232730388641357, -0.14483386278152466, -0.8108505606651306, 0.6431443095207214, -0.8575729131698608, 0.3714541494846344, 0.11998727917671204, 0.7890344262123108, -1.0, -0.9450947046279907, -1.0, -0.5421603918075562, -1.0, -1.0, -1.0, 0.9110446572303772, -1.0, 0.6581957340240479, 1.0]
[-0.6079010963439941, -0.4670247733592987, 0.030574150383472443, -0.7787209153175354, 0.04860612750053406, -0.014199260622262955, 0.36873212456703186, -0.500307559967041, -0.28888964653015137, -0.17999312281608582, -0.16397036612033844, -0.20795510709285736, -0.7255135774612427, -0.7123593688011169, -0.5000738501548767, -0.8478610515594482, -0.4742676913738251, -0.41174831986427307, -0.0799901932477951, -0.5889206528663635, 0.4124268889427185, -0.5405064225196838, 0.6274698376655579, 0.5305084586143494, 0.0736527144908905, -0.20391307771205902, -0.06490036100149155, 0.076884426176548, 0.40366464853286743, 0.9693247079849243, 0.1101471409201622, 0.47569069266319275, 0.3491339385509491, 0.13072918355464935, -0.29144084453582764, 0.01537015475332737, -0.0025513425935059786, 0.005363007541745901, -0.4595363140106201, 0.4497249722480774, -0.9130865335464478, -1.0861561298370361, -1.4222582578659058, -0.9614765048027039, 0.7312160730361938, -0.22291934490203857, -0.20516526699066162, 0.21105284988880157, 1.4306559562683105, 0.14997155964374542, 0.03865138813853264, 0.005779956001788378, -0.05647072568535805, -0.05601424723863602, 0.09305886179208755, 0.05395914986729622, 0.014072686433792114, 0.002820256631821394, 0.05642404779791832, 0.037009019404649734, 0.010787611827254295, 0.0024826726876199245, 0.13196250796318054, 0.054327405989170074, 0.10480658710002899, 0.05255792289972305, 0.027994466945528984, 0.036379117518663406, 0.030579568818211555, 0.02391621470451355, -0.02890879102051258, -0.02933974377810955, 0.06661281734704971, -0.43039804697036743, 0.515791118144989, 0.9117544293403625, 0.41039079427719116, -0.01628871262073517, 0.004223719239234924, 0.39209794998168945, -0.07623720914125443, -0.04216126352548599, 0.4075406491756439, 1.9188450574874878, 0.2600632607936859, 0.0, -0.38999998569488525, 0.47999998927116394, -0.554216742515564, -0.40107905864715576, 0.34627652168273926, 0.6419283747673035, 0.4520461857318878, 0.571827232837677, 0.1263214498758316, -0.6728377342224121, 0.03533106669783592, -0.4422827959060669, 0.45976802706718445, 0.017907343804836273, -0.08841326832771301, 0.9802380204200745, -0.1760563999414444, -0.10725921392440796, 0.13935109972953796, -0.07916200160980225, -5.8002543449401855, -2.272282123565674, -0.03876600041985512, 0.051481764763593674, -0.44134411215782166, 0.46726128458976746, 0.04499218612909317, -0.17200952768325806, 0.9771310091018677, -0.11663288623094559, -0.12410911917686462, 0.10264147073030472, 0.05466766655445099, -3.7470784187316895, -0.6179981827735901, -0.6549617648124695, 0.08042918890714645, -0.42676299810409546, 0.4763733148574829, 0.07989921420812607, -0.4222412705421448, 0.8822682499885559, -0.19217444956302643, 0.010953843593597412, 0.010384373366832733, -0.16124407947063446, 1.063326120376587, -0.1789427101612091, 0.9821786284446716, 0.10543445497751236, -0.4099683165550232, 0.48782482743263245, -0.0783529207110405, -0.1238863617181778, 0.9408881664276123, -0.3053562045097351, 0.3104933500289917, -0.4021141231060028, -0.8183121681213379, 15.390632629394531, 12.653419494628906, 1.995453953742981, -0.057298693805933, -0.3673965334892273, 0.5169047713279724, -0.25728800892829895, -0.46258819103240967, 0.8373533487319946, 0.13658057153224945, -0.22273783385753632, 0.26473256945610046, 0.02718462236225605, -3.1291470527648926, -2.5916073322296143, -2.4592082500457764, 0.2614811360836029, 0.9038141369819641, -0.31543171405792236, -0.042457036674022675, 0.0005050244508311152, -0.0007073878077790141, 0.5465514659881592, -0.11941588670015335, 0.18887974321842194, 0.0010290181962773204, 0.0006891882512718439, -0.005391796585172415, 0.37316247820854187, -0.14053930342197418, 0.059072788804769516, 0.0003745830326806754, 0.0016285957535728812, -0.0017317633610218763, 0.5588189363479614, -0.5135917067527771, 0.40263622999191284, 0.020290590822696686, -5.5833930673543364e-05, -0.00598341878503561, -0.6532242298126221, -0.25173771381378174, 0.17725959420204163, 0.001861991942860186, -0.018888158723711967, -0.0038600401021540165, -0.348686546087265, -0.6162979602813721, -0.09198632091283798, -0.7568672299385071, 0.13052143156528473, -1.0, 0.7216525673866272, 0.1405961811542511, 0.993468165397644, -1.0, -1.0, -1.0, -0.11188000440597534, -1.0, -1.0, -1.0, 1.0, -1.0, 0.3772161304950714, 0.5349581241607666]
[-0.5917302966117859, -0.5036056637763977, 0.01579330861568451, -0.7531408667564392, 0.0745597556233406, 0.04459899663925171, 0.3795425295829773, -0.4396674335002899, -0.26262786984443665, -0.1689993143081665, -0.22975212335586548, -0.22740337252616882, -0.7341099977493286, -0.7129042744636536, -0.5871036648750305, -0.7175620198249817, -0.563545823097229, -0.5160916447639465, -0.21317678689956665, -0.6595796942710876, 0.5086215734481812, -0.6187276840209961, 0.5849658250808716, 0.5271156430244446, 0.05806029960513115, -0.29048362374305725, -0.05144169554114342, 0.3178793787956238, 0.1526927798986435, 0.2676355242729187, 0.03220737725496292, 0.42184051871299744, 0.14949433505535126, 0.0774347260594368, -0.2648121118545532, -0.09170398116111755, -0.06343399733304977, -0.01732352375984192, -0.37937167286872864, 0.5837720036506653, -0.7814254760742188, -0.8974263072013855, -1.1239665746688843, -0.8182191848754883, 0.6682568192481995, -0.176311656832695, -0.2927074432373047, -0.15782490372657776, -0.40314388275146484, -0.7873010635375977, -0.011541873216629028, -0.011062337085604668, -0.01527272630482912, -0.026277488097548485, -0.012752405367791653, -0.07866036891937256, -0.039894040673971176, -0.015198681503534317, -0.0035640879068523645, -0.0840410590171814, -0.03536953032016754, -0.013037074357271194, -0.010476275347173214, -0.013527598232030869, 0.056157588958740234, 0.040818795561790466, 0.024369966238737106, 0.0850653201341629, -0.07368975132703781, -0.03191938251256943, -0.04465451091527939, -0.024240847676992416, 0.07282931357622147, -0.43205526471138, 0.5133475065231323, 0.9092026948928833, 0.40772977471351624, -0.07325576990842819, -0.04171790927648544, 0.4136565029621124, -0.07215192914009094, -0.21276772022247314, 0.42638498544692993, 1.878435730934143, -0.022636961191892624, 0.0, -0.38999998569488525, 0.47999998927116394, -0.554216742515564, -0.40107905864715576, 0.34627652168273926, 0.6419283747673035, 0.44871628284454346, 0.5192371010780334, 0.10611249506473541, -0.7195738554000854, 0.03428809344768524, -0.4413455128669739, 0.45817074179649353, 0.011285499669611454, -0.05670490115880966, 0.9826059937477112, -0.17647258937358856, -0.07601393014192581, 0.08804536610841751, -0.10024156421422958, -2.0667123794555664, -0.8637761473655701, -0.04641124606132507, 0.05009465292096138, -0.44016459584236145, 0.467418909072876, 0.04318101331591606, -0.1447460651397705, 0.9819484949111938, -0.11384697258472443, -0.08015382289886475, 0.08547662198543549, -0.06595965474843979, -1.8122239112854004, -0.18862533569335938, -0.2684869170188904, 0.08074726909399033, -0.4266777038574219, 0.4718879461288452, 0.08307040482759476, -0.44164034724235535, 0.8708025217056274, -0.1993890404701233, 0.026405535638332367, 0.0025600288063287735, -0.2866111099720001, 2.3249781131744385, 0.3871561288833618, 0.95323646068573, 0.10605689883232117, -0.4124473035335541, 0.4750109314918518, -0.02359311282634735, -0.2649487853050232, 0.9198165535926819, -0.28841468691825867, 0.10953924804925919, -0.28856053948402405, -0.8963310718536377, 13.610595703125, 10.435815811157227, 0.2942321002483368, -0.05978113412857056, -0.36407703161239624, 0.5170320868492126, -0.27345481514930725, -0.44242075085639954, 0.8435471057891846, 0.1338454782962799, -0.14023277163505554, 0.2081480175256729, 0.018569504842162132, -2.3505475521087646, -0.45955437421798706, -0.4974818825721741, -0.0723022073507309, 0.34996017813682556, -0.1954852193593979, -0.02102808654308319, -2.314244738954585e-05, 0.000487392651848495, -0.09563400596380234, 0.3559648394584656, -0.48863649368286133, -0.009859208948910236, -0.0003497034194879234, 0.0006242942763492465, -0.036902040243148804, 0.47407495975494385, -0.2732609808444977, -0.005925949662923813, 3.798300531343557e-05, -4.625850124284625e-05, 0.18272532522678375, -0.49345704913139343, 0.15337985754013062, 0.01696811243891716, 0.0018137667793780565, -0.00177542376331985, -0.7840264439582825, 0.4165700376033783, 0.06282630562782288, -0.0026728780940175056, -0.011696425266563892, -0.004497932735830545, -0.5488581657409668, -0.795475959777832, -0.29296016693115234, -0.6013776063919067, 0.11851941049098969, -1.0, 0.5801573395729065, -0.03264027461409569, 1.0, -1.0, -1.0, -1.0, 0.140245258808136, -1.0, -1.0, -1.0, 1.0, -1.0, 0.2881748378276825, 0.36659106612205505]
[-0.5885307192802429, -0.5492362976074219, 0.0034794851671904325, -0.6988833546638489, 0.06096990033984184, 0.05398830026388168, 0.3769461214542389, -0.3709598481655121, -0.26294270157814026, -0.16553367674350739, -0.28124693036079407, -0.25993597507476807, -0.7326297163963318, -0.7132658362388611, -0.6594176292419434, -0.5509132146835327, -0.639060914516449, -0.6021980047225952, -0.32044246792793274, -0.7200060486793518, 0.5929868221282959, -0.681425929069519, 0.510181188583374, 0.4607934355735779, -0.016292670741677284, -0.33258476853370667, -0.05777188017964363, 0.590661346912384, -0.2710413634777069, -0.022571591660380363, -0.007887342013418674, 0.6552795171737671, -0.09730184078216553, -0.005864834878593683, -0.19190286099910736, -0.28596600890159607, 0.08999232947826385, 0.014073553495109081, -0.31721097230911255, 0.7406062483787537, -0.656413733959198, -0.7402307391166687, -0.9212862849235535, -0.6964136362075806, 0.5708317160606384, -0.14321821928024292, -0.5529078841209412, -0.8495742082595825, -1.8662452697753906, -0.19799110293388367, -0.06251479685306549, 0.026072822511196136, -0.016248537227511406, -0.015608856454491615, -0.06514827907085419, 0.09025083482265472, 0.026587488129734993, 0.00490931561216712, -0.031896837055683136, -0.1242142915725708, -0.045843690633773804, -0.014405673369765282, -0.012676453217864037, -0.06717140972614288, 0.060353055596351624, 0.039947688579559326, 0.02114327996969223, 0.10726629197597504, -0.08477266877889633, -0.040814463049173355, -0.08075037598609924, -0.04342286288738251, 0.08003472536802292, -0.43340349197387695, 0.5089924335479736, 0.9158263206481934, 0.3686293065547943, -0.13529010117053986, -0.08408942073583603, 0.4973723292350769, -0.07318264245986938, -0.32283738255500793, 0.2638315260410309, 1.9215503931045532, -0.4658053517341614, 0.0, -0.38999998569488525, 0.47999998927116394, -0.554216742515564, -0.40107905864715576, 0.34627652168273926, 0.6419283747673035, 0.4679054617881775, 0.4450562298297882, 0.10528986155986786, -0.7562429904937744, 0.033989034593105316, -0.4403824508190155, 0.4566008150577545, 0.00946682970970869, -0.050826165825128555, 0.9826650023460388, -0.1780349165201187, 0.011295818723738194, 0.05566084012389183, -0.08835573494434357, 0.20797626674175262, -0.048551589250564575, 0.34475356340408325, 0.049700308591127396, -0.43868064880371094, 0.4667153060436249, 0.04300554096698761, -0.13005462288856506, 0.9838880896568298, -0.11489289999008179, 0.0021886639297008514, 0.10943665355443954, -0.05004320666193962, -1.116431474685669, -0.07938551902770996, 0.27018654346466064, 0.0815034881234169, -0.426174134016037, 0.4660552740097046, 0.08741585165262222, -0.4639773964881897, 0.8572182655334473, -0.20557306706905365, 0.0756240263581276, 0.03296050801873207, -0.37129706144332886, 2.518212080001831, 0.5990270376205444, 0.9883202314376831, 0.10485650599002838, -0.4136492609977722, 0.46239182353019714, 0.018358081579208374, -0.3829044699668884, 0.8866165280342102, -0.2587627172470093, -0.024587487801909447, -0.15856008231639862, -0.8888958096504211, 11.976661682128906, 8.79836368560791, -0.9222552180290222, -0.06110801920294762, -0.36178505420684814, 0.517044186592102, -0.25454506278038025, -0.43189096450805664, 0.8570576310157776, 0.11886642128229141, 0.017685454338788986, 0.08794230967760086, 0.04575604945421219, -1.6717888116836548, 2.9394664764404297, 3.7954483032226562, -0.4003143906593323, 0.30341583490371704, -7.552638999186456e-05, -0.01105761993676424, 3.399744309717789e-05, 0.0026564612053334713, -0.44162696599960327, -0.22932112216949463, 0.3263291120529175, 0.0014694989658892155, -0.000453402113635093, 0.00308996275998652, -0.2536821663379669, 0.6048414707183838, -0.24428808689117432, -0.005333051085472107, -0.00044601975241675973, -0.0006610692944377661, -0.17191888391971588, -0.48262977600097656, 0.1996701955795288, 0.013903835788369179, 0.0006674700416624546, -0.00016886123921722174, -1.4239466190338135, 0.4912566542625427, 0.11377638578414917, -0.0033738985657691956, -0.02063971944153309, -0.0021106130443513393, -0.8024550080299377, -0.8302220106124878, -0.2786666452884674, -0.35093390941619873, -0.1737644374370575, -1.0, 0.6934475302696228, -0.2300693392753601, 1.0, -1.0, -0.8134466409683228, -1.0, 0.5109885334968567, -1.0, -1.0, -1.0, 1.0, -1.0, -0.0766078531742096, -0.17251518368721008]
[-0.6083495020866394, -0.605412483215332, -0.016450582072138786, -0.6133668422698975, 0.009304926730692387, 0.04330673813819885, 0.35545507073402405, -0.26711705327033997, -0.3013050854206085, -0.17275983095169067, -0.29512014985084534, -0.3161343038082123, -0.6919873952865601, -0.7053995728492737, -0.7177591919898987, -0.3432742953300476, -0.701626181602478, -0.672997772693634, -0.4090014100074768, -0.7689326405525208, 0.6645105481147766, -0.732225775718689, 0.3830316960811615, 0.3147718608379364, -0.11531268805265427, -0.42705461382865906, -0.09924191981554031, 0.8900481462478638, -0.5839354395866394, -0.15795214474201202, -0.18533693253993988, 1.1547677516937256, -0.4783923625946045, -0.12460450083017349, 0.06800170987844467, -0.6499556303024292, 0.520389974117279, 0.1346873939037323, -0.25154873728752136, 0.9157373309135437, -0.539919376373291, -0.6076605916023254, -0.7620111107826233, -0.5405675768852234, 0.4809616208076477, -0.11624598503112793, -0.9099915623664856, -1.6084493398666382, -2.3807034492492676, -0.7218533754348755, -0.07560216635465622, 0.005131027661263943, -0.010952167212963104, -0.008425774984061718, -0.14369988441467285, 0.12934228777885437, 0.04004219174385071, 0.00821113120764494, 0.036024145781993866, -0.2095385193824768, -0.06330429762601852, -0.015929514542222023, -0.08445297181606293, -0.08083617687225342, 0.014096761122345924, 0.02298227697610855, 0.01526857540011406, 0.13587726652622223, -0.10360173881053925, -0.05071665719151497, -0.10461776703596115, -0.0504838228225708, 0.08822746574878693, -0.43413564562797546, 0.5023449659347534, 0.9225746393203735, 0.30409103631973267, -0.2049911618232727, -0.11984638124704361, 0.4956617057323456, -0.023879554122686386, -0.4843183755874634, -0.0678027868270874, 1.9636297225952148, -1.4440733194351196, 0.0, -0.38999998569488525, 0.47999998927116394, -0.554216742515564, -0.40107905864715576, 0.34627652168273926, 0.6419283747673035, 0.5027239322662354, 0.3529932200908661, 0.11140338331460953, -0.7811872959136963, 0.03513384610414505, -0.43909555673599243, 0.45510825514793396, 0.009668255224823952, -0.058475010097026825, 0.9811059236526489, -0.1841689795255661, 0.11338844150304794, 0.06989385187625885, -0.0932890996336937, 1.3836641311645508, 0.28521957993507385, 1.0186591148376465, 0.05089333653450012, -0.4363967478275299, 0.4662415385246277, 0.043525226414203644, -0.12368515878915787, 0.9837790727615356, -0.12241772562265396, 0.13050168752670288, 0.17983074486255646, -0.0018658973276615143, -0.531098484992981, -0.29626816511154175, 1.5676052570343018, 0.08270809054374695, -0.4249345660209656, 0.45868396759033203, 0.09144312143325806, -0.4806947708129883, 0.8467147946357727, -0.2089134156703949, 0.0825691670179367, 0.07338821887969971, -0.5160123705863953, 1.9235304594039917, 0.8801300525665283, 0.2648347020149231, 0.10250316560268402, -0.41335877776145935, 0.45011958479881287, 0.04961404576897621, -0.48166972398757935, 0.8466860055923462, -0.22057963907718658, -0.12472552061080933, -0.0273737832903862, -0.8844757080078125, 10.685617446899414, 7.680973529815674, -1.9474514722824097, -0.0606994591653347, -0.36112555861473083, 0.5172076225280762, -0.18776753544807434, -0.432528555393219, 0.8777479529380798, 0.0849749892950058, 0.2364555299282074, -0.0561850443482399, 0.07119409739971161, -0.6769421100616455, 7.173209190368652, 8.888602256774902, -0.49871671199798584, 0.1677079200744629, -0.07696065306663513, -0.005910156294703484, -4.823265044251457e-05, 0.003118765540421009, -0.8947913646697998, -0.37831777334213257, 0.42594170570373535, 0.002536365296691656, 0.0006574630970135331, 0.01074873749166727, 0.12239519506692886, 0.8441421985626221, -0.43479788303375244, -0.0032673822715878487, 0.003173250239342451, -0.006760689429938793, -0.2637249231338501, -0.3131634593009949, -0.012069162912666798, 0.010571124032139778, 0.00035350333200767636, 0.00021510108490474522, -1.7096922397613525, 0.6300565004348755, 0.23487718403339386, -0.004577951040118933, -0.023128747940063477, -0.002416931325569749, -1.0, -0.9990770816802979, -0.1883833110332489, -0.03043147176504135, -0.3900986313819885, -1.0, 0.7837095260620117, -0.5915611982345581, 1.0, -1.0, -0.3695746660232544, -1.0, 0.9565277099609375, -1.0, -1.0, -0.9683264493942261, 1.0, -1.0, -0.5556727647781372, -0.7865194082260132]
[-0.6467061638832092, -0.6662290096282959, -0.025064434856176376, -0.5069627165794373, -0.07978303730487823, 0.019628481939435005, 0.2717267572879791, -0.1374228149652481, -0.38513681292533875, -0.1937270164489746, -0.24070040881633759, -0.4025677740573883, -0.5853806138038635, -0.6803765296936035, -0.7674146294593811, -0.12883706390857697, -0.753991961479187, -0.7313961386680603, -0.4821939170360565, -0.7734278440475464, 0.707672655582428, -0.7720770239830017, 0.20446574687957764, 0.12657947838306427, -0.16576868295669556, -0.4281154274940491, -0.0016998940845951438, 1.029556155204773, -0.9465045928955078, -0.27906498312950134, -0.5381045341491699, 1.262490153312683, -0.9209873080253601, -0.2633584439754486, 0.433419793844223, -0.9006209373474121, 1.2206025123596191, 0.32873132824897766, -0.21972177922725677, 0.8631300926208496, -0.454252153635025, -0.5020310282707214, -0.6293203234672546, 0.22084467113018036, 0.2152101844549179, -0.0914626270532608, -1.2106443643569946, -1.8074674606323242, -1.3825374841690063, 0.22473767399787903, -0.01887786202132702, 0.016645891591906548, -0.014228499494493008, -0.011240611784160137, -0.1807573437690735, 0.06264716386795044, 0.0023214055690914392, -0.006704491097480059, 0.17064602673053741, -0.0769951120018959, 0.00793233048170805, 0.012637953273952007, 0.010452336631715298, -0.11121271550655365, 0.05740988254547119, 0.03445480763912201, 0.017281251028180122, 0.28570181131362915, -0.1092267781496048, -0.053013045340776443, -0.1720678210258484, -0.05162765085697174, 0.09535267949104309, -0.43450161814689636, 0.492714524269104, 0.8986574411392212, 0.30790337920188904, -0.2665693163871765, -0.16294485330581665, 0.37299084663391113, -0.020332390442490578, -0.6163414716720581, 1.7935688495635986, 1.4359632730484009, 2.3196208477020264, 0.0, -0.38999998569488525, 0.47999998927116394, -0.554216742515564, -0.40107905864715576, 0.34627652168273926, 0.6419283747673035, 0.48686257004737854, 0.295744925737381, 0.07509305328130722, -0.8184501528739929, 0.03712032735347748, -0.4376996159553528, 0.45373013615608215, 0.013228032737970352, -0.07866925746202469, 0.9783148169517517, -0.19114434719085693, 0.1478508859872818, 0.041316717863082886, -0.08630991727113724, 2.902850866317749, 1.1466015577316284, 0.838914692401886, 0.05397411808371544, -0.4333370327949524, 0.46593260765075684, 0.0423525795340538, -0.13222749531269073, 0.98004150390625, -0.14227019250392914, 0.24477550387382507, 0.17935529351234436, -0.02253035269677639, 2.0811288356781006, -0.510516881942749, 3.2197980880737305, 0.08338034898042679, -0.42312169075012207, 0.45045006275177, 0.09250534325838089, -0.48096993565559387, 0.8474476337432861, -0.20480038225650787, -0.01624690368771553, 0.11405330151319504, -0.48220184445381165, -1.2860188484191895, 0.30073562264442444, -1.2303640842437744, 0.09979656338691711, -0.4115539491176605, 0.4387491047382355, 0.07336638122797012, -0.5627862215042114, 0.8031712770462036, -0.18112123012542725, -0.15581098198890686, 0.09047580510377884, -0.7958806753158569, 9.233670234680176, 6.540757656097412, -1.9488383531570435, -0.057281218469142914, -0.3634481430053711, 0.518103837966919, -0.07131326198577881, -0.44759297370910645, 0.8906702399253845, 0.035796452313661575, 0.5556840300559998, -0.27158650755882263, 0.07758235186338425, 1.9871083498001099, 11.114760398864746, 13.010491371154785, -0.17221800982952118, 0.2438666671514511, 0.012311942875385284, -0.007582611870020628, -0.0008533592335879803, -0.0003937894944101572, -1.0083502531051636, 0.04891565069556236, 0.20021432638168335, -0.005970756523311138, 0.003328886581584811, 0.017913762480020523, 0.9228278398513794, -0.09094320237636566, -0.06965935230255127, 0.011273804120719433, 0.008486972190439701, -0.01520718913525343, -0.44398432970046997, -0.46471691131591797, 0.16765131056308746, 0.01031049620360136, -0.0022601268719881773, 0.002930794842541218, -2.1064836978912354, 0.8497875332832336, 0.92067551612854, -0.00931469164788723, -0.01792391575872898, -0.005548221990466118, -0.9998443722724915, -1.0, 0.006421692669391632, 0.13300660252571106, -0.7022300362586975, -1.0, 0.7005506753921509, -1.0, 1.0, -1.0, 0.2703092098236084, -1.0, 1.0, -1.0, -1.0, -0.5387736558914185, 0.7913209199905396, -1.0, -1.0, -1.0]
[-0.680662989616394, -0.7263635993003845, -0.03673972934484482, -0.40139156579971313, -0.11386604607105255, -0.002437454415485263, 0.17983728647232056, -0.0652136281132698, -0.48096945881843567, -0.22403645515441895, -0.194563090801239, -0.5145805478096008, -0.4170536994934082, -0.6157770156860352, -0.810832679271698, 0.032001931220293045, -0.7979265451431274, -0.7795913815498352, -0.5425969958305359, -0.7811279296875, 0.7296653389930725, -0.8067826628684998, 0.03878459706902504, -0.057075753808021545, -0.10402557998895645, -0.4126322865486145, -0.0710800513625145, 0.9515438079833984, 0.02061116136610508, -0.09901119023561478, -0.1989428997039795, 0.3286379277706146, -0.8707143664360046, -0.29251426458358765, -0.09722139686346054, -1.077431082725525, 1.6941235065460205, 1.1138509511947632, -0.19312110543251038, 0.5539848208427429, -0.3809899091720581, -0.41432610154151917, -0.5192216634750366, -0.27370673418045044, 0.12372422218322754, -0.08462276309728622, -0.9128910899162292, -1.6340550184249878, 1.1271896362304688, 0.43103164434432983, 0.022959351539611816, -0.014651305973529816, 0.05917394161224365, 0.034626446664333344, 0.1120821088552475, -0.23334592580795288, -0.09082920849323273, -0.030689150094985962, -0.16045966744422913, -0.011831797659397125, 0.005530152004212141, 0.0472678579390049, 0.07524479180574417, -0.07671568542718887, 0.07374434918165207, 0.036755770444869995, 0.016617264598608017, -0.1730242222547531, -0.008393382653594017, 0.0006203013472259045, 0.127486914396286, 0.05332254245877266, 0.09938640147447586, -0.43295973539352417, 0.48408371210098267, 0.8895639777183533, 0.2822812795639038, -0.3087288737297058, -0.18351997435092926, 0.024046875536441803, 0.20404843986034393, -0.49486619234085083, 1.6233505010604858, -0.0012224429519847035, 2.0322046279907227, 0.0, -0.38999998569488525, 0.47999998927116394, -0.554216742515564, -0.40107905864715576, 0.34627652168273926, 0.6419283747673035, 0.49540379643440247, 0.24453073740005493, 0.06570728868246078, -0.8309406042098999, 0.038546670228242874, -0.43557024002075195, 0.4533184766769409, 0.012319018132984638, -0.07726740837097168, 0.9770512580871582, -0.1981130689382553, 0.04329409822821617, 0.18036125600337982, 0.015458161011338234, -2.050096035003662, -1.069689154624939, 0.8017545938491821, 0.05688241124153137, -0.43123236298561096, 0.46264636516571045, 0.044855643063783646, -0.17099270224571228, 0.9709758758544922, -0.16110612452030182, 0.1470545381307602, -0.009466508403420448, -0.32322466373443604, 6.051400661468506, 1.6622421741485596, 1.2332730293273926, 0.08352534472942352, -0.4205225110054016, 0.44214144349098206, 0.08780165761709213, -0.455518901348114, 0.8620378971099854, -0.20416678488254547, 0.0349922738969326, 0.2539415657520294, -0.39219367504119873, -5.8258161544799805, -3.12701678276062, 0.6729159951210022, 0.09726986289024353, -0.40878060460090637, 0.4287585914134979, 0.09181814640760422, -0.6276798248291016, 0.7585445046424866, -0.14898839592933655, -0.15304656326770782, 0.15368925034999847, -0.6901569962501526, 7.99192476272583, 5.126583576202393, -1.21038818359375, -0.05408525839447975, -0.3658673167228699, 0.5179608464241028, 0.0373104065656662, -0.4598817527294159, 0.8870400786399841, -0.016627708449959755, 0.3342949450016022, -0.0941997691988945, -0.0820285752415657, 1.2729774713516235, 7.065859794616699, 10.387300491333008, 0.19450253248214722, -0.677898645401001, 0.27373388409614563, 0.024457963183522224, 0.0006089602829888463, -0.0002539933775551617, 0.6768894791603088, 0.9720311164855957, -0.8752321600914001, -0.016108684241771698, -0.0016781939193606377, -0.011316527612507343, -0.8429118394851685, -0.5952887535095215, 0.0414997935295105, 0.03833852708339691, -0.006879710592329502, 0.01427498273551464, -0.27524974942207336, -0.4868960976600647, 0.2636459171772003, 0.009313822723925114, -0.003366880351677537, 0.004876652732491493, 1.8574196100234985, 0.0357641726732254, -0.9603596925735474, 0.003264108207076788, 0.023603834211826324, 0.005627601407468319, -0.6302399635314941, -1.0, -0.15113425254821777, 0.17286142706871033, 0.07552655041217804, -1.0, -0.025205589830875397, -1.0, 1.0, -1.0, 0.8730378150939941, -1.0, 0.6476562023162842, -1.0, -1.0, -1.0, 0.8007904291152954, -1.0, -0.6706624031066895, -1.0]
[-0.6999424695968628, -0.7828081846237183, -0.05665156617760658, -0.3109759986400604, -0.08346091955900192, -0.0014188258210197091, 0.14882096648216248, -0.045847088098526, -0.5676766037940979, -0.2763514220714569, -0.2338058352470398, -0.6288597583770752, -0.2494550347328186, -0.44481566548347473, -0.8486851453781128, 0.15884901583194733, -0.8346239328384399, -0.8193228840827942, -0.5924000144004822, -0.8077107071876526, 0.700881838798523, -0.8323196768760681, -0.07316845655441284, -0.196572408080101, -0.04973174259066582, -0.36812517046928406, -0.08643275499343872, 0.7733392715454102, 0.41772395372390747, 0.08723266422748566, -0.03249121084809303, 0.0784558579325676, -0.7728533148765564, -0.7205535769462585, -0.274730920791626, -0.9441925883293152, 1.4838905334472656, 1.8487268686294556, -0.16997596621513367, 0.5058259963989258, -0.31949499249458313, -0.3421158790588379, -0.4282936155796051, -0.3626134693622589, -0.3940609395503998, -0.059697020798921585, -0.567560613155365, -1.1055355072021484, 1.335727572441101, 0.7129096984863281, 0.03429168090224266, -0.020278582349419594, 0.011825265362858772, 0.011113827116787434, 0.08049222826957703, -0.03077782317996025, -0.0069762179628014565, -0.0211486853659153, -0.016575761139392853, 0.11299043893814087, 0.01346989069133997, 0.01582379825413227, 0.10093275457620621, 0.011409439146518707, 0.0852820947766304, 0.03893312066793442, 0.01645096391439438, -0.05430523678660393, -0.16143521666526794, -0.08152036368846893, 0.07379454374313354, 0.044210273772478104, 0.09861467778682709, -0.42863893508911133, 0.47856295108795166, 0.8604519963264465, 0.3657534420490265, -0.29357653856277466, -0.19914697110652924, -0.1383107304573059, 0.31741631031036377, -0.31216585636138916, 2.0413312911987305, -0.8744670152664185, 2.920811176300049, 0.0, -0.38999998569488525, 0.47999998927116394, -0.554216742515564, -0.40107905864715576, 0.34627652168273926, 0.6419283747673035, 0.433073490858078, 0.2901630997657776, 0.02290739305317402, -0.8530697226524353, 0.038910627365112305, -0.43288564682006836, 0.4535099267959595, 0.00441111670807004, -0.04720275104045868, 0.9777777194976807, -0.2042132318019867, -0.03280048817396164, 0.22239595651626587, 0.030602525919675827, -4.069918632507324, -2.0612847805023193, 0.5465418696403503, 0.05818887799978256, -0.4303394556045532, 0.4571775794029236, 0.05501169338822365, -0.23251183331012726, 0.9567087888717651, -0.1661929190158844, 0.08190955221652985, -0.07679862529039383, -0.3930908441543579, 8.376218795776367, 3.054793357849121, 0.1853700876235962, 0.08415699005126953, -0.4169469475746155, 0.43425434827804565, 0.072038933634758, -0.39302605390548706, 0.8901488780975342, -0.21903394162654877, -0.002080639824271202, 0.3188329041004181, -0.29524466395378113, -8.695554733276367, -5.296423435211182, 0.8954535722732544, 0.09435240924358368, -0.4058879315853119, 0.42018449306488037, 0.10525918006896973, -0.6793003082275391, 0.7161780595779419, -0.12066705524921417, -0.21027471125125885, 0.15474411845207214, -0.5804904699325562, 6.708705902099609, 4.391483306884766, -1.4856010675430298, -0.05292738601565361, -0.3680117726325989, 0.5153488516807556, 0.10163120180368423, -0.4718199670314789, 0.8734478950500488, -0.06438789516687393, 0.14821431040763855, -0.12643907964229584, -0.25608038902282715, 2.481003999710083, 2.5275704860687256, 7.426380157470703, 0.27968108654022217, -0.1798865795135498, 0.03267751634120941, 0.008415528573095798, 0.00022823814651928842, -0.0014561729039996862, 0.5310252904891968, 0.3598637580871582, -0.020254213362932205, -0.01575073041021824, -4.2858482629526407e-05, -0.006793040782213211, -0.04312128201127052, -0.3611816465854645, 0.35372108221054077, 0.010406073182821274, -0.00070343934930861, 0.004064495675265789, 0.16517935693264008, -0.5322838425636292, 0.28412574529647827, 0.008466705679893494, 0.0005674313870258629, 0.0014494435163214803, 1.30882728099823, 1.0127789974212646, -0.5166738033294678, -0.004120549652725458, 0.02326904982328415, 0.007687718141824007, -0.6218839287757874, -1.0, -0.16881784796714783, 0.1281023621559143, 0.2343081384897232, -1.0, -0.043851323425769806, -1.0, 1.0, -1.0, 0.8309980630874634, -1.0, 0.8333613872528076, -1.0, -1.0, -1.0, 0.25015220046043396, -1.0, -0.4715905487537384, -0.7635217308998108]
[-0.692679762840271, -0.8305251002311707, -0.09303020685911179, -0.24316395819187164, -0.00718708336353302, 0.01644708774983883, 0.15155787765979767, -0.058430612087249756, -0.642271101474762, -0.3649607300758362, -0.2576887607574463, -0.7180006504058838, -0.14778059720993042, -0.2746855318546295, -0.8958489894866943, 0.15314534306526184, -0.8708807826042175, -0.8542162179946899, -0.6344322562217712, -0.8351225852966309, 0.6420394778251648, -0.8490648865699768, -0.12537945806980133, -0.27129241824150085, 0.07705238461494446, -0.3016476035118103, -0.1799163818359375, 0.5497475266456604, 0.8548532724380493, 0.23761144280433655, -0.042656268924474716, -0.3109452724456787, -0.6639423370361328, -0.8604030609130859, -0.011796546168625355, -0.6695667505264282, 0.7554602026939392, 1.3055304288864136, -0.17010322213172913, 0.013938868418335915, -0.27374082803726196, -0.2943230867385864, -0.3749553859233856, -0.3331933915615082, -0.43931207060813904, -0.03257543966174126, -0.18754321336746216, -0.47163739800453186, 2.451484441757202, 0.9781908392906189, 0.04787611961364746, -0.008563809096813202, 0.014048203825950623, 0.010912539437413216, -0.008373952470719814, -0.06201610714197159, -0.021258894354104996, -0.00890561193227768, 0.21520966291427612, 0.13907890021800995, 0.007010079920291901, -0.02802605926990509, 0.13747423887252808, 0.20866112411022186, 0.11961543560028076, 0.05439016968011856, 0.02030535787343979, -0.060646019876003265, 0.03949378430843353, 0.02456134930253029, 0.07744039595127106, 0.043843984603881836, 0.09429875761270523, -0.42345529794692993, 0.47453272342681885, 0.8463296890258789, 0.4294540286064148, -0.2617456912994385, -0.1754550337791443, -0.34688130021095276, 0.3364403247833252, -0.27271461486816406, -0.6156260967254639, -1.1359366178512573, 0.39383071660995483, 0.0, -0.38999998569488525, 0.47999998927116394, -0.554216742515564, -0.40107905864715576, 0.34627652168273926, 0.6419283747673035, 0.402313768863678, 0.3533076345920563, -0.005831541493535042, -0.8445610404014587, 0.03781986981630325, -0.43012335896492004, 0.45396843552589417, -0.009428988210856915, 0.0004456329916138202, 0.9780758023262024, -0.20803523063659668, -0.15626636147499084, 0.2500218451023102, 0.03717629238963127, -5.910849094390869, -3.233189344406128, 0.2146434783935547, 0.05759811028838158, -0.43036532402038574, 0.45098981261253357, 0.06910009682178497, -0.311125248670578, 0.9343010783195496, -0.1597111076116562, -0.027458788827061653, -0.14683552086353302, -0.5018147230148315, 10.06280517578125, 3.5908782482147217, -0.49561449885368347, 0.08322283625602722, -0.4143454432487488, 0.4274081587791443, 0.05682426691055298, -0.341569185256958, 0.9106450080871582, -0.2254488170146942, -0.1534608006477356, 0.16629289090633392, -0.29546689987182617, -4.7720160484313965, -2.6329526901245117, -0.7274038195610046, 0.0930161103606224, -0.40253472328186035, 0.4125242829322815, 0.12021961808204651, -0.722109317779541, 0.6721255779266357, -0.11114144325256348, -0.13125237822532654, 0.16157197952270508, -0.4840569794178009, 6.07120943069458, 2.8673276901245117, -0.05180966854095459, -0.05354868993163109, -0.36959072947502136, 0.5115591287612915, 0.12246863543987274, -0.48546749353408813, 0.8602531552314758, -0.0963694304227829, -0.049004871398210526, -0.06554742157459259, -0.25492429733276367, 2.2135653495788574, -0.47266075015068054, 2.6969282627105713, 0.450707346200943, -0.189525306224823, 0.07679880410432816, 0.008069660514593124, 0.0007693428779020905, -0.0016751711955294013, 0.15526701509952545, 0.3272184133529663, -0.0938892811536789, -0.003997336141765118, 0.0018030442297458649, 0.0063894507475197315, 1.2269041538238525, 0.25501367449760437, 0.4875679612159729, -0.024200856685638428, 0.00369653245434165, -0.013157671317458153, 1.1748498678207397, -0.71676105260849, 0.37505674362182617, 0.009553941898047924, 0.00984492152929306, -0.0036633475683629513, 1.2661347389221191, -0.368692010641098, -0.6193904280662537, 0.001471149269491434, 0.023585835471749306, -0.002002143766731024, -0.2623128890991211, -1.0, -0.35450902581214905, 0.05398673564195633, 0.5753613114356995, -1.0, -0.289377897977829, -1.0, 1.0, -1.0, 0.4020044207572937, -1.0, 0.6947964429855347, -1.0, -1.0, -1.0, 0.3017031252384186, -0.8922030925750732, -0.17277464270591736, -0.43999478220939636]
[-0.6661710143089294, -0.8706238865852356, -0.1463567614555359, -0.19268615543842316, 0.07519951462745667, 0.04382948577404022, 0.11510343849658966, -0.06990908086299896, -0.7079108357429504, -0.4501488506793976, -0.22782360017299652, -0.7798698544502258, -0.07299797236919403, -0.16802743077278137, -0.9274628162384033, 0.1822952777147293, -0.8973909020423889, -0.8824148178100586, -0.6704879999160767, -0.8507371544837952, 0.5584496855735779, -0.8538116812705994, -0.1354244351387024, -0.26343849301338196, 0.11659957468509674, -0.2572598159313202, -0.2390052080154419, 0.4192098081111908, 0.7099460363388062, 0.25453218817710876, -0.15110696852207184, -0.024090789258480072, -0.5788635611534119, -0.737138569355011, 0.14434130489826202, -0.4666610360145569, 0.6713815331459045, 0.8061267733573914, -0.10909378528594971, 0.12777356803417206, -0.20980827510356903, -0.2401323765516281, -0.30849355459213257, -0.11931224912405014, -0.6930806636810303, -0.005673534702509642, 0.0059339264407753944, 0.3557296097278595, 1.0634710788726807, 0.6400291919708252, 0.015534586273133755, -0.004135259427130222, -0.022097129374742508, -0.010309295728802681, 0.048371657729148865, 0.09400682151317596, 0.044682860374450684, 0.020652558654546738, 0.037386950105428696, 0.11409323662519455, 0.03144696727395058, -0.0063629476353526115, 0.11989964544773102, 0.03573636710643768, 0.10368788242340088, 0.044474005699157715, 0.017709102481603622, 0.0338459387421608, -0.053036171942949295, -0.025408916175365448, 0.009727810509502888, 0.02673315815627575, 0.08805013447999954, -0.41863739490509033, 0.47124993801116943, 0.8538029789924622, 0.44912189245224, -0.2340315729379654, -0.12057856470346451, -0.4186743199825287, 0.28882575035095215, -0.18335233628749847, -0.8854969143867493, -1.3363380432128906, 0.40555229783058167, 0.0, -0.38999998569488525, 0.47999998927116394, -0.554216742515564, -0.40107905864715576, 0.34627652168273926, 0.6419283747673035, 0.41959843039512634, 0.40589025616645813, -0.01494638342410326, -0.8117677569389343, 0.03587818145751953, -0.4276226758956909, 0.4542224407196045, -0.025820182636380196, 0.04924827814102173, 0.9761033654212952, -0.21007169783115387, -0.17099013924598694, 0.2095104604959488, -0.0009193199221044779, -4.84339714050293, -3.021120309829712, 0.1816827654838562, 0.05649714916944504, -0.4303112328052521, 0.4456213116645813, 0.07862980663776398, -0.38138338923454285, 0.9076755046844482, -0.15649034082889557, -0.05857091769576073, -0.07022669911384583, -0.35654741525650024, 7.644512176513672, 2.386284112930298, -0.1218252182006836, 0.08042237907648087, -0.4129813313484192, 0.42221689224243164, 0.04812546819448471, -0.3096042275428772, 0.9242115616798401, -0.2183166891336441, -0.21123898029327393, 0.10291269421577454, -0.22076262533664703, -3.515213966369629, -1.3171379566192627, -1.4038808345794678, 0.09005291014909744, -0.40046361088752747, 0.4066869616508484, 0.12673932313919067, -0.7550935745239258, 0.6361275315284729, -0.09545885771512985, -0.20711582899093628, 0.1084001213312149, -0.37654441595077515, 4.82337760925293, 2.4664976596832275, -0.9146466255187988, -0.054872360080480576, -0.37110787630081177, 0.5070891380310059, 0.10585405677556992, -0.5059328079223633, 0.8490027189254761, -0.10964095592498779, -0.11671627312898636, -0.12973327934741974, -0.3167981207370758, 3.550757884979248, -2.9228744506835938, -1.0962071418762207, 0.18288373947143555, 0.23456566035747528, -0.10880284756422043, -0.006790810730308294, 0.0003352061612531543, -0.0006123143248260021, 0.32950592041015625, -0.5577021837234497, 0.359857976436615, 0.012287026271224022, 0.001089282799512148, -0.002741177100688219, 0.2266981601715088, -0.07387223839759827, 0.5187065601348877, -0.007471030578017235, 0.0006471468950621784, -0.0010378677397966385, 0.232850581407547, -0.6356202363967896, 0.2512725591659546, 0.008174799382686615, 0.0018909211503341794, 0.0018959143199026585, 0.5913037061691284, 0.3600136637687683, 0.04000306874513626, -0.0033146131318062544, 0.017272301018238068, 0.0013611007016152143, -0.38283953070640564, -1.0, -0.48733893036842346, 0.03239620476961136, 0.4659121036529541, -1.0, 0.061350397765636444, -1.0, 1.0, -1.0, 0.4599599540233612, -1.0, 0.8888689279556274, -1.0, -1.0, -0.879446268081665, -0.04510662704706192, -0.8687576651573181, -0.07178708910942078, 0.09420356899499893]
[-0.6233567595481873, -0.9045913815498352, -0.1918088048696518, -0.15742963552474976, 0.15046457946300507, 0.08938685804605484, 0.10516731441020966, -0.06190088391304016, -0.7451536059379578, -0.5139196515083313, -0.2163110226392746, -0.8245089650154114, 0.011413436383008957, -0.08647416532039642, -0.9463773965835571, 0.1941813975572586, -0.9162959456443787, -0.9052177667617798, -0.6996128559112549, -0.8590409159660339, 0.4530555009841919, -0.8630695343017578, -0.11619862914085388, -0.21660593152046204, 0.1888473778963089, -0.21853886544704437, 0.048126012086868286, 0.1277725100517273, 0.6920292973518372, 0.6345199942588806, -0.03545412793755531, 0.2233053743839264, -0.23258042335510254, -0.4417322278022766, 0.016300072893500328, -0.323224276304245, 0.8865618109703064, 0.8407273292541504, -0.05313553288578987, 0.02915867231786251, -0.12692701816558838, -0.18701505661010742, -0.2471032440662384, -0.09757508337497711, -0.7959843873977661, -0.034995049238204956, 0.17991392314434052, 0.4726018011569977, 1.274024248123169, 0.642564058303833, 0.172033429145813, -0.16677573323249817, -0.07503138482570648, -0.008008977398276329, -0.015826255083084106, 0.301726371049881, 0.15247346460819244, 0.06834951043128967, 0.07098089158535004, 0.049290116876363754, 0.025468166917562485, 0.015414752066135406, 0.0690721794962883, 0.08105043321847916, 0.05773651599884033, 0.027633775025606155, 0.011833200231194496, -0.02549128606915474, 0.016109418123960495, 0.004700427874922752, 0.03511866182088852, 0.01335327047854662, 0.08100703358650208, -0.41394659876823425, 0.469760000705719, 0.8479961156845093, 0.484552264213562, -0.2045418620109558, -0.06537700444459915, -0.43054407835006714, 0.288557231426239, -0.03493126109242439, -0.3559529483318329, -1.0756839513778687, 1.5278998613357544, 0.0, -0.38999998569488525, 0.47999998927116394, -0.554216742515564, -0.40107905864715576, 0.34627652168273926, 0.6419283747673035, 0.42236804962158203, 0.46510711312294006, -0.03709620609879494, -0.7771127820014954, 0.033062223345041275, -0.425651878118515, 0.4540814757347107, -0.04153191298246384, 0.09831613302230835, 0.9724456071853638, -0.20726434886455536, -0.2589610815048218, 0.15933485329151154, -0.07972213625907898, -5.629377365112305, -2.533639907836914, -1.4838066101074219, 0.05401035398244858, -0.43027982115745544, 0.44236207008361816, 0.08304809778928757, -0.4238293766975403, 0.8896309733390808, -0.14841905236244202, -0.17880560457706451, -0.023325415328145027, -0.15515924990177155, 3.192551851272583, 1.0257130861282349, -0.8588991165161133, 0.07720822095870972, -0.41197633743286133, 0.41871926188468933, 0.03800087794661522, -0.2749629318714142, 0.937118411064148, -0.21156640350818634, -0.24524126946926117, 0.11135171353816986, -0.10112517327070236, -5.362133026123047, -2.5095791816711426, -1.3347477912902832, 0.08690383285284042, -0.39917728304862976, 0.40224993228912354, 0.12815800309181213, -0.7801682353019714, 0.6066499352455139, -0.08299902081489563, -0.21327434480190277, 0.05665081366896629, -0.27666860818862915, 3.7426400184631348, 1.5364071130752563, -1.0015262365341187, -0.05675849691033363, -0.37245047092437744, 0.5018168687820435, 0.06810129433870316, -0.5322216153144836, 0.8362038731575012, -0.11342527717351913, -0.19336262345314026, -0.09922239184379578, -0.36924880743026733, 4.111935615539551, -3.843562364578247, -2.5899617671966553, 0.8223609924316406, 0.2816219925880432, -0.9532232284545898, -0.0037846467457711697, -0.01599331945180893, -0.01700081117451191, -0.00386968906968832, -1.9914190769195557, 0.9088412523269653, 0.03847822919487953, -0.00011419306247262284, 0.004579250700771809, 0.41087406873703003, -0.27852684259414673, 0.31380563974380493, 0.011236848309636116, 0.0006662034429609776, -0.0036446815356612206, 0.4383382499217987, -0.39323168992996216, 0.15957526862621307, 0.005934725049883127, 0.003365404438227415, -0.0006352452328428626, 0.46966609358787537, -0.07597587257623672, -0.27667415142059326, 0.00029638074920512736, 0.005838613957166672, 0.0006156378658488393, -0.18866583704948425, -1.0, -0.7168441414833069, 0.09730459004640579, 0.5459111332893372, -1.0, 0.060007862746715546, -0.7684323787689209, 1.0, -1.0, 0.721946120262146, -1.0, 0.8504190444946289, -1.0, -1.0, -0.9077825546264648, -0.18541204929351807, -0.9646390676498413, 0.09975191950798035, 0.08869100362062454]
[-0.5548118948936462, -0.931270956993103, -0.20322787761688232, -0.13400785624980927, 0.22363875806331635, 0.17068926990032196, 0.10267373919487, -0.04012739658355713, -0.7573179602622986, -0.5416719317436218, -0.21503300964832306, -0.8583576679229736, 0.09399383515119553, 0.010110253468155861, -0.9612038135528564, 0.19691911339759827, -0.9294722676277161, -0.9227420091629028, -0.7224932909011841, -0.8732184171676636, 0.35257357358932495, -0.8734120726585388, -0.08488640189170837, -0.1757912039756775, 0.3078971803188324, -0.16552089154720306, 0.0009490549564361572, 0.1759725660085678, 0.6707610487937927, 0.8263388872146606, 0.06035428121685982, 0.18260200321674347, -0.06991034001111984, -0.1277649700641632, -0.04020235687494278, -0.23045551776885986, 0.731939435005188, 0.9183452725410461, -0.0437956340610981, -0.022503985092043877, -0.08304516971111298, -0.14102566242218018, -0.19026587903499603, -0.2201324701309204, -0.6814740896224976, -0.02012951485812664, 0.20223836600780487, 0.32723185420036316, 2.526855707168579, 0.718392014503479, 0.07409819960594177, 0.01575184240937233, -0.004251968115568161, 0.00021802770788781345, 0.0834975466132164, 0.04501543939113617, 0.027178416028618813, 0.019748695194721222, 0.06768257170915604, 0.08243027329444885, 0.011255642399191856, -0.00024001527344807982, 0.11050660163164139, 0.07888618856668472, 0.08169756829738617, 0.034718744456768036, 0.013719522394239902, -0.09166599810123444, 0.11617006361484528, 0.06299075484275818, 0.05323324352502823, 0.009934003464877605, 0.07308438420295715, -0.40949198603630066, 0.46870750188827515, 0.8127917647361755, 0.5513327121734619, -0.1869683861732483, -0.02108709141612053, -0.4611898362636566, 0.23650453984737396, -0.05819881334900856, -0.38866686820983887, -0.45637384057044983, 2.053981304168701, 0.0, -0.38999998569488525, 0.47999998927116394, -0.554216742515564, -0.40107905864715576, 0.34627652168273926, 0.6419283747673035, 0.3941427767276764, 0.5232881903648376, -0.09228240698575974, -0.7498700022697449, 0.028638921678066254, -0.4243254065513611, 0.4538697898387909, -0.054369132965803146, 0.15858210623264313, 0.9664043188095093, -0.19482864439487457, -0.3444599509239197, 0.16580308973789215, -0.04987451061606407, -6.898858547210693, -3.026759147644043, -1.9126272201538086, 0.04999817535281181, -0.43054285645484924, 0.44097110629081726, 0.0807529017329216, -0.43802547454833984, 0.8846133351325989, -0.13810044527053833, -0.31359994411468506, -0.05006879195570946, -0.07799043506383896, 0.789423406124115, 0.4678936302661896, -1.7816908359527588, 0.07306530326604843, -0.41172367334365845, 0.4164046049118042, 0.024646978825330734, -0.22894899547100067, 0.951824963092804, -0.20249463617801666, -0.3154791295528412, 0.06421184539794922, -0.05593046545982361, -5.684561252593994, -2.6569526195526123, -1.7067883014678955, 0.08301883935928345, -0.3989451825618744, 0.39891916513442993, 0.12470140308141708, -0.7992222309112549, 0.5836166739463806, -0.07130903005599976, -0.2725345492362976, -0.014550423249602318, -0.20251183211803436, 2.855797290802002, 0.9793043732643127, -1.4044008255004883, -0.05982675030827522, -0.3725340962409973, 0.49665361642837524, 0.02498084306716919, -0.5542342662811279, 0.8244448304176331, -0.11176358908414841, -0.28579646348953247, 0.009330237284302711, -0.3274354040622711, 3.0970983505249023, -3.711329936981201, -3.1834797859191895, 0.5586722493171692, 0.022679848596453667, 0.03753520920872688, 0.0005582254962064326, -0.003999602515250444, -0.005142592824995518, 0.6354378461837769, -0.4371855854988098, 0.2087317705154419, 0.013190909288823605, 0.0026951185427606106, -0.003019629744812846, 0.4458066523075104, 0.016919530928134918, 0.3716951906681061, 1.3777784261037596e-05, 0.0015002717263996601, -0.0012207544641569257, 0.4291934072971344, -0.5008683204650879, 0.23326149582862854, 0.006206497550010681, 0.0019965905230492353, 0.0016827723011374474, 0.5616071224212646, -0.857182502746582, -0.5008090138435364, 0.005250141024589539, 0.0009482878958806396, -0.0032854171004146338, 0.1510309875011444, -1.0, -0.968272864818573, 0.2204301655292511, 0.6100550889968872, -1.0, -0.029329396784305573, -0.7353459000587463, 1.0, -1.0, 0.6317764520645142, -1.0, 0.9026306867599487, -1.0, -1.0, -1.0, -0.12687081098556519, -0.8796430826187134, 0.1136154979467392, -0.0028922483325004578]
[-0.4457489848136902, -0.9511527419090271, -0.20658491551876068, -0.1111462339758873, 0.2695285677909851, 0.24778443574905396, 0.10498218238353729, -0.015574227087199688, -0.7587775588035583, -0.5475293397903442, -0.2244286835193634, -0.8830283880233765, 0.15483465790748596, 0.09670787304639816, -0.9746202826499939, 0.18973122537136078, -0.9383063316345215, -0.9353792071342468, -0.7395471334457397, -0.8907362818717957, 0.2681398391723633, -0.8794595003128052, -0.03996508568525314, -0.1623237431049347, 0.4808422029018402, -0.12154825031757355, -0.028341079130768776, 0.21415691077709198, 0.2930731475353241, 0.5689072012901306, 0.02099991776049137, 0.1955021470785141, 0.005190741270780563, -0.017135586589574814, -0.06241505965590477, -0.16901426017284393, 0.5064318180084229, 0.7030249238014221, -0.04266003891825676, -0.043378397822380066, -0.05317913368344307, -0.09981369227170944, -0.1371915340423584, -0.21820855140686035, -0.5648354887962341, -0.011296196840703487, 0.31752538681030273, 0.019469602033495903, 3.5181217193603516, 0.5816746354103088, 0.05696980655193329, 0.039673127233982086, -0.014089449308812618, -0.022565245628356934, 0.08440211415290833, 0.02974221482872963, 0.016690222546458244, 0.008438512682914734, 0.1104041039943695, 0.05158473551273346, -0.004734464455395937, -0.0147040244191885, 0.10786385834217072, 0.12430748343467712, 0.06216892972588539, 0.024413716048002243, 0.00967414677143097, -0.08373592048883438, 0.11956818401813507, 0.06443851441144943, 0.06374678015708923, 0.010130343958735466, 0.06516434997320175, -0.4057624936103821, 0.4671304225921631, 0.7806850671768188, 0.5923147201538086, -0.19841453433036804, 0.018045200034976006, -0.45294517278671265, 0.184886634349823, -0.10144411772489548, -0.8869864344596863, 0.1956406980752945, 1.1658800840377808, 0.0, -0.38999998569488525, 0.47999998927116394, -0.554216742515564, -0.40107905864715576, 0.34627652168273926, 0.6419283747673035, 0.3856200575828552, 0.5478293895721436, -0.14877086877822876, -0.7273563742637634, 0.022268425673246384, -0.4237299859523773, 0.453828364610672, -0.06143732741475105, 0.20896179974079132, 0.9601048231124878, -0.17538270354270935, -0.43935441970825195, 0.08508796244859695, -0.03161567449569702, -4.411184787750244, -1.82707679271698, -2.53192400932312, 0.043733321130275726, -0.4313962459564209, 0.4405384063720703, 0.0734085962176323, -0.43852582573890686, 0.8872819542884827, -0.12262481451034546, -0.46556761860847473, -0.07363630086183548, -0.017268123105168343, -0.3194774091243744, -0.014200393110513687, -2.4645214080810547, 0.0673392117023468, -0.4125903248786926, 0.4147375226020813, 0.011686678044497967, -0.1888933628797531, 0.9637475609779358, -0.18807825446128845, -0.4260762333869934, -0.025699172168970108, -0.049299467355012894, -4.196401596069336, -1.901544213294983, -2.415520191192627, 0.07773417234420776, -0.4000241458415985, 0.3964659869670868, 0.11519023776054382, -0.8137607574462891, 0.5665955543518066, -0.05911114811897278, -0.38882407546043396, -0.10098753124475479, -0.14698192477226257, 2.0947821140289307, 0.5960104465484619, -2.174082040786743, -0.0645122081041336, -0.3709379732608795, 0.492143839597702, -0.015546165406703949, -0.569243311882019, 0.8152578473091125, -0.10523798316717148, -0.38736072182655334, 0.12151041626930237, -0.28000760078430176, 2.252290964126587, -3.070183753967285, -3.3813540935516357, 0.6250678300857544, 0.3335948586463928, 0.06262081861495972, -0.01756132021546364, -0.0005119975539855659, -0.003099579829722643, 0.7095222473144531, -0.23202037811279297, 0.13185633718967438, 0.004958207253366709, 0.0028817886486649513, -0.0008334901067428291, 0.7138944864273071, 0.26144739985466003, 0.18530435860157013, -0.010782312601804733, 0.0016187417786568403, -0.0035594042856246233, 0.6696094274520874, -0.3600725829601288, 0.23170574009418488, 0.004273058380931616, 0.003456962062045932, 0.0018902078736573458, 0.6650174856185913, -0.8622170686721802, -0.5325723886489868, 0.003699395339936018, -0.000509937759488821, -0.00439609307795763, 0.6038020849227905, -1.0, -1.0, 0.3370612561702728, 0.3708990812301636, -1.0, -0.030037425458431244, -0.7102690935134888, 1.0, -1.0, 0.5487232208251953, -1.0, 0.8564531803131104, -1.0, -1.0, -1.0, -0.11949126422405243, -0.8677089810371399, 0.28639018535614014, -0.20159104466438293]
[-0.3001821041107178, -0.967134416103363, -0.21639598906040192, -0.06604058295488358, 0.27468985319137573, 0.28174877166748047, 0.10604114085435867, 0.031912803649902344, -0.7401511669158936, -0.5456374883651733, -0.22775699198246002, -0.8987670540809631, 0.2039329558610916, 0.15943942964076996, -0.9828646183013916, 0.1878397911787033, -0.9436667561531067, -0.944770872592926, -0.7517850995063782, -0.9076350927352905, 0.18954744935035706, -0.890850841999054, -0.008419554680585861, -0.1724608689546585, 0.5949939489364624, -0.10588335990905762, -0.063508540391922, 0.49322938919067383, -0.07979511469602585, 0.10990386456251144, 0.02736768126487732, 0.4994974136352539, 0.25194644927978516, 0.05371348187327385, -0.026773124933242798, -0.05629632622003555, 0.47377681732177734, 0.5308381915092468, 0.0007844470674172044, -0.017423370853066444, -0.015594338066875935, -0.07780540734529495, -0.10016043484210968, -0.20322592556476593, -0.5652539730072021, -0.03771638125181198, 0.1298711895942688, -0.15270157158374786, 2.34652042388916, 0.29051023721694946, 0.025335032492876053, 0.07155587524175644, 0.003335501067340374, -0.019389724358916283, 0.05384635925292969, 0.06076561287045479, 0.042588479816913605, 0.019174743443727493, 0.0654875785112381, 0.05310247093439102, 0.013396198861300945, -0.0017288126982748508, 0.08619893342256546, 0.07729730755090714, 0.05343318358063698, 0.019683837890625, 0.007466011680662632, -0.04515278711915016, 0.05238838493824005, 0.024940621107816696, 0.012569649145007133, -0.002254762453958392, 0.05801983177661896, -0.40257787704467773, 0.465256005525589, 0.760622501373291, 0.6009041666984558, -0.24134719371795654, 0.046032268553972244, -0.33182457089424133, 0.15392974019050598, -0.07042372971773148, -1.0981874465942383, 1.16864812374115, 0.8447415232658386, 0.0, -0.38999998569488525, 0.47999998927116394, -0.554216742515564, -0.40107905864715576, 0.34627652168273926, 0.6419283747673035, 0.40249720215797424, 0.533827006816864, -0.19882890582084656, -0.716583251953125, 0.014190311543643475, -0.4233708381652832, 0.45467132329940796, -0.06251797825098038, 0.23731392621994019, 0.9573588967323303, -0.15243810415267944, -0.5088233351707458, 0.057051509618759155, 0.05135478079319, -1.9185792207717896, -0.865227460861206, -2.850201368331909, 0.03544331341981888, -0.4321730434894562, 0.4420560598373413, 0.06130101904273033, -0.4204094409942627, 0.8993236422538757, -0.1035129651427269, -0.5835940837860107, -0.015948792919516563, 0.16438442468643188, -3.4157090187072754, -0.7542954683303833, -2.9852609634399414, 0.05979691818356514, -0.414297491312027, 0.4136132597923279, 0.001273693866096437, -0.15715812146663666, 0.973446786403656, -0.16643625497817993, -0.5192806720733643, -0.06083713844418526, -0.013077018782496452, -3.945201873779297, -1.481943964958191, -3.107738971710205, 0.07077271491289139, -0.4021559953689575, 0.39467325806617737, 0.09896485507488251, -0.8250710368156433, 0.5545263290405273, -0.04431898519396782, -0.4856801927089691, -0.15329426527023315, -0.09972205758094788, 1.4720510244369507, 0.28673768043518066, -2.9440033435821533, -0.0701013058423996, -0.3682980239391327, 0.48801189661026, -0.0486205518245697, -0.5798457264900208, 0.8069970607757568, -0.10085020214319229, -0.3911093473434448, 0.1674584001302719, -0.26559481024742126, 1.8131389617919922, -2.632770538330078, -2.189016103744507, 0.38068991899490356, 0.2997608184814453, 0.27887457609176636, -0.014893312007188797, 0.0010310581419616938, -0.0013448621612042189, 0.4597337543964386, -0.5434569120407104, 0.193925142288208, 0.011022890917956829, 0.0018576388247311115, -0.0004527662240434438, 0.4310941696166992, 0.03695465996861458, 0.26739010214805603, -0.0011744929943233728, 0.001123373513109982, -0.0018150113755837083, 0.41316455602645874, -0.29111331701278687, 0.1590181291103363, 0.0030993116088211536, 0.0021199905313551426, 0.0022707798052579165, 0.1594313383102417, -0.340425044298172, -0.10897161066532135, 0.000831626181025058, -0.004805665463209152, -0.0015477640554308891, 0.7701619267463684, -1.0, -1.0, 0.5482441186904907, 0.16314871609210968, -1.0, 0.39440879225730896, -0.4975097179412842, 1.0, -1.0, 0.5694266557693481, -1.0, 1.0, -1.0, -1.0, -1.0, -0.2386242151260376, -0.9830492734909058, 0.061428606510162354, -0.2939957082271576]
[-0.12904703617095947, -0.9802034497261047, -0.23474234342575073, 0.013099894858896732, 0.25068727135658264, 0.2816391885280609, 0.10518977046012878, 0.1167912632226944, -0.7012909054756165, -0.5362298488616943, -0.2292972207069397, -0.9077314734458923, 0.24163639545440674, 0.2049952894449234, -0.9864700436592102, 0.18667294085025787, -0.947293758392334, -0.9523707032203674, -0.7611096501350403, -0.9230020046234131, 0.10884198546409607, -0.903896689414978, -0.020543867722153664, -0.21149595081806183, 0.6723812222480774, -0.07768627256155014, -0.11251144856214523, 0.856611430644989, -0.2928867042064667, -0.06358867138624191, 0.00757395476102829, 0.8588733673095703, 0.41462111473083496, 0.11936010420322418, -0.01563517563045025, -0.016444865614175797, 0.3223428726196289, 0.36308181285858154, 0.012419834733009338, -0.01065985020250082, -0.009526312351226807, -0.06498224288225174, -0.0809246376156807, -0.18094180524349213, -0.5878714919090271, -0.030133118852972984, -0.1825210005044937, -0.4689505696296692, 1.270132303237915, 0.4943312406539917, 0.0009604622609913349, 0.10880748927593231, 0.02701050415635109, 0.0009779767133295536, 0.017807940021157265, 0.08028290420770645, 0.0412076897919178, 0.017363447695970535, 0.04064664617180824, 0.030482085421681404, -0.010470088571310043, -0.012267752550542355, 0.06452067941427231, 0.04955044016242027, 0.03136901929974556, 0.01008666679263115, 0.003493156284093857, -0.016574189066886902, 0.037656571716070175, 0.02036280743777752, -0.01699112541973591, -0.014441841281950474, 0.05259447544813156, -0.4000771939754486, 0.46388810873031616, 0.7379375100135803, 0.5965721607208252, -0.31114885210990906, 0.05230773985385895, -0.28107914328575134, 0.11516908556222916, -0.0883658230304718, -1.0974985361099243, 1.6595211029052734, 0.00044252793304622173, 0.0, -0.38999998569488525, 0.47999998927116394, -0.554216742515564, -0.40107905864715576, 0.34627652168273926, 0.6419283747673035, 0.4209091365337372, 0.48702266812324524, -0.2525072395801544, -0.7224156856536865, 0.004799318499863148, -0.4224870502948761, 0.45696622133255005, -0.061100345104932785, 0.2555861175060272, 0.9564311504364014, -0.1272079050540924, -0.5727859735488892, 0.10902513563632965, 0.15828163921833038, -1.9409079551696777, -0.9537037014961243, -3.053196907043457, 0.025712771341204643, -0.4320889413356781, 0.4461495280265808, 0.046165164560079575, -0.377760648727417, 0.9211280941963196, -0.0817844420671463, -0.6543797850608826, 0.09013666957616806, 0.35022783279418945, -6.46317195892334, -1.2008235454559326, -3.2207283973693848, 0.05098119005560875, -0.41633617877960205, 0.4128434360027313, -0.006902825552970171, -0.13239601254463196, 0.9812173843383789, -0.14012852311134338, -0.5726224780082703, -0.08689224720001221, -0.008280771784484386, -2.8292009830474854, -0.8650572299957275, -3.4728081226348877, 0.06262560188770294, -0.4047604203224182, 0.3933306932449341, 0.07795515656471252, -0.834136962890625, 0.5452843308448792, -0.02834332175552845, -0.552007257938385, -0.1705629974603653, -0.06978759169578552, 1.1280189752578735, 0.12603743374347687, -3.381575345993042, -0.07578644156455994, -0.3652929663658142, 0.4841708242893219, -0.06595304608345032, -0.5861782431602478, 0.8002744913101196, -0.10773099213838577, -0.33780449628829956, 0.18462756276130676, -0.22939395904541016, 0.8230311274528503, -1.8384218215942383, 0.42493051290512085, 0.17064964771270752, 0.08985527604818344, 0.5678849220275879, 0.0023258060682564974, 0.00222478318028152, -4.1750299715204164e-06, 0.17844258248806, -0.528249204158783, 0.2615576982498169, 0.009439709596335888, 0.0007611321052536368, 0.0011030113091692328, 0.25410982966423035, 0.23899266123771667, 0.06440191715955734, -0.008682861924171448, 0.0002407865977147594, -0.001550857094116509, 0.2582642734050751, -0.15342743694782257, 0.08402418345212936, 0.0011917450465261936, 0.0015181684866547585, 0.0006712282774969935, -0.26231950521469116, -0.2855105400085449, 0.13748261332511902, 0.001062216004356742, -0.010244730859994888, -0.0013562757521867752, 1.0, -1.0, -0.8847375512123108, 0.7759647965431213, 0.045060764998197556, -1.0, 0.7541175484657288, -0.43664443492889404, 1.0, -1.0, 0.5951138734817505, -1.0, 1.0, -1.0, -1.0, -1.0, -0.3420946002006531, -0.9581705331802368, -0.27117371559143066, -0.5490259528160095]
[0.05009343847632408, -0.9888796806335449, -0.2672520577907562, 0.1275940090417862, 0.19456534087657928, 0.26845696568489075, 0.09782488644123077, 0.23046714067459106, -0.6626464128494263, -0.5233204364776611, -0.21627037227153778, -0.9164389371871948, 0.26422977447509766, 0.23421575129032135, -0.9881406426429749, 0.1968289017677307, -0.9515713453292847, -0.9594271779060364, -0.7690723538398743, -0.9056676030158997, 0.02644934132695198, -0.9168646931648254, -0.08246388286352158, -0.2992410361766815, 0.6686380505561829, -0.04868927597999573, -0.19565449655056, 1.2062578201293945, -0.6340904831886292, -0.17640383541584015, 0.03384840488433838, 1.0431917905807495, 0.3374743163585663, 0.12009318172931671, 0.030792120844125748, -0.02346302941441536, 0.23879075050354004, 0.25147268176078796, 0.01211837213486433, 0.028027832508087158, -0.03573806211352348, -0.0703636109828949, -0.07493972033262253, 0.4296371042728424, -0.5952240824699402, -0.0342525951564312, -0.49281907081604004, -0.9893491864204407, -0.4937795400619507, 0.42461588978767395, -0.034414395689964294, 0.08922744542360306, 0.013964716345071793, -0.002815681742504239, 0.015880079939961433, -0.003960699308663607, -0.009762736968696117, -0.004395523574203253, -0.03396744281053543, 0.03070985898375511, 0.008680013939738274, -0.0003680040827021003, 0.0327121838927269, -0.038329724222421646, 0.00922616571187973, -7.181391993071884e-05, -0.0005469642346724868, 0.13377222418785095, -0.002603854052722454, -0.0016699718544259667, -0.0928022712469101, -0.038192346692085266, 0.04753950610756874, -0.3980976641178131, 0.4616413116455078, 0.7045670747756958, 0.5894254446029663, -0.39333611726760864, 0.03807077184319496, -0.25846609473228455, 0.09422022849321365, -0.1506386399269104, -0.968525230884552, 2.129814386367798, -0.07690127938985825, 0.0, -0.38999998569488525, 0.47999998927116394, -0.554216742515564, -0.40107905864715576, 0.34627652168273926, 0.6419283747673035, 0.42703571915626526, 0.4196198880672455, -0.3097589910030365, -0.7386534214019775, -0.004954603500664234, -0.42072296142578125, 0.46081480383872986, -0.06016739830374718, 0.2712881565093994, 0.9551435112953186, -0.10238894075155258, -0.5659838914871216, 0.1646045595407486, 0.25230392813682556, -1.57890784740448, -1.0242639780044556, -2.704429864883423, 0.015659719705581665, -0.4307197034358978, 0.45196834206581116, 0.03159596771001816, -0.3207242488861084, 0.9447961449623108, -0.05914277583360672, -0.6455652117729187, 0.18939495086669922, 0.4066058397293091, -7.221814155578613, -0.8425747156143188, -3.3124828338623047, 0.041494835168123245, -0.41834554076194763, 0.41214853525161743, -0.01118354219943285, -0.11792532354593277, 0.9868180155754089, -0.11026672273874283, -0.5758263468742371, -0.07905101776123047, -0.004808515310287476, -2.0502922534942627, -0.3657347857952118, -3.573632001876831, 0.05378706380724907, -0.40733635425567627, 0.3923584818840027, 0.054431185126304626, -0.8415592312812805, 0.5373111963272095, -0.010579249821603298, -0.5703925490379333, -0.14423172175884247, -0.05848175287246704, 1.1014479398727417, 0.17736026644706726, -3.519242286682129, -0.08027771860361099, -0.36331093311309814, 0.4811709225177765, -0.047238659113645554, -0.5957039594650269, 0.790721595287323, -0.1329081654548645, -0.13900472223758698, 0.08734160661697388, -0.1756836175918579, 1.2437572479248047, 0.9879341125488281, 5.654881000518799, -0.15185417234897614, 0.17576739192008972, 0.412321537733078, -0.00017917115474119782, 0.004714039154350758, 0.00215451349504292, 0.014420072548091412, 0.1214570701122284, 0.01846628449857235, -0.0025736677926033735, -0.00030930122011341155, -0.003149750642478466, -0.20724551379680634, 0.024903567507863045, 0.1697118580341339, 5.549462002818473e-06, 0.0005752167198807001, 0.002300421241670847, -0.2193203568458557, -0.009354354813694954, -0.01575831137597561, -0.0006872796220704913, -0.0017906308639794588, 0.00024451682111248374, -1.1574866771697998, 0.12840886414051056, 0.9123924970626831, -0.007923372089862823, -0.019672561436891556, -0.0059504434466362, 1.0, -1.0, -0.6404286026954651, 0.9488560557365417, -0.235582634806633, -1.0, 1.0, -0.47565364837646484, 1.0, -1.0, 0.6059885621070862, -1.0, 1.0, -1.0, -1.0, -0.6156727075576782, -0.4345550835132599, -1.0, -0.6308523416519165, -0.9872981309890747]
[0.2201922982931137, -0.9929850101470947, -0.32259029150009155, 0.2528759241104126, 0.10213595628738403, 0.2432720959186554, 0.07797102630138397, 0.3415282368659973, -0.6427556872367859, -0.5135191082954407, -0.1850130259990692, -0.9271097779273987, 0.2804637849330902, 0.2591008245944977, -0.9901382327079773, 0.22165897488594055, -0.9582924842834473, -0.9669309258460999, -0.777327835559845, -0.8438646793365479, -0.0537850446999073, -0.9291462898254395, -0.16390760242938995, -0.4062243700027466, 0.6129313111305237, -0.017428172752261162, -0.24348126351833344, 1.1306325197219849, -0.9668875932693481, -0.28900936245918274, -0.14272423088550568, 0.9813969731330872, 0.10583175718784332, 0.06325294822454453, 0.17960675060749054, -0.08682955056428909, 0.1757594794034958, 0.24070708453655243, -0.019863395020365715, 0.15141640603542328, -0.07360285520553589, -0.06698782742023468, -0.08005084097385406, 0.9387685656547546, -0.5686411261558533, -0.029879113659262657, -0.509494960308075, -0.9872457385063171, -1.6808379888534546, 0.383949875831604, -0.02590743824839592, -0.045258644968271255, -0.03396593779325485, -0.015779942274093628, -0.06684313714504242, -0.015253695659339428, -0.02497771382331848, -0.012653517536818981, 0.002523268572986126, -0.011076213791966438, -0.006007747258991003, -0.002170852618291974, -0.019527141004800797, 0.0035424274392426014, -0.020319802686572075, -0.007459303364157677, -0.0026512211188673973, 0.12974819540977478, 0.001341786701232195, 0.0025616467464715242, -0.06403577327728271, -0.011973164975643158, 0.04354101046919823, -0.3966434895992279, 0.4581312835216522, 0.6577352285385132, 0.5789111852645874, -0.481916218996048, -0.0016971317818388343, -0.17530737817287445, 0.05575636774301529, -0.24250760674476624, -0.7051887512207031, 2.646833896636963, -0.23972122371196747, 0.0, -0.38999998569488525, 0.47999998927116394, -0.554216742515564, -0.40107905864715576, 0.34627652168273926, 0.6419283747673035, 0.41410142183303833, 0.3316110670566559, -0.3658064603805542, -0.7646827101707458, -0.013980159536004066, -0.4185076355934143, 0.46508076786994934, -0.06105407327413559, 0.27395617961883545, 0.9562930464744568, -0.08199948817491531, -0.5036765933036804, 0.13379262387752533, 0.24600063264369965, 0.7787832021713257, -0.630396842956543, -2.0901637077331543, 0.006397637538611889, -0.42854616045951843, 0.4574858546257019, 0.01977294683456421, -0.269951194524765, 0.9619117379188538, -0.03822537884116173, -0.5442771315574646, 0.21699999272823334, 0.3466881811618805, -5.593242168426514, -0.8902531266212463, -2.4026834964752197, 0.032087624073028564, -0.41998162865638733, 0.4115947484970093, -0.012290894985198975, -0.10681595653295517, 0.9910507202148438, -0.07910481840372086, -0.5635278820991516, -0.059927649796009064, -0.014138238504529, -1.6084153652191162, 0.3261253237724304, -3.826118230819702, 0.04495422542095184, -0.40944379568099976, 0.3916228115558624, 0.0308822188526392, -0.8481048345565796, 0.5288615226745605, 0.0083652688190341, -0.5798888206481934, -0.0999002680182457, -0.05773049592971802, 1.1831300258636475, 0.60712069272995, -3.6456046104431152, -0.08330237865447998, -0.36260986328125, 0.47882944345474243, -0.004623704124242067, -0.6138932704925537, 0.7714612483978271, -0.1672157496213913, -0.0364731140434742, 0.036249734461307526, -0.18163897097110748, 2.7148845195770264, 1.98252534866333, 7.060152530670166, -0.30932721495628357, 0.3251281976699829, -0.3407525420188904, -0.01090302038937807, 0.0015302187530323863, 0.0018981402972713113, -0.5514336824417114, 0.3171297609806061, -0.03588426485657692, -0.007896571420133114, -0.0005509504117071629, 0.007829862646758556, -0.09397505968809128, 0.030029742047190666, -0.06781919300556183, -0.0017204065807163715, -0.002751170191913843, -0.0024884415324777365, -0.004582992754876614, 0.11619147658348083, -0.09220415353775024, -0.0009083487093448639, 0.0019052457064390182, -0.002790310885757208, -0.5667465329170227, 0.15380015969276428, 0.6946147084236145, -0.006346304900944233, -0.002905218629166484, -0.003945835866034031, 1.0, -1.0, -0.6766967177391052, 0.9114907383918762, -0.5290351510047913, -1.0, 0.9390255212783813, -0.6241281628608704, 1.0, -1.0, 0.5258643627166748, -1.0, 1.0, -1.0, -1.0, -0.34511086344718933, -0.48960497975349426, -1.0, -0.6381539106369019, -1.0]
[0.37123823165893555, -0.9934915900230408, -0.37718361616134644, 0.3496082127094269, -0.01251280214637518, 0.2083328366279602, 0.012354300357401371, 0.4310203492641449, -0.6468318104743958, -0.5109246969223022, -0.11919327825307846, -0.9439554214477539, 0.28863149881362915, 0.2795419991016388, -0.9931069612503052, 0.27299392223358154, -0.9662660956382751, -0.973315417766571, -0.7854883074760437, -0.7412539720535278, -0.126053586602211, -0.9393348097801208, -0.23422686755657196, -0.5041977167129517, 0.5331069231033325, 0.002360394923016429, -0.21386781334877014, 0.7652100920677185, -1.1068071126937866, -0.3572046756744385, -0.3335871696472168, 0.7331805229187012, -0.1132250428199768, -0.009436557069420815, 0.3057946264743805, -0.170431450009346, 0.05206463858485222, 0.14305661618709564, -0.02245110645890236, 0.22758722305297852, -0.07783006876707077, -0.05097634717822075, -0.07128017395734787, 1.436074137687683, -0.49695178866386414, -0.024913961067795753, -0.3950272798538208, -0.8614324927330017, -2.141050338745117, 0.19894681870937347, -0.018833011388778687, -0.11501260846853256, -0.04642327129840851, -0.015570186078548431, -0.06380703300237656, -0.07362119108438492, -0.04667934030294418, -0.020306691527366638, -0.02549555152654648, -0.024437254294753075, -0.016573166474699974, -0.010109087452292442, -0.03576275333762169, -0.04363841935992241, -0.020725373178720474, -0.005488579161465168, -0.0010021133348345757, 0.12573403120040894, 0.0150833111256361, 0.008666517212986946, -0.051763635128736496, -0.003053231630474329, 0.040679946541786194, -0.396298348903656, 0.4526017904281616, 0.6019837856292725, 0.5556783676147461, -0.5697749853134155, -0.06475602090358734, -0.1278540939092636, -0.01424889825284481, -0.377547949552536, -0.528739333152771, 2.9553589820861816, -0.5196821093559265, 0.0, -0.38999998569488525, 0.47999998927116394, -0.554216742515564, -0.40107905864715576, 0.34627652168273926, 0.6419283747673035, 0.3866479992866516, 0.22340743243694305, -0.40985438227653503, -0.7953689098358154, -0.021725047379732132, -0.41685888171195984, 0.4681473970413208, -0.06103886291384697, 0.2548661530017853, 0.9627981185913086, -0.06585848331451416, -0.4183744788169861, 0.043395888060331345, 0.1702670156955719, 3.4620847702026367, -0.12047241628170013, -1.5551397800445557, -0.001272379420697689, -0.42635613679885864, 0.4616677165031433, 0.007799312472343445, -0.2372305691242218, 0.971071183681488, -0.026107270270586014, -0.4441451132297516, 0.16713650524616241, 0.23007453978061676, -2.9947280883789062, -1.2061465978622437, -1.3755773305892944, 0.02294943667948246, -0.42112940549850464, 0.41087502241134644, -0.008671957068145275, -0.10190242528915405, 0.9936942458152771, -0.04596024006605148, -0.5246729254722595, -0.04806094244122505, -0.04473224654793739, -0.19736777245998383, 0.9858276844024658, -3.8395402431488037, 0.03634357079863548, -0.41096800565719604, 0.3911362588405609, 0.008105016313493252, -0.8532275557518005, 0.5206318497657776, 0.02965603955090046, -0.546740710735321, -0.06119438260793686, -0.040086470544338226, 1.0053342580795288, 0.7806631326675415, -3.5404868125915527, -0.08510089665651321, -0.3627568483352661, 0.4766849875450134, 0.04407627508044243, -0.642255425453186, 0.7385411262512207, -0.20030523836612701, 0.03149193152785301, 0.007190747652202845, -0.2187396138906479, 4.754378795623779, 2.671111583709717, 7.226424694061279, -0.36898282170295715, 0.30010560154914856, -0.6531410217285156, -0.011068602092564106, 0.0003933694679290056, 0.0018266288097947836, -0.5701370239257812, 0.5902576446533203, -0.21369165182113647, -0.011452828533947468, -0.00024162793124560267, 0.007422830909490585, -0.2528003752231598, 0.12833136320114136, -0.18830189108848572, -0.008184117265045643, -0.002138265874236822, -0.0005959793925285339, -0.25557005405426025, 0.09125348180532455, -0.11070766299962997, 0.0003666890843305737, -0.00044912146404385567, -0.0023574961815029383, -0.32463017106056213, 0.14016586542129517, 0.6164724826812744, -0.006163513753563166, 0.002140853088349104, -0.003305097110569477, 1.0, -1.0, -0.6598366498947144, 0.7309125065803528, -0.6954512000083923, -1.0, 0.7511528134346008, -0.7583754062652588, 1.0, -1.0, 0.42536643147468567, -0.9802019596099854, 0.9701117277145386, -1.0, -1.0, -0.022648543119430542, -0.4981769621372223, -1.0, -0.566562294960022, -1.0]
[0.49934670329093933, -0.993669331073761, -0.410843163728714, 0.4037814438343048, -0.12470445036888123, 0.17030340433120728, -0.08711124956607819, 0.48499569296836853, -0.6813715696334839, -0.5171223282814026, -0.031195901334285736, -0.9679065346717834, 0.28698790073394775, 0.2858102321624756, -0.9280632734298706, 0.3261191248893738, -0.975461483001709, -0.9789506196975708, -0.7925271391868591, -0.5967665314674377, -0.1887759119272232, -0.9469234347343445, -0.2773524820804596, -0.5878674387931824, 0.44447436928749084, -0.003550698282197118, -0.0984630137681961, 0.3567288815975189, -0.9994658827781677, -0.35024574398994446, -0.4353087842464447, 0.38249704241752625, -0.43036946654319763, -0.1055806428194046, 0.37762248516082764, -0.2587507665157318, -0.05769982933998108, -0.014717981219291687, 0.48348528146743774, 0.21612003445625305, -0.07914089411497116, -0.049721479415893555, -0.0614694245159626, 1.9609650373458862, -0.4332737922668457, -0.019118638709187508, -0.19903112947940826, -0.7258571982383728, -2.2752535343170166, -0.01713532954454422, -0.009771459735929966, -0.12659990787506104, -0.03477191552519798, -0.007392596453428268, -0.04196998104453087, -0.1047029197216034, -0.06402262300252914, -0.0277111679315567, -0.05262190103530884, -0.043043121695518494, -0.024149160832166672, -0.013527033850550652, 0.19435453414916992, -0.07206986844539642, 0.1379055678844452, 0.051308900117874146, 0.017543837428092957, 0.12260445207357407, 0.011910154484212399, 0.003943073097616434, -0.04480305314064026, 0.0009778357343748212, 0.037952180951833725, -0.3972855508327484, 0.44469311833381653, 0.5432167649269104, 0.514509379863739, -0.6494616270065308, -0.13562840223312378, -0.15337224304676056, -0.08149747550487518, -0.5173456072807312, -0.5432780981063843, 2.9316165447235107, -0.697819173336029, 0.0, -0.38999998569488525, 0.47999998927116394, -0.554216742515564, -0.40107905864715576, 0.34627652168273926, 0.6419283747673035, 0.355861634016037, 0.10404115170240402, -0.4372197687625885, -0.81937575340271, -0.028085388243198395, -0.41613662242889404, 0.4694216847419739, -0.05875108391046524, 0.21932721138000488, 0.9724869728088379, -0.05208602175116539, -0.33378395438194275, -0.037132732570171356, 0.06748156994581223, 4.923789024353027, 0.32033097743988037, -1.3881661891937256, -0.007395589258521795, -0.4250613749027252, 0.46366479992866516, -0.0047155278734862804, -0.23237821459770203, 0.972362756729126, -0.022108877077698708, -0.3536747097969055, 0.04510711506009102, 0.06470566242933273, 0.8087199926376343, -1.3527042865753174, -0.5491260886192322, 0.014521485194563866, -0.42163193225860596, 0.4096907675266266, -0.0020504032727330923, -0.1092526838183403, 0.9939239621162415, -0.013214079663157463, -0.4699782729148865, -0.03418493643403053, -0.09132466465234756, 1.6512268781661987, 1.2795015573501587, -3.652303695678711, 0.028732558712363243, -0.41298210620880127, 0.39216482639312744, -0.022798975929617882, -0.8538789749145508, 0.5180107355117798, 0.04511960223317146, -0.4790988266468048, -0.1385042518377304, 0.11626024544239044, -0.369306743144989, -0.9608761668205261, -4.385178089141846, -0.08582258224487305, -0.36346960067749023, 0.474210649728775, 0.09263911098241806, -0.6826090812683105, 0.6880137324333191, -0.22825385630130768, 0.07914560288190842, -0.0006308393785730004, -0.2981785833835602, 7.322414398193359, 3.4267938137054443, 6.9532389640808105, -0.3754173517227173, 0.16777104139328003, -0.6253003478050232, -0.00487603060901165, -0.0009995494037866592, 0.001300122938118875, -0.4910213053226471, 0.8018755316734314, -0.3407212495803833, -0.015683036297559738, -0.0007366472855210304, 0.004149104468524456, -0.3819924294948578, 0.1489514708518982, -0.31188079714775085, -0.011292761191725731, -0.0010438114404678345, 0.0015478486893698573, -0.3862900733947754, -0.7731216549873352, 0.03483586385846138, 0.005947011988610029, -0.0004900797503069043, 0.007344026118516922, -0.17517238855361938, 0.22755153477191925, 0.5637127757072449, -0.006753556430339813, 0.0037805959582328796, -0.0020913523621857166, 1.0, -1.0, -0.5022822022438049, 0.5332019329071045, -0.7005048394203186, -1.0, 0.4889388978481293, -1.0, 1.0, -1.0, 0.3909437656402588, -0.1023596003651619, 0.6052995920181274, -1.0, -1.0, 0.36100146174430847, -0.5184667706489563, -1.0, -0.4094809293746948, -1.0]
[0.604600727558136, -0.9950655102729797, -0.42882582545280457, 0.4139709174633026, -0.21496811509132385, 0.12161024659872055, -0.19522634148597717, 0.49677273631095886, -0.7286501526832581, -0.5309780240058899, 0.057098258286714554, -1.0000251531600952, 0.2786754369735718, 0.2754822075366974, -0.7537536025047302, 0.3494773209095001, -0.983745276927948, -0.9840667843818665, -0.7987260818481445, -0.4313136339187622, -0.23806002736091614, -0.953993558883667, -0.2869892120361328, -0.6580039262771606, 0.36349305510520935, -0.022600678727030754, -0.06133713200688362, -0.04637884721159935, -0.7494003176689148, -0.6501285433769226, -0.4279734790325165, 0.00673293462023139, -0.4444000720977783, -0.1438853144645691, 0.3208926320075989, -0.0009448408964090049, -0.14541350305080414, -0.16059181094169617, 0.9900266528129578, 0.029462018981575966, -0.06305810064077377, -0.041722994297742844, -0.054194748401641846, 2.075080394744873, -0.31729036569595337, -0.01881280355155468, 0.014915640465915203, -0.6060405373573303, -2.032552719116211, -0.3448793292045593, -0.013461750000715256, -0.12488679587841034, -0.025379706174135208, -0.021220270544290543, -0.018787503242492676, -0.096723273396492, -0.03770444542169571, -0.013758057728409767, -0.08744798600673676, 0.18580502271652222, 0.05854535102844238, 0.010564710013568401, 0.14666765928268433, -0.12485920637845993, 0.10878726094961166, 0.04154764115810394, 0.014312388375401497, 0.048783645033836365, 0.04111885651946068, 0.015804145485162735, -0.014891503378748894, 0.0070081488229334354, 0.03418546915054321, -0.39907169342041016, 0.4349907338619232, 0.4854578971862793, 0.45878151059150696, -0.719375491142273, -0.19065386056900024, -0.24102213978767395, -0.09460077434778214, -0.5764836072921753, -1.5676020383834839, 2.176395893096924, -0.4385735094547272, 0.0, -0.38999998569488525, 0.47999998927116394, -0.554216742515564, -0.40107905864715576, 0.34627652168273926, 0.6419283747673035, 0.3356267809867859, -0.01254966203123331, -0.45532599091529846, -0.8245455026626587, -0.033114105463027954, -0.4163157045841217, 0.468901664018631, -0.055630702525377274, 0.1703629046678543, 0.9829663038253784, -0.04072919115424156, -0.2598527669906616, -0.1250368058681488, -0.03479494899511337, 7.269095420837402, 0.5317740440368652, -0.8926953673362732, -0.012157878838479519, -0.42494630813598633, 0.4634194076061249, -0.016496844589710236, -0.2512984573841095, 0.967490017414093, -0.023236148059368134, -0.2748425304889679, -0.04614546149969101, -0.07573432475328445, 2.992450714111328, -1.2660489082336426, -0.052482958883047104, 0.007247838657349348, -0.42145854234695435, 0.40795350074768066, 0.004325446672737598, -0.12946724891662598, 0.9914423227310181, 0.01617068238556385, -0.3927800953388214, -0.027871694415807724, -0.037242285907268524, 1.6672428846359253, 0.9502100348472595, -3.0794155597686768, 0.022608455270528793, -0.41631588339805603, 0.3955545425415039, -0.06610213220119476, -0.8472456336021423, 0.5249392986297607, 0.04737172648310661, -0.37143003940582275, -0.22322849929332733, 0.26701804995536804, -1.9478093385696411, -3.1355984210968018, -4.548869609832764, -0.08606098592281342, -0.36402803659439087, 0.47133225202560425, 0.13423439860343933, -0.7278616428375244, 0.6249935626983643, -0.24815607070922852, 0.0556141696870327, 0.047964468598365784, -0.32943955063819885, 8.277688980102539, 3.614537477493286, 5.635180950164795, -0.314328670501709, 0.2951485514640808, -0.5813676118850708, -0.016793042421340942, 0.00022006547078490257, 0.0014978989493101835, -0.358458012342453, 0.47636303305625916, -0.31267955899238586, -0.006612611934542656, -0.0012237285263836384, 0.000740602845326066, -0.5282217860221863, -0.04142686352133751, 0.9554347991943359, 0.00994330644607544, 0.0008281044429168105, 0.004871766082942486, -0.6391879320144653, -0.6076672077178955, 0.008173367008566856, 0.005197378806769848, -0.004055449273437262, 0.0074543580412864685, 0.04169978201389313, -0.12003961950540543, 0.13461683690547943, 0.0006357451202347875, 0.0063409521244466305, -0.0013869660906493664, 1.0, -1.0, -0.501800000667572, 0.30158060789108276, -0.6143009066581726, -1.0, 0.1235329732298851, -1.0, 1.0, -1.0, 0.49393558502197266, 0.6649454832077026, 0.2832387089729309, -1.0, -1.0, 0.5169878005981445, -0.4604468047618866, -1.0, -0.21481207013130188, -1.0]
[0.6905311942100525, -0.9909834861755371, -0.43876099586486816, 0.37793436646461487, -0.2690947651863098, 0.04548028111457825, -0.2890157997608185, 0.5001848340034485, -0.7694851160049438, -0.5466089248657227, 0.10926308482885361, -1.0000360012054443, 0.25255805253982544, 0.24331717193126678, -0.5785794854164124, 0.331558495759964, -1.000002145767212, -0.9870014190673828, -0.803245484828949, -0.2826651930809021, -0.2818807065486908, -0.9615510702133179, -0.2781645953655243, -0.7163913249969482, 0.3158904016017914, 0.06762583553791046, -0.03202121704816818, -0.489675372838974, -0.3708409368991852, -0.6616913676261902, -0.24369435012340546, 0.01944502629339695, -0.309796541929245, -0.16224434971809387, 0.3340044915676117, 0.0003074747510254383, -0.18084464967250824, -0.28663209080696106, 0.5907630324363708, -0.3594282865524292, 7.112063758540899e-05, -0.02981078065931797, -0.034657515585422516, 1.699867606163025, -0.3174308240413666, -0.020579809322953224, 0.07512082159519196, -0.5039441585540771, -0.7354693412780762, 0.7440100908279419, -0.0022228118032217026, -0.07367947697639465, -0.007542399223893881, 0.005789199844002724, 0.03668756037950516, 0.0951855257153511, 0.061033934354782104, 0.021575335413217545, 0.07290424406528473, 0.03682619333267212, 0.028289463371038437, 0.011051129549741745, -0.6576651930809021, -0.2699841260910034, -0.3503335118293762, -0.12044522911310196, -0.037292610853910446, -0.06064368411898613, 0.06997879594564438, 0.02860780619084835, 0.015575328841805458, 0.008984488435089588, 0.030407436192035675, -0.40191781520843506, 0.43159914016723633, 0.4751126170158386, 0.4198305308818817, -0.7414832711219788, -0.2195739448070526, -0.0708276629447937, -0.1463894248008728, 0.09325575083494186, -2.865546703338623, -1.565158486366272, 0.509613573551178, 0.0, -0.38999998569488525, 0.47999998927116394, -0.554216742515564, -0.40107905864715576, 0.34627652168273926, 0.6419283747673035, 0.3353126347064972, -0.06498747318983078, -0.4420652389526367, -0.8294095993041992, -0.037024058401584625, -0.4173893928527832, 0.4671071171760559, -0.05257000774145126, 0.10776257514953613, 0.9922653436660767, -0.03214031085371971, -0.21714308857917786, -0.18311597406864166, -0.09485234320163727, 7.211705684661865, 0.47224581241607666, -0.7129812836647034, -0.01596355251967907, -0.42501071095466614, 0.4633234739303589, -0.026255229488015175, -0.269667387008667, 0.9622567296028137, -0.025532985106110573, -0.2491387277841568, -0.026003802195191383, 0.007210251875221729, 1.878523826599121, -0.6861264705657959, -0.485930860042572, 0.0016819196753203869, -0.42187419533729553, 0.40780165791511536, 0.00660143094137311, -0.1510522961616516, 0.9877949953079224, 0.03742339462041855, -0.36207905411720276, -0.05904218554496765, 0.01582147926092148, 2.0311179161071777, 0.8956652879714966, -2.925360679626465, 0.018119214102625847, -0.4194454848766327, 0.3991124927997589, -0.1040479838848114, -0.8391547799110413, 0.532288134098053, 0.04077225923538208, -0.18927691876888275, -0.19957235455513, 0.24387601017951965, -2.0833218097686768, -2.8509786128997803, -1.6215705871582031, -0.08647018671035767, -0.36390674114227295, 0.468484103679657, 0.16272714734077454, -0.7654196619987488, 0.564605712890625, -0.2624366283416748, -0.006638384889811277, 0.10045846551656723, -0.26903560757637024, 6.881372928619385, 2.431713819503784, 3.9339637756347656, -0.09618303179740906, 0.05319283902645111, -0.20534588396549225, 0.006587092764675617, -0.0004086185363121331, 0.00040378497214987874, 0.06568269431591034, -0.6690026521682739, 0.40196406841278076, 0.011540298350155354, -0.0017547893803566694, -0.007933947257697582, 0.34249618649482727, -0.15523169934749603, 0.33828258514404297, 0.008722653612494469, -0.003445687470957637, -0.007030533626675606, -1.4224305152893066, 1.934740424156189, -0.335519939661026, -0.008271506987512112, -0.01960308849811554, -0.025881007313728333, 0.17875409126281738, -0.591795802116394, -0.3496083617210388, 0.011331509798765182, 0.006124421022832394, -0.00014918498345650733, 1.0, -0.8413708209991455, -0.4720294177532196, 0.004078812897205353, -0.41923895478248596, -1.0, -0.14582008123397827, -1.0, 1.0, -1.0, 0.6260594725608826, 1.0, -0.04754531383514404, -1.0, -1.0, 0.4242802560329437, -0.5193701982498169, -1.0, -0.18642649054527283, -1.0]
[0.7608106732368469, -0.9765811562538147, -0.45547789335250854, 0.2999480962753296, -0.2861064076423645, -0.002048867056146264, -0.32954156398773193, 0.47128987312316895, -0.7970624566078186, -0.5711461901664734, 0.13738088309764862, -1.0000351667404175, 0.23846092820167542, 0.22463317215442657, -0.46913841366767883, 0.24067512154579163, -0.9999991059303284, -0.9896807670593262, -0.8063277006149292, -0.20044443011283875, -0.32942184805870056, -0.9596508741378784, -0.217784121632576, -0.7652076482772827, 0.23868019878864288, 0.1218721866607666, -0.08888416737318039, -0.8446683883666992, -0.04625802859663963, -0.2387508898973465, -0.060568667948246, -0.29224398732185364, -0.21979747712612152, -0.276922345161438, -0.13681046664714813, -3.255724368500523e-05, -0.21232011914253235, -0.1653176248073578, 0.5740556120872498, -0.3800060451030731, 1.267068182642106e-05, -0.024800147861242294, -0.02746698074042797, 0.6419171094894409, -0.3529714345932007, 0.017984507605433464, 0.5328331589698792, -0.4208548963069916, -1.786961555480957, 0.2892833948135376, -0.02544080838561058, -0.06909380853176117, -0.008153910748660564, 0.016001354902982712, -0.0007957554771564901, 0.010450570844113827, 0.012634703889489174, 0.0017006313428282738, -0.21587726473808289, 0.014017172157764435, -0.022491449490189552, -0.012685364112257957, 0.08615035563707352, -0.05199424922466278, 0.06597604602575302, 0.025624316185712814, 0.008947901427745819, -0.13122065365314484, 0.07009600847959518, 0.03524821996688843, 0.06241878494620323, 0.020396413281559944, 0.028109723702073097, -0.4047221541404724, 0.43437299132347107, 0.5018841624259949, 0.4220709502696991, -0.717168927192688, -0.23587481677532196, -0.09683829545974731, -0.16912585496902466, 0.18465997278690338, 0.09218554943799973, -0.7923587560653687, -0.6614580750465393, 0.0, -0.38999998569488525, 0.47999998927116394, -0.554216742515564, -0.40107905864715576, 0.34627652168273926, 0.6419283747673035, 0.33293604850769043, -0.04734146222472191, -0.41131675243377686, -0.8471899628639221, -0.03997059166431427, -0.4192042648792267, 0.46457439661026, -0.05169157683849335, 0.056931499391794205, 0.9966894388198853, -0.0263966154307127, -0.1509707272052765, -0.19104531407356262, -0.15838225185871124, 4.985586166381836, 0.07169775664806366, -0.2838800847530365, -0.01923527754843235, -0.42598360776901245, 0.462727814912796, -0.03104512393474579, -0.29557856917381287, 0.9545506238937378, -0.022418254986405373, -0.19285210967063904, -0.10117703676223755, -0.05396680533885956, 3.3098702430725098, -0.05611034482717514, -0.6701961755752563, -0.002620384795591235, -0.42258983850479126, 0.4086809456348419, 0.006828991696238518, -0.1596602499485016, 0.9857405424118042, 0.05270214006304741, -0.17523832619190216, -0.07388455420732498, 0.04834427684545517, 1.2504912614822388, -0.584871768951416, -0.7271259427070618, 0.016018623486161232, -0.42272523045539856, 0.40292638540267944, -0.12381589412689209, -0.8291990756988525, 0.5444713234901428, 0.025486573576927185, -0.11409306526184082, -0.22363193333148956, 0.29274246096611023, -2.495889902114868, -2.7163100242614746, -1.0767582654953003, -0.08836064487695694, -0.36221054196357727, 0.46665850281715393, 0.165085569024086, -0.786931037902832, 0.5324176549911499, -0.2646087408065796, -0.1658160239458084, 0.14875979721546173, -0.11560744792222977, 2.8884739875793457, 0.6365717053413391, -0.7687184810638428, -0.3279576003551483, -0.07126228511333466, -0.20082056522369385, 0.01493242010474205, 0.0009847511537373066, 0.0026658354327082634, -0.25684428215026855, -0.07250047475099564, 0.11302658915519714, 0.0006131244590505958, -0.0016772187082096934, -0.002951267873868346, -1.1509149074554443, 0.23870396614074707, -0.07575943320989609, -0.009104805998504162, 0.0050278762355446815, 0.016028689220547676, -0.24327489733695984, -0.40152639150619507, -0.020311638712882996, 0.0029250052757561207, -7.275474490597844e-05, 0.0029160489793866873, 0.4039960503578186, -0.9216581583023071, -0.8151623010635376, 0.021855486556887627, 0.01393247488886118, -0.0002704770886339247, 1.0, -0.8264650106430054, -0.6049732565879822, -0.27018386125564575, -0.2572552263736725, -1.0, -0.4673924744129181, -1.0, 1.0, -1.0, 0.5692253112792969, 0.44486454129219055, -0.2619321644306183, -1.0, -1.0, -0.06729674339294434, -0.5942215919494629, -0.8740295171737671, 0.39731565117836, -1.0]
[0.8148607015609741, -0.9675746560096741, -0.436989963054657, 0.24384044110774994, -0.3087398409843445, -0.01812557876110077, -0.3626289665699005, 0.4265550374984741, -0.8179628849029541, -0.5989850163459778, 0.14116570353507996, -1.000008463859558, 0.1832217276096344, 0.20368467271327972, -0.341974675655365, 0.17078714072704315, -1.0000004768371582, -0.9915533661842346, -0.8088276982307434, -0.12782599031925201, -0.3753240704536438, -0.9585226774215698, -0.14522410929203033, -0.8053158521652222, 0.1782408207654953, 0.030736355111002922, 0.16267673671245575, -0.34381672739982605, -0.2924991548061371, -0.1722855567932129, -0.22466199100017548, -0.6449012756347656, -0.20431728661060333, -0.24141357839107513, 0.19805234670639038, -6.274135375861079e-05, -0.5459529757499695, -0.20043368637561798, 0.625846803188324, -0.23018550872802734, 5.403758768807165e-05, -0.014125779271125793, -0.02011813595890999, 1.0299721956253052, -0.3215612471103668, -0.007109048310667276, 0.39955934882164, -0.34425055980682373, -1.1151515245437622, -0.9000987410545349, 0.009111706167459488, 0.08959229290485382, 0.027951374650001526, 0.005563738755881786, -0.05181022360920906, -0.28217676281929016, -0.12156280875205994, -0.041441675275564194, 0.13286930322647095, -0.04987187683582306, -0.009409558027982712, -0.0010860709007829428, -0.09472189843654633, 0.025185421109199524, -0.05878955125808716, -0.01924895867705345, -0.005655266344547272, 0.073428213596344, -0.03467022255063057, -0.019438162446022034, -0.04665076360106468, -0.006994797848165035, 0.026116715744137764, -0.40806329250335693, 0.4370574355125427, 0.5440859198570251, 0.4228695333003998, -0.68377286195755, -0.24001331627368927, -0.12363793700933456, -0.21681977808475494, 0.13464781641960144, 0.11972017586231232, -1.2689017057418823, -0.7535125017166138, 0.0, -0.38999998569488525, 0.47999998927116394, -0.554216742515564, -0.40107905864715576, 0.34627652168273926, 0.6419283747673035, 0.3440619707107544, -0.015366553328931332, -0.37196213006973267, -0.8619914650917053, -0.0425577275454998, -0.4204539954662323, 0.4624096751213074, -0.04816235974431038, 0.022789517417550087, 0.9984263181686401, -0.01748843304812908, -0.14220096170902252, -0.10494963824748993, -0.10456416010856628, 3.908557176589966, 0.6749846935272217, -1.1347068548202515, -0.02163180522620678, -0.42721810936927795, 0.4610215425491333, -0.034694328904151917, -0.3274424076080322, 0.9440008997917175, -0.020978007465600967, -0.10910355299711227, -0.17138785123825073, -0.24118003249168396, 5.228651523590088, -0.6079381108283997, 0.399259090423584, -0.005631547421216965, -0.4232301414012909, 0.40834951400756836, 0.004004842601716518, -0.18649278581142426, 0.9804995059967041, 0.061846114695072174, -0.21873506903648376, -0.06800206005573273, -0.06359522044658661, 3.5981290340423584, 0.20871707797050476, -1.7581470012664795, 0.013925273902714252, -0.4256705045700073, 0.40693891048431396, -0.1448187381029129, -0.8175666332244873, 0.557205319404602, 0.01159554161131382, -0.14120006561279297, -0.16472603380680084, 0.2552534341812134, -2.228503704071045, -2.4164376258850098, -1.5029106140136719, -0.09010927379131317, -0.3603644371032715, 0.4649161696434021, 0.1624417006969452, -0.8075117468833923, 0.5026760697364807, -0.26240092515945435, -0.08015111088752747, 0.12842004001140594, -0.18717139959335327, 4.768616676330566, 1.542962908744812, 0.5985479950904846, -0.09875012934207916, -0.2682362198829651, 0.2847830355167389, 0.0015401954296976328, -0.002808985533192754, -0.0023743431083858013, -0.36578112840652466, 1.5196833610534668, -0.7416844367980957, -0.018646424636244774, -0.00011184741742908955, 0.007925937883555889, 0.6109867691993713, -0.060101110488176346, -0.30247318744659424, -0.0019875874277204275, -0.005416969768702984, -0.013013212010264397, 0.1725228875875473, 0.3013985753059387, -0.09236901998519897, -0.001134287565946579, 0.0029809405095875263, -0.000567268521990627, -0.20959757268428802, 0.3364109396934509, 0.6405187249183655, -0.0075892736203968525, -0.0036412356421351433, 5.9495818277355283e-05, 1.0, -1.0, -0.1178165003657341, 0.13286912441253662, -0.5187756419181824, -1.0, -0.30777832865715027, -1.0, 1.0, -1.0, -0.08412565290927887, 0.5472072958946228, -0.056070923805236816, -1.0, -1.0, 0.39431032538414, -0.6232000589370728, -1.0, 0.17020323872566223, -1.0]
[0.8565012812614441, -0.9665629267692566, -0.40913358330726624, 0.22670988738536835, -0.36042022705078125, -0.05347693711519241, -0.4132932722568512, 0.3555315136909485, -0.8394479155540466, -0.6237192153930664, 0.19099761545658112, -1.00001060962677, 0.10980094224214554, 0.17798933386802673, -0.2515968978404999, 0.15219493210315704, -0.9996450543403625, -0.992243230342865, -0.8101978898048401, -0.06289166212081909, -0.3977644741535187, -0.9662494659423828, -0.059102557599544525, -0.8386009335517883, 0.13992488384246826, -0.007016220595687628, 0.08867659419775009, -0.06053541973233223, -0.5737816691398621, -0.5034024119377136, -0.21269355714321136, -0.7009302973747253, -0.20491237938404083, -0.22930486500263214, 0.21451909840106964, -3.80827987100929e-05, -0.7361475825309753, -0.27342912554740906, 0.33635008335113525, 0.015364986844360828, 0.017710797488689423, -0.00623473571613431, -0.0085549121722579, 0.6743543744087219, -0.0729072317481041, -0.02265685796737671, 0.6010104417800903, -0.2870861887931824, -0.8246402740478516, -0.3739837110042572, -0.021289998665452003, 0.05071328580379486, 0.007535433396697044, -0.012369927018880844, -0.008931336924433708, -0.034384410828351974, -0.012481278739869595, -0.0038926152046769857, -0.017617683857679367, -0.02078220434486866, -0.010330033488571644, -0.005053830333054066, -0.2304334193468094, 0.05163852497935295, -0.14780965447425842, -0.05309693142771721, -0.017004990950226784, -0.03591912239789963, 0.08571882545948029, 0.040382690727710724, 0.014427509158849716, 0.006249629892408848, 0.024648180231451988, -0.4117294251918793, 0.43819743394851685, 0.5983166694641113, 0.40641385316848755, -0.650050938129425, -0.23297762870788574, -0.07157689332962036, -0.23381195962429047, 0.009046211838722229, -0.3882465064525604, -1.145382046699524, -0.9588174819946289, 0.0, -0.38999998569488525, 0.47999998927116394, -0.554216742515564, -0.40107905864715576, 0.34627652168273926, 0.6419283747673035, 0.37494656443595886, 0.014360041357576847, -0.3218805491924286, -0.8692535161972046, -0.04481186717748642, -0.42106685042381287, 0.4609711766242981, -0.04452929645776749, -0.017602045089006424, 0.9988117218017578, -0.00907156616449356, -0.11607286334037781, -0.11273299902677536, -0.07604065537452698, 5.727236270904541, 0.37171393632888794, -0.537366509437561, -0.023014498874545097, -0.4289041757583618, 0.4573240578174591, -0.038653336465358734, -0.3696983754634857, 0.9280126690864563, -0.02492830716073513, -0.06342466175556183, -0.15991264581680298, -0.30358293652534485, 5.623153209686279, -0.5659924149513245, 0.6418205499649048, -0.008962380699813366, -0.42335277795791626, 0.40706270933151245, 0.003928425256162882, -0.22434857487678528, 0.9715229868888855, 0.07612606883049011, -0.20026887953281403, -0.0666728988289833, -0.1252233386039734, 5.089077949523926, -0.06784921139478683, -1.743337869644165, 0.011402159929275513, -0.42724111676216125, 0.40937188267707825, -0.16212239861488342, -0.8091973662376404, 0.5646801590919495, 0.0072167436592280865, -0.18156133592128754, -0.06271129101514816, 0.11963699012994766, -1.0247517824172974, -0.9358056783676147, -1.6316535472869873, -0.09167985618114471, -0.3586794435977936, 0.46397435665130615, 0.16029496490955353, -0.8267773389816284, 0.4761630892753601, -0.2530086636543274, -0.12128057330846786, 0.11307079344987869, -0.07043445110321045, 2.8616487979888916, 2.0832579135894775, -0.7707091569900513, -0.16931861639022827, 0.08859604597091675, 0.12548887729644775, -0.011040987446904182, 0.0011479629902169108, 0.0020999768748879433, -0.14803342521190643, 0.16055242717266083, -0.1325121968984604, -0.0014843285316601396, -0.0004625112342182547, 0.00040866900235414505, -0.11332493275403976, 0.05168335512280464, -0.17818348109722137, -0.004278579261153936, -0.000641768507193774, 4.819682362722233e-05, 0.290079802274704, 0.8214935660362244, -0.1526075303554535, -0.004682586994022131, 0.0033606383949518204, -0.007509458810091019, 0.06795226782560349, -0.7449840307235718, -0.20615583658218384, 0.007712762802839279, 0.005162390414625406, -0.004235568456351757, 1.0, -1.0, -0.3245484232902527, 0.2402740716934204, -0.7431700825691223, -1.0, -0.2896026372909546, -1.0, 1.0, -1.0, -0.2491060048341751, -0.005106518045067787, 0.2935938239097595, -1.0, -1.0, 0.188153475522995, -0.3799317181110382, -1.0, 0.5380185842514038, -1.0]
[0.8881325125694275, -0.9695800542831421, -0.39059191942214966, 0.23877325654029846, -0.4410790503025055, -0.12742775678634644, -0.47609999775886536, 0.2962089776992798, -0.8572733402252197, -0.6469160914421082, 0.2645082473754883, -1.0000078678131104, 0.0459328331053257, 0.15152275562286377, -0.219464972615242, 0.19844172894954681, -0.9975820183753967, -0.9925476908683777, -0.8106444478034973, -0.0023188882041722536, -0.39736074209213257, -0.9745554327964783, 0.03372860699892044, -0.8661072254180908, 0.10379427671432495, -0.029391203075647354, 0.06913109868764877, 0.20131586492061615, -0.8336374163627625, -0.8599891662597656, -0.30415305495262146, -0.4981848895549774, -0.1480676829814911, -0.19996532797813416, 0.379403680562973, 9.70701512414962e-06, -0.49685198068618774, -0.2136542797088623, 0.06232420355081558, 0.2909126579761505, 0.028848687186837196, -0.0038448236882686615, -0.003144400892779231, 0.7834298014640808, 0.044583760201931, -0.018032118678092957, 0.5553845763206482, -0.23662690818309784, -0.7195764780044556, -0.20763158798217773, -0.01493216585367918, 0.049367278814315796, 0.008710389025509357, -0.010842317715287209, -0.02442953735589981, 0.03861170634627342, 0.022363001480698586, 0.01023233775049448, 0.027725137770175934, -0.012030167505145073, 0.019676916301250458, 0.01219177059829235, -0.18371322751045227, 0.055759232491254807, -0.12226061522960663, -0.04462365806102753, -0.014633153565227985, 0.018082372844219208, 0.027432262897491455, 0.013070352375507355, -0.02348221465945244, -0.0035522831603884697, 0.022867875173687935, -0.415383905172348, 0.43773144483566284, 0.6499260663986206, 0.3678154945373535, -0.6252827644348145, -0.22655963897705078, -0.1381009966135025, -0.21896375715732574, -0.04263073205947876, -2.1129202842712402, -1.096785068511963, -1.2866660356521606, 0.0, -0.38999998569488525, 0.47999998927116394, -0.554216742515564, -0.40107905864715576, 0.34627652168273926, 0.6419283747673035, 0.4150647819042206, 0.023754842579364777, -0.26611223816871643, -0.869678795337677, -0.046579234302043915, -0.4213699698448181, 0.46015164256095886, -0.042588010430336, -0.07424411922693253, 0.9963226914405823, -0.0038947933353483677, -0.09159453213214874, -0.12382663786411285, -0.05150636285543442, 7.603529930114746, 0.21355436742305756, -0.14999260008335114, -0.02367037534713745, -0.4300525486469269, 0.4538624584674835, -0.04253503307700157, -0.4061000943183899, 0.9122599363327026, -0.032484520226716995, -0.014176463708281517, -0.0965740904211998, -0.24139918386936188, 4.253400802612305, -0.8639881014823914, 1.1047626733779907, -0.012262273579835892, -0.4230426847934723, 0.40566810965538025, 0.005119423847645521, -0.2596752345561981, 0.9612269997596741, 0.09265594184398651, -0.2156023234128952, -0.016059421002864838, -0.10305352509021759, 3.760946273803711, 0.5407804250717163, -2.201559543609619, 0.008339759893715382, -0.4273405969142914, 0.4098353683948517, -0.17440016567707062, -0.805936872959137, 0.5655158162117004, 0.015558460727334023, -0.22252637147903442, 0.031426772475242615, -0.01214935164898634, 0.27352002263069153, 0.475271999835968, -1.9356328248977661, -0.09292696416378021, -0.3574649691581726, 0.46393874287605286, 0.16190201044082642, -0.8440548181533813, 0.45259982347488403, -0.23772338032722473, -0.08080434799194336, 0.0775812566280365, -0.047688063234090805, 2.9484026432037354, 2.782644510269165, -0.0644143670797348, -0.14772506058216095, 0.07594624906778336, 0.13168559968471527, -0.009703123942017555, 0.0002882958797272295, 0.00126123265363276, -0.22737039625644684, -0.29718735814094543, 0.04176957905292511, 0.0057745277881622314, -0.0008064571302384138, 0.0027981249149888754, 0.12438207864761353, -0.2479086071252823, 0.0395113080739975, 0.008473141118884087, -0.0013185427524149418, -0.003828485030680895, 0.2954472303390503, 0.6892775297164917, -0.13014638423919678, -0.004293991252779961, 0.00355725921690464, -0.006492423824965954, -0.12944503128528595, -0.24656115472316742, 0.30224287509918213, -0.00106495909858495, -0.0014811636647209525, -0.002680798526853323, 1.0, -1.0, -0.30949437618255615, 0.40628331899642944, -0.9706705808639526, -1.0, -0.00019418355077505112, -0.9358015656471252, 1.0, -1.0, -0.16974909603595734, -0.3094484210014343, 0.7210640907287598, -1.0, -1.0, 0.3660963773727417, -0.32833436131477356, -1.0, 0.5170001983642578, -1.0]
[0.914143443107605, -0.9750369787216187, -0.38535284996032715, 0.2608403265476227, -0.5300317406654358, -0.2287737876176834, -0.5351665019989014, 0.26173824071884155, -0.8734197616577148, -0.6664057374000549, 0.3358879089355469, -1.0000157356262207, 0.01492916140705347, 0.13200519979000092, -0.22905457019805908, 0.29544728994369507, -0.9951727390289307, -0.9929378032684326, -0.8109868764877319, 0.07842015475034714, -0.37454938888549805, -0.981853723526001, 0.1262364387512207, -0.8888630867004395, 0.09264915436506271, -0.044340990483760834, -0.0035803422797471285, 0.20294587314128876, -0.8143185973167419, -0.9927995800971985, -0.09256399422883987, -0.08389627188444138, -0.13463495671749115, -0.17434442043304443, 0.036693233996629715, -3.1039384339237586e-05, -0.23569856584072113, -0.17658397555351257, -0.10631852596998215, 0.45894479751586914, 0.014602704904973507, -0.004943429958075285, -0.004119624849408865, 1.105172872543335, 0.22931893169879913, -0.015881991013884544, 0.5759327411651611, -0.19614556431770325, -0.2574467360973358, -0.20054423809051514, -0.012754215858876705, -0.012559352442622185, 0.0020849276334047318, -0.0009560446487739682, 0.0714636743068695, 0.21843241155147552, 0.09903750568628311, 0.037111151963472366, -0.2354733943939209, -0.012743506580591202, 0.002260583220049739, 0.0017573072109371424, -0.10454501956701279, 0.034899719059467316, -0.07425151765346527, -0.027551207691431046, -0.009221686981618404, 0.033810969442129135, 0.03323231264948845, 0.014981665648519993, -0.019197801128029823, -0.002282241126522422, 0.02126869559288025, -0.41891464591026306, 0.436629980802536, 0.6910791993141174, 0.30431681871414185, -0.6164222955703735, -0.22321376204490662, -0.04590786248445511, -0.2795277535915375, -0.08016805350780487, -0.08893348276615143, 0.11292417347431183, -1.4250364303588867, 0.0, -0.38999998569488525, 0.47999998927116394, -0.554216742515564, -0.40107905864715576, 0.34627652168273926, 0.6419283747673035, 0.46177080273628235, 0.003496169578284025, -0.2098853588104248, -0.8618025779724121, -0.04795655235648155, -0.4215067923069, 0.45945584774017334, -0.04252767562866211, -0.14131669700145721, 0.9890487790107727, -0.0018234984017908573, -0.07514120638370514, -0.12346113473176956, -0.08055688440799713, 8.211492538452148, -0.10729417204856873, 0.22623787820339203, -0.024110907688736916, -0.4305250346660614, 0.4514428973197937, -0.04593924060463905, -0.4318024516105652, 0.899909496307373, -0.03998851403594017, -0.055840060114860535, -0.01383901946246624, -0.09808901697397232, 2.1326191425323486, -0.2397547960281372, 0.14047466218471527, -0.015169764868915081, -0.4224347174167633, 0.4047360420227051, 0.006960355676710606, -0.2803552746772766, 0.9537758827209473, 0.10799974203109741, -0.09994407743215561, -0.0007052810396999121, -0.07519952207803726, 2.248228073120117, -0.3363966941833496, -0.7650577425956726, 0.004802150651812553, -0.4263179898262024, 0.40888381004333496, -0.18360082805156708, -0.8066306710243225, 0.5608088374137878, 0.03363247588276863, -0.2517938017845154, 0.09895571321249008, -0.09545499831438065, 1.2156791687011719, 1.2950009107589722, -2.1380691528320312, -0.09348423779010773, -0.35715994238853455, 0.4645403325557709, 0.17375077307224274, -0.8629254698753357, 0.4217595160007477, -0.2174605131149292, -0.04291057586669922, 0.035303033888339996, -0.02264161966741085, 3.538533926010132, 4.276206016540527, 1.0052272081375122, -0.08567477762699127, 0.01010540034621954, -0.06662120670080185, -0.0008044636924751103, 0.0006153864087536931, 0.0015732388710603118, 0.36678940057754517, -1.3074913024902344, 0.3265282213687897, 0.01749878190457821, 0.00196617073379457, -0.01058368943631649, -1.2091399431228638, -0.04869706556200981, -0.04852289706468582, 0.0010268513578921556, 0.0022874160204082727, 0.01916099339723587, 0.1825087070465088, 0.42130962014198303, -0.073454350233078, -0.002902042819187045, 0.0019942133221775293, -0.0035255905240774155, -0.09875676780939102, -0.2613603472709656, 0.24793016910552979, -0.0041569811291992664, -0.0007021332858130336, -0.004031632095575333, 1.0, -1.0, -0.4223213195800781, 0.38207823038101196, -1.0, -1.0, 0.0687989816069603, -0.967193603515625, 1.0, -1.0, 0.06652204692363739, -0.45021915435791016, 0.9939645528793335, -1.0, -1.0, 0.6206995248794556, -0.1458142250776291, -1.0, 0.6453589200973511, -1.0]
[0.9353836178779602, -0.9804874658584595, -0.35732021927833557, 0.2978387475013733, -0.6110149621963501, -0.33026474714279175, -0.5830860733985901, 0.2671848237514496, -0.8912330865859985, -0.6847594976425171, 0.3920457065105438, -0.9996482133865356, -0.04391856864094734, 0.11416266113519669, -0.2609497308731079, 0.4057702124118805, -0.9944903254508972, -0.9936488270759583, -0.8116301894187927, 0.19188299775123596, -0.346413791179657, -0.9858359694480896, 0.17947635054588318, -0.9074833989143372, 0.06988473981618881, -0.032464902848005295, 0.1778826266527176, 0.4174438416957855, -0.7096603512763977, -0.9019966125488281, -0.257246732711792, 0.10503251850605011, -0.18007290363311768, -0.1834394931793213, 0.35191142559051514, 0.006062113214284182, -0.6885496377944946, -0.19177953898906708, -0.17155581712722778, 0.45001837611198425, -2.0772964489879087e-05, -0.008115974254906178, -0.00793503038585186, 1.5536391735076904, 0.1868060827255249, -0.006985876243561506, 0.1940649002790451, -0.16043710708618164, -0.5260113477706909, 0.11594937741756439, 0.008966198191046715, 0.052045807242393494, 0.033565133810043335, 0.016938988119363785, -0.029726894572377205, 0.06354374438524246, 0.02547336369752884, 0.00803935807198286, 0.04139673337340355, 0.003946724347770214, -0.028205467388033867, -0.015339738689363003, -0.030730552971363068, -0.037689417600631714, -0.02140771970152855, -0.007813949137926102, -0.0026461936067789793, 0.041416384279727936, -0.016399189829826355, -0.012724369764328003, -0.0593193918466568, -0.013670134358108044, 0.020374227315187454, -0.42365846037864685, 0.43362095952033997, 0.706701397895813, 0.25143489241600037, -0.6114842891693115, -0.25187379121780396, -0.05948849022388458, -0.27634522318840027, -0.229373961687088, -0.6538402438163757, 0.1751069873571396, -1.4975136518478394, 0.0, -0.38999998569488525, 0.47999998927116394, -0.554216742515564, -0.40107905864715576, 0.34627652168273926, 0.6419283747673035, 0.47224652767181396, -0.033798836171627045, -0.16121742129325867, -0.8659386038780212, -0.04938744753599167, -0.42119237780570984, 0.459548681974411, -0.04094363749027252, -0.1991947591304779, 0.979098379611969, 0.00338607095181942, -0.08587279915809631, -0.05204078555107117, -0.001957609783858061, 6.1789140701293945, 0.4011417031288147, -0.5642826557159424, -0.024654170498251915, -0.43025264143943787, 0.45101815462112427, -0.04897210747003555, -0.4434298574924469, 0.8938021063804626, -0.04570861533284187, -0.012876534834504128, 0.0076934839598834515, -0.020122649148106575, 1.3448889255523682, -0.7798473834991455, 0.8117347955703735, -0.017560627311468124, -0.421880304813385, 0.40327519178390503, 0.006236345507204533, -0.31038376688957214, 0.942946195602417, 0.12031368911266327, -0.18920552730560303, -0.0149407759308815, -0.13531076908111572, 4.5432329177856445, 0.12905286252498627, -2.076026439666748, 0.0014640172012150288, -0.4247451722621918, 0.4073410928249359, -0.1897190511226654, -0.8094690442085266, 0.5529947280883789, 0.05443591624498367, -0.21608571708202362, 0.1147444099187851, -0.10532454401254654, 1.4412864446640015, 1.445125699043274, -1.7933281660079956, -0.09282928705215454, -0.3580734133720398, 0.4646211266517639, 0.19913534820079803, -0.8824504017829895, 0.3747616410255432, -0.2029285430908203, 0.06258398294448853, 0.0027446141466498375, -0.10734232515096664, 5.486775875091553, 4.108621597290039, 3.5622990131378174, -0.03112686052918434, -0.3903183937072754, 0.24828271567821503, 0.011084211990237236, -0.0012997876619920135, -0.002445454243570566, -0.22480374574661255, -0.32309335470199585, 0.11952279508113861, 0.0031929584220051765, -0.0011323979124426842, 0.0029200187418609858, 0.20372076332569122, 0.28626424074172974, -0.1507004350423813, -0.011045774444937706, -0.000798385008238256, -0.00457763671875, -0.2023811936378479, 0.11497573554515839, -0.04363827034831047, -0.0009215575992129743, -0.001742361462675035, -0.0009597153984941542, -0.309975266456604, 0.16431066393852234, 0.7154881954193115, -0.006109042093157768, -0.00871052872389555, -0.0003917398280464113, 1.0, -1.0, -0.04370530694723129, 0.5980835556983948, -1.0, -1.0, 0.3786478042602539, -1.0, 1.0, -1.0, -0.5381437540054321, -0.49953508377075195, 1.0, -1.0, -1.0, 0.9567888975143433, -0.21437159180641174, -1.0, 0.24271240830421448, -1.0]
[0.9432398676872253, -0.9854478240013123, -0.3005419373512268, 0.3354818820953369, -0.6791735291481018, -0.4170348346233368, -0.6410520672798157, 0.26924848556518555, -0.90908282995224, -0.7051945924758911, 0.48081207275390625, -1.0000057220458984, -0.11450989544391632, 0.09110473096370697, -0.27410200238227844, 0.5072842240333557, -0.9955244660377502, -0.994798481464386, -0.8127777576446533, 0.31658175587654114, -0.30746373534202576, -0.9903361201286316, 0.2080623060464859, -0.9229950308799744, 0.003412635298445821, -0.03418209031224251, 0.2612549066543579, 0.3090861737728119, -0.5868653655052185, -0.7433697581291199, -0.22868692874908447, -0.029285645112395287, -0.15812793374061584, -0.19459804892539978, 0.38148972392082214, 3.2909047149587423e-06, -0.6270013451576233, -0.22123613953590393, -0.0002115149109158665, 0.39734765887260437, -0.012730471789836884, -0.01130420621484518, -0.012636274099349976, 1.526092767715454, 0.33101701736450195, -0.011384125798940659, 0.16437402367591858, -0.13459433615207672, -1.342566967010498, 0.04549161344766617, -0.016954924911260605, -0.04632396250963211, -0.006547173485159874, 0.004315157886594534, -0.023072808980941772, -0.05031316727399826, -0.018161406740546227, -0.006361294537782669, -0.04699701815843582, 0.004996114410459995, 0.010769719257950783, 0.004151676315814257, 0.04308352246880531, -0.07879948616027832, 0.029898909851908684, 0.011411342769861221, 0.0038612023927271366, -0.014892693608999252, 0.08425538241863251, 0.03354569524526596, -0.019235409796237946, -0.0030027893371880054, 0.018920935690402985, -0.42787450551986694, 0.4288075268268585, 0.7322494387626648, 0.12513992190361023, -0.6309894919395447, -0.22361354529857635, -0.07983667403459549, -0.24457085132598877, -0.3026335537433624, -3.319023609161377, 0.7665513157844543, -1.8595975637435913, 0.0, -0.38999998569488525, 0.47999998927116394, -0.554216742515564, -0.40107905864715576, 0.34627652168273926, 0.6419283747673035, 0.5558649301528931, -0.1055000051856041, -0.10328266769647598, -0.8180566430091858, -0.0504169724881649, -0.420856773853302, 0.45986974239349365, -0.037341855466365814, -0.24583007395267487, 0.9685229063034058, 0.011682139709591866, -0.03937278315424919, -0.056996721774339676, -0.027282457798719406, 5.361656188964844, 0.5885769128799438, -0.686255693435669, -0.024309072643518448, -0.4301404356956482, 0.4504849910736084, -0.051160797476768494, -0.45670315623283386, 0.8864302635192871, -0.055192433297634125, 0.05164552107453346, -0.019476087763905525, -0.07039059698581696, 1.969138741493225, -0.647006094455719, 1.1340250968933105, -0.019990675151348114, -0.421129047870636, 0.40168002247810364, 0.006477395072579384, -0.3462645411491394, 0.9281987547874451, 0.13603641092777252, -0.1446196734905243, -0.0004681485879700631, -0.13012200593948364, 4.401071548461914, 0.1252807080745697, -1.9416340589523315, -0.0010691802017390728, -0.4233591556549072, 0.4063072204589844, -0.19620490074157715, -0.8112744688987732, 0.5461066961288452, 0.07144816964864731, -0.15264655649662018, 0.08609083294868469, -0.04824206978082657, 0.9090636968612671, 0.8122420907020569, -1.6718642711639404, -0.09097469598054886, -0.3600587248802185, 0.4643665850162506, 0.23343652486801147, -0.8973664045333862, 0.32111072540283203, -0.19268865883350372, 0.12275818735361099, -0.04657309874892235, -0.08745260536670685, 4.984477996826172, 4.186082363128662, 4.392912864685059, -0.2518567144870758, 0.0685444176197052, -0.06941202282905579, 0.005343324039131403, -0.0009611085406504571, 0.00037750700721517205, -0.2607773542404175, 0.26713889837265015, -0.03558024391531944, -0.002354211173951626, -0.0010537366615608335, 7.147930591600016e-05, -0.2717475891113281, -0.11739827692508698, 0.04629678651690483, 0.002390702022239566, -0.0010084169916808605, 0.0011006181593984365, -0.41912418603897095, -0.18133437633514404, -0.05050521716475487, 0.0011411866871640086, -0.0028073699213564396, 0.002789707388728857, -0.1350143402814865, -0.5382282137870789, 0.20359230041503906, 0.003175155958160758, -0.0008425611304119229, -0.0028183097019791603, 0.8216568231582642, -1.0, 0.07937116175889969, 0.5006980299949646, -1.0, -0.9465392231941223, 0.22196009755134583, -1.0, 1.0, -1.0, -0.46373891830444336, -0.1997077316045761, 1.0, -1.0, -1.0, 1.0, -0.006753535941243172, -1.0, 0.34360435605049133, -1.0]
[0.9433305859565735, -0.9905608892440796, -0.2525687515735626, 0.34176546335220337, -0.7348379492759705, -0.48748716711997986, -0.6962581276893616, 0.25758790969848633, -0.9243999123573303, -0.7246320247650146, 0.5666762590408325, -1.000009536743164, -0.13593964278697968, 0.07452075183391571, -0.2778371274471283, 0.5913759469985962, -0.9982934594154358, -0.9964019656181335, -0.8141448497772217, 0.43020832538604736, -0.24808833003044128, -0.994935929775238, 0.24823856353759766, -0.9360771179199219, -0.0059465100057423115, -0.037835076451301575, 0.16296540200710297, -0.0797344371676445, -0.47815027832984924, -0.6004156470298767, -0.22501809895038605, -0.15109233558177948, -0.13370004296302795, -0.17032977938652039, 0.34175822138786316, 0.0001595459325471893, 0.05036422610282898, -0.06523334234952927, -0.048667848110198975, 0.31006211042404175, -0.05453288182616234, -0.02403147704899311, -0.015919510275125504, 1.330690622329712, 0.47858548164367676, -0.00941634364426136, 0.2901638448238373, -0.11340326070785522, -0.4070059061050415, -0.11974621564149857, -0.02096308209002018, -0.11626899242401123, -0.037853702902793884, -0.007943925447762012, -0.00462308619171381, -0.04374593123793602, -0.015156501904129982, -0.004097621422261, -0.03205543011426926, -0.009629168547689915, 0.04712110012769699, 0.027902361005544662, -0.08172950148582458, -0.06273005902767181, -0.08987745642662048, -0.037722017616033554, -0.01341480016708374, -0.04765162616968155, 0.053671300411224365, 0.021664777770638466, 0.013160118833184242, 0.004443950951099396, 0.017577262595295906, -0.43071162700653076, 0.4243123233318329, 0.7253885865211487, -0.011043607257306576, -0.6597223281860352, -0.19610147178173065, -0.12025609612464905, -0.14011791348457336, -0.18107493221759796, 1.9880943298339844, 0.3928006887435913, -1.4168275594711304, 0.0, -0.38999998569488525, 0.47999998927116394, -0.554216742515564, -0.40107905864715576, 0.34627652168273926, 0.6419283747673035, 0.6253896951675415, -0.20018552243709564, -0.058530423790216446, -0.751922607421875, -0.050887566059827805, -0.4212038218975067, 0.4588315188884735, -0.03482543304562569, -0.2928791344165802, 0.955351710319519, 0.017661822959780693, -0.016828659921884537, -0.11350355297327042, -0.1523425132036209, 6.0252251625061035, 0.17491616308689117, -0.27501779794692993, -0.023448698222637177, -0.43029361963272095, 0.4492851197719574, -0.05219460278749466, -0.4734474718570709, 0.8768274784088135, -0.06554899364709854, 0.06975071877241135, -0.03282277658581734, -0.11481921374797821, 2.3439242839813232, -0.5870793461799622, 1.2452099323272705, -0.021858524531126022, -0.42035162448883057, 0.40108439326286316, 0.009220384992659092, -0.361294150352478, 0.9202443361282349, 0.15010619163513184, -0.09979331493377686, 0.04389955475926399, -0.007417967543005943, 0.3841708302497864, 1.0211243629455566, -1.3111761808395386, -0.002828011754900217, -0.4221397936344147, 0.4054851830005646, -0.2018696516752243, -0.8129415512084961, 0.5396825671195984, 0.08436354994773865, -0.09766720980405807, 0.09243617206811905, -0.07804495841264725, 1.2201658487319946, 0.6266523003578186, -1.1060316562652588, -0.08846534043550491, -0.3625614643096924, 0.464517742395401, 0.2703445255756378, -0.9053652286529541, 0.2741665244102478, -0.17905393242835999, 0.13465531170368195, -0.07714923471212387, -0.04021700099110603, 3.5360107421875, 4.303913116455078, 4.241100788116455, -0.14999794960021973, 0.44414910674095154, -0.30598360300064087, -0.0012816889211535454, 7.124889816623181e-05, 0.0026281585451215506, -0.06998543441295624, 0.20255251228809357, -0.07152800261974335, -0.0010593339102342725, -0.00020378929912112653, -0.00016668633907102048, -0.17603620886802673, -0.5379536151885986, 0.20465686917304993, 0.01983305625617504, -0.00047223223373293877, 0.0016474974108859897, -0.3399287462234497, 0.5455689430236816, -0.09685546159744263, -0.005231266841292381, -0.00382813299074769, -0.0023352201096713543, 0.06747625023126602, -0.40030622482299805, -0.22160643339157104, 0.006039043888449669, 0.003364329691976309, -0.0013710890198126435, 0.9096342325210571, -1.0, -0.0757395550608635, 0.21398526430130005, -1.0, -1.0, 0.14130854606628418, -1.0, 1.0, -1.0, 0.022818375378847122, -0.2774971127510071, 1.0, -1.0, -1.0, 1.0, 0.1633056104183197, -1.0, 0.5435141921043396, -1.0]
[0.9313094019889832, -0.9958733916282654, -0.16166892647743225, 0.3435717225074768, -0.78148353099823, -0.5453705787658691, -0.6793545484542847, 0.24895377457141876, -0.9376940727233887, -0.7412217259407043, 0.5785595774650574, -0.9999960064888, -0.20497290790081024, 0.06160623952746391, -0.2830571234226227, 0.6633524894714355, -1.000001072883606, -0.9881359934806824, -0.8140619397163391, 0.5267574787139893, -0.19789128005504608, -0.9960276484489441, 0.2843708097934723, -0.9468926191329956, -0.07248073071241379, -0.03423148766160011, 0.48389920592308044, 0.0689178928732872, -0.40412813425064087, -0.5011950731277466, 0.2307054102420807, -0.0352165624499321, -0.11627030372619629, -0.1444447934627533, -0.05943970009684563, -0.00014915448264218867, -1.0018161535263062, -0.23099564015865326, 0.0052850632928311825, 0.2862424850463867, 8.231129868363496e-06, 0.13453833758831024, 0.02411799319088459, 1.115146517753601, 0.29594340920448303, -0.0005083456635475159, 0.18468880653381348, -0.0932813212275505, -1.4540596008300781, 0.13136136531829834, 0.0032709259539842606, 0.036542560905218124, 0.023804670199751854, 0.012437543831765652, 0.04274068772792816, 0.021756161004304886, 0.012358780950307846, 0.005684938281774521, -0.07100890576839447, 0.00944020040333271, -0.06167808920145035, -0.03574352711439133, 0.005546652711927891, -0.07281114906072617, 0.008522218093276024, 0.015131086111068726, 0.008282575756311417, -0.040969368070364, -0.014416891150176525, -0.013798567466437817, -0.010521603748202324, -0.0018898346461355686, 0.015542710199952126, -0.43377119302749634, 0.4209246337413788, 0.6941956281661987, 0.02155546471476555, -0.6456825137138367, -0.3173668086528778, -0.1152549460530281, -0.20626357197761536, -0.19429169595241547, 3.238950490951538, -0.14046044647693634, -1.4581984281539917, 0.0, -0.38999998569488525, 0.47999998927116394, -0.554216742515564, -0.40107905864715576, 0.34627652168273926, 0.6419283747673035, 0.5212394595146179, -0.23091654479503632, -0.03810431435704231, -0.8206917643547058, -0.05120223015546799, -0.4216756522655487, 0.4576680660247803, -0.029555700719356537, -0.3332348167896271, 0.9419240355491638, 0.029325613752007484, -0.012308385223150253, -0.07405957579612732, -0.08972775936126709, 4.52267599105835, 1.2025425434112549, -1.3445647954940796, -0.02287115529179573, -0.4305016100406647, 0.448117733001709, -0.05003507062792778, -0.488305926322937, 0.8688019514083862, -0.06509146839380264, 0.028304539620876312, -0.0256658922880888, -0.07790844142436981, 1.7174983024597168, 0.811816394329071, -0.2972203195095062, -0.02161436900496483, -0.4199915826320648, 0.39936044812202454, 0.005784982815384865, -0.39210954308509827, 0.9075074195861816, 0.15048879384994507, 0.04336608573794365, -0.051941633224487305, -0.21511556208133698, 6.0268168449401855, -1.8816205263137817, -0.20790936052799225, -0.0037350766360759735, -0.4211050570011139, 0.4048898220062256, -0.20438890159130096, -0.812465250492096, 0.5375979542732239, 0.09546604007482529, -0.05082082003355026, 0.05252307280898094, -0.005556707736104727, -0.15314318239688873, 0.9712709784507751, -0.9060248732566833, -0.08562050014734268, -0.3649498224258423, 0.4642098844051361, 0.30334657430648804, -0.9083653092384338, 0.2333775758743286, -0.16848820447921753, 0.15510274469852448, -0.06241818517446518, -0.08034267276525497, 3.361285924911499, 3.114564895629883, 3.8309106826782227, -0.15274541079998016, -0.2933235466480255, 0.1680983304977417, 0.008037690073251724, -0.0013387920334935188, -0.00400383910164237, 0.12729111313819885, -0.15198937058448792, 0.08190122246742249, 0.0034050974063575268, 0.0018917153356596828, -0.00917209591716528, -0.41676414012908936, 0.6446503400802612, -0.32949793338775635, -0.026073772460222244, -0.0012811158085241914, 0.002999215153977275, -0.39080339670181274, -0.20710496604442596, -0.07259175181388855, 0.0051760002970695496, -0.002576850587502122, 0.0008853451581671834, -0.03593858703970909, 0.06879205256700516, 0.10333754122257233, 0.0048521459102630615, -0.001314818044193089, 0.0037509831599891186, 0.7168644666671753, -1.0, 0.6188380122184753, 0.4195737838745117, -1.0, 0.0971233993768692, 0.14157924056053162, -1.0, 1.0, -1.0, -0.9879059791564941, -0.19536297023296356, 1.0, -1.0, -0.870076060295105, 1.0, -0.015105100348591805, -1.0, 0.419764906167984, -1.0]
[0.8898723125457764, -1.0000249147415161, -0.027309387922286987, 0.3540029525756836, -0.8202683329582214, -0.5937857031822205, -0.5482878684997559, 0.24015383422374725, -0.9485893845558167, -0.7549660801887512, 0.5867389440536499, -0.9986481070518494, -0.29627394676208496, 0.024013804271817207, -0.30329689383506775, 0.7263010144233704, -1.0000113248825073, -0.9573143720626831, -0.8078184723854065, 0.6071836948394775, -0.15600213408470154, -0.9985837936401367, 0.3203554153442383, -0.9559277892112732, -0.20093360543251038, 8.065998372330796e-06, 0.5617313981056213, 0.12530340254306793, -0.33544987440109253, -0.418765127658844, 0.6870025396347046, -0.07290715724229813, -0.09627953916788101, -0.1186961755156517, 0.22915346920490265, 0.05091708526015282, -0.7060427665710449, -0.5211475491523743, -0.313810259103775, 0.16603200137615204, 0.0001784110500011593, 0.2750028967857361, 0.06379205733537674, 0.9283469319343567, 0.30429258942604065, -0.008994114585220814, 0.23692302405834198, -0.07890313118696213, -2.202697277069092, 0.9469388723373413, -0.04765436425805092, 0.055248282849788666, 0.02741141989827156, 0.012459417805075645, -0.014680336229503155, 0.083500437438488, 0.03518271446228027, 0.013132290914654732, 0.089670330286026, 0.09985014796257019, 0.07228466868400574, 0.010104239918291569, -0.3279950022697449, -0.2100536972284317, -0.18680298328399658, -0.07929810881614685, -0.026607848703861237, -0.04453067108988762, 0.10432615876197815, 0.040987417101860046, 0.007319174706935883, 0.001693557482212782, 0.013846522197127342, -0.43751418590545654, 0.4173123240470886, 0.6557905077934265, 0.11668431013822556, -0.5634377002716064, -0.4887346029281616, -0.016075212508440018, -0.33272576332092285, -0.041382692754268646, 11.158263206481934, -5.866280555725098, -2.2475061416625977, 0.0, -0.38999998569488525, 0.47999998927116394, -0.554216742515564, -0.40107905864715576, 0.34627652168273926, 0.6419283747673035, 0.3356836140155792, -0.20630000531673431, 0.005906089674681425, -0.9190875887870789, -0.05047393962740898, -0.42227903008461, 0.4571623206138611, -0.020684577524662018, -0.363349050283432, 0.9303579926490784, 0.044537827372550964, 0.08480799943208694, -0.0800408199429512, -0.02957248128950596, 3.321441173553467, 1.478994369506836, -1.134299397468567, -0.022208232432603836, -0.430995911359787, 0.4468724727630615, -0.042406175285577774, -0.5024657845497131, 0.8621727824211121, -0.04886617138981819, 0.04644635692238808, -0.050665900111198425, -0.07347693294286728, 1.6657767295837402, 2.251905679702759, -1.4543559551239014, -0.019810248166322708, -0.4197920262813568, 0.39735516905784607, 0.0014968151226639748, -0.43812140822410583, 0.8869589567184448, 0.14612017571926117, 0.07076910138130188, -0.04446445778012276, -0.13032454252243042, 5.717183589935303, -0.7763931751251221, -0.6293720602989197, -0.0029657799750566483, -0.4203076660633087, 0.4045710265636444, -0.19879503548145294, -0.8074287176132202, 0.545261561870575, 0.10596800595521927, 0.13453099131584167, 0.0459594763815403, -0.04181411862373352, -0.28636306524276733, 2.024034023284912, 1.054444432258606, -0.08198798447847366, -0.3676350712776184, 0.46374207735061646, 0.3347821533679962, -0.9070707559585571, 0.19886620342731476, -0.15998663008213043, 0.21622273325920105, -0.11549197882413864, -0.0433415062725544, 2.274226188659668, 2.871309280395508, 3.9599432945251465, -0.5062971711158752, -0.31128254532814026, 0.35615089535713196, 0.007790178060531616, -0.0018137001898139715, 0.0028519914485514164, -0.2683259844779968, -0.4587617814540863, 0.3081115186214447, 0.006250864360481501, -0.0006642488297075033, -0.004190038423985243, 0.41624951362609863, -0.4555433690547943, 0.6629893779754639, 0.003271089866757393, 0.0004520052461884916, -0.010697165504097939, -1.1599020957946777, 1.180476427078247, -0.32006561756134033, -0.008900703862309456, -0.01261852215975523, -0.01589014194905758, -0.013995781540870667, -0.7281941771507263, -0.13230937719345093, 0.005545100197196007, 0.0019174879416823387, -0.0017768992111086845, 0.3168717920780182, -1.0, 0.8001934885978699, 0.4282861053943634, -1.0, 0.6268230676651001, 0.09704407304525375, -1.0, 0.6317780017852783, -1.0, -0.7179611921310425, -0.2933270335197449, 1.0, -1.0, -0.6432145833969116, 0.997313380241394, 0.09968557953834534, -1.0, 0.548751711845398, -1.0]
[0.789171576499939, -0.9836260676383972, 0.11386246234178543, 0.3768536448478699, -0.852973997592926, -0.6344435811042786, -0.3390876054763794, 0.22232387959957123, -0.8639975786209106, -0.7481362819671631, 0.6328709721565247, -1.0000431537628174, -0.24967926740646362, -0.013139049522578716, -0.39354071021080017, 0.7738819122314453, -0.9998261332511902, -0.8922643661499023, -0.793636679649353, 0.5953980684280396, -0.11940985918045044, -1.0000064373016357, 0.28725650906562805, -0.9327470064163208, -0.4698411524295807, 0.16689062118530273, 0.5816659331321716, 0.26295849680900574, -0.28056439757347107, -0.35191285610198975, 0.9405643343925476, -0.19552640616893768, 1.2463918924331665, 0.26047441363334656, 0.062271106988191605, -0.00033850313047878444, 0.8040373921394348, -0.12825272977352142, -0.44906100630760193, 0.14061620831489563, 0.02567930519580841, 0.7893263101577759, 0.20967315137386322, -0.7678879499435425, 0.12426487356424332, 0.0002926711749751121, -0.3385425806045532, 0.3065119981765747, -4.2464189529418945, 0.9741090536117554, -0.08664742112159729, 0.07361355423927307, 0.03493918851017952, 0.014730594120919704, -0.0793861597776413, 0.01110846921801567, 0.0937802717089653, 0.05473104864358902, -0.26989036798477173, 0.09364359080791473, 0.11216418445110321, 0.06271585077047348, -0.01738280989229679, -0.2262827754020691, 0.03794219717383385, 0.0533217191696167, 0.028179768472909927, -0.24351564049720764, 0.035801831632852554, 0.00881265103816986, 0.05543220043182373, 0.013242874294519424, 0.01533740945160389, -0.443824827671051, 0.4163174629211426, 0.6026521921157837, 0.2627391517162323, -0.3942817151546478, -0.6421216726303101, 0.3880268633365631, -0.19447539746761322, 0.40286582708358765, 4.641355991363525, -3.436826467514038, -0.7558585405349731, 0.0, -0.38999998569488525, 0.47999998927116394, -0.554216742515564, -0.40107905864715576, 0.34627652168273926, 0.6419283747673035, 0.09814269095659256, -0.09871505945920944, 0.06534776091575623, -0.9881057143211365, -0.04668230563402176, -0.42377135157585144, 0.4590885043144226, -0.008032426238059998, -0.3777287006378174, 0.9243596196174622, 0.053064294159412384, 0.3257363438606262, -0.11930622160434723, 0.15858423709869385, 1.144404411315918, 1.7109068632125854, 0.048147957772016525, -0.019530750811100006, -0.43187227845191956, 0.44860661029815674, -0.028764236718416214, -0.47534114122390747, 0.878955602645874, -0.025696048513054848, 0.22337789833545685, 0.005208764690905809, 0.27830708026885986, -7.132582187652588, 2.9052560329437256, -1.849921464920044, -0.015607942827045918, -0.4210684597492218, 0.39961349964141846, 0.010452288202941418, -0.4305568039417267, 0.8915833234786987, 0.13996675610542297, 0.4122019410133362, -0.09236062318086624, 0.2614527642726898, -4.060217380523682, 1.1141588687896729, 2.565791368484497, 0.0014101089909672737, -0.42018938064575195, 0.40504714846611023, -0.17165476083755493, -0.7964333295822144, 0.5683413147926331, 0.11496371775865555, 0.36487528681755066, -0.06740264594554901, 0.157255619764328, -3.9580674171447754, 3.848802328109741, 2.849193572998047, -0.07742269337177277, -0.371345192193985, 0.46516358852386475, 0.3568456470966339, -0.8960939049720764, 0.210088312625885, -0.15981200337409973, 0.2823093831539154, -0.2573186159133911, 0.16226616501808167, -3.9823238849639893, -1.81764554977417, 1.1967412233352661, -0.9730560779571533, -0.3946649730205536, 0.44792965054512024, 0.008810620754957199, -0.003629690269008279, 0.004869351163506508, -0.8697768449783325, -1.153485894203186, 0.38761210441589355, 0.037428759038448334, -0.0037882348988205194, -6.913888501003385e-05, -1.5321446657180786, -1.3454018831253052, 0.7868142127990723, 0.04253482073545456, -0.005771204829216003, 0.012236366979777813, -1.2730398178100586, -0.7139371633529663, -0.21599578857421875, 0.017470713704824448, -0.009354186244308949, -0.0009047820931300521, 0.35154032707214355, -0.6090114712715149, -0.9307616949081421, 0.030657384544610977, 0.007618223316967487, 0.010699734091758728, -0.5898131728172302, -0.6122037768363953, 0.8764833807945251, 0.5768498778343201, -1.0, 1.0, 0.1197468563914299, 0.11944270133972168, 0.8090304732322693, -1.0, 0.8565002083778381, -1.0, 1.0, -1.0, -0.3436206877231598, 0.051205575466156006, 0.20299819111824036, -1.0, -0.3206661641597748, -0.6314157247543335]
[0.6692877411842346, -0.9389050006866455, 0.2522730529308319, 0.3917154371738434, -0.7696018815040588, -0.6415485739707947, -0.1808524876832962, 0.2321610450744629, -0.7213950157165527, -0.7087882161140442, 0.6479031443595886, -1.0000360012054443, -0.1476038694381714, -0.015768179669976234, -0.4905487895011902, 0.789409875869751, -0.9964815378189087, -0.8009294867515564, -0.7658721208572388, 0.44660770893096924, -0.08540516346693039, -0.998420000076294, 0.1672668755054474, -0.912995457649231, -0.4421119689941406, 0.4179397523403168, 0.5608298778533936, 0.09114744514226913, 1.3272022008895874, 0.2271510660648346, 0.599841833114624, 0.3676951825618744, 1.3563597202301025, 0.42621317505836487, 0.06809527426958084, 9.14224874577485e-05, 1.0289005041122437, 0.05697929859161377, -0.41476187109947205, 0.02198970690369606, 0.07396683841943741, 0.8874120116233826, 0.29262301325798035, -2.3763811588287354, 0.5395762324333191, 0.014774727635085583, -1.0467370748519897, 0.13890573382377625, 0.5918901562690735, 2.5873031616210938, 0.006583728361874819, 0.08450019359588623, 0.1342475861310959, 0.07657264173030853, 0.014339573681354523, 0.3537997305393219, 0.1385141760110855, 0.0517386756837368, 0.01957569271326065, 0.15400728583335876, 0.04914014786481857, 0.017430448904633522, 0.29687875509262085, -0.07531987875699997, 0.2767814099788666, 0.10831891000270844, 0.03890255093574524, -0.25371310114860535, 0.4444575309753418, 0.21071189641952515, 0.04121730104088783, -0.008531336672604084, 0.023554347455501556, -0.4421664774417877, 0.4259709417819977, 0.6245402693748474, 0.3060583472251892, -0.4066767394542694, -0.5923610925674438, 0.5359195470809937, 0.16159306466579437, 0.719814658164978, -0.851240336894989, -1.2912582159042358, 1.728363037109375, 0.0, -0.38999998569488525, 0.47999998927116394, -0.554216742515564, -0.40107905864715576, 0.34627652168273926, 0.6419283747673035, 0.12974238395690918, -0.05023951455950737, 0.024930767714977264, -0.989960253238678, -0.0415625162422657, -0.42480847239494324, 0.4648786187171936, 0.008013688027858734, -0.33185768127441406, 0.9414685368537903, 0.058677930384874344, 0.34720808267593384, 0.08158419281244278, 0.5578048825263977, -10.201737403869629, 2.670135974884033, 0.3961225748062134, -0.015148216858506203, -0.4321589767932892, 0.45529744029045105, -0.015046847052872181, -0.3968692421913147, 0.9176444411277771, -0.01403668150305748, 0.2800106406211853, 0.14581681787967682, 0.7060713768005371, -12.766464233398438, 1.7883353233337402, -0.5837686657905579, -0.009532232768833637, -0.4239158630371094, 0.40517398715019226, 0.022860579192638397, -0.3827776312828064, 0.9150165915489197, 0.1253127008676529, 0.4043762683868408, -0.12245715409517288, 0.4900984466075897, -7.335790157318115, 1.4410603046417236, 2.6879496574401855, 0.007405574433505535, -0.42178499698638916, 0.4082789719104767, -0.13748008012771606, -0.7698320150375366, 0.61211097240448, 0.11737971752882004, 0.39312925934791565, -0.18946319818496704, 0.39916062355041504, -6.707305908203125, 3.691288948059082, 3.246297597885132, -0.07411740720272064, -0.3747536242008209, 0.4701440632343292, 0.36021122336387634, -0.8692241907119751, 0.2841245234012604, -0.18431080877780914, 0.35006552934646606, -0.35950973629951477, 0.5424447655677795, -9.984029769897461, -8.411722183227539, 1.8599928617477417, 0.08448216319084167, -1.7133944034576416, 0.7658520340919495, 0.050871726125478745, 0.0006212703883647919, 0.0011500302935019135, 0.04317835345864296, -1.865475058555603, 0.9526792764663696, 0.023756546899676323, -0.00017233568360097706, 0.00028627339634113014, 0.13103477656841278, -0.40083661675453186, 0.8444339632987976, 0.011417901143431664, 0.001564300386235118, -0.00012750884343404323, -0.4705854058265686, -1.6076160669326782, 0.40119946002960205, 0.01478831097483635, -0.0038558426313102245, 0.006974259857088327, -0.18371908366680145, -3.46453857421875, -1.196007251739502, 0.03346656262874603, -0.005591847002506256, -0.018654730170965195, -0.05692928284406662, -0.33690664172172546, 1.0, 0.46772757172584534, 0.3131265938282013, 0.497100293636322, 0.20185700058937073, 0.1190350204706192, 1.0, -1.0, 1.0, -1.0, 1.0, -1.0, -0.29046204686164856, -0.8604342937469482, 0.6575868129730225, -0.8314636945724487, -1.0, -0.8493738174438477]
[0.5829266905784607, -0.9013876914978027, 0.24843928217887878, 0.3721637427806854, -0.630280613899231, -0.6024022102355957, -0.1288014054298401, 0.22357645630836487, -0.6517003774642944, -0.6722429990768433, 0.6411454081535339, -1.0000090599060059, -0.08053866028785706, -0.005832225549966097, -0.5470716953277588, 0.7814846634864807, -0.9872558116912842, -0.771689236164093, -0.7438994646072388, 0.24015825986862183, 0.0034107319079339504, -0.897222101688385, 0.14327853918075562, -0.9143069386482239, -0.24072706699371338, 0.15878380835056305, -0.3209261894226074, -0.3306339979171753, 1.2595516443252563, 0.4208344519138336, 0.02558131515979767, -0.3780162036418915, 0.2597319185733795, 0.21881508827209473, -0.07398559153079987, -4.5730903366347775e-05, 0.44334766268730164, 0.08454005420207977, -0.1798604428768158, -0.07088958472013474, 0.09204807132482529, -0.05240684747695923, 0.09630340337753296, -2.641383647918701, 0.693058967590332, 0.37340742349624634, 0.33259233832359314, -0.08791816979646683, 3.8670754432678223, -3.1518337726593018, -0.024887852370738983, -0.2472667396068573, -0.10638764500617981, -0.03445645421743393, 0.0044884756207466125, -0.39657357335090637, -0.23759476840496063, -0.09954619407653809, 0.12301799654960632, -0.1934109777212143, -0.09986930340528488, -0.03225306048989296, -0.09151972830295563, 0.18219217658042908, -0.12081561982631683, -0.11716775596141815, -0.05531947687268257, 0.07766018807888031, -0.157148540019989, -0.04855601117014885, 0.12196720391511917, 0.03696434572339058, 0.03126930817961693, -0.4381740093231201, 0.4355209171772003, 0.6557053327560425, 0.3556963801383972, -0.43325260281562805, -0.5057892203330994, 0.4222163259983063, 0.24714861810207367, 0.47224122285842896, -1.5717997550964355, -1.2871074676513672, 1.6743866205215454, 0.0, -0.38999998569488525, 0.47999998927116394, -0.554216742515564, -0.40107905864715576, 0.34627652168273926, 0.6419283747673035, 0.19119824469089508, 0.012409655377268791, -0.037117429077625275, -0.9807709455490112, -0.03677544370293617, -0.4252263903617859, 0.4691135585308075, 0.014705013483762741, -0.2615915834903717, 0.9640359282493591, 0.04459031671285629, 0.2683572471141815, 0.08418729901313782, 0.17809706926345825, -7.529179096221924, -0.42218390107154846, 2.8592395782470703, -0.011032571084797382, -0.43271303176879883, 0.4591817259788513, -0.007769623771309853, -0.3512711226940155, 0.9360786080360413, -0.017462750896811485, 0.22403131425380707, -0.05135871842503548, 0.02921350486576557, -1.3054229021072388, 0.030123993754386902, 1.1086727380752563, -0.0046488139778375626, -0.42594149708747864, 0.4094650149345398, 0.029969947412610054, -0.3442131280899048, 0.9317976832389832, 0.11122959852218628, 0.2574104964733124, -0.02705049328505993, 0.1919836848974228, -3.369446277618408, 0.2545919418334961, 1.8458852767944336, 0.012239198200404644, -0.42317235469818115, 0.41101527214050293, -0.1157161071896553, -0.7537667751312256, 0.6370725035667419, 0.11217784136533737, 0.2613949775695801, -0.04976741969585419, 0.09683921933174133, -0.9926607608795166, 0.586421549320221, 1.9646477699279785, -0.07305408269166946, -0.37637314200401306, 0.47953829169273376, 0.3617866635322571, -0.8232372403144836, 0.39597681164741516, -0.18599224090576172, -0.024328108876943588, -0.14048685133457184, 0.7740604281425476, -14.434535026550293, -4.647676944732666, -1.8522900342941284, 0.3970569670200348, 1.1801581382751465, -1.231842279434204, -0.016754085198044777, 0.002936046803370118, 0.012628430500626564, 0.47181588411331177, 2.9353902339935303, -1.5347005128860474, -0.0555153489112854, 0.0023879522923380136, 0.009658219292759895, 0.750006377696991, 0.8614659309387207, -1.250616192817688, -0.0193310733884573, 0.0016100460197776556, -0.0028049154207110405, 0.9789869785308838, 1.6065449714660645, -0.0221149530261755, -0.031221305951476097, 0.006163506302982569, 0.0032245079055428505, 0.837060809135437, 1.0986154079437256, -1.6416680812835693, -0.0017421889351680875, 0.023571385070681572, 7.286249456228688e-05, 0.6272963881492615, -1.0, -0.5336032509803772, 0.06270290166139603, 0.08560965955257416, -0.5638223886489868, -0.44288399815559387, -0.7224627137184143, 1.0, -1.0, 0.2744673490524292, -0.7669895887374878, 0.8612757325172424, -1.0, -1.0, -1.0, 0.5417096018791199, 0.1463070809841156, 0.8332347869873047, -1.0]
[0.5502994060516357, -0.8897602558135986, 0.11317721754312515, 0.324225515127182, -0.5350987911224365, -0.563185453414917, -0.16495752334594727, 0.17850342392921448, -0.6675438284873962, -0.6644353866577148, 0.5793188810348511, -1.0000256299972534, -0.04679560288786888, -0.0065094646997749805, -0.5943188071250916, 0.7346674799919128, -0.977064847946167, -0.7904775142669678, -0.7425455451011658, 0.04000416398048401, 0.07733229547739029, -0.781181275844574, 0.2374834269285202, -0.9238426685333252, -0.029177233576774597, 0.026885101571679115, -0.6780187487602234, -0.5109089612960815, 0.6740821003913879, 0.29926544427871704, -0.1592228263616562, -0.3976971209049225, -0.3648761212825775, -0.039416756480932236, -0.41410285234451294, -4.986457133782096e-05, 0.19882704317569733, -0.08006065338850021, -0.24129989743232727, -0.3145744204521179, 0.1062527522444725, -0.22796259820461273, -0.03343826159834862, -2.3781166076660156, 0.42643409967422485, 0.23017661273479462, 0.71788090467453, -0.08725663274526596, 3.9752256870269775, -1.6530375480651855, 0.04079368710517883, -0.11390596628189087, -0.08537402749061584, -0.038600336760282516, 0.08050195872783661, -0.046622052788734436, -0.05493130162358284, -0.029788175597786903, 0.02783071994781494, -0.11054106056690216, -0.06529630720615387, -0.026614032685756683, -0.09119211137294769, 0.08043359220027924, -0.10145513713359833, -0.05140679329633713, -0.02198142558336258, 0.0974525511264801, -0.20473647117614746, -0.1259884536266327, 0.024080466479063034, 0.011919353157281876, 0.03502316772937775, -0.4328911304473877, 0.44149816036224365, 0.6794450283050537, 0.3999902904033661, -0.4461759626865387, -0.4234255850315094, 0.12816017866134644, 0.290283203125, 0.269072562456131, -1.2862337827682495, -1.0776102542877197, 1.3461265563964844, 0.0, -0.38999998569488525, 0.47999998927116394, -0.554216742515564, -0.40107905864715576, 0.34627652168273926, 0.6419283747673035, 0.2419300675392151, 0.0749356597661972, -0.08896081894636154, -0.9632967114448547, -0.03381892666220665, -0.42586246132850647, 0.4691368639469147, 0.007945891469717026, -0.2254422903060913, 0.9740676879882812, 0.01745285466313362, 0.10292353481054306, -0.0071938009932637215, -0.06035437434911728, -2.444157600402832, -1.9730819463729858, 2.914055824279785, -0.008649633266031742, -0.43414536118507385, 0.45766481757164, -0.007026803679764271, -0.3674871027469635, 0.9295650124549866, -0.028506794944405556, 0.06988069415092468, -0.12367574870586395, -0.18451449275016785, 3.8707075119018555, -0.296082079410553, 0.9129137992858887, -0.0014699323801323771, -0.42670413851737976, 0.41088634729385376, 0.02962064929306507, -0.32907184958457947, 0.9389579892158508, 0.09587515890598297, 0.1610168069601059, -0.0202016718685627, 0.03309613838791847, -0.7175098061561584, -1.1427041292190552, 1.8801521062850952, 0.015243803150951862, -0.4235042631626129, 0.41105517745018005, -0.10215024650096893, -0.757637083530426, 0.6363723874092102, 0.10286568850278854, 0.1724008023738861, -0.017058979719877243, -0.06058448925614357, 1.0854238271713257, -0.22956779599189758, 2.049572229385376, -0.07650139182806015, -0.3733021914958954, 0.4878614544868469, 0.3343562185764313, -0.7806759476661682, 0.5035476684570312, -0.15871550142765045, -0.3506750762462616, 0.16611970961093903, 0.5731273889541626, -12.032968521118164, -4.083291053771973, -6.208657264709473, 0.7400801181793213, 0.926226019859314, -0.7931779623031616, -0.024706944823265076, 0.0029320153407752514, 0.0011367362458258867, 0.8669683337211609, 0.6426339745521545, -0.5318371057510376, -0.020148664712905884, 0.0033044880256056786, -0.0013805225025862455, 0.27728164196014404, 0.6559150218963623, -0.7258400917053223, -0.016775306314229965, 0.0018467323388904333, 0.005123801529407501, 0.4372660517692566, 0.8065211772918701, 0.07885611057281494, -0.009883606806397438, -0.0007283720187842846, 0.0009007386397570372, 0.377320796251297, 2.386587619781494, -0.5059972405433655, -0.012409147806465626, 0.005882228724658489, 0.015274855308234692, 1.0, -1.0, -0.9267319440841675, -0.043346695601940155, -0.2515621483325958, -1.0, -0.4836216866970062, -1.0, 1.0, -1.0, 0.3880910277366638, -1.0, 0.5648488402366638, -1.0, -1.0, -1.0, 0.27108675241470337, -0.455007940530777, 1.0, -0.9743658304214478]
[0.5612501502037048, -0.8921717405319214, -0.05609753355383873, 0.2677532434463501, -0.4915117919445038, -0.5405021905899048, -0.22892995178699493, 0.14653128385543823, -0.7137792706489563, -0.67552649974823, 0.4816138446331024, -1.0000298023223877, -0.01942906528711319, -0.018096592277288437, -0.6493744850158691, 0.6647347807884216, -0.9723793268203735, -0.818880558013916, -0.7494937181472778, -0.13471952080726624, 0.08979171514511108, -0.7256507277488708, 0.35346719622612, -0.920771598815918, 0.09627117216587067, -0.046487871557474136, -0.7029062509536743, -0.5328177809715271, 0.25717827677726746, 0.14350555837154388, -0.23722147941589355, -0.24367378652095795, -0.45905232429504395, -0.13907867670059204, -0.5048864483833313, 7.860647019697353e-05, 0.3047603964805603, -0.10638028383255005, -0.26642435789108276, -0.27051839232444763, 0.0047217365354299545, -0.2821411192417145, -0.08383224904537201, -2.0332727432250977, -0.11307120323181152, 0.07472201436758041, 0.7166020274162292, 0.08827709406614304, 2.7711174488067627, -0.7809836268424988, 0.058829035609960556, -0.030508488416671753, -0.03843073174357414, -0.02075890451669693, 0.08359722048044205, 0.011788532137870789, 0.005508362781256437, 0.0001535942283226177, 0.027487874031066895, -0.058384690433740616, -0.012303076684474945, -0.001148073934018612, -0.032742053270339966, 0.1330786496400833, -0.07848918437957764, -0.035338252782821655, -0.014102795161306858, 0.06444604694843292, -0.20596252381801605, -0.12841536104679108, -0.022588074207305908, 0.0022422862239181995, 0.035633452236652374, -0.42716991901397705, 0.4450225532054901, 0.6916062235832214, 0.44001874327659607, -0.4537922739982605, -0.34948068857192993, -0.010110530070960522, 0.3310309648513794, 0.16948583722114563, -0.8289481997489929, -0.9791015982627869, 1.341638445854187, 0.0, -0.38999998569488525, 0.47999998927116394, -0.554216742515564, -0.40107905864715576, 0.34627652168273926, 0.6419283747673035, 0.2799120247364044, 0.1302788406610489, -0.13676215708255768, -0.9412612318992615, -0.03277913108468056, -0.42665383219718933, 0.46690040826797485, -0.004121739417314529, -0.22242438793182373, 0.9749084115028381, -0.007997113279998302, 0.007899690419435501, -0.05624214932322502, -0.17334452271461487, 0.8913581371307373, -2.093674659729004, 2.340477705001831, -0.00827028602361679, -0.43509641289711, 0.45507872104644775, -0.00918573047965765, -0.4003446698188782, 0.9155286550521851, -0.0380375012755394, -0.02708742953836918, -0.08550860732793808, -0.21036653220653534, 4.427865028381348, -0.435197651386261, 0.6727893948554993, 0.00012577162124216557, -0.42684614658355713, 0.4109853208065033, 0.02467016875743866, -0.32448115944862366, 0.9420874714851379, 0.08108346909284592, 0.07819686084985733, 0.0099162757396698, -0.003593835048377514, -0.7457491755485535, -1.3555415868759155, 1.654808521270752, 0.016577385365962982, -0.42316585779190063, 0.40933459997177124, -0.09168602526187897, -0.7698987722396851, 0.6244928240776062, 0.0941183939576149, 0.04700472950935364, 0.04332433268427849, -0.17705319821834564, 2.585344076156616, -0.29572728276252747, 1.2551017999649048, -0.08270236104726791, -0.3670762777328491, 0.4912051558494568, 0.27408090233802795, -0.7510250806808472, 0.5867675542831421, -0.12862621247768402, -0.49706563353538513, 0.32187557220458984, 0.20282894372940063, -7.880918502807617, -5.216987609863281, -8.73031997680664, 0.6087765693664551, 0.39453980326652527, -0.3763141632080078, -0.0148408068343997, 0.0012645965907722712, -0.0038050240837037563, 0.712971568107605, -0.08738282322883606, -0.18290483951568604, -0.0011571480426937342, 0.002781269606202841, -0.004180241841822863, 0.23770345747470856, 0.10263551771640778, -0.26662418246269226, 0.0003914590924978256, 0.0014715702272951603, 0.002720584161579609, 0.7302116751670837, 0.5388906002044678, 0.04609294235706329, -0.006019436754286289, 0.0046249087899923325, -0.0006996700540184975, 0.1725718379020691, 2.3634705543518066, 0.15228313207626343, -0.014189266599714756, -0.0005188549403101206, 0.01628059707581997, 1.0, -1.0, -1.0, -0.06964080780744553, -0.4179117679595947, -1.0, -0.426131010055542, -1.0, 1.0, -1.0, 0.5507916212081909, -1.0, 0.3568859100341797, -1.0, -1.0, -1.0, -0.1932741105556488, -0.7634133100509644, 1.0, -0.8381316661834717]
[0.5979703068733215, -0.9022995829582214, -0.20531156659126282, 0.21895082294940948, -0.4628145694732666, -0.5289381742477417, -0.29152098298072815, 0.13291791081428528, -0.7609862685203552, -0.6913004517555237, 0.3697875440120697, -1.0000324249267578, 0.020946232602000237, -0.027748296037316322, -0.7040451765060425, 0.592922031879425, -0.9739917516708374, -0.8479112386703491, -0.7589438557624817, -0.26566261053085327, 0.045359622687101364, -0.7152433395385742, 0.45043548941612244, -0.9228103756904602, 0.16804897785186768, -0.08739803731441498, -0.5637766718864441, -0.4065803587436676, 0.26940780878067017, 0.09565458446741104, -0.23047974705696106, -0.04702433571219444, -0.42288097739219666, -0.1494051069021225, -0.48589277267456055, 6.119441968621686e-05, 0.40988418459892273, -0.051265276968479156, -0.24778197705745697, -0.3067217469215393, -0.028037672862410545, -0.2615165114402771, -0.08983572572469711, -1.3841561079025269, -0.44616732001304626, -0.009741912595927715, 0.5317491888999939, -0.07598768174648285, 1.5246977806091309, -0.40533214807510376, 0.05340135842561722, 0.02832832746207714, 0.014629906043410301, 0.004751249216496944, 0.04964091628789902, 0.04819013550877571, 0.028254035860300064, 0.01105789840221405, 0.04241558164358139, -0.03069484606385231, -0.006470383144915104, 0.0023636503610759974, -0.003588992403820157, 0.05397413671016693, -0.02561960741877556, -0.008091190829873085, -0.0027952897362411022, 0.10281755775213242, -0.10690528899431229, -0.06907735019922256, -0.06970065832138062, -0.020173098891973495, 0.03447965532541275, -0.42142102122306824, 0.4468230605125427, 0.6922662854194641, 0.4729056656360626, -0.4624088704586029, -0.2886272668838501, -0.09484685957431793, 0.3251965045928955, 0.07597869634628296, -0.5371070504188538, -0.600829005241394, 1.2516926527023315, 0.0, -0.38999998569488525, 0.47999998927116394, -0.554216742515564, -0.40107905864715576, 0.34627652168273926, 0.6419283747673035, 0.30612966418266296, 0.17125003039836884, -0.1813272386789322, -0.9187374711036682, -0.033126384019851685, -0.4269241690635681, 0.46420496702194214, -0.015804030001163483, -0.2283868044614792, 0.9730878472328186, -0.026261888444423676, -0.06306220591068268, -0.005456124898046255, -0.16041934490203857, 0.6213522553443909, -1.6757023334503174, 1.433086633682251, -0.00935451965779066, -0.4353756308555603, 0.452722430229187, -0.012752460315823555, -0.4301307797431946, 0.9016143679618835, -0.043774668127298355, -0.09951149672269821, -0.03251374885439873, -0.16530410945415497, 3.5109872817993164, -0.4787091016769409, 0.27547407150268555, 0.0006580851040780544, -0.42657265067100525, 0.41072842478752136, 0.01798209920525551, -0.3164950907230377, 0.9460058212280273, 0.06767807900905609, 0.008382064290344715, 0.0404377207159996, -0.008802282623946667, -1.357081651687622, -1.2444450855255127, 1.2500258684158325, 0.016629794612526894, -0.4223363995552063, 0.4066781997680664, -0.08441393077373505, -0.7852673530578613, 0.6070963740348816, 0.08754058927297592, -0.004078127443790436, 0.0636124387383461, -0.21145892143249512, 2.840148687362671, -0.47604164481163025, 0.9827795028686523, -0.08873305469751358, -0.3606307804584503, 0.48986679315567017, 0.20666109025478363, -0.734606146812439, 0.6362249255180359, -0.11341433972120285, -0.4057562053203583, 0.3157888352870941, -0.08953947573900223, -3.2950289249420166, -5.2759575843811035, -6.468094348907471, 0.4061548113822937, -0.22080181539058685, -0.033016011118888855, 0.0014392221346497536, 0.00011272125993855298, -0.005263888277113438, 0.3960540294647217, -0.3730769455432892, -0.013147655874490738, 0.005461744032800198, 0.0017247155774384737, -0.00261883158236742, 0.27696099877357483, 0.010233409702777863, -0.14596568048000336, 0.0025171516463160515, 0.0008581302245147526, -0.001039805356413126, 0.3086903691291809, 0.1398364007472992, 0.050885383039712906, -0.0006977434968575835, 0.001826551859267056, 0.0007654388318769634, -0.3783814609050751, 1.3725436925888062, 0.8982466459274292, -0.016776248812675476, -0.014118991792201996, 0.005995643325150013, 1.0, -1.0, -0.8986382484436035, 0.0010779574513435364, -0.29947182536125183, -1.0, -0.38056209683418274, -1.0, 1.0, -1.0, 0.7046797275543213, -1.0, 0.18129926919937134, -1.0, -1.0, -0.7880245447158813, -0.416683167219162, -0.8546261787414551, 0.8649784326553345, -1.0]
[0.647871196269989, -0.9165378212928772, -0.31567350029945374, 0.18670397996902466, -0.4339655935764313, -0.5191775560379028, -0.3458755314350128, 0.13996043801307678, -0.802460789680481, -0.7063753604888916, 0.267681747674942, -1.0000255107879639, 0.06367848068475723, -0.008924382738769054, -0.7403279542922974, 0.5134527683258057, -0.9778879284858704, -0.8737722039222717, -0.7680993676185608, -0.34092938899993896, -0.02787068299949169, -0.7281976342201233, 0.5058687925338745, -0.9325721859931946, 0.19888904690742493, -0.10640273243188858, -0.39336130023002625, -0.23869843780994415, 0.26565325260162354, 0.09045358747243881, -0.21310169994831085, 0.1317242532968521, -0.36055994033813477, -0.133393794298172, -0.38588717579841614, 2.8566213586600497e-05, 0.3898290693759918, 0.36982807517051697, -0.12493640184402466, -0.3357280194759369, -0.04042033106088638, -0.22680695354938507, -0.08197280764579773, -0.6771709322929382, -0.5776911377906799, -0.04855360463261604, 0.23652298748493195, -0.09934427589178085, 0.5439665913581848, -0.14499646425247192, 0.035639688372612, 0.04691695794463158, 0.01907915063202381, 0.006713205948472023, 0.017656458541750908, 0.04004906490445137, 0.0250974390655756, 0.010437206365168095, 0.050759073346853256, -0.010093467310070992, -0.006440954748541117, 0.012773111462593079, 0.047972775995731354, 0.02072571963071823, 0.023485839366912842, 0.011823035776615143, 0.0044432636350393295, 0.11505893617868423, -0.03407253324985504, -0.024260452017188072, -0.08269976824522018, -0.021284325048327446, 0.03251241520047188, -0.4160800874233246, 0.44699740409851074, 0.6781821250915527, 0.5032673478126526, -0.4741326570510864, -0.24897602200508118, -0.1253952980041504, 0.30378326773643494, -0.013063297607004642, 0.0010184537386521697, -0.07567586749792099, 1.2408511638641357, 0.0, -0.38999998569488525, 0.47999998927116394, -0.554216742515564, -0.40107905864715576, 0.34627652168273926, 0.6419283747673035, 0.31325265765190125, 0.19526880979537964, -0.22505921125411987, -0.9017156362533569, -0.03452248498797417, -0.4264850318431854, 0.4619736969470978, -0.025612277910113335, -0.22961591184139252, 0.9722727537155151, -0.03614196926355362, -0.11544457077980042, 0.04145099222660065, -0.11785072833299637, -0.0891767218708992, -1.2367990016937256, 0.536156177520752, -0.011358479037880898, -0.4350533187389374, 0.4511701464653015, -0.017363853752613068, -0.4509734809398651, 0.8911654353141785, -0.04631897062063217, -0.13908542692661285, 0.010607031174004078, -0.09984944015741348, 2.314992666244507, -0.5368453860282898, -0.010501671582460403, 0.0002646513457875699, -0.4260105788707733, 0.4102540612220764, 0.011472918093204498, -0.29791387915611267, 0.9527678489685059, 0.05787166208028793, -0.049215011298656464, 0.07879053801298141, -0.0027827578596770763, -3.27479887008667, -0.7866130471229553, 0.7637590169906616, 0.016122039407491684, -0.4215068817138672, 0.40405091643333435, -0.08123654127120972, -0.7994493246078491, 0.5897995829582214, 0.08011191338300705, -0.02669987641274929, 0.05464515462517738, -0.18387344479560852, 2.4369282722473145, -0.9351438879966736, 0.6475551724433899, -0.09303031116724014, -0.3558920621871948, 0.4861774444580078, 0.15466654300689697, -0.7309445142745972, 0.6547216773033142, -0.11462031304836273, -0.2524963319301605, 0.21634691953659058, -0.22755131125450134, 0.05942592769861221, -4.162637233734131, -3.497938871383667, 0.21377751231193542, -0.251382976770401, 0.09940913319587708, 0.002942461520433426, -0.00046231926535256207, -0.004529484547674656, 0.13612602651119232, -0.3255213797092438, 0.038850411772727966, 0.005554385483264923, 0.0006545171490870416, -0.001001195632852614, 0.28824323415756226, -0.12835922837257385, -0.07368600368499756, 0.010847724042832851, 0.00022507234825752676, -0.003579005366191268, 0.12584614753723145, -0.16682088375091553, 0.0658525824546814, 0.0019409505184739828, 0.0013665518490597606, 0.002374714706093073, -0.4888746738433838, 0.528750479221344, 1.11961829662323, -0.014555590227246284, -0.013462328352034092, -0.0011264535132795572, 1.0, -1.0, -0.7705770134925842, 0.0792974904179573, -0.27483928203582764, -1.0, -0.2666316330432892, -1.0, 1.0, -1.0, 0.7057523727416992, -0.8331694602966309, 0.05497032403945923, -1.0, -1.0, -0.5359224081039429, -0.5188454985618591, -0.8868731260299683, 0.6225165128707886, -1.0]
[0.7014594674110413, -0.9323064088821411, -0.3876183331012726, 0.17245054244995117, -0.40312832593917847, -0.508659839630127, -0.3977627456188202, 0.15842777490615845, -0.8371155858039856, -0.7193012833595276, 0.19659605622291565, -1.000020146369934, 0.0924387201666832, 0.03563401848077774, -0.7355367541313171, 0.42695364356040955, -0.9828002452850342, -0.8960038423538208, -0.7762525081634521, -0.36788639426231384, -0.10578253865242004, -0.7521455883979797, 0.5156891345977783, -0.9427325129508972, 0.20000214874744415, -0.10865350067615509, -0.2425558865070343, -0.073549784719944, 0.29611799120903015, 0.13530412316322327, -0.19456073641777039, 0.16264109313488007, -0.2967059314250946, -0.11100699752569199, -0.24629585444927216, -1.0986918823618907e-06, 0.23465318977832794, 0.3975621163845062, 0.10267513245344162, -0.36509332060813904, -0.04580124095082283, -0.19310617446899414, -0.07169406861066818, -0.14377914369106293, -0.5535261034965515, -0.06608272343873978, -0.03576318547129631, -0.09243673831224442, -0.12007401138544083, 0.08781945705413818, 0.018173804506659508, 0.05044052377343178, 0.020993772894144058, 0.010631131939589977, 0.007982968352735043, -0.024669645354151726, -0.003640540409833193, -7.686583558097482e-05, 0.035011060535907745, 0.005690727848559618, -0.002964115235954523, -0.004478774033486843, 0.09922801703214645, -0.00045210152165964246, 0.06620525568723679, 0.027943765744566917, 0.009957226924598217, 0.09086257964372635, 0.024324581027030945, 0.009105823002755642, -0.0652807280421257, -0.01664690673351288, 0.030373847112059593, -0.4111769199371338, 0.44571617245674133, 0.648838460445404, 0.534094512462616, -0.4906511604785919, -0.2302456647157669, -0.12513531744480133, 0.2658093571662903, -0.10764621198177338, 0.11109630018472672, 0.40980520844459534, 1.1161354780197144, 0.0, -0.38999998569488525, 0.47999998927116394, -0.554216742515564, -0.40107905864715576, 0.34627652168273926, 0.6419283747673035, 0.3007473051548004, 0.20325414836406708, -0.2710028290748596, -0.891513466835022, -0.036572135984897614, -0.4254882335662842, 0.4605066180229187, -0.03341546282172203, -0.22328293323516846, 0.9734011292457581, -0.03896636515855789, -0.1445925533771515, 0.08658858388662338, -0.058714721351861954, -1.2730567455291748, -0.8774197697639465, -0.18601000308990479, -0.013657594099640846, -0.4343874752521515, 0.45020753145217896, -0.022637752816081047, -0.46479567885398865, 0.8838281631469727, -0.04795956239104271, -0.1464945673942566, 0.025956209748983383, -0.07693682610988617, 1.7330230474472046, -0.5413929224014282, -0.12631866335868835, -0.0010108539136126637, -0.4253041744232178, 0.40946394205093384, 0.006364067550748587, -0.274990439414978, 0.9599078893661499, 0.05400433763861656, -0.0957607552409172, 0.0765850767493248, -0.027017908170819283, -2.636732816696167, -0.46669110655784607, 0.10068079084157944, 0.015466073527932167, -0.4211524426937103, 0.40227267146110535, -0.08454220741987228, -0.809984564781189, 0.576119601726532, 0.0697411447763443, -0.02819865569472313, 0.012791251763701439, -0.10454902052879333, 1.5531113147735596, -1.7015502452850342, 0.2198679894208908, -0.0956520140171051, -0.35311025381088257, 0.48205500841140747, 0.12321331351995468, -0.7370268106460571, 0.6524282693862915, -0.12628258764743805, -0.13025407493114471, 0.12518465518951416, -0.25342196226119995, 1.9515045881271362, -2.879880428314209, -0.9821274280548096, 0.06405578553676605, -0.28283897042274475, 0.17775215208530426, 0.006388547830283642, -0.0007662269053980708, -0.003201079089194536, 0.03333089500665665, 0.06062967702746391, -0.008894767612218857, 0.0008325793314725161, 0.0002941839338745922, -0.0014220657758414745, 0.17807704210281372, 0.06970541179180145, 0.0053536854684352875, -0.0034331930801272392, -0.0003489921800792217, -0.0033370566088706255, 0.001506514847278595, -0.41759926080703735, 0.08593273162841797, 0.0036932379007339478, 0.001026191283017397, 0.0038477806374430656, -0.42108142375946045, -0.05932725965976715, 0.8851665258407593, -0.009103663265705109, -0.009909605607390404, -0.004227295983582735, 1.0, -1.0, -0.6510388255119324, 0.16523605585098267, -0.2200673669576645, -1.0, -0.20159995555877686, -1.0, 1.0, -1.0, 0.5710164308547974, -0.4997320771217346, -0.07920080423355103, -1.0, -1.0, -0.3505246937274933, -0.5256098508834839, -0.9110487699508667, 0.3979463279247284, -1.0]
[0.7526799440383911, -0.9473289847373962, -0.4297265410423279, 0.1662285178899765, -0.36969369649887085, -0.482514888048172, -0.4441220164299011, 0.17281363904476166, -0.8654980063438416, -0.7299051880836487, 0.15554901957511902, -1.0000224113464355, 0.11301662772893906, 0.06910397857427597, -0.6854141354560852, 0.33314216136932373, -0.987699568271637, -0.9147547483444214, -0.7832788825035095, -0.3621165454387665, -0.17413228750228882, -0.7793291211128235, 0.49510058760643005, -0.9518500566482544, 0.18523111939430237, -0.09966294467449188, -0.13548637926578522, -0.048452749848365784, 0.3157493770122528, 0.33321577310562134, -0.18721574544906616, 0.13456502556800842, -0.24479179084300995, -0.09144851565361023, -0.1324416697025299, -2.5767647457541898e-05, 0.1563323438167572, 0.23832492530345917, 0.3034754693508148, -0.39626502990722656, -0.041478510946035385, -0.1613015979528427, -0.06092024967074394, 0.18725503981113434, -0.45850545167922974, -0.06744791567325592, -0.17663614451885223, -0.08076827228069305, -0.463467001914978, 0.1664285510778427, 0.005301802419126034, 0.013745490461587906, 0.003824245650321245, 0.007753212004899979, -0.01196988020092249, 0.005923873744904995, 0.007277925033122301, 0.003499464364722371, 0.018796496093273163, 0.010161420330405235, -0.006399296689778566, -0.009527384303510189, 0.0845642238855362, -0.01262993086129427, 0.06413526833057404, 0.02777799777686596, 0.010090472176671028, 0.0599168986082077, 0.05197342485189438, 0.02532869204878807, -0.03851783275604248, -0.009317184798419476, 0.028439557179808617, -0.40704241394996643, 0.442862331867218, 0.6159870028495789, 0.5494030714035034, -0.5186396837234497, -0.22300007939338684, -0.1059756800532341, 0.22170622646808624, -0.19475288689136505, -0.06317265331745148, 0.8190757632255554, 0.8554304242134094, 0.0, -0.38999998569488525, 0.47999998927116394, -0.554216742515564, -0.40107905864715576, 0.34627652168273926, 0.6419283747673035, 0.2895992696285248, 0.18909980356693268, -0.3131387233734131, -0.8844872117042542, -0.03885078802704811, -0.42428332567214966, 0.45950886607170105, -0.03949100896716118, -0.20668603479862213, 0.9769145250320435, -0.03686712682247162, -0.1488269418478012, 0.10723592340946198, -0.03713184595108032, -2.514758348464966, -0.6204512119293213, -0.6711769104003906, -0.015882298350334167, -0.43372270464897156, 0.44921183586120605, -0.02774679847061634, -0.47669097781181335, 0.8772613406181335, -0.04907498508691788, -0.13334615528583527, 0.028250325471162796, -0.07051409780979156, 1.4632315635681152, -0.5498452186584473, -0.09367669373750687, -0.0027984408661723137, -0.4245621860027313, 0.4086243808269501, 0.0026437356136739254, -0.25888416171073914, 0.964339554309845, 0.05496601760387421, -0.11808943003416061, 0.062439825385808945, -0.03823123872280121, -1.490943193435669, -0.23518185317516327, -0.34494367241859436, 0.01493642758578062, -0.42153653502464294, 0.4017287492752075, -0.09393372386693954, -0.8158671259880066, 0.5678432583808899, 0.055598098784685135, -0.016387056559324265, -0.03713306412100792, -0.01684829778969288, 0.5938608646392822, -2.3350512981414795, -0.04348577558994293, -0.0971643254160881, -0.35167598724365234, 0.47841066122055054, 0.10811953991651535, -0.7483208775520325, 0.6388397216796875, -0.14216071367263794, -0.05890724062919617, 0.07309838384389877, -0.23105989396572113, 2.7622573375701904, -1.8164016008377075, 0.4554055333137512, -0.03217058256268501, -0.10608252882957458, 0.08118000626564026, 0.006161974277347326, -0.0008089422481134534, -0.001799046411179006, -0.10945942997932434, -0.0848107784986496, 0.055378422141075134, 0.0022273026406764984, -0.0005188381765037775, 0.0003176509926561266, 0.07804182171821594, 0.14649318158626556, 0.007292667403817177, -0.007329986430704594, -0.0006269379518926144, -0.002447390230372548, -0.07382943481206894, -0.4149279296398163, 0.06144661456346512, 0.0038665542379021645, 0.0003659498761408031, 0.003034597262740135, -0.270706444978714, -0.31587496399879456, 0.5266891121864319, -0.004436262417584658, -0.004985882434993982, -0.0046415687538683414, 1.0, -1.0, -0.5692208409309387, 0.14481335878372192, -0.18149153888225555, -1.0, -0.19164042174816132, -1.0, 1.0, -1.0, 0.5474332571029663, -0.21782155334949493, -0.21992111206054688, -1.0, -1.0, -0.2280578315258026, -0.49776604771614075, -0.9203973412513733, 0.29141515493392944, -1.0]
[0.7987242937088013, -0.9606478810310364, -0.4482406973838806, 0.15744534134864807, -0.33886897563934326, -0.4440748989582062, -0.4890555441379547, 0.18463803827762604, -0.888930082321167, -0.7386629581451416, 0.13590635359287262, -1.0000243186950684, 0.12773537635803223, 0.08844540268182755, -0.5930834412574768, 0.23695562779903412, -0.9920879006385803, -0.9303981065750122, -0.7892236113548279, -0.3329765200614929, -0.23089586198329926, -0.8085153102874756, 0.4593919813632965, -0.9597041010856628, 0.16303229331970215, -0.08599942177534103, -0.04428805783390999, -0.09936520457267761, 0.26725587248802185, 0.3585105836391449, -0.17752930521965027, 0.10749953985214233, -0.2021399289369583, -0.07559844106435776, -0.06313887238502502, -2.208125988545362e-05, 0.12131165713071823, 0.1469782441854477, 0.49648553133010864, -0.39422351121902466, -0.03534295782446861, -0.1338152438402176, -0.051175303757190704, 0.45089849829673767, -0.381826251745224, -0.07435917109251022, -0.2439667284488678, -0.06880956143140793, -0.6122679114341736, 0.22338815033435822, 0.00022118209744803607, -0.004711482208222151, -0.009149272926151752, -0.004645790439099073, -0.009057988412678242, -0.0004175347276031971, 0.003583654761314392, 0.001951242913492024, -0.0042031933553516865, 0.012996168807148933, 0.0003658846253529191, -0.0030600307509303093, 0.07742580771446228, -0.008489043451845646, 0.06288348138332367, 0.027378613129258156, 0.009988691657781601, 0.04714751988649368, 0.04858870059251785, 0.022943854331970215, -0.026542125269770622, -0.005690222606062889, 0.02685086615383625, -0.4034937024116516, 0.43868395686149597, 0.5816118717193604, 0.5500823855400085, -0.5565168261528015, -0.22231937944889069, -0.08263195306062698, 0.1901819407939911, -0.2661608159542084, -0.1973257064819336, 1.1674036979675293, 0.6758726835250854, 0.0, -0.38999998569488525, 0.47999998927116394, -0.554216742515564, -0.40107905864715576, 0.34627652168273926, 0.6419283747673035, 0.2828666567802429, 0.15691344439983368, -0.3518524765968323, -0.8783873915672302, -0.04107467457652092, -0.4232296645641327, 0.45846620202064514, -0.04359055310487747, -0.1868818998336792, 0.980907142162323, -0.03155975416302681, -0.13720427453517914, 0.08815285563468933, -0.0524529404938221, -2.1993095874786377, -0.29140540957450867, -0.9006981253623962, -0.01782519370317459, -0.4330899119377136, 0.4483250677585602, -0.03254726901650429, -0.486547589302063, 0.8715729713439941, -0.05072096735239029, -0.11376557499170303, 0.027029581367969513, -0.06171989068388939, 1.230760097503662, -0.5383197665214539, -0.03129427134990692, -0.0047589875757694244, -0.4238492548465729, 0.40783393383026123, 0.0001447372924303636, -0.2497764676809311, 0.9665207266807556, 0.058729931712150574, -0.11907175928354263, 0.05243414267897606, -0.036632709205150604, -0.9189960360527039, -0.07732883840799332, -0.5301737189292908, 0.014481841586530209, -0.4226897060871124, 0.4025224447250366, -0.10851472616195679, -0.8168014883995056, 0.5653120279312134, 0.03849774971604347, -0.01846880093216896, -0.08695933222770691, 0.07744283974170685, -0.37153878808021545, -2.8104262351989746, -0.3886440098285675, -0.09795762598514557, -0.35109686851501465, 0.4753338396549225, 0.10396240651607513, -0.7629020810127258, 0.6179890036582947, -0.15893985331058502, -0.010670602321624756, 0.03962227329611778, -0.21455243229866028, 3.432582378387451, -1.0278828144073486, 1.3705390691757202, -0.07204121351242065, 0.13815084099769592, 0.016219422221183777, -0.002573528094217181, -0.0008401531376875937, -0.001153987250290811, -0.10231814533472061, -0.035434406250715256, 0.05859106779098511, 0.0014197268756106496, -0.0004117660573683679, -0.0003465274930931628, -0.04638642445206642, 0.04416133463382721, 0.057593416422605515, -0.0023976110387593508, -0.0005102924769744277, -0.00063912762561813, -0.04867938160896301, -0.41009721159935, 0.050683870911598206, 0.0038372334092855453, 0.0007199298706836998, 0.0024260939098894596, -0.18939270079135895, -0.280728280544281, 0.3687804341316223, -0.003027871251106262, -0.0026599401608109474, -0.0035305931232869625, 1.0, -1.0, -0.47242823243141174, 0.08650500327348709, -0.19357459247112274, -1.0, -0.19382594525814056, -1.0, 1.0, -1.0, 0.5546305179595947, 0.10421427339315414, -0.29816755652427673, -1.0, -1.0, -0.09137901663780212, -0.5011665225028992, -0.9711793661117554, 0.21714457869529724, -1.0]
[0.8369529843330383, -0.9729277491569519, -0.4470214545726776, 0.14098285138607025, -0.3105192482471466, -0.4088899791240692, -0.5353832244873047, 0.20021075010299683, -0.908492386341095, -0.7460231184959412, 0.11615433543920517, -1.0000274181365967, 0.13990572094917297, 0.10037095844745636, -0.5079949498176575, 0.15821892023086548, -1.000001311302185, -0.9424862861633301, -0.7937393188476562, -0.28809621930122375, -0.2785649299621582, -0.8386159539222717, 0.41365131735801697, -0.9663423299789429, 0.12810136377811432, -0.08150678128004074, 0.03100895881652832, -0.18195095658302307, 0.25751620531082153, 0.31050345301628113, -0.12891824543476105, 0.1661619246006012, -0.1675885021686554, -0.0637306347489357, -0.07401718944311142, 1.4319484762381762e-05, 0.10277839750051498, 0.10372436046600342, 0.32245656847953796, -0.3631671369075775, 6.438521813834086e-05, -0.10676604509353638, -0.038666319102048874, 0.6072072982788086, -0.3231496512889862, -0.07447823137044907, -0.30230021476745605, -0.057850200682878494, -0.7187820076942444, 0.09532597661018372, -0.004622338339686394, -0.01896822638809681, -0.011317895725369453, -0.005830511450767517, 0.04130838066339493, -0.010883738286793232, -3.567722160369158e-05, 0.0007379811722785234, -0.004374316893517971, 0.004886785056442022, -0.003663721028715372, -0.0018224313389509916, -0.041966330260038376, -0.12037917226552963, 0.19805482029914856, 0.08522340655326843, 0.031483180820941925, 0.03156805783510208, 0.04055051505565643, 0.019746197387576103, -0.020012428984045982, -0.00399799644947052, 0.025830594822764397, -0.4031277298927307, 0.43727970123291016, 0.5726345181465149, 0.5469929575920105, -0.5631672143936157, -0.23607434332370758, -0.05528109148144722, -0.09581857174634933, 0.054283540695905685, 1.0296610593795776, -0.11584559828042984, -0.5306649208068848, 0.0, -0.38999998569488525, 0.47999998927116394, -0.554216742515564, -0.40107905864715576, 0.34627652168273926, 0.6419283747673035, 0.27321773767471313, 0.14261901378631592, -0.3532469570636749, -0.8833054304122925, -0.0430368073284626, -0.4224609136581421, 0.45708003640174866, -0.04548490419983864, -0.1720186024904251, 0.9837371110916138, -0.024535920470952988, -0.11170045286417007, 0.06081523001194, -0.08108211308717728, -1.5059070587158203, -0.0006409864872694016, -0.9509768486022949, -0.019343791529536247, -0.43241024017333984, 0.4478042423725128, -0.03700121119618416, -0.49294763803482056, 0.8676155805587769, -0.05363396182656288, -0.09563011676073074, 0.035436224192380905, -0.02859942987561226, 0.6900937557220459, -0.4233182966709137, -0.10220962762832642, -0.0062954006716609, -0.42318272590637207, 0.40708357095718384, -0.0022773179225623608, -0.24410806596279144, 0.9678024053573608, 0.061355262994766235, -0.08536631613969803, 0.046390555799007416, -0.037804849445819855, -0.6399980187416077, -0.143985778093338, -0.3269446790218353, 0.01400732435286045, -0.423608660697937, 0.40323448181152344, -0.12153751403093338, -0.8171387910842896, 0.5629742741584778, 0.023932622745633125, 0.010658308863639832, -0.059807028621435165, 0.047449883073568344, -0.26916250586509705, -2.0882182121276855, 0.125706747174263, -0.09819984436035156, -0.3511140048503876, 0.47260868549346924, 0.10697389394044876, -0.779263436794281, 0.59178626537323, -0.1763351857662201, 0.02846820093691349, 0.017507901415228844, -0.20577338337898254, 3.8251748085021973, -0.5905414819717407, 2.053569793701172, -0.10469666868448257, 0.16921037435531616, -0.0458550862967968, -0.0032923552207648754, -0.0007406089571304619, -0.0005342429503798485, 0.19253702461719513, 0.015120032243430614, 0.025148604065179825, 0.0009647817350924015, 0.0019513752777129412, -0.006823984906077385, -0.05253831297159195, 0.034438613802194595, -0.0017635941039770842, -0.0013058522017672658, -0.0006624450907111168, -0.0008077555103227496, -0.6828937530517578, -1.1493600606918335, 0.15444469451904297, 0.014242783188819885, -0.007177507970482111, -0.00018033869855571538, -0.14425323903560638, -0.22422046959400177, 0.2711813747882843, -0.0013436705339699984, -0.0016899453476071358, -0.0024623353965580463, 1.0, -1.0, -0.3778984546661377, 0.013427205383777618, -0.16420112550258636, -1.0, -0.2557075321674347, -1.0, 1.0, -1.0, 0.5814796686172485, 0.4650004208087921, -0.3827422261238098, -1.0, -1.0, 0.008340209722518921, -0.5096865296363831, -1.0, 0.12266302108764648, -1.0]
[0.8669870495796204, -0.9820312261581421, -0.42423132061958313, 0.14797447621822357, -0.31891170144081116, -0.3896605372428894, -0.5653439164161682, 0.20408912003040314, -0.9240812063217163, -0.7518618702888489, 0.13710856437683105, -1.0000011920928955, 0.10821191221475601, 0.1043349951505661, -0.45478391647338867, 0.1219528540968895, -1.0000017881393433, -0.952497124671936, -0.7974175810813904, -0.22267332673072815, -0.3104236125946045, -0.8674156665802002, 0.3655760884284973, -0.971904993057251, 0.09656955301761627, -0.046610113233327866, 0.12724657356739044, 0.19551794230937958, -0.25239449739456177, 0.026054218411445618, -0.17324839532375336, -0.1675189733505249, -0.12709689140319824, -0.04652150347828865, 0.3407266139984131, -3.3748747227946296e-05, -0.39247098565101624, -0.06758932024240494, 0.18282851576805115, -0.057270269840955734, 0.00014018980436958373, -0.08509786427021027, -0.030998801812529564, 0.9105644226074219, -0.1788773387670517, -0.06840065121650696, -0.29353421926498413, -0.048328474164009094, -0.8897506594657898, 0.5607789158821106, -0.006261718459427357, 0.11148248612880707, 0.007990013808012009, -0.013461573980748653, -0.04613497108221054, -0.15155798196792603, -0.061984337866306305, -0.022182462736964226, 0.18752293288707733, 0.030871707946062088, 0.0009575444273650646, -0.0104850297793746, -0.16824550926685333, 0.01954134739935398, -0.09943424165248871, -0.03309156745672226, -0.010173470713198185, 0.04282533749938011, 0.08927410840988159, 0.042565152049064636, -0.02219519019126892, -0.0037961145862936974, 0.024989552795886993, -0.4053686559200287, 0.4374840259552002, 0.5666452646255493, 0.5704941153526306, -0.5244795083999634, -0.27994778752326965, -0.11429052799940109, -0.18225263059139252, -0.02001418173313141, 2.0989558696746826, -0.027434373274445534, -0.20550797879695892, 0.0, -0.38999998569488525, 0.47999998927116394, -0.554216742515564, -0.40107905864715576, 0.34627652168273926, 0.6419283747673035, 0.22140294313430786, 0.15947580337524414, -0.32864677906036377, -0.9041788578033447, -0.044859614223241806, -0.4218389391899109, 0.45654410123825073, -0.04479523375630379, -0.16769887506961823, 0.9846896529197693, -0.01602454110980034, -0.10200105607509613, 0.028914473950862885, 0.002522719092667103, 0.42409902811050415, 0.38980281352996826, -0.9577075242996216, -0.020563140511512756, -0.4320079982280731, 0.44699567556381226, -0.04015698656439781, -0.5007534027099609, 0.8629078269004822, -0.054986439645290375, -0.038651324808597565, -0.013934407383203506, -0.12407991290092468, 1.869033932685852, -0.4774723947048187, 0.395369291305542, -0.008304310962557793, -0.4227277338504791, 0.4057692289352417, -0.0027115775737911463, -0.25727081298828125, 0.9638583660125732, 0.06914708763360977, -0.187240868806839, -0.005510586313903332, -0.09523867815732956, 2.6141133308410645, 0.756231963634491, -1.8607394695281982, 0.013005033135414124, -0.42418166995048523, 0.40377724170684814, -0.13111403584480286, -0.8168054819107056, 0.561542809009552, 0.017536586150527, -0.07939925789833069, -0.018183523789048195, 0.01745741069316864, 0.14249935746192932, -0.8247870802879333, -0.6491011381149292, -0.09789320081472397, -0.3518047034740448, 0.47055482864379883, 0.11864437162876129, -0.7978142499923706, 0.5592761635780334, -0.19137929379940033, 0.06714189052581787, -0.015339845791459084, -0.1664513647556305, 4.397679328918457, 0.6278185248374939, 2.837993621826172, -0.13997767865657806, 0.09964559227228165, 0.407073050737381, -0.011966889724135399, -0.0010626702569425106, -0.0005663948250003159, -0.3510504364967346, 0.8512377738952637, -0.053066037595272064, -0.009413895197212696, -0.002228445140644908, 0.0034981933422386646, 0.9170400500297546, 0.15341061353683472, 0.13971835374832153, -0.00818387046456337, -0.003886539489030838, -0.017598215490579605, 0.08941256999969482, 0.5166276097297668, -0.12820619344711304, -0.002424057340249419, 0.0012227280531078577, -0.008154368959367275, -0.16892534494400024, -0.5127285718917847, 0.31358450651168823, -0.0024488146882504225, -0.0010933097219094634, -0.0050534144975245, 1.0, -1.0, -0.2167418897151947, 0.33547788858413696, -0.5551791787147522, -1.0, -0.1049952432513237, -1.0, 1.0, -1.0, -0.15338243544101715, -0.07961363345384598, 0.303335577249527, -1.0, -1.0, 0.23004984855651855, -0.40328702330589294, -1.0, 0.09948161244392395, -1.0]
[0.8901076912879944, -0.9885563254356384, -0.40232720971107483, 0.1928444355726242, -0.3634243607521057, -0.3973238170146942, -0.6065034866333008, 0.17570531368255615, -0.8961778879165649, -0.7500640749931335, 0.22248104214668274, -1.0000039339065552, 0.054758042097091675, 0.09028355032205582, -0.4476461410522461, 0.15780982375144958, -0.9988529682159424, -0.9602874517440796, -0.8002305626869202, -0.1617734283208847, -0.290484219789505, -0.8967631459236145, 0.3327557146549225, -0.9766860008239746, 0.08400508016347885, -0.04099709913134575, 0.06947355717420578, 0.5312515497207642, -0.4917413890361786, -0.13167260587215424, -0.11665594577789307, -0.2804532051086426, 0.45818158984184265, 0.09000205993652344, 0.28145626187324524, -6.755091453669593e-05, -0.5483365058898926, -0.17352645099163055, -0.053132928907871246, 0.2598126530647278, 0.01168625708669424, -0.06666964292526245, -0.023671966046094894, 0.6630476713180542, 0.32117319107055664, -0.06850271672010422, -0.15337839722633362, -0.04181620106101036, -0.15648193657398224, 0.08138756453990936, -0.010276174172759056, 0.07680283486843109, 0.018560973927378654, 0.001281473319977522, 0.019856829196214676, -0.006980900652706623, 0.03624451160430908, 0.02155136689543724, -0.0592520534992218, 0.004377369768917561, -0.0075035239569842815, -0.006404249928891659, -0.11143232882022858, 0.08732431381940842, -0.07007897645235062, -0.024048693478107452, -0.007571847178041935, -0.041641585528850555, 0.1816628873348236, 0.09071451425552368, 0.023549940437078476, 0.005018122494220734, 0.023153726011514664, -0.40827274322509766, 0.43668463826179504, 0.61110919713974, 0.5360211730003357, -0.5112610459327698, -0.27899643778800964, -0.06621666997671127, -0.22664931416511536, -0.08259088546037674, -0.004153983201831579, -0.08175197243690491, -1.1055740118026733, 0.0, -0.38999998569488525, 0.47999998927116394, -0.554216742515564, -0.40107905864715576, 0.34627652168273926, 0.6419283747673035, 0.2571083605289459, 0.16045092046260834, -0.2835518717765808, -0.9098072648048401, -0.046427711844444275, -0.421009361743927, 0.45753997564315796, -0.04371955990791321, -0.17239922285079956, 0.9840134382247925, -0.009195221588015556, -0.09027204662561417, 0.04965081438422203, 0.08726674318313599, 0.6863958239555359, 0.2005634903907776, -0.6463575959205627, -0.0211138017475605, -0.431904673576355, 0.4455442428588867, -0.043403346091508865, -0.5013781785964966, 0.8621275424957275, -0.05892406031489372, -0.048781320452690125, 0.01997251622378826, -0.05080123245716095, -1.1610318422317505, -0.4679894745349884, -0.1449563056230545, -0.011357813142240047, -0.4222150444984436, 0.404293417930603, 0.0002070171176455915, -0.2847454249858856, 0.9547251462936401, 0.08613806962966919, -0.16903378069400787, -0.019404683262109756, -0.12140869349241257, 3.8564400672912598, 0.2810298502445221, -1.6802505254745483, 0.010943492874503136, -0.4237872064113617, 0.40326574444770813, -0.13775335252285004, -0.8189291954040527, 0.5565779209136963, 0.024495059624314308, -0.1720583587884903, 0.05733555927872658, -0.07067731022834778, 1.0502705574035645, 0.6875019073486328, -1.315993309020996, -0.09741087257862091, -0.35292863845825195, 0.4706065058708191, 0.13830608129501343, -0.8108413219451904, 0.5340115427970886, -0.19554895162582397, 0.04506872594356537, -0.04204639047384262, 0.021002184599637985, 1.955895185470581, 2.0472328662872314, 2.3454205989837646, -0.06801348179578781, -0.16232985258102417, 0.2579236626625061, -0.0011534745572134852, 0.00035419571213424206, 0.0014113497454673052, 0.10017145425081253, -0.44563549757003784, 0.05651824176311493, 0.014866836369037628, 0.0009216510807164013, -0.002733252476900816, -0.2952579855918884, 0.1084708571434021, -0.029034707695245743, -0.004777187015861273, 0.0005325829843059182, 0.004525801632553339, 0.45919281244277954, 0.3752976953983307, -0.07215988636016846, -0.0019423813791945577, 0.004947626031935215, -0.005255784373730421, 0.03073030710220337, -1.2616465091705322, -0.3642314374446869, 0.00795395951718092, 0.004526435397565365, -0.008854584768414497, 1.0, -1.0, -0.3345933258533478, 0.5776107907295227, -0.6914768815040588, -1.0, -0.07354148477315903, -0.5193780660629272, 1.0, -1.0, -0.26162517070770264, -0.6274991631507874, 0.6622884273529053, -1.0, -1.0, 0.09883162379264832, 0.10325068235397339, -1.0, 0.2359221875667572, -1.0]
[0.911023736000061, -0.9932463765144348, -0.3800010681152344, 0.24813812971115112, -0.44129863381385803, -0.4175637364387512, -0.6401092410087585, 0.16300265491008759, -0.831037163734436, -0.7338320016860962, 0.29738864302635193, -1.0000057220458984, 0.006749780382961035, 0.0718744769692421, -0.4843691289424896, 0.2549721300601959, -0.9975150227546692, -0.9666259288787842, -0.8024540543556213, -0.09253253787755966, -0.24195042252540588, -0.9184311032295227, 0.3064294159412384, -0.9805958271026611, 0.07197374105453491, -0.02481899969279766, 0.10353595018386841, 0.49595513939857483, -0.838666558265686, -0.24340184032917023, -0.18902187049388885, -0.050353627651929855, 0.6803749203681946, 0.19849608838558197, 0.38730496168136597, 3.737136648851447e-05, -0.3682381212711334, -0.15204256772994995, -0.23661373555660248, 0.47698912024497986, 0.008495486341416836, -0.05564441159367561, -0.019377337768673897, 0.9539145827293396, 0.3634321689605713, -0.044722069054841995, -0.16874678432941437, -0.0335797518491745, -0.2554314136505127, 0.22305043041706085, -0.002022141357883811, -0.01783425733447075, -0.02753538079559803, -0.015397890470921993, -0.04129109904170036, 0.05318404734134674, 0.03432653844356537, 0.016489719972014427, 0.071966253221035, 0.012249830178916454, 0.019769126549363136, 0.00928205531090498, -0.07045754790306091, 0.04279868304729462, -0.04566194489598274, -0.015619802288711071, -0.004903553985059261, 0.023251548409461975, 0.0199615228921175, 0.010703342035412788, -0.015504737384617329, -0.00256093917414546, 0.022484054788947105, -0.4120727777481079, 0.4342702031135559, 0.6470524072647095, 0.4830516576766968, -0.5101757049560547, -0.2961502969264984, -0.04712812229990959, -0.21949715912342072, -0.167835533618927, -1.2719156742095947, 0.1332281082868576, -1.746039628982544, 0.0, -0.38999998569488525, 0.47999998927116394, -0.554216742515564, -0.40107905864715576, 0.34627652168273926, 0.6419283747673035, 0.28858116269111633, 0.13261601328849792, -0.23314251005649567, -0.919118344783783, -0.047864191234111786, -0.4203862249851227, 0.45869460701942444, -0.04248404502868652, -0.19028964638710022, 0.9808029532432556, -0.003250420093536377, -0.07853760570287704, -0.017519056797027588, 0.04039669781923294, 3.080054759979248, 0.2921333611011505, -0.5074178576469421, -0.021876540035009384, -0.43137508630752563, 0.4457390606403351, -0.047838129103183746, -0.4786296486854553, 0.8746150135993958, -0.060610271990299225, -0.0445341058075428, 0.07225343585014343, 0.10079317539930344, -4.038206100463867, -0.8572276830673218, -0.21278148889541626, -0.014095180667936802, -0.4217044413089752, 0.4030846059322357, 0.001739880652166903, -0.31095096468925476, 0.9450135827064514, 0.10126997530460358, -0.18988728523254395, 0.002443565521389246, -0.07904671132564545, 2.8089492321014404, 0.7216342091560364, -2.0195882320404053, 0.007860912941396236, -0.4224059283733368, 0.40172749757766724, -0.14169719815254211, -0.8235989809036255, 0.5474769473075867, 0.04330635443329811, -0.22998115420341492, 0.11696448922157288, -0.12417905777692795, 1.7341740131378174, 1.7879818677902222, -1.6824575662612915, -0.0965203046798706, -0.3546881675720215, 0.4717155694961548, 0.16608110070228577, -0.8224896788597107, 0.5082414150238037, -0.19395427405834198, 0.09281045198440552, -0.07855620980262756, 0.00690863560885191, 2.831267833709717, 2.8376030921936035, 3.304598093032837, -0.05043002963066101, 0.36306169629096985, -0.08719342947006226, -0.00995196495205164, -0.00032368639949709177, -0.00010838994785444811, -0.2666171193122864, -0.46321725845336914, 0.1253427416086197, 0.009541460312902927, -0.0018476848490536213, 0.004216003231704235, 0.3692535161972046, -0.18388617038726807, 0.15193751454353333, 0.00652376189827919, -0.0007565759588032961, -0.006700641941279173, 0.226468026638031, 0.2376263588666916, -0.05172313004732132, -0.0013391580432653427, 0.0026421905495226383, -0.003669785801321268, -0.07945726811885834, -0.06308429688215256, 0.2249802052974701, -0.0034654666669666767, -0.0012896228581666946, -0.0017821568762883544, 1.0, -1.0, -0.22793573141098022, 0.5314618945121765, -1.0, -1.0, 0.16945630311965942, -0.38448473811149597, 1.0, -1.0, -0.16255618631839752, -0.855481743812561, 1.0, -1.0, -1.0, 0.37852612137794495, 0.05054023861885071, -1.0, 0.14574381709098816, -1.0]
[0.9291747808456421, -0.9965561032295227, -0.35061872005462646, 0.30188366770744324, -0.5299827456474304, -0.4460274875164032, -0.6909202337265015, 0.1640992909669876, -0.7922374606132507, -0.7158944606781006, 0.39803704619407654, -1.0000052452087402, -0.013495691120624542, 0.06016358733177185, -0.5148747563362122, 0.3701184093952179, -0.9980710744857788, -0.9724566340446472, -0.8045371174812317, 0.011534949764609337, -0.19299106299877167, -0.9326220154762268, 0.2794390022754669, -0.983736515045166, 0.0646594688296318, -0.019903145730495453, 0.1296272724866867, 0.49600979685783386, -0.8072951436042786, -0.27560320496559143, -0.21878984570503235, 0.03911804035305977, 0.1881343573331833, 0.11672377586364746, 0.43148308992385864, 6.396903336280957e-05, -0.08358070999383926, -0.0674513652920723, -0.08745501190423965, 0.4714675843715668, -0.010306570678949356, -0.052189599722623825, -0.019225645810365677, 1.457087516784668, 0.34345734119415283, -0.030468538403511047, -0.16857312619686127, -0.02733992040157318, -0.19396549463272095, 0.11186958104372025, -0.0019009634852409363, -0.01106581836938858, 0.002994377864524722, 0.0012424851302057505, -0.007879119366407394, 0.023551005870103836, -0.02739393152296543, -0.016802990809082985, -0.005771960597485304, 0.003523128340020776, 0.021699881181120872, 0.012270776554942131, 0.07177215814590454, -0.02293975278735161, 0.04428665339946747, 0.016909044235944748, 0.005728336051106453, 0.04515370726585388, -0.0024645356461405754, -0.0039585488848388195, -0.024925652891397476, -0.0036270697601139545, 0.021783091127872467, -0.4150393605232239, 0.43063563108444214, 0.7115047574043274, 0.3577679693698883, -0.5394564270973206, -0.273404061794281, -0.03447519987821579, -0.16293683648109436, -0.23057012259960175, -3.2155308723449707, 0.4050576686859131, -2.3741986751556396, 0.0, -0.38999998569488525, 0.47999998927116394, -0.554216742515564, -0.40107905864715576, 0.34627652168273926, 0.6419283747673035, 0.39768797159194946, 0.06740637868642807, -0.16453032195568085, -0.9001280069351196, -0.049186937510967255, -0.419911652803421, 0.45969271659851074, -0.04077973961830139, -0.21569009125232697, 0.9756051898002625, 0.003053496591746807, -0.07559298723936081, -0.010159283876419067, 0.0416683591902256, 3.0723233222961426, 0.3312984108924866, -0.5910353660583496, -0.022304046899080276, -0.4308263659477234, 0.44631972908973694, -0.0524989515542984, -0.4587702453136444, 0.8845711946487427, -0.06563138216733932, -0.02408226579427719, 0.04205277934670448, 0.04657677933573723, -1.6781340837478638, -0.8287503719329834, 0.24722722172737122, -0.01720597967505455, -0.42102012038230896, 0.40260133147239685, 0.005830307025462389, -0.32374149560928345, 0.9384596943855286, 0.12021147459745407, -0.19020213186740875, 0.034286271780729294, -0.01946962997317314, 0.9914472699165344, 1.1830177307128906, -2.054033041000366, 0.004486666060984135, -0.42091265320777893, 0.40044131875038147, -0.1473749876022339, -0.8273367285728455, 0.5381991863250732, 0.0643121749162674, -0.2343789041042328, 0.0963965654373169, -0.06632857024669647, 1.2797908782958984, 1.3429877758026123, -2.011009693145752, -0.09468130022287369, -0.3573820888996124, 0.47235795855522156, 0.20277461409568787, -0.8389069437980652, 0.4669186770915985, -0.19262491166591644, 0.15590015053749084, -0.10380512475967407, -0.0706654042005539, 4.830865859985352, 3.804856061935425, 4.549777030944824, -0.04113020375370979, -0.008462737314403057, 0.0022799780126661062, 0.0011155441170558333, -0.00020153092918917537, -1.075151885743253e-05, -0.06016746908426285, 0.320388525724411, -0.0015877949772402644, -0.011997162364423275, -0.00030261362553574145, 0.00031420448794960976, -0.031192617490887642, -0.2366247922182083, 0.12997153401374817, 0.00872140470892191, -0.00015953421825543046, -3.3308780984953046e-05, -0.11559254676103592, -0.26511502265930176, 0.031308215111494064, 0.0017516107764095068, -0.000628170557320118, 0.0029150184709578753, -0.0931863933801651, 0.2124871164560318, 0.35965830087661743, -0.007118758745491505, -0.0021360863465815783, -0.000385583087336272, 1.0, -1.0, -0.16595348715782166, 0.6002702116966248, -1.0, -1.0, 0.19546356797218323, -0.7703879475593567, 1.0, -1.0, -0.0014428021386265755, -0.5443400740623474, 1.0, -1.0, -1.0, 0.739845871925354, 0.0617988258600235, -1.0, 0.12041345238685608, -1.0]
[0.9447521567344666, -0.9994197487831116, -0.3311017155647278, 0.3328526020050049, -0.6089566946029663, -0.4738178253173828, -0.7411024570465088, 0.1615590900182724, -0.8000327348709106, -0.711279034614563, 0.4957926273345947, -1.0000042915344238, 0.005475280340760946, 0.0596957802772522, -0.5110848546028137, 0.47451743483543396, -0.9999694228172302, -0.9776511192321777, -0.8064961433410645, 0.13068388402462006, -0.15466274321079254, -0.942085325717926, 0.27799996733665466, -0.9865163564682007, 0.053011100739240646, -0.021392911672592163, 0.05374082922935486, 0.17107613384723663, -0.689791202545166, -0.24715964496135712, -0.20816217362880707, -0.05724280700087547, -0.21098656952381134, -0.02008489891886711, 0.3730388879776001, 0.00011946491576964036, 0.3274122476577759, 0.05696522817015648, 0.049125369638204575, 0.3953503668308258, -0.03940907120704651, -0.042424384504556656, -0.0163287241011858, 1.4723976850509644, 0.2348891943693161, -0.021576501429080963, 0.0732923373579979, -0.02468351274728775, -0.37099137902259827, -0.13490399718284607, -0.015214174054563046, -0.10450351983308792, -0.03024120256304741, -0.008516225032508373, -0.00737568736076355, -0.03920888155698776, -0.04361230134963989, -0.022292302921414375, -0.044497232884168625, -0.010919692926108837, 0.02502971887588501, 0.0160536952316761, 0.008039327338337898, -0.058908477425575256, -0.015388784930109978, -0.005084841977804899, -0.0015709302388131618, -0.017978694289922714, -0.028782576322555542, -0.018825588747859, 0.01668586954474449, 0.007040341384708881, 0.021187610924243927, -0.41714078187942505, 0.4268767535686493, 0.7532045245170593, 0.19023621082305908, -0.5859581828117371, -0.2305345982313156, -0.05660666525363922, -0.15871456265449524, -0.172978937625885, -1.3119683265686035, 1.0482732057571411, -1.6995127201080322, 0.0, -0.38999998569488525, 0.47999998927116394, -0.554216742515564, -0.40107905864715576, 0.34627652168273926, 0.6419283747673035, 0.5248783826828003, -0.0342753641307354, -0.099651999771595, -0.8446285724639893, -0.05020219087600708, -0.4198368191719055, 0.459746778011322, -0.040084630250930786, -0.24548906087875366, 0.968542754650116, 0.0072926729917526245, -0.051190465688705444, -0.0612032487988472, -0.057908471673727036, 3.944284200668335, 0.027063125744462013, -0.1886560171842575, -0.022420715540647507, -0.43068772554397583, 0.44591617584228516, -0.05541522055864334, -0.460744708776474, 0.8828597664833069, -0.07212553918361664, 0.0072691915556788445, -0.014409860596060753, -0.0693180039525032, 1.4433118104934692, -0.571042001247406, 0.7635445594787598, -0.02001909725368023, -0.42025095224380493, 0.40296003222465515, 0.012168657965958118, -0.3176940083503723, 0.9379957914352417, 0.1381528377532959, -0.14331085979938507, 0.06745567172765732, 0.05580190569162369, -1.599724292755127, 1.6463171243667603, -1.4918626546859741, 0.0013159345835447311, -0.41988182067871094, 0.4000292122364044, -0.15723803639411926, -0.828208863735199, 0.5317061543464661, 0.08145375549793243, -0.201755091547966, 0.07320596277713776, -0.02711898274719715, 0.8470973968505859, 0.7174066305160522, -2.0038955211639404, -0.09250014275312424, -0.3599894940853119, 0.472185879945755, 0.23725000023841858, -0.8567565679550171, 0.41763097047805786, -0.18778936564922333, 0.12658511102199554, -0.0635484829545021, -0.11651315540075302, 5.032145977020264, 3.989739179611206, 3.474832773208618, -0.1165902242064476, 0.3788108825683594, -0.2985372543334961, -0.00283406232483685, 0.00019211601465940475, 0.001958688022568822, -0.07274550199508667, 0.5669366717338562, -0.12599126994609833, -0.01378825306892395, -0.00024162486079148948, 0.0001460515195503831, -0.2509898543357849, -0.3113105297088623, 0.08068324625492096, 0.011384036391973495, -0.0002483488351572305, 0.0030569429509341717, -0.31469401717185974, 0.06869858503341675, -0.031226757913827896, -0.0005404515541158617, -0.0030609089881181717, 0.001514771138317883, 0.14238636195659637, 0.2923671305179596, -0.21856415271759033, 0.0014092556666582823, 0.004762160126119852, 0.003126610768958926, 1.0, -1.0, -0.2920728623867035, 0.36823391914367676, -1.0, -1.0, 0.09181126207113266, -1.0, 1.0, -1.0, 0.2789952754974365, -0.325131893157959, 1.0, -1.0, -1.0, 0.7941324710845947, -0.008647920563817024, -1.0, 0.40877261757850647, -1.0]
[0.9479821920394897, -1.000019907951355, -0.28683218359947205, 0.34102514386177063, -0.6758244037628174, -0.4980112612247467, -0.7504969239234924, 0.1668442189693451, -0.8277627825737, -0.7178242206573486, 0.5108627080917358, -0.9999083280563354, -0.009187841787934303, 0.061659280210733414, -0.49827492237091064, 0.5519632697105408, -1.0000063180923462, -0.9842732548713684, -0.8084504008293152, 0.25718024373054504, -0.13929039239883423, -0.9490415453910828, 0.2883860766887665, -0.9887574315071106, -0.01507637556642294, -7.786977948853746e-05, 0.24871240556240082, 0.024221336469054222, -0.5796450972557068, -0.2111794501543045, 0.1611638069152832, 0.19017936289310455, -0.2809399664402008, -0.08546103537082672, -0.07031768560409546, 0.010644450783729553, -0.37963247299194336, -0.055009204894304276, -0.06768251210451126, 0.20015929639339447, 3.139271939289756e-05, -0.08983366936445236, -0.022359678521752357, 1.604201316833496, 0.040980055928230286, -0.016998309642076492, 0.05627875402569771, -0.019145630300045013, -1.4884674549102783, 0.03994640335440636, -0.006791883148252964, -0.05033964663743973, -0.00932210311293602, -0.0011777952313423157, 0.07484763860702515, 0.14398230612277985, 0.05856536328792572, 0.01957540214061737, -0.11291497200727463, 0.009278146550059319, -0.040790997445583344, -0.023873798549175262, -0.28741902112960815, -0.21022525429725647, -0.17597368359565735, -0.0702267438173294, -0.02369590289890766, 0.015728991478681564, -0.01883278787136078, -0.018325606361031532, -0.02459769695997238, -0.0031033556442707777, 0.019677413627505302, -0.41999325156211853, 0.4246036112308502, 0.7188631892204285, 0.21282383799552917, -0.5746695399284363, -0.3281715214252472, -0.07119220495223999, -0.17690518498420715, -0.11182510852813721, 2.5519766807556152, -0.0035587181337177753, -1.0180978775024414, 0.0, -0.38999998569488525, 0.47999998927116394, -0.554216742515564, -0.40107905864715576, 0.34627652168273926, 0.6419283747673035, 0.4363725185394287, -0.06457110494375229, -0.08488815277814865, -0.8934223651885986, -0.05078184977173805, -0.4203425645828247, 0.4590137302875519, -0.03736594691872597, -0.27734145522117615, 0.9599489569664001, 0.013543577864766121, -0.018588658422231674, -0.08910897374153137, -0.08462763577699661, 3.920320510864258, 0.6147423386573792, -0.6280285120010376, -0.0224214605987072, -0.4307560622692108, 0.4456624984741211, -0.05517815798521042, -0.4707714021205902, 0.8774207234382629, -0.07390814274549484, -0.0237371064722538, -0.006047173403203487, 0.013691705651581287, 0.929088294506073, 0.587161660194397, -0.390615850687027, -0.020536864176392555, -0.42013564705848694, 0.402669757604599, 0.012274308130145073, -0.3224920928478241, 0.9359157085418701, 0.14110203087329865, 0.018607530742883682, -0.03579187020659447, -0.06510168313980103, 2.005826950073242, -0.772000789642334, 0.09968769550323486, -0.0006603570654988289, -0.4192809760570526, 0.4001060724258423, -0.1651327759027481, -0.8282639980316162, 0.5273678302764893, 0.09269818663597107, -0.05448804050683975, 0.054799970239400864, -0.04011323302984238, 0.9732007384300232, 0.49360236525535583, -0.5584913492202759, -0.08999141305685043, -0.36240649223327637, 0.4708561897277832, 0.26759395003318787, -0.8738408088684082, 0.3621537685394287, -0.1834130883216858, 0.15300710499286652, -0.04624452441930771, -0.19622451066970825, 6.026596546173096, 3.757120132446289, 3.678914785385132, -0.21842466294765472, 0.15778908133506775, -0.06497875601053238, 0.0011890409514307976, -0.0014349858975037932, -0.0017945906147360802, 0.31898006796836853, -0.7491170763969421, 0.2549078166484833, 0.008338646963238716, 0.002694501541554928, -0.01291918195784092, -0.6375513076782227, 0.4234744608402252, -0.20646703243255615, -0.017521681264042854, -0.0007525547407567501, 0.006819482892751694, -1.1456514596939087, 1.0673234462738037, -0.2406105250120163, -0.007686050608754158, -0.013036482036113739, -0.01038898155093193, -0.0834587961435318, 0.25996270775794983, 0.3335735499858856, -0.0006902352906763554, -0.0017680141609162092, 0.0031858382280915976, 0.7905341386795044, -1.0, 0.12317297607660294, 0.3267412781715393, -1.0, -0.7925388813018799, 0.08993913978338242, -1.0, 1.0, -1.0, -0.3619648814201355, -0.05809599906206131, 1.0, -1.0, -1.0, 1.0, -0.1608702838420868, -1.0, 0.32900193333625793, -1.0]
[0.9180154800415039, -1.0000053644180298, -0.20144259929656982, 0.35454991459846497, -0.732133686542511, -0.5186622738838196, -0.6974157094955444, 0.1844603270292282, -0.8559528589248657, -0.7271999716758728, 0.5210390090942383, -0.9991311430931091, -0.0807715430855751, 0.04604468494653702, -0.5016838312149048, 0.6163910627365112, -1.0000011920928955, -0.9907139539718628, -0.8109510540962219, 0.3428818881511688, -0.15606330335140228, -0.9555270075798035, 0.2842862010002136, -0.9906368851661682, -0.17810223996639252, 2.2431604520534165e-05, 0.4022628962993622, 0.1797643005847931, -0.4867832362651825, -0.17952047288417816, 0.2535434067249298, 0.1295558512210846, -0.24932041764259338, -0.08682400733232498, 0.17065168917179108, 0.004191542509943247, -0.8095472455024719, -0.22052383422851562, 0.0347227118909359, 0.30276796221733093, 1.3780154404230416e-05, -0.03888824209570885, -0.019385043531656265, 0.763891875743866, -0.209543377161026, -0.018000002950429916, -0.06662320345640182, -0.016471218317747116, -3.2611796855926514, 0.034460559487342834, -0.04495614767074585, 0.02077549695968628, 0.01955965906381607, 0.00900139007717371, -0.0568089559674263, -0.05117326229810715, -0.016280164942145348, -0.005186956841498613, 0.0017265251372009516, 0.0037112366408109665, -0.019844520837068558, -0.014008757658302784, -0.02630377560853958, -0.10402366518974304, -0.005093479994684458, 0.0038522877730429173, 0.002728578168898821, -0.09259983897209167, 0.033819619566202164, 0.007322186138480902, 0.003329869592562318, 0.0007301430450752378, 0.01896105334162712, -0.4235098958015442, 0.4221882224082947, 0.6788520216941833, 0.2754466235637665, -0.5091871619224548, -0.451682984828949, -0.0152867641299963, -0.23228071630001068, -0.1425132155418396, 4.17173957824707, -0.6398603320121765, -0.9147486090660095, 0.0, -0.38999998569488525, 0.47999998927116394, -0.554216742515564, -0.40107905864715576, 0.34627652168273926, 0.6419283747673035, 0.29428768157958984, -0.05147312954068184, -0.050838276743888855, -0.9529746770858765, -0.05009230971336365, -0.4210737347602844, 0.45871931314468384, -0.030634209513664246, -0.3018549084663391, 0.9526097774505615, 0.021900711581110954, 0.09643885493278503, -0.07841349393129349, -0.018472379073500633, 2.5757551193237305, 1.1314586400985718, -0.5443156957626343, -0.02156754955649376, -0.43094968795776367, 0.4459511935710907, -0.05062239617109299, -0.47854411602020264, 0.8738521337509155, -0.06939171999692917, 0.11227954924106598, -0.030477529391646385, -0.007494837045669556, 1.1123672723770142, 0.8838583827018738, 0.08033951371908188, -0.01938304863870144, -0.42032590508461, 0.4013393521308899, 0.00973209086805582, -0.3540007770061493, 0.9248461723327637, 0.13873837888240814, 0.07084989547729492, -0.06194370239973068, -0.14267942309379578, 4.998947620391846, -0.7334648370742798, -0.3457236588001251, -0.0005356231704354286, -0.4185855984687805, 0.3999076187610626, -0.1653822362422943, -0.8303561210632324, 0.522648274898529, 0.09998032450675964, 0.03595275059342384, 0.04158517345786095, 0.0015761629911139607, 0.4927634298801422, 0.5846418738365173, -0.4453796446323395, -0.08757853507995605, -0.364234983921051, 0.4687829315662384, 0.28599387407302856, -0.8839388489723206, 0.31928375363349915, -0.1868620365858078, 0.14089474081993103, -0.031057599931955338, -0.163870707154274, 3.7882659435272217, 1.0752023458480835, 2.124143362045288, -0.6231889128684998, -0.17432835698127747, 0.18545183539390564, 0.006386464927345514, -0.0023945854045450687, 0.0010726525215432048, -0.5924896001815796, 0.2703527510166168, 0.025122640654444695, -0.0011316656600683928, -0.0023934533819556236, -0.0004562308022286743, -0.10760371387004852, 0.17899644374847412, -0.14788001775741577, -0.011323810555040836, -0.0025459621101617813, -0.005924370605498552, -0.5601282715797424, -0.050703540444374084, -0.18859682977199554, 0.001968025229871273, -0.0023758739698678255, -0.00037246939609758556, -0.012013718485832214, -0.3140730857849121, -0.09518634527921677, 0.015476561151444912, 0.0009223583037965, 0.004839574918150902, 0.3838653564453125, -1.0, 0.38744574785232544, 0.4955986738204956, -1.0, -0.2879456579685211, 0.23877450823783875, -1.0, 1.0, -1.0, -0.6360546946525574, -0.3973851799964905, 1.0, -1.0, -1.0, 0.5696336030960083, -0.3729061186313629, -1.0, 0.1952429711818695, -1.0]
[0.8293358683586121, -1.0000102519989014, -0.1299043893814087, 0.39146000146865845, -0.779361367225647, -0.5437782406806946, -0.5668153762817383, 0.20105956494808197, -0.799033522605896, -0.7233572006225586, 0.5712100267410278, -1.000010371208191, -0.10731704533100128, 0.028238868340849876, -0.5268022418022156, 0.6892326474189758, -0.9988359212875366, -0.993039071559906, -0.8121808767318726, 0.3627564013004303, -0.14805930852890015, -0.9708605408668518, 0.2563464939594269, -0.9921024441719055, -0.44172391295433044, 0.00014997663674876094, 0.232536181807518, 0.4301269054412842, -0.40754827857017517, -0.34165045619010925, 0.6918044090270996, 0.17282527685165405, 0.9363985061645508, 0.18450264632701874, 0.24777720868587494, 0.00016471771232318133, 0.05398837476968765, -0.07526736706495285, -0.20085959136486053, 0.28745290637016296, 0.015413966961205006, -0.012695836834609509, -0.006744367070496082, -0.031137382611632347, 0.2106902152299881, -0.04104124382138252, -0.22598372399806976, -0.012312750332057476, -5.265470504760742, 0.02725447341799736, -0.11473257094621658, 0.03473204746842384, 0.024394720792770386, 0.00024122302420437336, -0.06379254907369614, -0.026757756248116493, 0.0716019868850708, 0.04366019740700722, -0.14775125682353973, 0.026536863297224045, 0.07591190934181213, 0.03886646032333374, -0.1942249983549118, -0.21219485998153687, -0.10453179478645325, -0.03259984403848648, -0.008965292945504189, -0.05500851199030876, 0.31097325682640076, 0.14126168191432953, -0.027495844289660454, -0.0078016165643930435, 0.018961424008011818, -0.42747190594673157, 0.4180595576763153, 0.6178749203681946, 0.35414087772369385, -0.39926812052726746, -0.577407717704773, 0.003764407243579626, -0.2407650351524353, -0.28843167424201965, 4.290919303894043, -1.1390800476074219, -1.1232070922851562, 0.0, -0.38999998569488525, 0.47999998927116394, -0.554216742515564, -0.40107905864715576, 0.34627652168273926, 0.6419283747673035, 0.11412983387708664, -0.011578547768294811, -0.004812902770936489, -0.9933866858482361, -0.04620695859193802, -0.42199939489364624, 0.4597322940826416, -0.02196740172803402, -0.3157959282398224, 0.9483649134635925, 0.019857194274663925, 0.35293981432914734, -0.08496767282485962, 0.0767337903380394, 1.6549830436706543, 0.6560243964195251, 1.3631889820098877, -0.018740687519311905, -0.43096423149108887, 0.44758960604667664, -0.041449397802352905, -0.4538312554359436, 0.8882294297218323, -0.05803152918815613, 0.22891640663146973, 0.06252236664295197, 0.2243776023387909, -6.1927385330200195, 1.7789936065673828, -1.312389850616455, -0.015938926488161087, -0.42052263021469116, 0.40091702342033386, 0.015166163444519043, -0.370045930147171, 0.9191288352012634, 0.13430601358413696, 0.3085295855998993, -0.02087448723614216, 0.015579748898744583, 0.175835520029068, 0.7827196717262268, 1.2348934412002563, 0.002466060221195221, -0.4175649583339691, 0.39940235018730164, -0.1548413783311844, -0.8338512778282166, 0.5192137956619263, 0.10551390051841736, 0.28730711340904236, 0.0713997408747673, -0.05352000519633293, 0.9373865127563477, 1.3355143070220947, 1.5575721263885498, -0.08375892788171768, -0.36722785234451294, 0.4682406485080719, 0.3056494891643524, -0.8800097107887268, 0.3052336573600769, -0.1974681317806244, 0.3227570354938507, -0.20735657215118408, 0.02715892530977726, -0.1642690896987915, -0.5346545577049255, 3.5146584510803223, -1.2390882968902588, -0.08514471352100372, 0.2737564146518707, -0.0010359478183090687, -0.003491158364340663, 0.009119831025600433, -0.8390743136405945, -0.8128249049186707, 0.21312028169631958, 0.03146782144904137, -0.002990936627611518, -0.003838634118437767, -0.9412646889686584, -0.8931862115859985, 0.38405802845954895, 0.025468671694397926, -0.004162861034274101, 0.002186180092394352, -1.1504147052764893, 0.5118955373764038, -0.40501683950424194, -0.0012868614867329597, -0.007569803856313229, -0.007111719343811274, -0.36468005180358887, -2.222641706466675, 0.3782716989517212, 0.01491481438279152, -0.001966742565855384, -0.010970918461680412, -0.3333444893360138, -1.0, 0.08142819255590439, 0.6998493075370789, -1.0, 0.5325624346733093, 0.3307739794254303, -0.029673423618078232, 0.9418485164642334, -1.0, 0.08468757569789886, -0.9056841731071472, 1.0, -1.0, -1.0, 0.240091472864151, 0.1669597625732422, -1.0, 0.007617682218551636, -1.0]
[0.7337378859519958, -1.0000152587890625, -0.02549229934811592, 0.4568176567554474, -0.6831886172294617, -0.5518691539764404, -0.42473068833351135, 0.23320744931697845, -0.6934842467308044, -0.6941918730735779, 0.6307196617126465, -1.000008225440979, -0.014218762516975403, 0.03987114503979683, -0.5858848094940186, 0.7443262338638306, -0.9986720681190491, -0.9728975892066956, -0.8093706965446472, 0.30977290868759155, -0.07576403766870499, -0.9307926893234253, 0.13304801285266876, -0.9931045174598694, -0.3028019964694977, 0.0010320860892534256, 0.5335289835929871, 0.7149081230163574, 1.6822060346603394, 0.25951462984085083, 0.5259563326835632, 0.36895236372947693, 0.9971529245376587, 0.3183353543281555, 0.23364011943340302, 0.00037637134664691985, 1.2821300029754639, 0.28054139018058777, -0.3112037479877472, 0.19566397368907928, -0.004198388662189245, 0.2907504737377167, 0.0649048388004303, -0.9820360541343689, 0.6950191855430603, 0.17877726256847382, -1.035927653312683, -0.009321370162069798, 3.043111801147461, -0.00142062664963305, 0.08216385543346405, 0.08268697559833527, 0.24003970623016357, 0.12642720341682434, 0.04910226911306381, 0.07019094377756119, 0.02615164965391159, 0.011790678836405277, 0.10355652868747711, -0.0035419047344475985, 0.06830216199159622, 0.04237007349729538, 0.015064522624015808, 0.08062940835952759, -0.0062997108325362206, 0.015710843726992607, 0.009511832147836685, -0.1603046953678131, 0.07545531541109085, 0.06655441224575043, 0.02212398871779442, -0.006429667118936777, 0.02129809930920601, -0.4324566423892975, 0.41593536734580994, 0.5723538994789124, 0.36477386951446533, -0.32031089067459106, -0.6608720421791077, 0.2097594439983368, -0.20473308861255646, -0.010606402531266212, 1.2821859121322632, 0.8402886390686035, -1.533436894416809, 0.0, -0.38999998569488525, 0.47999998927116394, -0.554216742515564, -0.40107905864715576, 0.34627652168273926, 0.6419283747673035, 0.0033012228086590767, -0.010232171975076199, 0.05062319338321686, -0.9986599087715149, -0.04210972040891647, -0.4204636812210083, 0.4643806219100952, -0.009157255291938782, -0.258669912815094, 0.9656451940536499, 0.023137805983424187, 0.2160765677690506, 0.3538692593574524, 0.4957008361816406, -13.174761772155762, 2.332158327102661, -0.707606852054596, -0.015745894983410835, -0.43011030554771423, 0.45088186860084534, -0.032223477959632874, -0.3963744342327118, 0.9164077043533325, -0.045230600982904434, 0.144502192735672, 0.16142767667770386, 0.3122793734073639, -8.28697681427002, 1.2024152278900146, -1.2985254526138306, -0.012003269977867603, -0.42060720920562744, 0.4029022455215454, 0.029302584007382393, -0.3313305377960205, 0.9341735243797302, 0.12915563583374023, 0.24725599586963654, 0.08882036805152893, 0.24395883083343506, -7.504694938659668, 2.4957869052886963, 1.7011299133300781, 0.006251743528991938, -0.41637298464775085, 0.39856773614883423, -0.13553892076015472, -0.8343652486801147, 0.5225772857666016, 0.11125040799379349, 0.19617080688476562, 0.056665003299713135, -0.030309585854411125, -0.552118182182312, 2.0818803310394287, 1.6054563522338867, -0.07865187525749207, -0.37152546644210815, 0.4701746702194214, 0.3401699364185333, -0.8536375164985657, 0.32440295815467834, -0.22438839077949524, 0.38827183842658997, -0.24785739183425903, 0.23872950673103333, -4.184384346008301, -3.9768526554107666, 5.903026103973389, 0.7714580297470093, -2.9611527919769287, 0.5547427535057068, 0.08200991898775101, 0.0016915826126933098, -0.007941991090774536, 0.5157845616340637, -0.4124116599559784, 0.03786651790142059, 0.005604504141956568, 0.002053637523204088, 0.001721621723845601, 0.6272875070571899, -0.7181205749511719, 0.3685738146305084, 0.03159826248884201, 0.002394715789705515, -0.0026768806856125593, 0.4274139106273651, -0.17940837144851685, 0.20778542757034302, 0.0068207066506147385, 0.001124325324781239, 0.0003495391574688256, -0.05214419960975647, -1.0129109621047974, -0.6915812492370605, 0.01799379289150238, -0.005595365539193153, -0.008820364251732826, 0.4853200614452362, -0.9692957401275635, 0.8348904848098755, 1.0, 0.8674303293228149, 0.255791574716568, 0.49543729424476624, -0.08973067998886108, 1.0, -1.0, 1.0, -0.9895328879356384, 1.0, -1.0, -0.7465829849243164, -0.2699283957481384, 0.5972380042076111, -0.3390260636806488, -1.0, -1.0]
[0.6908847689628601, -1.000014066696167, 0.114350825548172, 0.5044822692871094, -0.4574740529060364, -0.4961299002170563, -0.40727806091308594, 0.30432644486427307, -0.6705772876739502, -0.6724164485931396, 0.67478346824646, -1.0000176429748535, 0.09231533855199814, 0.06397145241498947, -0.506345272064209, 0.7817903161048889, -1.0000176429748535, -0.8197477459907532, -0.7818597555160522, 0.1670176386833191, 0.05516873300075531, -0.740463376045227, -0.04204288870096207, -0.9943843483924866, -0.061108555644750595, 0.0004718045238405466, 0.6055375933647156, 0.29560765624046326, 2.293928861618042, 0.68519127368927, 0.04530275613069534, 0.6655423045158386, -0.19287939369678497, 0.06505136936903, -0.10419056564569473, 0.000254773476626724, 1.007240891456604, 0.21182416379451752, 0.764129102230072, 0.13712528347969055, 0.0005725805531255901, 2.034278631210327, 0.4801195561885834, -2.1776671409606934, 1.084905982017517, 0.6264024376869202, -1.0903193950653076, -0.012825116515159607, 4.438494682312012, -0.025934092700481415, 0.0754535123705864, -0.09315889328718185, -0.017191285267472267, 0.006086899898946285, 0.12396523356437683, -0.08493056893348694, -0.11954545229673386, -0.060260772705078125, -0.13632814586162567, -0.012661512941122055, 0.01665843464434147, 0.008584951981902122, 0.4977736473083496, 0.15296670794487, 0.28214240074157715, 0.22884301841259003, 0.10367747396230698, -0.18681003153324127, -0.002688311506062746, 0.03873991593718529, 0.1280888319015503, 0.021650031208992004, 0.023869922384619713, -0.4309026002883911, 0.41914379596710205, 0.5651870369911194, 0.39042145013809204, -0.30396392941474915, -0.6601064205169678, 0.17717361450195312, 0.18037903308868408, 0.28446125984191895, 0.38768938183784485, -1.22939133644104, 0.7709711790084839, 0.0, -0.38999998569488525, 0.47999998927116394, 0.09761159867048264, -0.642951250076294, -0.08311405032873154, 0.7551011443138123, 0.7190908789634705, -0.1469130963087082, 0.11710982024669647, -0.6690365672111511, -0.04053996130824089, -0.4163663387298584, 0.46961742639541626, 0.007863436825573444, -0.13233137130737305, 0.9904440641403198, 0.03804117813706398, 0.06474898755550385, 0.5158974528312683, 0.32645121216773987, -16.25474739074707, 3.088881254196167, -1.6123168468475342, -0.014080468565225601, -0.4286271929740906, 0.4548151195049286, -0.030864669010043144, -0.3546217083930969, 0.9333107471466064, -0.047134801745414734, 0.01896081492304802, 0.11183302104473114, 0.2118869572877884, -2.6641604900360107, -0.0630427673459053, -0.11607174575328827, -0.010353273712098598, -0.42034757137298584, 0.4050920307636261, 0.040846459567546844, -0.2825580835342407, 0.9497852325439453, 0.12806399166584015, 0.13352805376052856, 0.07925257086753845, 0.16747859120368958, -5.890181541442871, 1.0335118770599365, 1.6481326818466187, 0.006754077970981598, -0.4184087812900543, 0.4027445316314697, -0.13716745376586914, -0.7905003428459167, 0.5849578976631165, 0.1188214123249054, -0.11178869009017944, -0.2855273485183716, 0.6185165047645569, -13.952714920043945, 2.4275894165039062, -1.7944374084472656, -0.07540321350097656, -0.37449201941490173, 0.47679686546325684, 0.38270658254623413, -0.801913321018219, 0.3885989487171173, -0.24384717643260956, 0.18125692009925842, -0.1557786911725998, 0.6540000438690186, -11.38209056854248, -4.121555805206299, 4.917574882507324, 0.9802427291870117, 0.08533582836389542, -0.3865779638290405, 0.007366937585175037, 0.001790544018149376, -0.006484457291662693, 1.1867821216583252, 1.4435399770736694, -0.41459593176841736, -0.03860766813158989, 0.004195298068225384, -0.008908484131097794, -0.5387222170829773, -0.05494438856840134, 0.0867343544960022, 0.007760785985738039, 0.004990412853658199, 0.019834287464618683, 0.9477777481079102, -3.1280996799468994, 0.7534065842628479, 0.056755971163511276, 0.00892175454646349, 0.022577345371246338, 0.4543868899345398, -0.7705351710319519, -2.1798150539398193, 0.019665351137518883, 0.014379839412868023, -0.010022209025919437, 1.0, -1.0, 1.0, 0.5988293290138245, 1.0, -0.523549497127533, 0.4353961646556854, -1.0, 1.0, -1.0, 1.0, 1.0, 1.0, -1.0, 0.7633040547370911, -1.0, 1.0, 1.0, -1.0, -1.0]
[0.6739150285720825, -0.9926333427429199, 0.17205049097537994, 0.5115639567375183, -0.3396012485027313, -0.43588775396347046, -0.435026079416275, 0.31762081384658813, -0.7061669230461121, -0.6760241389274597, 0.6885834336280823, -0.9894728064537048, 0.10753011703491211, 0.0881534144282341, -0.4944175183773041, 0.8013595938682556, -0.9988813400268555, -0.7278048992156982, -0.7363625168800354, -0.00864056684076786, 0.11672062426805496, -0.5973278880119324, -0.04955859109759331, -0.996338427066803, -0.05230903625488281, 0.07147252559661865, 0.04044348746538162, -0.07357930392026901, 0.4209488332271576, 0.40449127554893494, -0.17588673532009125, -0.14438673853874207, -0.4081408977508545, -0.09569879621267319, 0.030156880617141724, 0.01068879570811987, -0.29523175954818726, 0.11393699795007706, -0.20855370163917542, 0.09215801954269409, 0.034477438777685165, 0.24588178098201752, 0.2629956901073456, -2.170647382736206, 0.0838233157992363, 0.19743986427783966, 0.5133406519889832, -0.017050517722964287, 0.5510675311088562, 0.34416288137435913, -0.040890056639909744, -0.08458178490400314, -0.20099951326847076, -0.09695366024971008, -0.006078718695789576, -0.17258064448833466, -0.08954530954360962, -0.03801776468753815, -0.063489630818367, -0.11734665930271149, -0.13058888912200928, -0.0603240542113781, -0.15002188086509705, 0.051917195320129395, -0.06052783876657486, -0.14751777052879333, -0.07481566071510315, 0.050974756479263306, -0.3126959502696991, -0.20881570875644684, 0.13158881664276123, 0.046388864517211914, 0.02527153678238392, -0.42887234687805176, 0.42294809222221375, 0.6035005450248718, 0.37609562277793884, -0.35937830805778503, -0.6043065786361694, 0.08291953057050705, 0.11845619976520538, 0.16792088747024536, -2.231653928756714, 0.21489813923835754, 0.5894259810447693, 0.0, -0.38999998569488525, 0.47999998927116394, 0.09761159867048264, -0.642951250076294, -0.08311405032873154, 0.7551011443138123, 0.777012825012207, -0.11962928622961044, 0.10313938558101654, -0.6093457341194153, -0.03977059945464134, -0.41452285647392273, 0.4718061685562134, 0.01675114594399929, -0.0578865185379982, 0.9972634315490723, 0.04282716289162636, 0.052235476672649384, 0.07832419872283936, 0.04708271846175194, -4.092851161956787, 0.49161261320114136, 0.29173171520233154, -0.012872590683400631, -0.42891544103622437, 0.455530047416687, -0.030749820172786713, -0.361989289522171, 0.9300766587257385, -0.054548196494579315, 0.09169232845306396, -0.09427015483379364, -0.06389253586530685, 2.8393726348876953, -0.3088352680206299, 1.2411938905715942, -0.009688591584563255, -0.42086783051490784, 0.40648823976516724, 0.04485310986638069, -0.2616006135940552, 0.9557353258132935, 0.12697681784629822, 0.0265743900090456, -0.041965026408433914, 0.011215031147003174, 0.47090470790863037, -0.07078102976083755, 0.026154298335313797, 0.0068620918318629265, -0.4194607138633728, 0.4052613377571106, -0.1316036432981491, -0.755403995513916, 0.6292263269424438, 0.12696242332458496, 0.026723530143499374, -0.004584003705531359, 0.07374470680952072, -2.1870956420898438, 1.8621854782104492, 0.4973721504211426, -0.07812011241912842, -0.3724114000797272, 0.4839986264705658, 0.37574487924575806, -0.7625685930252075, 0.4761487543582916, -0.22491633892059326, -0.3449333906173706, 0.12007789313793182, 0.4793909788131714, -10.216169357299805, -3.8144776821136475, -6.313432693481445, 0.0815233439207077, 2.311811923980713, -0.7507616281509399, -0.06227647513151169, 0.0058572785928845406, 0.008752405643463135, 0.05714656785130501, 1.1833373308181763, -0.33368200063705444, -0.020267710089683533, 0.00043077513691969216, 0.0027259301859885454, -0.2926507294178009, 1.1723949909210205, -1.0705618858337402, -0.04273812845349312, 0.0017987495521083474, 0.006833220832049847, 0.22856704890727997, 1.874887466430664, -0.2423492670059204, -0.046692345291376114, -0.0005318089970387518, -0.009036521427333355, 0.9835911989212036, 2.9185705184936523, -1.616385579109192, -0.0011751961428672075, 0.03065142035484314, 0.030803821980953217, 0.6813544631004333, -1.0, -0.006337262690067291, 0.3490638732910156, -0.5041638016700745, -0.8944452404975891, 0.009174459613859653, -1.0, 1.0, -1.0, -0.2971975803375244, -1.0, 1.0, -1.0, -0.9025650024414062, -1.0, -0.12968797981739044, -0.5529670119285583, 0.8615415096282959, -1.0]
[0.6679828763008118, -0.9837293028831482, 0.1572805792093277, 0.48764756321907043, -0.3212302029132843, -0.40729543566703796, -0.4580206573009491, 0.29444336891174316, -0.7508869767189026, -0.6891483068466187, 0.6842394471168518, -0.9984146952629089, 0.06358020752668381, 0.08410181105136871, -0.5571333765983582, 0.8113428354263306, -0.9967440962791443, -0.7262154221534729, -0.7245103716850281, -0.14196595549583435, 0.0852743461728096, -0.545404314994812, 0.07708834111690521, -0.9974120259284973, 0.0023100038524717093, 0.048550404608249664, -0.11382640898227692, -0.30475810170173645, 0.03400039300322533, 0.15249142050743103, -0.07693187147378922, -0.25656017661094666, -0.41601401567459106, -0.13619402050971985, -0.07764150947332382, -0.11974474042654037, -0.4624578058719635, -0.1155773401260376, -0.33217093348503113, 0.0017381472280249, 0.011577012948691845, -0.10788094997406006, 0.018524499610066414, -1.3602192401885986, -0.4089524447917938, 0.08080797642469406, 0.9187611937522888, -0.006242419593036175, 1.2657256126403809, -0.4516012966632843, 0.0008639533189125359, -0.07422834634780884, -0.055534638464450836, -0.030542805790901184, 0.016269022598862648, -0.04872625321149826, -0.016705770045518875, -0.006351111456751823, -0.02467883937060833, -0.0439157672226429, -0.022402340546250343, -0.011875966563820839, -0.06839556992053986, -0.01042476762086153, -0.07171106338500977, -0.054150450974702835, -0.027371728792786598, 0.15640008449554443, -0.17679966986179352, -0.10361464321613312, -0.04134261980652809, -0.002058942336589098, 0.026332279667258263, -0.42675524950027466, 0.4242551326751709, 0.6377543210983276, 0.3643184304237366, -0.3954991400241852, -0.5514723062515259, 0.05485793203115463, 0.12838272750377655, 0.0475638248026371, -1.614439845085144, -0.11686283349990845, 0.4810258448123932, 0.0, -0.38999998569488525, 0.47999998927116394, 0.09761159867048264, -0.642951250076294, -0.08311405032873154, 0.7551011443138123, 0.8199657201766968, -0.093873530626297, 0.10112972557544708, -0.5555326342582703, -0.03947512060403824, -0.4151836931705475, 0.4716666340827942, 0.015623755753040314, -0.04617859423160553, 0.9980204105377197, 0.039731670171022415, -0.007240962237119675, -0.06972216814756393, -0.04846055433154106, 0.3332323133945465, -0.4044243395328522, 0.4035601019859314, -0.012035642750561237, -0.4300587773323059, 0.4543975293636322, -0.02952881157398224, -0.3888615667819977, 0.9188506007194519, -0.060235172510147095, 0.036668747663497925, -0.10727886855602264, -0.13127684593200684, 3.7568135261535645, 0.11657562851905823, 0.6902949213981628, -0.009491982869803905, -0.4212963283061981, 0.40591374039649963, 0.04172435402870178, -0.2803678810596466, 0.9506042003631592, 0.12650920450687408, -0.007151246070861816, -0.05713469162583351, -0.08834492415189743, 3.1110873222351074, -1.00271475315094, -0.24326114356517792, 0.0072684320621192455, -0.4191420078277588, 0.4048078954219818, -0.12029474228620529, -0.754319965839386, 0.6319409012794495, 0.13107731938362122, 0.031174585223197937, 0.03023047372698784, -0.0737178698182106, 1.1025078296661377, 0.8927358388900757, 0.8416312336921692, -0.08357024192810059, -0.3675931394100189, 0.48651689291000366, 0.3254988193511963, -0.7467911839485168, 0.5461087822914124, -0.19523972272872925, -0.39515963196754456, 0.2017134428024292, 0.12367626279592514, -5.323318958282471, -3.7280120849609375, -7.961128234863281, 0.23742720484733582, 0.6435543894767761, -0.46317553520202637, -0.020889488980174065, 0.0016646668082103133, 0.0007864402141422033, 0.24428652226924896, 0.20936936140060425, -0.21426810324192047, -0.003210571128875017, 0.0011387852719053626, 0.0006389595801010728, -0.0777696743607521, 0.22307643294334412, -0.2955598831176758, -0.008529819548130035, 0.0013239274267107248, 0.004301701672375202, -0.06617401540279388, 0.7811762094497681, -0.09147410094738007, -0.015654083341360092, -0.0029628677293658257, -0.0005373751046136022, 0.029452553018927574, 2.0169312953948975, 0.6311554312705994, -0.016634486615657806, -0.0025301778223365545, 0.01477430947124958, 0.769845724105835, -1.0, -0.056165896356105804, 0.24470877647399902, -0.37768203020095825, -0.8896146416664124, 0.037233464419841766, -1.0, 1.0, -1.0, -0.2605321705341339, -1.0, 1.0, -1.0, -0.8475813865661621, -0.6335604190826416, -0.3990919888019562, -0.5207454562187195, 1.0, -1.0]
[0.679006040096283, -0.9808288812637329, 0.14417189359664917, 0.457881361246109, -0.3209768831729889, -0.4008523225784302, -0.4582768380641937, 0.2797955870628357, -0.7928621172904968, -0.7036795616149902, 0.6776479482650757, -1.0000057220458984, 0.028526002541184425, 0.07124830782413483, -0.6250433921813965, 0.8221485614776611, -0.9964051842689514, -0.7547014951705933, -0.7288427352905273, -0.22386051714420319, 0.0009553327108733356, -0.539398729801178, 0.19869811832904816, -0.9975912570953369, 0.07067584246397018, 0.003020045580342412, -0.0217776820063591, -0.26070237159729004, -0.0146448640152812, 0.01569201610982418, 0.03569320961833, -0.040886618196964264, -0.3723568022251129, -0.13362284004688263, 0.004667820408940315, 2.987317566294223e-05, -0.24739442765712738, -0.10577098280191422, -0.29716846346855164, 0.07889185100793839, 0.0036006418522447348, -0.3426666855812073, -0.084602490067482, -0.8151072859764099, -0.725416362285614, -0.028292063623666763, 0.6561840772628784, -0.0007049315026961267, 1.5602344274520874, -0.4899888038635254, 0.024884825572371483, -9.7684096544981e-05, 0.0003688501310534775, -0.0026026051491498947, 0.04716105759143829, 0.0698775053024292, 0.037265703082084656, 0.014554881490767002, 0.07523582130670547, -0.03473680093884468, 0.004274608567357063, 0.005463230889290571, 0.007035917602479458, 0.09063750505447388, -0.012043768540024757, -0.020812813192605972, -0.011893508955836296, 0.07295922935009003, -0.11966101080179214, -0.07049056142568588, -0.06174959987401962, -0.01525223720818758, 0.026406053453683853, -0.42439717054367065, 0.4248899221420288, 0.6643086671829224, 0.34910720586776733, -0.42890360951423645, -0.5028517246246338, -0.022988134995102882, 0.1592038869857788, 0.05871419981122017, -1.651190996170044, 0.22289443016052246, 0.38484078645706177, 0.0, -0.38999998569488525, 0.47999998927116394, 0.09761159867048264, -0.642951250076294, -0.08311405032873154, 0.7551011443138123, 0.8554841876029968, -0.07304530590772629, 0.09553533792495728, -0.5036707520484924, -0.04007750749588013, -0.416042685508728, 0.4706340730190277, 0.01381345558911562, -0.054363131523132324, 0.997633159160614, 0.03977270796895027, -0.06405888497829437, -0.06000765785574913, -0.07143748551607132, 1.2759463787078857, -0.16737160086631775, -0.30998918414115906, -0.012431238777935505, -0.43077245354652405, 0.4531867802143097, -0.028482157737016678, -0.4135552942752838, 0.9080849885940552, -0.05951716750860214, -0.058701205998659134, -0.049201324582099915, -0.08354943990707397, 2.698981523513794, 0.3493017554283142, -0.21312737464904785, -0.010059082880616188, -0.4214836061000824, 0.40537184476852417, 0.03823293745517731, -0.29807719588279724, 0.9451584815979004, 0.12792061269283295, -0.07508513331413269, -0.02113945595920086, -0.0427778922021389, 1.6889328956604004, -0.36848127841949463, -0.6314615607261658, 0.006855978164821863, -0.41820186376571655, 0.403175413608551, -0.11245723813772202, -0.7660829424858093, 0.6182205080986023, 0.13518038392066956, -0.06320913881063461, 0.07674673199653625, -0.14861847460269928, 2.9146337509155273, 0.4122307002544403, -0.041553109884262085, -0.08836205303668976, -0.3629574775695801, 0.4846646189689636, 0.2669420838356018, -0.7451809048652649, 0.5838687419891357, -0.1804010272026062, -0.3182903528213501, 0.19962631165981293, -0.1450178623199463, -1.0728262662887573, -4.215982437133789, -6.332589149475098, 0.30786943435668945, -0.04535093158483505, -0.11822065711021423, -0.003282869001850486, -0.0009044785983860493, -0.003333853557705879, 0.43062999844551086, -0.5060532689094543, -0.00542541453614831, 0.006964081432670355, 0.001860637217760086, -0.003451093565672636, 0.4392938017845154, -0.07289727032184601, -0.11283576488494873, 0.00436977157369256, 0.0004931270959787071, -0.0037446701899170876, 0.5143730640411377, 0.29786017537117004, 0.05771215632557869, -0.007425605319440365, 0.004265223629772663, 0.00034817674895748496, -0.2297177016735077, 1.333930253982544, 0.7847773432731628, -0.012582116760313511, -0.011576751247048378, 0.00891830399632454, 0.9309542775154114, -1.0, 0.15772128105163574, 0.3073843717575073, -0.3381101191043854, -1.0, 0.20523230731487274, -1.0, 1.0, -1.0, -0.07168562710285187, -0.9676565527915955, 1.0, -1.0, -1.0, -0.504288911819458, -0.6692102551460266, -0.7304771542549133, 0.7063677310943604, -1.0]
[0.7048066258430481, -0.9828388690948486, 0.14761576056480408, 0.4415147006511688, -0.31759199500083923, -0.3999137878417969, -0.4705948531627655, 0.28140532970428467, -0.8289230465888977, -0.7168568968772888, 0.667664647102356, -1.0000027418136597, 0.00509109441190958, 0.061940647661685944, -0.6734182834625244, 0.8368273377418518, -0.993666410446167, -0.7919434905052185, -0.7399550676345825, -0.27074915170669556, -0.10131862759590149, -0.555392861366272, 0.27598869800567627, -0.9975283741950989, 0.11064833402633667, -0.02726592682301998, 0.03376355022192001, -0.09076328575611115, 0.056809451431035995, 0.012240447103977203, -0.0735824778676033, 0.02264539711177349, -0.3101327121257782, -0.11438319832086563, -0.019828328862786293, 3.2264240871882066e-05, -0.19321560859680176, -0.07613583654165268, -0.06328880041837692, 0.002669901354238391, 0.10134555399417877, -0.35440120100975037, -0.11627938598394394, -0.4468386173248291, -0.7455450892448425, -0.04838301241397858, 0.3786008059978485, -1.5260535292327404e-05, 0.7069286108016968, -0.41470128297805786, 0.012231905944645405, 0.03314835578203201, 0.021744385361671448, 0.008779036812484264, -0.0001419857726432383, -0.018288955092430115, 0.000854470650665462, 0.0018774757627397776, 0.02594604343175888, -0.026742899790406227, -0.0023783089127391577, 0.00150058523286134, 0.1857208013534546, -0.022518854588270187, 0.17539851367473602, 0.06433629244565964, 0.02055986039340496, 0.04952550679445267, -0.008259017020463943, -0.005865260027348995, -0.04980647563934326, -0.013578804209828377, 0.026005756109952927, -0.42163699865341187, 0.42515772581100464, 0.6874637007713318, 0.31796473264694214, -0.4699651598930359, -0.4532378911972046, -0.04018431901931763, 0.1752990186214447, 0.0005519618280231953, -1.6905726194381714, 0.4077683389186859, 0.2991463541984558, 0.0, -0.38999998569488525, 0.47999998927116394, 0.09761159867048264, -0.642951250076294, -0.08311405032873154, 0.7551011443138123, 0.8919378519058228, -0.06257814913988113, 0.08050106465816498, -0.4405111074447632, -0.0414547398686409, -0.4161488115787506, 0.46982184052467346, 0.01373651809990406, -0.059738658368587494, 0.9971332550048828, 0.04435979574918747, -0.09303800016641617, 0.009813670068979263, -0.038743678480386734, 0.24890829622745514, 0.08956337720155716, -0.6874613761901855, -0.01362243015319109, -0.43089526891708374, 0.4524881839752197, -0.029676824808120728, -0.43080154061317444, 0.9000616669654846, -0.05846540257334709, -0.081627756357193, -0.020277438685297966, -0.07004325836896896, 2.118306875228882, -0.081721730530262, -0.06253346800804138, -0.011266004294157028, -0.4213849604129791, 0.4047311842441559, 0.034750863909721375, -0.3109642565250397, 0.9407666325569153, 0.1305820345878601, -0.09954981505870819, -0.002599210012704134, -0.05546839162707329, 1.430370569229126, -0.3714040517807007, -0.6743475198745728, 0.005481853615492582, -0.41719815135002136, 0.4015519917011261, -0.11055512726306915, -0.7799026370048523, 0.5998898148536682, 0.14021950960159302, -0.09358188509941101, 0.031688135117292404, -0.07241019606590271, 2.0571866035461426, -0.43425455689430237, -0.565290093421936, -0.09188076108694077, -0.35922011733055115, 0.48079270124435425, 0.21561940014362335, -0.7502726912498474, 0.598511815071106, -0.17995218932628632, -0.21709194779396057, 0.16812144219875336, -0.2333788275718689, 0.8799619674682617, -3.706206798553467, -4.247479438781738, 0.13516873121261597, -0.2928095757961273, 0.06463196873664856, 0.0043868934735655785, -0.0005231981631368399, -0.0016494367737323046, 0.07287922501564026, -0.013533351011574268, -0.11275380849838257, 0.0016744753811508417, 0.00032505468698218465, 0.001752678770571947, 0.1537913680076599, -0.012843851931393147, -0.12370041012763977, 0.001307927304878831, 0.00019341747974976897, -0.0010570394806563854, -0.05369516462087631, -0.9259473085403442, 0.35218656063079834, 0.0066706519573926926, 0.0013920345809310675, 0.01116272620856762, -0.25071626901626587, 0.27235734462738037, 0.6464752554893494, -0.008184644393622875, -0.009567342698574066, -0.0003301461401861161, 0.9321269989013672, -1.0, 0.21874257922172546, 0.4232245683670044, -0.26818743348121643, -1.0, 0.2542175352573395, -1.0, 1.0, -1.0, -0.09344042837619781, -0.9283778071403503, 1.0, -1.0, -1.0, -0.41349732875823975, -0.6891414523124695, -0.689367413520813, 0.532629132270813, -1.0]
[0.7367995977401733, -0.9872187972068787, 0.15885798633098602, 0.429452508687973, -0.31398990750312805, -0.39828819036483765, -0.4722767472267151, 0.2826016843318939, -0.8586912155151367, -0.7278465032577515, 0.6733993291854858, -1.0000032186508179, 0.0016153579344972968, 0.05719549581408501, -0.6860135197639465, 0.8360795378684998, -0.9846972227096558, -0.8269937634468079, -0.752113401889801, -0.2994947135448456, -0.19428226351737976, -0.5775770545005798, 0.32178229093551636, -0.9975722432136536, 0.1272486448287964, -0.031018877401947975, 0.05280037596821785, -0.12351617962121964, 0.02034340798854828, 0.017785632982850075, 0.006793932523578405, 0.012297826819121838, -0.25665226578712463, -0.09483619779348373, -0.0017730307299643755, 5.603613317362033e-05, 0.056861668825149536, -0.010967199690639973, -0.03783184289932251, 0.009218847379088402, 0.08482211828231812, -0.30867907404899597, -0.1105630174279213, -0.3025857210159302, -0.6278764009475708, -0.058310624212026596, 0.22981829941272736, -0.0013754426036030054, 0.37714439630508423, -0.036076102405786514, 0.005173889920115471, -0.0073787374421954155, -0.0053913709707558155, -0.0018355356296524405, 0.00865679420530796, 0.0040370989590883255, 0.0073768375441432, 0.0037242730613797903, -0.019111596047878265, -0.003641960211098194, 0.015374209731817245, 0.00940241850912571, 0.01933044008910656, 0.027203738689422607, 0.0066833095625042915, 0.007086818106472492, 0.0030640391632914543, 0.014649181626737118, 0.05580783262848854, 0.026697732508182526, -0.02126430720090866, -0.006630199961364269, 0.025263987481594086, -0.4185742139816284, 0.42468446493148804, 0.7036986351013184, 0.2793576419353485, -0.5128716230392456, -0.40463584661483765, -0.03910103440284729, 0.18535220623016357, -0.033681053668260574, -1.728232979774475, 0.6218786239624023, 0.24319906532764435, 0.0, -0.38999998569488525, 0.47999998927116394, 0.09761159867048264, -0.642951250076294, -0.08311405032873154, 0.7551011443138123, 0.9238308072090149, -0.057642899453639984, 0.058811597526073456, -0.3738383650779724, -0.04317459464073181, -0.41597944498062134, 0.4690125584602356, 0.014443536289036274, -0.06380962580442429, 0.9965546727180481, 0.05097554624080658, -0.10934919863939285, -6.866610783617944e-05, -0.05333204194903374, 0.5889670252799988, 0.1171298399567604, -0.8547323346138, -0.015291093848645687, -0.43087467551231384, 0.4516594707965851, -0.031204024329781532, -0.4457257091999054, 0.8929515480995178, -0.054703209549188614, -0.11329599469900131, -0.012664621695876122, -0.06911709904670715, 1.8385576009750366, 0.13092821836471558, -0.4850073456764221, -0.013048700988292694, -0.4210171401500702, 0.4043404459953308, 0.03321370482444763, -0.3153707981109619, 0.9385449290275574, 0.1362772285938263, -0.10746770352125168, 0.023068010807037354, -0.012869561091065407, -0.06639968603849411, 0.036377135664224625, -0.5957724452018738, 0.003947002347558737, -0.4168129563331604, 0.4007740914821625, -0.11433715373277664, -0.7898488640785217, 0.5855647325515747, 0.14205512404441833, -0.11040429770946503, 0.03198191151022911, -0.06503436714410782, 1.83701491355896, -0.44902247190475464, -0.7255957126617432, -0.09436196088790894, -0.3561879098415375, 0.476819783449173, 0.17470669746398926, -0.7563248872756958, 0.6026730537414551, -0.1850280463695526, -0.158328577876091, 0.14931975305080414, -0.21724620461463928, 1.1661149263381958, -3.109577178955078, -3.079270839691162, 0.06955975294113159, 0.04475908353924751, -0.04923241212964058, -0.0011641494929790497, -0.00010728173947427422, -0.0006407945184037089, 0.0839855968952179, -0.09499133378267288, -0.0025266059674322605, 0.0022994033060967922, 0.0003798319958150387, -0.00043493887642398477, -0.08638184517621994, -0.16882333159446716, 0.07069002091884613, 0.006870069075375795, 0.0003290915919933468, 0.002177658723667264, 0.1516040861606598, -0.08876128494739532, 0.04214770719408989, 0.001732619828544557, 0.0015421577263623476, 0.0006069330265745521, -0.13181813061237335, -0.29723596572875977, 0.2645002603530884, -0.002757522976025939, -0.004521110560745001, -0.003616647096350789, 0.946995735168457, -1.0, 0.23917829990386963, 0.3479422330856323, -0.30923736095428467, -1.0, 0.28455910086631775, -1.0, 1.0, -1.0, 0.08521293103694916, -0.9302908778190613, 1.0, -1.0, -1.0, -0.4132002890110016, -0.64472895860672, -0.704867959022522, 0.484511137008667, -1.0]
[0.7712846398353577, -0.9923595786094666, 0.17065590620040894, 0.42108917236328125, -0.31170549988746643, -0.39608466625213623, -0.47409895062446594, 0.2866189777851105, -0.8833954334259033, -0.7369951009750366, 0.6744515895843506, -0.9999997615814209, 0.011504113674163818, 0.058625321835279465, -0.6935991048812866, 0.8358164429664612, -0.9791836738586426, -0.8572089672088623, -0.762993335723877, -0.31835874915122986, -0.2716119885444641, -0.5948548913002014, 0.35103580355644226, -0.99773770570755, 0.12863531708717346, -0.03757524862885475, 0.04631057009100914, -0.05242301896214485, 0.02190585434436798, 0.023642590269446373, -0.004941192921251059, 0.040396448224782944, -0.21224260330200195, -0.07865208387374878, 0.01263913232833147, 2.8720807677018456e-05, 0.11280596256256104, 0.02866227738559246, -0.0029049867298454046, 0.0059272050857543945, 0.05240444466471672, -0.26545485854148865, -0.09697430580854416, -0.19405560195446014, -0.5175990462303162, -0.034374166280031204, 0.1533375233411789, -0.002043785061687231, -0.10621052980422974, -0.13929621875286102, -0.0026561811100691557, 0.014260080642998219, 0.0069686914794147015, 0.0028155012987554073, 0.00011823500244645402, -0.009397453628480434, 0.0015581839252263308, 0.0016191665781661868, 0.0018297124188393354, -0.008346066810190678, 0.0014477543300017715, 0.002241802867501974, 0.037579044699668884, 0.0076937321573495865, 0.027079544961452484, 0.013864459469914436, 0.005323456134647131, 0.01881946437060833, 0.04865314066410065, 0.02658679336309433, -0.017392801120877266, -0.004849546123296022, 0.024573015049099922, -0.416036993265152, 0.42396917939186096, 0.7128155827522278, 0.23374038934707642, -0.5587621927261353, -0.3536156415939331, -0.04990095645189285, 0.11687764525413513, -0.020138289779424667, -1.755523920059204, 0.7926292419433594, 0.2812484800815582, 0.0, -0.38999998569488525, 0.47999998927116394, 0.09761159867048264, -0.642951250076294, -0.08311405032873154, 0.7551011443138123, 0.9514488577842712, -0.055563271045684814, 0.029809094965457916, -0.3012791574001312, -0.04501095786690712, -0.41564714908599854, 0.46828746795654297, 0.015200751833617687, -0.06696221977472305, 0.9959501624107361, 0.058035656809806824, -0.10767103731632233, 0.021945854648947716, -0.03742062672972679, 0.23158888518810272, 0.13005177676677704, -0.8227952122688293, -0.01712469942867756, -0.4307001829147339, 0.4509959816932678, -0.033270057290792465, -0.4573175311088562, 0.887241542339325, -0.0505576990544796, -0.11513762176036835, 0.0003896208363585174, -0.05496256798505783, 1.4296094179153442, 0.04523604363203049, -0.49217137694358826, -0.014808638952672482, -0.4205852746963501, 0.404134064912796, 0.03231556713581085, -0.31281253695487976, 0.9386879801750183, 0.14131078124046326, -0.10901842266321182, 0.033722467720508575, -0.005756997037678957, -0.4880034923553467, 0.20003245770931244, -0.5866510272026062, 0.0022796615958213806, -0.41636326909065247, 0.3999711573123932, -0.11920545995235443, -0.7986927628517151, 0.5719701647758484, 0.1439792513847351, -0.11105198413133621, 0.0346796028316021, -0.06242499127984047, 1.6429067850112915, -0.5381017923355103, -0.8058546781539917, -0.09620171040296555, -0.3536059260368347, 0.4733808934688568, 0.14253053069114685, -0.7615733742713928, 0.6028028726577759, -0.19057700037956238, -0.1182369813323021, 0.13061945140361786, -0.18873688578605652, 1.1838066577911377, -2.433629274368286, -2.295924186706543, -0.030004210770130157, -0.09119623154401779, 0.036191124469041824, 0.0014475580537691712, 6.890155782457441e-05, 0.00033855478977784514, -0.009730660356581211, -0.013983453623950481, -0.030211826786398888, 0.0014094146899878979, 2.468572711222805e-05, -0.0002885422436520457, 0.0025497644674032927, -0.043353401124477386, -0.03243017941713333, 0.001591501641087234, -0.0001963807881111279, -0.000390967121347785, 0.050817228853702545, -0.19802981615066528, 0.0383356474339962, 0.0023530086036771536, 0.0012411486823111773, 0.0021391669288277626, -0.12139946222305298, -0.3112405240535736, 0.23641225695610046, -0.001996885519474745, -0.002907155081629753, -0.003884208621457219, 0.9630134105682373, -1.0, 0.23028802871704102, 0.40478670597076416, -0.29740187525749207, -1.0, 0.31004777550697327, -1.0, 1.0, -1.0, 0.08949513733386993, -0.888812780380249, 1.0, -1.0, -1.0, -0.3890587389469147, -0.6372230648994446, -0.644228994846344, 0.4651735723018646, -1.0]
[0.802516758441925, -0.997449517250061, 0.17872901260852814, 0.4179863929748535, -0.31548407673835754, -0.39514875411987305, -0.47422081232070923, 0.28968775272369385, -0.903712272644043, -0.7445153594017029, 0.6752548813819885, -0.9984449744224548, 0.02648995816707611, 0.06274741888046265, -0.6947223544120789, 0.836108386516571, -0.9772801399230957, -0.8827756643295288, -0.7723858952522278, -0.32211270928382874, -0.3228568136692047, -0.6041519641876221, 0.3782782256603241, -0.9979465007781982, 0.10714137554168701, -0.031007936224341393, 0.026210177689790726, -0.01687673293054104, -0.0648333728313446, -0.00897276122123003, 0.011045921593904495, 0.021931566298007965, -0.17480753362178802, -0.0646263062953949, 0.006723356898874044, 0.018522024154663086, 0.15194480121135712, 0.04633108153939247, 0.004704327788203955, 0.0020452209282666445, 0.010693238116800785, -0.21909001469612122, -0.08155658096075058, 0.03263655677437782, -0.28658002614974976, -0.01515138428658247, 0.17424170672893524, -0.002142492216080427, -0.5781171321868896, 0.07657702267169952, -0.009227819740772247, 0.010793367400765419, -0.0018467428162693977, -0.0025593212340027094, -0.0059372116811573505, -0.005146944895386696, 0.0017701445613056421, 0.0013648925814777613, -0.013168863952159882, 0.004652759060263634, 0.003902580589056015, 0.001923303585499525, 0.010881487280130386, -0.018485676497220993, 0.0035390642005950212, 0.005874346010386944, 0.0029107029549777508, 0.03885583207011223, 0.09283950924873352, 0.047365956008434296, -0.02066880464553833, -0.004604007583111525, 0.02384626865386963, -0.4145539402961731, 0.42307576537132263, 0.7059974074363708, 0.2186584323644638, -0.5907442569732666, -0.323693186044693, -0.03776661679148674, 0.07518289983272552, -0.05732947587966919, -0.4967603385448456, 0.5473839640617371, 0.50691157579422, 0.0, -0.38999998569488525, 0.47999998927116394, 0.09761159867048264, -0.642951250076294, -0.08311405032873154, 0.7551011443138123, 0.9626889824867249, -0.044024527072906494, 0.0022904325742274523, -0.2669951021671295, -0.04664744436740875, -0.4152783453464508, 0.46772414445877075, 0.01552730891853571, -0.07089651376008987, 0.9953027963638306, 0.06406897306442261, -0.09014449268579483, 0.009764453396201134, -0.03046305850148201, 0.6108267307281494, 0.015652060508728027, -0.6542314887046814, -0.018802206963300705, -0.4305034577846527, 0.45036187767982483, -0.035242702811956406, -0.4670827090740204, 0.8822829723358154, -0.04656572267413139, -0.0983637124300003, 0.00012340703688096255, -0.05034766346216202, 1.237121820449829, 0.07636404037475586, -0.46280497312545776, -0.016367239877581596, -0.42017874121665955, 0.40410175919532776, 0.03212318569421768, -0.3067752420902252, 0.9400137662887573, 0.1457088142633438, -0.08543988317251205, 0.032561492174863815, 0.01198585145175457, -0.879745364189148, 0.2845606505870819, -0.3994233310222626, 0.000761896837502718, -0.4159022569656372, 0.3992209732532501, -0.1246991902589798, -0.8063739538192749, 0.5595335960388184, 0.1453724205493927, -0.08937588334083557, 0.03597365692257881, -0.061090871691703796, 1.4847646951675415, -0.5482778549194336, -0.6942931413650513, -0.09746284782886505, -0.3516668677330017, 0.47107750177383423, 0.12133048474788666, -0.7675747275352478, 0.5993976593017578, -0.19191238284111023, -0.07981113344430923, 0.09099076688289642, -0.11516512930393219, 1.2318178415298462, -0.8847908973693848, -1.5536493062973022, -0.12154959887266159, 0.04819606989622116, 0.04376363009214401, -0.0018363801063969731, 0.00014422237291000783, 0.0010723526356741786, -0.09188687801361084, -0.012215771712362766, 0.02438473515212536, 0.0011816557962447405, -0.00032137177186086774, -0.0006132509442977607, -0.0897819921374321, -0.05145363137125969, 0.03139064460992813, 0.0011514992220327258, -0.0004049342533107847, 8.543113654013723e-05, -0.0999053493142128, -0.08369871228933334, -0.027237288653850555, 0.001655222149565816, -0.0003269617445766926, 0.00045468559255823493, -0.16250625252723694, -0.6089273691177368, 0.3134235739707947, -0.0030090282671153545, -0.0020039083901792765, -0.006670632865279913, 0.9082031846046448, -1.0, 0.20379987359046936, 0.41411715745925903, -0.36897069215774536, -1.0, 0.31134068965911865, -1.0, 1.0, -1.0, 0.12385343015193939, -0.7931199669837952, 1.0, -1.0, -1.0, -0.27460113167762756, -0.4741602838039398, -0.5999348759651184, 0.5356765985488892, -1.0]
[0.8320872783660889, -1.0000011920928955, 0.19807255268096924, 0.41751623153686523, -0.3470398783683777, -0.40079694986343384, -0.4724337160587311, 0.2934795320034027, -0.9206412434577942, -0.7507820725440979, 0.6759456992149353, -0.9946586489677429, 0.028493525460362434, 0.06579115986824036, -0.6882426142692566, 0.836542546749115, -0.9800987243652344, -0.903997540473938, -0.7802416086196899, -0.293616384267807, -0.35092684626579285, -0.6230645775794983, 0.3943616449832916, -0.9980703592300415, 0.11213134974241257, -1.631503073440399e-05, 0.10766702890396118, -0.0013337250566110015, -0.4112134873867035, -0.09994802623987198, 0.008066690526902676, 0.05698039010167122, -0.14694522321224213, -0.05470464378595352, 0.008907955139875412, 0.018350739032030106, -0.051510389894247055, 0.004932020790874958, 0.04127482697367668, 0.0029063106048852205, -0.04152601584792137, -0.1818566918373108, -0.06806766241788864, 0.520908534526825, -0.15676814317703247, -0.062437672168016434, 0.057494331151247025, -0.0012713008327409625, -0.023212676867842674, 0.7107471227645874, 0.006591468118131161, 0.028541557490825653, -0.014729753136634827, -0.011221892200410366, 0.0011679616291075945, 0.05811925232410431, 0.02526446431875229, 0.009117228910326958, 0.009668130427598953, 0.015755027532577515, -0.012559541501104832, -0.00869306642562151, 0.06837557256221771, -0.0037213885225355625, 0.03562559932470322, 0.015201740898191929, 0.0054384865798056126, 0.05478391796350479, 0.06975948065519333, 0.027808576822280884, -0.033092595636844635, -0.008064115419983864, 0.023104965686798096, -0.4138772785663605, 0.4217337667942047, 0.6823215484619141, 0.24273666739463806, -0.6077693700790405, -0.32577961683273315, -0.04655751213431358, 0.023886973038315773, -0.07942043244838715, 0.8021632432937622, 0.43883976340293884, 0.6698567271232605, 0.0, -0.38999998569488525, 0.47999998927116394, 0.09761159867048264, -0.642951250076294, -0.08311405032873154, 0.7551011443138123, 0.9579625129699707, -0.023554913699626923, -0.023610778152942657, -0.2849477529525757, -0.048331815749406815, -0.4152953326702118, 0.46715012192726135, 0.01610291376709938, -0.08651111274957657, 0.9935404062271118, 0.07165081053972244, -0.10893023759126663, -0.05080694332718849, -0.03692631796002388, 2.5657637119293213, -0.006592322140932083, -1.0839673280715942, -0.020426932722330093, -0.43031761050224304, 0.4500347077846527, -0.037118323147296906, -0.4743003845214844, 0.8785555362701416, -0.04244472458958626, -0.10534698516130447, 0.005596688482910395, -0.0075108325108885765, 0.7209600210189819, 0.0527520589530468, -0.5150222778320312, -0.0178835466504097, -0.41996195912361145, 0.4041200876235962, 0.03131350874900818, -0.30437737703323364, 0.9401397109031677, 0.1500372737646103, -0.1009068563580513, 0.006369021255522966, -0.0016910925041884184, 0.13758468627929688, -0.006509585306048393, -0.6159181594848633, -0.0006845761090517044, -0.41555407643318176, 0.3986719250679016, -0.1313043236732483, -0.8127229809761047, 0.5485299825668335, 0.14613480865955353, -0.09501728415489197, 0.024554535746574402, -0.0404331348836422, 1.2184007167816162, -0.655929446220398, -0.8180336952209473, -0.09809332340955734, -0.3508099615573883, 0.46979424357414246, 0.11486191302537918, -0.7790461182594299, 0.5857799649238586, -0.19171765446662903, -0.024672728031873703, 0.03693636506795883, -0.09653620421886444, 2.6364097595214844, 0.49001944065093994, 0.13636597990989685, 0.019985735416412354, 0.24918681383132935, 0.13622182607650757, -0.007484090514481068, -0.0006477122660726309, -0.0012432881630957127, -0.005871525499969721, -0.3334118723869324, 0.20293086767196655, 0.004116051364690065, -0.000143032317282632, -0.0004471908905543387, 0.056780993938446045, 0.17487339675426483, 0.036241788417100906, -0.006069965660572052, 0.0002923742576967925, -0.0007872016867622733, -0.02057511731982231, -0.23696285486221313, 0.05197910591959953, 0.0018840435659512877, 0.00010175679926760495, 0.0008950025076046586, -0.19507764279842377, -0.36668485403060913, 0.4552062153816223, -0.006482504308223724, -0.004942873492836952, -0.004442883189767599, 0.9979314804077148, -1.0, 0.3773192763328552, 0.41523265838623047, -0.6522988677024841, -1.0, 0.342440128326416, -1.0, 1.0, -1.0, -0.03872103616595268, -0.6214563250541687, 1.0, -1.0, -1.0, 0.01051408052444458, -0.4336032271385193, -0.7816922664642334, 0.4085811972618103, -1.0]
[0.8613276481628418, -1.0000052452087402, 0.23655126988887787, 0.41921794414520264, -0.4132234752178192, -0.4175109267234802, -0.47191110253334045, 0.3012087941169739, -0.9346771836280823, -0.7560228705406189, 0.6764488220214844, -0.989930272102356, 0.0013723865849897265, 0.06144142523407936, -0.6746752262115479, 0.8370462656021118, -0.9882727861404419, -0.9214516878128052, -0.7867225408554077, -0.22946813702583313, -0.3675489127635956, -0.6633038520812988, 0.38733580708503723, -0.9981390833854675, 0.10649116337299347, -1.8838420146494173e-05, 0.18455949425697327, 0.021299857646226883, -0.7165054082870483, -0.20626357197761536, 0.005141825880855322, 0.08332271128892899, -0.12016767263412476, -0.0448959618806839, 0.005799668375402689, 0.05023948475718498, -0.35520240664482117, -0.08475519716739655, 0.07666926831007004, 0.0019219614332541823, -0.08650284260511398, -0.1484527587890625, -0.055545222014188766, 0.9334646463394165, -0.10076824575662613, -0.11812563240528107, -0.09803950041532516, -0.00100165163166821, -0.2501571476459503, 0.010940325446426868, 0.0024135448038578033, 0.003314362373203039, -0.015950292348861694, -0.010680570267140865, -0.0020129899494349957, 0.007851057685911655, 0.006354312412440777, 0.002875687787309289, -0.001470541930757463, -0.0015396390808746219, -0.01878000609576702, -0.01124875433743, 0.006329631432890892, -0.0074245682917535305, -0.005676992237567902, 0.0006376332021318376, 0.000810013385489583, 0.049222949892282486, 0.020585505291819572, 0.004000384360551834, -0.032738253474235535, -0.007817553356289864, 0.022289391607046127, -0.41397371888160706, 0.4198189079761505, 0.6372395157814026, 0.303170382976532, -0.6081637144088745, -0.36352476477622986, -0.047971975058317184, -0.01729169860482216, -0.12395273894071579, 2.2249228954315186, 0.42205438017845154, 0.7027357220649719, 0.0, -0.38999998569488525, 0.47999998927116394, 0.09761159867048264, -0.642951250076294, -0.08311405032873154, 0.7551011443138123, 0.9328818917274475, 0.0015959376469254494, -0.05013219267129898, -0.3566727936267853, -0.050232063978910446, -0.41575849056243896, 0.4664355516433716, 0.01694229245185852, -0.11835585534572601, 0.9894118905067444, 0.08227313309907913, -0.12264019250869751, -0.10051807761192322, -0.06520172953605652, 4.5022969245910645, -0.1179809644818306, -1.4740040302276611, -0.022051936015486717, -0.43008142709732056, 0.45017677545547485, -0.03910680487751961, -0.4781106412410736, 0.8765837550163269, -0.03849312663078308, -0.10135690867900848, 0.013008500449359417, 0.008132684044539928, 0.4078436493873596, 0.028119981288909912, -0.5090227723121643, -0.01948845013976097, -0.4199257791042328, 0.4038184583187103, 0.02832314372062683, -0.31436729431152344, 0.9361758232116699, 0.15474459528923035, -0.110026516020298, -0.020805614069104195, -0.04524826258420944, 1.8548717498779297, -0.5081467032432556, -0.8472787737846375, -0.002115778159350157, -0.41529375314712524, 0.398274302482605, -0.13914602994918823, -0.8180736899375916, 0.5385066866874695, 0.14630192518234253, -0.08947642892599106, 0.026070650666952133, -0.03990262374281883, 1.0945831537246704, -0.7736266255378723, -0.8725089430809021, -0.09809727221727371, -0.35106903314590454, 0.46886634826660156, 0.12177978456020355, -0.797144889831543, 0.5584114193916321, -0.1946956366300583, 0.03080492839217186, -0.0026738597080111504, -0.12058770656585693, 4.187512397766113, 1.2250032424926758, 1.775153398513794, -0.031036289408802986, 0.21268722414970398, -0.04214490205049515, -0.007490262389183044, -0.0006163596408441663, -0.0007702092407271266, -0.032663945108652115, -0.07991565763950348, 0.015412967652082443, 0.0016769528156146407, -9.686689736554399e-05, -0.0002474028442520648, -0.015325346030294895, 0.20379778742790222, -0.10979515314102173, -0.008191786706447601, -0.0001929647260112688, -0.0002745852980297059, -0.045089006423950195, -0.008287928998470306, -0.01625727117061615, 0.0006856944528408349, -0.00018488171917852014, 0.00040507607627660036, -0.18448618054389954, -0.0031958662439137697, 0.43301844596862793, -0.006123206112533808, -0.004865774419158697, -0.0016306318575516343, 1.0, -1.0, 0.5167276263237, 0.4305344521999359, -0.8912894129753113, -1.0, 0.36331701278686523, -1.0, 1.0, -1.0, -0.26330626010894775, -0.45045483112335205, 1.0, -1.0, -1.0, 0.2500118315219879, -0.43242940306663513, -0.9651177525520325, 0.25212594866752625, -1.0]
[0.888002872467041, -1.0000076293945312, 0.29010817408561707, 0.42237216234207153, -0.498161256313324, -0.4431765377521515, -0.471146821975708, 0.3124297857284546, -0.9462155103683472, -0.7603341341018677, 0.6771569848060608, -0.9837422370910645, -0.05166277289390564, 0.047699954360723495, -0.6569259166717529, 0.8377812504768372, -0.9993261098861694, -0.9358593821525574, -0.7920458316802979, -0.14046120643615723, -0.38245174288749695, -0.7126213908195496, 0.35118231177330017, -0.9981948137283325, 0.09461779147386551, -1.1893048394995276e-05, 0.23840808868408203, 0.03103882633149624, -0.819678783416748, -0.264921635389328, 0.0025525703094899654, 0.11197084188461304, -0.09866653382778168, -0.03684823215007782, 0.003930990118533373, 0.06584808230400085, -0.5608057379722595, -0.16488760709762573, 0.09036023169755936, 0.0029704717453569174, -0.10193220525979996, -0.12287815660238266, -0.04593590646982193, 1.182884693145752, -0.112759530544281, -0.12384890764951706, -0.28946155309677124, -0.0010177416261285543, -0.3687902092933655, 0.021776217967271805, -0.002040842082351446, 0.001160788699053228, -0.0018790310714393854, -0.002521015703678131, -0.007567924913018942, -7.547832501586527e-05, 0.002618101192638278, 0.0014493328053504229, -0.00950832199305296, 0.0054906215518713, -0.008121129125356674, -0.006314836908131838, -0.0007524035172536969, -0.011210068129003048, 0.0006319484091363847, 0.0029870402067899704, 0.001612059772014618, 0.02689909189939499, 0.009400722570717335, 0.0028647659346461296, -0.028097201138734818, -0.00665925070643425, 0.021490175276994705, -0.41473498940467834, 0.4170887768268585, 0.5596516132354736, 0.3932945728302002, -0.5822991132736206, -0.43935999274253845, -0.04442568123340607, -0.05813942104578018, -0.17307637631893158, 3.7443244457244873, 0.5594183802604675, 0.5668815970420837, 0.0, -0.38999998569488525, 0.47999998927116394, 0.09761159867048264, -0.642951250076294, -0.08311405032873154, 0.7551011443138123, 0.8725584149360657, 0.024814344942569733, -0.07799287140369415, -0.48160475492477417, -0.052203983068466187, -0.4163956642150879, 0.46549883484840393, 0.017566099762916565, -0.16023021936416626, 0.9823381304740906, 0.09502314031124115, -0.1279742419719696, -0.11279788613319397, -0.08432283997535706, 5.250523567199707, -0.1898949146270752, -1.7265739440917969, -0.023562533780932426, -0.42976322770118713, 0.45054227113723755, -0.041023317724466324, -0.4795428514480591, 0.8758695125579834, -0.03475959971547127, -0.09137091040611267, 0.01945481076836586, 0.023618213832378387, 0.11798755824565887, 0.010270844213664532, -0.470496267080307, -0.021047724410891533, -0.41993215680122375, 0.4030839800834656, 0.023263907060027122, -0.33665215969085693, 0.9277507662773132, 0.15938183665275574, -0.10980747640132904, -0.036372438073158264, -0.07971148192882538, 3.12975811958313, -0.9103298783302307, -0.9845550060272217, -0.003411458805203438, -0.4150156080722809, 0.39788347482681274, -0.1472838670015335, -0.8227663040161133, 0.5292031764984131, 0.14596949517726898, -0.0788516253232956, 0.025331934913992882, -0.036136649549007416, 0.9533683061599731, -0.7853411436080933, -0.8374048471450806, -0.09750635921955109, -0.3521483540534973, 0.4676523506641388, 0.13803055882453918, -0.8186625838279724, 0.5190173387527466, -0.20337165892124176, 0.07842952013015747, -0.019355908036231995, -0.16103491187095642, 5.253159046173096, 1.3180028200149536, 3.1403799057006836, -0.05756243318319321, 0.046403124928474426, -0.0044400678016245365, -0.001824968378059566, -0.0003635013708844781, -0.00019247084856033325, -0.07491354644298553, -0.029150918126106262, 0.006760867312550545, 0.0010120689403265715, -0.0003462345339357853, 0.0002960664569400251, -0.05992063879966736, 0.10289266705513, -0.0369379036128521, -0.004771447274833918, -0.00024565658532083035, 0.00020204353495500982, -0.0676351934671402, -0.038180168718099594, -0.018281152471899986, 0.0010393571574240923, -0.0003797098179347813, 0.00011237352737225592, -0.14748695492744446, 0.05409696698188782, 0.33988261222839355, -0.002807936165481806, -0.004299459047615528, -0.00040551964775659144, 1.0, -1.0, 0.6328912377357483, 0.44117939472198486, -1.0, -1.0, 0.3947194218635559, -1.0, 1.0, -1.0, -0.4194945991039276, -0.3722805380821228, 1.0, -1.0, -1.0, 0.42797815799713135, -0.4751749336719513, -1.0, 0.036153942346572876, -1.0]
[0.910378098487854, -1.00001060962677, 0.33856821060180664, 0.43063411116600037, -0.5812467932701111, -0.47153493762016296, -0.47292882204055786, 0.32741403579711914, -0.9557408690452576, -0.7647705674171448, 0.671353816986084, -0.9801514148712158, -0.12579767405986786, 0.02597753331065178, -0.6466223001480103, 0.839309811592102, -1.0000016689300537, -0.9480682015419006, -0.7965951561927795, -0.0514337383210659, -0.392140656709671, -0.7598956227302551, 0.3027782738208771, -0.998384952545166, 0.07803791761398315, 0.0002011144533753395, 0.17771337926387787, 0.10054712742567062, -0.7382938861846924, -0.26113176345825195, -0.03378669545054436, 0.14609724283218384, -0.08149168640375137, -0.05838119983673096, 0.027517342939972878, 0.029150575399398804, -0.7440147399902344, -0.23240569233894348, 0.0196300707757473, -0.041971296072006226, 2.999861681018956e-05, -0.09935320913791656, -0.03835052624344826, 1.0496643781661987, -0.04782876744866371, -0.11231336742639542, -0.3024134933948517, -0.0023537001106888056, -0.20728670060634613, 0.023336753249168396, -0.010574651882052422, 0.017326975241303444, 0.017918027937412262, 0.007730284705758095, -0.024381669238209724, 0.004114661831408739, 0.003837677650153637, -5.205216439208016e-05, 0.045328401029109955, 0.0037309203762561083, -0.005285925697535276, -0.004544251132756472, -0.07454589009284973, -0.06741923093795776, -0.04519806057214737, -0.012387886643409729, -0.0031559928320348263, -0.02403460070490837, 0.04205356910824776, 0.0214281864464283, 0.005573451053351164, 0.0014389031566679478, 0.02060750685632229, -0.415828675031662, 0.414144903421402, 0.4595029354095459, 0.46823468804359436, -0.53874272108078, -0.5285542607307434, -0.04844459891319275, -0.04890657216310501, -0.18593661487102509, 3.561417818069458, 0.9909574389457703, 0.13967208564281464, 0.0, -0.38999998569488525, 0.47999998927116394, 0.09761159867048264, -0.642951250076294, -0.08311405032873154, 0.7551011443138123, 0.7838664054870605, 0.02812633104622364, -0.10959240794181824, -0.610534131526947, -0.05392446368932724, -0.4168444871902466, 0.4647553265094757, 0.01702691800892353, -0.20007747411727905, 0.9738291501998901, 0.10646971315145493, -0.10757065564393997, -0.07963462173938751, -0.06248801574110985, 4.451671123504639, -0.34007102251052856, -1.415442705154419, -0.02482944168150425, -0.4293740689754486, 0.45113879442214966, -0.04278235509991646, -0.4790286421775818, 0.8761730790138245, -0.03196539357304573, -0.07019814848899841, 0.024608314037322998, 0.03939560055732727, -0.043510403484106064, -0.10814011096954346, -0.26400256156921387, -0.022304164245724678, -0.41989704966545105, 0.4017947316169739, 0.015856152400374413, -0.37012988328933716, 0.9145389795303345, 0.16239072382450104, -0.1117541566491127, -0.03852706775069237, -0.1293819099664688, 4.4931321144104, -1.2610654830932617, -1.2010338306427002, -0.004566748160868883, -0.414960652589798, 0.39785581827163696, -0.15294325351715088, -0.8251432776451111, 0.523730993270874, 0.14646776020526886, -0.049016524106264114, 0.004427776671946049, -0.015795551240444183, 0.5256599187850952, -0.4534918963909149, -0.32724544405937195, -0.0966787189245224, -0.35337525606155396, 0.46635130047798157, 0.1562090516090393, -0.8374112248420715, 0.47814926505088806, -0.21380923688411713, 0.07562960684299469, -0.008861801587045193, -0.13895098865032196, 4.603524208068848, 1.1381663084030151, 2.979928731918335, -0.0611184723675251, -0.20098163187503815, 0.08029177784919739, 0.004715560469776392, 0.0004349909140728414, 0.0016488042892888188, -0.15902450680732727, -0.025328267365694046, 0.006838662084192038, -0.0004319761064834893, -0.001108498778194189, 0.003073136555030942, 0.22800907492637634, 0.07386676222085953, -0.03155195713043213, -0.0034362496808171272, -4.276831168681383e-05, -0.0039555528201162815, -0.37077802419662476, 0.21079227328300476, -0.05528153479099274, 5.891351520403987e-06, -0.004664320033043623, -0.0028033473063260317, 0.02124810963869095, -0.24640437960624695, -0.1287636160850525, 0.0045824600383639336, 0.0010989322327077389, -0.0009122027549892664, 1.0, -1.0, 0.5515537261962891, 0.5081275701522827, -1.0, -0.8022432923316956, 0.40982377529144287, -1.0, 1.0, -1.0, -0.5937597751617432, -0.38562247157096863, 1.0, -1.0, -1.0, 0.40131887793540955, -0.41087040305137634, -1.0, 0.029024332761764526, -1.0]
[0.9283968210220337, -1.000008225440979, 0.3646518886089325, 0.4496931731700897, -0.6534191370010376, -0.4975856840610504, -0.47674933075904846, 0.334879070520401, -0.9632810354232788, -0.7727912664413452, 0.6760250926017761, -0.9749265313148499, -0.202108696103096, 0.00026520463870838284, -0.6380894780158997, 0.8416191339492798, -1.0000015497207642, -0.9579576849937439, -0.800277829170227, 0.012754937633872032, -0.3971959948539734, -0.8009440898895264, 0.26487475633621216, -0.9987230896949768, 0.06126847490668297, 2.019815110543277e-05, 0.0694170594215393, 0.21768274903297424, -0.6267290711402893, -0.22924251854419708, -0.001989921787753701, 0.029489029198884964, -0.0645628273487091, -0.08325239270925522, 0.01414461713284254, 0.06422173231840134, -0.6791696548461914, -0.2394096404314041, 0.04636958986520767, 0.00835993979126215, 6.167883384478046e-06, -0.08378715068101883, -0.03165515884757042, 0.6516457200050354, -0.031136631965637207, -0.09514452517032623, -0.19596633315086365, -0.0032657862175256014, -0.352156400680542, 0.013848014175891876, -0.01628519408404827, 0.028093846514821053, 0.024181585758924484, 0.01082379836589098, -0.0002774348540697247, -0.03739774972200394, -0.014319983310997486, -0.005571477115154266, -0.01882978342473507, 0.013095834292471409, 0.01409801747649908, 0.005681589711457491, -0.007514193654060364, -0.017746511846780777, -0.0033997418358922005, 0.0009834255324676633, 0.0008318935288116336, -0.05261026695370674, 0.026968400925397873, 0.015147434547543526, 0.023154038935899734, 0.005739630199968815, 0.01986744813621044, -0.4170493185520172, 0.41065722703933716, 0.3461320698261261, 0.5155706405639648, -0.4786178767681122, -0.6207289099693298, -0.048670995980501175, -0.0849112942814827, -0.21511147916316986, 4.159716606140137, 1.3500875234603882, -0.3126121759414673, 0.0, -0.38999998569488525, 0.47999998927116394, 0.09761159867048264, -0.642951250076294, -0.08311405032873154, 0.7551011443138123, 0.672534167766571, 0.008159802295267582, -0.14012445509433746, -0.7266335487365723, -0.05513559654355049, -0.4168975055217743, 0.4646107256412506, 0.01509964931756258, -0.23034709692001343, 0.9663225412368774, 0.11372241377830505, -0.07136751711368561, -0.03499787673354149, -0.015443135984241962, 3.1323165893554688, -0.4639485478401184, -0.8360979557037354, -0.025792943313717842, -0.42913946509361267, 0.45138853788375854, -0.04417010769248009, -0.48165425658226013, 0.8747236132621765, -0.030276698991656303, -0.055909279733896255, 0.004083003383129835, -0.0052537391893565655, 0.5872135758399963, 0.00042151124216616154, -0.23564061522483826, -0.02354046143591404, -0.4197782278060913, 0.4005741775035858, 0.008751274086534977, -0.4046221077442169, 0.8992124199867249, 0.16619661450386047, -0.08881601691246033, -0.03271917626261711, -0.11063440144062042, 4.039328098297119, -1.20453941822052, -1.0035897493362427, -0.005525410175323486, -0.414917528629303, 0.3978646993637085, -0.1575832962989807, -0.8268793225288391, 0.51944899559021, 0.147006094455719, -0.05629764869809151, 0.006284590810537338, -0.003745816648006439, 0.38253581523895264, -0.3448215425014496, -0.5081999897956848, -0.09611143171787262, -0.35409778356552124, 0.46528103947639465, 0.16821396350860596, -0.8497753143310547, 0.4476567208766937, -0.2217870056629181, 0.03822494298219681, 0.01207166351377964, -0.09510276466608047, 2.9917702674865723, 0.5494287610054016, 1.7051981687545776, -0.11302465200424194, -0.28603726625442505, 0.11619855463504791, 0.0065332395024597645, 0.00041888433042913675, 0.0025540494825690985, -0.03388120234012604, 0.20736919343471527, -0.030054353177547455, -0.0024609388783574104, -1.9110046196146868e-05, -0.0007575930212624371, -0.10707653313875198, -0.13248978555202484, 0.09195251762866974, 0.003694243263453245, -0.00034659719676710665, 0.0008486149599775672, -0.09696270525455475, -0.00858200341463089, -0.02378608100116253, 0.0007031634449958801, -0.0007591602625325322, -0.0001744975452311337, 0.10623067617416382, -0.24966256320476532, -0.3445495665073395, 0.008796131238341331, 0.004039938095957041, 0.0003622713265940547, 1.0, -1.0, 0.4115270972251892, 0.6083759665489197, -1.0, -0.8034654855728149, 0.3495727777481079, -1.0, 1.0, -1.0, -0.5876970887184143, -0.43919071555137634, 1.0, -1.0, -1.0, 0.24846026301383972, -0.4145975708961487, -1.0, 0.12166181206703186, -1.0]
[0.9417550563812256, -1.0000088214874268, 0.3567785322666168, 0.48249220848083496, -0.714023768901825, -0.5199217796325684, -0.4740775227546692, 0.3331092298030853, -0.9694594144821167, -0.7810840010643005, 0.6753004193305969, -0.9741830229759216, -0.2701946496963501, -0.023954162374138832, -0.6372483968734741, 0.8419753909111023, -1.0000011920928955, -0.9659911394119263, -0.8032543063163757, 0.043990358710289, -0.3915242850780487, -0.8367878794670105, 0.25088953971862793, -0.9991055130958557, 0.04205312207341194, 4.3952310079475865e-05, -0.08624476939439774, 0.3504306375980377, -0.5221404433250427, -0.19340966641902924, 0.0011102042626589537, -0.030335409566760063, -0.054091133177280426, -0.07146026939153671, -0.003376525593921542, -0.040007662028074265, -0.5954824686050415, -0.21406154334545135, -0.008236216381192207, -0.008607067167758942, 8.220577001338825e-06, -0.06933537870645523, -0.025626352056860924, 0.24143366515636444, 0.08076955378055573, -0.08288975059986115, -0.02697141468524933, -0.0031823019962757826, -0.4587883949279785, 0.010994317010045052, -0.021165374666452408, 0.029586661607027054, 0.023819241672754288, 0.010684043169021606, -0.015995580703020096, -0.010503457859158516, -0.003299242816865444, -0.0005454495549201965, -0.017191369086503983, -0.04127833992242813, -0.006848162971436977, -0.0001117758802138269, -0.019266318529844284, -0.01909497007727623, -0.010029744356870651, -0.0020114800427109003, -0.00022455639555118978, -0.049605414271354675, 0.05504140257835388, 0.028879700228571892, 0.025176212191581726, 0.006165100261569023, 0.01904396526515484, -0.41858503222465515, 0.40629565715789795, 0.20591436326503754, 0.542427122592926, -0.3753167688846588, -0.7228479981422424, -0.05271817743778229, -0.10884567350149155, -0.2755318880081177, 5.237767696380615, 1.770547866821289, -1.044190764427185, 0.0, -0.38999998569488525, 0.47999998927116394, 0.09761159867048264, -0.642951250076294, -0.08311405032873154, 0.7551011443138123, 0.5124382376670837, -0.03564776852726936, -0.1581408977508545, -0.8432838916778564, -0.055667340755462646, -0.4165346622467041, 0.4652281403541565, 0.011740881018340588, -0.24934351444244385, 0.9615163207054138, 0.1147879883646965, -0.024349395185709, 0.007386249024420977, 0.0396898128092289, 1.742742657661438, -0.6699987649917603, -0.026565879583358765, -0.026529913768172264, -0.4291098415851593, 0.45118290185928345, -0.044915225356817245, -0.4871547222137451, 0.8717015981674194, -0.028268931433558464, -0.03649238497018814, -0.00664032157510519, -0.02599743939936161, 0.7753902673721313, 0.007407149765640497, -0.13221725821495056, -0.02437826432287693, -0.41955891251564026, 0.39928755164146423, 0.001822354388423264, -0.4366997480392456, 0.8837528228759766, 0.1681395322084427, -0.06344271451234818, -0.014646422117948532, -0.1345527321100235, 4.00538444519043, -1.268093228340149, -0.8355072140693665, -0.006177357863634825, -0.4148159921169281, 0.397751122713089, -0.16011592745780945, -0.8287213444709778, 0.5156090259552002, 0.14741510152816772, -0.02970070205628872, 0.01008940301835537, -0.0160458292812109, 0.4478975832462311, -0.19942648708820343, -0.19103799760341644, -0.09597176313400269, -0.35432782769203186, 0.46496328711509705, 0.1732761710882187, -0.8556485772132874, 0.4331856071949005, -0.22403377294540405, 0.0011733787832781672, 0.005303391721099615, -0.011561933904886246, 0.95142662525177, 0.45156553387641907, 0.4514847695827484, -0.15378697216510773, -0.28704506158828735, 0.1152830421924591, 0.006378366611897945, 0.00035393572761677206, 0.003324678633362055, -0.13808472454547882, 0.04493993520736694, 0.00027410814072936773, 0.00012864949530921876, -0.000756115245167166, 0.0011685070348903537, -0.10330554097890854, 0.02117069438099861, -0.17130105197429657, 0.0002057847159449011, -0.00043716997606679797, 0.00046640116488561034, -0.10464112460613251, 0.03541050851345062, -0.03927668556571007, 0.00030660125776194036, -0.0007749992073513567, -0.0007910895510576665, 0.09177453070878983, -0.47956472635269165, -0.3478507995605469, 0.008566964417696, 0.004696705844253302, -0.0017681036842986941, 0.9705265760421753, -1.0, 0.17360052466392517, 0.7238828539848328, -1.0, -0.7165852785110474, 0.2690795361995697, -1.0, 1.0, -1.0, -0.6079477071762085, -0.5290714502334595, 1.0, -1.0, -1.0, 0.09324988722801208, -0.2935059666633606, -1.0, 0.27596983313560486, -1.0]
[0.9393570423126221, -1.000011682510376, 0.3129459619522095, 0.5329777598381042, -0.7644535899162292, -0.5392110347747803, -0.4652405083179474, 0.3212131857872009, -0.9744124412536621, -0.7876044511795044, 0.6709324717521667, -0.9809826016426086, -0.3142980635166168, -0.043209612369537354, -0.6409298777580261, 0.8412235379219055, -1.0000007152557373, -0.9725462198257446, -0.8056874871253967, 0.0610865019261837, -0.3564755618572235, -0.8695518970489502, 0.2718941569328308, -0.9993862509727478, -0.0445183701813221, 0.00013696007954422385, -0.23015224933624268, 0.5314843058586121, -0.43347880244255066, -0.19879816472530365, 0.02526809088885784, -0.14971312880516052, -0.04289733245968819, -0.0540798120200634, -0.028225941583514214, -0.06666886061429977, -0.2978949248790741, -0.1389644593000412, -0.020162377506494522, -0.016876209527254105, 1.5400042684632353e-05, -0.0558796189725399, -0.02083110250532627, 0.19316323101520538, 0.3483237326145172, -0.07524710893630981, 0.2111448496580124, -0.001888534054160118, -1.8048454523086548, 0.022122619673609734, -0.03805353865027428, 0.03912687301635742, 0.02619868516921997, 0.008522208780050278, -0.04831802472472191, -0.039500948041677475, -0.015189092606306076, -0.004814318846911192, -0.0763109102845192, -0.0009687780402600765, 0.024445541203022003, 0.013737608678638935, -0.03371766209602356, -0.08234255015850067, -0.013536330312490463, -0.0024209641851484776, -6.960257451282814e-05, 0.011114669032394886, 0.1185237467288971, 0.05750224366784096, -0.003961162641644478, 0.0011136343237012625, 0.018500056117773056, -0.42033833265304565, 0.4011729061603546, 0.05192713066935539, 0.5294808745384216, -0.2261744886636734, -0.8159648776054382, -0.007955697365105152, -0.11862432956695557, -0.3131515085697174, 5.261235237121582, 2.277926206588745, -1.7443325519561768, 0.0, -0.38999998569488525, 0.47999998927116394, 0.09761159867048264, -0.642951250076294, -0.08311405032873154, 0.7551011443138123, 0.30828434228897095, -0.10705268383026123, -0.15353266894817352, -0.93269944190979, -0.05493481829762459, -0.41584834456443787, 0.46677449345588684, 0.007722728885710239, -0.25651419162750244, 0.9604970812797546, 0.10763922333717346, 0.07777457684278488, 0.0395485982298851, 0.10858350247144699, 0.4020403325557709, -0.834916889667511, 1.0703274011611938, -0.02643100544810295, -0.42939507961273193, 0.45047229528427124, -0.04420250281691551, -0.4952317178249359, 0.8672000169754028, -0.027490071952342987, 0.043678391724824905, -0.03570158779621124, -0.07008641958236694, 1.235958218574524, 0.0841115191578865, 0.2537566125392914, -0.024251626804471016, -0.4193066358566284, 0.3981032371520996, -0.002801448106765747, -0.46091583371162415, 0.8715722560882568, 0.16706407070159912, 0.0339663028717041, -0.010803711600601673, -0.08828403055667877, 2.364290714263916, -0.8325636982917786, -0.04560508579015732, -0.0060015772469341755, -0.41471046209335327, 0.3975721597671509, -0.1596842110157013, -0.8308526873588562, 0.5124934315681458, 0.14674906432628632, 0.04783562198281288, 0.0038619190454483032, -0.016791341826319695, 0.3956809639930725, -0.15086422860622406, 0.31336259841918945, -0.09559792280197144, -0.3550668954849243, 0.46609923243522644, 0.1809587925672531, -0.858191967010498, 0.429002583026886, -0.21614179015159607, 0.02852756530046463, -0.06656736135482788, 0.09012291580438614, -0.2578941881656647, 1.8272515535354614, 0.49300190806388855, -0.4291009306907654, -0.27494263648986816, 0.16331495344638824, 0.004398069344460964, -0.0006157226744107902, 0.004300390370190144, -0.4568030834197998, 0.21858808398246765, 0.00548076257109642, -0.0015354976058006287, -0.0022965013049542904, 0.0023742816410958767, -0.4493045210838318, -0.314981073141098, 0.06875039637088776, 0.009012891910970211, -0.0019720536656677723, 0.0022797894198447466, -0.4449174404144287, 0.039115630090236664, -0.13359209895133972, 0.000517131935339421, -0.0031207925640046597, -0.0010427008382976055, -0.10275325924158096, -0.8346824645996094, 0.13736365735530853, 0.0015505640767514706, 0.0027576847933232784, -0.006424030754715204, 0.6871258616447449, -1.0, -0.0652194544672966, 0.8923242688179016, -1.0, -0.5355004668235779, 0.1699666678905487, -1.0, 1.0, -1.0, -0.43090546131134033, -0.5077362656593323, 1.0, -1.0, -1.0, 0.14122505486011505, -0.0038359183818101883, -1.0, 0.522053599357605, -1.0]
[0.9055367708206177, -1.0000261068344116, 0.23400729894638062, 0.5911672115325928, -0.80604088306427, -0.5729051828384399, -0.4571826159954071, 0.3049154281616211, -0.9786357879638672, -0.7927725911140442, 0.6706737875938416, -0.9889098405838013, -0.29689306020736694, -0.049241937696933746, -0.6020165085792542, 0.8421156406402588, -1.0000048875808716, -0.9819719791412354, -0.8090628981590271, 0.09508625417947769, -0.28315070271492004, -0.8986237049102783, 0.33664458990097046, -0.9994967579841614, -0.18414552509784698, -0.00028134952299296856, -0.37470099329948425, 0.5416318774223328, -0.357159286737442, -0.40382304787635803, -0.004702835809439421, -0.13515493273735046, -0.0380958616733551, -0.04539189487695694, 0.0238481517881155, -0.06333994120359421, 0.4093739986419678, 0.03823498636484146, 0.2683429718017578, -0.01350936945527792, -7.487723632948473e-05, -0.10916092246770859, -0.03929436206817627, 0.5380343198776245, 0.6285390257835388, -0.06467010080814362, 0.49488168954849243, -0.0003778350946959108, -2.83268404006958, 0.020644554868340492, -0.049097493290901184, -0.014430761337280273, 0.00241356180049479, -0.004997763317078352, -0.08444085717201233, 0.003890210995450616, 0.0034682275727391243, 0.0017648172797635198, -0.06256717443466187, 0.021994348615407944, 0.059447236359119415, 0.03201007843017578, 0.004894784651696682, -0.1640641689300537, 0.01373889297246933, -0.0007122958777472377, -0.001370587619021535, 0.07040487974882126, 0.12695087492465973, 0.059229712933301926, -0.03245678171515465, -0.003958823159337044, 0.019097892567515373, -0.4222254455089569, 0.39633262157440186, -0.08476383984088898, 0.4619658291339874, -0.0479627400636673, -0.8815339803695679, 0.08149748295545578, -0.14982233941555023, -0.27183547616004944, 4.739152431488037, 2.9263339042663574, -2.507390260696411, 0.0, -0.38999998569488525, 0.47999998927116394, 0.09761159867048264, -0.642951250076294, -0.08311405032873154, 0.7551011443138123, 0.09127620607614517, -0.20622564852237701, -0.11889032274484634, -0.9669563174247742, -0.052353635430336, -0.41531315445899963, 0.46875905990600586, 0.0026310577522963285, -0.2627733051776886, 0.9606332182884216, 0.09014983475208282, 0.20027145743370056, 0.00825303141027689, 0.11101742833852768, 0.9440036416053772, -1.3925031423568726, 2.2949981689453125, -0.024585384875535965, -0.42999938130378723, 0.4495451748371124, -0.04101479426026344, -0.5042559504508972, 0.8620175123214722, -0.03113379329442978, 0.17964468896389008, -0.04896128922700882, -0.06321418285369873, 1.0863910913467407, -0.003451921045780182, 1.0495257377624512, -0.02246919460594654, -0.4194101393222809, 0.3980671167373657, -0.00013993481115903705, -0.45974862575531006, 0.8730766773223877, 0.1623833030462265, 0.1671881377696991, -0.004124329425394535, 0.05579432472586632, -1.8065745830535889, 0.6306261420249939, 1.114382028579712, -0.0044754487462341785, -0.4151647686958313, 0.39817482233047485, -0.16228248178958893, -0.8317322134971619, 0.5118403434753418, 0.14108596742153168, 0.14718982577323914, -0.04601233825087547, 0.04995477572083473, -0.19316282868385315, -1.1007388830184937, 0.2131674736738205, -0.09389954805374146, -0.3573886752128601, 0.46885189414024353, 0.2017548680305481, -0.8616091012954712, 0.4227982759475708, -0.1953618973493576, 0.12490250170230865, -0.17143531143665314, 0.1625029444694519, -0.1968277394771576, 4.1892409324646, 1.62184476852417, -0.6382502317428589, 0.09756911545991898, 0.06178496778011322, -0.003534227143973112, -0.0013332579983398318, 0.005159805994480848, -0.7644476890563965, -0.02384580671787262, 0.06452120095491409, 0.001407130155712366, -0.004034034907817841, 0.004577592946588993, -0.40036800503730774, -0.7189216613769531, 0.2743723392486572, 0.021226253360509872, -0.002039027865976095, -0.0007545623229816556, -0.8801521062850952, -0.022097036242485046, -0.1885223090648651, -0.0017020432278513908, -0.006588553544133902, 0.0016518310876563191, -0.26816874742507935, -0.8403156995773315, 0.6033346652984619, -0.0054373973980546, 0.0003318748204037547, -0.008106110617518425, 0.33823710680007935, -1.0, -0.34274300932884216, 0.9179101586341858, -1.0, -0.36697331070899963, 0.1629835069179535, -1.0, 1.0, -1.0, 0.08311842381954193, 0.10247486084699631, 1.0, -1.0, -1.0, 0.3878677785396576, 0.29142412543296814, -1.0, 0.8465002775192261, -1.0]
[0.8342586159706116, -1.0000003576278687, 0.15251512825489044, 0.6234206557273865, -0.8352950215339661, -0.6150806546211243, -0.4624389111995697, 0.3192240297794342, -0.9685322642326355, -0.7950881123542786, 0.69230055809021, -0.9796830415725708, -0.20769710838794708, -0.04664437100291252, -0.5162513852119446, 0.8509770631790161, -1.0000003576278687, -0.9986789226531982, -0.8139318823814392, 0.17158383131027222, -0.17192281782627106, -0.9232805967330933, 0.41307902336120605, -0.9992417693138123, -0.31136563420295715, 0.004351862706243992, -0.31510692834854126, 0.16411404311656952, -0.22661350667476654, -0.35438546538352966, -0.0697035938501358, 0.5502456426620483, 0.27719178795814514, 0.03670954331755638, 0.16241374611854553, -0.1339520663022995, 0.655331552028656, -0.18931689858436584, 0.6308269500732422, 0.0027324885595589876, 0.0009301560348831117, -0.11147284507751465, -0.08245613425970078, 1.1596592664718628, 0.8985600471496582, -0.05276951938867569, 0.45136553049087524, 0.0024392425548285246, -0.7773882746696472, 0.16388168931007385, -0.004559768363833427, -0.11339488625526428, -0.03689875453710556, -0.008762996643781662, -0.04363506659865379, 0.4755054712295532, 0.25563323497772217, 0.10250255465507507, 0.0941162258386612, -0.30608367919921875, -0.21489083766937256, -0.10134333372116089, 0.24688050150871277, -0.07569614052772522, 0.2711382508277893, 0.11527405679225922, 0.036915816366672516, 0.06813858449459076, 0.08727747201919556, 0.03973245993256569, -0.04831260070204735, -0.011332323774695396, 0.02216244488954544, -0.4246829152107239, 0.39546334743499756, -0.08562695235013962, 0.4227016866207123, 0.014617366716265678, -0.9020962715148926, 0.36732015013694763, 0.006811711937189102, 0.1888669729232788, -0.23211243748664856, -0.2338368445634842, -0.24552007019519806, 0.0, -0.38999998569488525, 0.47999998927116394, 0.09761159867048264, -0.642951250076294, -0.08311405032873154, 0.7551011443138123, 0.04913223534822464, -0.25513139367103577, -0.07773265242576599, -0.9625235795974731, -0.04813461750745773, -0.41588059067726135, 0.46974533796310425, -0.00140314397867769, -0.2773635685443878, 0.9584603309631348, 0.06649257987737656, 0.2824513614177704, -0.08996746689081192, 0.010381669737398624, 1.9564073085784912, -1.2771841287612915, 2.69183611869812, -0.020721154287457466, -0.4301716983318329, 0.4504747986793518, -0.0358692891895771, -0.4971373677253723, 0.86594158411026, -0.04138756915926933, 0.27720096707344055, 0.07200178503990173, 0.2748431861400604, -4.341340065002441, -0.31013789772987366, 1.3883614540100098, -0.019052408635616302, -0.4201836884021759, 0.40029963850975037, 0.012021603994071484, -0.4245030879974365, 0.8918276429176331, 0.1558716744184494, 0.24121515452861786, 0.022773373872041702, 0.06861644983291626, -1.5714759826660156, 0.8914096355438232, 1.1833536624908447, -0.0014348840340971947, -0.4160667359828949, 0.3995887339115143, -0.16842436790466309, -0.8321509957313538, 0.5120709538459778, 0.13015888631343842, 0.225708469748497, -0.10548590123653412, 0.14915409684181213, -1.1148923635482788, -2.199493408203125, -0.15200991928577423, -0.08942167460918427, -0.3622640371322632, 0.4724990725517273, 0.2465747594833374, -0.8651837706565857, 0.4024699628353119, -0.16933965682983398, 0.33234092593193054, -0.30037882924079895, 0.16686344146728516, 0.9038953185081482, 6.076226711273193, 4.865127086639404, -0.1604144424200058, 0.47761186957359314, -0.15534630417823792, -0.0015988188097253442, -0.0007707718177698553, -0.0005887199658900499, -0.3410254120826721, -3.3890221118927, 0.4851967394351959, 0.0516672283411026, -0.002182247117161751, 0.0036184946075081825, 0.45831185579299927, 2.1659934520721436, -1.9393644332885742, -0.06885343044996262, 0.0012287464924156666, -0.008443573489785194, -0.40015316009521484, -1.631296157836914, 0.1646842062473297, 0.012446373701095581, -0.0019649844616651535, 0.012756054289638996, -0.3264511227607727, -0.5454210042953491, 0.7188667058944702, -0.008896992541849613, -0.006109105888754129, -0.007763189263641834, 0.04305494576692581, -1.0, -0.2562999427318573, 0.6441923975944519, -0.9494799971580505, 0.15967534482479095, -0.016196705400943756, -1.0, 1.0, -0.23240205645561218, 0.8883042335510254, 0.7363983988761902, 0.905713677406311, -0.8098621964454651, -1.0, 0.7861450910568237, 0.6062250733375549, -1.0, 0.7898904085159302, -1.0]
[0.7470735311508179, -0.9999775290489197, 0.11881618201732635, 0.5971519947052002, -0.8004301190376282, -0.6296107172966003, -0.4602589011192322, 0.3431680500507355, -0.9483045935630798, -0.7880578637123108, 0.695817232131958, -1.0000139474868774, -0.1247541531920433, -0.05091534182429314, -0.37199899554252625, 0.8207360506057739, -1.000001072883606, -1.0000004768371582, -0.8201198577880859, 0.16766715049743652, -0.10273509472608566, -0.9337724447250366, 0.4754343628883362, -0.9994370937347412, -0.3382287621498108, 0.0005230760434642434, -0.04517947509884834, -0.45833179354667664, 0.6070414185523987, 0.06910469383001328, 0.15381211042404175, 0.05900770053267479, 0.1396716982126236, 0.06375647336244583, -0.06784939020872116, -0.21372060477733612, 0.8744632601737976, 0.07968498021364212, 0.6963363289833069, -0.18700352311134338, 7.829165406292304e-05, 3.020953226950951e-05, -0.023000765591859818, -0.6912935376167297, 0.27736732363700867, -0.016697142273187637, 0.35345593094825745, -0.003479207633063197, -0.5823403000831604, -0.018989356234669685, 0.01827177032828331, -0.16585886478424072, -0.014396002516150475, 0.01411967072635889, 0.05069945007562637, -0.08866242319345474, -0.04631295055150986, -0.018094733357429504, -0.09359550476074219, -0.09380781650543213, -0.024453237652778625, 0.0019875220023095608, -0.00012674579920712858, -0.06577187031507492, 0.0020933649502694607, 0.001715853693895042, 0.0037841638550162315, -0.2601323425769806, -0.19366461038589478, -0.09055744111537933, 0.09035293012857437, 0.01829974353313446, 0.02983050048351288, -0.42367371916770935, 0.4004437327384949, -0.11063254624605179, 0.45033374428749084, 0.05211493372917175, -0.8844455480575562, 0.5297276377677917, 0.107826828956604, 0.34700778126716614, 1.0521949529647827, -1.0980896949768066, -0.4542247951030731, 0.0, -0.38999998569488525, 0.47999998927116394, 0.09761159867048264, -0.642951250076294, -0.08311405032873154, 0.7551011443138123, 0.006715050898492336, -0.22449977695941925, -0.06133132427930832, -0.9725189805030823, -0.04358464479446411, -0.4175456762313843, 0.46908605098724365, -9.383906581206247e-05, -0.27955254912376404, 0.9589309096336365, 0.04797801002860069, 0.28617459535598755, -0.10404007881879807, -0.0637882724404335, -1.089147686958313, -0.021966204047203064, 1.8965675830841064, -0.01616775617003441, -0.4300675690174103, 0.4520626962184906, -0.03004189394414425, -0.48009347915649414, 0.8751420974731445, -0.052287548780441284, 0.2786486744880676, -0.0037642845418304205, 0.048476822674274445, -1.267378330230713, 0.397795170545578, 0.9641239643096924, -0.014416304416954517, -0.4202403426170349, 0.40097400546073914, 0.0212948489934206, -0.4036756157875061, 0.9032847285270691, 0.1437676101922989, 0.34887629747390747, 0.03013041242957115, 0.0815502479672432, -3.5616519451141357, 0.6934764385223389, 2.530186653137207, 0.0029143160209059715, -0.41812199354171753, 0.40240445733070374, -0.1783720850944519, -0.8269131779670715, 0.5220739245414734, 0.10879690945148468, 0.3094010651111603, -0.1477830708026886, 0.19060543179512024, -2.22853422164917, -2.5851266384124756, 0.6373726725578308, -0.08597195893526077, -0.3652379810810089, 0.4754754900932312, 0.2668282687664032, -0.8568515181541443, 0.413296103477478, -0.15425421297550201, 0.12478163838386536, -0.1265205591917038, 0.1952715814113617, -4.056678295135498, -0.2050277590751648, -0.48447108268737793, -0.037396349012851715, 0.1528768092393875, -0.18598420917987823, 0.016412824392318726, -0.0010575783671811223, -0.004735346417874098, 0.2430236041545868, 0.6153739094734192, -0.08614427596330643, -0.008864125236868858, 0.0024528081994503736, -0.008672420866787434, -0.5072806477546692, 0.06370406597852707, -0.41937974095344543, 0.0029430827125906944, -0.0014929366298019886, 0.006122912745922804, -0.3373819589614868, -0.07332591712474823, -0.0351305827498436, 0.0026842751540243626, -0.0031594010069966316, 0.0011223352048546076, 0.5888252854347229, 0.9806356430053711, -1.3898894786834717, 0.029362356290221214, 0.008878538385033607, 0.019716786220669746, 0.18575319647789001, -1.0, 0.16773748397827148, 0.2093701958656311, -0.3002891540527344, -0.18042078614234924, 0.06387820094823837, -1.0, 1.0, -1.0, 0.7002227902412415, 0.5103336572647095, 0.4899117350578308, -1.0, -1.0, -0.40934330224990845, -0.06287501752376556, -1.0, 0.789330005645752, -1.0]
[0.6541346311569214, -0.9999749064445496, 0.11402752250432968, 0.5665777921676636, -0.6990140676498413, -0.6076653599739075, -0.419527143239975, 0.3473639488220215, -0.9266952276229858, -0.7808164358139038, 0.6783079504966736, -1.0000073909759521, -0.07576216757297516, -0.04604293778538704, -0.21271394193172455, 0.774491548538208, -1.0000007152557373, -1.0000003576278687, -0.8210455179214478, 0.09033846110105515, -0.08532722294330597, -0.9396517872810364, 0.4991362988948822, -0.9995695948600769, -0.3528885841369629, 0.0018029231578111649, -0.006897833198308945, -0.17901186645030975, 1.112681269645691, 0.30619966983795166, 0.2683189809322357, -0.054176319390535355, 0.20602066814899445, 0.07529433071613312, -0.02604089491069317, 0.00010602055408526212, 0.36345481872558594, 0.060180433094501495, 0.75788414478302, -0.1922818422317505, -0.00011742235074052587, -2.9789074687869288e-05, -0.0025280348490923643, -1.0898641347885132, 0.04052014276385307, -0.01593729853630066, 0.038761284202337265, -0.00041090307058766484, -0.2526470422744751, 0.04844530671834946, 0.0013259656261652708, 0.09020018577575684, 0.06769023090600967, 0.03398824855685234, 0.04203879088163376, -0.12832562625408173, -0.0593675822019577, -0.021425306797027588, 0.05537121742963791, 0.001702854409813881, -0.008788837119936943, -0.0016225043218582869, -0.01410728320479393, -0.006650893948972225, -0.00620356947183609, -0.0010489759733900428, 0.00032264814944937825, -0.037126049399375916, -0.07296565175056458, -0.03719063475728035, -0.012584848329424858, -0.004422028083354235, 0.03874879330396652, -0.42142874002456665, 0.4072573482990265, -0.13693179190158844, 0.4975898861885071, 0.050559982657432556, -0.8550425171852112, 0.562004566192627, 0.13546064496040344, 0.3720855414867401, 0.8249150514602661, -1.3408132791519165, 0.05190277099609375, 0.0, -0.38999998569488525, 0.47999998927116394, 0.09761159867048264, -0.642951250076294, -0.08311405032873154, 0.7551011443138123, -0.011086147278547287, -0.16757430136203766, -0.07235811650753021, -0.9831380844116211, -0.03878886252641678, -0.41837388277053833, 0.46918702125549316, 0.004861914552748203, -0.24437640607357025, 0.9691051244735718, 0.03303944319486618, 0.31208571791648865, 0.0716346800327301, 0.09687671810388565, -6.1933817863464355, 0.38618379831314087, 1.948928952217102, -0.011624746955931187, -0.4302562475204468, 0.4526159465312958, -0.022408239543437958, -0.46937239170074463, 0.8808197379112244, -0.05782591179013252, 0.2766297161579132, -0.01102023757994175, 0.01619330607354641, -1.102860927581787, 0.7609485387802124, 0.6318008303642273, -0.009084464982151985, -0.42068472504615784, 0.40186527371406555, 0.02904554270207882, -0.38420483469963074, 0.9140020608901978, 0.1270555704832077, 0.33260005712509155, 0.0029605086892843246, 0.06709136813879013, -2.0561041831970215, 0.3576909899711609, 2.180762529373169, 0.00776209169998765, -0.4203019142150879, 0.4056754410266876, -0.18841752409934998, -0.8192300200462341, 0.5351343154907227, 0.08362013101577759, 0.3136773109436035, -0.14354479312896729, 0.22156746685504913, -2.489046812057495, -2.771909713745117, 0.576130747795105, -0.08442894369363785, -0.366081565618515, 0.47720304131507874, 0.2603449523448944, -0.8411628007888794, 0.44777724146842957, -0.15543845295906067, 0.09106297045946121, -0.07437653839588165, 0.1366800218820572, -4.094282150268555, -2.6801977157592773, -0.8312558531761169, -0.0302981398999691, -0.9029045701026917, 0.24565033614635468, 0.020444680005311966, -0.00023952106130309403, -0.0005189258372411132, 0.22076793015003204, 0.7871192693710327, -0.12583746016025543, -0.009618517011404037, 0.0018507805652916431, -0.006617596372961998, 0.28586095571517944, 0.05123714357614517, -0.04549659416079521, -0.0008539474802091718, 0.000387330015655607, -0.004793436266481876, -0.01640496961772442, 0.0012729124864563346, -0.014723819680511951, 0.00034174180473200977, 4.570123928715475e-05, -0.0001247799227712676, -0.016248583793640137, 0.49912554025650024, 0.08064882457256317, 0.003966291435062885, -0.004162050783634186, 0.006288120523095131, 0.1154351457953453, -1.0, 0.11973730474710464, 0.5322087407112122, 0.05576195940375328, 0.002474714070558548, -0.01390389259904623, -0.8990522623062134, 1.0, -0.9895703196525574, 0.23712430894374847, 0.7223829627037048, 0.5130255818367004, -1.0, -1.0, -0.45462480187416077, -0.12380686402320862, -1.0, 0.45281046628952026, -1.0]
[0.5675942897796631, -1.0000098943710327, 0.06769571453332901, 0.5568832159042358, -0.5573723316192627, -0.5669919848442078, -0.3773483335971832, 0.3297255337238312, -0.8828156590461731, -0.7694835066795349, 0.6741466522216797, -1.0000128746032715, -0.04601994529366493, -0.043207865208387375, -0.07378493249416351, 0.7202250957489014, -0.9999997615814209, -0.9999998211860657, -0.8211274743080139, -0.03750532492995262, -0.06531761586666107, -0.9402942061424255, 0.5140784382820129, -0.9998670816421509, -0.2986393868923187, 0.00023204265744425356, -0.2871555984020233, -0.035196300595998764, 1.411894679069519, 0.4401068389415741, 0.16824044287204742, -0.160905122756958, 0.5281134247779846, 0.1463039517402649, -0.06941411644220352, -1.686338691797573e-05, 0.21909157931804657, -0.002321024192497134, 0.55227130651474, -0.23320968449115753, 0.00012975181743968278, 5.320345280779293e-06, -0.00033667002571746707, -1.8344849348068237, 0.20078027248382568, 0.007859554141759872, 0.12490661442279816, -0.0029958661179989576, 1.1994258165359497, 0.028466712683439255, -0.00795047078281641, 0.051578059792518616, 0.033165909349918365, 0.016915852203965187, 0.020117979496717453, 0.012173470109701157, 0.027006492018699646, 0.014423977583646774, 0.012310492806136608, -0.004809684120118618, -0.01963738538324833, -0.011207298375666142, -0.14392699301242828, 0.0458681546151638, -0.08976338803768158, -0.031059790402650833, -0.00996541976928711, -0.10395243018865585, 0.04271591454744339, 0.022070465609431267, 0.05873369425535202, 0.013117385096848011, 0.04635534808039665, -0.4198688566684723, 0.4134341776371002, -0.1576712429523468, 0.5417904853820801, 0.04626239463686943, -0.824295163154602, 0.41317495703697205, 0.03318880498409271, 0.36872315406799316, 0.45639118552207947, -1.2161188125610352, -0.07443517446517944, 0.0, -0.38999998569488525, 0.47999998927116394, 0.09761159867048264, -0.642951250076294, -0.08311405032873154, 0.7551011443138123, -0.023311013355851173, -0.11228599399328232, -0.0820675939321518, -0.990006685256958, -0.034010834991931915, -0.4176555275917053, 0.4706476032733917, 0.00550334295257926, -0.1780756115913391, 0.9839253425598145, 0.012229464016854763, 0.274714857339859, 0.20385786890983582, 0.15390542149543762, -9.089414596557617, -0.6943038105964661, 2.7485203742980957, -0.007350352592766285, -0.43055832386016846, 0.4524539113044739, -0.015428966842591763, -0.4568443298339844, 0.887221097946167, -0.06239994615316391, 0.24205736815929413, 0.015834234654903412, 0.03645843267440796, -2.547020196914673, 0.299736887216568, 0.6305897235870361, -0.004417971707880497, -0.42087146639823914, 0.40242499113082886, 0.03551261126995087, -0.3720707297325134, 0.9205574989318848, 0.11347223818302155, 0.29150357842445374, 0.0018409629119560122, 0.034687601029872894, -1.058901309967041, -0.034269168972969055, 1.92080819606781, 0.012516619637608528, -0.4221097528934479, 0.40868818759918213, -0.1953214704990387, -0.8121362328529358, 0.5466435551643372, 0.058863863348960876, 0.2968178987503052, -0.10548579692840576, 0.17384299635887146, -1.9237473011016846, -2.251311779022217, 1.0243315696716309, -0.08423113822937012, -0.3654881715774536, 0.47921162843704224, 0.23988795280456543, -0.8154124617576599, 0.5021817088127136, -0.1592789590358734, -0.030016271397471428, 0.0032739348243921995, 0.2581363916397095, -7.391433238983154, -4.117797374725342, -2.754301071166992, 0.20566605031490326, -0.46535998582839966, 0.10160457342863083, 0.009935451671481133, 0.0019638733938336372, 0.0033406931906938553, 0.25049450993537903, -0.3510505259037018, 0.004123070742934942, 0.009158219210803509, 0.0010024870280176401, 0.00021093233954161406, 0.10791902244091034, 0.25235044956207275, -0.09099894016981125, -0.007422040682286024, 0.0008600482251495123, 0.001370641984976828, 0.2542910575866699, 0.49015137553215027, 0.025507330894470215, -0.00261314888484776, 0.0005151451332494617, -0.007036346942186356, 0.362618625164032, -0.2832079529762268, -0.9621086716651917, 0.011239908635616302, 0.007315486669540405, 0.0006229491555131972, 0.28671979904174805, -1.0, -0.43090301752090454, 0.5734544396400452, 0.3329017460346222, -0.37056711316108704, -0.12832430005073547, -0.6299902200698853, 1.0, -0.7890697121620178, 0.24308736622333527, 0.6925867795944214, 0.3742276728153229, -1.0, -1.0, -0.9743472337722778, 0.12866684794425964, -0.8992396593093872, 0.6650522947311401, -1.0]
[0.5068117380142212, -0.9999969601631165, -0.007937450893223286, 0.5583601593971252, -0.4253503978252411, -0.5206584930419922, -0.365487277507782, 0.3040866553783417, -0.8025476932525635, -0.747782826423645, 0.6680664420127869, -0.9943145513534546, -0.03659846633672714, -0.044001735746860504, 0.03849184140563011, 0.6707922220230103, -0.9999999403953552, -1.0, -0.8211607933044434, -0.18488089740276337, -0.023825176060199738, -0.9283456206321716, 0.5470957159996033, -1.0, -0.17059950530529022, 0.0001444852678105235, -0.3221648931503296, 0.03966211900115013, 1.1170369386672974, 0.41115307807922363, 0.0009872972732409835, -0.2802084684371948, 0.8503932952880859, 0.25374963879585266, -0.004790828563272953, 0.10451650619506836, 0.0377187505364418, -0.012601706199347973, 0.5078632235527039, -0.18569786846637726, -2.6161975256400183e-05, -9.25151562114479e-06, -0.00019825543859042227, -1.8062902688980103, 0.34823381900787354, 0.04090499505400658, 0.24733038246631622, 7.785752131894697e-08, 2.758683681488037, 0.018007401376962662, 0.02888362854719162, 0.03388303890824318, -0.015825670212507248, -0.010403135791420937, 0.0370192676782608, -0.022726159542798996, 0.00575419282540679, 0.006665504537522793, 0.12278103828430176, 0.022497273981571198, -0.006523498333990574, -0.004805313888937235, 0.021242620423436165, 0.12677444517612457, 0.008750639855861664, 0.0023791659623384476, 0.00037438509752973914, -0.004306582733988762, 0.0223322045058012, 0.010499636642634869, 0.033775825053453445, 0.009108692407608032, 0.05186434090137482, -0.41967371106147766, 0.4187833368778229, -0.17009775340557098, 0.5775424838066101, 0.049028050154447556, -0.7969363927841187, 0.2986914813518524, -0.0016411382239311934, 0.28667914867401123, 0.17591679096221924, -0.9895263910293579, -0.021219072863459587, 0.0, -0.38999998569488525, 0.47999998927116394, 0.09761159867048264, -0.642951250076294, -0.08311405032873154, 0.7551011443138123, -0.03417158126831055, -0.06693638116121292, -0.08220509439706802, -0.9937775731086731, -0.030548948794603348, -0.41615474224090576, 0.4722679555416107, 4.839681787416339e-05, -0.10818885266780853, 0.9940926432609558, -0.008660435676574707, 0.14293743669986725, 0.2154582440853119, 0.11225958913564682, -7.823670387268066, -1.1928303241729736, 2.0675854682922363, -0.004176597576588392, -0.43050751090049744, 0.4525482654571533, -0.012664888985455036, -0.4302414357662201, 0.9000208973884583, -0.0685148686170578, 0.14886930584907532, 0.047928519546985626, 0.05160687118768692, -4.083279132843018, -0.45568332076072693, 0.5169247984886169, -0.0010857308516278863, -0.42106395959854126, 0.40285342931747437, 0.039324238896369934, -0.3665677607059479, 0.923785924911499, 0.1034458726644516, 0.1561579555273056, -0.007603101432323456, 0.0419667586684227, -0.6322649121284485, 0.08708678930997849, 0.967042863368988, 0.01594727113842964, -0.42351236939430237, 0.41125166416168213, -0.20155197381973267, -0.8056952953338623, 0.5556402206420898, 0.038676660507917404, 0.16557884216308594, -0.08969011902809143, 0.16450878977775574, -1.7202860116958618, -2.0117766857147217, 0.3019289970397949, -0.0853944942355156, -0.3632888197898865, 0.48182448744773865, 0.21099799871444702, -0.7818374037742615, 0.5661608576774597, -0.15385736525058746, -0.13476711511611938, 0.10274986922740936, 0.28314849734306335, -7.873961925506592, -3.4083564281463623, -3.8296473026275635, 0.5811362862586975, 0.1274891346693039, -0.06271049380302429, -0.008490800857543945, 0.0010079399216920137, -0.00333415437489748, 0.5148221850395203, -0.10055740177631378, -0.0743853747844696, 0.00515714380890131, 0.0019738839473575354, 0.0015015164390206337, 0.736880362033844, 0.16764730215072632, 0.0889730453491211, -0.002290604403242469, 0.002479725517332554, -0.004652978386729956, 0.6911572813987732, -0.03788279742002487, 0.20008406043052673, -0.00019385703490115702, 0.004405672196298838, -0.0006192434811964631, 0.31482309103012085, 0.07398446649312973, -0.6059061288833618, -0.002603139728307724, 0.004071524832397699, -0.0018220097990706563, 0.5397801399230957, -1.0, -0.44726622104644775, 0.5917627215385437, 0.18047939240932465, -0.5296964645385742, -0.0606345608830452, -0.3013842701911926, 1.0, -0.7376508116722107, 0.04736678674817085, 0.6426060795783997, 0.48244816064834595, -1.0, -1.0, -1.0, 0.272173136472702, -0.8186709880828857, 0.8124958276748657, -1.0]
[0.48278218507766724, -1.000002384185791, -0.0863833948969841, 0.56796795129776, -0.31783169507980347, -0.45884740352630615, -0.39071011543273926, 0.2898712456226349, -0.7054805755615234, -0.7175381183624268, 0.6628358960151672, -0.975861668586731, -0.02926030382514, -0.046567127108573914, 0.13429692387580872, 0.6221876740455627, -0.9999994039535522, -0.9999997615814209, -0.8211821913719177, -0.3190562427043915, 0.038873154670000076, -0.88641357421875, 0.5932344198226929, -0.9999998211860657, -0.027205903083086014, 8.376321784453467e-05, -0.3209953308105469, 0.11424646526575089, 0.9294762015342712, 0.8350788950920105, -0.1270267814397812, -0.05301376059651375, 0.9141974449157715, 0.30309250950813293, -0.021437441930174828, 0.20943789184093475, 0.10957316309213638, -0.01108583714812994, 0.42337870597839355, -0.20525097846984863, -7.159111646615202e-06, -3.1425327051692875e-06, -0.00013915628369431943, -1.5728763341903687, 0.5039047598838806, 0.13607077300548553, 0.3063041567802429, -2.021339753355278e-07, 2.7623093128204346, 0.005070952698588371, 0.02879197709262371, 0.0353061817586422, -0.00597086688503623, 0.01735655404627323, 0.05230144038796425, 0.06981291621923447, 0.02520850859582424, 0.009933109395205975, 0.1044839471578598, 0.013056132942438126, 0.009833314456045628, 0.0045990911312401295, 0.012206068262457848, 0.10676554590463638, 0.0030381884425878525, 0.00016444850189145654, -0.0003826240135822445, 0.029148712754249573, 0.037781670689582825, 0.023188885301351547, 0.01638583093881607, 0.005164158530533314, 0.05479525402188301, -0.42006656527519226, 0.4231349527835846, -0.17230795323848724, 0.6012747287750244, 0.05075972154736519, -0.7785898447036743, 0.11627542972564697, -0.02975429780781269, 0.24150000512599945, 4.6388140617636964e-05, -0.5790883302688599, -0.1487964689731598, 0.0, -0.38999998569488525, 0.47999998927116394, 0.09761159867048264, -0.642951250076294, -0.08311405032873154, 0.7551011443138123, -0.036772217601537704, -0.037205588072538376, -0.07847712934017181, -0.9955424666404724, -0.029117431491613388, -0.4142369329929352, 0.47376006841659546, -0.008806484751403332, -0.038211070001125336, 0.9989608526229858, -0.023230532184243202, 0.008799086324870586, 0.26448795199394226, 0.09717094898223877, -9.359389305114746, -1.4580371379852295, 1.1922812461853027, -0.00273440801538527, -0.4298681616783142, 0.45350542664527893, -0.015507322736084461, -0.38981229066848755, 0.9176589250564575, -0.07555044442415237, 0.019473468884825706, 0.11332963407039642, 0.1447755992412567, -5.743677139282227, -1.1444839239120483, 0.11930286884307861, 0.0003655681211967021, -0.42146652936935425, 0.4038394093513489, 0.04132702201604843, -0.3580145239830017, 0.927562415599823, 0.0987200140953064, 0.042680706828832626, -0.010990147478878498, 0.09016089886426926, -1.503090500831604, 0.167106032371521, 0.44499775767326355, 0.017489349469542503, -0.42482465505599976, 0.41354721784591675, -0.20978623628616333, -0.7989426255226135, 0.5631662011146545, 0.022897863760590553, 0.04861612617969513, -0.08664856851100922, 0.1460568755865097, -1.5299570560455322, -1.7703239917755127, -0.10879164189100266, -0.08753146976232529, -0.35976386070251465, 0.48483002185821533, 0.18229050934314728, -0.7457354068756104, 0.6262366771697998, -0.1359279751777649, -0.20834040641784668, 0.19491948187351227, 0.3033682405948639, -7.8057098388671875, -1.9049819707870483, -4.3652496337890625, 0.5704506635665894, -0.2656484544277191, -0.023580163717269897, 0.013371828012168407, 0.00017371652938891202, -0.004089812282472849, 0.6097211241722107, -0.3849277198314667, 0.040327221155166626, 0.004159193020313978, 0.0024821520783007145, -0.001203168067149818, 0.6439374685287476, -0.018424373120069504, 0.13723355531692505, 0.004322725813835859, 0.002353115240111947, -0.0031976276077330112, 0.5832535624504089, -0.0010663933353498578, 0.19282585382461548, -0.0003986200026702136, 0.003042548894882202, -0.0011641753371804953, 0.23573601245880127, -0.04832383245229721, -0.3553224802017212, -0.005345312878489494, 0.0013923832448199391, -0.0042398893274366856, 0.7657666206359863, -1.0, -0.5095608234405518, 0.6525741219520569, 0.19293110072612762, -0.7976024150848389, 0.11960615962743759, -0.199092298746109, 1.0, -0.6086568832397461, 0.13651452958583832, 0.6177586317062378, 0.3748522698879242, -1.0, -1.0, -1.0, 0.4612422287464142, -0.5162757039070129, 0.8928543329238892, -1.0]
[0.4972993731498718, -1.0000088214874268, -0.12001467496156693, 0.583232045173645, -0.19310061633586884, -0.34139811992645264, -0.4259529411792755, 0.3004451394081116, -0.6379061937332153, -0.6896584033966064, 0.661702036857605, -0.9592466354370117, -0.004291079007089138, -0.045747533440589905, 0.22150550782680511, 0.5761372447013855, -1.0000014305114746, -1.0000001192092896, -0.8212708234786987, -0.43376752734184265, 0.12049678713083267, -0.7419848442077637, 0.607092022895813, -0.9998875260353088, 0.11651470512151718, 0.00015543172776233405, -0.040635474026203156, 0.16071000695228577, 1.2705767154693604, 1.3331968784332275, -0.11063790321350098, 0.18682846426963806, 0.4774455726146698, 0.21084153652191162, 0.005472683813422918, 0.147114098072052, 0.2902536690235138, 0.026491964235901833, 0.37629270553588867, -0.18004243075847626, 2.991663131979294e-05, -2.219837142547476e-06, -0.0010051208082586527, -1.3284192085266113, 0.6342140436172485, 0.47118091583251953, -0.02798384241759777, 0.0009482066961936653, 3.063472270965576, 0.01898840256035328, 0.04814685136079788, 0.043400805443525314, 0.03026975691318512, 0.028274739161133766, 0.06866521388292313, 0.0850735455751419, 0.0013371184468269348, -0.006252001039683819, 0.09710348397493362, -0.012007440440356731, -0.0005528339534066617, 0.0016224037390202284, 0.022151004523038864, 0.12520143389701843, 0.009613201022148132, 0.002253412501886487, 0.00018302531680092216, 0.027576712891459465, 0.030808644369244576, 0.04212027043104172, -0.01150570623576641, -0.0038783331401646137, 0.0550396554172039, -0.42111873626708984, 0.4266633093357086, -0.1712646782398224, 0.6148631572723389, 0.06506406515836716, -0.7670581936836243, -0.04004287347197533, -0.09398739039897919, 0.2107618749141693, 0.24668776988983154, -0.3294810950756073, -0.5077736377716064, 0.0, -0.38999998569488525, 0.47999998927116394, 0.7063004970550537, -0.04173245653510094, -0.7054446935653687, 0.04178306460380554, 0.965654194355011, 0.06854264438152313, -0.11126765608787537, -0.22457319498062134, -0.02990392968058586, -0.41134610772132874, 0.475409597158432, -0.015009389258921146, 0.06279832124710083, 0.9976200461387634, -0.024193372577428818, -0.11575118452310562, 0.4075762927532196, 0.0782722607254982, -13.796302795410156, -0.867361307144165, -0.8143866658210754, -0.003422996960580349, -0.4288695752620697, 0.4551686942577362, -0.021479124203324318, -0.35109424591064453, 0.9327971339225769, -0.07849156856536865, -0.11929544806480408, 0.11253595352172852, 0.1511019617319107, -4.310727596282959, -0.9361923933029175, -0.5758712291717529, -0.00022306846221908927, -0.42176422476768494, 0.40509703755378723, 0.04211699962615967, -0.3426254391670227, 0.933188796043396, 0.09996333718299866, -0.08676744252443314, 0.010988411493599415, 0.10206110030412674, -2.2660224437713623, 0.3806550204753876, -0.2611902952194214, 0.016922462731599808, -0.42618921399116516, 0.4157167375087738, -0.22154268622398376, -0.7911960482597351, 0.5699069499969482, 0.011560729704797268, -0.09205504506826401, -0.08394055813550949, 0.13421957194805145, -1.3838521242141724, -1.542410969734192, -0.8097864985466003, -0.09014616906642914, -0.35551610589027405, 0.4886326193809509, 0.16781073808670044, -0.7052137851715088, 0.6803095936775208, -0.10812859237194061, -0.2141464352607727, 0.25081539154052734, 0.360792338848114, -8.21965217590332, 0.44686365127563477, -3.051452398300171, 0.596996009349823, -0.5794482231140137, 0.09980954974889755, 0.019583016633987427, -0.003733083140105009, -0.008134582079946995, 0.7387228012084961, -0.08184181153774261, 0.04222898185253143, -0.007479628548026085, 0.0027263937518000603, -0.0038481969386339188, 0.6207057237625122, 0.06224026903510094, 0.0105696776881814, 0.002556007821112871, 0.0024715589825063944, -0.0021823160350322723, 0.68377286195755, -0.030607564374804497, 0.21172478795051575, -0.00027608798700384796, 0.0038540936075150967, -0.001339765265583992, 0.10795427858829498, -0.33213570713996887, -0.032437343150377274, -0.0039034676738083363, -0.005605602171272039, -0.00835422333329916, 1.0, -1.0, -0.051537029445171356, 0.6988385915756226, 0.611092209815979, -0.9929332137107849, 0.29534777998924255, -0.4689999520778656, 1.0, -0.7355631589889526, 0.2759156823158264, 0.8683659434318542, 0.3810809254646301, -1.0, -1.0, -1.0, 0.6495575308799744, 0.5547446608543396, 0.4984562397003174, -1.0]
[0.5402629375457764, -0.9957819581031799, -0.19162563979625702, 0.6270995140075684, -0.13618451356887817, -0.21503755450248718, -0.37337538599967957, 0.3006610870361328, -0.643782377243042, -0.6791372895240784, 0.65857994556427, -0.9615597724914551, -0.02597798779606819, -0.044950325042009354, 0.21248553693294525, 0.5862538814544678, -0.999228835105896, -0.9670754075050354, -0.8160181045532227, -0.5296733379364014, 0.17334268987178802, -0.6168801188468933, 0.6111528873443604, -0.9999186396598816, 0.19870109856128693, 0.03891584649682045, -0.4269488751888275, 0.533477246761322, 0.13196666538715363, 0.8212753534317017, 0.2976285517215729, -0.1260148286819458, -0.34044837951660156, -0.01548062451183796, -0.04186968132853508, -0.07971110194921494, -0.45120906829833984, -0.06724455207586288, -0.2643146514892578, 0.1651252657175064, 0.01036201510578394, 0.46335870027542114, 0.10780177265405655, -1.1062830686569214, 0.23594331741333008, 0.21654346585273743, 0.05603308603167534, -0.0006498070433735847, 1.7738093137741089, 0.1408504843711853, -0.0181958619505167, 0.10642072558403015, -0.04128473252058029, -0.055507734417915344, 0.03941556438803673, -0.08258751779794693, -0.0932236835360527, -0.04676367715001106, 0.03156953305006027, -0.04499354213476181, -0.0721144899725914, -0.036033641546964645, -0.19606894254684448, 0.1711447536945343, -0.12402103841304779, -0.014644024893641472, 0.0027376813814044, 0.03554823249578476, -0.13364219665527344, -0.10038107633590698, 0.005843732040375471, 0.0043693226762115955, 0.053666338324546814, -0.4229790270328522, 0.42824357748031616, -0.16531431674957275, 0.6296749711036682, 0.07988015562295914, -0.7548508048057556, -0.08356361091136932, -0.11438079178333282, 0.03856075182557106, 0.10444748401641846, -0.4146910309791565, -0.4244908392429352, 0.0, -0.38999998569488525, 0.47999998927116394, 0.7063004970550537, -0.04173245653510094, -0.7054446935653687, 0.04178306460380554, 0.9671114683151245, 0.05500875040888786, -0.09132704883813858, -0.23093049228191376, -0.03206286579370499, -0.40827298164367676, 0.47770023345947266, -0.025443073362112045, 0.1527072787284851, 0.9876435399055481, -0.02435663528740406, -0.18271715939044952, 0.2815198600292206, 0.10484395176172256, -7.599647045135498, -1.786908745765686, 0.31031495332717896, -0.0062902639620006084, -0.4290161430835724, 0.45538434386253357, -0.020858149975538254, -0.3482024073600769, 0.935030460357666, -0.0635441467165947, -0.2081659734249115, -0.07274958491325378, -0.07184408605098724, 2.181743621826172, 1.244733214378357, -1.9160130023956299, -0.002473860513418913, -0.4219646453857422, 0.404890775680542, 0.03851421922445297, -0.350242555141449, 0.9298263192176819, 0.10615943372249603, -0.18298718333244324, -0.04311336204409599, -0.08190788328647614, 2.722935199737549, -0.6336435079574585, -1.2741767168045044, 0.014233345165848732, -0.4266558885574341, 0.41639095544815063, -0.22602710127830505, -0.7809503674507141, 0.5818936824798584, 0.02068348228931427, -0.24471217393875122, 0.0019536027684807777, 0.02375759556889534, -1.7451733350753784, 2.2289364337921143, -1.6878849267959595, -0.09331203997135162, -0.35052594542503357, 0.49095776677131653, 0.1490381509065628, -0.6709875464439392, 0.7216989994049072, -0.08193789422512054, -0.26337486505508423, 0.3040560185909271, 0.15711373090744019, -5.457347393035889, -1.2154829502105713, -3.8792362213134766, 0.3792796730995178, 0.8232486248016357, 0.09874553233385086, -0.04315900802612305, 0.00486823171377182, 0.0018608646932989359, 0.4245471954345703, 1.1623265743255615, -0.2806316614151001, -0.029328780248761177, 0.0014166496694087982, -0.0024508191272616386, 0.23381231725215912, 0.7793025970458984, -0.45279502868652344, -0.024344105273485184, 0.0014460755046457052, 0.0007525017135776579, 0.9061452746391296, 0.33579617738723755, 0.04887252300977707, 0.007774624042212963, 0.007086411118507385, -0.01152100507169962, 0.226305291056633, 1.3963590860366821, -0.10555125772953033, -0.009466201066970825, 0.0007484424859285355, 0.012094047851860523, 1.0, -1.0, -0.922646701335907, 1.0, -0.26794224977493286, 0.23622076213359833, 0.08746682852506638, -1.0, 1.0, -1.0, -0.43610477447509766, -0.37400853633880615, 1.0, -1.0, -0.6155505180358887, -1.0, 0.22651110589504242, -0.35185471177101135, 0.6880559921264648, -1.0]
[0.5976579785346985, -0.991688072681427, -0.2881500720977783, 0.6857287883758545, -0.14764165878295898, -0.17914614081382751, -0.2863026559352875, 0.28388315439224243, -0.6904916167259216, -0.6890479326248169, 0.6755460500717163, -0.9657577872276306, -0.08902650326490402, -0.05897141620516777, 0.14123430848121643, 0.6276559233665466, -0.9999993443489075, -0.9213154315948486, -0.8025652766227722, -0.6098647117614746, 0.18715009093284607, -0.5483860373497009, 0.6238330602645874, -0.9999222755432129, 0.22861425578594208, 0.017788974568247795, -0.3793427646160126, 0.5416221022605896, -0.23141613602638245, 0.05897169187664986, 0.3721504807472229, -0.1622743308544159, -0.4802205264568329, -0.13761389255523682, 0.1103600263595581, -0.01591113582253456, -0.634106457233429, -0.1652090698480606, -0.3859240710735321, 0.1468026489019394, -1.7778947949409485e-06, 0.3868562877178192, 0.12149864435195923, -0.9254434704780579, 0.02121979556977749, 0.13977937400341034, 0.09083389490842819, 0.0002604828914627433, 0.4780326783657074, -0.3701421618461609, 0.008930109441280365, -0.019971314817667007, -0.029596030712127686, -0.030610429123044014, 0.005677006207406521, -0.017030224204063416, -0.011797788552939892, -0.007363025099039078, 0.02682095766067505, -0.01633450575172901, -0.010812134481966496, -0.005593477748334408, -0.08745674043893814, -0.0005199714796617627, -0.02812054194509983, -0.018870491534471512, -0.007456450257450342, 0.04861391708254814, -0.07773105800151825, -0.05165686830878258, -0.01494501531124115, -0.0021161374170333147, 0.052003104239702225, -0.42497193813323975, 0.42722177505493164, -0.16881214082241058, 0.640900194644928, 0.10450365394353867, -0.7415040135383606, -0.11732406169176102, -0.12607477605342865, -0.07626364380121231, 0.855073094367981, -0.2107316106557846, -0.49897143244743347, 0.0, -0.38999998569488525, 0.47999998927116394, 0.7063004970550537, -0.04173245653510094, -0.7054446935653687, 0.04178306460380554, 0.9644295573234558, 0.04111066088080406, -0.07310041785240173, -0.2506822645664215, -0.034944579005241394, -0.40562859177589417, 0.47994905710220337, -0.03749556466937065, 0.18621854484081268, 0.9814638495445251, -0.02540377527475357, -0.2038000524044037, 0.17460881173610687, 0.10456052422523499, -1.9425486326217651, -1.3359202146530151, 0.17701050639152527, -0.010166440159082413, -0.4298969507217407, 0.4540574848651886, -0.017707180231809616, -0.37405630946159363, 0.9263150095939636, -0.04133761301636696, -0.25631216168403625, -0.09073701500892639, -0.1331285834312439, 3.8118808269500732, 1.445860505104065, -2.3227436542510986, -0.006046150345355272, -0.42201483249664307, 0.4038490653038025, 0.032428111881017685, -0.37879711389541626, 0.9172931909561157, 0.11846655607223511, -0.26412004232406616, -0.035415373742580414, -0.10693857073783875, 3.870607376098633, -0.42491933703422546, -2.1724436283111572, 0.010646134614944458, -0.4262855648994446, 0.4156782627105713, -0.22432266175746918, -0.7708931565284729, 0.5947093367576599, 0.04151768237352371, -0.2374868094921112, 0.03417282924056053, -0.03769673407077789, -0.9833378195762634, 2.4959142208099365, -1.2731164693832397, -0.09665088355541229, -0.3453978896141052, 0.4911082684993744, 0.12050794810056686, -0.6464273929595947, 0.7508080005645752, -0.06242496520280838, -0.25561147928237915, 0.29553109407424927, 0.03558146953582764, -3.859252452850342, -1.8692846298217773, -3.781749725341797, 0.0809578225016594, 0.4514904022216797, -0.24695581197738647, -0.02383807674050331, -0.0016203857958316803, -0.0015082036843523383, 0.11420600861310959, 0.15468184649944305, -0.13018393516540527, -0.005042797885835171, 0.0005267653614282608, -8.020747191039845e-05, 0.15894003212451935, 0.12085430324077606, -0.13413022458553314, -0.0037806634791195393, 0.0002614456752780825, -0.0013370499946177006, -0.018387701362371445, 0.27644696831703186, -0.004784617573022842, -0.003309746040031314, -0.0016555229667574167, -0.00257186614908278, -0.02361464872956276, 0.7921448349952698, 0.1961304247379303, -0.007078724447637796, -0.0017383008962497115, 0.005098348017781973, 1.0, -1.0, -0.7789371013641357, 1.0, -0.35145804286003113, 0.3192172944545746, 0.15504324436187744, -1.0, 0.9384052157402039, -1.0, -0.544499397277832, -0.2374146729707718, 1.0, -1.0, -0.6695622205734253, -1.0, 0.13330484926700592, -0.3151448667049408, 0.713249683380127, -1.0]
[0.6586480140686035, -0.9910607933998108, -0.34969690442085266, 0.739704430103302, -0.19611316919326782, -0.18576017022132874, -0.21101269125938416, 0.2772558331489563, -0.7406851649284363, -0.7052900195121765, 0.6915058493614197, -0.9711294770240784, -0.16503095626831055, -0.07960813492536545, 0.07161547243595123, 0.657231867313385, -0.9999971389770508, -0.9063637256622314, -0.7939649820327759, -0.6772003173828125, 0.1694895625114441, -0.5115599632263184, 0.6163798570632935, -0.9997273087501526, 0.22862961888313293, -0.002755978377535939, -0.1853998601436615, 0.47194287180900574, -0.5615519285202026, -0.1397458165884018, 0.2824570834636688, -0.01365883368998766, -0.452800989151001, -0.15659959614276886, 0.05168071389198303, -0.0651678591966629, -0.7436427474021912, -0.2184160053730011, -0.2689254879951477, 0.11708905547857285, -5.488684473675676e-05, 0.014536703936755657, 0.03541572391986847, -0.776222288608551, -0.21198223531246185, 0.060736894607543945, -0.11766695976257324, 0.0019278019899502397, -0.2056288868188858, -0.23765617609024048, 0.016759468242526054, -0.0405786894261837, -0.03373955935239792, -0.01832168735563755, -0.017310168594121933, 0.01996096968650818, 0.015919635072350502, 0.006369232200086117, -0.015868376940488815, -0.022620100528001785, -0.01243857853114605, -0.005849038250744343, 0.0314452163875103, -0.0042192367836833, 0.017496727406978607, -0.019927311688661575, -0.012750530615448952, 0.05028482526540756, -0.07940414547920227, -0.05163924768567085, -0.04117197543382645, -0.01034039817750454, 0.049279630184173584, -0.42723357677459717, 0.4252886176109314, -0.2253643274307251, 0.6273440718650818, 0.1900673359632492, -0.7207805514335632, -0.18341313302516937, -0.14137673377990723, -0.12850716710090637, 2.9171788692474365, 0.21880610287189484, -0.6814534068107605, 0.0, -0.38999998569488525, 0.47999998927116394, 0.7063004970550537, -0.04173245653510094, -0.7054446935653687, 0.04178306460380554, 0.9342958331108093, 0.02086986042559147, -0.06684079021215439, -0.3495539426803589, -0.03798997029662132, -0.40367504954338074, 0.4815284013748169, -0.04395567998290062, 0.186348095536232, 0.9812337756156921, -0.02285640314221382, -0.18536972999572754, 0.0838291347026825, 0.08316569030284882, 1.133641004562378, -0.5181413292884827, -0.3460770845413208, -0.014264128170907497, -0.430354505777359, 0.45288363099098206, -0.016716601327061653, -0.40042081475257874, 0.9159509539604187, -0.020430145785212517, -0.2566770315170288, -0.045142848044633865, -0.09251497685909271, 3.1564860343933105, 0.9672608971595764, -2.0882773399353027, -0.009817535057663918, -0.42170435190200806, 0.4022243618965149, 0.024372627958655357, -0.4151862561702728, 0.8999277353286743, 0.1309824436903, -0.2539092004299164, -0.018714074045419693, -0.16765505075454712, 4.973648548126221, -0.9414554834365845, -2.1267693042755127, 0.007306190673261881, -0.4256337583065033, 0.414332777261734, -0.22241294384002686, -0.7690830230712891, 0.5964040756225586, 0.05784410238265991, -0.2167387306690216, 0.05003459006547928, -0.0860249251127243, 0.7913923859596252, 1.1620956659317017, -0.9699877500534058, -0.09963201731443405, -0.3411412835121155, 0.48964688181877136, 0.09209948778152466, -0.6290522813796997, 0.7699663043022156, -0.05443097651004791, -0.20585528016090393, 0.22564730048179626, -0.075141042470932, -2.3774755001068115, -2.5431203842163086, -2.2238526344299316, -0.08492006361484528, 0.35632315278053284, -0.29419568181037903, -0.012976840138435364, -0.003523456398397684, -0.0018205232918262482, -0.10202889144420624, -0.2007509469985962, -0.0020039507653564215, 0.003357967594638467, -0.00030909955967217684, 0.001970510696992278, -0.08919657766819, 0.11813773959875107, -0.16601146757602692, -0.004076972138136625, -0.00040618484490551054, 0.0007858557510189712, -0.018580876290798187, 0.21895071864128113, -0.018178487196564674, -0.009466269053518772, 0.0002483083226252347, 0.002637517172843218, -0.2286376804113388, 0.7464932203292847, 0.5415021181106567, -0.006106459069997072, -0.006682192906737328, 0.005139894317835569, 1.0, -1.0, -0.5198069214820862, 1.0, -0.5891616940498352, 0.27859070897102356, 0.26666614413261414, -1.0, 1.0, -1.0, -0.6529669761657715, -0.120334692299366, 1.0, -1.0, -0.9423803091049194, -1.0, -0.06763690710067749, -0.45738139748573303, 0.44917917251586914, -1.0]
[0.7185837626457214, -0.9924077391624451, -0.360204815864563, 0.786052942276001, -0.2914181649684906, -0.20942553877830505, -0.1292026787996292, 0.28749707341194153, -0.7853640913963318, -0.7212656140327454, 0.709064245223999, -0.9760056734085083, -0.2694241404533386, -0.10835441946983337, 0.024689534679055214, 0.692413330078125, -0.9999999403953552, -0.9151593446731567, -0.794299304485321, -0.6930786371231079, 0.1374051868915558, -0.5285191535949707, 0.5596325993537903, -0.9991003274917603, 0.21861274540424347, -0.012601937167346478, 0.032076116651296616, 0.3995477855205536, -1.048065185546875, -0.29722607135772705, 0.37487444281578064, 0.14955322444438934, -0.38918420672416687, -0.14206357300281525, 0.10345303267240524, -0.03727741166949272, -1.084524393081665, -0.32285618782043457, -0.17443762719631195, 0.17068122327327728, -2.7869258701684885e-05, -0.12532371282577515, -0.029078850522637367, 0.12211918830871582, -0.2442098706960678, -0.09697797149419785, -0.4777037799358368, 0.005423847120255232, -0.4746537208557129, -0.10313502699136734, 0.016952402889728546, -0.03894103318452835, -0.04201162979006767, -0.022150427103042603, 0.0007018622709438205, 0.029278676956892014, 0.02169819176197052, 0.009360650554299355, 0.004455906338989735, 0.002386702224612236, -0.017701981589198112, -0.011643851175904274, 0.02702287584543228, 0.017593933269381523, 0.016728244721889496, -0.0019566253758966923, -0.0031625539995729923, 0.19423024356365204, -0.01717287115752697, -0.025744449347257614, -0.11643944680690765, -0.028783632442355156, 0.04591000825166702, -0.42986148595809937, 0.4222241938114166, -0.3146078884601593, 0.5843617916107178, 0.31317073106765747, -0.6793137192726135, -0.21021145582199097, -0.1659511923789978, -0.19540484249591827, 4.184335231781006, 0.44358697533607483, -0.7678243517875671, 0.0, -0.38999998569488525, 0.47999998927116394, 0.7063004970550537, -0.04173245653510094, -0.7054446935653687, 0.04178306460380554, 0.8658198714256287, -0.00318717397749424, -0.06652729213237762, -0.49590298533439636, -0.040855877101421356, -0.40280407667160034, 0.48242396116256714, -0.0431952029466629, 0.1583140790462494, 0.9863138198852539, -0.015993503853678703, -0.15400029718875885, -0.0397515669465065, 0.06089172884821892, 4.773763179779053, 0.3290276527404785, -0.8333811163902283, -0.01848672144114971, -0.4302321672439575, 0.45248648524284363, -0.016602229326963425, -0.41893866658210754, 0.9078612923622131, 0.001591778825968504, -0.27089014649391174, 0.0017326961969956756, -0.028148962184786797, 2.0320398807525635, 1.1526085138320923, -2.482950210571289, -0.013613367453217506, -0.4210495054721832, 0.39992856979370117, 0.013542836531996727, -0.4636693000793457, 0.874235987663269, 0.14331325888633728, -0.2749250531196594, -0.006585659924894571, -0.23515033721923828, 7.006205081939697, -1.383787751197815, -2.6182937622070312, 0.0038427282124757767, -0.42480966448783875, 0.4129178822040558, -0.22495798766613007, -0.7732475399971008, 0.5886136889457703, 0.07082460820674896, -0.2310187965631485, 0.06684261560440063, -0.09701041132211685, 1.5697028636932373, 0.5312238335609436, -1.2384321689605713, -0.1013932079076767, -0.3398813307285309, 0.4881245791912079, 0.08537757396697998, -0.6284276247024536, 0.7705274820327759, -0.06384851783514023, -0.04516594111919403, -0.006043211091309786, -0.09229051321744919, 1.3522976636886597, -0.6524501442909241, 1.7962603569030762, -0.1396005004644394, 0.47253674268722534, -0.3018903434276581, -0.015062376856803894, -0.0034112324938178062, -0.0015992140397429466, -0.04327075183391571, -0.2787056565284729, 0.043189678341150284, 0.005180066451430321, -0.00014479256060440093, -0.0013548858696594834, 0.01301069837063551, 0.21056154370307922, -0.11870015412569046, -0.008485427126288414, -0.00015794984938111156, -0.001318217720836401, 0.10171528160572052, 0.0061633228324353695, -0.019202139228582382, -0.0030701039358973503, 0.0020096241496503353, 0.0016894557047635317, -0.718280017375946, 0.3941352665424347, 1.6267967224121094, -0.015469696372747421, -0.017291154712438583, -0.0011868819128721952, 1.0, -1.0, -0.2277049720287323, 1.0, -1.0, 0.47604748606681824, 0.40341055393218994, -1.0, 1.0, -1.0, -0.9809384346008301, -0.08873022347688675, 1.0, -1.0, -1.0, -0.496175616979599, -0.0672421008348465, -0.8630058765411377, 0.010500460863113403, -1.0]
[0.7732436656951904, -0.9948537945747375, -0.3538139760494232, 0.8239359855651855, -0.4029219150543213, -0.244771808385849, -0.017750101163983345, 0.30675023794174194, -0.8228660225868225, -0.7350772619247437, 0.7358203530311584, -0.9800853729248047, -0.3833487331867218, -0.14534905552864075, -0.006318395957350731, 0.7378096580505371, -1.0000011920928955, -0.9292975068092346, -0.7984510064125061, -0.6558670997619629, 0.11928284168243408, -0.5871953964233398, 0.4649798572063446, -0.9985954165458679, 0.19392941892147064, -0.018721651285886765, 0.023064270615577698, 0.3215431272983551, -1.0193532705307007, -0.3454827070236206, 0.5033597946166992, 0.19296975433826447, -0.3226960301399231, -0.1194252148270607, 0.11911226809024811, -0.04014655202627182, -1.0344160795211792, -0.35503432154655457, -0.1178252100944519, 0.19793730974197388, -2.8980853130633477e-06, -0.12973719835281372, -0.04359200969338417, 0.6419708132743835, -0.06890049576759338, -0.16760633885860443, -0.6422852873802185, 0.002755396068096161, -0.6779558658599854, -0.015532770194113255, -0.0019108980195596814, -0.035224057734012604, -0.0053364867344498634, -0.001613416476175189, -0.0031394197139889, -0.0005773099837824702, 0.008497639559209347, 0.004648060537874699, -0.02077547460794449, 0.002643853658810258, 0.010631279088556767, 0.004239511210471392, 0.004379259888082743, -0.01740288734436035, 0.003818788332864642, 0.002487210091203451, 0.0007546029519289732, 0.11261031031608582, 0.060833632946014404, 0.024124346673488617, -0.06185270845890045, -0.014848635531961918, 0.04227667674422264, -0.43282318115234375, 0.4179389774799347, -0.4219474196434021, 0.5001410841941833, 0.46261247992515564, -0.5981713533401489, -0.2149951457977295, -0.18758779764175415, -0.26869773864746094, 5.472733497619629, 0.6178286075592041, -0.9597755670547485, 0.0, -0.38999998569488525, 0.47999998927116394, 0.7063004970550537, -0.04173245653510094, -0.7054446935653687, 0.04178306460380554, 0.7383743524551392, -0.033148545771837234, -0.06700637936592102, -0.6702346801757812, -0.04339754208922386, -0.40254703164100647, 0.4827866852283478, -0.04072362184524536, 0.11559412628412247, 0.9924249649047852, -0.00849264394491911, -0.1375379115343094, -0.06612663716077805, 0.03013134002685547, 5.297302722930908, 0.2025119513273239, -0.6471152901649475, -0.022770917043089867, -0.4297187030315399, 0.4525874853134155, -0.015573287382721901, -0.43110376596450806, 0.9017340540885925, 0.02797689475119114, -0.2710466682910919, 0.02646687626838684, -0.002771504456177354, 1.4472085237503052, 1.515812635421753, -2.9006381034851074, -0.01729823835194111, -0.4200187027454376, 0.3974578380584717, 0.0011228792136535048, -0.5163556933403015, 0.8421077728271484, 0.15565982460975647, -0.2548268437385559, 0.028707241639494896, -0.23751237988471985, 6.920478343963623, -1.496111512184143, -2.5897748470306396, 0.0003423360176384449, -0.4238467216491699, 0.4116586446762085, -0.23043179512023926, -0.7783142328262329, 0.5781149864196777, 0.08313291519880295, -0.22429223358631134, 0.07447389513254166, -0.0857783704996109, 1.554904580116272, 0.3451616168022156, -1.382030725479126, -0.10189859569072723, -0.34128084778785706, 0.4877421259880066, 0.10365290939807892, -0.6422640085220337, 0.7548713088035583, -0.08319959789514542, 0.0548800528049469, -0.11471179872751236, -0.047972895205020905, 3.0658762454986572, 1.0903301239013672, 3.800508737564087, -0.11171188950538635, 0.07445314526557922, -0.12535935640335083, -0.0004966192645952106, 0.0004253965453244746, 0.0009071705862879753, -0.09299470484256744, -0.10724176466464996, 0.009016900323331356, 0.0030394336208701134, -0.00032283994369208813, -0.001133773592300713, -0.12048796564340591, -0.10953153669834137, 0.006170106120407581, 0.0025965385138988495, -0.00062322779558599, 8.89048824319616e-05, -0.08999112248420715, -0.03645721450448036, -0.039816781878471375, 0.00020774485892616212, -0.00010966727859340608, 0.0009400875424034894, -0.4117010831832886, -0.23058103024959564, 0.8671848773956299, -0.007024675607681274, -0.008261418901383877, -0.0043792445212602615, 1.0, -1.0, -0.32707083225250244, 1.0, -1.0, 0.75045245885849, 0.42844733595848083, -1.0, 1.0, -1.0, -0.9836634397506714, -0.09522981196641922, 1.0, -1.0, -1.0, -0.28594228625297546, 0.11255320906639099, -1.0, -0.16939517855644226, -1.0]
[0.8114849925041199, -0.9980306029319763, -0.35822317004203796, 0.8546399474143982, -0.5036114454269409, -0.2801433503627777, 0.11661234498023987, 0.3218706250190735, -0.8536251187324524, -0.7464512586593628, 0.7623436450958252, -0.9850097298622131, -0.4637294411659241, -0.18191200494766235, -0.03276660665869713, 0.787151038646698, -1.000001311302185, -0.9425138235092163, -0.8032243847846985, -0.5901616215705872, 0.1376156061887741, -0.6553648710250854, 0.35533174872398376, -0.9983348846435547, 0.1065252348780632, -0.023214934393763542, -0.03996231034398079, 0.26229342818260193, -0.8819767236709595, -0.3168289363384247, 0.5752164721488953, 0.11051478236913681, -0.2639942169189453, -0.09740753471851349, 0.10077829658985138, -0.04643767699599266, -0.5883051753044128, -0.4012630879878998, -0.11916130781173706, 0.20703299343585968, 6.17987916484708e-06, -0.11466006189584732, -0.04395092651247978, 0.9013367891311646, 0.24102964997291565, -0.16457833349704742, -0.6955406069755554, 0.0010296297259628773, -1.9448094367980957, 0.060874566435813904, -0.009285720065236092, -0.03954765945672989, 0.0001089682336896658, 0.002999264281243086, -0.040552426129579544, -0.03131996840238571, -0.0061535160057246685, -0.000936618191190064, -0.08402606844902039, 0.00914786197245121, 0.040022097527980804, 0.010513626039028168, -0.04258895292878151, -0.07895094156265259, -0.02113516628742218, -0.003763914108276367, -0.0004399060271680355, 0.07968053966760635, 0.11102552711963654, 0.055768486112356186, -0.04817790910601616, -0.010591771453619003, 0.03917323797941208, -0.4361518621444702, 0.4125506281852722, -0.519239068031311, 0.3703344762325287, 0.6137421131134033, -0.46536391973495483, -0.1505201905965805, -0.21485528349876404, -0.3196393549442291, 6.245848178863525, 0.8198207020759583, -1.2264922857284546, 0.0, -0.38999998569488525, 0.47999998927116394, 0.7063004970550537, -0.04173245653510094, -0.7054446935653687, 0.04178306460380554, 0.5426289439201355, -0.07113893330097198, -0.0627460777759552, -0.8345991969108582, -0.04517219960689545, -0.40253114700317383, 0.48283928632736206, -0.04050249978899956, 0.07376454025506973, 0.9964418411254883, -0.004688482731580734, -0.08000074326992035, -0.07542099803686142, 0.007570658344775438, 4.772906303405762, -0.07365019619464874, -0.00594073161482811, -0.026390260085463524, -0.42917776107788086, 0.4525688588619232, -0.01300064567476511, -0.44152265787124634, 0.8954102396965027, 0.05593925341963768, -0.20305673778057098, 0.01861521042883396, -0.02374558337032795, 1.5127232074737549, 1.6883797645568848, -2.7712626457214355, -0.019998878240585327, -0.4189271032810211, 0.3955654501914978, -0.009105613455176353, -0.556465744972229, 0.8142814636230469, 0.1649504154920578, -0.1551426202058792, 0.03854440525174141, -0.1649322360754013, 5.036545276641846, -1.1411999464035034, -1.7956907749176025, -0.002401142381131649, -0.42277681827545166, 0.41047540307044983, -0.2349994033575058, -0.7833706140518188, 0.5676475763320923, 0.0942438542842865, -0.14809419214725494, 0.07932700216770172, -0.08472059667110443, 1.5266854763031006, 0.38008299469947815, -1.0026731491088867, -0.10113703459501266, -0.34420251846313477, 0.4888828992843628, 0.14020010828971863, -0.6601638197898865, 0.7307850122451782, -0.10237569361925125, 0.15734918415546417, -0.18136918544769287, 0.031145138666033745, 3.412663698196411, 2.8705360889434814, 4.9191694259643555, -0.3266972303390503, 0.038278210908174515, -0.07982642948627472, 0.003573437687009573, 0.001356498571112752, 0.003098835237324238, -0.4423184394836426, 0.08944857865571976, -0.009797289967536926, 0.0004051105061080307, -0.0018515503033995628, 0.001301674172282219, -0.4816367030143738, -0.3578808903694153, 0.11941322684288025, 0.005145412869751453, -0.002530093537643552, 0.0017902650870382786, -0.4244922399520874, 0.0626547709107399, -0.15460993349552155, 0.0004999157972633839, -0.00263626198284328, -0.00038013781886547804, -0.3891966938972473, -0.5980463027954102, 0.6951364278793335, -0.0016136311460286379, -0.004364626482129097, -0.006410588510334492, 0.7717907428741455, -1.0, -0.43964865803718567, 1.0, -1.0, 0.962532103061676, 0.36604899168014526, -1.0, 1.0, -1.0, -0.726639986038208, -0.1616578847169876, 1.0, -1.0, -1.0, -0.14153501391410828, 0.4089868366718292, -1.0, -0.2948581278324127, -1.0]
[0.8217512369155884, -1.0000061988830566, -0.3695068955421448, 0.8798398971557617, -0.5890831351280212, -0.31659042835235596, 0.24963271617889404, 0.31538626551628113, -0.8785412311553955, -0.7555744647979736, 0.7814522981643677, -0.9910290241241455, -0.4804476797580719, -0.22313816845417023, -0.05147312581539154, 0.8347164988517761, -1.0000014305114746, -0.9540761113166809, -0.8078095316886902, -0.5082699656486511, 0.18456359207630157, -0.715559184551239, 0.23830124735832214, -0.9981685280799866, -0.010377563536167145, -4.734832600661321e-06, -0.04980728402733803, 0.21741662919521332, -0.7413334250450134, -0.47265300154685974, 0.5270631909370422, -0.15370003879070282, -0.21458609402179718, -0.0780748575925827, 0.06058849021792412, -0.05855116248130798, 0.07619498670101166, -0.2458476573228836, -0.06354649364948273, 0.19376450777053833, 9.139337635133415e-06, -0.09909040480852127, -0.040788665413856506, 1.0697767734527588, 0.38815268874168396, -0.13834069669246674, -0.7375239133834839, 0.00044368120143190026, -2.4874207973480225, 0.6658080816268921, -0.006410605739802122, -0.022920668125152588, 0.004255169071257114, -0.010199128650128841, -0.07006828486919403, -0.042999278753995895, -0.015596102923154831, -0.005294359754770994, -0.11184510588645935, 0.04501889646053314, 0.06416738033294678, 0.03875471651554108, 0.006975863128900528, -0.11496391147375107, 0.018364006653428078, 0.009815800003707409, 0.004013347439467907, 0.06125311926007271, 0.08694407343864441, 0.042732179164886475, -0.04857468605041504, -0.009023092687129974, 0.03718162328004837, -0.43992525339126587, 0.40626174211502075, -0.5795268416404724, 0.19806715846061707, 0.7416630983352661, -0.2735942602157593, -0.07739486545324326, -0.244575634598732, -0.375885009765625, 6.970035076141357, 1.0482615232467651, -1.6803268194198608, 0.0, -0.38999998569488525, 0.47999998927116394, 0.7063004970550537, -0.04173245653510094, -0.7054446935653687, 0.04178306460380554, 0.2777993381023407, -0.11815477907657623, -0.04630677029490471, -0.9522197842597961, -0.04565512761473656, -0.4028243124485016, 0.4828345775604248, -0.04160092771053314, 0.03540196269750595, 0.9984885454177856, -0.006052039097994566, 0.0048815906047821045, -0.10088308900594711, 0.01047452911734581, 4.95177698135376, -0.09164565801620483, 0.6537097692489624, -0.028555788099765778, -0.429176390171051, 0.4516952335834503, -0.009473885409533978, -0.45609381794929504, 0.8863033652305603, 0.07971798628568649, -0.1002269759774208, -0.03545131906867027, -0.09570305049419403, 2.3484582901000977, 1.3558422327041626, -2.0873289108276367, -0.020969320088624954, -0.41835856437683105, 0.3949006199836731, -0.013856960460543633, -0.5769473314285278, 0.7989400625228882, 0.16921719908714294, -0.01580827869474888, 0.009783068671822548, -0.0201338492333889, 1.0881026983261108, -0.1423230767250061, -0.3828895688056946, -0.003710247576236725, -0.4218481779098511, 0.409611314535141, -0.23725077509880066, -0.78800368309021, 0.5588580965995789, 0.10217543691396713, -0.04717278480529785, 0.055264707654714584, -0.04648502543568611, 1.1276592016220093, 0.24102520942687988, -0.5284817814826965, -0.0987323522567749, -0.34860432147979736, 0.49097591638565063, 0.19033268094062805, -0.6772788763046265, 0.700173556804657, -0.12175281345844269, 0.2775275409221649, -0.25492846965789795, 0.05176299810409546, 3.6590917110443115, 3.808837413787842, 6.148362159729004, -0.4557006061077118, 0.24346086382865906, 0.09108268469572067, -0.006547215860337019, 0.00029935879865661263, 0.0032531623728573322, -0.6498396396636963, 0.2184566855430603, 0.08995675295591354, -0.0020175096578896046, -0.0028844678308814764, 0.003977117128670216, -0.6337405443191528, -0.8716318011283875, 0.3133918046951294, 0.025680242106318474, -0.0032588259782642126, 0.002500608330592513, -0.6168712377548218, -0.15617476403713226, -0.16304759681224823, 0.001670725760050118, -0.0037025243509560823, 0.0004101722443010658, -0.3329119384288788, -0.40181583166122437, 0.7277583479881287, 0.0004543964168988168, -0.003696504281833768, -0.0033409022726118565, 0.5456797480583191, -1.0, -0.4426180422306061, 1.0, -1.0, 1.0, 0.16283920407295227, -1.0, 1.0, -1.0, -0.3096417188644409, -0.08433584123849869, 1.0, -1.0, -1.0, 0.004226207733154297, 0.5240851640701294, -1.0, -0.4473862946033478, -1.0]
[0.7954016923904419, -1.0000078678131104, -0.4142633378505707, 0.8970317244529724, -0.6605701446533203, -0.38729703426361084, 0.35265448689460754, 0.271085649728775, -0.8985565900802612, -0.7627608180046082, 0.801350474357605, -0.9987581968307495, -0.42665210366249084, -0.22708846628665924, -0.03342856094241142, 0.8525242805480957, -0.9926192164421082, -0.9588630795478821, -0.8089205026626587, -0.41732272505760193, 0.2406540960073471, -0.7643744945526123, 0.12150680273771286, -0.9782084226608276, -0.15960058569908142, 1.510456331743626e-05, -0.2543888986110687, 0.12482505291700363, -0.6180116534233093, -0.7692700028419495, 0.33502891659736633, -0.5433436632156372, -0.17338715493679047, -0.061580974608659744, 0.06450670957565308, -0.07662336528301239, 0.712282121181488, 0.09581316262483597, 0.1560206115245819, -0.02206484042108059, 0.08826586604118347, -0.022559037432074547, 0.005064167082309723, 1.151391863822937, 0.40869995951652527, -0.11089016497135162, -0.7130588889122009, 0.2783859670162201, -3.020385265350342, 0.058989301323890686, -0.022866029292345047, -0.0595628023147583, -0.009945578873157501, -0.008987699635326862, -0.11638042330741882, -0.08821219205856323, -0.03477926924824715, -0.012179608456790447, -0.15435680747032166, 0.05605369061231613, 0.07247697561979294, 0.03941275179386139, -0.030415980145335197, -0.18827074766159058, -0.03614548221230507, -0.013825727626681328, -0.004243494477123022, 0.058252085000276566, 0.036288537085056305, 0.01659906655550003, -0.04294796288013458, 0.00031986419344320893, 0.03660716116428375, -0.44467273354530334, 0.39973923563957214, -0.5738771557807922, 0.0017642148304730654, 0.8183475136756897, -0.031131930649280548, 0.022502288222312927, -0.3002435266971588, -0.3605678677558899, 8.380049705505371, 1.58878493309021, -2.616788864135742, 0.0, -0.38999998569488525, 0.47999998927116394, 0.7063004970550537, -0.04173245653510094, -0.7054446935653687, 0.04178306460380554, -0.034896958619356155, -0.17438620328903198, -0.010472013615071774, -0.9840030670166016, -0.04443461820483208, -0.4037087559700012, 0.4827626943588257, -0.04610840976238251, -0.013618258759379387, 0.9986761212348938, -0.018287161365151405, 0.10961996763944626, -0.1657051146030426, -0.013588827103376389, 6.219160079956055, -0.6135486960411072, 2.3487470149993896, -0.028689762577414513, -0.43016624450683594, 0.44914090633392334, -0.00620828615501523, -0.48052290081977844, 0.8719757199287415, 0.09336727857589722, 0.0442529059946537, -0.11069291085004807, -0.24176335334777832, 3.9037420749664307, 0.40769821405410767, -0.7933881878852844, -0.019969267770648003, -0.41847509145736694, 0.3956367075443268, -0.008391748182475567, -0.5634351968765259, 0.808546245098114, 0.16947947442531586, 0.1403977870941162, -0.0072035957127809525, 0.1176869198679924, -3.4293212890625, 1.253024935722351, 1.1962883472442627, -0.0029650982469320297, -0.4219614565372467, 0.41019538044929504, -0.2380266785621643, -0.7870281338691711, 0.5600017309188843, 0.10162722319364548, 0.12054597586393356, -0.04357173666357994, 0.07293856889009476, -0.8247306942939758, -0.3267395496368408, 0.4422334134578705, -0.09437569975852966, -0.3544321358203888, 0.4929913282394409, 0.24267616868019104, -0.6925979852676392, 0.6649072170257568, -0.1389768272638321, 0.38350367546081543, -0.3234548568725586, 0.01567232236266136, 3.778573989868164, 3.992771625518799, 5.692408561706543, -0.5013934373855591, 0.28935369849205017, -0.11603958159685135, -0.004647394642233849, 0.002431711181998253, 0.006368913687765598, -0.9493844509124756, 0.47000062465667725, -0.08894302695989609, -0.005129599012434483, -0.004813086241483688, 0.008250212296843529, -0.8772664070129395, -0.9325104355812073, 0.3072863519191742, 0.025425095111131668, -0.005040551070123911, 0.003911341540515423, -1.0077271461486816, 0.17747612297534943, -0.25141555070877075, -0.00158135243691504, -0.007986039854586124, 0.0017238038126379251, -0.14699140191078186, -0.020662885159254074, 0.6886643171310425, 0.0005028521991334856, 0.0026717267464846373, -9.34568524826318e-05, 0.22560402750968933, -1.0, -0.8436945676803589, 0.9490349292755127, -1.0, 0.8959583640098572, -0.1553812325000763, -1.0, 1.0, -0.8160880208015442, 0.21382533013820648, 0.14537526667118073, 1.0, -1.0, -1.0, 0.12000337243080139, 0.5582148432731628, -1.0, -0.5226432085037231, -0.7647945880889893]
[0.7357116341590881, -1.0000455379486084, -0.46849092841148376, 0.878764808177948, -0.7191692590713501, -0.4657188057899475, 0.369200199842453, 0.21176911890506744, -0.8570617437362671, -0.7598703503608704, 0.820430338382721, -0.9512925148010254, -0.29899176955223083, -0.2091003805398941, 0.07204841822385788, 0.7839481234550476, -0.9773178100585938, -0.9565842151641846, -0.8052147626876831, -0.30572494864463806, 0.31735190749168396, -0.8059622645378113, -0.014787924475967884, -0.9583342671394348, -0.27527493238449097, 0.00025470953551121056, -0.2055637389421463, -0.3312714397907257, -0.504000723361969, -0.6795682311058044, -0.022365165874361992, -0.48893043398857117, 0.6748033165931702, 0.13234154880046844, -0.007709434721618891, 0.5592077374458313, 1.4602514505386353, 0.2781534492969513, 0.6875764727592468, -0.39828917384147644, 0.19758549332618713, 0.05537775158882141, 0.057602446526288986, 1.5007036924362183, 0.6275210976600647, -0.09588196873664856, -0.9122110605239868, 0.13144047558307648, -2.5842621326446533, 0.020116902887821198, -0.004077783785760403, -0.1510666459798813, -0.05020659416913986, -0.0116199292242527, -0.08341500163078308, 0.07842765748500824, 0.09045584499835968, 0.0450715646147728, -0.17875654995441437, 0.08759661018848419, 0.08690814673900604, 0.043133627623319626, 0.11315011233091354, -0.19239544868469238, 0.12190023064613342, 0.05519784986972809, 0.021505581215023994, 0.09440408647060394, 0.11526960134506226, 0.0519256591796875, -0.08102256804704666, -0.020140595734119415, 0.037760522216558456, -0.4510546922683716, 0.39414408802986145, -0.4794953465461731, -0.18760065734386444, 0.819814920425415, 0.2505868375301361, 0.09918180853128433, -0.43213820457458496, -0.2761400043964386, 7.8631510734558105, 2.4128241539001465, -3.1868398189544678, 0.0, -0.38999998569488525, 0.47999998927116394, 0.7063004970550537, -0.04173245653510094, -0.7054446935653687, 0.04178306460380554, -0.3635791540145874, -0.23815913498401642, 0.05851664021611214, -0.8987025022506714, -0.041424162685871124, -0.40626198053359985, 0.4815407991409302, -0.049698833376169205, -0.07468125969171524, 0.9952392578125, -0.038097865879535675, 0.23168276250362396, -0.31308287382125854, -0.12407482415437698, 7.477315902709961, -0.15029847621917725, 2.957984685897827, -0.025922363623976707, -0.4313133955001831, 0.4468230903148651, -0.0016504335217177868, -0.4856071174144745, 0.8697359561920166, 0.08799098432064056, 0.25723081827163696, -0.04485294967889786, -0.06461650133132935, -1.5694735050201416, 0.19725385308265686, 1.5933634042739868, -0.01694781892001629, -0.4204391539096832, 0.4003572165966034, 0.009733476676046848, -0.5002740025520325, 0.8499664068222046, 0.16488881409168243, 0.32986387610435486, -0.07425164431333542, 0.4940722584724426, -10.85101318359375, 3.132065773010254, 3.5027916431427, 0.00039647333323955536, -0.42408689856529236, 0.4133254289627075, -0.24171556532382965, -0.7763552665710449, 0.5763816833496094, 0.0814255103468895, 0.270244836807251, -0.20044684410095215, 0.30550694465637207, -4.1429057121276855, -2.0869243144989014, 1.0373202562332153, -0.08713917434215546, -0.36202216148376465, 0.49491384625434875, 0.3108825385570526, -0.7046422958374023, 0.617072343826294, -0.16140910983085632, 0.6144729852676392, -0.3896028995513916, -0.011740781366825104, 4.768113613128662, 5.597927093505859, 9.068971633911133, -0.48921799659729004, 0.6338924169540405, -0.3834460973739624, -0.0021115425042808056, -0.001006535952910781, 0.0021098381839692593, -0.7364906072616577, -1.1662087440490723, 0.14557620882987976, 0.027578433975577354, -0.003673016559332609, 0.004260572139173746, -1.0354695320129395, -1.0372755527496338, 0.4316505789756775, 0.02757449820637703, -0.005771164316684008, 0.007074213586747646, -0.9852514266967773, -0.8371841311454773, -0.06809931993484497, 0.008947822265326977, -0.007123325951397419, 0.009705967269837856, -0.5139326453208923, -0.35591456294059753, 1.1706360578536987, -0.0034129249397665262, -0.011917676776647568, -0.0039370981976389885, 0.030818870291113853, -1.0, -0.7275258898735046, 0.5827934741973877, -1.0, 0.34313181042671204, -0.17821475863456726, -0.2997579574584961, 1.0, 0.43343713879585266, 0.9650689959526062, 0.962627112865448, 1.0, -1.0, -1.0, 0.4319550096988678, 0.8591173887252808, -1.0, -0.9075785875320435, -0.9088460206985474]
[0.6385143399238586, -0.9983348846435547, -0.4761347472667694, 0.7865296006202698, -0.7662591934204102, -0.5280089378356934, 0.3451799750328064, 0.17196764051914215, -0.7923137545585632, -0.7406808137893677, 0.800781786441803, -0.9101133942604065, -0.1436776965856552, -0.1714470088481903, 0.21876877546310425, 0.6749284267425537, -0.9643235802650452, -0.9540835022926331, -0.8001676201820374, -0.21957992017269135, 0.37906399369239807, -0.8371374011039734, -0.16518159210681915, -0.9102582335472107, -0.4307841360569, 0.01700340025126934, 0.06051313504576683, -1.1399753093719482, -0.4060412347316742, -0.5153791308403015, -0.08455409109592438, -0.2703694999217987, 0.5572528839111328, 0.19147475063800812, -0.13275949656963348, 0.25131937861442566, 1.4673129320144653, 0.40860873460769653, 0.6601863503456116, -0.38677528500556946, 0.05047241970896721, -0.010837482288479805, 0.028658822178840637, 0.8277787566184998, 0.33946147561073303, -0.07030753791332245, -0.9318681955337524, 0.6047243475914001, -3.085845470428467, 0.23500382900238037, 0.0036679082550108433, -0.23236823081970215, -0.0877641886472702, -0.025445573031902313, -0.06471922993659973, 0.08225297927856445, 0.022547408938407898, 0.007743879687041044, -0.12386618554592133, -0.023220837116241455, -0.018116747960448265, -0.00397875951603055, -0.15744271874427795, -0.08999630808830261, -0.15356478095054626, -0.06410793215036392, -0.02323981001973152, -0.10751532018184662, -0.016147233545780182, -0.010127026587724686, 0.030191589146852493, 0.020069686695933342, 0.03941388055682182, -0.4582584500312805, 0.3874962627887726, -0.3254922926425934, -0.303600937128067, 0.7348436713218689, 0.5117478370666504, 0.09918180853128433, -0.43213820457458496, -0.43967270851135254, 6.359215259552002, 2.6917731761932373, -3.8006675243377686, 0.0, -0.38999998569488525, 0.47999998927116394, 0.7063004970550537, -0.04173245653510094, -0.7054446935653687, 0.04178306460380554, -0.6198883056640625, -0.28073257207870483, 0.16369673609733582, -0.7142345309257507, -0.03593864664435387, -0.41184741258621216, 0.4777098596096039, -0.04482639953494072, -0.15334074199199677, 0.9854425191879272, -0.058138687163591385, 0.43017369508743286, -0.5467224717140198, -0.3424629271030426, 10.121012687683105, 1.2275303602218628, 3.0307364463806152, -0.020324232056736946, -0.43225333094596863, 0.44603413343429565, 0.006178755778819323, -0.4700697660446167, 0.8797877430915833, 0.0704955980181694, 0.42725837230682373, -0.032253146171569824, 0.015379074960947037, -2.458566904067993, 0.02099643647670746, 2.6632344722747803, -0.010835371911525726, -0.4221613109111786, 0.405366450548172, 0.030312487855553627, -0.41941484808921814, 0.8954009413719177, 0.14638827741146088, 0.512243390083313, 0.02561371400952339, 0.38043245673179626, -10.25894546508789, 2.1030945777893066, 4.544378757476807, 0.006162126548588276, -0.4267820417881012, 0.41771143674850464, -0.2446596622467041, -0.7626392841339111, 0.5967618823051453, 0.04896966740489006, 0.425675630569458, -0.1502034068107605, 0.26307010650634766, -3.079477071762085, -2.5746636390686035, 1.9604504108428955, -0.07842647284269333, -0.3692741394042969, 0.49557796120643616, 0.3676241934299469, -0.7069289684295654, 0.575982928276062, -0.1826128214597702, 0.5828647017478943, -0.31544792652130127, -0.06536895781755447, 2.5197253227233887, 2.9714317321777344, 5.960783958435059, -0.5918472409248352, 1.151617169380188, -0.49474895000457764, -0.00817131344228983, -0.003147020237520337, -0.0008594668470323086, -0.6520123481750488, -0.34965839982032776, 0.11364161223173141, 0.002499004127457738, -0.0027089519426226616, 0.0005630780360661447, -0.739043653011322, 0.0658024325966835, -0.284689337015152, -0.0029917224310338497, -0.0033362817484885454, 0.0033559997100383043, -0.45243901014328003, 0.8977991938591003, -0.3637908697128296, -0.009772822260856628, -0.002120502758771181, -0.00429125502705574, 0.3438234329223633, 0.15871670842170715, -0.3874826431274414, 0.012288549914956093, 0.014568512327969074, 0.005385180003941059, -0.2911061942577362, -1.0, -0.28911668062210083, -0.07012330740690231, -1.0, -0.07889270782470703, -0.1475430428981781, -0.4793946146965027, 1.0, 0.027515001595020294, 0.8593682646751404, 1.0, 0.8740894198417664, -1.0, -1.0, 0.05731740593910217, 0.5636550784111023, -1.0, -1.0, -0.4655335247516632]
[0.5089621543884277, -0.9947798848152161, -0.4352726936340332, 0.6226756572723389, -0.8050034046173096, -0.576339066028595, 0.32711338996887207, 0.1633329689502716, -0.7336183190345764, -0.7209252715110779, 0.7624235153198242, -0.8789541721343994, -0.01178335677832365, -0.11355257779359818, 0.34374621510505676, 0.5831392407417297, -0.9673159122467041, -0.9505742788314819, -0.7984523177146912, -0.20467056334018707, 0.4070453941822052, -0.8535100817680359, -0.3034033477306366, -0.7926205992698669, -0.524840772151947, 0.025744665414094925, 0.22380414605140686, -1.7213438749313354, -0.338877409696579, -0.41399237513542175, -0.05759630352258682, 0.023781681433320045, 0.5371705889701843, 0.18339309096336365, -0.13167838752269745, 0.33371710777282715, 1.1229511499404907, 0.8357429504394531, 0.5543338656425476, -0.2897723317146301, -0.05155355483293533, 0.05957391485571861, 0.015651680529117584, -0.16578848659992218, 0.12756846845149994, -0.0254184789955616, -0.8012620806694031, 1.3358603715896606, -1.6994096040725708, 0.1625337302684784, -0.005134752951562405, -0.1389133781194687, -0.05258273333311081, -0.01571895368397236, -0.036646608263254166, 0.07918096333742142, 0.02966974303126335, 0.01043239701539278, -0.016471117734909058, 0.059646740555763245, -0.004266689997166395, 0.02234630286693573, -0.11751876771450043, 0.030423615127801895, -0.08873938024044037, -0.026030711829662323, -0.007555101066827774, -0.19172626733779907, -0.02121761068701744, -0.005550220608711243, 0.09718118607997894, 0.038189638406038284, 0.04106723889708519, -0.46546220779418945, 0.37812235951423645, -0.164162740111351, -0.3367732763290405, 0.5843590497970581, 0.7198324799537659, 0.09918180853128433, -0.43213820457458496, -0.6032054424285889, 5.053006649017334, 2.9113118648529053, -4.214686870574951, 0.0, -0.38999998569488525, 0.47999998927116394, 0.7063004970550537, -0.04173245653510094, -0.7054446935653687, 0.04178306460380554, -0.7772389650344849, -0.2809564471244812, 0.28750431537628174, -0.4840500056743622, -0.02811713144183159, -0.4194753170013428, 0.47066766023635864, -0.03068162500858307, -0.2493983507156372, 0.9649622440338135, -0.07554315030574799, 0.5651787519454956, -0.6231926083564758, -0.5800072550773621, 12.072070121765137, 2.324317693710327, 2.9755218029022217, -0.01281490083783865, -0.43272486329078674, 0.44691863656044006, 0.01639288105070591, -0.4446604251861572, 0.8942046165466309, 0.04905582591891289, 0.5207058787345886, 0.022447094321250916, 0.13239431381225586, -3.827336072921753, 0.09566337615251541, 3.1161768436431885, -0.0026005813851952553, -0.42313623428344727, 0.4095265865325928, 0.047416459769010544, -0.338636577129364, 0.932274580001831, 0.11807188391685486, 0.585708737373352, 0.0896129310131073, 0.35914933681488037, -11.207266807556152, 1.766351342201233, 5.05625057220459, 0.013784023001790047, -0.4284304678440094, 0.42118972539901733, -0.24197585880756378, -0.754927396774292, 0.6093410849571228, 0.015355212613940239, 0.5059409141540527, -0.08546660840511322, 0.21610990166664124, -2.387871026992798, -2.212041139602661, 2.3623170852661133, -0.07100293040275574, -0.3741060197353363, 0.495810866355896, 0.3851344585418701, -0.7005586624145508, 0.57183837890625, -0.18409176170825958, 0.3996955454349518, -0.23468540608882904, 0.04048076272010803, -1.9717731475830078, 0.047275036573410034, -0.12303264439105988, -0.30436962842941284, 0.7070736885070801, -0.27227333188056946, -0.005112847313284874, -0.0015561145264655352, -0.0007855545845814049, -0.3554052710533142, -0.41083449125289917, 0.1137683093547821, 0.0042698802426457405, -0.001482080202549696, 0.0004223937576171011, -0.12841671705245972, -0.2971383035182953, 0.06313323229551315, 0.017889227718114853, -0.0011253274278715253, -0.002103030914440751, 0.15981310606002808, 0.39437735080718994, -0.18927642703056335, -0.001639441354200244, 0.003322987351566553, -0.0040833293460309505, 0.7389383912086487, -0.18046870827674866, -1.324318528175354, 0.015647124499082565, 0.026366624981164932, 0.0027622932102531195, -0.40737107396125793, -0.9771910905838013, -0.07030793279409409, -0.5318235754966736, -1.0, -0.09257848560810089, 0.13191524147987366, -0.41444939374923706, 1.0, -0.3119012713432312, 0.6117725372314453, 1.0, 0.38620495796203613, -1.0, -0.8978283405303955, -0.4324156939983368, 0.4562552273273468, -0.8860623240470886, -0.9640390872955322, 0.13785681128501892]
[0.37588217854499817, -0.9918156266212463, -0.3631148636341095, 0.4288867115974426, -0.8208959698677063, -0.6105976700782776, 0.3168044090270996, 0.1786297708749771, -0.6997427344322205, -0.7053239941596985, 0.7497360706329346, -0.8577476739883423, 0.05890077352523804, -0.010393897071480751, 0.4227016270160675, 0.5025973320007324, -0.9784588813781738, -0.8693522214889526, -0.7850173115730286, -0.2736765742301941, 0.40463700890541077, -0.8300110697746277, -0.3983437716960907, -0.6093785166740417, -0.47448211908340454, 0.013761443085968494, 0.33348700404167175, -1.828100562095642, -0.04715988412499428, -0.20548506081104279, -0.032528918236494064, 0.204535111784935, 0.19612368941307068, 0.10474123805761337, 0.006481927819550037, 0.12573127448558807, 0.40753045678138733, 0.8855947852134705, 0.2574373185634613, -0.3463734984397888, -0.13227522373199463, 1.1099739074707031, 0.25726887583732605, -1.2262626886367798, -0.09203335642814636, 0.10092286020517349, -0.4597035050392151, 1.8773735761642456, 1.5462558269500732, -0.07214293628931046, 0.02445991151034832, 0.02269923873245716, 0.02957526408135891, 0.021798402070999146, 0.03564436361193657, 0.021763060241937637, -0.014420267194509506, -0.009850183501839638, 0.08451135456562042, -0.046353042125701904, -0.07343243062496185, -0.03960289806127548, -0.12446477264165878, 0.051709264516830444, -0.10708972811698914, 0.027296004816889763, 0.02581048756837845, -0.2599349915981293, -0.07121580839157104, -0.0193205364048481, 0.1611699014902115, 0.04739319533109665, 0.042720597237348557, -0.4726659655570984, 0.36602237820625305, -0.023461150005459785, -0.3044237792491913, 0.3926718533039093, 0.8675163388252258, 0.09918180853128433, -0.43213820457458496, -0.7667381763458252, 3.8755276203155518, 3.0805115699768066, -4.461242198944092, 0.0, -0.38999998569488525, 0.47999998927116394, 0.7063004970550537, -0.04173245653510094, -0.7054446935653687, 0.04178306460380554, -0.8448487520217896, -0.23730994760990143, 0.412398099899292, -0.24462705850601196, -0.02003031224012375, -0.42627328634262085, 0.4616541564464569, -0.011880802921950817, -0.340329647064209, 0.9362937808036804, -0.0859556645154953, 0.5042128562927246, -0.4580395519733429, -0.6665555238723755, 10.116909980773926, 2.676340341567993, 1.9244083166122437, -0.00515350978821516, -0.43264397978782654, 0.448551207780838, 0.025929827243089676, -0.42057004570961, 0.9064591526985168, 0.02793385088443756, 0.4627407193183899, 0.0453854501247406, 0.12780393660068512, -2.583909034729004, -0.04931836202740669, 2.6754682064056396, 0.005057032685726881, -0.42332980036735535, 0.4120692014694214, 0.060847800225019455, -0.2643258571624756, 0.9580944776535034, 0.09210997819900513, 0.449538916349411, 0.10666630417108536, 0.14663594961166382, -7.000823497772217, 0.9812045693397522, 3.5115368366241455, 0.021454546600580215, -0.42937207221984863, 0.4246465563774109, -0.23283573985099792, -0.7308365702629089, 0.641573965549469, -0.006931626703590155, 0.45847007632255554, -0.06451759487390518, 0.3055911660194397, -6.965785980224609, 0.6670956015586853, 1.2794480323791504, -0.06728014349937439, -0.37570008635520935, 0.49679723381996155, 0.35374119877815247, -0.6874667406082153, 0.6142673492431641, -0.15789921581745148, 0.0501895472407341, -0.11624481528997421, 0.1872970163822174, -6.395712375640869, -3.505018472671509, -7.15602445602417, 0.3686133325099945, -0.4857192039489746, -0.031150346621870995, 0.014512613415718079, 0.001051819184795022, -0.0031005279161036015, 0.3538517653942108, 0.15883198380470276, -0.05744998902082443, -0.007467703428119421, 0.0014066924341022968, -0.0010664245346561074, 0.506435751914978, 0.822948694229126, -0.5404837727546692, -0.027258673682808876, 0.0006530797691084445, -0.004646975547075272, 0.281363844871521, -0.23857051134109497, 0.05719471350312233, 0.022231929004192352, 9.468093048781157e-05, -0.005826134700328112, 1.1424641609191895, 0.031301021575927734, -2.293417453765869, 0.014182142913341522, 0.02911376953125, 0.0033702882938086987, -0.16303777694702148, -1.0, 0.1379329264163971, -0.6778730750083923, -0.7933300137519836, 0.07677026093006134, 0.2621642053127289, -0.644034743309021, 1.0, -0.6663634777069092, 0.16027317941188812, 0.7386806011199951, 0.09302842617034912, -1.0, -0.002935655415058136, -1.0, 0.2777109444141388, -0.529549241065979, -0.6823279857635498, 0.6156079173088074]
[0.27872055768966675, -0.9891659021377563, -0.2785394489765167, 0.27526092529296875, -0.8061942458152771, -0.6180112957954407, 0.2859131991863251, 0.1757926493883133, -0.7137773633003235, -0.7018550634384155, 0.7505586743354797, -0.8557308912277222, 0.05189337581396103, 0.04155077412724495, 0.4205096960067749, 0.41939082741737366, -0.9916270971298218, -0.7062068581581116, -0.7430108785629272, -0.37777769565582275, 0.3767261207103729, -0.7619647979736328, -0.4491885304450989, -0.3883725702762604, -0.2820301949977875, 0.014991766773164272, 0.31575530767440796, -0.767447829246521, 0.22001491487026215, 0.011154196225106716, -0.3524104356765747, -0.526884913444519, -0.28954413533210754, -0.0317554734647274, 0.0496496744453907, -0.04806739464402199, -0.30596041679382324, 0.13220247626304626, -0.15464027225971222, -0.3367701768875122, -0.11711148172616959, 1.7105880975723267, 0.5004562735557556, -1.3186949491500854, -0.26119503378868103, 0.19921953976154327, -0.2298995554447174, 2.124532461166382, 4.35474967956543, -0.11387991905212402, 0.050907813012599945, 0.7742902040481567, 0.3410889208316803, 0.13103017210960388, -0.03928738832473755, -0.598159670829773, -0.2819483280181885, -0.10852283984422684, 0.16243907809257507, -0.08759225904941559, -0.08545991778373718, -0.06009374558925629, -0.011923345737159252, 0.1791672259569168, 0.010089301504194736, 0.034285806119441986, 0.022074514999985695, -0.09673787653446198, -0.0919245183467865, -0.03420677408576012, 0.08536556363105774, 0.02407362312078476, 0.04437395557761192, -0.4798697233200073, 0.3511962592601776, 0.08040059357881546, -0.22639605402946472, 0.18062779307365417, 0.9537579417228699, 0.09918180853128433, -0.43213820457458496, -0.9302709102630615, 2.7975711822509766, 3.2045116424560547, -4.562071800231934, 0.0, -0.38999998569488525, 0.47999998927116394, 0.7063004970550537, -0.04173245653510094, -0.7054446935653687, 0.04178306460380554, -0.8375282883644104, -0.15395256876945496, 0.5238223671913147, -0.02133694849908352, -0.014610402286052704, -0.4301997423171997, 0.45440199971199036, 0.0032928837463259697, -0.3930310904979706, 0.9154500365257263, -0.08641153573989868, 0.23032520711421967, -0.10881480574607849, -0.26175975799560547, 2.475055456161499, 1.4458775520324707, 0.3055560886859894, 0.0006260764203034341, -0.4329538941383362, 0.44835522770881653, 0.030870622023940086, -0.42436331510543823, 0.9049205780029297, 0.009028535336256027, 0.3147397041320801, -0.11643288284540176, -0.24646824598312378, 4.2392168045043945, -1.1765929460525513, 2.470787525177002, 0.010147822089493275, -0.42327985167503357, 0.41224801540374756, 0.0662311539053917, -0.2448721081018448, 0.964267373085022, 0.07641671597957611, 0.2195248305797577, -0.0039784605614840984, -0.04653991386294365, 0.9936093688011169, -0.02452193945646286, 1.0364736318588257, 0.02768537774682045, -0.4296834468841553, 0.427733838558197, -0.21702361106872559, -0.6821213364601135, 0.6981630921363831, -0.013392901979386806, 0.30960437655448914, -0.0032571004703640938, 0.31830549240112305, -9.82796859741211, 2.86285400390625, -0.1391741931438446, -0.06710200756788254, -0.3750494420528412, 0.4976213574409485, 0.2831900417804718, -0.6726877093315125, 0.6741993427276611, -0.11291519552469254, -0.19796372950077057, -0.024727534502744675, 0.15568897128105164, -6.363651752471924, -4.8610405921936035, -10.810647964477539, 0.8217214941978455, -4.634756088256836, 1.280428409576416, 0.06150883063673973, 0.0034257930237799883, -6.061797103029676e-05, 0.20268431305885315, 3.6861066818237305, -1.2088062763214111, -0.05323124676942825, 0.0005757971666753292, 0.016322016716003418, 1.0244773626327515, 1.1467320919036865, -0.6887301802635193, -0.04289276525378227, 0.0018882874865084887, -0.006898815743625164, 0.9447768926620483, -0.4102717638015747, 0.2999367117881775, 0.01592043787240982, 0.0042956434190273285, -0.005633186548948288, 0.8191657662391663, 0.6400622129440308, -1.279187798500061, -0.0019948985427618027, 0.010966974310576916, 0.002784871496260166, 0.2598888874053955, -1.0, 0.3014550507068634, -0.5849912166595459, -0.5953966975212097, 0.17012006044387817, 0.24825766682624817, -0.9961713552474976, 1.0, -0.9565690159797668, -0.2798513174057007, 0.19184358417987823, 0.04221189022064209, -1.0, 0.43197551369667053, -1.0, 0.11822664737701416, -0.2744915187358856, -0.5732077360153198, 0.9313416481018066]
[0.23469698429107666, -0.986487090587616, -0.20048384368419647, 0.18596528470516205, -0.7856940031051636, -0.6130244731903076, 0.26302653551101685, 0.14107239246368408, -0.75286865234375, -0.7111628651618958, 0.7368687391281128, -0.8696573972702026, -0.010348672047257423, 0.03671509400010109, 0.3285987377166748, 0.35082170367240906, -0.9999880790710449, -0.5235422849655151, -0.6829245090484619, -0.47756871581077576, 0.3271966278553009, -0.6782292723655701, -0.4815583825111389, -0.16803091764450073, -0.0808665081858635, 0.01231095939874649, 0.32845786213874817, -0.8218762278556824, 0.17037278413772583, 0.056903380900621414, -0.034290995448827744, -0.24931465089321136, -0.39372718334198, -0.11776473373174667, -0.132965087890625, -0.1471857875585556, -0.7376337051391602, -0.16375738382339478, -0.5579529404640198, -0.24055318534374237, 0.00013899896293878555, 1.6836780309677124, 0.7195895314216614, -1.1848015785217285, -0.41182613372802734, 0.2052348107099533, -0.17955397069454193, 1.9859619140625, 4.433900833129883, -0.2543627619743347, 0.0906754732131958, 0.04658987373113632, 0.015061893500387669, 0.00581977516412735, 0.09689732640981674, 0.027200672775506973, 0.01001205388456583, 0.0018279405776411295, 0.044776976108551025, -0.04833657667040825, -0.05683691054582596, -0.03060033917427063, 0.019326576963067055, 0.22382409870624542, 0.0970345064997673, 0.025827307254076004, 0.021071434020996094, -0.053308773785829544, -0.07056071609258652, -0.03578383848071098, 0.0451296903192997, 0.0043777478858828545, 0.04602731391787529, -0.48707348108291626, 0.3336440622806549, 0.14000819623470306, -0.12212490290403366, -0.03443548455834389, 0.9819864630699158, 0.09918180853128433, -0.43213820457458496, -1.0938036441802979, 1.8077157735824585, 3.2868714332580566, -4.534436225891113, 0.0, -0.38999998569488525, 0.47999998927116394, 0.7063004970550537, -0.04173245653510094, -0.7054446935653687, 0.04178306460380554, -0.7724427580833435, -0.03856830671429634, 0.6108842492103577, 0.1693071573972702, -0.012704834342002869, -0.4319875240325928, 0.45031848549842834, 0.011862849816679955, -0.41513538360595703, 0.9062026143074036, -0.07949060946702957, 0.039481066167354584, -0.1187305673956871, -0.28159067034721375, 2.7653231620788574, 1.4967212677001953, -0.7313061356544495, 0.0032600637059658766, -0.43386638164520264, 0.4460541605949402, 0.03276687115430832, -0.4528765082359314, 0.8909709453582764, -4.2027637391583994e-05, 0.07678037136793137, -0.07612049579620361, -0.16574090719223022, 3.745178699493408, 0.0033407360315322876, 0.3118756115436554, 0.012444430030882359, -0.4233299195766449, 0.41056904196739197, 0.06460727006196976, -0.2743551731109619, 0.9569200873374939, 0.06970689445734024, 0.07249709218740463, -0.07271651923656464, -0.17096316814422607, 5.122763156890869, -0.9615506529808044, 0.05161362141370773, 0.03175470232963562, -0.4291921555995941, 0.4292972981929779, -0.19489248096942902, -0.623346209526062, 0.7572291493415833, -0.007768995128571987, 0.16899877786636353, 0.07014420628547668, 0.23072703182697296, -10.193802833557129, 4.241312503814697, -0.8195611238479614, -0.06913754343986511, -0.3733412027359009, 0.4972946047782898, 0.19443640112876892, -0.6592429280281067, 0.7233591079711914, -0.06591371446847916, -0.3340762257575989, 0.058899201452732086, 0.04805497080087662, -4.605406284332275, -5.522664546966553, -11.15221881866455, 0.9642854928970337, -0.29745614528656006, -0.14172109961509705, 0.001357933273538947, 0.003952268045395613, -0.0036398833617568016, 0.9355021715164185, -0.11910407245159149, -0.03737189993262291, 4.137967698625289e-05, 0.0038017414044588804, -0.001961002591997385, 0.4181700348854065, 0.6929866075515747, -0.42142266035079956, -0.020205538719892502, 0.0036909938789904118, 0.003558332333341241, 1.1452327966690063, -0.44972604513168335, 0.39020952582359314, 0.014325542375445366, 0.005953964777290821, -0.006491148378700018, 0.44779157638549805, 0.7440725564956665, -0.6971445083618164, -0.006161713041365147, -0.0027869155164808035, 0.0021963210310786963, 0.5043767690658569, -1.0, 0.26277831196784973, -0.49317148327827454, -0.693198025226593, 0.18685103952884674, 0.1940615475177765, -1.0, 1.0, -1.0, -0.5498965978622437, -0.4222395122051239, 0.1498398780822754, -1.0, 0.4794001877307892, -1.0, -0.046054452657699585, -0.2424316108226776, -0.618994951248169, 1.0]
[0.2439778745174408, -0.984557032585144, -0.13683219254016876, 0.10352648049592972, -0.7861666679382324, -0.6099098324775696, 0.26136523485183716, 0.12317666411399841, -0.7934806942939758, -0.7245745062828064, 0.724629819393158, -0.8827939033508301, -0.10738055408000946, 0.010730733163654804, 0.16641069948673248, 0.31947028636932373, -0.9991195797920227, -0.35985687375068665, -0.5505943894386292, -0.5645566582679749, 0.25469231605529785, -0.5948925018310547, -0.5170634388923645, 0.027063317596912384, 0.1179531142115593, 0.008234286680817604, 0.22483614087104797, -0.7658687829971313, -0.09509413689374924, -0.0031124770175665617, -0.01199988555163145, -0.0876394733786583, -0.3650064170360565, -0.12767334282398224, -0.008011010475456715, -0.10160980373620987, -0.9796475768089294, -0.2983424663543701, -0.8543497920036316, -0.06534997373819351, 0.007619988173246384, 1.4196175336837769, 1.615850806236267, -1.011600136756897, -0.585500180721283, 0.199828639626503, -0.23726396262645721, 1.703420639038086, 4.308038234710693, -0.15953171253204346, 0.07681191712617874, -0.0028685000725090504, -0.018154583871364594, -0.01010157261043787, 0.09604158997535706, 0.07406710088253021, 0.037659477442502975, 0.014294701628386974, 0.15056617558002472, -0.015948602929711342, -0.021915361285209656, -0.012118932791054249, 0.03649827837944031, 0.22383557260036469, -0.0006129522807896137, -0.03832896426320076, 0.010076843202114105, -0.05564313381910324, -0.05557219684123993, -0.031773872673511505, 0.03469497337937355, -0.0023446243721991777, 0.04768067225813866, -0.4942772388458252, 0.31336578726768494, 0.15441611409187317, -0.008988750167191029, -0.2386934608221054, 0.9586970806121826, 0.09918180853128433, -0.43213820457458496, -1.2573363780975342, 0.9029513597488403, 3.330578565597534, -4.393711090087891, 0.0, -0.38999998569488525, 0.47999998927116394, 0.7063004970550537, -0.04173245653510094, -0.7054446935653687, 0.04178306460380554, -0.6670560240745544, 0.09929050505161285, 0.6664298176765442, 0.31788164377212524, -0.01375918835401535, -0.43329954147338867, 0.44608768820762634, 0.016226347535848618, -0.44285568594932556, 0.8939380049705505, -0.0670100599527359, -0.1376456320285797, -0.1068628653883934, -0.3168866038322449, 4.165900707244873, 1.298122763633728, -1.3252211809158325, 0.0026862395461648703, -0.43448102474212646, 0.4445335566997528, 0.031953103840351105, -0.47741493582725525, 0.8780947327613831, 0.0018714509205892682, -0.11482708156108856, -0.050246573984622955, -0.10290795564651489, 2.8584139347076416, 0.04012016952037811, -0.713053286075592, 0.011810265481472015, -0.4235406517982483, 0.40818947553634644, 0.059493377804756165, -0.3247902989387512, 0.9411283731460571, 0.07245150208473206, -0.14360101521015167, -0.09406758099794388, -0.20778752863407135, 6.739986896514893, -0.6873799562454224, -1.6547811031341553, 0.033128391951322556, -0.4280928075313568, 0.4289712607860565, -0.16743415594100952, -0.5455417633056641, 0.821104884147644, 0.011695698834955692, 0.014977064915001392, 0.1515774428844452, 0.11923983693122864, -12.333711624145508, 5.845143795013428, -2.1312947273254395, -0.07254808396100998, -0.3711117208003998, 0.495555579662323, 0.10344527661800385, -0.6483427882194519, 0.7537895441055298, -0.02741997130215168, -0.3987593650817871, 0.12111229449510574, -0.0773065984249115, -2.6870381832122803, -5.727263927459717, -9.973348617553711, 0.8264272212982178, 0.15475599467754364, -0.23802460730075836, -0.007780233398079872, 0.003444686532020569, -0.0006988156819716096, 0.8996076583862305, -0.4867591857910156, 0.06404544413089752, 0.006993314251303673, 0.0037494762800633907, -0.0015537645667791367, 0.9390918016433716, 0.347385048866272, -0.13193348050117493, -0.006908156909048557, 0.0026167838368564844, -0.005338231101632118, 1.0918693542480469, 0.18226562440395355, 0.09837150573730469, 0.012810828164219856, 0.004848792217671871, -0.006938088219612837, 0.3310216963291168, 0.6694231033325195, -0.4550773501396179, -0.006619052030146122, -0.007640969008207321, 0.0009262636303901672, 0.8010137677192688, -1.0, 0.1433299481868744, -0.39050137996673584, -0.8895334601402283, 0.19552560150623322, 0.1664484441280365, -1.0, 1.0, -1.0, -0.7299838066101074, -0.9666727185249329, 0.36017394065856934, -1.0, 0.4151134788990021, -1.0, -0.2559427320957184, -0.17772957682609558, -0.7397232055664062, 1.0]
[0.29938024282455444, -0.9841360449790955, -0.09260772913694382, 0.034167613834142685, -0.8077487945556641, -0.6141112446784973, 0.26849931478500366, 0.12504735589027405, -0.8293051719665527, -0.7374836206436157, 0.7279297113418579, -0.8923290371894836, -0.21500538289546967, -0.023654431104660034, -0.01547511201351881, 0.32770782709121704, -0.9976546168327332, -0.24729076027870178, -0.38214194774627686, -0.6383787393569946, 0.16435830295085907, -0.5177713632583618, -0.574987530708313, 0.192103311419487, 0.2716646194458008, -0.003671161597594619, 0.1611710637807846, -0.5740323066711426, -0.2532789707183838, -0.06728825718164444, 0.035680416971445084, 0.07903733104467392, -0.31106439232826233, -0.11415889114141464, 0.020177558064460754, -0.08735796064138412, -1.0008028745651245, -0.3361869156360626, -0.8330593109130859, 0.0906778946518898, 0.013212092220783234, 0.8355587124824524, 1.3878439664840698, -0.8527504801750183, -0.6878752112388611, 0.18029636144638062, -0.41918236017227173, 1.4281784296035767, 3.2136616706848145, -0.17288945615291595, 0.06622247397899628, 0.06433457136154175, 0.019139952957630157, 0.004717118572443724, 0.07875975221395493, 0.03331943601369858, 0.022320669144392014, 0.00950814038515091, 0.104769766330719, -0.019705193117260933, -0.006963529158383608, -0.0027332210447639227, 0.13077038526535034, 0.1803579330444336, 0.058237865567207336, -0.03581807389855385, -0.037263207137584686, -0.037468891590833664, -0.01794132962822914, -0.015620527788996696, 0.010978183709084988, -0.009299226105213165, 0.04933403059840202, -0.5014809966087341, 0.2903614342212677, 0.12725195288658142, 0.0985594093799591, -0.4217395484447479, 0.8923164010047913, 0.09918180853128433, -0.43213820457458496, -1.4208691120147705, 0.08415845781564713, 3.3385040760040283, -4.154536247253418, 0.0, -0.38999998569488525, 0.47999998927116394, 0.7063004970550537, -0.04173245653510094, -0.7054446935653687, 0.04178306460380554, -0.5377980470657349, 0.2494623064994812, 0.6867814064025879, 0.42056262493133545, -0.01730734296143055, -0.4340168535709381, 0.44198405742645264, 0.01604495197534561, -0.4759921133518219, 0.8778136968612671, -0.051157012581825256, -0.28508448600769043, -0.06146159768104553, -0.28777986764907837, 4.424423694610596, 0.9865507483482361, -1.8907358646392822, -0.0005570158245973289, -0.43472564220428467, 0.44401389360427856, 0.027812983840703964, -0.493609219789505, 0.8691659569740295, 0.011256110854446888, -0.27060258388519287, -0.01925884559750557, -0.03477416932582855, 1.7370375394821167, 0.12604230642318726, -1.5996813774108887, 0.008413986302912235, -0.42367038130760193, 0.4056927561759949, 0.05190800130367279, -0.38051459193229675, 0.9194488525390625, 0.08442721515893936, -0.29282626509666443, -0.07567302882671356, -0.22604697942733765, 6.996277332305908, -0.7486057877540588, -2.573725461959839, 0.03171360492706299, -0.4268451929092407, 0.4268680810928345, -0.138678178191185, -0.4680165946483612, 0.8719921112060547, 0.03685922920703888, -0.13267682492733002, 0.15020327270030975, -0.03327662870287895, -8.44711971282959, 5.155585765838623, -1.8276375532150269, -0.07654114812612534, -0.3686555325984955, 0.4927385449409485, 0.02097194828093052, -0.6401864886283875, 0.7679327130317688, -0.0008344529778696597, -0.38377705216407776, 0.15241117775440216, -0.1631440371274948, -1.3144762516021729, -5.453918933868408, -7.918793201446533, 0.6368536353111267, -0.3009471893310547, -0.04633011668920517, 0.0002029111492447555, 0.0027175405994057655, -0.000834451406262815, 0.7027713060379028, -0.2871181070804596, 0.0025369892828166485, 0.005201369058340788, 0.0030654119327664375, -0.0017574927769601345, 0.6535071134567261, 0.14746367931365967, -0.07626877725124359, -0.0005212662508711219, 0.002311502583324909, -0.0029270928353071213, 0.9372222423553467, 0.6665523052215576, 0.18982528150081635, -0.027264924719929695, 0.00635110680013895, -0.0035509138833731413, 0.04881827160716057, 0.37629997730255127, -0.16639286279678345, -0.005168620962649584, -0.010080317966639996, -0.0010799190495163202, 1.0, -1.0, 0.12342990189790726, -0.2711106538772583, -0.981823205947876, 0.3400772213935852, 0.22555026412010193, -1.0, 1.0, -1.0, -0.8099232912063599, -1.0, 0.5609511137008667, -1.0, 0.1282949149608612, -1.0, -0.4006184935569763, -0.1418742835521698, -1.0, 1.0]
