2.0
[0.0, 0.0, 0.0, 0.0, 0.0, 0.0, 0.0, 0.0, 0.0, 0.0, 0.0, 0.0, 0.0, 0.0, 0.0, 0.0, 0.0, 0.0, 0.0, 0.0, 0.0, 0.0, 0.0, 0.0, 0.0, 0.0, 0.0, 0.0, 0.0, 0.0, 0.0, 0.0, 0.0, 0.0, 0.0, 0.0, 0.0, 0.0, 0.0, 0.0, 0.0, 0.0, 0.0, 0.0, 0.0, 0.0, 0.0, 0.0, 0.0, 0.0, 0.0, 0.0, 0.0, 0.0, 0.0, 0.0, 0.0, 0.0, 0.0, 0.0, 0.0, 0.0, 0.0, 0.0, 0.0, 0.0, 0.0, 0.0, 0.0, 0.0, 0.0, 0.0, 0.0, 0.0, 0.0, 0.0, 0.0, 0.0, 0.0, 0.0, 0.0, 0.0, 0.0, 0.0, 0.0, 0.0, 0.0, 0.0, 0.0, 0.0, 0.0, 0.0, 0.0, 0.0, 0.0, 0.0, 0.0, 0.0, 0.0, 0.0, 0.0, 0.0, 0.0, 0.0, 0.0, 0.0, 0.0, 0.0, 0.0, 0.0, 0.0, 0.0, 0.0, 0.0, 0.0, 0.0, 0.0, 0.0, 0.0, 0.0, 0.0, 0.0, 0.0, 0.0, 0.0, 0.0, 0.0, 0.0, 0.0, 0.0, 0.0, 0.0, 0.0, 0.0, 0.0, 0.0, 0.0, 0.0, 0.0, 0.0, 0.0, 0.0, 0.0, 0.0, 0.0, 0.0, 0.0, 0.0, 0.0, 0.0, 0.0, 0.0, 0.0, 0.0, 0.0, 0.0, 0.0, 0.0, 0.0, 0.0, 0.0, 0.0, 0.0, 0.0, 0.0, 0.0, 0.0, 0.0, 0.0, 0.0, 0.0, 0.0, 0.0, 0.0, 0.0, 0.0, 0.0, 0.0, 0.0, 0.0, 0.0, 0.0, 0.0, 0.0, 0.0, 0.0, 0.0, 0.0, 0.0, 0.0, 0.0, 0.0, 0.0, 0.0, 0.0, 0.0, 0.0, 0.0, 0.0, 0.0, 0.0, 0.0, 0.0, 0.0, 0.0, 0.0, 0.0, 0.0, 0.0, 0.0, 0.0]
[0.36493825912475586, 0.13133157789707184, -0.2080088108778, -0.7933540940284729, -0.5828748345375061, -0.7864853143692017, -0.07213190943002701, -0.7678060531616211, -0.6949156522750854, -0.7218967080116272, -0.21562744677066803, -0.6706948280334473, -0.921104371547699, -0.7227171659469604, -0.9251184463500977, 0.13161925971508026, -0.9892582893371582, -0.6821101903915405, -0.832039475440979, 0.09519006311893463, -0.8703661561012268, -0.24845978617668152, 0.09134392440319061, 0.8991643190383911, 0.17008820176124573, -0.3316473364830017, -0.45966553688049316, -0.27213454246520996, 1.948689341545105, 0.8513839840888977, 0.5561167597770691, -0.23269033432006836, -0.26318106055259705, -0.053843170404434204, -0.45556512475013733, -0.3561845123767853, -0.07769260555505753, -0.09006373584270477, 0.02422476001083851, 0.44282111525535583, 0.03894639387726784, -0.38637614250183105, 0.581295907497406, -1.4306975603103638, -0.07342948019504547, -0.23127546906471252, -0.936892032623291, 0.1352035254240036, 4.307863235473633, -3.8689544200897217, 0.036209575831890106, -0.30797287821769714, 0.05585376173257828, 0.0828857421875, 0.31582534313201904, -0.3165702819824219, -0.1320779174566269, -0.04755421727895737, 0.042468924075365067, -0.3487783372402191, -0.13718727231025696, -0.04848521947860718, -0.3334054946899414, 0.2995327413082123, -0.22572316229343414, -0.10782043635845184, -0.05854682996869087, -0.11108320951461792, -0.2620053291320801, -0.1660398542881012, -0.034412410110235214, -0.014668517746031284, -0.00235978071577847, -0.3929423689842224, 0.5233451128005981, 0.27577415108680725, 0.5935143828392029, -0.6850768327713013, 0.3199358880519867, -0.007128685247153044, -0.04075015336275101, -0.11332951486110687, 0.21678069233894348, 0.11732029914855957, 0.02053898200392723, 0.0, -0.38999998569488525, 0.47999998927116394, 0.3627554774284363, -0.6217970848083496, -0.39538824558258057, 0.5704779624938965, 0.7019119262695312, 0.676999568939209, 0.12245380133390427, 0.18438075482845306, -0.016444753855466843, -0.45307374000549316, 0.5047465562820435, 0.029068082571029663, -0.45177292823791504, 0.8896802663803101, -0.05937311053276062, -0.019131744280457497, 0.17891599237918854, -0.001260730903595686, -10.882384300231934, -1.5254510641098022, 1.4329898357391357, 0.0026708736550062895, -0.45666730403900146, 0.5039857029914856, 0.019240381196141243, -0.4599858820438385, 0.8869116306304932, -0.037821944802999496, -0.39063844084739685, -0.12370046973228455, -0.43764999508857727, 4.386714458465576, 0.4325024485588074, -3.628368377685547, 0.02775496616959572, -0.45118749141693115, 0.5050792098045349, 0.03319348394870758, -0.5039380192756653, 0.8611034154891968, -0.058697883039712906, 0.013750304467976093, -0.09667627513408661, -0.45372146368026733, 4.25560188293457, 0.39695072174072266, 1.4303829669952393, 0.041989028453826904, -0.44497889280319214, 0.49481746554374695, -0.0060425722040236, -0.5611857771873474, 0.8275784254074097, -0.012156481854617596, -0.3557136654853821, -0.06379973888397217, -0.2949918806552887, 0.47391951084136963, 0.02412167377769947, -3.095083236694336, -0.07733359932899475, -0.3727369010448456, 0.5009455680847168, -0.19919031858444214, -0.6767753958702087, 0.651433527469635, 0.27916398644447327, 0.009032877162098885, -0.062325336039066315, -0.2709433436393738, -1.477941632270813, -6.567577838897705, 2.802001714706421, 0.231885626912117, -0.7674062848091125, -0.6733748912811279, 0.07137463986873627, -0.003137190593406558, 0.002641813363879919, 1.7535675764083862, 1.8320125341415405, -0.8999893665313721, -0.02007402665913105, 0.012066137045621872, -0.008828513324260712, 0.24882113933563232, 1.9914473295211792, -0.6703200936317444, -0.018613509833812714, -0.0031220484524965286, 0.002566286828368902, 1.6158019304275513, 1.8148434162139893, -0.24831704795360565, -0.03132418170571327, 0.012111813761293888, -0.00486617861315608, -0.27137309312820435, 1.9835461378097534, 0.2797088921070099, -0.012570596300065517, -0.010326545685529709, 0.019706739112734795, 1.0, -0.38146737217903137, -1.0, -1.0, 1.0, 1.0, -1.0, -0.9151771664619446, -1.0, -1.0, -1.0, -1.0, 1.0, -1.0, -1.0, -0.7443881034851074, -1.0, -1.0, -1.0, 1.0]
[0.42249220609664917, 0.04164581745862961, -0.20012836158275604, -0.7941272258758545, -0.506518542766571, -0.6543667912483215, 0.00923987291753292, -0.7868474721908569, -0.7319672107696533, -0.7309115529060364, -0.3232799172401428, -0.5631291270256042, -0.8980602025985718, -0.726336658000946, -0.9119332432746887, 0.0977371409535408, -0.9826093912124634, -0.6688671708106995, -0.8065097332000732, 0.054044075310230255, -0.8809543251991272, -0.34743672609329224, 0.039907585829496384, 0.9134989976882935, 0.24806635081768036, -0.8174369931221008, 0.28203973174095154, 0.11291630566120148, -0.012482970952987671, 1.0831694602966309, 0.2257504016160965, -0.16467510163784027, -0.3885611295700073, -0.1096007227897644, -0.4517228603363037, 1.768567442893982, 0.38514015078544617, 0.05209950730204582, 0.05012672021985054, -0.4473593235015869, 0.04795743152499199, 0.3762548863887787, 0.13491304218769073, -0.01578342728316784, -0.08768093585968018, -0.25353822112083435, 0.011318529024720192, 0.13344894349575043, 1.7590476274490356, -5.013878345489502, 0.24082137644290924, -0.18045353889465332, -0.2346963882446289, -0.11375177651643753, 0.011275507509708405, -0.33871716260910034, -0.12509377300739288, -0.04224056378006935, 0.06811461597681046, 0.36460843682289124, 0.21364323794841766, 0.09232595562934875, -0.47764405608177185, -0.18356160819530487, -0.34869399666786194, -0.0750066488981247, -0.02411739155650139, 0.1761656254529953, -0.2410845160484314, -0.12287510931491852, 0.1166682094335556, 0.0430915541946888, -0.0025028795935213566, -0.39411449432373047, 0.5200243592262268, 0.2747063636779785, 0.6069846153259277, -0.6776272654533386, 0.3113313913345337, -0.009209888987243176, -0.08480530977249146, -0.22739097476005554, 0.4267542064189911, 0.2332402914762497, 0.019810480996966362, 0.0, -0.38999998569488525, 0.47999998927116394, 0.3627554774284363, -0.6217970848083496, -0.39538824558258057, 0.5704779624938965, 0.7051180601119995, 0.677053689956665, 0.12752395868301392, 0.16776351630687714, -0.02024482935667038, -0.4526941776275635, 0.4974348843097687, 0.019863946363329887, -0.40250164270401, 0.9137251377105713, -0.05200004577636719, -0.36948904395103455, 0.0034278035163879395, -0.6080275177955627, -1.8045167922973633, -0.38765057921409607, -2.693335771560669, -0.0028268792666494846, -0.45770105719566345, 0.49339208006858826, 0.009830741211771965, -0.5059739947319031, 0.8623348474502563, -0.01649823784828186, -0.3530419170856476, -0.10152935236692429, -0.8830909132957458, 7.391685485839844, 0.3943764269351959, -2.3667900562286377, 0.02644743025302887, -0.4503406882286072, 0.5025939345359802, 0.03339018672704697, -0.48348915576934814, 0.8719481825828552, -0.06949473172426224, -0.1237918809056282, 0.1685437709093094, 0.0730772316455841, -6.813488006591797, -1.641369342803955, 0.9425415992736816, 0.0393252857029438, -0.44568008184432983, 0.48748040199279785, -0.00922301597893238, -0.5671159625053406, 0.8235286474227905, -0.009739814326167107, -0.07271579653024673, -0.03900553286075592, -0.5723890066146851, 1.0969395637512207, -0.12078414857387543, 0.903516948223114, -0.07899826765060425, -0.372159481048584, 0.4955374002456665, -0.21106000244617462, -0.6972793340682983, 0.6298193335533142, 0.2694118320941925, -0.17216280102729797, 0.10403776913881302, -0.4664381742477417, 5.207808017730713, -0.9643161296844482, -2.175938367843628, 1.3246625661849976, 3.0056848526000977, -1.0426801443099976, -0.0686665028333664, 0.010774162597954273, -0.008837812580168247, 0.09810663759708405, 1.831413984298706, -0.8964047431945801, -0.0147693557664752, -0.0014243368059396744, 0.0011573941446840763, 0.4269193112850189, -2.6898610591888428, 0.1865779608488083, 0.05197804793715477, 0.002289889845997095, -0.000201395305339247, -0.9911516904830933, 1.4299602508544922, -0.5209554433822632, -0.0026679872535169125, -0.014071188867092133, 0.004237877205014229, 1.4822089672088623, 1.636096715927124, 0.11650389432907104, -0.0101447943598032, 0.019376220181584358, -0.03464542701840401, 0.9560578465461731, -0.8895987272262573, 0.14104342460632324, -0.6403407454490662, -1.0, 1.0, -1.0, -1.0, -0.9252578616142273, 1.0, -0.5565903186798096, -1.0, -0.9054120182991028, -1.0, -0.3300192058086395, 0.2466425597667694, -1.0, -1.0, 0.3185287117958069, 1.0]
[0.4933086335659027, -0.08878114074468613, -0.09484059363603592, -0.8007201552391052, -0.5472486615180969, -0.6091932654380798, 0.11291177570819855, -0.8104931116104126, -0.7730215787887573, -0.7437372803688049, -0.4314262270927429, -0.3458458185195923, -0.8507657647132874, -0.7147664427757263, -0.9079430103302002, -0.04246852174401283, -0.9799298644065857, -0.6189309358596802, -0.7769326567649841, 0.06778832525014877, -0.8943358063697815, -0.4458051323890686, 0.0151847954839468, 0.9274092316627502, 0.279389351606369, -0.9865045547485352, 0.5161189436912537, -0.17243503034114838, -0.5740746259689331, 0.01497723814100027, 0.5379112958908081, -0.25669699907302856, -0.3771197497844696, -0.12549324333667755, -0.43740054965019226, 2.1371264457702637, 0.46822214126586914, 0.1412705034017563, -0.01006624847650528, -0.6457921862602234, 0.00615875655785203, 0.5042731761932373, 0.4399994909763336, 0.2679041028022766, -0.10768871754407883, -0.23875251412391663, -0.23781950771808624, 0.12512116134166718, 0.5977984666824341, -1.4781402349472046, 0.07682763040065765, -0.18119928240776062, -0.10593564063310623, -0.06696128100156784, 0.10355456173419952, -0.1260819137096405, -0.04336783289909363, -0.014105372130870819, 0.02190214768052101, -0.038603056222200394, -0.005831117741763592, 0.0018472203519195318, -0.18650591373443604, -0.015116691589355469, -0.1387576013803482, -0.044744767248630524, -0.0010080309584736824, 0.038251347839832306, -0.0864701047539711, -0.038893923163414, -0.02380022034049034, -0.007727480493485928, -0.0026729146484285593, -0.39569374918937683, 0.514737606048584, 0.27317988872528076, 0.6275774240493774, -0.6655347347259521, 0.29762834310531616, -0.010474806651473045, -0.0990464985370636, -0.3464837968349457, 0.6467576026916504, 0.3231467008590698, 0.027872104197740555, 0.0, -0.38999998569488525, 0.47999998927116394, 0.3627554774284363, -0.6217970848083496, -0.39538824558258057, 0.5704779624938965, 0.7098411321640015, 0.6764978170394897, 0.13552547991275787, 0.1418067216873169, -0.02700439840555191, -0.4527937173843384, 0.4837920367717743, 0.00909457542002201, -0.43881481885910034, 0.8981969952583313, -0.024515613913536072, -0.4812564253807068, -0.06764240562915802, -1.0258386135101318, 8.568326950073242, 0.7841602563858032, -3.9269025325775146, -0.00978632178157568, -0.4575923681259155, 0.478362113237381, -0.002975077833980322, -0.5644016861915588, 0.8254364728927612, 0.009816862642765045, -0.5222071409225464, 0.00792770180851221, -1.083561897277832, 8.71996021270752, 0.43850404024124146, -4.076744556427002, 0.023609954863786697, -0.447157621383667, 0.5023509860038757, 0.024810023605823517, -0.4212982952594757, 0.9029533267021179, -0.08104033768177032, -0.22638937830924988, 0.32009583711624146, 0.06839414685964584, -8.596165657043457, -2.5479753017425537, 0.45796704292297363, 0.038404036313295364, -0.44568493962287903, 0.4766629636287689, -0.00437735952436924, -0.5715571045875549, 0.8202780485153198, -0.021143678575754166, -0.025443630293011665, 0.026272138580679893, -0.7067343592643738, 0.12189824134111404, -0.4088605046272278, 1.6616026163101196, -0.08131121844053268, -0.3706292510032654, 0.48815402388572693, -0.20643579959869385, -0.7287329435348511, 0.5872926712036133, 0.2853415310382843, -0.146921768784523, 0.1358870565891266, -0.5570763349533081, 7.1230058670043945, -0.20899268984794617, -1.0151526927947998, 0.45773836970329285, 1.6273810863494873, -0.6630539894104004, -0.04255056008696556, 0.0033020160626620054, -0.0032942311372607946, 0.6090956926345825, 0.6433296203613281, -0.2829453647136688, -0.004455427639186382, 0.005351309198886156, -0.003317940514534712, 0.2697376012802124, 0.1045597642660141, -0.18990559875965118, 0.0034156166948378086, 0.0018539313459768891, -0.001015558373183012, -0.08902224898338318, 0.5287570357322693, -0.2451818585395813, 0.006923323962837458, -0.0024704281240701675, -0.00041733047692105174, -0.23316708207130432, 0.5318893194198608, 0.0846351683139801, -0.0028380018193274736, -0.0039968062192201614, -0.007146144285798073, 1.0, -1.0, 0.7213707566261292, -1.0, -1.0, 1.0, -1.0, -1.0, -1.0, 1.0, -0.5582586526870728, -1.0, -1.0, -1.0, -0.3079993724822998, 0.22883880138397217, -1.0, -1.0, -0.2651439607143402, 1.0]
[0.5673956274986267, -0.22759388387203217, 0.040048256516456604, -0.8223046064376831, -0.6109839081764221, -0.6220896244049072, 0.2462240755558014, -0.8345252275466919, -0.8110918402671814, -0.7569676041603088, -0.5284639596939087, -0.1413569450378418, -0.7941216230392456, -0.6973879337310791, -0.914627194404602, -0.19409394264221191, -0.9802685379981995, -0.5902947187423706, -0.727317750453949, 0.0685725212097168, -0.9096990823745728, -0.5356998443603516, -0.06419687718153, 0.9398711919784546, 0.2773977220058441, -0.9734534621238708, 0.5757560133934021, -0.21905508637428284, -0.5964528322219849, -0.18028275668621063, 0.5542450547218323, -0.20603452622890472, -0.3379776179790497, -0.12096097320318222, -0.37448135018348694, 1.7564016580581665, 0.551243245601654, 0.1797553151845932, -0.048293065279722214, -0.6099265813827515, -0.012706408277153969, 0.13592535257339478, 0.3868274390697479, -0.12707211077213287, -0.11639036238193512, -0.21375535428524017, -0.6204112768173218, 0.10863035917282104, -0.27547240257263184, 0.6445975303649902, -0.013139606453478336, 0.02790931984782219, 0.00916396826505661, -0.0005662213079631329, -0.02400815300643444, 0.05499846488237381, 0.025616586208343506, 0.009562409482896328, -0.0044814301654696465, -0.11699806898832321, -0.05103336647152901, -0.017943959683179855, 0.01908542774617672, 0.02055426314473152, 0.009485837072134018, -0.02544625848531723, -0.01944383606314659, -0.03853198140859604, 0.02831932343542576, 0.02116294950246811, -0.04274210333824158, -0.01519017107784748, -0.0028547379188239574, -0.3972269594669342, 0.5074251294136047, 0.27211400866508484, 0.6545360088348389, -0.6473871469497681, 0.2800469696521759, -0.010959675535559654, -0.08668332546949387, -0.46846675872802734, 0.8732357025146484, 0.36506637930870056, 0.04607116058468819, 0.0, -0.38999998569488525, 0.47999998927116394, 0.3627554774284363, -0.6217970848083496, -0.39538824558258057, 0.5704779624938965, 0.7149857878684998, 0.6747832894325256, 0.14804339408874512, 0.1074521467089653, -0.03470952808856964, -0.45139360427856445, 0.4680682122707367, -0.0030325441621243954, -0.5091252326965332, 0.8606461882591248, 0.008385930210351944, -0.516793966293335, 0.07215720415115356, -1.0655335187911987, 9.85002613067627, 0.5850617289543152, -4.196174144744873, -0.01768038049340248, -0.45556914806365967, 0.4626142084598541, -0.019167643040418625, -0.6208099722862244, 0.7826759815216064, 0.040570229291915894, -0.5284262895584106, 0.15686313807964325, -1.0367242097854614, 8.181978225708008, 0.3403758406639099, -4.14724063873291, 0.019780993461608887, -0.44300347566604614, 0.5006693601608276, 0.01110973209142685, -0.35847359895706177, 0.9291741251945496, -0.08949149399995804, -0.2805256247520447, 0.3458220362663269, -0.0701223611831665, -7.3666486740112305, -2.6541786193847656, -0.11228479444980621, 0.037613458931446075, -0.44469740986824036, 0.4643039107322693, -0.0006908606155775487, -0.5801600813865662, 0.8137578964233398, -0.0348125621676445, -0.033375371247529984, 0.07873308658599854, -0.7842296361923218, 2.375666379928589, -0.6616889834403992, 1.5221660137176514, -0.08305979520082474, -0.36879459023475647, 0.48014503717422485, -0.19856853783130646, -0.7620555758476257, 0.5461786389350891, 0.28553593158721924, -0.0727083683013916, 0.13861273229122162, -0.5686053037643433, 5.619182586669922, -2.381056547164917, 0.5547375082969666, -0.01001655962318182, -0.08538232743740082, 0.0988275408744812, -0.0018469563219696283, 5.262756167212501e-05, -0.00010874765575863421, -0.07397520542144775, -0.3598594069480896, 0.11223925650119781, 0.004164518788456917, -0.0005876987706869841, 0.00036979117430746555, 0.10001301020383835, 0.6700103282928467, -0.11334633827209473, -0.007893807254731655, 0.0009675277397036552, -0.0017947708256542683, 0.09571715444326401, 0.3465021252632141, -0.009990096092224121, -0.014246305450797081, 0.0009456260013394058, -0.0015482270391657948, -0.49912190437316895, -0.19806943833827972, -0.006303899455815554, 0.0017428583232685924, -0.007204223424196243, 0.008246667683124542, 0.980160117149353, -1.0, 0.8430678248405457, -0.9607580304145813, -0.9653236865997314, 1.0, -0.9413304924964905, -1.0, -1.0, 0.8331965804100037, -0.46065548062324524, -1.0, -1.0, -1.0, -0.5806853771209717, -0.044136106967926025, -1.0, -1.0, -0.7270244359970093, 1.0]
[0.6395967602729797, -0.339425653219223, 0.1599377691745758, -0.833085298538208, -0.5927788019180298, -0.6305729150772095, 0.3713051676750183, -0.7905740141868591, -0.8471952676773071, -0.7704883217811584, -0.6095672249794006, -0.07832133769989014, -0.7284678816795349, -0.6757421493530273, -0.9289149045944214, -0.3105424642562866, -0.9840992093086243, -0.6068364977836609, -0.7098367214202881, 0.0349719263613224, -0.9274033904075623, -0.617713451385498, -0.16114576160907745, 0.9501577019691467, 0.26597917079925537, -0.6637954115867615, 0.4473734498023987, -0.017575284466147423, 0.577279269695282, 0.05932100489735603, 0.49257656931877136, 0.7492325901985168, -0.31915172934532166, -0.1243746429681778, -0.3087991178035736, -0.05491485819220543, 0.6218742728233337, 0.21504835784435272, -0.07332878559827805, -0.4063400328159332, -0.04870760068297386, -0.3046729564666748, -0.005630125291645527, -0.5663235187530518, -0.1323201209306717, -0.19505827128887177, -0.5829304456710815, 0.08805957436561584, -0.4053824543952942, 3.931858777999878, -0.06862850487232208, 0.31760379672050476, 0.19497035443782806, 0.08394308388233185, -0.04957352206110954, 0.524627685546875, 0.21045568585395813, 0.07353558391332626, -0.008425679989159107, -0.30505719780921936, -0.15054312348365784, -0.05787230283021927, 0.36412590742111206, 0.05076982453465462, 0.2280462086200714, 0.048472389578819275, -0.0005552684888243675, -0.06761942058801651, 0.18221548199653625, 0.09677432477474213, 0.010321957990527153, 0.002360142767429352, -0.003039390780031681, -0.39837807416915894, 0.49807319045066833, 0.272378146648407, 0.6867933869361877, -0.62176913022995, 0.25986143946647644, -0.010190954431891441, -0.06233903765678406, -0.5899391770362854, 1.1025525331497192, 0.3201506435871124, 0.06407898664474487, 0.0, -0.38999998569488525, 0.47999998927116394, 0.3627554774284363, -0.6217970848083496, -0.39538824558258057, 0.5704779624938965, 0.7192838788032532, 0.6712366342544556, 0.16654255986213684, 0.06584595143795013, -0.04188907891511917, -0.4484920799732208, 0.45720160007476807, -0.014385286718606949, -0.5374171733856201, 0.8423287272453308, 0.038183294236660004, -0.4439260959625244, 0.20025958120822906, -0.46424978971481323, 0.24529901146888733, 0.7498307824134827, -3.4285378456115723, -0.025090934708714485, -0.45280176401138306, 0.4534732699394226, -0.03383880481123924, -0.6470156311988831, 0.7585251331329346, 0.06975097209215164, -0.4721127450466156, 0.16697944700717926, -0.3391970694065094, 1.820054054260254, 0.8356530666351318, -3.632290840148926, 0.016309067606925964, -0.4413522481918335, 0.49473732709884644, -0.0005803098320029676, -0.33386290073394775, 0.9379620552062988, -0.09360691905021667, -0.2020142823457718, 0.01926807314157486, -0.44358599185943604, -0.5339663624763489, -1.2606101036071777, -0.14122186601161957, 0.03623639792203903, -0.44319432973861694, 0.45326417684555054, 0.0005528427427634597, -0.6084214448928833, 0.792391836643219, -0.04402538016438484, -0.08997081220149994, 0.07600971311330795, -0.6568956971168518, 5.261614799499512, -0.2965816855430603, 0.7894046306610107, -0.08438707888126373, -0.3666505813598633, 0.4733615815639496, -0.20439748466014862, -0.7864617109298706, 0.5176319479942322, 0.2678743898868561, -0.05299215763807297, 0.14989307522773743, -0.4154095947742462, 2.2912182807922363, -4.032589912414551, -0.05928448215126991, -0.355672687292099, -2.5965824127197266, 1.1142756938934326, 0.04499435052275658, -0.0027556228451430798, 0.002665033098310232, -0.2535914480686188, -2.991455078125, 0.863304078578949, 0.02866375260055065, -0.0019330903887748718, 0.0017924972344189882, -0.0845947191119194, 1.9711966514587402, -0.002009124495089054, -0.02830435335636139, -0.0009710183367133141, -0.0020903858821839094, 0.2438124120235443, -0.6937685012817383, 0.5321838855743408, -0.010961795225739479, 0.002956159645691514, -0.0030732289887964725, 0.12477029114961624, -1.3043920993804932, -0.17949733138084412, 0.007888207212090492, 0.00036381446989253163, 0.012553391046822071, 1.0, -0.6402086019515991, 0.6951303482055664, -0.7377772927284241, -0.019792277365922928, 1.0, -0.0964370146393776, -1.0, -1.0, -0.4715273678302765, -0.3741615414619446, -0.939576268196106, -0.765964150428772, -1.0, -0.8570804595947266, -0.2844082713127136, -1.0, -1.0, -0.6723397970199585, 1.0]
[0.7005501985549927, -0.39948832988739014, 0.25940969586372375, -0.7691275477409363, -0.4960786998271942, -0.6108447909355164, 0.4810279607772827, -0.6146976947784424, -0.87880939245224, -0.783765435218811, -0.6511157751083374, -0.15978559851646423, -0.6445028185844421, -0.6500117182731628, -0.953618049621582, -0.3001611828804016, -0.990766704082489, -0.656238853931427, -0.7199527025222778, -0.014001283794641495, -0.9462791681289673, -0.6917834877967834, -0.2735145092010498, 0.9588931202888489, 0.19887599349021912, -0.2535313367843628, 0.38623473048210144, 0.9403865933418274, 1.0717252492904663, 0.28321364521980286, 0.42667093873023987, 2.1173229217529297, -0.2597557306289673, -0.11433907598257065, -0.10388094186782837, -1.1338385343551636, 0.8457648158073425, 0.26828035712242126, -0.1308109313249588, 0.28914138674736023, -0.06815903633832932, -0.5349615216255188, -0.15107707679271698, -0.6233006119728088, -0.1331043839454651, -0.17320698499679565, -0.7500928640365601, 0.07577287405729294, -1.9631290435791016, 5.025440216064453, -0.09590855240821838, 0.5750161409378052, 0.24355357885360718, 0.09258237481117249, -0.09700081497430801, 0.6844273805618286, 0.27774912118911743, 0.09795413911342621, -0.03669917955994606, -0.03546636551618576, -0.0318184569478035, -0.013695547357201576, 0.45193564891815186, 0.1192532330751419, 0.29270118474960327, 0.08926317095756531, 0.023038003593683243, -0.04126948118209839, 0.24204057455062866, 0.12556612491607666, -0.04246602952480316, -0.015065936371684074, -0.003966289106756449, -0.3993262052536011, 0.48768743872642517, 0.34882429242134094, 0.6864116191864014, -0.5619035959243774, 0.3023657500743866, -0.13814495503902435, -0.06923554092645645, -0.5672376155853271, 1.147291898727417, -5.6184306144714355, -0.9131874442100525, 0.0, -0.38999998569488525, 0.47999998927116394, 0.3627554774284363, -0.6217970848083496, -0.39538824558258057, 0.5704779624938965, 0.7101008296012878, 0.645505428314209, 0.2648957371711731, 0.09439224749803543, -0.047649674117565155, -0.44600895047187805, 0.45691874623298645, -0.01906123198568821, -0.49152034521102905, 0.868266224861145, 0.0644836351275444, -0.313563734292984, 0.19978652894496918, 0.3935251235961914, -10.085745811462402, 2.035668134689331, -2.4786503314971924, -0.03099869191646576, -0.451116681098938, 0.4567987322807312, -0.041437357664108276, -0.6198441982269287, 0.7775862216949463, 0.09713699668645859, -0.3255643844604492, 0.10408758372068405, 0.6210950613021851, -7.234560966491699, 2.3722939491271973, -2.528294324874878, 0.013804610818624496, -0.4425254762172699, 0.4867613613605499, -0.0069320471957325935, -0.33980053663253784, 0.935965895652771, -0.09195316582918167, -0.1287471204996109, -0.12066007405519485, -0.47143515944480896, 1.3535553216934204, -0.2249036431312561, -0.5079785585403442, 0.03260855749249458, -0.4421396553516388, 0.4457431435585022, -0.002754529006779194, -0.6449363827705383, 0.7634755969047546, -0.03397532179951668, -0.2979675233364105, 0.030496641993522644, -0.4195259213447571, 5.467342853546143, 1.0775989294052124, -1.9935846328735352, -0.08492552489042282, -0.3651787042617798, 0.46912580728530884, -0.21726149320602417, -0.8000786900520325, 0.5062573552131653, 0.23743405938148499, 0.03397069498896599, 0.0461084209382534, -0.2166559249162674, -0.3554186522960663, -4.452415466308594, 0.9896941781044006, -0.5833691954612732, -3.2667813301086426, 1.8171522617340088, 0.04358065128326416, -0.0027846237644553185, 0.002930279588326812, -0.5981524586677551, -3.9462640285491943, 1.0841704607009888, 0.03876017779111862, -0.0032957466319203377, 0.0027724700048565865, -0.38599151372909546, 0.43649542331695557, 0.6299049258232117, -0.007148115895688534, -0.0023138481192290783, -0.0022477160673588514, 0.6218755841255188, -1.3358142375946045, 0.6506024599075317, 0.0030007855966687202, 0.008767422288656235, -0.007649651728570461, -0.6317922472953796, -1.7784647941589355, -0.25880303978919983, 0.01020572055131197, -0.004957267083227634, 0.005195144563913345, 0.8982173800468445, -0.23640510439872742, 0.7272500395774841, 0.05751318484544754, 0.25982266664505005, 1.0, 1.0, -0.9777809977531433, -0.6771710515022278, -1.0, -0.10513199865818024, -1.0, 0.4062918424606323, -1.0, -1.0, -0.3074765205383301, -1.0, -1.0, -1.0, 1.0]
[0.7372395396232605, -0.45894595980644226, 0.30620408058166504, -0.6563544273376465, -0.3416876792907715, -0.5290438532829285, 0.4264884293079376, -0.37692490220069885, -0.8131312131881714, -0.7796153426170349, -0.5314367413520813, -0.28540366888046265, -0.5230129361152649, -0.6152309775352478, -0.9470770955085754, -0.18278110027313232, -0.9936390519142151, -0.7113774418830872, -0.7376279234886169, -0.08272071182727814, -0.9581002593040466, -0.7482587099075317, -0.38709452748298645, 0.8875212073326111, 0.09591469168663025, -0.5139460563659668, 0.08142798393964767, 1.0930836200714111, 1.615560531616211, 1.335459589958191, -0.5879212617874146, 2.2460381984710693, 1.0662754774093628, 0.21203787624835968, 0.8265280723571777, -1.1673071384429932, 1.2631767988204956, 0.3850195109844208, 0.10653016716241837, 0.5874382853507996, -0.009100842289626598, -0.49598607420921326, -0.1698961704969406, -0.9627186059951782, -0.0629998967051506, -0.12189766019582748, -0.6798061728477478, -1.0415446758270264, -2.5207953453063965, -2.297612190246582, -0.16817577183246613, -0.11815648525953293, -0.01269520353525877, 0.045795176178216934, -0.3713550865650177, -0.16244614124298096, 0.031575169414281845, 0.03339198976755142, 0.10034150630235672, -0.12890002131462097, -0.017464671283960342, 0.002476996509358287, -0.15365955233573914, -0.01288309320807457, -0.08250869810581207, -0.020881909877061844, -0.005453672260046005, 0.00565193360671401, -0.0919179767370224, -0.039035215973854065, -0.028687734156847, -0.035352449864149094, -0.008134843781590462, -0.4006864130496979, 0.47769951820373535, 0.5096003413200378, 0.6129085421562195, -0.45841309428215027, 0.393075168132782, -0.262803852558136, -0.07049020379781723, -0.6277648210525513, 1.180540680885315, -4.337071418762207, -1.2253916263580322, 0.0, -0.38999998569488525, 0.47999998927116394, 0.3627554774284363, -0.6217970848083496, -0.39538824558258057, 0.5704779624938965, 0.675502359867096, 0.5588656663894653, 0.4331066608428955, 0.20924745500087738, -0.05031788349151611, -0.443101167678833, 0.4603293836116791, -0.012013371102511883, -0.3844001293182373, 0.9196323156356812, 0.07980376482009888, -0.03689900040626526, 0.3853580355644226, 0.3527384400367737, -17.378435134887695, 3.1919565200805664, -0.0653763860464096, -0.030979538336396217, -0.4488570988178253, 0.46527183055877686, -0.029615134000778198, -0.5368213653564453, 0.8375729918479919, 0.09704279154539108, 0.23431774973869324, 0.26751211285591125, 0.687590479850769, -14.71269702911377, 2.4045019149780273, 3.284658193588257, 0.010008731856942177, -0.44380131363868713, 0.4768831133842468, -0.011967357248067856, -0.34564369916915894, 0.935981810092926, -0.06576534360647202, -0.3136935830116272, -0.04837919771671295, -0.6597487926483154, 0.2713985741138458, 1.0226325988769531, -4.508759021759033, 0.0277541596442461, -0.44080138206481934, 0.4393118619918823, -0.015485136769711971, -0.6801811456680298, 0.732787013053894, -0.011701986193656921, -0.33474454283714294, 0.10499514639377594, -0.49907931685447693, 5.7179789543151855, 0.4818768799304962, -3.253957748413086, -0.08444180339574814, -0.3645012080669403, 0.46560701727867126, -0.21718250215053558, -0.8132507801055908, 0.5109503865242004, 0.17431128025054932, 0.17037810385227203, -0.030600914731621742, -0.26207906007766724, -1.855452060699463, -7.101672649383545, 5.931168556213379, -1.0378237962722778, -0.2850000858306885, -0.4671873450279236, 0.04152017831802368, -0.006127463653683662, 0.006892109289765358, -2.0898616313934326, -0.2552649676799774, -0.33419403433799744, 0.029563013464212418, -0.018670639023184776, 0.012554433196783066, 0.5597593784332275, 0.2121780961751938, -0.5367673635482788, 0.0056596677750349045, 0.005438829772174358, -0.014308924786746502, -0.05758897215127945, 0.35145875811576843, -0.24032628536224365, -0.00018179068865720183, 0.0035072905011475086, 0.001177445170469582, -0.9739527106285095, 0.3435574769973755, 0.10211178660392761, -0.0003890005755238235, -0.01976921223104, 0.0003553282003849745, 0.6441363096237183, -1.0, 0.2372964322566986, 0.022466115653514862, 0.6973629593849182, -0.8870102763175964, 1.0, 0.052834782749414444, 1.0, -1.0, 0.29128795862197876, -0.7802930474281311, 0.7278541326522827, -1.0, -1.0, -0.5608493089675903, -1.0, -1.0, -1.0, 0.06760168820619583]
[0.7210385203361511, -0.5375943779945374, 0.2180379331111908, -0.5911368727684021, -0.21562092006206512, -0.35933369398117065, 0.38420936465263367, -0.1774679571390152, -0.6394028067588806, -0.7373580932617188, -0.43998727202415466, -0.3657514452934265, -0.4064081609249115, -0.5590952038764954, -0.9220359325408936, -0.06583379954099655, -0.9938127398490906, -0.7600289583206177, -0.7548060417175293, -0.16646631062030792, -0.9661886692047119, -0.7927067875862122, -0.4720912575721741, 0.7363118529319763, -0.1958143562078476, -0.5695304870605469, -0.606404721736908, 0.32393863797187805, 0.91603022813797, 1.550819754600525, 0.7560237646102905, 1.3437083959579468, 1.8950836658477783, 0.5468375086784363, -0.6341081261634827, -0.3212047517299652, 1.0016378164291382, 0.7843897938728333, 0.11032422631978989, 0.42171427607536316, -0.0033687197137624025, -0.425879567861557, -0.15307460725307465, -1.0661062002182007, -0.056692320853471756, -0.10272502899169922, -0.44324108958244324, -1.5787569284439087, -6.867413520812988, -0.6658676862716675, -0.38186782598495483, -0.24535807967185974, -0.16209407150745392, -0.07063756138086319, 0.7442880272865295, -0.697697103023529, -0.2469327747821808, -0.07472506165504456, -1.2103748321533203, 0.34664303064346313, 0.13551652431488037, 0.07149574905633926, -0.1531420648097992, -0.31701430678367615, -0.0794120579957962, -0.01783628761768341, -0.0036105476319789886, 0.015908151865005493, -0.04333840683102608, -0.020446190610527992, -0.07872645556926727, -0.030573783442378044, -0.006229904480278492, -0.4008162021636963, 0.4709911644458771, 0.5096179246902466, 0.6414341330528259, -0.4609602391719818, 0.3411267399787903, 0.447738379240036, 0.07438910752534866, -0.2111366242170334, 0.9085472226142883, 5.681328773498535, -0.7564793825149536, 0.0, -0.38999998569488525, 0.47999998927116394, 0.3627554774284363, -0.6217970848083496, -0.39538824558258057, 0.5704779624938965, 0.7072194218635559, 0.543754518032074, 0.4214725196361542, 0.16288837790489197, -0.04708907753229141, -0.4407826066017151, 0.45870670676231384, -0.001580693293362856, -0.2732422649860382, 0.9598960876464844, 0.06273415684700012, 0.4161163866519928, 0.2330978512763977, -0.15670181810855865, -11.066143989562988, 0.3609181046485901, 4.216258525848389, -0.027683882042765617, -0.44440609216690063, 0.471540242433548, -0.01123961340636015, -0.4151967465877533, 0.9051315188407898, 0.09067582339048386, 0.03353862091898918, 0.5298765301704407, 0.39163509011268616, -15.838354110717773, 3.716919422149658, -1.8539621829986572, 0.009464303962886333, -0.44308361411094666, 0.46744099259376526, -0.014994807541370392, -0.33390098810195923, 0.9410603046417236, -0.051873043179512024, 0.3628568649291992, 0.1928827166557312, -0.37887415289878845, -4.529288291931152, -1.7321118116378784, 3.569779634475708, 0.02595863863825798, -0.4381713271141052, 0.43211299180984497, -0.025953518226742744, -0.7135519981384277, 0.7001148462295532, 0.003003298072144389, 0.02374332770705223, 0.1944608837366104, -0.5171546936035156, 5.513153076171875, 0.14789040386676788, -1.0516858100891113, -0.08243345469236374, -0.3647231161594391, 0.4618023931980133, -0.2014715075492859, -0.8235970735549927, 0.523381233215332, 0.08467074483633041, 0.3489760756492615, -0.1275767982006073, -0.22415870428085327, -3.0405213832855225, -7.716464042663574, 8.40938949584961, -2.216888904571533, 1.9675003290176392, -1.1054961681365967, -0.041125062853097916, -0.007769973482936621, 0.018206803128123283, 4.341683864593506, 3.3009755611419678, -1.1446057558059692, -0.02521042712032795, 0.04496843367815018, -0.07121676951646805, -6.899313449859619, -1.9918029308319092, 0.8570205569267273, 0.041618712246418, -0.03302937373518944, 0.0963439866900444, -1.7290501594543457, 0.2762264609336853, -0.3238323926925659, 0.00053284881869331, -0.011024734005331993, 0.0017980663105845451, -1.4045863151550293, 0.06194251775741577, 0.20759156346321106, -0.00045836163917556405, -0.00810040533542633, -0.004070965573191643, -0.33125951886177063, -1.0, -1.0, -0.581325352191925, 0.16844506561756134, -1.0, 1.0, 0.607604444026947, 1.0, -0.6442877054214478, 0.11872963607311249, -0.8213552832603455, 0.32969534397125244, -1.0, -1.0, -0.6604002714157104, -1.0, -1.0, -0.8356596231460571, -0.3069044053554535]
[0.6897027492523193, -0.6109204292297363, 0.1443905383348465, -0.4951116740703583, -0.10424014180898666, -0.21914666891098022, 0.36202868819236755, -0.01584026589989662, -0.48740434646606445, -0.6617104411125183, -0.40298300981521606, -0.4338828921318054, -0.3250505030155182, -0.457835853099823, -0.9190691113471985, 0.06436024606227875, -0.9947801232337952, -0.8014059066772461, -0.7698367834091187, -0.24452921748161316, -0.973857581615448, -0.8308181166648865, -0.5497692823410034, 0.5557883381843567, -0.06165921688079834, -0.4786108434200287, -0.1324816793203354, 1.198752999305725, 1.0958815813064575, 1.2074542045593262, -0.5228996276855469, 1.5578455924987793, 1.1509722471237183, 0.9856385588645935, 0.5482078194618225, -0.7924886345863342, 0.6146568655967712, 0.9562644362449646, -0.041509535163640976, 0.6008897423744202, -0.0150953009724617, -0.35972902178764343, -0.13171415030956268, -0.9057291150093079, -0.052178990095853806, -0.0877339243888855, -0.49695345759391785, -1.7110105752944946, 3.142791271209717, 1.4172083139419556, 0.19866693019866943, 0.2893746495246887, 0.11357508599758148, 0.029575373977422714, -0.12018197029829025, 0.08754885196685791, -0.036312542855739594, 0.006049365736544132, 0.3198637366294861, -0.02638004533946514, -0.05256468802690506, -0.025075236335396767, 0.08114059269428253, 0.16221487522125244, 0.0401407852768898, 0.018982235342264175, 0.007171507924795151, 0.017654338851571083, 0.02070484310388565, 0.011956320144236088, 0.05143345147371292, 0.01600833237171173, 0.00202082097530365, -0.4000520408153534, 0.4680764079093933, 0.4109571576118469, 0.7249208092689514, -0.5355356335639954, 0.13713286817073822, 0.5044053792953491, 1.557823270559311e-05, -0.1032070443034172, 1.5794347524642944, 5.828432083129883, -0.4066907465457916, 0.0, -0.38999998569488525, 0.47999998927116394, 0.3627554774284363, -0.6217970848083496, -0.39538824558258057, 0.5704779624938965, 0.804315984249115, 0.5306009650230408, 0.2672103941440582, -0.01170092262327671, -0.04342292621731758, -0.4381296932697296, 0.4588741660118103, 0.004141075070947409, -0.1615191400051117, 0.9858368039131165, 0.044945236295461655, 0.1346535086631775, 0.4181950092315674, 0.22029918432235718, -15.068586349487305, 1.040679693222046, 1.2649455070495605, -0.02405771240592003, -0.43913403153419495, 0.4753953814506531, 0.004390753339976072, -0.29339855909347534, 0.9524181485176086, 0.08244797587394714, 0.32179275155067444, 0.523442804813385, 0.3588915467262268, -15.850919723510742, 1.7704126834869385, 3.8032450675964355, 0.010793370194733143, -0.4418013393878937, 0.4586126208305359, -0.017017612233757973, -0.3121506869792938, 0.9485954642295837, -0.04938558116555214, -0.08577723801136017, 0.07368874549865723, -0.5563498139381409, -1.422590732574463, 0.7482861876487732, -2.4185118675231934, 0.024731844663619995, -0.4348822832107544, 0.42497092485427856, -0.032151635736227036, -0.7437325716018677, 0.6674132347106934, 0.01968853548169136, -0.18022657930850983, 0.21103592216968536, -0.48611730337142944, 5.178562641143799, 1.1610220670700073, -2.28896427154541, -0.08000001311302185, -0.36521556973457336, 0.4585029184818268, -0.17610284686088562, -0.8242284059524536, 0.5380401611328125, -0.012163907289505005, 0.2876221239566803, -0.0571528822183609, -0.13879050314426422, -3.8273372650146484, -7.313577175140381, 8.546402931213379, 1.2543481588363647, -1.011149525642395, 1.2522234916687012, 0.014408129267394543, 0.0016863316996023059, -0.013289274647831917, -0.455050528049469, 0.056381482630968094, 0.2490617036819458, 0.006895088125020266, -0.003764726920053363, 0.01979116164147854, 1.8719489574432373, 0.6121251583099365, -0.041797980666160583, -0.0158933587372303, 0.006083108019083738, -0.023565996438264847, 0.8840769529342651, -0.26377004384994507, 0.18698570132255554, 0.0032149571925401688, 0.005195150151848793, -0.0031372797675430775, 0.7641319036483765, -0.40504568815231323, -0.2792738974094391, 0.001496321288868785, 0.003782222978770733, -0.0024250929709523916, 0.9156302809715271, -0.8947157859802246, 0.21943849325180054, 0.4154714345932007, 0.5839919447898865, -1.0, 1.0, 0.054941851645708084, 1.0, -1.0, -0.04638190194964409, -1.0, 1.0, -1.0, -1.0, -0.6314362287521362, -1.0, -1.0, -1.0, -0.49093785881996155]
[0.6780088543891907, -0.6776716709136963, 0.11436991393566132, -0.31335586309432983, 0.005398412700742483, -0.09379912167787552, 0.22217731177806854, 0.1402578055858612, -0.37896227836608887, -0.5370060801506042, -0.2636355757713318, -0.5202723741531372, -0.2064889371395111, -0.35082414746284485, -0.9304139018058777, 0.20818719267845154, -0.9961879849433899, -0.8360317349433899, -0.7825913429260254, -0.3200802206993103, -0.9679679274559021, -0.8643986582756042, -0.6238767504692078, 0.34118950366973877, -0.02829156257212162, -0.4583195149898529, -0.11757434904575348, 1.9400192499160767, 0.9752888679504395, 1.1625834703445435, -0.586859941482544, 1.3857492208480835, 0.9215260744094849, 1.2273658514022827, 0.5684475302696228, -0.7998945116996765, 1.3502625226974487, 1.1967883110046387, -0.06282568722963333, 0.5859962701797485, -0.014665829949080944, -0.29918473958969116, -0.11055842787027359, -0.9437149167060852, 0.09678985178470612, -0.07669591158628464, -0.43730536103248596, -2.1202847957611084, 0.6641355752944946, 0.7372239232063293, 0.024899713695049286, 0.20270314812660217, 0.05551905184984207, 0.013196712359786034, -0.03412191569805145, 0.00041058287024497986, -0.03193838149309158, -0.012263713404536247, 0.07049231231212616, 0.03629191219806671, 0.054902173578739166, 0.03896363824605942, 0.04579984024167061, 0.009949947707355022, 0.02745990641415119, 0.01563546061515808, 0.006416835356503725, 0.004695123992860317, 0.05007157474756241, 0.02711697295308113, 0.017576294019818306, 0.0016020270995795727, 0.010755704715847969, -0.4004227817058563, 0.46478593349456787, 0.3147895038127899, 0.7698319554328918, -0.5476062893867493, -0.09161669760942459, 0.5512559413909912, -0.06622105091810226, -0.2296425849199295, 2.503514051437378, 5.698968410491943, -1.3223061561584473, 0.0, -0.38999998569488525, 0.47999998927116394, 0.3627554774284363, -0.6217970848083496, -0.39538824558258057, 0.5704779624938965, 0.8576973676681519, 0.4563882648944855, 0.1263744831085205, -0.20023585855960846, -0.041685912758111954, -0.4335387647151947, 0.463701993227005, 0.009009399451315403, -0.01846243254840374, 0.9991047978401184, 0.03697803243994713, 0.10472159087657928, 0.600122332572937, 0.36775141954421997, -18.052387237548828, 1.119445562362671, 1.0510233640670776, -0.020425964146852493, -0.4334455132484436, 0.47828543186187744, 0.009799756109714508, -0.16450683772563934, 0.9847586750984192, 0.05560246855020523, 0.2026785910129547, 0.5725294351577759, 0.21141035854816437, -15.32564926147461, 0.4067479372024536, 3.407740592956543, 0.00896731112152338, -0.4399826228618622, 0.45002251863479614, -0.015581738203763962, -0.2793843746185303, 0.959693431854248, -0.026268944144248962, -0.1373693346977234, 0.22211633622646332, -0.4148978590965271, -6.372878551483154, 0.8586925268173218, -2.7695417404174805, 0.02205999195575714, -0.43137040734291077, 0.41832220554351807, -0.039071131497621536, -0.769615650177002, 0.6359404921531677, 0.04177158325910568, -0.20714204013347626, 0.2345723807811737, -0.44596678018569946, 4.705531120300293, 1.2667388916015625, -2.348850965499878, -0.07846853882074356, -0.3653544783592224, 0.456245481967926, -0.14212298393249512, -0.8098856806755066, 0.5577648878097534, -0.11306797713041306, 0.2582058906555176, -0.03447353467345238, -0.015307268127799034, -5.787954807281494, -7.132145881652832, 9.666701316833496, 0.2146289050579071, -0.37205708026885986, 0.7819828391075134, 0.007615856826305389, 5.974516534479335e-05, -0.001554753165692091, 0.012013249099254608, 0.36912018060684204, -0.020000196993350983, -0.006726912688463926, 0.0006856665713712573, 0.004102266859263182, 0.425824373960495, -0.7669898867607117, 0.3263496160507202, 0.027458790689706802, 0.0009679036447778344, -0.0049901981838047504, 0.07497088611125946, -0.22040234506130219, 0.08597879856824875, 0.003110799938440323, -0.0003608755941968411, 0.0001884162484202534, 0.17974689602851868, -0.6094174385070801, -0.17267169058322906, 0.00354600022546947, -0.0012739247176796198, -0.0027721563819795847, 0.7378067970275879, -1.0, -0.028368525207042694, 1.0, 0.5623529553413391, -1.0, 1.0, 0.11031579971313477, 1.0, -1.0, 0.7000633478164673, -1.0, 1.0, -1.0, -1.0, -0.7520582675933838, -0.8402436971664429, -1.0, -1.0, -1.0]
[0.6519347429275513, -0.7363566160202026, 0.10369504243135452, -0.10623513162136078, 0.04430806636810303, 0.0034145000390708447, 0.056754592806100845, 0.28200191259384155, -0.32793399691581726, -0.4315834045410156, -0.09372907131910324, -0.6005285978317261, -0.07129687070846558, -0.20202043652534485, -0.9322840571403503, 0.3424309194087982, -0.9985103011131287, -0.8651102185249329, -0.7934013605117798, -0.35418501496315, -0.9314603209495544, -0.8929003477096558, -0.6873445510864258, 0.124918133020401, -0.14521466195583344, -0.38381028175354004, -0.00624289084225893, 1.8928730487823486, 0.03358674421906471, 0.5525996088981628, -0.7293419241905212, 1.2652595043182373, 0.23195818066596985, 0.677463948726654, 0.7651282548904419, -0.704343318939209, 1.194357991218567, 1.489715814590454, 0.014678901992738247, 0.5175458192825317, -0.027179336175322533, -0.2508353888988495, -0.09379895776510239, -0.14349892735481262, 0.35518696904182434, -0.06253422051668167, -0.3664325475692749, -1.9306830167770386, -2.7182838916778564, 1.1687698364257812, -0.041991252452135086, 0.00893126055598259, -0.07728803902864456, -0.06551972031593323, -0.07068005204200745, -0.011228639632463455, -0.06520851701498032, -0.05499100312590599, -0.05220036953687668, 0.09668534994125366, 0.014875815249979496, 0.006877449341118336, 0.09191126376390457, -0.14294593036174774, 0.06991385668516159, 0.03172902390360832, 0.011826390400528908, 0.0819149762392044, 0.06410130858421326, 0.034707486629486084, -0.0327577218413353, 0.005872276611626148, 0.020175030454993248, -0.4017617404460907, 0.45904096961021423, 0.20380400121212006, 0.7876459956169128, -0.4741477966308594, -0.3365436792373657, 0.5657535195350647, -0.08327379077672958, -0.38113898038864136, 4.013535976409912, 5.194168567657471, -1.3540343046188354, 0.0, -0.38999998569488525, 0.47999998927116394, 0.3627554774284363, -0.6217970848083496, -0.39538824558258057, 0.5704779624938965, 0.8445984125137329, 0.33149075508117676, 0.008891391567885876, -0.42034322023391724, -0.03957432508468628, -0.42858970165252686, 0.4690098464488983, 0.012324939481914043, 0.0987502783536911, 0.9945927262306213, 0.029692646116018295, 0.16099172830581665, 0.43721169233322144, 0.2423221468925476, -10.453393936157227, 0.6652065515518188, 0.9760900139808655, -0.016760660335421562, -0.42825809121131897, 0.4801174998283386, 0.0035409932024776936, -0.06546986848115921, 0.9975587129592896, 0.024033812806010246, 0.21831831336021423, 0.42597371339797974, 0.09866179525852203, -9.016647338867188, -1.5042033195495605, 3.9253745079040527, 0.007275488693267107, -0.4374452531337738, 0.4429103434085846, -0.00849688146263361, -0.21918609738349915, 0.9756457805633545, -0.0006281125824898481, -0.06664437055587769, 0.2714076638221741, -0.3348156213760376, -7.918917655944824, 1.9361367225646973, -2.7334206104278564, 0.02035299502313137, -0.42788583040237427, 0.4128884971141815, -0.044747062027454376, -0.7902162075042725, 0.6081865429878235, 0.06054110452532768, -0.07493069767951965, 0.22376151382923126, -0.3395962119102478, 3.807948589324951, 0.9192622303962708, -1.6170886754989624, -0.07703860104084015, -0.3659279942512512, 0.4552481174468994, -0.08896379172801971, -0.7926822304725647, 0.5698995590209961, -0.1973692625761032, 0.26680848002433777, -0.0333746075630188, 0.03932591900229454, -3.8061001300811768, -3.1433815956115723, 10.443016052246094, -0.40828314423561096, 1.2742784023284912, -0.3180031180381775, -0.04640553891658783, -0.0008943318389356136, 0.0009586773812770844, -0.5159359574317932, 1.105422019958496, -0.05271822586655617, -0.038409676402807236, -1.9560782675398514e-05, 0.004088276065886021, -0.3919690251350403, -0.156924307346344, 0.42368084192276, 0.004523584619164467, -0.0014957488747313619, -1.5093145520950202e-05, -0.7528336048126221, -0.4837583005428314, -0.004711920861154795, 0.004570014774799347, -0.00522066792473197, 0.0015249605057761073, -0.1835172027349472, -0.24955260753631592, 0.2626778781414032, -0.008781000971794128, 0.008808552287518978, -0.01468641310930252, 0.21472804248332977, -1.0, 0.12545475363731384, 1.0, -0.11332462728023529, -1.0, 1.0, -0.32451510429382324, 1.0, -1.0, 0.5983957648277283, -0.8411045074462891, 1.0, -1.0, -1.0, -0.3090122640132904, -0.5837341547012329, -1.0, -1.0, -1.0]
[0.6060609221458435, -0.7842060327529907, 0.09531230479478836, 0.08172301203012466, -0.021456534042954445, 0.016062218695878983, -0.11233844608068466, 0.36378252506256104, -0.35761961340904236, -0.40335139632225037, 0.08453069627285004, -0.6635136008262634, 0.0026352766435593367, -0.06715914607048035, -0.9101205468177795, 0.43507999181747437, -1.0000063180923462, -0.8895525336265564, -0.8025699257850647, -0.3171257972717285, -0.8731027841567993, -0.9131011962890625, -0.7407587766647339, -0.063944973051548, -0.18980900943279266, -0.311392605304718, -0.050302453339099884, 1.6441621780395508, -0.9450751543045044, -0.1518176645040512, -0.6740233898162842, 0.4693523347377777, -0.5476531386375427, -0.015598557889461517, 0.7097346782684326, -0.5434406995773315, 0.41206303238868713, 0.9415391087532043, 0.21933983266353607, 0.35604217648506165, 1.4143147382128518e-05, -0.21269698441028595, -0.08043152838945389, 0.7740924954414368, 0.45199939608573914, -0.0428260937333107, -0.30860063433647156, -1.644775629043579, -0.9412311911582947, 0.89661705493927, -0.02104574628174305, -0.0660967081785202, -0.0939226895570755, -0.05655334144830704, -0.005174483172595501, -0.2019767463207245, -0.14188143610954285, -0.07417535781860352, -0.054012298583984375, 0.06457144021987915, -0.03678102418780327, -0.04735117405653, 0.3067876100540161, -0.00017506566655356437, 0.20274850726127625, 0.07694463431835175, 0.025955943390727043, 0.08305342495441437, 0.013949963264167309, 0.010466570034623146, -0.009227050468325615, 0.014271819032728672, 0.02904931828379631, -0.4034968316555023, 0.4511982500553131, 0.14856432378292084, 0.7714312076568604, -0.3441082537174225, -0.5142099857330322, 0.5130130648612976, -0.11425113677978516, -0.49190449714660645, 3.1391234397888184, 2.956650495529175, -2.4543583393096924, 0.0, -0.38999998569488525, 0.47999998927116394, 0.3627554774284363, -0.6217970848083496, -0.39538824558258057, 0.5704779624938965, 0.7902655005455017, 0.1864367425441742, -0.027401018887758255, -0.5830702781677246, -0.03667723387479782, -0.425126314163208, 0.47283971309661865, 0.0119203245267272, 0.1373181939125061, 0.990240752696991, 0.02061109058558941, 0.1771201342344284, 0.18966081738471985, 0.17910173535346985, -1.1805921792984009, -0.06713563948869705, 1.2097431421279907, -0.012899654917418957, -0.4259979724884033, 0.47933268547058105, -0.010156217962503433, -0.04800114780664444, 0.9987555146217346, -0.008950216695666313, 0.19895969331264496, 0.018681392073631287, -0.12692669034004211, 1.99504816532135, -1.9699456691741943, 3.7301321029663086, 0.00646827882155776, -0.4351581335067749, 0.4368005096912384, 0.004208378028124571, -0.17713099718093872, 0.9839420914649963, 0.021556386724114418, -0.005785069428384304, 0.16269055008888245, -0.3426382541656494, -2.4584240913391113, 2.1278772354125977, -1.918848991394043, 0.02060721069574356, -0.42506346106529236, 0.409164696931839, -0.04869963228702545, -0.8050526976585388, 0.5870966911315918, 0.06953966617584229, 0.01958080194890499, 0.1535278856754303, -0.19277523458003998, 2.418466091156006, -0.07192598283290863, -1.1292592287063599, -0.0751844197511673, -0.36698323488235474, 0.4548195004463196, -0.018140867352485657, -0.7888727188110352, 0.5580937266349792, -0.25667527318000793, 0.2808547019958496, -0.0007658557733520865, -0.022995848208665848, -0.11359543353319168, 0.1212117150425911, 11.090725898742676, -0.16436973214149475, 1.1467764377593994, -0.6084386110305786, -0.0393516980111599, 0.0008767290273681283, 0.0013955532340332866, -0.11818137764930725, 1.8486545085906982, -0.7646889090538025, -0.04644553363323212, -0.0011697771260514855, -0.0012355716899037361, -0.30307236313819885, 0.7809790968894958, 0.11578404903411865, -0.03563648834824562, 9.423399023944512e-05, 0.003372838255017996, 0.03682884946465492, -1.1811933517456055, 0.215124249458313, 0.008238043636083603, 0.003275278490036726, 0.009096093475818634, 0.19566552340984344, 0.31610310077667236, 0.09627087414264679, -0.013237202540040016, 0.011141174472868443, -0.008896629326045513, 0.2481679916381836, -1.0, 0.0035835281014442444, 1.0, -0.7611159682273865, -1.0, 0.45991626381874084, -0.8378000259399414, 1.0, -1.0, 0.09965623915195465, -0.3237485885620117, 1.0, -1.0, -1.0, 0.15932932496070862, -0.5052698254585266, -1.0, -1.0, -1.0]
[0.5380906462669373, -0.8253716230392456, 0.08191313594579697, 0.22850872576236725, -0.14596112072467804, -0.01483840774744749, -0.25427523255348206, 0.39013543725013733, -0.43814927339553833, -0.4196172058582306, 0.2393271028995514, -0.7191293239593506, 0.02070925571024418, -0.011164014227688313, -0.8387536406517029, 0.5107386708259583, -1.0000044107437134, -0.9098172783851624, -0.8102763891220093, -0.27391567826271057, -0.8278493881225586, -0.9266649484634399, -0.7845713496208191, -0.22279997169971466, -0.29508861899375916, -0.2730782628059387, -0.059412259608507156, 1.1958855390548706, -1.2583439350128174, -0.3749307096004486, -0.537173867225647, 0.2075059711933136, -0.8538395166397095, -0.23792102932929993, 0.576897382736206, -0.595703125, 0.009426051750779152, 0.2147141695022583, 0.38491809368133545, 0.27791664004325867, 1.081158552551642e-05, -0.1722438931465149, -0.0655856654047966, 0.4050716459751129, 0.2540185749530792, -0.030922794714570045, -0.2517305016517639, -1.3733872175216675, -1.8944554328918457, 0.7054006457328796, -0.030521677806973457, -0.11902105063199997, -0.06598901748657227, -0.029164820909500122, -0.005860486067831516, 0.006083722226321697, -0.018435301259160042, -0.014393902383744717, -0.11404406279325485, -0.04617452621459961, -0.05529513582587242, -0.045604873448610306, 0.17496812343597412, -0.06116184964776039, 0.12178616225719452, 0.04820876568555832, 0.016775093972682953, -0.0583861768245697, -0.0015884381718933582, -0.0017848600400611758, -0.03331172838807106, 0.005779834929853678, 0.035956185311079025, -0.4088224470615387, 0.4425326883792877, 0.14038917422294617, 0.7322965264320374, -0.2138855755329132, -0.6310986876487732, 0.36803677678108215, -0.4089597761631012, -0.46343618631362915, 3.034693956375122, 2.178391456604004, -2.3144171237945557, 0.0, -0.38999998569488525, 0.47999998927116394, 0.3627554774284363, -0.6217970848083496, -0.39538824558258057, 0.5704779624938965, 0.7315583229064941, 0.047423604875802994, -0.018607892096042633, -0.679872989654541, -0.0328039787709713, -0.4234432280063629, 0.4746844172477722, 0.009068306535482407, 0.12197072803974152, 0.9924586415290833, 0.00816196110099554, 0.24962501227855682, 0.014070369303226471, 0.07826898247003555, 3.551766872406006, -0.2231793999671936, 1.6847699880599976, -0.008181926794350147, -0.4263063967227936, 0.47626060247421265, -0.021280361339449883, -0.087847501039505, 0.9950451850891113, -0.04141224920749664, 0.30443909764289856, -0.11999908089637756, -0.20404556393623352, 5.779670238494873, -1.178794503211975, 3.9075074195861816, 0.007183006964623928, -0.4331464469432831, 0.4308594763278961, 0.017173828557133675, -0.1817951649427414, 0.9825387597084045, 0.0356786772608757, 0.10718071460723877, 0.07333649694919586, -0.39555931091308594, 3.2116498947143555, 1.539856195449829, -0.952431857585907, 0.022276591509580612, -0.42310550808906555, 0.40729355812072754, -0.05624708533287048, -0.8140080571174622, 0.5737459659576416, 0.07101196050643921, 0.1370648741722107, 0.1142238900065422, -0.10569194704294205, 1.502608299255371, -0.7715736031532288, -0.6444919109344482, -0.07237482070922852, -0.36844944953918457, 0.4540814757347107, 0.04531627893447876, -0.7849279642105103, 0.5351276993751526, -0.3089868724346161, 0.32480311393737793, -0.01502231415361166, -0.042275283485651016, -0.04350022226572037, -1.477821946144104, 9.51708698272705, -0.34119993448257446, 0.7088268399238586, -0.6147196292877197, -0.018532421439886093, 0.0007239821716211736, 0.002085785148665309, -0.30881914496421814, 0.33327919244766235, 0.07953058183193207, -0.009394715540111065, -0.0019002205226570368, -0.0010980329243466258, -0.6331965327262878, 0.7746871709823608, -0.3712993562221527, -0.03398456424474716, 0.00050495401956141, 0.006702338345348835, -0.31977716088294983, -0.7430949211120605, 0.0454227551817894, 0.005628669168800116, -0.00038270503864623606, 0.00520526384934783, -0.03136656433343887, -0.01447395421564579, 0.34971532225608826, 0.006650237366557121, 0.006281699053943157, 0.0053030322305858135, -0.08025018125772476, -1.0, -0.012563906610012054, 0.848035454750061, -0.9517039656639099, -0.9373500943183899, 0.33916032314300537, -1.0, 1.0, -1.0, -0.0190664641559124, -0.0450935885310173, 1.0, -1.0, -1.0, -0.14211341738700867, -0.6822416186332703, -1.0, -1.0, -1.0]
[0.4556903839111328, -0.8611405491828918, 0.08151993900537491, 0.35165125131607056, -0.277241051197052, -0.05762672796845436, -0.3464583456516266, 0.4124027490615845, -0.5170655250549316, -0.4464886784553528, 0.35897648334503174, -0.7886136174201965, -0.005629850551486015, -0.0070687090046703815, -0.7472832202911377, 0.5783213376998901, -1.0000015497207642, -0.9261643886566162, -0.8164920806884766, -0.23173755407333374, -0.7668525576591492, -0.9412671327590942, -0.8108271956443787, -0.3552152216434479, -0.3130769729614258, -0.23576684296131134, 0.028212202712893486, 1.1058964729309082, -1.1859920024871826, -0.4084438979625702, -0.30017390847206116, 0.13017673790454865, -0.6587318778038025, -0.24222901463508606, 0.48020225763320923, -0.5939883589744568, -0.3591358959674835, -0.06504666805267334, 0.4549897611141205, 0.28419074416160583, 3.856371677102288e-06, -0.13970300555229187, -0.05296029523015022, 0.578750491142273, 0.5388436913490295, -0.03563014790415764, -0.11497845500707626, -1.1430176496505737, -0.24857671558856964, 0.5635201334953308, 0.005390239413827658, -0.028908174484968185, -0.00161748006939888, 7.554554031230509e-06, 0.022272810339927673, -0.0634644478559494, -0.009857573546469212, -0.0012808556202799082, -0.03236348554491997, 0.08861422538757324, 0.010861084796488285, -0.006951030343770981, 0.10452263802289963, 0.012745866551995277, 0.06998616456985474, 0.028098540380597115, 0.009849399328231812, 0.001488047419115901, 0.10786399245262146, 0.050853509455919266, 0.001767102861776948, 0.012600832618772984, 0.040386684238910675, -0.4155322015285492, 0.43497198820114136, 0.11210642009973526, 0.6981661915779114, -0.06112711876630783, -0.7044568657875061, 0.225210040807724, -0.38434267044067383, -0.4075915217399597, 3.032860517501831, 1.148187518119812, -2.317147970199585, 0.0, -0.38999998569488525, 0.47999998927116394, 0.3627554774284363, -0.6217970848083496, -0.39538824558258057, 0.5704779624938965, 0.6335551738739014, -0.06189216300845146, 0.009565426968038082, -0.7711586356163025, -0.028409846127033234, -0.422331303358078, 0.4757854640483856, 0.007815495133399963, 0.09164342284202576, 0.9957500100135803, -0.004713400267064571, 0.25765809416770935, 0.018767626956105232, 0.07409683614969254, 3.6193737983703613, 0.13807664811611176, 1.4102896451950073, -0.003020336152985692, -0.42655491828918457, 0.4734160304069519, -0.026080643758177757, -0.13121397793293, 0.9886130690574646, -0.06889764219522476, 0.31208834052085876, -0.09133880585432053, -0.1949257254600525, 5.020443439483643, -0.3281163275241852, 3.0605902671813965, 0.009095446206629276, -0.4311528205871582, 0.4239911735057831, 0.027104929089546204, -0.22680403292179108, 0.9726203083992004, 0.04283641278743744, 0.12424913048744202, 0.038829974830150604, -0.4297334551811218, 6.199833869934082, 1.060360312461853, -0.7559695243835449, 0.024762101471424103, -0.4215380549430847, 0.4063328206539154, -0.06453029066324234, -0.8198509812355042, 0.5647489428520203, 0.06883905082941055, 0.14151260256767273, 0.09222142398357391, -0.05351346358656883, 0.9612063765525818, -0.9466209411621094, -0.7510142922401428, -0.06922005861997604, -0.370452344417572, 0.45410236716270447, 0.10407622158527374, -0.7793622016906738, 0.509647011756897, -0.3493172228336334, 0.28469184041023254, -0.0395461842417717, 0.0238137636333704, 0.18627561628818512, 0.5754653215408325, 8.68773078918457, -0.009141587652266026, 0.0683652013540268, -0.030508801341056824, 0.0010330325458198786, -0.0011467378353700042, -0.000971360772382468, 0.036853037774562836, 0.16936099529266357, -0.07062916457653046, 0.0012595589505508542, -0.001934731611981988, -0.004199238494038582, -0.11064884066581726, 0.09479117393493652, 0.3645970821380615, -0.005529162473976612, 0.00033535913098603487, 0.0016199024394154549, 0.06911852210760117, -0.4295351803302765, 0.06654255837202072, 0.003406371921300888, 0.001518163364380598, 0.0025720244739204645, 0.21159818768501282, -0.5893674492835999, -0.0689646452665329, -0.0008483685669489205, 0.009215261787176132, -0.005834796465933323, -0.00770803727209568, -1.0, 0.15556523203849792, 1.0, -0.9637162089347839, -0.6232388615608215, 0.36028894782066345, -0.8711233139038086, 1.0, -1.0, -0.24225367605686188, -0.10324632376432419, 1.0, -1.0, -1.0, 0.04997339844703674, -0.27086448669433594, -1.0, -0.8752871751785278, -1.0]
[0.37475016713142395, -0.8917985558509827, 0.1156027764081955, 0.4625796377658844, -0.3939876854419708, -0.10034114122390747, -0.37115705013275146, 0.4134562909603119, -0.5793561339378357, -0.46959418058395386, 0.46809324622154236, -0.8463006615638733, -0.07288187742233276, -0.02240815944969654, -0.6639308929443359, 0.644547700881958, -1.000002145767212, -0.9216420650482178, -0.8187112212181091, -0.18355479836463928, -0.6734853386878967, -0.9565972089767456, -0.7924350500106812, -0.4655860364437103, -0.2648742198944092, -0.20680725574493408, 0.21107535064220428, 0.9532087445259094, -1.0186179876327515, -0.45854100584983826, 0.013830753974616528, -0.0792192742228508, -0.5313792824745178, -0.19712087512016296, 0.42783352732658386, -0.48009559512138367, -0.7571220397949219, -0.2118823528289795, 0.3451271951198578, 0.258358359336853, 3.7139066989766434e-05, 0.1374557465314865, 0.015045875683426857, 0.597215473651886, 0.7438697218894958, -0.041400499641895294, 0.25804075598716736, -0.9684194922447205, 2.2208361625671387, 0.21482345461845398, 0.042367689311504364, -0.04482140764594078, 9.189403499476612e-05, -0.0032964206766337156, 0.0692361444234848, -0.06139460578560829, -0.014769425615668297, -0.00304136099293828, 0.03420771658420563, 0.04299448803067207, -0.012284576892852783, -0.012389693409204483, -0.009822692722082138, 0.06123480945825577, -0.013549103401601315, 0.013271109201014042, 0.008811213076114655, -0.024163134396076202, 0.04923421889543533, 0.021712055429816246, 0.07088061422109604, 0.026032909750938416, 0.042534373700618744, -0.42244842648506165, 0.4286901652812958, 0.02446182258427143, 0.6765795350074768, 0.14080460369586945, -0.7223681211471558, 0.30422303080558777, -0.4955785870552063, -0.2657267451286316, 8.125777244567871, -0.8340732455253601, -1.4525889158248901, 0.0, -0.38999998569488525, 0.47999998927116394, 0.3627554774284363, -0.6217970848083496, -0.39538824558258057, 0.5704779624938965, 0.4559575915336609, -0.12394216656684875, 0.0553533099591732, -0.8795890212059021, -0.024384932592511177, -0.4210401177406311, 0.47683078050613403, 0.01115232054144144, 0.06377482414245605, 0.9978199601173401, -0.012797013856470585, 0.21156470477581024, 0.0272966455668211, 0.055208127945661545, 3.6172735691070557, 0.7456368207931519, 0.41236555576324463, 0.0016896460438147187, -0.42707619071006775, 0.4701797068119049, -0.023847466334700584, -0.17314337193965912, 0.9808624982833862, -0.08579838275909424, 0.2588341236114502, -0.10994407534599304, -0.23500338196754456, 5.007503509521484, 0.7534436583518982, 1.5814764499664307, 0.010869313031435013, -0.4291855990886688, 0.4174729883670807, 0.03536922484636307, -0.2877887487411499, 0.9557397961616516, 0.0498795323073864, 0.0734822228550911, 0.015345634892582893, -0.442739337682724, 8.15085220336914, 0.7820021510124207, -1.0902795791625977, 0.027105171233415604, -0.4202134311199188, 0.405901700258255, -0.07108176499605179, -0.8199329972267151, 0.56396484375, 0.06783035397529602, 0.10520441085100174, 0.0726817175745964, -0.01652323640882969, -0.5302438139915466, -0.3062123954296112, -0.5796546339988708, -0.06656969338655472, -0.37280401587486267, 0.4554387927055359, 0.16013871133327484, -0.7770135998725891, 0.4842762351036072, -0.3688928782939911, 0.1827780306339264, -0.054121363908052444, 0.07373018562793732, 0.13172626495361328, 2.384329319000244, 6.569782733917236, 0.4578160047531128, 0.027814636006951332, -0.12965334951877594, -0.002879201201722026, -0.002658092649653554, -0.004909669514745474, 0.5805585384368896, 0.16831383109092712, -0.15176504850387573, -0.0005166539340279996, -0.001513757510110736, -0.009300369769334793, 0.33318430185317993, 0.26687127351760864, 0.08541254699230194, -0.008386625908315182, 0.0016060121124610305, 0.00014606672630179673, 0.3273826837539673, -0.13989058136940002, 0.1381436139345169, 0.006712854839861393, 0.0006948201335035264, -0.0012590800179168582, 0.7042418718338013, -0.31233537197113037, -0.9077907204627991, 0.0021855547092854977, 0.014765044674277306, -0.0017663377802819014, 0.01274067722260952, -1.0, 0.4814548194408417, 1.0, -0.9652777910232544, -0.18920420110225677, 0.30951371788978577, -0.8720053434371948, 1.0, -1.0, -0.5528059005737305, -0.2804989814758301, 1.0, -1.0, -0.7901292443275452, 0.08299317955970764, -0.03133949637413025, -1.0, -0.4944334328174591, -1.0]
[0.2733752727508545, -0.9191237092018127, 0.20450153946876526, 0.554171085357666, -0.4739534854888916, -0.1732291579246521, -0.26846423745155334, 0.40487807989120483, -0.5645820498466492, -0.4783374071121216, 0.5019606947898865, -0.8943700790405273, -0.05825100094079971, -0.03359615430235863, -0.6542905569076538, 0.7074843049049377, -1.0000026226043701, -0.8330803513526917, -0.8033877611160278, -0.13056422770023346, -0.5201115012168884, -0.9702198505401611, -0.7421969771385193, -0.5605207681655884, -0.43442192673683167, -0.18492449820041656, 0.4423120617866516, 0.7895554900169373, -0.5904763340950012, -0.7992991805076599, 0.6325470805168152, -0.0710381492972374, 0.48977500200271606, 0.048797208815813065, 0.07288980484008789, -0.5171594619750977, 0.5119385719299316, 0.01805081032216549, -0.12248121947050095, 0.24849294126033783, 0.00029895093757659197, 1.1748679876327515, 0.2821415960788727, 0.6788220405578613, 1.3186901807785034, -0.025661760941147804, 0.24373474717140198, -0.8947163820266724, -1.2584915161132812, 0.2734622061252594, 0.002456589136272669, -0.05479448288679123, 0.00968178827315569, -0.001171784708276391, 0.03311743959784508, 0.014844285324215889, 0.07584994286298752, 0.04235319048166275, -0.03559776023030281, -0.03452342003583908, 0.053133003413677216, 0.03385208919644356, -0.18931293487548828, -0.07526739686727524, -0.10879796743392944, 0.030059408396482468, 0.02802177332341671, -0.0005323835066519678, 0.17893916368484497, 0.08043806254863739, -0.050746284425258636, -0.012500409036874771, 0.04649270325899124, -0.4282926619052887, 0.4249366819858551, -0.15523675084114075, 0.6383613348007202, 0.38190340995788574, -0.6500353813171387, 0.3485208749771118, -0.003936238586902618, 0.048349302262067795, 6.942625522613525, -2.003030300140381, -0.8017652630805969, 0.0, -0.38999998569488525, 0.47999998927116394, 0.3627554774284363, -0.6217970848083496, -0.39538824558258057, 0.5704779624938965, 0.1621789187192917, -0.11717777699232101, 0.0958944708108902, -0.9750751852989197, -0.01959380693733692, -0.41968125104904175, 0.4776591360569, 0.02106514945626259, 0.03225816786289215, 0.9991210699081421, -0.01651199348270893, 0.3492079973220825, 0.028284650295972824, 0.049159277230501175, 3.8038690090179443, 1.5106186866760254, 0.2847726047039032, 0.006312282755970955, -0.42678916454315186, 0.46771976351737976, -0.013040405698120594, -0.18228162825107574, 0.9794585108757019, -0.08523131906986237, 0.3089524805545807, 0.07317137718200684, -0.10072089731693268, -1.5375244617462158, 1.6012139320373535, -0.5140749216079712, 0.01537731010466814, -0.42676877975463867, 0.41320428252220154, 0.042207133024930954, -0.31131288409233093, 0.9484918117523193, 0.04081737995147705, 0.3565687835216522, 0.15925903618335724, -0.23223085701465607, 0.8405441045761108, 0.335257887840271, 1.883547067642212, 0.0305915717035532, -0.41856589913368225, 0.4055841267108917, -0.05998692661523819, -0.8009278178215027, 0.5913962125778198, 0.07187949866056442, 0.27025559544563293, 0.08257408440113068, 0.0693167969584465, -5.827721118927002, 2.5430684089660645, 1.7185882329940796, -0.0629575103521347, -0.376569002866745, 0.4591566324234009, 0.22716353833675385, -0.7734411954879761, 0.46147680282592773, -0.37043848633766174, 0.34462082386016846, -0.17887304723262787, 0.2466001659631729, -1.7250381708145142, 4.399258613586426, 8.50836181640625, -0.2379526048898697, 0.05586206540465355, -0.04124873876571655, -0.0003338537644594908, -0.0021174319554120302, -0.0009551466209813952, -0.07554732263088226, -0.8905606865882874, 0.28747138381004333, 0.028994780033826828, -0.0034798330161720514, -0.008707779459655285, -0.21241828799247742, -0.6684292554855347, 0.14649441838264465, 0.02382565289735794, -0.0008496642112731934, 0.00016710005002096295, -0.4536115825176239, -0.2618386745452881, -0.14374877512454987, 0.024094192311167717, -0.005008669104427099, -0.008686156943440437, -0.4390842914581299, -1.1249210834503174, 0.5467720031738281, -0.001154333003796637, -0.005475063808262348, -0.010652090422809124, -0.8274049758911133, -1.0, 0.8860839009284973, 1.0, -0.7408332228660583, 0.8287019729614258, 0.38733842968940735, -0.08742406964302063, 0.183314248919487, -1.0, 0.6100203990936279, -1.0, 1.0, -1.0, 0.04419489949941635, 0.19644781947135925, 0.5997738838195801, -1.0, -0.36462917923927307, -1.0]
[0.15218737721443176, -0.9250636696815491, 0.3201577365398407, 0.6270963549613953, -0.47547677159309387, -0.23247700929641724, -0.15664544701576233, 0.36868155002593994, -0.5003400444984436, -0.46330830454826355, 0.5461423993110657, -0.9425340890884399, 0.03367195650935173, -0.016983872279524803, -0.6933828592300415, 0.7420315146446228, -0.9998361468315125, -0.6919754147529602, -0.7634667754173279, -0.08425477892160416, -0.3684263527393341, -0.9765216708183289, -0.7266315221786499, -0.6089311242103577, -0.4652276039123535, 0.007633010391145945, 0.4906121790409088, 0.6273507475852966, 0.2953505516052246, -0.20504391193389893, 0.34307771921157837, -0.3866449296474457, 0.643453061580658, 0.19110515713691711, 0.2608436644077301, -0.5625783801078796, 0.8995916247367859, 0.24081580340862274, -0.20206718146800995, 0.11521761864423752, 0.0066242883913218975, 1.3756579160690308, 0.43328148126602173, 0.5164820551872253, 0.9703814387321472, -0.010395287536084652, 0.009037652984261513, -0.2142316848039627, -0.2823120951652527, 0.7014306783676147, -0.0015511272940784693, -0.021109601482748985, 0.0490502268075943, 0.05175437405705452, -0.04429682344198227, -0.013074073940515518, -0.002673435490578413, 0.0023030235897749662, 0.01569403149187565, -0.061797257512807846, -0.03441892936825752, -0.006764562800526619, 0.022998593747615814, 0.02648463472723961, 0.030513348057866096, 0.017186902463436127, 0.010280760005116463, -0.054225292056798935, -0.06045891344547272, -0.029577013105154037, -0.019461045041680336, 0.012328234501183033, 0.05212075263261795, -0.4256107211112976, 0.4244358241558075, -0.176579549908638, 0.6371793746948242, 0.3974858820438385, -0.6362601518630981, 0.3389692008495331, 0.023569077253341675, 0.3169102966785431, 13.203498840332031, -3.7357165813446045, -0.7682318091392517, 0.0, -0.38999998569488525, 0.47999998927116394, 0.3627554774284363, -0.6217970848083496, -0.39538824558258057, 0.5704779624938965, 0.13484983146190643, -0.10650062561035156, 0.09653076529502869, -0.9803851246833801, -0.013810772448778152, -0.41764822602272034, 0.4801073670387268, 0.03321249783039093, 0.03644446283578873, 0.9985816478729248, -0.02008543722331524, 0.3764178156852722, 0.20577044785022736, 0.17583158612251282, -3.8067467212677, 1.3540165424346924, 0.5839040279388428, 0.01195908896625042, -0.42665207386016846, 0.46642005443573, -0.002187511185184121, -0.16721412539482117, 0.9821175932884216, -0.08648480474948883, 0.37437281012535095, 0.04165807366371155, -0.041616085916757584, -2.3841898441314697, 0.6608537435531616, 0.8935660123825073, 0.02085227519273758, -0.42466941475868225, 0.4122491180896759, 0.05156503617763519, -0.2891544997692108, 0.95545893907547, 0.02879161201417446, 0.3321826756000519, 0.16735461354255676, -0.02475271187722683, -3.0051374435424805, 0.851362943649292, 1.62542724609375, 0.035975486040115356, -0.417448490858078, 0.4069007337093353, -0.03495647758245468, -0.7607643604278564, 0.644129753112793, 0.07150150090456009, 0.3817441463470459, 0.029916392639279366, 0.24647104740142822, -8.491111755371094, 2.3701601028442383, 2.9218592643737793, -0.057038813829422, -0.38111117482185364, 0.4638499915599823, 0.2932940423488617, -0.7632094621658325, 0.444095641374588, -0.36642706394195557, 0.4204929769039154, -0.1867087483406067, 0.2242831140756607, -1.9775713682174683, 3.705587387084961, 6.102749824523926, -0.06717535853385925, -0.7733330130577087, 0.2551930546760559, 0.04015437886118889, 0.0001307245111092925, 0.0004042630025651306, -0.23119908571243286, 0.04782738536596298, 0.08665880560874939, 0.0030204346403479576, 0.001915578031912446, 0.007464945781975985, 0.086006760597229, 0.20683400332927704, -0.32943081855773926, -0.0036620525643229485, -9.623265214031562e-05, -0.0022533731535077095, 0.0655444860458374, -0.2672235071659088, 0.020280487835407257, 0.006272406317293644, 0.0010445895604789257, -0.0019224658608436584, 0.21339309215545654, 0.3549383878707886, 0.17576786875724792, 0.005690101534128189, 0.008913946337997913, 0.005710899829864502, -0.6369767785072327, -0.73020339012146, 1.0, 1.0, -0.13657653331756592, 0.2615370452404022, -0.04849974066019058, -0.09341931343078613, 0.9003117680549622, -1.0, 0.8230339288711548, -1.0, 1.0, -1.0, 0.16014957427978516, 0.12437751889228821, 0.2984119653701782, -1.0, -0.7786571979522705, -0.6216430068016052]
[0.050857119262218475, -0.8984917402267456, 0.38556182384490967, 0.6653347015380859, -0.38798028230667114, -0.22495582699775696, -0.10849180817604065, 0.35842061042785645, -0.46951648592948914, -0.4476079046726227, 0.5684241652488708, -0.9983272552490234, 0.12170100212097168, 0.037305980920791626, -0.77288818359375, 0.7468099594116211, -0.9999772310256958, -0.5340728163719177, -0.7100202441215515, -0.060589343309402466, -0.29701778292655945, -1.000011920928955, -0.6928718686103821, -0.6275001764297485, -0.3238849937915802, 0.277812123298645, 0.1731758415699005, 0.21974420547485352, 1.0769747495651245, 0.24950452148914337, 0.11867612600326538, -0.05241892486810684, 0.10601460188627243, 0.09012501686811447, -0.010628503747284412, -0.47376933693885803, 0.8197473883628845, 0.7988301515579224, -0.3145779073238373, 0.00935602467507124, 0.0014017079956829548, 1.5555293560028076, 0.7769392728805542, 0.14810769259929657, 0.33288007974624634, -1.9068149413214996e-05, 0.2321740686893463, -0.16057828068733215, 3.0227231979370117, 2.1380276679992676, 0.017369912937283516, 0.008142441511154175, 0.03828691318631172, 0.02771928906440735, 0.0010308688506484032, 0.09477916359901428, -0.010099606588482857, -0.013255257159471512, 0.07969102263450623, 0.08873602747917175, 0.004758612718433142, 0.01960991881787777, 0.45633840560913086, 0.21107891201972961, 0.2854362726211548, 0.11922929435968399, 0.06608530133962631, -0.18511569499969482, 0.18997281789779663, 0.11880534887313843, 0.02893848530948162, -0.002268369309604168, 0.05746251717209816, -0.42167702317237854, 0.42691245675086975, -0.2352730929851532, 0.6326655745506287, 0.3945901393890381, -0.6234415769577026, 0.30053070187568665, 0.2573707699775696, 0.2399764060974121, 1.1394736766815186, -0.7788577079772949, 1.1131337881088257, 0.0, -0.38999998569488525, 0.47999998927116394, 0.3627554774284363, -0.6217970848083496, -0.39538824558258057, 0.5704779624938965, 0.09673219919204712, -0.07684791088104248, 0.0618143230676651, -0.990412175655365, -0.008837088011205196, -0.41511890292167664, 0.48425760865211487, 0.03735123574733734, 0.097460076212883, 0.9941211342811584, -0.028800876811146736, 0.24736934900283813, 0.29384371638298035, 0.25072628259658813, -9.152909278869629, -0.08375833928585052, 1.5434482097625732, 0.017024973407387733, -0.426467627286911, 0.46851009130477905, 0.002554804552346468, -0.14517396688461304, 0.984836220741272, -0.0949496328830719, 0.2716682553291321, 0.027409294620156288, 0.19212019443511963, -2.139803886413574, -0.01314517855644226, 1.1339826583862305, 0.025817135348916054, -0.4238407611846924, 0.41345733404159546, 0.05673139914870262, -0.24793821573257446, 0.9669910073280334, 0.015378231182694435, 0.30007264018058777, 0.10616882145404816, 0.19664190709590912, -7.053374290466309, -0.23634867370128632, 2.33215594291687, 0.04152023792266846, -0.4173574149608612, 0.4102596640586853, -0.005193579010665417, -0.7041128277778625, 0.7070409655570984, 0.06550677865743637, 0.3475421667098999, -0.04644171893596649, 0.4718250036239624, -12.22429370880127, 2.155329704284668, 3.3268723487854004, -0.05246575549244881, -0.38412559032440186, 0.46745598316192627, 0.32703128457069397, -0.7543273568153381, 0.4407398998737335, -0.36026236414909363, 0.22500166296958923, -0.13272768259048462, 0.21666161715984344, -2.3231935501098633, 1.2606972455978394, 2.2254185676574707, 0.6092633008956909, -0.3439461588859558, 0.42815905809402466, 0.02256009727716446, 0.0007983000832609832, -0.003083874238654971, 0.4415472149848938, 0.2416844367980957, 0.508106529712677, -0.0096299909055233, 0.0037742219865322113, 0.004891850519925356, 0.5655620694160461, -0.1019728034734726, 0.498943030834198, 0.018080327659845352, 0.002878722734749317, -0.0016415363643318415, 1.1267122030258179, -1.9544826745986938, 0.8661038279533386, 0.03676806390285492, 0.013260618783533573, 0.00803160946816206, -0.11477448791265488, -2.0616455078125, -0.8642581105232239, 0.017272813245654106, -0.00043198559433221817, -0.01631317473948002, -0.18754148483276367, -0.48938676714897156, 1.0, 1.0, 0.38796743750572205, -0.29799696803092957, 0.0829724594950676, -0.49614840745925903, 1.0, -1.0, 0.8233913779258728, -1.0, 1.0, -1.0, 0.4869161546230316, -0.17073401808738708, 0.7013694047927856, -1.0, -1.0, -0.5301774740219116]
[0.015267080627381802, -0.8819681406021118, 0.4340076148509979, 0.6973023414611816, -0.21792437136173248, -0.18227502703666687, -0.15473249554634094, 0.33618560433387756, -0.5078012347221375, -0.44910484552383423, 0.5590781569480896, -0.9999991059303284, 0.1922091543674469, 0.1316794455051422, -0.7764043807983398, 0.7447378039360046, -0.9912281632423401, -0.49112555384635925, -0.611772894859314, -0.13073939085006714, -0.21046771109104156, -0.8385001420974731, -0.6974502801895142, -0.6667906641960144, 0.0057753040455281734, 0.035669174045324326, 0.2164963334798813, 0.3407622277736664, 1.83133065700531, 0.5277076959609985, -0.3525460660457611, -0.3578375279903412, -0.5976530909538269, -0.11538349837064743, -0.004693657159805298, 0.00017294003919232637, 0.6363484859466553, 0.8773247599601746, 0.04181573539972305, -0.011879220604896545, 0.05930149555206299, -0.22607722878456116, 0.6583161950111389, -1.4131944179534912, 0.8106548190116882, 0.6193660497665405, -0.1724921315908432, -0.46895670890808105, 7.195674896240234, -1.915185570716858, 0.0417901985347271, -0.013046976178884506, 0.043562013655900955, 0.029170826077461243, 0.0651545375585556, -0.2195960134267807, -0.1269879937171936, -0.05414479970932007, 0.29727432131767273, -0.12208549678325653, -0.042127836495637894, -0.012262130156159401, -0.08606293797492981, 0.2622449994087219, -0.18359415233135223, -0.2209683060646057, -0.11574138700962067, -0.25864219665527344, 0.04061295837163925, 0.0807492807507515, 0.1373525857925415, 0.007138574495911598, 0.06083644554018974, -0.41605764627456665, 0.4299422800540924, -0.27470600605010986, 0.6405762434005737, 0.3374880254268646, -0.6326930522918701, 0.17282947897911072, 0.3632088005542755, 0.10226687043905258, 0.03811604902148247, -0.9755702018737793, 1.5701844692230225, 0.0, -0.38999998569488525, 0.47999998927116394, 0.3627554774284363, -0.6217970848083496, -0.39538824558258057, 0.5704779624938965, 0.11622636020183563, -0.04178217425942421, 0.003931309562176466, -0.9923357367515564, -0.007173607591539621, -0.41077741980552673, 0.4875834882259369, 0.038881443440914154, 0.19776855409145355, 0.9789656400680542, -0.031655386090278625, -0.015998363494873047, 0.5057831406593323, 0.0709136351943016, -13.714472770690918, -0.08782210946083069, 0.2785044312477112, 0.01964627578854561, -0.42755836248397827, 0.46835237741470337, 0.001892965636216104, -0.16453753411769867, 0.9804787039756775, -0.10763457417488098, 0.07630092650651932, -0.18622581660747528, -0.15144841372966766, 5.237733364105225, 0.051031362265348434, 1.5426297187805176, 0.02815432846546173, -0.42384979128837585, 0.41600874066352844, 0.05710585042834282, -0.18051180243492126, 0.9819014668464661, 0.004877560772001743, 0.0076893772929906845, 0.12228097766637802, 0.13998013734817505, -7.692151069641113, -0.16528266668319702, 0.8429921269416809, 0.04358512908220291, -0.4179762303829193, 0.4127300977706909, 0.0021325075067579746, -0.6579231023788452, 0.750630795955658, 0.06071201339364052, 0.0008975714445114136, -0.008613462559878826, 0.06595735251903534, -2.7110230922698975, -0.03475470468401909, 0.10330162942409515, -0.0513230562210083, -0.3856983184814453, 0.4738614559173584, 0.3584618866443634, -0.7169926762580872, 0.47994744777679443, -0.3564784526824951, -0.01228589378297329, -0.059542372822761536, 0.5778440237045288, -9.566326141357422, -2.2479307651519775, 2.3119969367980957, 1.2691211700439453, -0.8782243728637695, -0.30530622601509094, 0.01599746011197567, -0.0031174421310424805, -0.008027833886444569, 1.3445698022842407, 1.3218073844909668, -1.2385011911392212, -0.03431768715381622, 0.005997749511152506, 0.00107751099858433, 1.8176939487457275, 0.3377026915550232, -0.7556450963020325, -0.007196590304374695, 0.0015915354015305638, -0.01353112980723381, 1.4682214260101318, 3.029092788696289, -0.3586011528968811, -0.0703050047159195, 0.006985072512179613, -0.0028616292402148247, 0.2710733115673065, -1.3477836847305298, -2.4609932899475098, 0.02491401694715023, 0.002801396418362856, -0.01505238190293312, 0.6811212301254272, -1.0, 0.7530169486999512, 0.9296384453773499, 1.0, -1.0, -0.18101070821285248, -1.0, 1.0, -1.0, 0.7050486207008362, -0.6652196645736694, 1.0, -1.0, -1.0, -1.0, 0.5438715815544128, 1.0, -0.9212714433670044, -1.0]
[0.0555381178855896, -0.8847582936286926, 0.38822898268699646, 0.7206084728240967, -0.024085815995931625, -0.11732516437768936, -0.2666774392127991, 0.2785921096801758, -0.5781564116477966, -0.46800410747528076, 0.58426833152771, -0.9998287558555603, 0.24564185738563538, 0.21443262696266174, -0.7746045589447021, 0.7493529319763184, -0.9865951538085938, -0.5444668531417847, -0.5940821170806885, -0.25368526577949524, -0.07832694053649902, -0.5706514120101929, -0.6645358800888062, -0.7181807160377502, 0.2573627531528473, -0.06017165258526802, -0.40012893080711365, 0.14439372718334198, 1.7670038938522339, 0.7867594361305237, -0.5143367648124695, -0.6319020390510559, -0.6801806688308716, -0.21195261180400848, 0.16453658044338226, -0.006387918721884489, 0.4179254472255707, 0.6493121981620789, -0.00785905309021473, 0.044667039066553116, 0.030656499788165092, -0.6339994072914124, -0.0881320983171463, -1.575640082359314, 1.0264910459518433, 0.6811936497688293, 0.4074092507362366, -0.47522470355033875, 4.897743225097656, -1.0867029428482056, -0.030740197747945786, -0.0617530383169651, -0.03831614553928375, 0.0001486535184085369, 0.08531458675861359, -0.09926566481590271, -0.038342367857694626, -0.014993475750088692, 0.18419520556926727, -0.08918929845094681, -0.050765261054039, -0.02662431076169014, -0.0453629344701767, 0.20905622839927673, -0.0926915854215622, -0.06635568290948868, -0.041652098298072815, -0.034486908465623856, -0.037956353276968, -0.01618499495089054, 0.132823646068573, 0.02977018430829048, 0.062197327613830566, -0.4098099172115326, 0.43071362376213074, -0.28299614787101746, 0.6616237163543701, 0.2450200617313385, -0.6497170925140381, -0.004593531135469675, 0.37460675835609436, 0.07379727810621262, -2.1229686737060547, -0.5875529646873474, 1.485142707824707, 0.0, -0.38999998569488525, 0.47999998927116394, 0.3627554774284363, -0.6217970848083496, -0.39538824558258057, 0.5704779624938965, 0.1834908425807953, -0.003539455821737647, -0.05307050421833992, -0.9815813899040222, -0.009231681935489178, -0.4059256315231323, 0.48869597911834717, 0.030765891075134277, 0.3034544885158539, 0.9517215490341187, -0.034565456211566925, -0.24131834506988525, 0.4317459166049957, -0.1063404455780983, -12.944472312927246, -1.7203843593597412, 1.4435728788375854, 0.019225284457206726, -0.4299464821815491, 0.4644736647605896, -0.0009629319538362324, -0.22208091616630554, 0.9677379727363586, -0.11900506168603897, -0.08762674778699875, -0.261042058467865, -0.344084233045578, 7.941594123840332, 0.3140827715396881, 1.1986639499664307, 0.025606822222471237, -0.4237247407436371, 0.4168355166912079, 0.058679357171058655, -0.12864094972610474, 0.9898817539215088, 0.011923802085220814, -0.2591848373413086, 0.0782235786318779, 0.027991987764835358, -5.046977519989014, 0.5738955140113831, -1.3176096677780151, 0.04133863002061844, -0.41830000281333923, 0.41175922751426697, -0.0031218889635056257, -0.6674688458442688, 0.7416764497756958, 0.06626828014850616, -0.2579977810382843, -0.021709725260734558, -0.1643918752670288, 3.7401275634765625, -0.13257066905498505, -1.7400767803192139, -0.05521583557128906, -0.3844508230686188, 0.4829535484313965, 0.3818392753601074, -0.6697128415107727, 0.5473189353942871, -0.3257688879966736, -0.3804606795310974, 0.1022123247385025, 0.6472123861312866, -11.172369003295898, -0.20848983526229858, -2.577291965484619, 1.0152192115783691, -0.04778187721967697, -0.6360203623771667, -0.0005680745234712958, 0.007037807255983353, -0.00015725351113360375, 1.053329348564148, 0.36639901995658875, -0.5852304697036743, -0.009497490711510181, 0.0029908004216849804, -0.003630575258284807, 1.14295494556427, 0.487474650144577, -0.6757115721702576, -0.019312188029289246, 0.0006597175961360335, -0.007616956252604723, 1.1587473154067993, 1.1154444217681885, -0.04797324910759926, -0.024920431897044182, 0.006094692274928093, -0.0031660820823162794, 0.7368642091751099, 0.4077741205692291, -1.8679137229919434, -0.0004782496835105121, 0.017980359494686127, 0.0009696906199678779, 1.0, -1.0, -0.3984035849571228, 0.7588106393814087, 1.0, -1.0, -0.16489028930664062, -1.0, 1.0, -1.0, 0.44971323013305664, -0.8315019011497498, 0.9045888185501099, -1.0, -1.0, -1.0, 0.7522395849227905, 1.0, -0.11475157737731934, -1.0]
[0.14041247963905334, -0.8951116800308228, 0.2280409187078476, 0.6775054335594177, 0.09601963311433792, 0.005525058601051569, -0.35562029480934143, 0.2218647301197052, -0.6194679737091064, -0.4871341586112976, 0.555031418800354, -1.00001859664917, 0.27020496129989624, 0.2635619640350342, -0.7881664037704468, 0.7462714910507202, -0.9848536849021912, -0.614177405834198, -0.6121731996536255, -0.3731584846973419, 0.01889106258749962, -0.44204896688461304, -0.4977581202983856, -0.7422151565551758, 0.37820738554000854, -0.10323317348957062, -0.7926164269447327, -0.6999600529670715, 0.753577470779419, 1.2555742263793945, -0.273782879114151, -0.2518518567085266, -0.2289862185716629, -0.13275915384292603, -0.22999520599842072, -0.00013631033652927727, 0.028257334604859352, 0.2690407931804657, 0.015964312478899956, -0.10970444977283478, 0.06788583099842072, -0.6539443731307983, -0.20853431522846222, -1.423325777053833, 0.5112118721008301, 0.11883395165205002, 1.3598664999008179, -0.0876498743891716, 2.7639029026031494, -0.9715450406074524, -0.02016463503241539, -0.20412901043891907, -0.15032051503658295, -0.053017809987068176, 0.07401640713214874, 0.24579761922359467, 0.14179807901382446, 0.057486191391944885, 0.10815376043319702, -0.06512225419282913, -0.06819701939821243, -0.03964674472808838, 0.07559025287628174, 0.003182642161846161, 0.05840341001749039, 0.020077887922525406, 0.003976151812821627, 0.03883639723062515, -0.22808708250522614, -0.15945149958133698, 0.10052664577960968, 0.04038534313440323, 0.058661170303821564, -0.40435633063316345, 0.43063655495643616, -0.29372501373291016, 0.674058735370636, 0.16207022964954376, -0.6581060290336609, -0.2254401445388794, 0.3253714442253113, 0.05591170862317085, -0.8554200530052185, -0.8475140929222107, 1.4750733375549316, 0.0, -0.38999998569488525, 0.47999998927116394, 0.3627554774284363, -0.6217970848083496, -0.39538824558258057, 0.5704779624938965, 0.23690807819366455, 0.03267085179686546, -0.10586874186992645, -0.9651938080787659, -0.01349661871790886, -0.40510058403015137, 0.48693734407424927, 0.009565413929522038, 0.3729202449321747, 0.9269720315933228, -0.03951960802078247, -0.3435169458389282, -0.011613097041845322, -0.24228669703006744, -5.703212261199951, -2.71374249458313, 1.5724390745162964, 0.016132906079292297, -0.43180760741233826, 0.4602799713611603, -0.004493117798119783, -0.2694917619228363, 0.9554300904273987, -0.12044569104909897, -0.27466633915901184, -0.09660747647285461, -0.20497722923755646, 3.5958306789398193, -0.04223677143454552, -0.5436517000198364, 0.02171449363231659, -0.4237464368343353, 0.4163720905780792, 0.05557992309331894, -0.10402942448854446, 0.9928393959999084, 0.018934356048703194, -0.2662653625011444, 0.006934038363397121, -0.07166826725006104, -0.8775478601455688, -0.5619580149650574, -0.8102995753288269, 0.03697185963392258, -0.41841042041778564, 0.4094110131263733, -0.01159682311117649, -0.6949840188026428, 0.7149094939231873, 0.07594054192304611, -0.30821821093559265, -0.02281690575182438, -0.19136616587638855, 4.40887451171875, -0.7965490818023682, -1.834700107574463, -0.06394072622060776, -0.3795594274997711, 0.489333838224411, 0.3517974615097046, -0.647890031337738, 0.6203707456588745, -0.2676136791706085, -0.7219366431236267, 0.23743410408496857, 0.3554818034172058, -7.106556415557861, -2.4940531253814697, -11.044363021850586, 0.5768807530403137, 1.0185431241989136, -1.5494279861450195, -0.03773966431617737, 0.0037033138796687126, -0.000925444473978132, 0.7074686884880066, -1.8020998239517212, 0.5539708137512207, 0.030454695224761963, 0.001726367510855198, -0.004851207602769136, 0.6710666418075562, 0.653347909450531, -0.7056369781494141, -0.029846524819731712, -0.0004158697265665978, -0.004890644922852516, 0.09354494512081146, -0.17716440558433533, 0.3278737962245941, 0.001318685826845467, 0.00063705985667184, 0.00860282126814127, 0.9603670239448547, 2.4688210487365723, -1.2765097618103027, -0.003633729415014386, 0.02501947619020939, 0.02618827112019062, 1.0, -1.0, -1.0, 0.06262058764696121, 0.332244873046875, -1.0, -0.5395128726959229, -0.660276472568512, 1.0, -1.0, 0.5205181241035461, -1.0, 0.7809895873069763, -1.0, -1.0, -1.0, 0.22850696742534637, -0.6308830976486206, 1.0, -0.7231789231300354]
[0.24591098725795746, -0.9116724729537964, 0.03754187375307083, 0.6091374158859253, 0.12344527989625931, 0.10045237839221954, -0.42011943459510803, 0.22657914459705353, -0.6215742230415344, -0.4944858253002167, 0.5191898345947266, -1.0000176429748535, 0.2803986966609955, 0.2761324942111969, -0.7968931198120117, 0.7235971093177795, -0.9823794364929199, -0.6787765026092529, -0.6342712640762329, -0.478943794965744, 0.03826988860964775, -0.45844635367393494, -0.30638137459754944, -0.7678845524787903, 0.4162261188030243, -0.11426766961812973, -0.7754741907119751, -0.6003479361534119, -0.013970235362648964, 0.4647747576236725, -0.2084396928548813, 0.0809805616736412, 0.10020436346530914, -0.01253663282841444, -0.10439049452543259, 0.00016600631352048367, 0.23189523816108704, 0.07571561634540558, -0.030573297291994095, -0.07605542987585068, 0.028797615319490433, -0.5699611902236938, -0.20283053815364838, -1.235852599143982, -0.07581232488155365, -0.13302265107631683, 1.083587646484375, -0.31605491042137146, 0.9728261232376099, 0.11704196035861969, 0.011043147183954716, 0.03795558586716652, -0.038354068994522095, -0.05369406193494797, 0.035929400473833084, 0.0013031060807406902, 0.025313960388302803, 0.01511992048472166, 0.08050963282585144, -0.0007301358855329454, 0.0328909307718277, 0.01199016161262989, 0.08796680718660355, 0.02592194825410843, 0.08314535766839981, 0.03830397501587868, 0.013727594166994095, 0.039725858718156815, -0.1678019016981125, -0.10768012702465057, -0.04877696931362152, -0.018458405509591103, 0.0533791184425354, -0.4010419547557831, 0.43227630853652954, -0.30050939321517944, 0.6910472512245178, 0.1066165417432785, -0.6486760377883911, -0.33584243059158325, 0.14296025037765503, 0.06677285581827164, -0.3246944844722748, -0.5954670906066895, 0.5314561128616333, 0.0, -0.38999998569488525, 0.47999998927116394, 0.3627554774284363, -0.6217970848083496, -0.39538824558258057, 0.5704779624938965, 0.2708148956298828, 0.07102447003126144, -0.13183121383190155, -0.9509129524230957, -0.018458422273397446, -0.4067964255809784, 0.4838677644729614, -0.013133305124938488, 0.3866804838180542, 0.9211866855621338, -0.04148302599787712, -0.3348570168018341, -0.13008356094360352, -0.16606459021568298, 1.5408812761306763, -2.2378323078155518, 0.9413790106773376, 0.010963869281113148, -0.4317183792591095, 0.45914193987846375, -0.012850869446992874, -0.2758755683898926, 0.9542194604873657, -0.1148592159152031, -0.36091890931129456, 0.021047834306955338, -0.04047970473766327, -0.19171342253684998, -0.7558772563934326, -1.3176532983779907, 0.01681753247976303, -0.4236162602901459, 0.4151512384414673, 0.0516020767390728, -0.10111748427152634, 0.993101954460144, 0.02934115380048752, -0.32701024413108826, 0.026970015838742256, -0.0499124638736248, -0.9330192804336548, -0.197285458445549, -1.4988524913787842, 0.03199995681643486, -0.4183950424194336, 0.4067992866039276, -0.022932972759008408, -0.721989095211029, 0.6864152550697327, 0.08390356600284576, -0.34797337651252747, 0.009807247668504715, -0.20850643515586853, 4.30942964553833, -0.6098269820213318, -2.038557529449463, -0.07380907237529755, -0.37283796072006226, 0.49026724696159363, 0.2875469923019409, -0.6408822536468506, 0.6749188303947449, -0.22598935663700104, -0.6692492365837097, 0.3339943587779999, 0.023374177515506744, -2.906306505203247, -4.892810344696045, -8.586380004882812, 0.12612780928611755, 0.8216657638549805, -0.08242549002170563, -0.04136907309293747, -0.002570452867075801, -0.0010340235894545913, 0.2897007167339325, -0.3266094923019409, 0.05497289448976517, 0.010220779106020927, 0.00037626689299941063, -0.003552067093551159, 0.4420776963233948, -0.23205456137657166, 0.2032928168773651, 0.008509344421327114, -0.0017619270365685225, -0.005467168986797333, 0.16861459612846375, -0.48816996812820435, 0.27896013855934143, 0.006405044812709093, 0.002196715911850333, 0.003361403476446867, -0.31739550828933716, 1.8480300903320312, 0.5026814937591553, -0.005057989619672298, -0.013380074873566628, 0.017894523218274117, 1.0, -1.0, -1.0, 0.2542880177497864, -0.027026522904634476, -1.0, -0.1802029013633728, -0.4973125159740448, 1.0, -1.0, 0.676984965801239, -1.0, 0.8424038887023926, -1.0, -1.0, -1.0, -0.20648957788944244, -1.0, 0.5876809358596802, -1.0]
[0.3577817976474762, -0.9270045757293701, -0.10136944055557251, 0.5732571482658386, 0.07925877720117569, 0.11158786714076996, -0.46373578906059265, 0.22682712972164154, -0.6015728712081909, -0.49123144149780273, 0.5081391930580139, -1.0000032186508179, 0.2704404294490814, 0.2815394997596741, -0.8031630516052246, 0.7173358798027039, -0.9806963801383972, -0.7340996265411377, -0.6543019413948059, -0.5693128705024719, 0.010194443166255951, -0.5250222086906433, -0.19420626759529114, -0.8023053407669067, 0.4159328043460846, -0.105143241584301, -0.4610114097595215, -0.19022580981254578, -0.6134188771247864, -0.09481102973222733, -0.1578618884086609, -0.07838425785303116, 0.23016992211341858, 0.059710413217544556, 0.011896430514752865, -5.5130811233539134e-05, -0.24177494645118713, -0.022677121683955193, -0.006629744078963995, -0.011262143962085247, 0.011042792350053787, -0.4804399907588959, -0.17578409612178802, -1.0433679819107056, -0.27622243762016296, -0.18380975723266602, 0.48348745703697205, -0.3206423223018646, -0.2795439064502716, 0.07286723703145981, 0.029917683452367783, 0.09744735062122345, 0.0005083146970719099, -0.017778415232896805, -0.011024297215044498, -0.07444680482149124, -0.02323494851589203, -0.005469391122460365, 0.05370980128645897, 0.0008307992247864604, -0.02738792449235916, -0.01832672581076622, 0.022858228534460068, -0.027704298496246338, 0.01115855947136879, 0.01309998705983162, 0.006176508963108063, 0.0535142719745636, -0.03998183459043503, -0.026804782450199127, -0.09197131544351578, -0.02465406060218811, 0.04805433377623558, -0.40021732449531555, 0.43195202946662903, -0.2931031286716461, 0.6989172101020813, 0.08435972034931183, -0.6469069123268127, -0.2993973195552826, -0.06048297882080078, -0.04973896965384483, -0.0003422980080358684, -0.08890227973461151, -0.36818748712539673, 0.0, -0.38999998569488525, 0.47999998927116394, 0.3627554774284363, -0.6217970848083496, -0.39538824558258057, 0.5704779624938965, 0.2913491129875183, 0.08175963908433914, -0.13636857271194458, -0.9433103799819946, -0.02352527715265751, -0.40825581550598145, 0.48160552978515625, -0.02614208497107029, 0.3568272590637207, 0.9330235719680786, -0.03818029537796974, -0.30652812123298645, -0.12361326068639755, -0.06116373836994171, 5.078475475311279, -0.9584676027297974, -0.16458427906036377, 0.005178217776119709, -0.4313930869102478, 0.45822930335998535, -0.021599072962999344, -0.2710753381252289, 0.9565971493721008, -0.10475404560565948, -0.36178675293922424, 0.0223187617957592, -0.06929773837327957, -0.47886112332344055, -0.6442861557006836, -1.55684232711792, 0.011066734790802002, -0.42350324988365173, 0.4137248694896698, 0.04923068359494209, -0.10831855982542038, 0.9918739199638367, 0.04504982754588127, -0.3654417097568512, -0.02368270419538021, -0.10383064299821854, 1.829618215560913, -0.017663180828094482, -2.26914644241333, 0.026363912969827652, -0.418255090713501, 0.4045354127883911, -0.03644837439060211, -0.744408369064331, 0.660003125667572, 0.09446364641189575, -0.3703289330005646, 0.02516063302755356, -0.17802196741104126, 3.7016375064849854, -0.563183605670929, -2.3180735111236572, -0.08185866475105286, -0.3664722144603729, 0.4880841076374054, 0.22855207324028015, -0.6337601542472839, 0.7079938054084778, -0.2117939293384552, -0.4884026050567627, 0.31642505526542664, -0.10862605273723602, -1.463799238204956, -4.976595401763916, -4.942406177520752, -0.15688645839691162, 0.30537065863609314, 0.31857621669769287, -0.013197856023907661, -0.006626480724662542, -0.0007292855298146605, -0.09774504601955414, 0.2789352536201477, -0.18020936846733093, -0.0012853622902184725, -0.0001817520969780162, 0.0009051311644725502, 0.24157747626304626, 0.303179532289505, -0.17041222751140594, -0.013779033906757832, -0.0027055060490965843, -0.005083960480988026, -0.15146467089653015, -0.17063117027282715, 0.020222969353199005, 0.0036170415114611387, -0.0008071758202277124, 0.001599529990926385, -0.5527442097663879, 0.6577532887458801, 1.101165533065796, -0.005336773581802845, -0.015810152515769005, 0.004641352221369743, 1.0, -1.0, -0.593891441822052, 0.5337465405464172, -0.38585591316223145, -1.0, -0.12390901893377304, -0.4452521800994873, 1.0, -1.0, 0.1297033280134201, -0.976280927658081, 1.0, -1.0, -1.0, -1.0, -0.26649415493011475, -1.0, 0.0673397034406662, -1.0]
[0.4658361077308655, -0.9410001635551453, -0.16055898368358612, 0.5743464827537537, -0.02313077636063099, 0.08805446326732635, -0.5049290657043457, 0.2197420299053192, -0.5688205361366272, -0.4824492335319519, 0.5290725231170654, -1.0000003576278687, 0.21697108447551727, 0.27067291736602783, -0.8068549633026123, 0.7201435565948486, -0.9845038652420044, -0.7801488637924194, -0.6712214350700378, -0.6374490857124329, -0.03619640693068504, -0.5970824956893921, -0.15789298713207245, -0.834158718585968, 0.39317771792411804, -0.08910714089870453, -0.12752513587474823, 0.1142248660326004, -1.1182817220687866, -0.3149730861186981, -0.22331611812114716, -0.1344771683216095, 0.3438996374607086, 0.10292998701334, 0.19195103645324707, -6.22868537902832e-05, -0.6090893149375916, -0.16332285106182098, -0.04671921953558922, 0.06318854540586472, -0.06527155637741089, -0.3967464566230774, -0.14581863582134247, -0.7259513139724731, -0.3681808114051819, -0.17607596516609192, 0.08484234660863876, -0.2817636728286743, -0.8365578055381775, 0.26158544421195984, 0.025809627026319504, 0.07287442684173584, -0.001282313372939825, -0.010679429396986961, -0.05099770426750183, -0.0732659325003624, -0.025131506845355034, -0.006951215211302042, 0.05983562767505646, 0.01511547714471817, -0.014129754155874252, -0.011420520953834057, -0.03402247279882431, 0.03295295685529709, -0.0389738567173481, -0.006187262944877148, -0.0002088389010168612, 0.07996111363172531, -0.016491005197167397, -0.008981186896562576, -0.08350318670272827, -0.01909290999174118, 0.04328020662069321, -0.40160390734672546, 0.43063706159591675, -0.2938690185546875, 0.6987490057945251, 0.11259078234434128, -0.6424282193183899, -0.2978283762931824, -0.09283094108104706, -0.09879200905561447, 0.6779894828796387, 0.13987086713314056, -0.435443252325058, 0.0, -0.38999998569488525, 0.47999998927116394, 0.3627554774284363, -0.6217970848083496, -0.39538824558258057, 0.5704779624938965, 0.2716670334339142, 0.07451038062572479, -0.11902981996536255, -0.952090859413147, -0.02848370559513569, -0.4092179834842682, 0.4802979826927185, -0.02749074436724186, 0.3068978190422058, 0.95090252161026, -0.02902347594499588, -0.2777803838253021, -0.13085730373859406, 0.0028587232809513807, 7.023263454437256, 0.11106793582439423, -1.2298747301101685, -0.00038191291969269514, -0.430907279253006, 0.45727211236953735, -0.030426688492298126, -0.2615605890750885, 0.9600604772567749, -0.09457287192344666, -0.33014652132987976, 0.04265961796045303, -0.05876937508583069, -1.0632944107055664, -0.9270055890083313, -1.2522248029708862, 0.004777978640049696, -0.4234126806259155, 0.41167351603507996, 0.04799725115299225, -0.1381618231534958, 0.9870381355285645, 0.0660540908575058, -0.40702319145202637, -0.05534060299396515, -0.14282865822315216, 4.236917495727539, 0.1699133664369583, -3.1511576175689697, 0.02076597698032856, -0.4178021252155304, 0.4023877680301666, -0.05083164572715759, -0.7635080814361572, 0.6351299285888672, 0.10526899248361588, -0.3718084692955017, 0.06070080026984215, -0.1839626431465149, 3.5412113666534424, -0.2922234535217285, -2.392282724380493, -0.08759596943855286, -0.36147430539131165, 0.48488593101501465, 0.18615545332431793, -0.6262266635894775, 0.7260026931762695, -0.21472354233264923, -0.32581353187561035, 0.24693229794502258, -0.1568334698677063, -0.5566433072090149, -4.1420111656188965, -2.1694133281707764, -0.2331792712211609, 0.23340892791748047, 0.2241821587085724, -0.007178295403718948, -0.005892689805477858, -0.0006561630289070308, -0.3643755316734314, 0.32202449440956116, -0.14222237467765808, -0.00212084804661572, -3.06636793538928e-05, 0.006063314154744148, 0.2548207938671112, 0.1893147975206375, -0.036834508180618286, -0.008580798283219337, -0.0035242040175944567, -0.006562849506735802, 0.1472652554512024, 0.0934734046459198, -0.12268088757991791, 0.001193261705338955, 0.00195126177277416, -0.0037532204296439886, -0.4607302248477936, 0.3109458386898041, 1.1059725284576416, -0.006555485539138317, -0.011721225455403328, 0.0005486061563715339, 1.0, -1.0, -0.1965550184249878, 0.6981351375579834, -0.7701165080070496, -1.0, 0.04032691568136215, -0.34716808795928955, 1.0, -1.0, -0.20138777792453766, -0.7810247540473938, 1.0, -1.0, -1.0, -0.9095427989959717, -0.34788820147514343, -1.0, -0.20198623836040497, -1.0]
[0.5548886060714722, -0.9535212516784668, -0.17489279806613922, 0.5968325138092041, -0.15883958339691162, 0.04771581292152405, -0.5657392144203186, 0.2015053629875183, -0.5155733823776245, -0.46801429986953735, 0.5869251489639282, -1.0000030994415283, 0.1371789276599884, 0.24810753762722015, -0.8057939410209656, 0.7492414116859436, -0.9932715892791748, -0.8184037208557129, -0.6853126883506775, -0.6703698635101318, -0.07446424663066864, -0.6640339493751526, -0.1484495848417282, -0.861563503742218, 0.28955918550491333, -0.08507741242647171, -0.022860242053866386, 0.25500646233558655, -1.3224576711654663, -0.4232078194618225, -0.2572556734085083, -0.16494828462600708, 0.5681905150413513, 0.16754955053329468, 0.21426735818386078, -7.325764454435557e-05, -0.8035768866539001, -0.2485426664352417, 0.03780103474855423, 0.12394145876169205, -0.08253879100084305, -0.3309660851955414, -0.12215687334537506, -0.23157094419002533, -0.22541594505310059, -0.15790009498596191, 0.040285635739564896, -0.23892274498939514, -2.5231099128723145, 0.061026010662317276, -0.004818931221961975, 0.01733357273042202, 0.00022508944675792009, -0.0034876158460974693, -0.05190247669816017, -0.009248189628124237, 0.00877464935183525, 0.00668717548251152, -0.12051381915807724, 0.0060070594772696495, -0.004063822329044342, -0.004675349220633507, 0.02132229134440422, -0.08818115293979645, 0.04038158804178238, 0.023858265951275826, 0.00993514247238636, 0.14060860872268677, 0.025107692927122116, 0.014895749278366566, -0.08403918147087097, -0.014864692464470863, 0.039038125425577164, -0.40311309695243835, 0.42894232273101807, -0.3226674199104309, 0.6844193339347839, 0.16888511180877686, -0.6316118836402893, -0.22638805210590363, -0.09463847428560257, -0.09193133562803268, 1.7435534000396729, 0.3466709852218628, -0.28195032477378845, 0.0, -0.38999998569488525, 0.47999998927116394, 0.3627554774284363, -0.6217970848083496, -0.39538824558258057, 0.5704779624938965, 0.21064512431621552, 0.06402656435966492, -0.10574352741241455, -0.9697152376174927, -0.03266230225563049, -0.40998488664627075, 0.47947004437446594, -0.024252545088529587, 0.24574324488639832, 0.9688547253608704, -0.018508974462747574, -0.2068341225385666, -0.1450396031141281, 0.010754406452178955, 7.863770008087158, 0.28146031498908997, -1.0722588300704956, -0.00462639844045043, -0.43025001883506775, 0.45623674988746643, -0.040270328521728516, -0.24573689699172974, 0.9643133282661438, -0.08995258808135986, -0.2366962730884552, 0.08012154698371887, -0.033724911510944366, -2.374805450439453, -1.2374542951583862, -0.7838637828826904, -0.0013434323482215405, -0.42308658361434937, 0.4093278646469116, 0.04781242087483406, -0.18179669976234436, 0.97800612449646, 0.09037697315216064, -0.34043142199516296, -0.05372162163257599, -0.1750974804162979, 5.581047534942627, -0.1730155348777771, -2.9501426219940186, 0.015577612444758415, -0.41691479086875916, 0.4004529118537903, -0.065343476831913, -0.779509961605072, 0.6117554903030396, 0.11768408119678497, -0.30470365285873413, 0.07505208998918533, -0.14315927028656006, 2.9382221698760986, -0.4254572093486786, -2.3243188858032227, -0.09119438380002975, -0.35816729068756104, 0.4821934998035431, 0.1619693785905838, -0.6237550973892212, 0.7316272854804993, -0.22229917347431183, -0.17819646000862122, 0.15002033114433289, -0.12648174166679382, 0.49664512276649475, -2.092945098876953, -0.6425097584724426, -0.4658339023590088, 0.10795538127422333, 0.030197910964488983, -0.0018682852387428284, -0.0002880000974982977, 0.0019393886905163527, -0.5553014874458313, -0.07700654864311218, 0.046587321907281876, 0.005532076582312584, -0.0015022456645965576, 0.002723861252889037, -0.7045367360115051, 0.00813975464552641, -0.03870115801692009, -0.0045532528311014175, 0.00014615942200180143, 0.006002756766974926, -0.4836679697036743, -0.3513493537902832, -0.07452631741762161, 0.00466490164399147, -0.001865079626441002, 0.0018099045846611261, -0.4628469944000244, -0.01459404919296503, 1.2689361572265625, -0.009247370064258575, -0.007459141779690981, -0.003836971241980791, 0.7559088468551636, -1.0, -0.16727420687675476, 0.7739698886871338, -0.9740956425666809, -1.0, 0.04937215894460678, -0.13992680609226227, 1.0, -1.0, -0.3701702952384949, -0.6227540373802185, 1.0, -1.0, -1.0, -0.6959865093231201, -0.21099483966827393, -1.0, -0.1418863981962204, -1.0]
[0.6168569922447205, -0.9658677577972412, -0.18500842154026031, 0.6403383612632751, -0.2956549823284149, 0.0014604086754843593, -0.5924974679946899, 0.2016097754240036, -0.4204818606376648, -0.4434102773666382, 0.5989481806755066, -1.0000067949295044, 0.07346077263355255, 0.22352257370948792, -0.7931922674179077, 0.7607970237731934, -1.0000041723251343, -0.8502196073532104, -0.697089672088623, -0.6623336672782898, -0.09540235251188278, -0.7216448187828064, -0.13653986155986786, -0.884674608707428, 0.18796180188655853, -0.07996973395347595, -0.05159655213356018, 0.4802863299846649, -1.2294505834579468, -0.45360586047172546, -0.0003195524332113564, 0.09064541012048721, 1.0441943407058716, 0.29822584986686707, -0.02471737004816532, 4.92565450258553e-05, -0.47527751326560974, -0.19799980521202087, -0.0014630676014348865, -0.005310620181262493, 1.4180183825374115e-05, -0.2744891345500946, -0.10179133713245392, 0.27682918310165405, -0.11157242208719254, -0.1329343169927597, 0.0876045674085617, -0.2004568874835968, -2.3023433685302734, 0.23721300065517426, -0.015289172530174255, 0.0403594896197319, 0.028994731605052948, 0.009442280977964401, -0.015352553687989712, 0.06748572736978531, 0.05455357953906059, 0.026427384465932846, -0.13342347741127014, 0.018176350742578506, 0.03245798870921135, 0.01531955786049366, -0.10715994983911514, -0.11402057111263275, 0.014557959511876106, 0.01831073686480522, 0.009125469252467155, 0.12848201394081116, 0.014105214737355709, 0.010326462797820568, -0.0683361291885376, -0.01054009422659874, 0.03610677644610405, -0.40499019622802734, 0.4269876182079315, -0.35409286618232727, 0.6648342609405518, 0.22680552303791046, -0.6173920035362244, -0.14091837406158447, -0.11101887375116348, -0.11888229846954346, 1.187364101409912, 0.3558356761932373, -0.3220160901546478, 0.0, -0.38999998569488525, 0.47999998927116394, 0.3627554774284363, -0.6217970848083496, -0.39538824558258057, 0.5704779624938965, 0.14380080997943878, 0.05310997739434242, -0.09372368454933167, -0.9837260246276855, -0.03563440218567848, -0.4100855588912964, 0.4792042076587677, -0.02278045192360878, 0.1889197677373886, 0.981663167476654, -0.011300312355160713, -0.1422043889760971, -0.07491230219602585, 0.037341684103012085, 6.403412342071533, 0.0026078238151967525, -0.4955359995365143, -0.008071595802903175, -0.42867541313171387, 0.4566759765148163, -0.0488707572221756, -0.20311617851257324, 0.9744530320167542, -0.08244241029024124, -0.21842646598815918, 0.2088821977376938, 0.11064156889915466, -6.634764194488525, -1.0308440923690796, -1.8645211458206177, -0.005038468167185783, -0.4226052165031433, 0.40717196464538574, 0.04376740753650665, -0.21954603493213654, 0.9691471457481384, 0.10313885658979416, -0.17652446031570435, -0.020622290670871735, -0.13622909784317017, 3.6777210235595703, -0.7138636708259583, -1.2891030311584473, 0.012192043475806713, -0.4161221981048584, 0.398954838514328, -0.07763061672449112, -0.7919950485229492, 0.5927990674972534, 0.12371969223022461, -0.15884803235530853, 0.056460652500391006, -0.11322253197431564, 2.1992952823638916, -0.5339304804801941, -1.1093971729278564, -0.09302319586277008, -0.3565587103366852, 0.4804295003414154, 0.15378211438655853, -0.6312009692192078, 0.7249364256858826, -0.22891809046268463, -0.06582458317279816, 0.05637035518884659, -0.10884981602430344, 1.9493521451950073, -0.22724997997283936, 0.42307424545288086, -0.4119380712509155, -0.15024831891059875, 0.279275119304657, 0.007188556715846062, 0.0016220053657889366, 0.0028032190166413784, -0.3574410080909729, -0.6152634024620056, 0.35167574882507324, 0.017198434099555016, -0.0023678059224039316, -0.0024314497131854296, -0.7689693570137024, -0.3368903696537018, 0.23424911499023438, 0.010266201570630074, 0.0003233801980968565, 0.007497529033571482, -0.6531616449356079, -0.2165316641330719, -0.1317313313484192, 0.005877493880689144, -0.005931091029196978, -0.004095284268260002, -0.3434651792049408, 0.013888230547308922, 1.0755808353424072, -0.0085745295509696, -0.005044650752097368, -0.00310557521879673, 0.6611267328262329, -1.0, -0.2709997594356537, 0.975850522518158, -1.0, -0.919200599193573, 0.2491852343082428, 0.2866814136505127, 1.0, -1.0, -0.14164747297763824, -0.5555936694145203, 1.0, -1.0, -1.0, -0.4591342508792877, -0.15271630883216858, -1.0, -0.06064409017562866, -1.0]
[0.6540769934654236, -0.977128267288208, -0.21473507583141327, 0.6940597891807556, -0.4164324402809143, -0.08188904076814651, -0.5901632905006409, 0.22781729698181152, -0.29568207263946533, -0.40508395433425903, 0.5992053151130676, -0.9929761290550232, 0.06423924118280411, 0.21128082275390625, -0.7836737036705017, 0.7601110935211182, -1.0000029802322388, -0.8765721917152405, -0.7068638205528259, -0.6323295831680298, -0.11950760334730148, -0.7679818868637085, -0.11851508170366287, -0.9040821194648743, 0.10215701907873154, -0.07330324500799179, -0.15927717089653015, 0.5043901801109314, -1.0554026365280151, -1.0845189094543457, -0.0045470320619642735, 0.3065170347690582, 1.2127556800842285, 0.4688342213630676, 0.017596688121557236, 0.1390501856803894, 0.1251060664653778, -0.031764235347509384, 0.08805040270090103, 0.015601472929120064, -1.6586871424806304e-05, -0.22722938656806946, -0.08437839150428772, 0.41976723074913025, -0.20936501026153564, -0.10589291900396347, 0.12226330488920212, -0.1680498570203781, -1.8973385095596313, 0.23032653331756592, -0.018242673948407173, -0.009299376979470253, 0.013656611554324627, -0.01732150837779045, -0.045651014894247055, 0.04775999113917351, 0.02097243070602417, 0.016007866710424423, -0.05609618499875069, 0.05103057622909546, 0.06117799133062363, 0.029534101486206055, 0.04499940201640129, -0.051605287939310074, 0.039537008851766586, 0.020404716953635216, 0.008090220391750336, 0.05706881731748581, -0.0375620536506176, -0.015486206859350204, -0.036408454179763794, -0.004466286860406399, 0.03494836017489433, -0.4065588712692261, 0.42503929138183594, -0.3511030077934265, 0.6542583703994751, 0.25824588537216187, -0.6180465817451477, -0.027242902666330338, -0.0838133841753006, -0.09830929338932037, 0.2289317399263382, 0.5142467617988586, -0.45914426445961, 0.0, -0.38999998569488525, 0.47999998927116394, 0.3627554774284363, -0.6217970848083496, -0.39538824558258057, 0.5704779624938965, 0.12201284617185593, 0.03408237174153328, -0.07802385091781616, -0.988869845867157, -0.03741687163710594, -0.4096616506576538, 0.47937822341918945, -0.025196222588419914, 0.12748731672763824, 0.9914665222167969, -0.010309312492609024, -0.08364389091730118, -0.09313778579235077, 0.048863187432289124, 8.516996383666992, -0.3057309091091156, 0.48510628938674927, -0.010795775800943375, -0.4260662794113159, 0.45870867371559143, -0.055755775421857834, -0.1331353634595871, 0.9868842959403992, -0.07228802889585495, -0.15624871850013733, 0.31141525506973267, 0.1802019327878952, -9.410673141479492, -1.2865431308746338, -1.772078514099121, -0.0069878846406936646, -0.4221400022506714, 0.4064387083053589, 0.042146991938352585, -0.22852520644664764, 0.9665066599845886, 0.10892443358898163, -0.08399714529514313, 0.030524592846632004, 0.013801183551549911, -0.7641023993492126, 0.2573847472667694, -0.42781320214271545, 0.010352356359362602, -0.41551831364631653, 0.397859126329422, -0.08524904400110245, -0.8012325167655945, 0.5787704586982727, 0.1256331354379654, -0.09707029908895493, 0.04086465761065483, -0.07182873040437698, 1.599381685256958, -0.6790904402732849, -0.9627914428710938, -0.09369885921478271, -0.3561321496963501, 0.47868600487709045, 0.1513659805059433, -0.64480060338974, 0.7106448411941528, -0.23728545010089874, -0.0070464760065078735, 0.006326970644295216, -0.14696457982063293, 2.6894211769104004, -0.21966780722141266, 0.8521724939346313, -0.3341989517211914, 0.22929833829402924, 0.059041235595941544, -0.01388203352689743, 0.0022718082182109356, 0.0032144810538738966, -0.45483410358428955, -0.286973774433136, 0.2042141705751419, 0.011703258380293846, -0.00018094200640916824, 0.004079603590071201, -0.363960325717926, -0.5683332085609436, 0.522706151008606, 0.02100910246372223, -0.0010462356731295586, 0.0015760649694129825, -0.277391642332077, -0.3112605810165405, -0.04855275899171829, 0.0034213124308735132, -0.0003063709591515362, 0.0017186383483931422, -0.16478188335895538, 0.2577548027038574, 0.5865373611450195, -0.0018515237607061863, -0.0018297758651897311, 0.001237118267454207, 0.6155986785888672, -1.0, -0.4773577153682709, 1.0, -1.0, -1.0, 0.48562300205230713, 0.45228272676467896, 1.0, -0.9553630352020264, 0.2602542042732239, -0.3877725303173065, 1.0, -1.0, -1.0, -0.41891804337501526, -0.3101859390735626, -1.0, -0.006945371627807617, -1.0]
[0.6629300713539124, -0.987163782119751, -0.25967562198638916, 0.7416888475418091, -0.5010981559753418, -0.20206043124198914, -0.5990175604820251, 0.2662692368030548, -0.20545868575572968, -0.3242966830730438, 0.6087657809257507, -0.9820247888565063, 0.08743337541818619, 0.2143808752298355, -0.7179851531982422, 0.7777119874954224, -1.000003695487976, -0.8987757563591003, -0.7151572704315186, -0.6143394708633423, -0.1585467904806137, -0.8057917356491089, -0.09023875743150711, -0.920367419719696, -0.014603137969970703, -0.06457532942295074, -0.1980249285697937, 0.40459105372428894, -0.6361035108566284, -1.0338248014450073, -0.0304074939340353, 0.34735107421875, 0.634213387966156, 0.8984729647636414, 0.062316443771123886, 0.12640555202960968, 0.2614578902721405, 0.06582285463809967, 0.45049649477005005, 0.1297147423028946, -2.00652593207451e-07, -0.19206582009792328, -0.07232776284217834, 0.11615605652332306, -0.321150541305542, -0.0880139097571373, 0.2021535187959671, -0.14070384204387665, -2.180567741394043, 0.25513243675231934, -0.01333716232329607, -0.04256328195333481, 0.015398427844047546, 0.017998864874243736, -0.03689712658524513, -0.01224840059876442, -0.05428764224052429, -0.014303930103778839, -0.0590820237994194, 0.022909577935934067, 0.01737765222787857, 0.008478142321109772, 0.14816568791866302, -0.011404374614357948, 0.10393111407756805, 0.042093195021152496, 0.014771777205169201, -0.007736952509731054, -0.02137066423892975, -0.008862162008881569, -0.010922332294285297, 0.00031635217601433396, 0.034463174641132355, -0.4085243344306946, 0.4233013689517975, -0.39644429087638855, 0.6062465310096741, 0.3404814302921295, -0.599474310874939, -0.020564405247569084, -0.16122078895568848, -0.08815609663724899, 3.5993010997772217, 0.9331915974617004, -0.12343382835388184, 0.0, -0.38999998569488525, 0.47999998927116394, 0.3627554774284363, -0.6217970848083496, -0.39538824558258057, 0.5704779624938965, 0.01929227076470852, 0.00633689621463418, -0.06937658786773682, -0.9973838925361633, -0.03783062472939491, -0.4091014564037323, 0.47965195775032043, -0.02991066873073578, 0.06320340186357498, 0.997422456741333, -0.01609700918197632, 0.0027767184656113386, -0.0670471042394638, 0.028066281229257584, 6.612669467926025, -0.4162299931049347, 1.2065991163253784, -0.011861714534461498, -0.4235425293445587, 0.4607738256454468, -0.06278689205646515, -0.054432544857263565, 0.9942771792411804, -0.06713904440402985, -0.03896300122141838, 0.2646675109863281, 0.11396437883377075, -8.924162864685059, -1.2846925258636475, -1.0497533082962036, -0.007530824281275272, -0.42172637581825256, 0.4066348373889923, 0.04441852495074272, -0.21729405224323273, 0.9687598943710327, 0.11097008734941483, 0.011508315801620483, 0.04526640474796295, 0.04124346375465393, -1.8739882707595825, 0.6317315101623535, 0.13632138073444366, 0.009344358928501606, -0.4155583381652832, 0.3980923891067505, -0.09937811642885208, -0.8054265975952148, 0.570733904838562, 0.12519843876361847, -0.06345291435718536, -0.013439380563795567, 0.047064751386642456, 0.30949297547340393, -1.411803960800171, -1.7429730892181396, -0.09376537054777145, -0.3560403883457184, 0.4763524532318115, 0.1432580202817917, -0.6552035808563232, 0.6990271210670471, -0.24808549880981445, 0.01026008278131485, 0.0011576616670936346, -0.16376309096813202, 1.8918542861938477, -1.430981993675232, 0.23739270865917206, -0.3977629840373993, -0.1810029149055481, -0.0003243304090574384, 0.015283819288015366, 0.000800656620413065, 0.002916545607149601, -0.4568825364112854, 0.5156905055046082, -0.1844097077846527, -0.006568571086972952, -0.00042476586531847715, 0.002871046308428049, -0.39425987005233765, -0.1944851279258728, 0.1699255406856537, 0.005560865625739098, -0.0012609838740900159, 0.0014673873083665967, -0.049691446125507355, -0.6538095474243164, 0.02758299931883812, 0.004964635707437992, 0.0037215705960989, 0.0055537149310112, -0.07396239042282104, 0.04387204349040985, 0.21232667565345764, 0.005813649855554104, 0.0014997497200965881, 0.0015125819481909275, 0.44492051005363464, -1.0, -0.5466987490653992, 0.9707306027412415, -0.7940253615379333, -1.0, 0.5134821534156799, 0.05467892065644264, 1.0, -1.0, 0.26718300580978394, 0.07181625813245773, 1.0, -1.0, -1.0, -0.6023428440093994, -0.4358801245689392, -1.0, 0.11043205857276917, -1.0]
[0.6735227108001709, -1.0000399351119995, -0.1772521287202835, 0.7782698273658752, -0.4277278184890747, -0.250372052192688, -0.6093665957450867, 0.3331127166748047, -0.20660996437072754, -0.2594545781612396, 0.6304259300231934, -0.946250855922699, 0.1699841022491455, 0.22802476584911346, -0.5641413331031799, 0.7942068576812744, -1.0000026226043701, -0.9172620177268982, -0.7222023606300354, -0.6008450388908386, -0.11311820149421692, -0.6834313869476318, -0.15109527111053467, -0.9334278106689453, 0.059652816504240036, -0.06406541913747787, 0.6217675805091858, 0.3114381432533264, 1.477403998374939, 0.0917920246720314, -0.07786824554204941, 0.7853915691375732, -0.3529967963695526, 0.2107187956571579, 0.14717227220535278, 0.4898286461830139, 0.9672902226448059, 0.1708449423313141, 0.6856565475463867, -0.03348950296640396, -0.00011075264046667144, -0.15550903975963593, -0.0643097385764122, 0.19217155873775482, 0.6898651123046875, 0.5159141421318054, -0.6768130660057068, -0.11210048198699951, 0.5761445164680481, 1.0162423849105835, 0.0640038326382637, 0.0035090832971036434, 0.2006112039089203, 0.12617765367031097, -0.006955665536224842, 0.15992918610572815, -0.010887503623962402, -0.04528336599469185, 0.06464884430170059, 0.17659780383110046, 0.0867852121591568, 0.028791379183530807, -0.04984133318066597, -0.10848096013069153, -0.021335262805223465, -0.0028118393383920193, -0.0003270739398431033, -0.016114354133605957, 0.3718374967575073, 0.23429733514785767, -0.07288345694541931, -0.024707965552806854, 0.033866800367832184, -0.4109901189804077, 0.42302241921424866, -0.4114120304584503, 0.5626294612884521, 0.4228089153766632, -0.5791552662849426, -0.22608360648155212, -0.20612499117851257, 0.020311415195465088, -2.958021879196167, 0.702854335308075, -1.4453977346420288, 0.0, -0.38999998569488525, 0.47999998927116394, 0.3022007346153259, 0.1794593334197998, 0.9343982934951782, 0.058040276169776917, -0.2987002432346344, -0.37560582160949707, 0.8095603585243225, 0.3380976617336273, -0.03856845945119858, -0.4061475396156311, 0.48069366812705994, -0.020221048966050148, 0.08343607932329178, 0.9963022470474243, -0.003368653357028961, -0.03231719881296158, 0.39580681920051575, 0.10058589279651642, -8.995484352111816, 1.7310630083084106, -3.167318344116211, -0.012959761545062065, -0.4215005338191986, 0.4627096652984619, -0.06767181307077408, -0.007069925311952829, 0.9956716895103455, -0.06331082433462143, -0.0901862159371376, 0.15907318890094757, 0.14932399988174438, -2.849156618118286, -0.6595451831817627, -0.4397693872451782, -0.008110010996460915, -0.4213023781776428, 0.4089237153530121, 0.052000030875205994, -0.17061342298984528, 0.977434515953064, 0.11317557841539383, -0.028940685093402863, 0.11499171704053879, 0.2650064527988434, -7.556909561157227, 2.093918561935425, 0.2651280462741852, 0.007903378456830978, -0.4166390895843506, 0.399916410446167, -0.1279146373271942, -0.8031538128852844, 0.5693255662918091, 0.1202092319726944, -0.086561419069767, -0.07270875573158264, 0.1113211140036583, -0.6948372721672058, -2.5770339965820312, -2.026167869567871, -0.09347716718912125, -0.35665372014045715, 0.47867175936698914, 0.17668937146663666, -0.6527300477027893, 0.695313572883606, -0.243440642952919, 0.0805763527750969, -0.02737496607005596, 0.29680681228637695, -2.7483253479003906, 5.605667591094971, 3.5204949378967285, -0.025844966992735863, -2.398137092590332, 0.9347079992294312, 0.0902055948972702, -0.011027129366993904, -0.01088081393390894, 0.04642292857170105, 0.6315361261367798, 0.5365430116653442, -0.03581032529473305, 0.0012833847431465983, 0.0017336681485176086, 0.35396304726600647, -0.4092559516429901, 1.154876708984375, 0.022652536630630493, -0.0004105825792066753, -0.004518286325037479, -0.6006384491920471, 0.08580479025840759, 0.005882401950657368, 0.00095999805489555, -0.008684881962835789, -0.003990930505096912, -0.5947045087814331, -3.066391706466675, 0.7729154229164124, 0.0008638580329716206, -0.015192702412605286, -0.03260033577680588, 1.0, -1.0, 1.0, 1.0, 1.0, -0.8461771011352539, 0.8446504473686218, -0.5900349617004395, 1.0, -0.6365976333618164, 1.0, 1.0, 1.0, -1.0, -1.0, -0.5053213834762573, 0.7354304194450378, 1.0, -1.0, -1.0]
[0.6623678803443909, -1.0000360012054443, -0.03986218571662903, 0.7501339912414551, -0.3173694312572479, -0.2199309766292572, -0.5226165652275085, 0.3434591293334961, -0.2886364161968231, -0.26554927229881287, 0.550014078617096, -0.9013299942016602, 0.18938888609409332, 0.2334602028131485, -0.4517005383968353, 0.7131239175796509, -1.000016212463379, -0.8098739385604858, -0.7093964219093323, -0.4810202121734619, 0.021833542734384537, -0.4502658545970917, -0.11715958267450333, -0.9445284605026245, -0.13238422572612762, -0.0028282993007451296, 0.5329446196556091, -0.5736360549926758, 0.7689629197120667, 0.3081885278224945, 0.5176641345024109, -0.31897303462028503, -0.9762561917304993, -0.2218257486820221, -0.5073268413543701, 0.3558333218097687, -0.29839134216308594, -0.11473935097455978, 0.6132898926734924, -0.4910862147808075, 0.0012040529400110245, 1.6117935180664062, 0.34131893515586853, 2.155107259750366, 1.1272178888320923, 0.6083910465240479, 0.664228618144989, -0.09658762812614441, -4.494047164916992, -0.0367283895611763, -0.02824576199054718, -0.25401055812835693, -0.16026318073272705, -0.05981714278459549, -0.015941910445690155, -0.5751326680183411, -0.27049538493156433, -0.104520283639431, -0.30150729417800903, 0.008227953687310219, -0.07893027365207672, -0.04743947088718414, 0.07019826769828796, -0.23978941142559052, 0.0639895498752594, 0.15945762395858765, 0.08373306691646576, 0.3529396653175354, 0.056593798100948334, 0.025031283497810364, -0.09493924677371979, 0.0004196120426058769, 0.03494785353541374, -0.41350018978118896, 0.426852285861969, -0.38572633266448975, 0.6082532405853271, 0.40762847661972046, -0.5613217949867249, 0.16941596567630768, -0.011807374656200409, 0.42227649688720703, -1.0200321674346924, -2.0375614166259766, 0.27692046761512756, 0.0, -0.38999998569488525, 0.47999998927116394, 0.3022007346153259, 0.1794593334197998, 0.9343982934951782, 0.058040276169776917, -0.3479538857936859, -0.3475700616836548, 0.8011937737464905, 0.3408980369567871, -0.03806748986244202, -0.40542030334472656, 0.4805382788181305, -0.002961045829579234, 0.12714992463588715, 0.9918057918548584, 0.012051766738295555, 0.13382621109485626, -0.04910510033369064, -0.10637427866458893, -2.4421255588531494, 1.8242967128753662, -1.3571735620498657, -0.012812914326786995, -0.42262187600135803, 0.46216294169425964, -0.05641770735383034, -0.03780386969447136, 0.9961652159690857, -0.05516097694635391, 0.13584427535533905, -0.28006982803344727, -0.16654115915298462, 7.550083160400391, 2.525249719619751, -0.3642531931400299, -0.005713038146495819, -0.4222553074359894, 0.41117796301841736, 0.0479884147644043, -0.14375737309455872, 0.9835644364356995, 0.09814220666885376, 0.24028310179710388, -0.075581856071949, 0.05014798045158386, 0.22394096851348877, -1.7137271165847778, 2.547006845474243, 0.009442256763577461, -0.4196700155735016, 0.40402287244796753, -0.13545118272304535, -0.7685450315475464, 0.6161108016967773, 0.10676582157611847, 0.20886348187923431, -0.28877779841423035, 0.49525344371795654, -11.449712753295898, 0.19055628776550293, 1.1784662008285522, -0.09070900827646255, -0.35974574089050293, 0.48581090569496155, 0.24941971898078918, -0.6725946664810181, 0.6660928726196289, -0.20427054166793823, 0.31564992666244507, -0.2524305582046509, 0.30747079849243164, 2.8006722927093506, 12.543127059936523, 2.810220956802368, -0.8235445618629456, 1.7366375923156738, -1.238995909690857, -0.03376758098602295, 0.0034880267921835184, 0.007358141243457794, -0.8456792831420898, 2.882218360900879, -2.5666401386260986, -0.061287008225917816, -0.005989792291074991, -0.0016752596711739898, -1.733469009399414, 0.7270655632019043, -0.48347440361976624, -0.03653348982334137, 0.003925991244614124, 0.018821628764271736, -1.1921861171722412, -2.0705769062042236, -0.018108008429408073, 0.052674420177936554, -0.006367910653352737, 0.00740544218569994, -0.16860993206501007, 0.21202029287815094, 1.9889976978302002, -0.03177214413881302, 0.0031173760071396828, -0.006322452798485756, -0.15128973126411438, -1.0, 0.6377896666526794, 0.20099115371704102, -0.011144894175231457, 1.0, -1.0, -1.0, -1.0, -0.06700334697961807, 0.3104856014251709, 0.7980040311813354, -0.031495094299316406, -1.0, 0.5061711072921753, 0.775390625, 1.0, 1.0, 0.7975406646728516, -1.0]
[0.6093955636024475, -1.0000548362731934, 0.10624967515468597, 0.6403706669807434, -0.21784523129463196, -0.18727734684944153, -0.36786001920700073, 0.27573609352111816, -0.3960603177547455, -0.2967003881931305, 0.3988039195537567, -0.834213137626648, 0.13739709556102753, 0.2099294513463974, -0.3897605240345001, 0.514914333820343, -1.0000090599060059, -0.608427882194519, -0.6568542718887329, -0.3191941976547241, 0.17517384886741638, -0.21651047468185425, -0.014919816516339779, -0.9535573720932007, -0.25120723247528076, 0.00042398888035677373, 0.6342645883560181, -1.2536911964416504, 0.9911432266235352, 0.32317644357681274, 0.6658158898353577, -0.4912073314189911, -1.0167040824890137, -0.3325182795524597, -0.7421976327896118, 0.5156977772712708, -0.660361647605896, -0.298549622297287, 0.0735647901892662, -1.0432926416397095, 0.00019264075672253966, 1.9161266088485718, 0.566375732421875, 1.9129711389541626, 1.0888434648513794, 0.5576099753379822, 0.6025317311286926, -0.07848092168569565, -2.6458168029785156, 0.08104734122753143, -0.009910679422318935, -0.1642434298992157, -0.05822468549013138, -0.01728842779994011, -0.050028298050165176, 0.24501992762088776, 0.09859776496887207, 0.03052285686135292, -0.22903138399124146, -0.24799969792366028, -0.13631397485733032, -0.05074911564588547, -0.2651984691619873, -0.2761543095111847, -0.13887742161750793, -0.03877721354365349, -0.005246784538030624, -0.08805927634239197, -0.0040280488319695, -0.025534331798553467, -0.027385249733924866, -0.0050336457788944244, 0.038104526698589325, -0.41107645630836487, 0.4363025724887848, -0.3724416196346283, 0.707295298576355, 0.2637862265110016, -0.5398492813110352, 0.16650152206420898, 0.2877141535282135, 0.750788688659668, -1.6739524602890015, -3.672697067260742, 1.7123702764511108, 0.0, -0.38999998569488525, 0.47999998927116394, 0.3022007346153259, 0.1794593334197998, 0.9343982934951782, 0.058040276169776917, -0.4720304012298584, -0.28979265689849854, 0.800327718257904, 0.22952701151371002, -0.0357840396463871, -0.4085124433040619, 0.47734183073043823, 0.014899460598826408, 0.1356600821018219, 0.9904217720031738, 0.020949063822627068, 0.19908516108989716, -0.2322005331516266, -0.2458481639623642, -0.266248881816864, 2.0600085258483887, -1.1550602912902832, -0.0105180898681283, -0.4262573719024658, 0.45753782987594604, -0.03607301041483879, -0.11911393702030182, 0.9911938309669495, -0.04522379860281944, 0.19499914348125458, -0.31335052847862244, -0.2833738327026367, 9.185093879699707, 2.8595192432403564, -0.5567453503608704, 0.00012329278979450464, -0.4240049123764038, 0.41309601068496704, 0.03512662649154663, -0.1468093991279602, 0.9862186312675476, 0.06771858781576157, 0.39568814635276794, -0.12138473987579346, 0.055292122066020966, 2.117687463760376, -2.755993604660034, 3.844094753265381, 0.015775879845023155, -0.4230014979839325, 0.40921100974082947, -0.12180569022893906, -0.6999474167823792, 0.6993016600608826, 0.07882963865995407, 0.5805169939994812, -0.18177032470703125, 0.46655571460723877, -13.162213325500488, 0.6323226690292358, 4.676347732543945, -0.08406184613704681, -0.36513155698776245, 0.4930430054664612, 0.33250564336776733, -0.6896792650222778, 0.6229814887046814, -0.16023869812488556, 0.5125232934951782, -0.3029843866825104, 0.27068302035331726, 0.7144365310668945, 11.131957054138184, 4.5867486000061035, -0.5281949043273926, 0.5972954034805298, -0.6670004725456238, -0.00832899659872055, 0.0002619769948069006, 0.002928456524387002, -0.574990451335907, -0.9488469362258911, 0.9382598400115967, 0.016290152445435524, -0.0008813205058686435, 0.0027851273771375418, -1.281096339225769, 0.7040076851844788, -1.662130355834961, -0.0401889942586422, 0.004322323482483625, 0.0155213363468647, -1.446047067642212, 0.5279252529144287, -0.47998034954071045, 0.002672094851732254, -0.015505402348935604, -0.003910992760211229, -0.18686920404434204, 0.15942725539207458, 0.4106558561325073, 0.006491495296359062, -0.0020437410566955805, 0.004519239068031311, -0.12397267669439316, -1.0, 1.0, -0.25198832154273987, 0.3955869674682617, 1.0, -1.0, -1.0, -1.0, 0.11824425309896469, 0.20337213575839996, 0.5120044946670532, -0.6822401881217957, -1.0, 0.810535728931427, 0.5164544582366943, 1.0, 1.0, 0.49612781405448914, -1.0]
[0.5213602781295776, -1.0000149011611938, 0.223603293299675, 0.49049538373947144, -0.10397068411111832, -0.15075665712356567, -0.19561633467674255, 0.22608721256256104, -0.49731308221817017, -0.33182820677757263, 0.1423436999320984, -0.8007162809371948, 0.08425243943929672, 0.18457430601119995, -0.3484591543674469, 0.25502002239227295, -0.9999854564666748, -0.43137457966804504, -0.5904462933540344, -0.22127321362495422, 0.2950483560562134, -0.009351298213005066, 0.06716576218605042, -0.9612426161766052, -0.3823555111885071, 6.219397619133815e-05, 0.40028896927833557, -1.4552414417266846, 1.080018401145935, 0.359048068523407, 0.6797187924385071, -0.615462064743042, -0.8851925134658813, -0.3168838918209076, -1.1194401979446411, 0.29353323578834534, -0.35828283429145813, -0.1824394166469574, 0.3355914354324341, -1.031087875366211, 0.00013066337851341814, 1.5296707153320312, 0.834720253944397, 0.8330984115600586, 0.7381716370582581, 0.4818150997161865, 0.45276936888694763, -0.06817948073148727, -2.925152540206909, 0.17371602356433868, -0.04575570672750473, -0.02835948020219803, -0.012495554983615875, -0.003098011715337634, -0.07987581193447113, -0.15657246112823486, -0.050540387630462646, -0.014887028373777866, -0.1506585031747818, -0.040044207125902176, 0.0152748366817832, 0.01287117600440979, 0.2411709874868393, 0.014434313401579857, 0.16910769045352936, 0.03879164159297943, 0.03054586984217167, -0.21872231364250183, -0.07355886697769165, -0.05476948246359825, 0.05298161506652832, 0.01051999069750309, 0.037909265607595444, -0.40496113896369934, 0.44882625341415405, -0.4225534498691559, 0.7770584225654602, 0.12211588025093079, -0.45024049282073975, -0.07832206785678864, 0.3935088515281677, 0.7880294919013977, -1.3073999881744385, -4.423793792724609, 1.5508469343185425, 0.0, -0.38999998569488525, 0.47999998927116394, 0.3022007346153259, 0.1794593334197998, 0.9343982934951782, 0.058040276169776917, -0.5926293730735779, -0.3058362901210785, 0.7384503483772278, 0.09972722083330154, -0.03213385492563248, -0.41277071833610535, 0.4725361764431, 0.028187990188598633, 0.13606707751750946, 0.9900761842727661, 0.020983975380659103, 0.26881927251815796, -0.2546449899673462, -0.30894729495048523, 0.065303735435009, 1.282789707183838, 0.37569963932037354, -0.007064878474920988, -0.4290536344051361, 0.45353442430496216, -0.015500900335609913, -0.19178101420402527, 0.9806897044181824, -0.035032790154218674, 0.28448811173439026, -0.30014750361442566, -0.33498555421829224, 9.041820526123047, 2.741190195083618, -0.28600966930389404, 0.009910848923027515, -0.4250013530254364, 0.4134269058704376, 0.013484880328178406, -0.1641862541437149, 0.9862041473388672, 0.01619863137602806, 0.6266424059867859, -0.04767068102955818, 0.03175879269838333, 1.2669167518615723, -3.608295202255249, 6.174169540405273, 0.025596974417567253, -0.42498788237571716, 0.414136677980423, -0.10668012499809265, -0.6263310313224792, 0.7714577913284302, 0.034375227987766266, 0.6547008752822876, -0.05969921126961708, 0.5249838829040527, -13.528450012207031, -1.50626802444458, 3.940798282623291, -0.07646085321903229, -0.3696609437465668, 0.49843907356262207, 0.3979378044605255, -0.6820704340934753, 0.5996158719062805, -0.12994670867919922, 0.4690186083316803, -0.19671493768692017, 0.22914287447929382, -2.1394708156585693, 6.260240077972412, 3.7598695755004883, -0.5257247686386108, 0.15676893293857574, -0.09422676265239716, -0.0007464775117114186, 0.005362994968891144, 0.00649585947394371, -0.7068699598312378, 0.6024916172027588, -0.524604856967926, -0.005849652923643589, 5.616095586447045e-05, 0.006308913696557283, -0.9284945726394653, -0.3008710443973541, -0.039823226630687714, 0.00835811160504818, 0.0010161016834899783, 0.008818191476166248, 0.27021560072898865, -0.9113472104072571, 0.3183090090751648, 0.01687566190958023, 0.010838864371180534, 0.005171834025532007, 0.15332645177841187, 0.4326688051223755, -0.7589507699012756, 0.017123211175203323, 0.008066765032708645, 0.010867435485124588, -0.22101852297782898, -1.0, 0.6621306538581848, -0.42189106345176697, 0.5464556217193604, 0.7287893891334534, -1.0, -1.0, -1.0, 0.1239270493388176, 0.21964488923549652, 0.3872278332710266, -1.0, -1.0, 0.45000210404396057, -3.0338764190673828e-05, 0.7675057053565979, 1.0, 0.4441200792789459, -1.0]
[0.39522379636764526, -0.9986429810523987, 0.22634047269821167, 0.29688963294029236, 0.012069580145180225, -0.08913683146238327, -0.08607085794210434, 0.15010210871696472, -0.5264121890068054, -0.35425904393196106, -0.0895514115691185, -0.7628535032272339, 0.056601040065288544, 0.1704622358083725, -0.2775588631629944, 0.03149896115064621, -0.9999874234199524, -0.28106439113616943, -0.45351865887641907, -0.2143029421567917, 0.36338552832603455, 0.14959724247455597, 0.15668508410453796, -0.9575397968292236, -0.5151245594024658, 0.01691269688308239, -0.19597411155700684, -1.971601128578186, 1.0635865926742554, 0.8982030749320984, 0.418422669172287, -0.6310757994651794, 0.0516304150223732, -0.09299333393573761, -0.8890064358711243, 0.5593926310539246, -0.10702025890350342, -0.06836023181676865, -0.0010354459518566728, -0.9992551803588867, 5.331170086719794e-06, 1.1643362045288086, 1.5394502878189087, -0.31593772768974304, 0.3593114912509918, 0.34116891026496887, 0.6076021790504456, 0.08837995678186417, -1.988930583000183, 0.41501694917678833, -0.07081262767314911, -0.08671808987855911, -0.04335886240005493, 0.011793797835707664, -0.04175914451479912, 0.09791544079780579, 0.10451638698577881, 0.0505235493183136, -0.04766936972737312, 0.17935028672218323, 0.10753118991851807, 0.041315708309412, -0.5946049690246582, -0.22107668220996857, -0.3273536264896393, -0.17528268694877625, -0.04364507272839546, -0.22039785981178284, -0.08463342487812042, -0.060190923511981964, 0.10668092966079712, 0.028543658554553986, 0.03474783897399902, -0.39921146631240845, 0.4584527313709259, -0.4581400156021118, 0.8242784142494202, -0.014536142349243164, -0.3323574960231781, -0.16401146352291107, 0.31469085812568665, 0.4924074113368988, -1.5126020908355713, -4.048864364624023, 0.7218233346939087, 0.0, -0.38999998569488525, 0.47999998927116394, 0.3022007346153259, 0.1794593334197998, 0.9343982934951782, 0.058040276169776917, -0.6989648938179016, -0.3162064552307129, 0.6410256028175354, -0.023398494347929955, -0.026292944326996803, -0.41797778010368347, 0.4657214879989624, 0.025805221870541573, 0.1308043897151947, 0.991070568561554, 0.0018388720927760005, 0.37926623225212097, -0.3151395916938782, -0.458383172750473, -0.01608896255493164, -0.6125550866127014, 3.3240034580230713, -0.0011574948439374566, -0.4311470687389374, 0.4493207633495331, -0.0005598806892521679, -0.24036623537540436, 0.9699438214302063, -0.037849314510822296, 0.4142749309539795, -0.11878585815429688, -0.216482475399971, 3.2032535076141357, 1.600244164466858, 1.0085809230804443, 0.021297624334692955, -0.4249454736709595, 0.41485726833343506, -0.003758386243134737, -0.16554173827171326, 0.9854547381401062, -0.03821916878223419, 0.6823818683624268, 0.046784378588199615, 0.1888212114572525, -1.8637990951538086, -2.870950222015381, 6.006771087646484, 0.036252621561288834, -0.42551594972610474, 0.41973379254341125, -0.10270892083644867, -0.527208685874939, 0.8434604406356812, -0.008734320290386677, 0.7802714109420776, 0.14392375946044922, 0.4083895683288574, -14.33718204498291, -1.2375245094299316, 4.2481465339660645, -0.07104664295911789, -0.37152230739593506, 0.5024165511131287, 0.4229499101638794, -0.6603037714958191, 0.6117091178894043, -0.10451887547969818, 0.24792414903640747, -0.06499705463647842, 0.2620282769203186, -5.242913246154785, 0.9614052176475525, -0.2728481590747833, -0.3845682442188263, 0.103722482919693, -0.39788469672203064, 0.01334963459521532, 0.010005085729062557, 0.008776582777500153, -0.41271960735321045, -1.1837091445922852, 0.5959596633911133, 0.03276791051030159, -0.0012116930447518826, 0.0015322251711040735, -0.3537673056125641, -0.7296314239501953, 1.241005539894104, 0.03037123940885067, -0.0012083032634109259, 0.0011285350192338228, -1.2761151790618896, 1.8593770265579224, -1.5127153396606445, -0.015754416584968567, -0.020795617252588272, -0.008387253619730473, 0.5487414598464966, 0.5297629237174988, -1.4872204065322876, 0.015168579295277596, 0.019763799384236336, 0.01200922392308712, -0.563583493232727, -1.0, -0.2909145951271057, -0.9866999387741089, 0.6249154806137085, -0.2959299385547638, -1.0, -0.32047146558761597, 0.08634136617183685, 0.09978710860013962, 0.18630318343639374, 0.2423369139432907, -1.0, -1.0, 0.47795215249061584, -0.5316131114959717, 0.5366615653038025, 0.7971314191818237, 0.7682300806045532, -0.8739022016525269]
[0.2444862574338913, -0.9949275255203247, 0.12025967240333557, 0.09535635262727737, 0.07683058083057404, 0.014723296277225018, -0.008265319280326366, 0.09662000089883804, -0.4922618567943573, -0.3525799512863159, -0.32760536670684814, -0.6937165856361389, 0.07840549200773239, 0.16929873824119568, -0.250193327665329, -0.17727625370025635, -0.9974688291549683, -0.18874314427375793, -0.30327004194259644, -0.24474354088306427, 0.3476029634475708, 0.2915637791156769, 0.24323362112045288, -0.9567155838012695, -0.5966396927833557, 0.028432324528694153, -0.5633639097213745, -1.8038320541381836, 0.3508874475955963, 0.8435916304588318, 0.21730183064937592, -0.40708065032958984, 0.45619383454322815, 0.09485477209091187, -0.8573557138442993, 0.6038434505462646, 0.31730130314826965, 0.044832732528448105, 0.19669514894485474, -0.8624496459960938, 0.061545319855213165, 0.7107558250427246, 1.1750380992889404, -0.4048990309238434, -0.3741246163845062, 0.34449630975723267, 0.49376168847084045, -0.03468914330005646, -1.3939284086227417, 0.23694071173667908, -0.04126132279634476, 0.06814783811569214, -0.022280510514974594, -0.026776723563671112, -0.06938856840133667, 0.0073369890451431274, 0.030211511999368668, 0.018640456721186638, 0.07588042318820953, -0.011052720248699188, 0.01960419863462448, 0.013411559164524078, 0.060415416955947876, -0.08724432438611984, 0.09027472138404846, 0.0024548463989049196, -0.023299474269151688, 0.030307184904813766, -0.22320397198200226, -0.1144205704331398, -0.030798986554145813, -0.01058105193078518, 0.033154264092445374, -0.39468681812286377, 0.46314412355422974, -0.4519791603088379, 0.8505990505218506, -0.12341377139091492, -0.23867374658584595, -0.019625922664999962, 0.2662566304206848, 0.20443184673786163, -0.9402183890342712, -2.7646143436431885, 0.6441370844841003, 0.0, -0.38999998569488525, 0.47999998927116394, 0.3022007346153259, 0.1794593334197998, 0.9343982934951782, 0.058040276169776917, -0.7710516452789307, -0.2928315997123718, 0.5540168285369873, -0.11311093717813492, -0.01788618601858616, -0.42314228415489197, 0.4577745795249939, 0.009456261992454529, 0.11906222254037857, 0.9922581315040588, -0.03403714671730995, 0.5275366902351379, -0.319476842880249, -0.4689177870750427, 3.067920207977295, -1.6846095323562622, 5.038039207458496, 0.006264197174459696, -0.4317537546157837, 0.44744518399238586, 0.011378156021237373, -0.2456962764263153, 0.9680615663528442, -0.048585448414087296, 0.5095680952072144, 0.009244299493730068, -0.05879167467355728, -0.9334194660186768, 0.623190701007843, 2.138967514038086, 0.03381683677434921, -0.4237214922904968, 0.4192087948322296, -0.02425745502114296, -0.13057945668697357, 0.986433207988739, -0.09648887813091278, 0.6920657157897949, 0.18405181169509888, 0.2852068841457367, -4.608255863189697, -3.600849151611328, 5.9323344230651855, 0.04825792834162712, -0.4241120517253876, 0.423631489276886, -0.09976711869239807, -0.43844032287597656, 0.8914756178855896, -0.055568329989910126, 0.7446058392524719, 0.20230025053024292, 0.37788212299346924, -10.95675277709961, -3.0686492919921875, 3.8590970039367676, -0.06761667877435684, -0.3726103603839874, 0.5034778714179993, 0.42091605067253113, -0.6423712372779846, 0.6333028078079224, -0.09547972679138184, 0.18940919637680054, -0.08719417452812195, 0.021485421806573868, -2.337059259414673, -1.728943943977356, -0.035132069140672684, -0.3373085856437683, 0.4848000407218933, 0.1564694344997406, -0.019504722207784653, 0.005568278022110462, 0.005326084792613983, -0.49705034494400024, -0.37399306893348694, 0.1254037767648697, 0.013030562549829483, 0.00024726762785576284, 0.00687663909047842, 0.3438016474246979, -0.24781434237957, 0.09501662105321884, 0.00969434343278408, -0.005405731033533812, -0.010120023041963577, -0.3478539288043976, 0.1918710172176361, 0.2162429839372635, -0.020421409979462624, 0.0005273794522508979, 0.003925053868442774, -0.27066314220428467, 1.5792231559753418, 0.4218813478946686, -0.0008822494419291615, -0.006250439211726189, 0.015066121704876423, -0.7938302755355835, -0.9797601699829102, -0.8008372187614441, -0.960614800453186, 0.15147154033184052, -0.8318634629249573, -1.0, -0.14358028769493103, 0.3719048500061035, 0.7281313538551331, 0.7533935308456421, 0.04157095402479172, -1.0, -1.0, 0.10472675412893295, -0.4325007200241089, -0.1509992480278015, 1.0, 0.6518456935882568, -1.0]
[0.07670411467552185, -0.9922434687614441, -0.013075661845505238, -0.06014704331755638, 0.05897035449743271, 0.05894622579216957, 0.03438517451286316, 0.04289576783776283, -0.4677387475967407, -0.3422391712665558, -0.5103980302810669, -0.6054361462593079, 0.1390230804681778, 0.18059402704238892, -0.19252710044384003, -0.37647756934165955, -0.9828743934631348, -0.15841268002986908, -0.22093449532985687, -0.27327975630760193, 0.2611308693885803, 0.4192962348461151, 0.3010042607784271, -0.961816132068634, -0.6517703533172607, 0.01101776584982872, -0.5411245226860046, -1.2427476644515991, -0.43513473868370056, 0.06336398422718048, 0.11229546368122101, -0.4510088860988617, 0.09888537973165512, 0.06747157126665115, -0.7125425338745117, 0.8652294278144836, 0.6734575629234314, 0.16409246623516083, 0.2951916456222534, -0.7572222948074341, 0.1513402909040451, 0.03806324303150177, 0.3948310315608978, -0.3180522918701172, -0.7604004740715027, 0.29155123233795166, 0.28141164779663086, -0.05429590865969658, -0.8207378387451172, -0.10893639177083969, 0.006085147615522146, 0.13713569939136505, 0.006829272955656052, -0.030449489131569862, -0.03803155943751335, -0.03681345283985138, -0.039171237498521805, -0.017667219042778015, -0.004751230590045452, 0.058481015264987946, 0.049356333911418915, 0.022883227095007896, -0.036817505955696106, 0.025826433673501015, -0.011445962823927402, -0.052257418632507324, -0.051303423941135406, 0.04992145299911499, -0.11884502321481705, -0.06694304198026657, -0.05241187661886215, -0.01416248269379139, 0.034109629690647125, -0.3903547525405884, 0.4647451341152191, -0.43063104152679443, 0.8629404306411743, -0.20664829015731812, -0.1648855209350586, 0.07542292773723602, 0.2769649028778076, 0.07898815721273422, -0.8238148093223572, -2.34177565574646, 0.5108802914619446, 0.0, -0.38999998569488525, 0.47999998927116394, 0.3022007346153259, 0.1794593334197998, 0.9343982934951782, 0.058040276169776917, -0.8185804486274719, -0.2602561116218567, 0.48013684153556824, -0.17793603241443634, -0.007307898718863726, -0.42703452706336975, 0.4505125880241394, -0.006737200543284416, 0.06847308576107025, 0.9946862459182739, -0.07658492773771286, 0.6573243141174316, -0.3052166700363159, -0.38756850361824036, 8.201263427734375, -0.5687582492828369, 5.336511611938477, 0.015054917894303799, -0.431903213262558, 0.4453067481517792, 0.021496526896953583, -0.25145280361175537, 0.965289831161499, -0.06726662814617157, 0.5829060077667236, -0.007479396183043718, -0.13987202942371368, 1.3003536462783813, 0.5255582332611084, 2.8196732997894287, 0.04541446268558502, -0.42102593183517456, 0.42519792914390564, -0.047117169946432114, -0.06952978670597076, 0.9856436252593994, -0.14646530151367188, 0.6171057820320129, 0.31685420870780945, 0.39170077443122864, -7.849609375, -4.6019439697265625, 5.054980754852295, 0.06047232076525688, -0.4219531714916229, 0.4278503358364105, -0.10534077882766724, -0.3848508298397064, 0.9106683135032654, -0.10712739080190659, 0.7335745096206665, 0.19820508360862732, 0.26933982968330383, -4.20112419128418, -3.461095094680786, 4.803246021270752, -0.06428418308496475, -0.3747350573539734, 0.5013979077339172, 0.41206681728363037, -0.6348245739936829, 0.6445054411888123, -0.10867955535650253, 0.2333281934261322, -0.14220304787158966, -0.15714791417121887, 0.3464449942111969, -2.637036085128784, 0.9926741123199463, -0.1538972407579422, 0.4226858615875244, 0.4717917740345001, -0.02410919964313507, -0.0007407849188894033, 0.0002955032105091959, -0.28229638934135437, 0.42026224732398987, -0.25896069407463074, -0.011363286525011063, -3.087644654442556e-05, 0.003374001942574978, -0.013676141388714314, -0.41870033740997314, 0.4426153302192688, 0.01660272292792797, -0.0017767130630090833, -0.0021476384717971087, 0.19275157153606415, 0.8566922545433044, -0.26045799255371094, -0.03845304250717163, 0.0015804487047716975, -0.003653906984254718, -0.3587878942489624, 0.936679482460022, 0.6976350545883179, -0.003289091633632779, -0.008421874605119228, 0.008439566940069199, -1.0, -1.0, -0.7422581315040588, -0.7040905356407166, -0.3324412703514099, -0.8754094839096069, -1.0, -0.4737999439239502, 0.19544069468975067, 1.0, 1.0, 0.01994730345904827, -1.0, -1.0, -0.3185328543186188, -0.3937853276729584, -0.4393171966075897, 1.0, 0.4877678453922272, -1.0]
[-0.09476574510335922, -0.9870346188545227, -0.13418440520763397, -0.16432639956474304, -0.0046196444891393185, 0.04857243597507477, 0.048074305057525635, -0.01736525073647499, -0.5000962018966675, -0.34399664402008057, -0.680536687374115, -0.4905770421028137, 0.22173695266246796, 0.2030237466096878, -0.1587117463350296, -0.518859326839447, -0.9731683731079102, -0.19477485120296478, -0.21068470180034637, -0.28002312779426575, 0.14220771193504333, 0.5235903263092041, 0.3386246860027313, -0.9674354791641235, -0.6379789113998413, 0.04964243248105049, -0.4756687581539154, -0.8118749856948853, -0.6638902425765991, -0.18239521980285645, -0.02669895999133587, -0.5305976867675781, -0.514411985874176, -0.10332705825567245, -0.6586665511131287, 1.0976308584213257, 0.7936318516731262, 0.2581563889980316, 0.0685509592294693, -0.47477683424949646, 0.04035400599241257, -0.5385428071022034, -0.07631612569093704, 0.04730691388249397, -0.9081355929374695, 0.234314426779747, 0.20163802802562714, -0.05168546363711357, 0.5572744607925415, 0.4159804582595825, 0.03657800331711769, 0.1317632645368576, 0.03956401348114014, 0.004912205506116152, -0.016870206221938133, -0.04136026278138161, -0.05854630470275879, -0.030177636072039604, 0.03446672484278679, 0.09174010157585144, 0.04099965840578079, 0.015912964940071106, -0.10472844541072845, 0.1056363433599472, -0.11181651800870895, -0.07958877086639404, -0.04022881016135216, 0.05829964205622673, -0.029644273221492767, -0.022700179368257523, -0.041317153722047806, -0.010319026187062263, 0.03450481966137886, -0.3859759569168091, 0.4653676748275757, -0.3906579911708832, 0.8718077540397644, -0.28540894389152527, -0.07667560875415802, -0.08191832154989243, 0.26350268721580505, 0.043122075498104095, -0.7070982456207275, -3.1187827587127686, 0.4785536229610443, 0.0, -0.38999998569488525, 0.47999998927116394, 0.3022007346153259, 0.1794593334197998, 0.9343982934951782, 0.058040276169776917, -0.8653374910354614, -0.21441921591758728, 0.38864850997924805, -0.23273895680904388, 0.004067220259457827, -0.42929643392562866, 0.4450119435787201, -0.014880637638270855, -0.0011032299371436238, 0.992673933506012, -0.11989856511354446, 0.693077027797699, -0.21043667197227478, -0.28330808877944946, 8.121137619018555, 0.4578244686126709, 5.277894020080566, 0.024532686918973923, -0.4321061372756958, 0.44204384088516235, 0.03246937319636345, -0.2847290337085724, 0.9538207054138184, -0.09000632911920547, 0.6168403029441833, -0.06738615781068802, -0.24241085350513458, 5.414348125457764, 0.9128203988075256, 3.229240655899048, 0.05580539256334305, -0.41698727011680603, 0.4329802095890045, -0.07922685891389847, 0.013684166595339775, 0.9784000515937805, -0.1904442310333252, 0.47973641753196716, 0.40618568658828735, 0.46436044573783875, -9.66895580291748, -6.1049323081970215, 4.123528480529785, 0.07212315499782562, -0.4187454879283905, 0.4299751818180084, -0.1021595373749733, -0.3849666714668274, 0.9039177298545837, -0.1558740884065628, 0.7271078824996948, 0.19873055815696716, 0.03648041933774948, 1.918068528175354, -1.0012239217758179, 5.87689733505249, -0.059959422796964645, -0.37789130210876465, 0.4976794123649597, 0.40677979588508606, -0.6360970139503479, 0.6417669653892517, -0.13433508574962616, 0.31382298469543457, -0.1773347556591034, -0.24773314595222473, 2.3630685806274414, -1.8912012577056885, 1.9075722694396973, 0.14979767799377441, -0.13490790128707886, 0.6346980333328247, 0.0028885866049677134, -0.0014042099937796593, -0.0020114732906222343, -0.04490835219621658, 0.6962588429450989, -0.26527461409568787, -0.019733749330043793, 0.0009379290277138352, 0.003506086766719818, 0.28005221486091614, -0.22539424896240234, 0.5288711786270142, 0.012532051652669907, -0.002753901295363903, -0.004173475783318281, 0.48477011919021606, 0.8905320167541504, -0.6753570437431335, -0.02687082812190056, -0.0013543039094656706, -0.008639970794320107, -0.21085312962532043, 0.3334267735481262, 0.559553861618042, -0.005471754819154739, -0.006945374887436628, 0.0019827166106551886, -1.0, -0.9399418234825134, -0.7484586834907532, -0.5619024038314819, -0.4291595220565796, -0.8912626504898071, -1.0, -0.9141830801963806, 0.038604751229286194, 1.0, 1.0, -0.22729356586933136, -1.0, -1.0, -0.62556391954422, -0.20082718133926392, -0.6001206636428833, 1.0, 0.488667756319046, -1.0]
[-0.2573980987071991, -0.9720865488052368, -0.2490561604499817, -0.2202668935060501, -0.07675500214099884, 0.025842009112238884, 0.028477398678660393, -0.09371785074472427, -0.5511239767074585, -0.35908403992652893, -0.7996594905853271, -0.35566049814224243, 0.31098228693008423, 0.2601461708545685, -0.16796596348285675, -0.6127908825874329, -0.9728109240531921, -0.25894519686698914, -0.22693556547164917, -0.24935820698738098, 0.009535962715744972, 0.6071895956993103, 0.37834975123405457, -0.9725049138069153, -0.5897064805030823, 0.13810841739177704, -0.29312607645988464, -0.43939805030822754, -0.6594282984733582, -0.2246997356414795, -0.14723800122737885, -0.6606655120849609, -0.4564930498600006, -0.15627752244472504, -0.40483400225639343, 1.272042155265808, 0.8255295753479004, 0.8049967885017395, -0.10728726536035538, -0.339103639125824, -0.020233308896422386, -0.621025562286377, -0.1917685717344284, 0.5570385456085205, -0.9785828590393066, 0.18819467723369598, 0.26258936524391174, -0.045392539352178574, 1.2910491228103638, 0.9475215673446655, 0.13178279995918274, 0.08828188478946686, 0.036324985325336456, 0.010325419716536999, 0.0024082064628601074, 0.029000725597143173, 0.014225463382899761, 0.004005864728242159, 0.07254134118556976, 0.11565841734409332, 0.035617418587207794, 0.029043428599834442, 0.02932862937450409, 0.07296939194202423, -0.015551647171378136, -0.01218574121594429, -0.006900877691805363, 0.05657072365283966, 0.01686996966600418, -0.00026302653714083135, -0.02194899320602417, -0.0045999023132026196, 0.03128437697887421, -0.3828009068965912, 0.46471652388572693, -0.31810495257377625, 0.8745431900024414, -0.3601743280887604, 0.06525194644927979, -0.31555622816085815, 0.15931686758995056, -0.060624025762081146, -0.2773171067237854, -4.440846920013428, 0.28802525997161865, 0.0, -0.38999998569488525, 0.47999998927116394, 0.3022007346153259, 0.1794593334197998, 0.9343982934951782, 0.058040276169776917, -0.9199904203414917, -0.1493430882692337, 0.23949863016605377, -0.2719455659389496, 0.015200569294393063, -0.4301697611808777, 0.44241201877593994, -0.018368620425462723, -0.05709982290863991, 0.9849718809127808, -0.16196486353874207, 0.6439592838287354, -0.12000272423028946, -0.11933863162994385, 5.843376159667969, 1.072307825088501, 4.466015338897705, 0.034156933426856995, -0.4321408271789551, 0.43835270404815674, 0.04437888041138649, -0.3325735628604889, 0.934944212436676, -0.1153455302119255, 0.6155351996421814, -0.03880937770009041, -0.23216494917869568, 5.618692398071289, 0.9381682872772217, 3.4744362831115723, 0.06363951414823532, -0.41229143738746643, 0.4421449303627014, -0.11789146810770035, 0.12097574770450592, 0.9609323740005493, -0.21926073729991913, 0.27898991107940674, 0.47216978669166565, 0.4909704327583313, -13.071924209594727, -7.907414436340332, 1.9869970083236694, 0.08295322954654694, -0.41474735736846924, 0.4304483234882355, -0.08652384579181671, -0.41007617115974426, 0.8859119415283203, -0.19877393543720245, 0.6953377723693848, 0.22684544324874878, -0.021795324981212616, 3.089357614517212, 0.5374606847763062, 5.992121696472168, -0.054470427334308624, -0.3815571367740631, 0.4934675395488739, 0.40922945737838745, -0.6453786492347717, 0.6242944598197937, -0.162092387676239, 0.37590834498405457, -0.17998278141021729, -0.2879062294960022, 3.8175015449523926, -0.30862903594970703, 2.2778923511505127, 0.6613478660583496, -0.21046268939971924, 0.5196791291236877, 0.007168478798121214, -0.0075789084658026695, -0.011862414889037609, 0.09721329808235168, -0.11781851947307587, 0.2014310508966446, 0.002238587010651827, 0.0011287048691883683, 0.002992351073771715, 0.4722534120082855, -0.272062748670578, 0.5782452821731567, 0.02496248483657837, -0.0062184929847717285, -0.00631084106862545, 0.342948317527771, 0.15914781391620636, -0.0624249130487442, -0.004513660911470652, -0.000687212566845119, -0.004533956293016672, -0.039930157363414764, 0.025839844718575478, 0.3035896122455597, -0.005941402167081833, -0.0039610187523067, -0.0010325696785002947, -1.0, -0.8117990493774414, -0.9440121054649353, -0.3146786391735077, -0.45760124921798706, -1.0, -1.0, -0.8057882189750671, 0.1767440289258957, 1.0, 1.0, -0.36645686626434326, -1.0, -1.0, -0.6409356594085693, 0.07449711859226227, -0.7606819868087769, 1.0, 0.6233683824539185, -1.0]
[-0.4048280715942383, -0.952296793460846, -0.28024494647979736, -0.23337247967720032, -0.16868045926094055, -0.0015532871475443244, -0.025973491370677948, -0.1750859022140503, -0.5751880407333374, -0.3717291057109833, -0.8435307145118713, -0.200941264629364, 0.39479878544807434, 0.35964107513427734, -0.19111321866512299, -0.684576690196991, -0.9761358499526978, -0.32456478476524353, -0.24848155677318573, -0.19597169756889343, -0.1289466917514801, 0.6755489706993103, 0.43322354555130005, -0.9770137667655945, -0.5231244564056396, 0.13709136843681335, -0.26666221022605896, 0.15121488273143768, -0.947587788105011, -0.2953104078769684, -0.23270845413208008, -0.8795987963676453, -0.09650478512048721, -0.0733858123421669, -0.04513458535075188, 1.4678493738174438, 0.7364116907119751, 0.9716955423355103, -0.10911933332681656, -0.2716575264930725, -0.03744728863239288, -0.5971693396568298, -0.20540587604045868, 0.7101985812187195, -1.0052592754364014, 0.15558670461177826, 0.3763037621974945, -0.04016020521521568, 1.8361210823059082, 0.014344691298902035, -0.05052813142538071, 0.22440753877162933, 0.07875075936317444, 0.020977703854441643, 0.038493793457746506, -0.17020851373672485, -0.041795819997787476, -0.007984871976077557, 0.11378572136163712, 0.0681643858551979, 0.015543561428785324, 0.002867720555514097, 0.05635840445756912, 0.09591753780841827, 0.011005476117134094, 0.006565537769347429, 0.0024163213092833757, -0.014393148943781853, -0.004166777711361647, -0.0080353869125247, 0.024624206125736237, 0.005233854986727238, 0.025058139115571976, -0.3820807933807373, 0.4610826075077057, -0.22026990354061127, 0.8516771197319031, -0.39835283160209656, 0.25969624519348145, -0.4901968836784363, 0.01460262667387724, -0.25431299209594727, 0.48934027552604675, -5.149105072021484, 0.5965935587882996, 0.0, -0.38999998569488525, 0.47999998927116394, 0.3022007346153259, 0.1794593334197998, 0.9343982934951782, 0.058040276169776917, -0.9585587382316589, -0.08261067420244217, 0.031126657500863075, -0.27087166905403137, 0.02440922148525715, -0.43068718910217285, 0.44194117188453674, -0.010978071950376034, -0.10304304957389832, 0.9762789607048035, -0.19010764360427856, 0.5733022689819336, -0.06473846733570099, 0.03379529342055321, 4.642646312713623, 1.0176912546157837, 3.970609664916992, 0.04355249181389809, -0.43137964606285095, 0.4352423846721649, 0.054865870624780655, -0.36933568120002747, 0.9164682626724243, -0.1437595933675766, 0.5797117948532104, 0.0240718312561512, -0.26065242290496826, 4.5614013671875, 0.6967918872833252, 3.5517866611480713, 0.06850037723779678, -0.40717369318008423, 0.4517386555671692, -0.1579652726650238, 0.2480548620223999, 0.9281800389289856, -0.22802959382534027, 0.10655758529901505, 0.4916495978832245, 0.41365617513656616, -13.987207412719727, -8.371079444885254, -0.1254405975341797, 0.09258179366588593, -0.41043365001678467, 0.43056023120880127, -0.06613587588071823, -0.43816307187080383, 0.8649723529815674, -0.23550376296043396, 0.608488142490387, 0.24394923448562622, -0.03645037114620209, 3.086711883544922, 1.0137393474578857, 5.404994010925293, -0.04889529570937157, -0.38469672203063965, 0.48910439014434814, 0.4136192202568054, -0.6607785820960999, 0.5984601378440857, -0.1847594827413559, 0.33082184195518494, -0.12572835385799408, -0.3094833791255951, 4.272884845733643, 0.48006948828697205, 1.4447745084762573, -0.08232972025871277, -0.6072294116020203, 1.026371717453003, 0.011869263835251331, 0.006582645699381828, 0.008747183717787266, 0.31107380986213684, 0.4551892876625061, -0.5130923390388489, -0.0011570330243557692, 0.0013344786129891872, 0.0004150240565650165, 0.6366437077522278, -0.030920356512069702, 0.1899719536304474, 0.0024039153940975666, -0.011738711968064308, -0.007819554768502712, 0.5345256924629211, -0.06059691682457924, 0.0688030943274498, 0.0015073675895109773, 0.002348267240449786, -0.003072702791541815, 0.17499110102653503, 0.1340024620294571, -0.3938610553741455, -0.0021331491880118847, 0.002433998277410865, 0.00012158423487562686, -1.0, -0.8409310579299927, -1.0, 0.07161913067102432, -0.768221378326416, -1.0, -1.0, -0.5704060196876526, 0.2958979606628418, 1.0, 0.9145740270614624, -0.31477463245391846, -1.0, -1.0, -0.6714211702346802, 0.14063039422035217, -0.9140815734863281, 1.0, 0.8057328462600708, -1.0]
[-0.5266861915588379, -0.9439059495925903, -0.3706163465976715, -0.19120965898036957, -0.28621262311935425, -0.037391651421785355, -0.13297364115715027, -0.2851408123970032, -0.5884701609611511, -0.37703654170036316, -0.7421872615814209, -0.08019036799669266, 0.4627016484737396, 0.45348694920539856, -0.13348554074764252, -0.7450599074363708, -0.9826940298080444, -0.38584351539611816, -0.26997217535972595, -0.14140702784061432, -0.2602596879005432, 0.7308861017227173, 0.507459282875061, -0.9809840321540833, -0.43533045053482056, 0.011172475293278694, -0.4243563115596771, 0.5146438479423523, -1.1541754007339478, -0.37075144052505493, -0.5477691888809204, -1.0967706441879272, -0.1401420682668686, -0.0448734275996685, 0.7050326466560364, 0.9190263152122498, 0.5728243589401245, 0.7808212041854858, 0.480288028717041, -0.22883549332618713, -0.06224370747804642, -0.5450353026390076, -0.19570602476596832, 0.7114996314048767, -0.8405589461326599, 0.12090913206338882, 0.5038653016090393, -0.034250397235155106, 1.5322734117507935, -1.2948596477508545, 0.021703988313674927, 0.008307159878313541, 0.010986950248479843, 0.003153123427182436, 0.006132971495389938, -0.12333973497152328, -0.04443204030394554, -0.013108649291098118, 0.12277282029390335, -0.15542252361774445, -0.05895620584487915, -0.025294214487075806, 0.23391418159008026, 0.12163996696472168, 0.13154566287994385, 0.0553264394402504, 0.01837305538356304, 0.0053129782900214195, 0.038362931460142136, 0.014903208240866661, 0.018900809809565544, 0.004158488474786282, 0.029021402820944786, -0.3861595690250397, 0.4621518552303314, 0.12735114991664886, 0.8715357780456543, -0.22135424613952637, 0.41858017444610596, 0.12092310190200806, -0.22809572517871857, -0.025931769981980324, 6.429420471191406, -5.2741618156433105, -4.308399200439453, 0.0, -0.38999998569488525, 0.47999998927116394, 0.3022007346153259, 0.1794593334197998, 0.9343982934951782, 0.058040276169776917, -0.9731893539428711, 0.1613561362028122, -0.1634436994791031, 0.012352284975349903, 0.032794855535030365, -0.43004050850868225, 0.44297632575035095, -0.007962066680192947, -0.14435900747776031, 0.9641791582107544, -0.222385972738266, 0.5142286419868469, 0.00169139273930341, 0.0407143160700798, 4.9352898597717285, 0.9050095677375793, 4.248142242431641, 0.05238547548651695, -0.42949753999710083, 0.4297903776168823, 0.06534254550933838, -0.41227987408638, 0.8915045857429504, -0.17599791288375854, 0.5858067870140076, 0.11177250742912292, -0.45624035596847534, 6.4756951332092285, 0.7258368134498596, 4.5046515464782715, 0.07074902206659317, -0.40271034836769104, 0.457903116941452, -0.17426268756389618, 0.3515114486217499, 0.8935544490814209, -0.2182490974664688, 0.0815318375825882, 0.37119027972221375, 0.13678185641765594, -10.315839767456055, -3.855010986328125, -2.4081947803497314, 0.09972599893808365, -0.40724146366119385, 0.43203815817832947, -0.05831116437911987, -0.45951133966445923, 0.845982015132904, -0.26412779092788696, 0.4027298390865326, 0.14753790199756622, 0.11054792255163193, 2.458923816680908, -0.911342203617096, 3.307854652404785, -0.044565025717020035, -0.3865388035774231, 0.48462772369384766, 0.4136839509010315, -0.6808908581733704, 0.5710048675537109, -0.19800640642642975, 0.24867254495620728, -0.06205020472407341, -0.299221932888031, 4.022205829620361, 1.374324083328247, 0.37140369415283203, 0.22966258227825165, -0.24409405887126923, -0.11610976606607437, -0.0005082878051325679, 0.0016993499593809247, 0.000335926451953128, 0.044120416045188904, 0.44668906927108765, -0.5950584411621094, -0.006408314220607281, 0.0005534352967515588, 0.004122796468436718, 0.5245136618614197, -0.1025964766740799, -1.0328445434570312, -0.02683315798640251, -0.015241908840835094, -0.005528584588319063, 0.7641076445579529, -0.5980585217475891, 0.6050744652748108, 0.009402180090546608, 0.00968233123421669, 0.0006607725517824292, 0.12350545078516006, -0.16067476570606232, -0.3076985478401184, -0.0019039843464270234, 0.0021824021823704243, -0.0035347333177924156, -1.0, -1.0, -1.0, 0.18101602792739868, -1.0, -1.0, -1.0, -0.6855025291442871, 0.6035597920417786, 0.3590584397315979, 0.7606816291809082, 0.7332329750061035, -1.0, -1.0, -0.6891978979110718, 0.19019725918769836, -0.8462895750999451, 0.9877309799194336, 1.0, -1.0]
[-0.6301965117454529, -0.9464072585105896, -0.47138267755508423, -0.1366371363401413, -0.4036967158317566, -0.08703742921352386, -0.2671431005001068, -0.3928276300430298, -0.5482158064842224, -0.37356266379356384, -0.51985764503479, -0.09913766384124756, 0.48669952154159546, 0.5138511657714844, -0.009331581182777882, -0.7943235635757446, -0.9892904162406921, -0.40915146470069885, -0.28472429513931274, -0.09527833014726639, -0.3249330520629883, 0.7698660492897034, 0.5542961955070496, -0.9323905110359192, -0.3565075099468231, -0.036710139364004135, -0.407522588968277, 0.4992084205150604, -1.0488771200180054, -0.7006888389587402, -0.5533860325813293, -0.9333905577659607, 0.6429581046104431, 0.12925930321216583, 1.0218983888626099, -0.771353542804718, 0.025060368701815605, 0.3200282156467438, 0.6312751173973083, -0.18644244968891144, -0.052098602056503296, -0.03877322003245354, -0.07345261424779892, 0.4919443130493164, -0.24540066719055176, 0.0879489853978157, 0.1791989803314209, 0.699129045009613, 1.8743276596069336, -0.5295049548149109, 0.058000367134809494, -0.0358097106218338, 0.0057061719708144665, -0.017563670873641968, 0.08153069019317627, 0.037032585591077805, 0.07320110499858856, 0.03864140808582306, 0.05300430580973625, -0.33311590552330017, -0.1518494188785553, -0.06507565826177597, 0.06641320139169693, 0.10318741947412491, 0.04300788417458534, 0.052953753620386124, 0.02592427283525467, -0.06482408195734024, 0.17515844106674194, 0.08425827324390411, 0.015668179839849472, 0.019748041406273842, 0.03179246187210083, -0.3894893527030945, 0.4609632194042206, 0.46444767713546753, 0.7469921112060547, 0.009019493125379086, 0.4756149649620056, 0.14642751216888428, -0.1818053424358368, -0.09864401072263718, 7.578683376312256, -4.852048397064209, -4.77730131149292, 0.0, -0.38999998569488525, 0.47999998927116394, 0.3022007346153259, 0.1794593334197998, 0.9343982934951782, 0.058040276169776917, -0.8131440877914429, 0.3892555236816406, -0.3014982342720032, 0.31044378876686096, 0.04003823548555374, -0.42864638566970825, 0.4437587261199951, -0.0029880539514124393, -0.18875959515571594, 0.948849618434906, -0.25307178497314453, 0.44276317954063416, 0.016148826107382774, 0.0005996143445372581, 6.100066661834717, 1.8643510341644287, 4.005088806152344, 0.06040361523628235, -0.42618033289909363, 0.4246247112751007, 0.07206114381551743, -0.43455541133880615, 0.8726328015327454, -0.2109043300151825, 0.4741050601005554, 0.23282715678215027, -0.2714715003967285, 1.4902987480163574, -1.1085714101791382, 4.036701202392578, 0.07377354800701141, -0.40125614404678345, 0.45680713653564453, -0.15269958972930908, 0.37868791818618774, 0.8881440758705139, -0.21089881658554077, 0.2746503949165344, 0.0019461717456579208, -0.2062828242778778, 0.8093904256820679, 4.113389492034912, -1.8751863241195679, 0.10467345267534256, -0.4051893353462219, 0.43532276153564453, -0.06592091172933578, -0.4617904722690582, 0.8369879722595215, -0.286103218793869, 0.23898939788341522, 0.10722662508487701, 0.23494058847427368, -0.23637494444847107, -2.582265853881836, 1.314405918121338, -0.04022202640771866, -0.38795024156570435, 0.4822523593902588, 0.41339901089668274, -0.6951930522918701, 0.5565142631530762, -0.1899990290403366, 0.23565912246704102, -0.09418993443250656, -0.10485982149839401, 0.3946790397167206, 1.9408482313156128, -1.5373286008834839, 0.4460914433002472, 0.0962061733007431, -0.18685060739517212, -0.016120577231049538, 0.0005227169021964073, -0.0031755752861499786, 0.47866952419281006, -0.9146535396575928, 0.21125854551792145, 0.024921605363488197, 0.00200908025726676, -0.002115553477779031, 0.39545777440071106, 0.21346718072891235, -2.1043930053710938, -0.061873648315668106, -0.00597471883520484, -0.0020856454502791166, 0.5956224203109741, -0.612718939781189, 0.32821255922317505, 0.01673348806798458, 0.004032617434859276, -0.001751445233821869, 0.5480226278305054, -1.1613913774490356, -0.31632906198501587, 0.006470377091318369, 0.010979676619172096, -0.009123941883444786, -1.0, -1.0, -1.0, 0.15644529461860657, -1.0, -1.0, -0.9025730490684509, -0.021945234388113022, 1.0, -0.9124081134796143, 0.38027268648147583, 0.8541808128356934, -1.0, -1.0, -0.3357994556427002, 0.08875328302383423, -0.3403322994709015, 1.0, 0.64164137840271, -0.385832279920578]
[-0.7149759531021118, -0.9549645781517029, -0.5540259480476379, -0.04244343936443329, -0.5077767372131348, -0.19206248223781586, -0.3262472450733185, -0.4812028706073761, -0.4978853762149811, -0.3566999137401581, -0.3294788897037506, -0.19989395141601562, 0.5228453278541565, 0.5365118384361267, 0.13246232271194458, -0.8344940543174744, -0.9946773052215576, -0.36643779277801514, -0.2812820374965668, -0.03816382214426994, -0.3064269423484802, 0.7992956042289734, 0.5730859041213989, -0.8769069314002991, -0.2983703315258026, -0.06086966395378113, -0.30106112360954285, 1.070125937461853, -0.9091636538505554, -1.137272596359253, 0.2837471663951874, -0.9080426096916199, 0.30713239312171936, 0.14228884875774384, 0.394452303647995, -0.8466348052024841, 0.5298784375190735, 0.28057724237442017, 0.6730005145072937, -0.1490638703107834, -0.04144015535712242, 0.6241333484649658, 0.13084959983825684, 0.8070945143699646, 0.334934800863266, 0.07058196514844894, 0.07972272485494614, 0.4137576222419739, 0.6827453374862671, -0.0695553570985794, 0.03969007730484009, 0.12332157790660858, 0.06996484100818634, 0.015606412664055824, 0.4667209982872009, -0.12187138199806213, -0.0916946530342102, -0.0366472527384758, -0.1716904193162918, 0.10136441141366959, 0.07573696970939636, 0.03335857391357422, 0.013226001523435116, 0.04452139511704445, 0.01939862221479416, 0.05075257271528244, 0.028404241427779198, 0.016321077942848206, 0.16668424010276794, 0.07988258451223373, -0.014344110153615475, -0.012552924454212189, 0.03486810624599457, -0.3918823003768921, 0.45905601978302, 0.5270765423774719, 0.7134152054786682, 0.08594968169927597, 0.45369771122932434, 0.12198690325021744, -0.14556781947612762, -0.17179381847381592, 0.31146159768104553, 0.5783534049987793, 1.1505805253982544, 0.0, -0.38999998569488525, 0.47999998927116394, 0.3022007346153259, 0.1794593334197998, 0.9343982934951782, 0.058040276169776917, -0.7577056288719177, 0.42651188373565674, -0.29794007539749146, 0.39395588636398315, 0.04528297483921051, -0.426754891872406, 0.4463154077529907, 0.0058023808524012566, -0.23460590839385986, 0.9315466284751892, -0.2777538597583771, 0.3098469376564026, 0.06718520820140839, 0.18586741387844086, 4.765419006347656, 1.8124139308929443, 3.2620232105255127, 0.06578605622053146, -0.423015832901001, 0.4201837182044983, 0.07794063538312912, -0.4431981146335602, 0.8625264763832092, -0.23140591382980347, 0.19157183170318604, 0.11472027003765106, -0.35155680775642395, 1.9906467199325562, 1.994713544845581, 0.5425249934196472, 0.07682397961616516, -0.4008522629737854, 0.4519626498222351, -0.12545689940452576, 0.3663528561592102, 0.8977372646331787, -0.21003291010856628, 0.19128753244876862, 0.07845523953437805, -0.2445804625749588, -0.033944979310035706, 1.2958602905273438, -0.09135003387928009, 0.10758140683174133, -0.40390264987945557, 0.43984368443489075, -0.08732684701681137, -0.43570661544799805, 0.84376460313797, -0.3009898364543915, 0.07899835705757141, 0.09346486628055573, 0.3510897159576416, -3.670290470123291, -4.510605335235596, -1.0190234184265137, -0.03478999435901642, -0.38970404863357544, 0.4825824499130249, 0.43271932005882263, -0.6967114210128784, 0.5455027222633362, -0.17255108058452606, 0.35473689436912537, -0.09673234075307846, 0.03797822445631027, -0.775046169757843, 3.9173407554626465, 1.8283559083938599, 0.284614622592926, -0.6149452924728394, 0.5627310276031494, 0.0063822329975664616, -0.00024667399702593684, -0.0036062581930309534, 2.5670478343963623, 0.9983645677566528, -0.574531614780426, -0.021671785041689873, 0.010437699034810066, -0.03817881643772125, -0.25863802433013916, -0.3153362572193146, 0.8447694182395935, 0.028628529980778694, 0.02887122519314289, 0.0022287273313850164, 0.2904185652732849, -0.6059804558753967, 0.239933580160141, 0.019314534962177277, 0.0016074621817097068, -0.0016862178454175591, -0.154897540807724, -1.0664933919906616, 0.1903696209192276, 9.546698129270226e-05, -0.010074567049741745, -0.010451827198266983, -1.0, -1.0, -0.9038442969322205, 0.7214415669441223, -1.0, -1.0, -0.7453944087028503, -0.2758190631866455, 1.0, -1.0, 0.8761568069458008, 1.0, -1.0, -1.0, 0.12491241842508316, 0.3781922459602356, 0.18377824127674103, 1.0, 0.6130332946777344, -0.6793482303619385]
[-0.7808939218521118, -0.9561723470687866, -0.5219732522964478, 0.011883140541613102, -0.5935363173484802, -0.30727967619895935, -0.24962949752807617, -0.511016309261322, -0.5373980402946472, -0.3564906418323517, -0.29166120290756226, -0.287452757358551, 0.5944564938545227, 0.5918281674385071, 0.1529148370027542, -0.8657535314559937, -0.9922041296958923, -0.3235279321670532, -0.2652631402015686, 0.01340358704328537, -0.18928416073322296, 0.8131915330886841, 0.6141430735588074, -0.8674787282943726, -0.20909762382507324, 0.02495119534432888, 0.3654247522354126, 0.19593319296836853, -0.7345044016838074, -0.9933528304100037, 0.2101052850484848, 0.09381956607103348, -0.7041357159614563, -0.13667182624340057, 0.13254627585411072, -0.8014344573020935, 0.731799304485321, 0.7255178093910217, -0.2367839813232422, -0.11672927439212799, 0.038608502596616745, 0.27040016651153564, 0.12910164892673492, 0.5484246015548706, 1.1419203281402588, 0.026758132502436638, 0.3428943455219269, -0.08211418986320496, 2.3274364471435547, 0.666578471660614, 0.148265078663826, -0.19125325977802277, -0.0669313371181488, -0.014894206076860428, -0.019848491996526718, 0.3281954228878021, 0.06963641196489334, 0.007252479437738657, 0.03601085767149925, 0.038887470960617065, 0.014009812846779823, 0.01915324665606022, -0.400773286819458, 0.0488910898566246, -0.23982951045036316, -0.1139422357082367, -0.039952415972948074, -0.11825915426015854, 0.2312430739402771, 0.10837109386920929, 0.08466558158397675, 0.01014418713748455, 0.037452228367328644, -0.39403459429740906, 0.45816606283187866, 0.48453694581985474, 0.7560949325561523, 0.08433189988136292, 0.4317783713340759, 0.21223802864551544, -0.0659162849187851, 0.05601689592003822, 0.03296760097146034, 0.6792222857475281, 0.6673905253410339, 0.0, -0.38999998569488525, 0.47999998927116394, 0.3022007346153259, 0.1794593334197998, 0.9343982934951782, 0.058040276169776917, -0.7937207221984863, 0.39366263151168823, -0.25702059268951416, 0.38597583770751953, 0.04829985275864601, -0.4261467754840851, 0.4475056827068329, 0.026854008436203003, -0.28765809535980225, 0.9150485396385193, -0.28145667910575867, 0.19752369821071625, -0.08389245718717575, -0.06834975630044937, 5.83754825592041, 5.087022304534912, 0.5080991387367249, 0.06788408756256104, -0.42213302850723267, 0.41761669516563416, 0.09143610298633575, -0.4656818211078644, 0.8509109020233154, -0.22523419559001923, 0.15146014094352722, 0.0026064610574394464, -0.0857279822230339, 2.91060733795166, 2.2900846004486084, 0.4213149845600128, 0.07965563237667084, -0.39934441447257996, 0.44863584637641907, -0.1269044429063797, 0.3798644542694092, 0.890870213508606, -0.21435581147670746, 0.1214248538017273, 0.11602997034788132, -0.2040473371744156, -3.1577095985412598, -1.238213300704956, 0.3147261440753937, 0.11054934561252594, -0.40168139338493347, 0.44154372811317444, -0.09354040026664734, -0.41322723031044006, 0.8502276539802551, -0.31241992115974426, 0.20998379588127136, 0.1875229924917221, 0.0018709395080804825, -1.618490219116211, -0.3630085587501526, 1.2261103391647339, -0.0286751389503479, -0.3911588191986084, 0.486882746219635, 0.47087931632995605, -0.6754401326179504, 0.5463411211967468, -0.15350772440433502, 0.3878858685493469, -0.047001298516988754, 0.3635384738445282, -4.6713666915893555, 3.2951276302337646, 3.7362747192382812, 0.9579918384552002, 0.6466430425643921, -0.661773681640625, -0.005194560624659061, -0.0008518562535755336, -0.01476527750492096, -0.0018357397057116032, -0.754086971282959, 0.9423342347145081, -0.004058823920786381, -0.00018518854631111026, 0.0059922183863818645, 0.3904946446418762, -0.07101349532604218, 0.22611239552497864, 0.018088044598698616, -0.0013070147251710296, -0.0016460147453472018, 0.1370517462491989, 1.2299224138259888, -1.1557307243347168, -0.02150358445942402, -0.008695898577570915, -0.007399681024253368, 0.5333011746406555, -1.5252037048339844, -1.0470937490463257, 0.010139859281480312, 0.0016113624442368746, -0.009265652857720852, -1.0, -0.8540158271789551, 0.27492281794548035, -0.03864585608243942, -1.0, -0.5989271998405457, 0.05908568948507309, -1.0, 0.11928607523441315, -1.0, 1.0, -0.5897019505500793, -1.0, -1.0, -0.24220499396324158, 0.22215086221694946, 1.0, 1.0, 1.0, -1.0]
[-0.8292969465255737, -0.900394082069397, -0.4348030984401703, 0.014060398563742638, -0.6657232642173767, -0.40031036734580994, -0.18205799162387848, -0.5032190084457397, -0.6233155727386475, -0.38049745559692383, -0.2808307409286499, -0.3705366849899292, 0.6707342267036438, 0.6803731322288513, 0.027096498757600784, -0.8859429359436035, -0.9915089011192322, -0.3387235999107361, -0.2609423100948334, 0.06467820703983307, -0.07287570089101791, 0.8311259150505066, 0.6630436182022095, -0.8827282786369324, -0.16262391209602356, 0.6359573602676392, 0.3535296618938446, -0.06294595450162888, -0.6283497214317322, -0.7852884531021118, 0.25242096185684204, 0.12667891383171082, -0.8170251250267029, -0.2789413034915924, 0.0500447154045105, -0.7661437392234802, 0.685461699962616, 0.8703010678291321, -0.7659701108932495, -0.07118435204029083, -0.017839260399341583, -0.35908758640289307, -0.048033710569143295, 0.6781544089317322, 0.6928273439407349, 0.05907365307211876, 0.2768932282924652, -0.1719142645597458, 1.136001706123352, 6.700327396392822, 0.005506544373929501, 0.2926335334777832, 0.09624844789505005, 0.03273186832666397, -0.0033257531467825174, 0.49777087569236755, 0.17128445208072662, 0.046529363840818405, 0.017815332859754562, 0.24889424443244934, -0.00022372740204446018, -0.01298834104090929, 0.4152500331401825, -0.11151250451803207, 0.20795008540153503, 0.011577557772397995, -0.013575790449976921, -0.13168762624263763, 0.08391053974628448, 0.031316954642534256, 0.059927813708782196, 0.015024695545434952, 0.04111579805612564, -0.3951967656612396, 0.46199271082878113, 0.4130084216594696, 0.8037949800491333, 0.040949903428554535, 0.4262167513370514, 0.23197002708911896, -0.0992969200015068, 0.34913328289985657, -1.6750141382217407, 0.6910939812660217, 1.2102012634277344, 0.0, -0.38999998569488525, 0.47999998927116394, 0.3022007346153259, 0.1794593334197998, 0.9343982934951782, 0.058040276169776917, -0.8485477566719055, 0.34370315074920654, -0.2270902544260025, 0.33206120133399963, 0.05076095834374428, -0.42773663997650146, 0.45091408491134644, 0.04994667321443558, -0.3292807340621948, 0.902301013469696, -0.27373746037483215, 0.19652989506721497, -0.1759839504957199, 0.31327024102211, 2.905935049057007, 3.5170888900756836, 0.06348470598459244, 0.07026805728673935, -0.42399856448173523, 0.42114323377609253, 0.10323330014944077, -0.4844476282596588, 0.8408432602882385, -0.21825669705867767, 0.18065768480300903, -0.19878223538398743, 0.38391971588134766, 1.0757323503494263, 1.6129426956176758, -0.018974902108311653, 0.08232396095991135, -0.3990948796272278, 0.4499676525592804, -0.13803653419017792, 0.42225024104118347, 0.8696753978729248, -0.2152097225189209, 0.1317300796508789, 0.019839895889163017, 0.15472400188446045, -6.3812575340271, -3.1369564533233643, 0.38260260224342346, 0.11522290110588074, -0.3992255628108978, 0.4423607587814331, -0.06958692520856857, -0.4143005311489105, 0.8460862040519714, -0.32810184359550476, 0.38818874955177307, 0.13496580719947815, 0.11497412621974945, -0.347909152507782, 2.708205223083496, 3.8788392543792725, -0.022958016023039818, -0.39186063408851624, 0.4936334788799286, 0.5085676312446594, -0.6416230797767639, 0.5576260685920715, -0.13686487078666687, 0.3477557897567749, -0.005679192021489143, 0.4653697907924652, -5.025251388549805, 1.9792380332946777, 3.6156980991363525, 0.027463587000966072, -0.9159300327301025, 1.8303394317626953, 0.018992915749549866, -0.0016180042875930667, -9.528558439342305e-05, 0.005511092487722635, -1.871712327003479, 2.2438926696777344, 0.018453679978847504, -0.0009369980543851852, 0.0016786488704383373, 0.13340014219284058, 1.6350740194320679, 0.634213924407959, 0.011537767946720123, -0.001265420112758875, 0.0005843050312250853, -0.7249165177345276, 0.044661469757556915, 0.9701687693595886, -0.012905866838991642, -0.009314442053437233, -0.0010507164988666773, 0.7022415399551392, -0.6000815033912659, -0.7388394474983215, 0.005921302363276482, 0.0037888293154537678, 0.0021424591541290283, -1.0, 0.04893341287970543, 0.04003520309925079, -0.021984867751598358, -1.0, -0.11455945670604706, -0.07369045168161392, -1.0, -0.1552405208349228, -1.0, 1.0, -1.0, -1.0, -1.0, -0.6599626541137695, 0.37605568766593933, 0.3767412602901459, 1.0, 0.9044921398162842, -1.0]
[-0.8679525852203369, -0.789677619934082, -0.42139318585395813, 0.01484189834445715, -0.7264735698699951, -0.47560831904411316, -0.1386067122220993, -0.5123229622840881, -0.6970216035842896, -0.4316532015800476, -0.29508596658706665, -0.4053536355495453, 0.7320671677589417, 0.7648136615753174, -0.1399071365594864, -0.9029113054275513, -0.9940587878227234, -0.4123481214046478, -0.27660804986953735, 0.10510754585266113, -0.04490044340491295, 0.86241215467453, 0.7100507020950317, -0.9011614322662354, -0.1323876529932022, 0.8750289082527161, -0.10519802570343018, 0.055192749947309494, -0.5209708213806152, -0.6490382552146912, 0.13018520176410675, -0.16985832154750824, -0.6024460196495056, -0.6523675322532654, -0.11391520500183105, -0.08136522769927979, 0.5041484832763672, 0.7010847926139832, -0.7696484923362732, -0.07024698704481125, -0.0280645489692688, -0.8482640385627747, -0.2287273406982422, 0.39744922518730164, -0.0657118707895279, 0.08043175935745239, 0.29903092980384827, -0.16893719136714935, 0.6556136608123779, 2.187687397003174, -0.059109531342983246, 0.15776261687278748, 0.06742783635854721, 0.027013737708330154, -0.00859194714576006, 0.06147195026278496, 0.03262422978878021, -0.0031312915962189436, -0.010623493231832981, 0.21833094954490662, 0.03485802188515663, -0.006915442645549774, 0.3018779754638672, -0.018239300698041916, 0.16394369304180145, 0.021297140046954155, -0.005176129750907421, -0.11912784725427628, -0.19105705618858337, -0.09855832904577255, 0.06371520459651947, 0.015513473190367222, 0.04485410451889038, -0.3961389660835266, 0.46768730878829956, 0.33966782689094543, 0.8347697257995605, -0.004892993718385696, 0.4333142042160034, 0.22403159737586975, -0.039888616651296616, 0.3433103561401367, -2.0902225971221924, 0.6287240386009216, 1.591873288154602, 0.0, -0.38999998569488525, 0.47999998927116394, 0.3022007346153259, 0.1794593334197998, 0.9343982934951782, 0.058040276169776917, -0.8921189308166504, 0.289551705121994, -0.21386057138442993, 0.2730327546596527, 0.05400249734520912, -0.42964968085289, 0.4593588709831238, 0.06280088424682617, -0.34603750705718994, 0.8941636681556702, -0.2771018445491791, 0.23138192296028137, -0.095925472676754, 0.5879517197608948, 0.8665542006492615, 0.826603889465332, 1.5180891752243042, 0.07338867336511612, -0.4273983836174011, 0.4290432929992676, 0.11288116872310638, -0.49988919496536255, 0.831604540348053, -0.21401482820510864, 0.21202529966831207, -0.2225029468536377, 0.494219034910202, 2.194605588912964, 1.757705807685852, 0.2988627254962921, 0.08496087789535522, -0.3995642066001892, 0.4575718343257904, -0.1578729897737503, 0.4862217903137207, 0.8326379656791687, -0.213022381067276, 0.10321050137281418, 0.035736262798309326, 0.4472265839576721, -8.64194107055664, -5.028125762939453, 0.8239101767539978, 0.12062833458185196, -0.3976631164550781, 0.4452453851699829, -0.029067566618323326, -0.4310796856880188, 0.8329005837440491, -0.34583523869514465, 0.4064781665802002, 0.07817394286394119, 0.1914243847131729, 1.05929434299469, 4.314958572387695, 4.634186267852783, -0.019791822880506516, -0.39175501465797424, 0.4998703896999359, 0.5256866216659546, -0.6146608591079712, 0.574591875076294, -0.12525878846645355, 0.11892743408679962, 0.02054968662559986, 0.372590571641922, -3.5887393951416016, -0.34250932931900024, 0.9062668681144714, -0.31100162863731384, -0.8133583068847656, 0.7490504384040833, 0.01481336448341608, -0.0010246547171846032, 0.0082556726410985, -0.030186379328370094, -0.19237352907657623, 0.43079766631126404, -0.006016895174980164, -0.0006437997217290103, 0.001810322399251163, 0.03575022518634796, 1.0079402923583984, 0.7181633114814758, 0.008203661069273949, 0.002763341646641493, -6.671189476037398e-05, -0.06102725490927696, -0.14348167181015015, 0.641376256942749, -0.007328354753553867, -0.00023421992955263704, 0.00045639072777703404, 0.45466864109039307, 1.2960288524627686, -0.8918963670730591, 0.0008101359126158059, 0.008238780312240124, 0.014140108600258827, -1.0, 0.07043876498937607, -0.7617098093032837, 0.09977028518915176, -1.0, -0.026097219437360764, -0.6302076578140259, -1.0, -0.5152439475059509, -0.3031207025051117, 1.0, -1.0, -1.0, -1.0, -0.9950629472732544, 0.23308482766151428, -0.3015207350254059, 1.0, 1.0, -1.0]
[-0.8996288776397705, -0.7207416892051697, -0.48109108209609985, 0.015675680711865425, -0.7738544940948486, -0.5366103649139404, -0.1570511907339096, -0.5486454963684082, -0.7501948475837708, -0.5030122995376587, -0.32599467039108276, -0.3651634156703949, 0.7714860439300537, 0.8245621919631958, -0.2714409828186035, -0.9241428375244141, -0.9918553233146667, -0.49818432331085205, -0.30385416746139526, 0.11100894957780838, -0.07693076878786087, 0.8989053964614868, 0.7562723755836487, -0.9175766706466675, -0.10738688707351685, 0.2258101999759674, -0.3205309510231018, -0.027198204770684242, -0.3960438370704651, -0.5114926099777222, -0.1888226866722107, -0.43755459785461426, -0.43705078959465027, -0.6310239434242249, -0.13324223458766937, 0.6069972515106201, 0.2930696904659271, 0.44030752778053284, -0.5348464846611023, -0.08981078863143921, 0.03892945498228073, -0.7636207938194275, -0.2613869905471802, -0.10020295530557632, -0.33090919256210327, 0.08729532361030579, 0.2792646288871765, -0.14236398041248322, 0.6646073460578918, -7.631449222564697, -0.00011538944818312302, -0.43577635288238525, -0.1336592137813568, -0.03353773429989815, -0.0502358041703701, -0.5719569325447083, -0.18316371738910675, -0.049207091331481934, 0.015616933815181255, -0.1734200417995453, 0.01685873046517372, 0.0053070662543177605, -0.5886538624763489, 0.15441450476646423, -0.33189311623573303, -0.09280474483966827, -0.022543244063854218, 0.03421596437692642, -0.4059443473815918, -0.18649491667747498, -0.02422034926712513, -0.013073382899165154, 0.04845180734992027, -0.3967357873916626, 0.4715271592140198, 0.2520866096019745, 0.861004114151001, -0.05540529265999794, 0.4382401406764984, 0.21787051856517792, -0.034016650170087814, 0.18334956467151642, -1.924790382385254, 0.5979542136192322, 1.409920573234558, 0.0, -0.38999998569488525, 0.47999998927116394, 0.3022007346153259, 0.1794593334197998, 0.9343982934951782, 0.058040276169776917, -0.9322690963745117, 0.2236194908618927, -0.1977497935295105, 0.2043609768152237, 0.057282913476228714, -0.42989394068717957, 0.4646424651145935, 0.07194039225578308, -0.3644680976867676, 0.8818457126617432, -0.29040586948394775, 0.2178705930709839, 0.009280670434236526, 0.0847778469324112, 3.1833295822143555, 1.4108176231384277, 2.3104231357574463, 0.07650654017925262, -0.42844992876052856, 0.43231305480003357, 0.1256864368915558, -0.534029483795166, 0.8076567649841309, -0.21611541509628296, 0.20606069266796112, 0.0033613471314311028, -0.11553484946489334, 5.796022891998291, 2.689177989959717, 1.5458828210830688, 0.08638085424900055, -0.39843183755874634, 0.46481558680534363, -0.18007323145866394, 0.5454398989677429, 0.7915733456611633, -0.20851968228816986, 0.012149815447628498, 0.1474243402481079, 0.19856345653533936, -6.544877052307129, -4.337796688079834, 0.731213390827179, 0.12465233355760574, -0.39575451612472534, 0.4455731511116028, 0.009589097462594509, -0.4604371190071106, 0.8126926422119141, -0.35698217153549194, 0.26552945375442505, 0.1359463483095169, -0.19053620100021362, 3.158904790878296, 4.618843078613281, 3.5676019191741943, -0.019538436084985733, -0.39133134484291077, 0.5023598670959473, 0.5216431617736816, -0.6056769490242004, 0.5883675813674927, -0.12193191796541214, -0.03889499232172966, 0.011284160427749157, 0.04211369901895523, -0.4729961156845093, -1.3144645690917969, -0.784418523311615, 0.13651418685913086, 1.484605312347412, -2.1750223636627197, -0.01126865390688181, 0.0023325448855757713, 0.00360645679756999, -0.2483370155096054, 2.3066251277923584, -2.1719553470611572, -0.014607712626457214, -0.0019333877135068178, 0.005288612563163042, 0.1897958666086197, -1.4663631916046143, -0.08446434140205383, -0.016688378527760506, -0.0007266956381499767, -0.002121469471603632, 0.9818572998046875, 1.0249505043029785, -1.5673935413360596, -0.0071689896285533905, 0.009390915744006634, 0.0001552089670440182, -0.705992579460144, 2.790421962738037, 0.12806853652000427, -0.008532073348760605, -0.0017774943262338638, 0.01564924418926239, -1.0, -0.9984227418899536, -1.0, -0.06955213099718094, -1.0, -0.5547571778297424, -0.9328300952911377, -1.0, -0.5099719166755676, 0.09158936887979507, 0.9086248874664307, -1.0, -1.0, -1.0, -0.9458064436912537, 0.004043608903884888, -0.4679895341396332, 1.0, 1.0, -1.0]
[-0.9250710606575012, -0.7156923413276672, -0.5203487277030945, 0.01038084551692009, -0.8118354678153992, -0.584646463394165, -0.2265358567237854, -0.5788061618804932, -0.7926221489906311, -0.5606880187988281, -0.3253955543041229, -0.34923458099365234, 0.8042216300964355, 0.8630335927009583, -0.3763474225997925, -0.9432626366615295, -0.9886077642440796, -0.5605829954147339, -0.3282718062400818, 0.09014721214771271, -0.09269292652606964, 0.9205520749092102, 0.7972590327262878, -0.9314058423042297, -0.08596169203519821, -0.09159618616104126, -0.07550883293151855, -0.06706979870796204, -0.3286319673061371, -0.4081457555294037, -0.33871856331825256, -0.19946026802062988, -0.36792197823524475, -0.47162339091300964, 0.0748969241976738, -0.10520000755786896, 0.30417904257774353, 0.32908961176872253, -0.467997282743454, -0.06912757456302643, 0.020280426368117332, -0.47840356826782227, -0.19400791823863983, -0.339145690202713, 0.002183302538469434, 0.03696232661604881, 0.23895993828773499, -0.11979877948760986, 0.5667357444763184, -3.4733736515045166, 0.06649576872587204, -0.20040132105350494, -0.0613960400223732, -0.014665070921182632, -0.006021018140017986, -0.1631540060043335, -0.041992589831352234, -0.004450614098459482, 0.038034312427043915, -0.24719789624214172, -0.04113752767443657, -0.005772210657596588, -0.29036635160446167, 0.07992692291736603, -0.18011359870433807, -0.036715660244226456, -0.004091090988367796, 0.011571826413273811, -0.03366308659315109, -0.01390273217111826, -0.0127820810303092, -0.0049447910860180855, 0.052083712071180344, -0.39730286598205566, 0.4725390076637268, 0.1656637340784073, 0.8776831030845642, -0.10508573800325394, 0.43724673986434937, 0.21787051856517792, -0.034016650170087814, 0.019816860556602478, -1.9058254957199097, 0.6164452433586121, 1.3498070240020752, 0.0, -0.38999998569488525, 0.47999998927116394, 0.3022007346153259, 0.1794593334197998, 0.9343982934951782, 0.058040276169776917, -0.9614853262901306, 0.1590258628129959, -0.17915518581867218, 0.13475817441940308, 0.059521619230508804, -0.42942100763320923, 0.464192271232605, 0.08289124816656113, -0.3941052556037903, 0.8655422329902649, -0.2977360486984253, 0.13733993470668793, -0.0017144335433840752, -0.17407767474651337, 3.7400858402252197, 2.379070997238159, 1.1263447999954224, 0.07927531003952026, -0.42699095606803894, 0.4303572475910187, 0.1397705078125, -0.5723806619644165, 0.7762085199356079, -0.2243766188621521, 0.18960046768188477, 0.11687282472848892, -0.2616766393184662, 5.256217956542969, 2.093513250350952, 2.1032254695892334, 0.08701492100954056, -0.39704588055610657, 0.46595096588134766, -0.18954122066497803, 0.5726480484008789, 0.7707523703575134, -0.20515607297420502, 0.030345194041728973, 0.06998800486326218, -0.11280252784490585, -1.896513819694519, -1.044790267944336, -0.045891258865594864, 0.12698903679847717, -0.392948180437088, 0.44161638617515564, 0.04089215397834778, -0.49424535036087036, 0.7897816300392151, -0.36096304655075073, 0.16519130766391754, 0.1762910634279251, -0.37584981322288513, 3.2499454021453857, 4.145781517028809, 2.6509242057800293, -0.020112382248044014, -0.3908468186855316, 0.5025094151496887, 0.5119805335998535, -0.6037693619728088, 0.5985277891159058, -0.12289359420537949, -0.03257119655609131, 0.021800613030791283, 0.014109373092651367, -0.6465039849281311, -1.369566798210144, -0.588625967502594, 0.4597291648387909, 0.7155480980873108, -0.9583299160003662, -0.003931849729269743, 0.003081772942095995, -0.004930640570819378, -0.03353380039334297, 0.5439664125442505, -0.667342483997345, 0.003708883887156844, -0.0005854732007719576, 0.0020174533128738403, 0.19937333464622498, -1.216410517692566, -0.6720768213272095, -0.024018365889787674, -0.004696446005254984, -0.0001643165887799114, 0.5054892897605896, 0.4349631667137146, -0.7185623049736023, 0.0024333575274795294, 0.004482243675738573, -0.00030329980654641986, -0.22626298666000366, 0.2930922508239746, 0.10640076547861099, -0.0007391904364340007, -0.0013245822628960013, -0.000294226105324924, -1.0, -1.0, -0.5073968172073364, -0.06301306933164597, -1.0, -0.7483375668525696, -0.6773633360862732, -1.0, -0.13175080716609955, -0.5717737674713135, 0.9771038293838501, -1.0, -1.0, -1.0, -0.7984573841094971, -0.09150806069374084, -0.024411121383309364, 0.9670718908309937, 1.0, -1.0]
[-0.9457261562347412, -0.7404952049255371, -0.52191561460495, 0.027378147467970848, -0.8445680141448975, -0.6245611310005188, -0.2757783532142639, -0.5748860836029053, -0.82887864112854, -0.6052829623222351, -0.31391283869743347, -0.35892218351364136, 0.8359423875808716, 0.897888720035553, -0.4694463312625885, -0.9571076035499573, -0.9870620965957642, -0.6210088729858398, -0.355245977640152, 0.07468651980161667, -0.09367586672306061, 0.9358358383178711, 0.8326500654220581, -0.9428367614746094, -0.06986425071954727, -0.22683027386665344, 0.030688444152474403, 0.2764660716056824, -0.2859751880168915, -0.35042238235473633, -0.1278056502342224, 0.16111505031585693, -0.3151598870754242, -0.3837392032146454, 0.0322573184967041, -0.08377935737371445, 0.2869129776954651, 0.33163246512413025, -0.4183494746685028, -0.048669394105672836, 0.006079146172851324, -0.6022817492485046, -0.41070470213890076, -0.10853178799152374, -0.01519076805561781, 0.03636283800005913, 0.2046697437763214, -0.09867075085639954, 0.45437172055244446, -1.3027514219284058, 0.033612675964832306, 0.020511092618107796, 0.020092785358428955, 0.011061636731028557, 0.08231821656227112, 0.009538843296468258, 0.01779736578464508, 0.01120605506002903, 0.003978394437581301, -0.04355543106794357, -0.001260716118849814, 0.001653426792472601, -0.08322784304618835, 0.03988836705684662, -0.05705554783344269, -0.02518836222589016, -0.022562794387340546, 0.0607474148273468, -0.06656617671251297, -0.03104739636182785, -0.034077733755111694, -0.010052403435111046, 0.055715616792440414, -0.39786994457244873, 0.4708247780799866, 0.07998620718717575, 0.8855515122413635, -0.15420998632907867, 0.4308364689350128, 0.21787051856517792, -0.034016650170087814, -0.14371584355831146, -1.8868045806884766, 0.6337029337882996, 1.2915600538253784, 0.0, -0.38999998569488525, 0.47999998927116394, 0.3022007346153259, 0.1794593334197998, 0.9343982934951782, 0.058040276169776917, -0.9806889891624451, 0.09542139619588852, -0.1582632064819336, 0.06400467455387115, 0.060443319380283356, -0.42864990234375, 0.4623173773288727, 0.09159371256828308, -0.41922926902770996, 0.8526398539543152, -0.29809844493865967, 0.04573217034339905, 0.03447001054883003, -0.1435292512178421, 2.422271966934204, 1.6410988569259644, 0.387449711561203, 0.0809403583407402, -0.42507749795913696, 0.427643746137619, 0.15047132968902588, -0.6003115773200989, 0.7511463165283203, -0.22970333695411682, 0.08306107670068741, 0.10447372496128082, -0.21109499037265778, 3.437995433807373, 1.645066261291504, 1.035415768623352, 0.08743710815906525, -0.395837664604187, 0.4637502431869507, -0.19298557937145233, 0.5839346647262573, 0.7618605494499207, -0.20333565771579742, 0.014510448090732098, 0.08039994537830353, -0.1851585954427719, -1.2814713716506958, -0.8412720561027527, 0.060992009937763214, 0.1282818764448166, -0.3896091878414154, 0.43538108468055725, 0.07051262259483337, -0.534168541431427, 0.7614996433258057, -0.36029189825057983, 0.1218586340546608, 0.19737964868545532, -0.5061781406402588, 5.093533039093018, 5.3982014656066895, 2.8583219051361084, -0.020230261608958244, -0.3905678391456604, 0.5016831159591675, 0.5072853565216064, -0.6050123572349548, 0.60105961561203, -0.12389082461595535, 0.004103842657059431, 0.006292455364018679, -0.07913433015346527, 0.4799835979938507, -0.05891634151339531, -0.2580275237560272, 0.24037986993789673, -0.2952530086040497, -0.16961418092250824, 0.006632842589169741, 0.001566775026731193, -0.0021312683820724487, 0.4551721215248108, -0.21956203877925873, -0.08786051720380783, 0.00791262462735176, 0.003818390890955925, -0.003195286262780428, 0.07976113259792328, -0.31220656633377075, -0.032081786543130875, -0.003029671497642994, 0.0002670393150765449, -0.0006895072874613106, 0.26481005549430847, 0.4766541123390198, -0.2720848619937897, -0.015412982553243637, 0.0023947875015437603, -5.4521420679520816e-05, -0.3149811923503876, 0.48764193058013916, 0.40618282556533813, -0.00590078579261899, -0.0050127035938203335, 0.0002491637133061886, -1.0, -0.9941309094429016, -0.4290761649608612, 0.25804081559181213, -1.0, -0.341504842042923, -0.4119592607021332, -1.0, -0.2860305905342102, -0.41268786787986755, 1.0, -1.0, -1.0, -1.0, -1.0, 0.06320765614509583, -0.12273764610290527, 1.0, 1.0, -1.0]
[-0.9620132446289062, -0.7382872700691223, -0.5144438743591309, 0.06936637312173843, -0.8736685514450073, -0.6597505211830139, -0.27850767970085144, -0.5533177256584167, -0.8607775568962097, -0.6435976624488831, -0.3249596059322357, -0.3384443521499634, 0.863754153251648, 0.9321032166481018, -0.5674344301223755, -0.965152382850647, -0.9910435080528259, -0.6842358112335205, -0.41831493377685547, 0.08368178457021713, -0.10689639300107956, 0.9453094005584717, 0.8616598844528198, -0.9525008201599121, -0.05442681536078453, 0.17705138027668, 0.030353382229804993, 0.45861387252807617, -0.25433990359306335, -0.3134358823299408, 0.05284014344215393, 0.23116421699523926, -0.2790611684322357, -0.3414539694786072, -0.08670037239789963, 0.3420828878879547, 0.24247924983501434, 0.3066960573196411, -0.46274563670158386, -0.026303088292479515, -0.05698877573013306, -0.5731078386306763, -0.6957955360412598, 0.2264743596315384, -0.1335235983133316, 0.01724599488079548, 0.163895845413208, -0.08443226665258408, 0.3690754771232605, 4.428603172302246, 0.00010120632214238867, 0.2904071807861328, 0.10902758687734604, 0.03725544363260269, 0.060744814574718475, 0.318804532289505, 0.11757064610719681, 0.03898949176073074, -0.008899114094674587, 0.22767242789268494, 0.016690898686647415, -0.005466525908559561, 0.49286454916000366, -0.03409501910209656, 0.27356114983558655, 0.09695737063884735, 0.021685775369405746, -0.02335202880203724, 0.13650724291801453, 0.05618913471698761, 0.011075234040617943, 0.006535710766911507, 0.059347521513700485, -0.3984370231628418, 0.4663844704627991, -0.004136854317039251, 0.885067880153656, -0.20221582055091858, 0.41922107338905334, 0.21787051856517792, -0.034016650170087814, -0.3072485327720642, -1.867732048034668, 0.6497883796691895, 1.23509681224823, 0.0, -0.38999998569488525, 0.47999998927116394, 0.3022007346153259, 0.1794593334197998, 0.9343982934951782, 0.058040276169776917, -0.9902244210243225, 0.03338070213794708, -0.13524562120437622, -0.007034898269921541, 0.060816965997219086, -0.42811137437820435, 0.4641483724117279, 0.09533726423978806, -0.42587724328041077, 0.8488562107086182, -0.29829931259155273, 0.021400973200798035, 0.021477660164237022, 0.25504010915756226, -0.38514822721481323, -0.013460211455821991, 0.19275416433811188, 0.08194351941347122, -0.4248289167881012, 0.4283924102783203, 0.1563793271780014, -0.613624095916748, 0.7392333149909973, -0.2292272001504898, 0.06375502794981003, -0.046209510415792465, 0.16394449770450592, 0.7948693633079529, 0.7538992762565613, 0.14636078476905823, 0.08772510290145874, -0.3946121633052826, 0.4647877514362335, -0.20288728177547455, 0.6077930927276611, 0.741391658782959, -0.19940587878227234, 0.0034936738666146994, 0.07579655200242996, 0.1236979067325592, -4.422402858734131, -3.0167078971862793, 0.3829391300678253, 0.12939515709877014, -0.38694000244140625, 0.4309192895889282, 0.10640576481819153, -0.5792356133460999, 0.7255673408508301, -0.3559717833995819, 0.13340018689632416, 0.12545426189899445, -0.25826510787010193, 4.45439338684082, 5.818562030792236, 3.0973386764526367, -0.01977735012769699, -0.39056190848350525, 0.5014345645904541, 0.5082602500915527, -0.6066393852233887, 0.5987085103988647, -0.12332125753164291, 0.03613248094916344, -0.0006855371757410467, 0.027338627725839615, -0.06274844706058502, 0.37753868103027344, 0.0959015041589737, -0.03526716306805611, -1.450321912765503, 1.1578761339187622, 0.015500612556934357, -0.0012885460164397955, -0.0008078153477981687, 0.3277066946029663, -1.6685079336166382, 0.9392290711402893, 0.013961872085928917, 0.0023980990517884493, -0.0032408840488642454, -0.008665048517286777, 1.3933299779891968, 0.26987338066101074, 0.015433425083756447, 0.0019741212017834187, 0.00020172724907752126, -0.16252180933952332, -1.145284652709961, 1.0170480012893677, 0.004506505094468594, -0.002290884731337428, -0.0014680203748866916, 0.3789824843406677, -0.8950917720794678, -0.0935807153582573, 0.0019980224315077066, 0.00047198875108733773, -0.0038689831271767616, -1.0, -0.31332677602767944, -0.473951131105423, 0.4212447702884674, -1.0, -0.11729232966899872, -0.3537168800830841, -1.0, -0.49128419160842896, -0.027648769319057465, 1.0, -1.0, -1.0, -1.0, -1.0, 0.22730204463005066, -0.21165403723716736, 1.0, 1.0, -1.0]
[-0.9752750396728516, -0.6864310503005981, -0.5377804040908813, 0.12268199026584625, -0.8981982469558716, -0.6904873847961426, -0.27803289890289307, -0.5423215627670288, -0.8872654438018799, -0.67691570520401, -0.37722596526145935, -0.2603519558906555, 0.8817964196205139, 0.9597846865653992, -0.6619545221328735, -0.9705567359924316, -0.9981436729431152, -0.7407885193824768, -0.49145203828811646, 0.10492494702339172, -0.13627591729164124, 0.9513323307037354, 0.8847406506538391, -0.9607343673706055, -0.05218483880162239, 0.47903069853782654, -0.1664784997701645, 0.5282838940620422, -0.20765948295593262, -0.26554057002067566, -0.02534528076648712, 0.041851870715618134, -0.2239590883255005, -0.2871633470058441, -0.29631343483924866, 0.9043302536010742, 0.12919849157333374, 0.20872612297534943, -0.40747499465942383, -0.01968933828175068, -0.06310572475194931, -0.49231672286987305, -0.6502223014831543, 0.2770873010158539, -0.24864462018013, 0.014170012436807156, 0.13190490007400513, -0.0711921975016594, -0.7125623226165771, 2.8947181701660156, -0.06372182071208954, 0.2080128788948059, 0.08227110654115677, 0.029772885143756866, -0.04609886556863785, 0.14239834249019623, 0.051784925162792206, 0.01789020374417305, -0.04903716966509819, 0.1545165330171585, 0.008305191062390804, -0.008004250936210155, 0.3785274028778076, -0.05100308358669281, 0.23118984699249268, 0.09052444994449615, 0.032326288521289825, -0.03314590826630592, 0.09346063435077667, 0.03914002701640129, 0.013006709516048431, 0.006515096873044968, 0.06157110258936882, -0.3975992798805237, 0.46571534872055054, -0.03876674920320511, 0.8784896731376648, -0.23464596271514893, 0.4143601655960083, 0.029591986909508705, 0.04064208269119263, 0.38752564787864685, 0.1506195366382599, -0.6117681264877319, -0.8713800311088562, 0.0, -0.38999998569488525, 0.47999998927116394, 0.3022007346153259, 0.1794593334197998, 0.9343982934951782, 0.058040276169776917, -0.9904386401176453, 0.011313595809042454, -0.12835901975631714, -0.049265362322330475, 0.06145293638110161, -0.42768704891204834, 0.4709775149822235, 0.09417136013507843, -0.412491112947464, 0.853015661239624, -0.30552759766578674, 0.04345452040433884, 0.06093304231762886, 0.5325430631637573, -2.1542420387268066, -1.6363043785095215, 0.9570589065551758, 0.08350154012441635, -0.4261457026004791, 0.43322792649269104, 0.15994925796985626, -0.6157404184341431, 0.7365093231201172, -0.22985616326332092, 0.12169427424669266, -0.09162835031747818, 0.3594021201133728, -0.11494144797325134, 0.0910630077123642, 0.48164117336273193, 0.08779720216989517, -0.3930332660675049, 0.47167396545410156, -0.2244665026664734, 0.6511996388435364, 0.6991652250289917, -0.19162897765636444, -0.019078662618994713, 0.1102527529001236, 0.3861483931541443, -6.9268059730529785, -5.221037864685059, 1.1550123691558838, 0.13085782527923584, -0.3859715461730957, 0.4306849539279938, 0.14175274968147278, -0.6120079755783081, 0.6947943568229675, -0.35016146302223206, 0.1393732726573944, 0.036089420318603516, 0.011645005084574223, 2.551490306854248, 4.664321422576904, 2.5606303215026855, -0.01936066336929798, -0.3905271589756012, 0.5027543902397156, 0.5089945197105408, -0.6044412851333618, 0.6007561087608337, -0.12110888957977295, 0.021288374438881874, 0.002056132536381483, 0.12029486149549484, -0.7599089741706848, -0.16862748563289642, -0.031336959451436996, -0.45405057072639465, -1.1008845567703247, 0.8021420836448669, 0.013259615749120712, -0.003370022401213646, 0.004651322029531002, -0.2734280824661255, -0.7749975323677063, 0.4935914874076843, 0.006265239790081978, -0.0021419113036245108, 0.0006049393559806049, -0.2158932387828827, 0.9731641411781311, 0.09596411138772964, 0.006593210622668266, 0.006201941519975662, -0.0014638371067121625, -0.23628786206245422, -1.2269158363342285, 0.7512935996055603, 0.013922554440796375, -0.001216995995491743, 0.00010977312922477722, 0.2723854184150696, -0.6378247737884521, -0.11958010494709015, 0.004020675551146269, 0.0021569288801401854, -0.0011791791766881943, -1.0, 0.0034107216633856297, -0.9196760058403015, 0.5568786859512329, -1.0, -0.35122349858283997, -0.5243057608604431, -1.0, -0.7701992392539978, 0.4807145297527313, 0.9406270384788513, -1.0, -1.0, -1.0, -1.0, 0.2312588393688202, -0.33703431487083435, 1.0, 1.0, -1.0]
[-0.9868692755699158, -0.6062740683555603, -0.5930748581886292, 0.1629326194524765, -0.9172067046165466, -0.7152484655380249, -0.32857081294059753, -0.5715476870536804, -0.899354100227356, -0.7004981637001038, -0.4244466722011566, -0.12809361517429352, 0.8452469110488892, 0.9649707078933716, -0.7368183732032776, -0.9695477485656738, -1.0000113248825073, -0.7882974147796631, -0.5531033873558044, 0.1125267893075943, -0.19023515284061432, 0.9592577219009399, 0.9029514193534851, -0.9676926732063293, -0.036854423582553864, 0.6216908693313599, -0.2612769603729248, 0.30205008387565613, -0.158506840467453, -0.20591573417186737, -0.3080068528652191, -0.434598445892334, -0.05434888228774071, -0.1484520435333252, -0.1410870999097824, 1.3907815217971802, -0.5807213187217712, -0.0953795537352562, -0.298724502325058, 0.017776085063815117, 2.9218905183370225e-05, -0.40684595704078674, -0.5202321410179138, -0.0075337449088692665, -0.4628238379955292, 0.020203551277518272, 0.10471843928098679, -0.059883035719394684, 0.40833786129951477, 1.3996021747589111, -0.006470186170190573, 0.007227213121950626, 0.00276917009614408, 0.00225062295794487, -0.05731869116425514, -0.03401724249124527, -0.008932032622396946, 0.0020809201523661613, 0.024350276216864586, 0.10745780169963837, -0.01947820745408535, -0.02415631338953972, 0.26124221086502075, 0.0194797832518816, 0.15498319268226624, 0.06521090120077133, 0.026329878717660904, -0.08482106029987335, -0.017016103491187096, -0.010266085155308247, 0.04113104194402695, 0.011301150545477867, 0.06226346269249916, -0.397053986787796, 0.47206518054008484, -0.06052616983652115, 0.8664789795875549, -0.27622073888778687, 0.4114033877849579, 0.04992968961596489, 0.018942805007100105, 0.4107487201690674, -1.307376742362976, 0.0779934674501419, 0.07901649177074432, 0.0, -0.38999998569488525, 0.47999998927116394, 0.3022007346153259, 0.1794593334197998, 0.9343982934951782, 0.058040276169776917, -0.9870462417602539, 0.003378961468115449, -0.1277340054512024, -0.09701558202505112, 0.06244899332523346, -0.4270651638507843, 0.47968706488609314, 0.09179773181676865, -0.39178770780563354, 0.8582573533058167, -0.3185431659221649, 0.05366305261850357, 0.07337287813425064, 0.5675217509269714, -2.2309088706970215, -1.7787795066833496, 1.379279613494873, 0.08625078201293945, -0.4272793233394623, 0.4389047920703888, 0.16551701724529266, -0.6153907179832458, 0.7327446937561035, -0.23871226608753204, 0.20828519761562347, -0.03992810845375061, 0.33684709668159485, 0.2295147329568863, -0.3103623390197754, 1.716916561126709, 0.08719111979007721, -0.39109787344932556, 0.4822830557823181, -0.2441955953836441, 0.6916568875312805, 0.6545076370239258, -0.18330048024654388, -0.06601714342832565, 0.11403436958789825, 0.5882179737091064, -5.501645088195801, -3.802917957305908, 0.5770185589790344, 0.1324544996023178, -0.38651809096336365, 0.43389734625816345, 0.16951045393943787, -0.6288297772407532, 0.6763715147972107, -0.34403613209724426, 0.11577484756708145, -0.0521974116563797, 0.22325439751148224, 0.7496713399887085, 3.109769821166992, 1.5829622745513916, -0.020077038556337357, -0.39022645354270935, 0.5045247077941895, 0.5000734329223633, -0.6016994714736938, 0.6109448671340942, -0.12095712870359421, -0.08052125573158264, 0.01148517057299614, 0.1388385146856308, -0.9020074009895325, -1.9300490617752075, -0.9643547534942627, -0.016176022589206696, -0.05800991877913475, 0.2108103334903717, 0.0013804743066430092, -0.0006649323622696102, 0.0008283524075523019, -0.3128865361213684, 0.03545040637254715, 0.0704745203256607, 0.0026126764714717865, -0.003802001941949129, 0.00298357754945755, 0.09260997921228409, 0.8686028718948364, -0.12601779401302338, -0.011127269826829433, -0.003280858276411891, 0.0019946980755776167, 0.13099822402000427, -0.935662031173706, 0.4324952960014343, 0.012294948101043701, 0.0015245088143274188, 0.0006573790451511741, 0.3616498112678528, 0.11399652063846588, -0.5659157633781433, 0.004112179856747389, 0.005514753051102161, 0.004180324729532003, -1.0, -0.002920066472142935, -1.0, 0.3172059953212738, -1.0, -0.8762879371643066, -0.9144530892372131, -0.9028778672218323, -0.5261505246162415, 0.8150193691253662, 0.378570020198822, -0.9614912867546082, -0.9233353137969971, -1.0, -1.0, 0.06286600232124329, -0.5993349552154541, 1.0, 1.0, -1.0]
[-0.9959433674812317, -0.571850597858429, -0.6565760970115662, 0.18868637084960938, -0.9301214218139648, -0.7331186532974243, -0.4181441366672516, -0.6151710748672485, -0.8909151554107666, -0.7056308388710022, -0.4280408024787903, -0.011011948809027672, 0.7458621859550476, 0.9421417117118835, -0.7490769624710083, -0.948046863079071, -0.9966562390327454, -0.825400173664093, -0.6011524796485901, 0.07506239414215088, -0.2533703148365021, 0.946777880191803, 0.9184886813163757, -0.9732792377471924, -0.02921014092862606, -0.007974338717758656, -0.2606019973754883, 0.19196346402168274, -0.10265848785638809, -0.13894939422607422, -0.40183591842651367, -0.3992652893066406, 0.14280767738819122, 0.017421280965209007, 0.05217412859201431, 0.9060644507408142, -1.0940827131271362, -0.30614736676216125, 0.0625012144446373, 0.12914924323558807, 0.044631391763687134, -0.3086366355419159, -0.3978886604309082, -0.7016649842262268, -0.4606746733188629, -0.06232985854148865, 0.09352423250675201, -0.046851929277181625, 0.34687313437461853, -6.884528160095215, 0.02709314227104187, -0.4085421860218048, -0.14407174289226532, -0.04443784058094025, 0.003393210005015135, -0.46537113189697266, -0.14925238490104675, -0.04068218916654587, 0.028986604884266853, -0.3218160569667816, -0.045670267194509506, -0.013493355363607407, -0.5541409254074097, 0.0909632071852684, -0.31307142972946167, -0.09689635038375854, -0.02406851202249527, -0.013048718683421612, -0.2777749001979828, -0.13132621347904205, -0.005673607345670462, -0.007009814027696848, 0.06309205293655396, -0.3966705799102783, 0.4768270254135132, -0.07777820527553558, 0.8529807925224304, -0.31787368655204773, 0.40660858154296875, 0.050148095935583115, 0.021891284734010696, 0.2413085550069809, -1.0564908981323242, -0.016495082527399063, -0.11979558318853378, 0.0, -0.38999998569488525, 0.47999998927116394, 0.3022007346153259, 0.1794593334197998, 0.9343982934951782, 0.058040276169776917, -0.9814609289169312, -7.667839963687584e-05, -0.12665444612503052, -0.1438501924276352, 0.0632944256067276, -0.42610013484954834, 0.4837798476219177, 0.09126809984445572, -0.38369664549827576, 0.8572446703910828, -0.3310265839099884, 0.05139974504709244, 0.06667313724756241, 0.0431935116648674, 0.4846663475036621, -0.3122592568397522, 1.3503694534301758, 0.08888007700443268, -0.4265119731426239, 0.44003504514694214, 0.17248542606830597, -0.6174052953720093, 0.7246010303497314, -0.253007173538208, 0.15480361878871918, 0.12096420675516129, -0.13539521396160126, 1.4007893800735474, -0.03454025834798813, 2.0426971912384033, 0.08656229078769684, -0.3898499310016632, 0.48877325654029846, -0.24684110283851624, 0.6965744495391846, 0.6481301784515381, -0.18379488587379456, -0.028468720614910126, 0.04790164902806282, 0.22514134645462036, 1.9859822988510132, 1.5553098917007446, 0.07121846824884415, 0.1329677551984787, -0.3871794044971466, 0.4357771873474121, 0.18202684819698334, -0.6440923810005188, 0.6622760891914368, -0.33675122261047363, -0.007194753270596266, -0.01717793010175228, -0.055798787623643875, 2.2522740364074707, 2.228292226791382, 0.06168925389647484, -0.022548576816916466, -0.38971856236457825, 0.5038009285926819, 0.4745856821537018, -0.6067774891853333, 0.6244127750396729, -0.12922106683254242, -0.1901308298110962, 0.006925724912434816, -0.11336134374141693, 1.165274739265442, -3.7093002796173096, -2.1003997325897217, 0.32036083936691284, 1.9443445205688477, -1.6806731224060059, -0.015272673219442368, 0.003517655422911048, 0.000495135085657239, 0.03635004907846451, 2.2199902534484863, -1.165679693222046, -0.007382337935268879, 0.0004782784089911729, 0.002281676512211561, 0.17477788031101227, -1.7934263944625854, -0.3421613276004791, -0.04039474576711655, -0.004700762685388327, -3.927753823518287e-06, 0.5403130650520325, 1.4423376321792603, -0.771615743637085, -0.0024334480985999107, 0.007425554096698761, 0.00619898596778512, -0.4648316502571106, 2.018538475036621, -0.04395345225930214, -0.00444541871547699, 0.0004274993552826345, 0.01184183917939663, -1.0, -1.0, -1.0, 0.22792908549308777, -1.0, -1.0, -0.9104783535003662, -0.7931504249572754, -0.27405136823654175, 0.40095922350883484, 0.005877065472304821, -0.7006363868713379, -0.7004169225692749, -1.0, -1.0, -0.3314918577671051, -0.6659524440765381, 0.681269645690918, 1.0, -1.0]
[-0.999997079372406, -0.5970016717910767, -0.693871259689331, 0.19586093723773956, -0.9399237036705017, -0.7455217242240906, -0.5122168064117432, -0.6229173541069031, -0.8641167879104614, -0.7000030279159546, -0.3599465787410736, -0.007255604024976492, 0.6532068848609924, 0.9092883467674255, -0.7002729773521423, -0.922042191028595, -0.9939654469490051, -0.848496675491333, -0.6361224055290222, 0.02354571223258972, -0.274793803691864, 0.8985254764556885, 0.9329282641410828, -0.977656364440918, 5.194775803829543e-05, -0.28704601526260376, -0.0951920673251152, -0.009515098296105862, -0.08792810142040253, -0.10390247404575348, -0.37847891449928284, 0.10233687609434128, 0.3044680058956146, 0.08182888478040695, 0.39973264932632446, -0.43701106309890747, -0.7339120507240295, -0.2825051546096802, 0.3084937036037445, 0.09514465183019638, 0.014895806089043617, -0.16234929859638214, -0.25972941517829895, -0.5947833061218262, 0.009524628520011902, -0.14513711631298065, 0.08442877978086472, -0.03764123469591141, 1.1798341274261475, -2.831392765045166, 0.061249084770679474, -0.20224419236183167, -0.07585036754608154, -0.02471236139535904, 0.0649925246834755, -0.056008480489254, 0.0019137427443638444, 0.007034820504486561, 0.048604678362607956, -0.3106766641139984, -0.04537360370159149, 0.0010470952838659286, -0.16846196353435516, 0.05480581521987915, -0.10855958610773087, -0.025401385501027107, -0.0008095952216535807, 0.04416082799434662, 0.034412652254104614, 0.016400082036852837, -0.02250024676322937, -0.0071390485391020775, 0.06392802298069, -0.3963056802749634, 0.4788050651550293, -0.09051834791898727, 0.8389092683792114, -0.3571363687515259, 0.4006136953830719, 0.050148095935583115, 0.021891284734010696, 0.07777585089206696, -1.0433218479156494, 0.01748240739107132, -0.14945636689662933, 0.0, -0.38999998569488525, 0.47999998927116394, 0.3022007346153259, 0.1794593334197998, 0.9343982934951782, 0.058040276169776917, -0.9742863178253174, 0.00014335995365399867, -0.12529762089252472, -0.1872604936361313, 0.06378612667322159, -0.42552658915519714, 0.4818354547023773, 0.09397221356630325, -0.3952270448207855, 0.8496005535125732, -0.3363683521747589, 0.03153739124536514, -0.001373763894662261, -0.24556559324264526, 2.127361297607422, 1.1385446786880493, 0.5317544937133789, 0.09046279639005661, -0.4244295358657837, 0.4379359185695648, 0.1748049557209015, -0.6141780018806458, 0.7209087014198303, -0.26929378509521484, 0.0774565115571022, 0.1472356915473938, -0.12601238489151, -0.2901188135147095, -1.523354411125183, 1.5165424346923828, 0.08730754256248474, -0.3913699686527252, 0.4871606230735779, -0.22638097405433655, 0.6627179384231567, 0.6872734427452087, -0.19290341436862946, 0.09114548563957214, -0.15168496966362, -0.13239870965480804, 6.814377307891846, 5.586658000946045, -1.3801535367965698, 0.13242453336715698, -0.38731423020362854, 0.43489375710487366, 0.18082894384860992, -0.661436140537262, 0.6480401754379272, -0.33143171668052673, -0.05745788291096687, -0.011392639949917793, -0.12743623554706573, 2.4369056224823, 0.79716557264328, -0.578790009021759, -0.024763770401477814, -0.3892251253128052, 0.5016413331031799, 0.4504922032356262, -0.6146856546401978, 0.6324862241744995, -0.13848920166492462, -0.11588853597640991, 0.014951713383197784, -0.10816659033298492, 0.8386120200157166, -2.1810171604156494, -1.3521612882614136, 0.4975726902484894, 1.0111479759216309, -0.7742936611175537, -0.009545139037072659, 0.0035824915394186974, -0.003525291569530964, 0.37804919481277466, 0.06699508428573608, -0.31205299496650696, 0.008039746433496475, 0.002710220403969288, 1.0375989631938864e-06, 0.26119863986968994, -1.5448322296142578, -0.7435803413391113, -0.022125383839011192, -0.007059120573103428, 0.0021538236178457737, 0.313900351524353, 0.3703960180282593, -0.2355145514011383, 0.004746343940496445, 0.002785702235996723, 0.004054324701428413, -0.19521525502204895, -0.12434162944555283, 0.2665843665599823, -0.004215415567159653, -0.004015604965388775, -0.005983810406178236, -1.0, -1.0, -0.7418228387832642, 0.12513726949691772, -1.0, -1.0, -0.4787704348564148, -0.6550925374031067, 0.32835185527801514, -0.5437453389167786, 0.2747562825679779, -0.290083110332489, -0.7942456007003784, -1.0, -0.9202052354812622, -0.22334842383861542, -0.15825334191322327, 0.5305393934249878, 1.0, -1.0]
[-0.9997034668922424, -0.6253327131271362, -0.6789953708648682, 0.20312649011611938, -0.9501059651374817, -0.7567313313484192, -0.5678849816322327, -0.5753782391548157, -0.8571953773498535, -0.694512128829956, -0.27128905057907104, -0.07399003952741623, 0.6126770973205566, 0.8875322937965393, -0.6627440452575684, -0.9102576971054077, -0.9936403036117554, -0.8693364262580872, -0.6590806245803833, -0.0005871085450053215, -0.26262375712394714, 0.8396610021591187, 0.9439746737480164, -0.9812510013580322, 0.004590341355651617, -0.14208482205867767, 0.1442088633775711, 0.11179535835981369, -0.09516927599906921, -0.10791164636611938, -0.1303064525127411, 0.617588460445404, -0.0626843199133873, 0.007905698381364346, 0.3445393741130829, -0.7100376486778259, -0.18536211550235748, -0.12822625041007996, 0.09859860688447952, 0.021685166284441948, -0.005808639340102673, -0.20921313762664795, -0.20689444243907928, -0.13743363320827484, 0.13296721875667572, -0.1418231576681137, 0.05707625299692154, -0.03145027533173561, 0.23595966398715973, 1.6636584997177124, 0.035552434623241425, 0.12208513915538788, 0.046527568250894547, 0.015610307455062866, 0.09566127508878708, 0.24071729183197021, 0.06762860715389252, 0.017347972840070724, -0.008986048400402069, 0.025136562064290047, 0.023277457803487778, 0.014917630702257156, 0.04852365702390671, -0.02758895605802536, 0.017562810331583023, 0.0015465752221643925, -0.00018172941054217517, 0.05153220519423485, 0.1101936548948288, 0.05225179344415665, -0.025578299537301064, -0.005105576012283564, 0.06479357928037643, -0.39561280608177185, 0.47813600301742554, -0.08659321069717407, 0.8261058926582336, -0.38598886132240295, 0.40132689476013184, 0.05808859318494797, 0.10315300524234772, -0.059613849967718124, 0.34553077816963196, -0.9984194040298462, -0.6698755621910095, 0.0, -0.38999998569488525, 0.47999998927116394, 0.3022007346153259, 0.1794593334197998, 0.9343982934951782, 0.058040276169776917, -0.9674883484840393, 0.01165909692645073, -0.13221226632595062, -0.2152903974056244, 0.06346502900123596, -0.42547154426574707, 0.47954273223876953, 0.09680072218179703, -0.40764257311820984, 0.8449295163154602, -0.3324923813343048, -0.036717113107442856, -0.01700897514820099, -0.09624616801738739, 0.8197870254516602, 0.9160671234130859, -0.6151761412620544, 0.09103091061115265, -0.4232544004917145, 0.4381284713745117, 0.171025812625885, -0.6025235056877136, 0.7270781397819519, -0.28119903802871704, 0.008086866699159145, 0.035647932440042496, 0.13072194159030914, -1.43007493019104, -1.6702102422714233, 0.29568272829055786, 0.08833173662424088, -0.39392250776290894, 0.4827205538749695, -0.2011713832616806, 0.6249083876609802, 0.7274610996246338, -0.19954895973205566, 0.07414011657238007, -0.14316141605377197, -0.16784994304180145, 4.561738014221191, 3.791778326034546, -1.3376522064208984, 0.13184264302253723, -0.3871024250984192, 0.4333319365978241, 0.1800626665353775, -0.6764540672302246, 0.6344591379165649, -0.32779398560523987, -0.02335456945002079, 0.019365910440683365, -0.12361080944538116, 2.0588865280151367, 1.3180639743804932, 0.14557874202728271, -0.02563180774450302, -0.38895243406295776, 0.5005430579185486, 0.44081881642341614, -0.6194637417793274, 0.6339102983474731, -0.14177823066711426, -0.024762623012065887, 0.0064970701932907104, -0.02923239767551422, 0.39501553773880005, -0.30837082862854004, -0.380222886800766, 0.19858382642269135, -0.6438899636268616, 0.3985280394554138, 0.005951957311481237, 0.001125483657233417, -0.004644721746444702, 0.5350520610809326, -0.9891379475593567, 0.4377504885196686, 0.002510905032977462, 0.004931775853037834, -0.0045359316281974316, 0.012776929885149002, 0.04671414941549301, 0.13153591752052307, 0.0156183410435915, 0.0014446449931710958, -0.0003017431008629501, -0.1701565682888031, -0.057922717183828354, 0.049287598580121994, -0.0010505701648071408, -0.0029953368939459324, -0.0027631185948848724, -0.04772297665476799, -0.7555123567581177, 0.369634747505188, -0.002284776186570525, -0.004342011176049709, -0.007419404108077288, -1.0, -0.6386638879776001, -0.3806122839450836, 0.309170126914978, -1.0, -0.6741641759872437, -0.07648370414972305, -0.9394493103027344, 0.17089132964611053, -0.5397800803184509, 0.6011607050895691, -0.6105946898460388, -0.920236349105835, -1.0, -1.0, 0.00312119722366333, -0.11072905361652374, 0.5509942770004272, 0.9817641973495483, -1.0]
[-0.9999669194221497, -0.5912501811981201, -0.6568747162818909, 0.2286859154701233, -0.9614234566688538, -0.7692669630050659, -0.5479548573493958, -0.5296911001205444, -0.8806658983230591, -0.7021902799606323, -0.24872970581054688, -0.09771603345870972, 0.6090921759605408, 0.880965530872345, -0.6770871877670288, -0.9127539396286011, -0.9989972114562988, -0.8923384547233582, -0.683252215385437, 0.014396428130567074, -0.2607128620147705, 0.8149055242538452, 0.9469488263130188, -0.9843848943710327, -0.0015176002634689212, 0.5044698715209961, 0.06094760447740555, 0.3151891231536865, -0.10369191318750381, -0.12251684814691544, 0.1578979343175888, 0.3751823604106903, -0.265354722738266, -0.10430028289556503, -0.03723367676138878, -0.015135809779167175, 0.029003754258155823, -0.017354698851704597, -0.14454302191734314, -0.030743835493922234, -0.06919188797473907, -0.21326886117458344, -0.24341562390327454, 0.34754547476768494, -0.03935930132865906, -0.016911551356315613, -0.004474276211112738, -0.028206055983901024, 0.2132878303527832, 8.127058982849121, -0.030209120362997055, 0.47579482197761536, 0.1752779185771942, 0.057696737349033356, 0.051815979182720184, 0.4829621911048889, 0.15203745663166046, 0.04233346879482269, -0.041598841547966, 0.37993595004081726, 0.04604894667863846, 0.0013858126476407051, 0.7393854260444641, -0.07482944428920746, 0.4170931875705719, 0.14489123225212097, 0.044125996530056, -0.043329499661922455, 0.27224189043045044, 0.12906195223331451, 0.020912453532218933, 0.011253207921981812, 0.0652007982134819, -0.39588266611099243, 0.479602187871933, -0.11825322359800339, 0.8070023059844971, -0.421943336725235, 0.39588773250579834, 0.002562170848250389, -0.020580193027853966, 0.31135526299476624, -0.9877209067344666, 0.18022781610488892, 0.24183140695095062, 0.0, -0.38999998569488525, 0.47999998927116394, 0.3022007346153259, 0.1794593334197998, 0.9343982934951782, 0.058040276169776917, -0.95628422498703, -0.007191197015345097, -0.12930823862552643, -0.2621978223323822, 0.06287375837564468, -0.42544135451316833, 0.4834771752357483, 0.09570284932851791, -0.3980764150619507, 0.8505632877349854, -0.33002743124961853, -0.05094499886035919, 0.028599107638001442, 0.4826810956001282, -2.629683256149292, -1.3496202230453491, -0.3117164373397827, 0.09112664312124252, -0.4246486723423004, 0.44330063462257385, 0.16783592104911804, -0.590837836265564, 0.7376827597618103, -0.280295729637146, 0.005315168760716915, -0.14702655375003815, 0.5250979661941528, -2.4165377616882324, -0.887127161026001, -0.6974102258682251, 0.0886775329709053, -0.39474067091941833, 0.48449787497520447, -0.19672232866287231, 0.623652458190918, 0.7297345399856567, -0.1996130794286728, 0.0075559234246611595, -0.008441231213510036, 0.288007915019989, -2.1686131954193115, -1.256324052810669, 0.16918760538101196, 0.1323709636926651, -0.3875926434993744, 0.435062974691391, 0.189083069562912, -0.6830996870994568, 0.6261227130889893, -0.3249504864215851, 0.07953306287527084, -0.06312505155801773, 0.24478425085544586, -0.20909056067466736, 1.1603364944458008, 0.9691968560218811, -0.02526310458779335, -0.3889521658420563, 0.5019799470901489, 0.4440392553806305, -0.6159493327140808, 0.6354474425315857, -0.1401500701904297, 0.04717389866709709, 0.003083724295720458, 0.18093779683113098, -1.3396761417388916, 0.3310406804084778, 0.6169595122337341, -0.3349227011203766, -2.4392011165618896, 1.8682610988616943, 0.021108726039528847, -0.004334063734859228, -4.691528374678455e-05, 0.23475408554077148, -2.285586357116699, 1.3867532014846802, 0.008049670606851578, 0.0011409454746171832, -0.0053851064294576645, -0.11252434551715851, 2.2199573516845703, 0.7786771655082703, 0.034685168415308, 0.007323320955038071, -0.0008446768624708056, -0.43069276213645935, -2.213266134262085, 0.8103607892990112, 0.010927008464932442, -0.005594647955149412, -0.006831945385783911, 0.5993284583091736, -2.0007591247558594, -0.1779630482196808, 0.00907838810235262, 0.0016639461973682046, -0.008415541611611843, -1.0, 0.370080828666687, -0.6182405352592468, 0.5167246460914612, -1.0, -0.33002713322639465, -0.19449475407600403, -1.0, -0.38959211111068726, 0.06998727470636368, 0.6690695285797119, -0.7412434220314026, -1.0, -1.0, -1.0, 0.2392171323299408, -0.26239416003227234, 0.9176737070083618, 0.9274994134902954, -1.0]
[-0.9991294145584106, -0.5026887655258179, -0.6702926158905029, 0.23439247906208038, -0.969648003578186, -0.7806965112686157, -0.513685941696167, -0.5140345096588135, -0.9050757884979248, -0.7122335433959961, -0.2976275384426117, -0.048431146889925, 0.5893216133117676, 0.8772544860839844, -0.7251479029655457, -0.9189307689666748, -1.0000051259994507, -0.9127732515335083, -0.7086756825447083, 0.03622595965862274, -0.2882470488548279, 0.806115984916687, 0.9502972364425659, -0.9872192144393921, 0.003987560980021954, 0.701178252696991, -0.11740121990442276, -0.08430498838424683, -0.062260013073682785, -0.09159353375434875, 0.12885890901088715, 0.033144157379865646, -0.20051681995391846, -0.08338632434606552, -0.287166565656662, 0.7123671770095825, -0.29032275080680847, -0.0676184743642807, -0.25041094422340393, -0.022711507976055145, 1.343005624221405e-05, -0.17297261953353882, -0.22668397426605225, 0.2261250764131546, -0.2801733911037445, -0.02565995790064335, 0.03581937029957771, -0.024554064497351646, 0.006384668871760368, 1.7801604270935059, -0.02852955088019371, -0.017163123935461044, -0.009753667749464512, -0.003568772692233324, -0.010449344292283058, 0.025056205689907074, 0.008029995486140251, 0.00207917601801455, -0.02570900321006775, 0.18351083993911743, 0.025042695924639702, -0.0037152268923819065, 0.16638995707035065, -0.006414767820388079, 0.09784522652626038, 0.039026565849781036, 0.014057583175599575, -0.046634361147880554, -0.005152924917638302, -0.006841933820396662, 0.027828386053442955, 0.00841313786804676, 0.06584545969963074, -0.39586010575294495, 0.48414289951324463, -0.16908197104930878, 0.7874801754951477, -0.461241751909256, 0.37221282720565796, 0.03921830281615257, 0.02441662922501564, 0.27886199951171875, -1.9999078512191772, 1.0633453130722046, 0.6162943840026855, 0.0, -0.38999998569488525, 0.47999998927116394, 0.3022007346153259, 0.1794593334197998, 0.9343982934951782, 0.058040276169776917, -0.9408908486366272, -0.039693888276815414, -0.10624522715806961, -0.3191562294960022, 0.06297378242015839, -0.425410658121109, 0.49125489592552185, 0.09457434713840485, -0.37875139713287354, 0.8578628897666931, -0.3341769874095917, 0.02182812988758087, 0.028453247621655464, 0.5043710470199585, -2.0778350830078125, -1.0910773277282715, 0.6269991397857666, 0.09151799976825714, -0.4271509349346161, 0.4519749581813812, 0.165879487991333, -0.5762973427772522, 0.7508413791656494, -0.27677175402641296, 0.019540781155228615, -0.1407618224620819, 0.5760661959648132, -2.2217395305633545, -0.662070631980896, -0.5230972766876221, 0.08835670351982117, -0.3937203586101532, 0.4929989278316498, -0.21041147410869598, 0.6478932499885559, 0.704931914806366, -0.19756585359573364, -0.059551116079092026, 0.10191609710454941, 0.5269864201545715, -4.3070244789123535, -3.1234140396118164, 1.22575044631958, 0.1336084008216858, -0.38917118310928345, 0.4406251311302185, 0.20234815776348114, -0.6789655685424805, 0.6277973055839539, -0.3223840594291687, 0.08632012456655502, -0.09647845476865768, 0.38859841227531433, -1.4802098274230957, 0.8446696996688843, 0.8594473600387573, -0.02531641535460949, -0.3887287378311157, 0.504743218421936, 0.4432101249694824, -0.6082279682159424, 0.6438438296318054, -0.1381615251302719, -0.027749542146921158, 0.016858011484146118, 0.19239424169063568, -1.3477489948272705, -0.9787167310714722, -0.2423524707555771, -0.2061534821987152, 0.11955774575471878, 0.2882702946662903, -0.0017754067666828632, -0.002075104508548975, 0.0027361325919628143, -0.08356311917304993, -0.15503203868865967, 0.1996912658214569, -0.0002463043783791363, -0.0010764827020466328, -2.216363100160379e-06, -0.053159743547439575, 0.8918070197105408, 0.49227285385131836, 0.00966187845915556, 0.004240589216351509, -0.0010272132931277156, -0.04956912621855736, -0.5907055139541626, 0.17408013343811035, 0.005196999758481979, -0.0006785784498788416, -0.0015570888062939048, 0.2572726905345917, 0.038954202085733414, -0.36043673753738403, 0.0030489240307360888, 0.004296774975955486, 0.00371558777987957, -1.0, 0.1818191111087799, -0.9078666567802429, 0.11530821770429611, -1.0, -0.37344983220100403, -0.5254369378089905, -1.0, -0.7899296879768372, 0.5304362773895264, 0.3677525222301483, -1.0, -0.9491437673568726, -1.0, -1.0, 0.11543092131614685, -0.5544849038124084, 0.7374194860458374, 1.0, -1.0]
[-0.9979032278060913, -0.45876187086105347, -0.7111337184906006, 0.21632321178913116, -0.9731663465499878, -0.7872329950332642, -0.5343369841575623, -0.5256117582321167, -0.9201797842979431, -0.7209838628768921, -0.3624277710914612, 0.034781113266944885, 0.5348162055015564, 0.8641573786735535, -0.7441914677619934, -0.9148455262184143, -0.9954178929328918, -0.9272368550300598, -0.7289806008338928, 0.029049605131149292, -0.3290100693702698, 0.7741366028785706, 0.957107424736023, -0.9894015192985535, 0.0051325177773833275, 0.046644024550914764, -0.19420574605464935, -0.22210104763507843, -0.02149396762251854, -0.03882062807679176, -0.2022586166858673, -0.19724667072296143, -0.11402507871389389, -0.10311371088027954, -0.25436827540397644, 0.7909302115440369, -0.6133477091789246, -0.17200574278831482, -0.013523682951927185, 0.04031147435307503, 0.05983277037739754, -0.113713338971138, -0.15938572585582733, -0.2563204765319824, -0.30931174755096436, -0.11122580617666245, 0.04682881757616997, -0.017687585204839706, 0.019091680645942688, -7.716641902923584, 0.013489420525729656, -0.4401184320449829, -0.15945512056350708, -0.05081024393439293, -0.07366983592510223, -0.5929080843925476, -0.20674020051956177, -0.06778654456138611, 0.00843244418501854, -0.262088805437088, -0.018183143809437752, 0.0017231469973921776, -0.7139129042625427, 0.06986257433891296, -0.40791767835617065, -0.13692350685596466, -0.04020103067159653, 0.024669265374541283, -0.3241410255432129, -0.1512858271598816, -0.01933618262410164, -0.01053590513765812, 0.06636351346969604, -0.3953736126422882, 0.4869983494281769, -0.24543078243732452, 0.7574613690376282, -0.509608805179596, 0.32605960965156555, 0.029052767902612686, 0.027184534817934036, 0.12273192405700684, -2.153829574584961, 1.2458254098892212, 0.6207360625267029, 0.0, -0.38999998569488525, 0.47999998927116394, 0.3022007346153259, 0.1794593334197998, 0.9343982934951782, 0.058040276169776917, -0.9120050072669983, -0.08987706899642944, -0.06129711866378784, -0.39548882842063904, 0.06374768167734146, -0.42540183663368225, 0.49421676993370056, 0.096880242228508, -0.37595778703689575, 0.8562132120132446, -0.3408353924751282, 0.07148627936840057, -0.008038999512791634, -0.04032258316874504, 1.0170122385025024, 0.5068285465240479, 1.0045827627182007, 0.09233244508504868, -0.42772483825683594, 0.45526236295700073, 0.16908210515975952, -0.5760207176208496, 0.7494393587112427, -0.27919861674308777, 0.07150447368621826, 0.03567178174853325, -0.06601392477750778, 1.6030564308166504, 0.8280603289604187, 1.0518447160720825, 0.08758687973022461, -0.39201226830482483, 0.4990481734275818, -0.2233676016330719, 0.6585336923599243, 0.6905401349067688, -0.198983833193779, -0.06238150596618652, 0.08491995930671692, 0.18318362534046173, -0.009550541639328003, -0.5361672639846802, 1.157645344734192, 0.13403572142124176, -0.39015981554985046, 0.443731427192688, 0.208398699760437, -0.6786683797836304, 0.6276180148124695, -0.31949126720428467, -0.00940439198166132, -0.02138288877904415, 0.019113052636384964, 0.5427032113075256, 0.7516371011734009, -0.022061334922909737, -0.026489432901144028, -0.3884578347206116, 0.5048691630363464, 0.430168479681015, -0.6103293895721436, 0.6496965289115906, -0.14264439046382904, -0.09828948974609375, -0.002327361609786749, -0.09179611504077911, 1.2893726825714111, -1.812453269958496, -1.099658489227295, 0.24242140352725983, 2.233503580093384, -1.7347347736358643, -0.017307689413428307, 0.0032753883861005306, 0.0027023896109312773, -0.3694283664226532, 3.076160192489624, -1.4448237419128418, -0.021644145250320435, -0.0030874526128172874, 0.006367153488099575, 0.10875625908374786, -1.799743413925171, -0.3416019082069397, -0.025273004546761513, -0.0017460003728047013, -0.0014883145922794938, 0.3944505453109741, 2.134660482406616, -0.6297683715820312, -0.008181123062968254, 0.004877783823758364, 0.006925571244210005, -0.5563176870346069, 2.3270368576049805, 0.15423616766929626, -0.0089574521407485, -0.0016348157078027725, 0.01138403918594122, -1.0, -0.900073766708374, -1.0, 0.00025863200426101685, -1.0, -0.9620459675788879, -0.7639451622962952, -1.0, -0.6899340748786926, 0.4864915907382965, 0.1155184954404831, -0.8727686405181885, -0.8138712644577026, -1.0, -1.0, -0.1474013328552246, -0.636749804019928, 0.3907422125339508, 1.0, -1.0]
[-0.9973077178001404, -0.4852083623409271, -0.7327907681465149, 0.1798819601535797, -0.9749194383621216, -0.7897145748138428, -0.5950472950935364, -0.5231755971908569, -0.9239844679832458, -0.731309175491333, -0.36733946204185486, 0.06212594732642174, 0.4745236337184906, 0.8444032669067383, -0.7069225311279297, -0.9057004451751709, -0.9907463192939758, -0.938334584236145, -0.7432321906089783, 0.003165365196764469, -0.34353306889533997, 0.713038444519043, 0.9646386504173279, -0.9910370707511902, -0.0022365462500602007, -0.3347778916358948, -0.031673796474933624, -0.4094368517398834, -0.018690137192606926, -0.016961120069026947, -0.27454674243927, 0.13212966918945312, 0.0059991879388689995, -0.06354354321956635, 0.1002805233001709, -0.026086876168847084, -0.5267578363418579, -0.18545414507389069, 0.26252272725105286, 0.037865184247493744, 0.032005276530981064, -0.09706752002239227, -0.11766072362661362, -0.3499564826488495, 0.0013630740577355027, -0.17018263041973114, 0.04561680927872658, -0.013982541859149933, -0.2813044488430023, -3.872133493423462, 0.032959263771772385, -0.258172869682312, -0.0973990261554718, -0.03250625729560852, -0.01577766053378582, -0.18083152174949646, -0.048212796449661255, -0.009298263117671013, 0.03230839967727661, -0.27376195788383484, -0.04353847727179527, -0.0011743558570742607, -0.29320472478866577, 0.0145728699862957, -0.18252134323120117, -0.062150489538908005, -0.018374206498265266, 0.041648052632808685, -0.0542365200817585, -0.02321172133088112, -0.026147808879613876, -0.008520865812897682, 0.06673233211040497, -0.39492666721343994, 0.4875393807888031, -0.3319794237613678, 0.7169711589813232, -0.5547446012496948, 0.2607686221599579, 0.015694579109549522, -0.022685622796416283, -0.03238989785313606, -2.954894542694092, 2.2317378520965576, 0.7373653054237366, 0.0, -0.38999998569488525, 0.47999998927116394, 0.3022007346153259, 0.1794593334197998, 0.9343982934951782, 0.058040276169776917, -0.8675633668899536, -0.1477409303188324, 0.00038674971438013017, -0.4748745262622833, 0.06481561809778214, -0.4259675145149231, 0.49025097489356995, 0.10312505066394806, -0.39650580286979675, 0.8457015156745911, -0.34196075797080994, 0.09428206086158752, -0.07693071663379669, -0.40955474972724915, 3.1633963584899902, 2.201575517654419, 0.37048694491386414, 0.09310207515954971, -0.4263998866081238, 0.45290157198905945, 0.17366257309913635, -0.5843657851219177, 0.7388880848884583, -0.28705790638923645, 0.053842440247535706, 0.11438371241092682, -0.2321763038635254, 1.4276347160339355, 0.09836509078741074, 1.2574816942214966, 0.08774936199188232, -0.3923429846763611, 0.4979571998119354, -0.218695729970932, 0.6382493376731873, 0.7091636061668396, -0.2046872079372406, 0.04797425866127014, -0.07882693409919739, -0.13475362956523895, 4.414090156555176, 3.0601956844329834, -0.2726461589336395, 0.13358792662620544, -0.39014768600463867, 0.4427306056022644, 0.20485281944274902, -0.687256932258606, 0.6199334263801575, -0.31842687726020813, -0.042652860283851624, 0.018213951960206032, -0.15523841977119446, 1.9233524799346924, 0.23182691633701324, -0.40750277042388916, -0.02764033153653145, -0.3883626163005829, 0.5027425289154053, 0.4159969389438629, -0.6199609637260437, 0.6482025980949402, -0.14976108074188232, -0.06049905717372894, -0.004128975793719292, -0.15525084733963013, 1.6590362787246704, -1.04403555393219, -0.8304983377456665, 0.25527262687683105, 1.3739807605743408, -0.8785520792007446, -0.011896548792719841, 0.0031563490629196167, -0.0018778841476887465, -0.07453209906816483, 0.7719734907150269, -0.5367267727851868, 0.0022813379764556885, -4.030013224110007e-05, 0.001996151637285948, 0.04953914135694504, -1.3498165607452393, -0.8034751415252686, -0.021421609446406364, -0.006308965850621462, 0.001074999338015914, 0.09105418622493744, 0.9663203358650208, -0.26725658774375916, -0.0038794020656496286, 0.0018190506380051374, 0.004978133365511894, -0.3386150002479553, 0.4304831027984619, 0.32878902554512024, -0.004112942144274712, -0.003103025257587433, -0.001172757358290255, -1.0, -1.0, -0.7024427056312561, -0.13721542060375214, -1.0, -1.0, -0.4099997282028198, -0.9052190780639648, -0.07461918890476227, -0.1524653136730194, 0.1681133359670639, -0.38725000619888306, -0.8500858545303345, -1.0, -1.0, -0.16261453926563263, -0.28153541684150696, 0.28143027424812317, 1.0, -1.0]
[-0.9981321692466736, -0.5066624283790588, -0.6980119347572327, 0.12301397323608398, -0.978468120098114, -0.7925035953521729, -0.6190938949584961, -0.4705076813697815, -0.9364811778068542, -0.7400648593902588, -0.3336060345172882, 0.04677678644657135, 0.4432290196418762, 0.829105794429779, -0.6854141354560852, -0.9078150987625122, -0.9911425709724426, -0.9487375020980835, -0.7551690936088562, -0.002044148975983262, -0.32147935032844543, 0.642122745513916, 0.9657723903656006, -0.9924083948135376, -0.004887958988547325, -0.029930567368865013, 0.23601436614990234, -0.5843766331672668, -0.04065042734146118, -0.03655237704515457, 0.12712734937667847, 0.5482410788536072, -0.25720104575157166, -0.17835873365402222, 0.12982921302318573, -0.05801314115524292, -0.13467709720134735, -0.09550243616104126, 0.013958008959889412, -0.03476331755518913, -0.023054657503962517, -0.09599725157022476, -0.11043699085712433, 0.0873274952173233, 0.23913605511188507, -0.17042037844657898, -0.014865348115563393, -0.012388411909341812, -0.10037035495042801, 3.178297281265259, 0.026523564010858536, 0.1368078887462616, 0.04605592042207718, 0.013467622920870781, 0.21347001194953918, 0.1905193030834198, 0.027748435735702515, -0.005215283017605543, -0.010611717589199543, 0.1856202483177185, 0.06055712327361107, 0.017413286492228508, 0.20168828964233398, -0.04908736050128937, 0.10323342680931091, 0.0345863476395607, 0.010610014200210571, 0.02958095632493496, 0.20327797532081604, 0.09578980505466461, -0.01720905303955078, -0.00208174716681242, 0.06686224788427353, -0.3950171172618866, 0.4871056079864502, -0.39566102623939514, 0.6827321648597717, -0.5812458992004395, 0.19870103895664215, 0.01706789806485176, -0.00028370111249387264, 0.05844837427139282, -1.3760677576065063, 0.9639095664024353, 0.24740421772003174, 0.0, -0.38999998569488525, 0.47999998927116394, 0.3022007346153259, 0.1794593334197998, 0.9343982934951782, 0.058040276169776917, -0.8252655863761902, -0.19008488953113556, 0.057925671339035034, -0.5286288261413574, 0.06570985168218613, -0.42729583382606506, 0.4855700731277466, 0.11199909448623657, -0.423462450504303, 0.8349703550338745, -0.33310678601264954, 0.06071444973349571, -0.12092579901218414, -0.252818763256073, 2.3991734981536865, 2.640852212905884, -0.7401841282844543, 0.09313925355672836, -0.4257179796695709, 0.4535500705242157, 0.17170870304107666, -0.579720139503479, 0.7409271597862244, -0.29234805703163147, -0.05178218334913254, -0.027917977422475815, 0.13736186921596527, -0.4087320566177368, -0.07843635976314545, -0.6171481609344482, 0.08829157054424286, -0.39346450567245483, 0.4958278238773346, -0.20768609642982483, 0.6175711154937744, 0.729458212852478, -0.20823800563812256, 0.017809458076953888, -0.02922763302922249, -0.010286575183272362, 1.2091182470321655, 1.0965460538864136, -0.5080408453941345, 0.13340505957603455, -0.3897354304790497, 0.4414098560810089, 0.20482869446277618, -0.6956710815429688, 0.6107891798019409, -0.3178417980670929, 0.011539425700902939, 0.026898177340626717, -0.050114866346120834, 0.9525852203369141, 0.7188254594802856, 0.38528701663017273, -0.027572818100452423, -0.38841310143470764, 0.5022745132446289, 0.4150676131248474, -0.6237897276878357, 0.6447325348854065, -0.15140987932682037, 0.03817488253116608, -0.001312918378971517, 0.037748709321022034, -0.005005940794944763, 0.5743403434753418, 0.3647635579109192, 0.1104419007897377, -0.6622605919837952, 0.6439957618713379, 0.00353371468372643, 0.0006661988445557654, -0.005084036849439144, 1.1774742603302002, -0.4756052792072296, 0.4627093970775604, -0.012349361553788185, 0.012012345716357231, -0.011199476197361946, -0.06408075243234634, 0.7124065160751343, 0.7984306812286377, 0.028099382296204567, 0.0016970429569482803, 0.00044182114652357996, -0.2792561650276184, -0.5655450224876404, 0.1614711880683899, 0.002126838080585003, -0.0033965841867029667, -0.004286436829715967, 0.06529892981052399, -1.4243133068084717, 0.27611103653907776, 0.0021603950299322605, -0.003126533469185233, -0.00993836484849453, -1.0, -0.30316343903541565, -0.2662803530693054, -0.2386069893836975, -1.0, -0.6428332328796387, 0.17305144667625427, -1.0, -0.06878252327442169, -0.14001891016960144, 0.39704400300979614, -0.6972151398658752, -1.0, -1.0, -1.0, 0.09599444270133972, -0.015218855813145638, 0.3144267499446869, 0.9325153827667236, -1.0]
[-0.999465823173523, -0.45218658447265625, -0.6399886608123779, 0.07634531706571579, -0.9850019216537476, -0.7986186146736145, -0.5523271560668945, -0.4163442850112915, -0.9630560278892517, -0.7654345631599426, -0.3375181555747986, 0.08529413491487503, 0.42879217863082886, 0.8193970918655396, -0.7257950305938721, -0.9175448417663574, -0.9978182911872864, -0.9594698548316956, -0.7673140168190002, 0.024979155510663986, -0.30382251739501953, 0.6339524984359741, 0.9530102610588074, -0.9937049150466919, -0.0027994238771498203, 0.640288233757019, 0.2385311871767044, -0.3293062150478363, -0.06292733550071716, -0.07039236277341843, 0.3203698396682739, 0.5426896214485168, -0.20476309955120087, -0.2568429112434387, -0.07901313155889511, 0.5798586010932922, -0.13210998475551605, -0.11298264563083649, -0.2718257009983063, -0.04570421203970909, -0.07301347702741623, -0.09814188629388809, -0.1160559207201004, 0.4653592109680176, 0.08431605249643326, 0.06331943720579147, -0.11249474436044693, -0.011877949349582195, 0.10264737904071808, 9.169805526733398, -0.029492275789380074, 0.5837457180023193, 0.2145509123802185, 0.07047545909881592, 0.038741111755371094, 0.5842577815055847, 0.20818877220153809, 0.06368652731180191, -0.02402823232114315, 0.4261017143726349, 0.05283331498503685, -0.006194810848683119, 0.8208292722702026, -0.06153314560651779, 0.4651431739330292, 0.16157008707523346, 0.05098821595311165, -0.06046797335147858, 0.31506940722465515, 0.15865088999271393, 0.028233729302883148, 0.012333040125668049, 0.06696107238531113, -0.3947990834712982, 0.4914090633392334, -0.438956081867218, 0.6418676376342773, -0.6104278564453125, 0.1506689339876175, 0.028372665867209435, 0.04126445949077606, 0.39934098720550537, -2.6011741161346436, 1.3886860609054565, 0.45669230818748474, 0.0, -0.38999998569488525, 0.47999998927116394, 0.3022007346153259, 0.1794593334197998, 0.9343982934951782, 0.058040276169776917, -0.7803164124488831, -0.21547287702560425, 0.09653343260288239, -0.5791016221046448, 0.0661177933216095, -0.4287818670272827, 0.4879342317581177, 0.11750105768442154, -0.429167777299881, 0.8353777527809143, -0.32272666692733765, 0.0032792796846479177, -0.07814742624759674, 0.37342944741249084, -1.2651399374008179, 0.3665176033973694, -0.9039558172225952, 0.09232211858034134, -0.4275261163711548, 0.4610603451728821, 0.16734805703163147, -0.5675746202468872, 0.7544764280319214, -0.28393468260765076, -0.06850772351026535, -0.14542904496192932, 0.7188572883605957, -3.427448272705078, -1.2216919660568237, -1.4984242916107178, 0.0875987857580185, -0.39231768250465393, 0.5011935830116272, -0.2120981216430664, 0.633313775062561, 0.7152608633041382, -0.20574234426021576, -0.08099716901779175, 0.12668059766292572, 0.4549335837364197, -4.139146327972412, -2.576000213623047, 0.30532094836235046, 0.13424064218997955, -0.39020323753356934, 0.4442369341850281, 0.21517056226730347, -0.6937037706375122, 0.6105435490608215, -0.3157740831375122, 0.08454692363739014, -0.059912435710430145, 0.3254345953464508, -1.5929887294769287, 0.6789847016334534, 0.911066472530365, -0.026485256850719452, -0.38845378160476685, 0.5053090453147888, 0.4270356595516205, -0.6128882765769958, 0.6483005881309509, -0.1473589837551117, 0.09236052632331848, 0.015010667033493519, 0.2870447635650635, -2.5692319869995117, 0.9128852486610413, 1.4175113439559937, -0.3028469979763031, -3.0846927165985107, 1.9448904991149902, 0.024205075576901436, -0.004086864646524191, -0.002168565057218075, 0.13280563056468964, -3.088679790496826, 1.516481876373291, 0.017356324940919876, 0.0003970910329371691, -0.005500009283423424, -0.12884613871574402, 2.49556565284729, 1.137613296508789, 0.031238673254847527, 0.004379222635179758, 0.0012292256578803062, -0.35041213035583496, -2.5523314476013184, 0.613162100315094, 0.012703243643045425, -0.004127198830246925, -0.009102702140808105, 0.6247820854187012, -2.424955129623413, -0.3002849221229553, 0.013056905940175056, 0.0023365223314613104, -0.010279049165546894, -1.0, 0.9068991541862488, -0.32308095693588257, -0.007734440267086029, -1.0, -0.0753738135099411, 0.06946029514074326, -1.0, -0.5212088227272034, 0.6089842319488525, 0.3610142469406128, -0.9622935652732849, -1.0, -1.0, -1.0, 0.285182923078537, -0.21551275253295898, 0.9940311908721924, 0.8286746740341187, -1.0]
[-1.0000017881393433, -0.3501325845718384, -0.6417361497879028, 0.03416837379336357, -0.9897136092185974, -0.805469274520874, -0.49768301844596863, -0.4118233621120453, -0.9671171307563782, -0.7836402058601379, -0.40076306462287903, 0.18912610411643982, 0.3474859893321991, 0.7800922989845276, -0.7825779318809509, -0.9190149903297424, -1.000003457069397, -0.9685543179512024, -0.7789238095283508, 0.021609557792544365, -0.3406341075897217, 0.6554218530654907, 0.9466481804847717, -0.9943132996559143, 5.617995611828519e-06, 0.7639051675796509, -0.1399538815021515, -0.41558441519737244, -0.03198420628905296, -0.05414479970932007, 0.17397993803024292, -0.223550945520401, 0.04778808727860451, -0.0707518607378006, -0.3590710759162903, 1.1549088954925537, -1.0744808912277222, -0.7423378229141235, -0.24186527729034424, 0.01515809167176485, 2.2558306227438152e-05, -0.07310260832309723, -0.09950258582830429, -0.31722989678382874, -0.45457956194877625, 0.04175063222646713, 0.00524866720661521, -0.0008949320763349533, 0.2230234146118164, 0.9084042906761169, -0.06368295103311539, 0.04138666391372681, 0.017085637897253036, 0.006633823737502098, -0.03142976760864258, -0.1534513533115387, -0.05186232924461365, -0.010426310822367668, -0.024619286879897118, 0.11248548328876495, -0.018734632059931755, -0.04698053002357483, 0.15830539166927338, 0.02796744555234909, 0.09500287473201752, 0.037809986621141434, 0.013613571412861347, -0.13298897445201874, -0.14991816878318787, -0.07826552540063858, 0.0749189481139183, 0.019918173551559448, 0.06730908900499344, -0.394029438495636, 0.4968159794807434, -0.5157166719436646, 0.5628626346588135, -0.6435646414756775, 0.05519390478730202, 0.0051231831312179565, 0.0574704185128212, 0.32912856340408325, -2.6747548580169678, 1.6872618198394775, 0.40942126512527466, 0.0, -0.38999998569488525, 0.47999998927116394, 0.3022007346153259, 0.1794593334197998, 0.9343982934951782, 0.058040276169776917, -0.6880435347557068, -0.2646354138851166, 0.17372195422649384, -0.6529812216758728, 0.06699132919311523, -0.4294556975364685, 0.4949166178703308, 0.12111499160528183, -0.4198247492313385, 0.839335024356842, -0.32341158390045166, 0.07492000609636307, 0.005021450109779835, 0.46307507157325745, -1.347138524055481, -0.3888857364654541, 0.828731119632721, 0.09207596629858017, -0.4295137822628021, 0.4709463119506836, 0.16357487440109253, -0.5496251583099365, 0.7707433700561523, -0.2776871621608734, -0.012194579467177391, -0.0952826514840126, 0.5815492868423462, -2.517855405807495, -0.815141499042511, -0.7637509107589722, 0.08601076155900955, -0.3893219232559204, 0.5119203329086304, -0.224623903632164, 0.6476526260375977, 0.6974793076515198, -0.20883643627166748, -0.1356048285961151, 0.19784840941429138, 0.6794072985649109, -0.39534321427345276, -0.40019768476486206, 1.8449571132659912, 0.1353650540113449, -0.391737699508667, 0.45092201232910156, 0.22596274316310883, -0.6818330883979797, 0.6214072108268738, -0.31288573145866394, 0.06411156058311462, -0.10220009833574295, 0.4773881137371063, -2.6066975593566895, -0.009643547236919403, 0.3537571430206299, -0.027378324419260025, -0.3877817392349243, 0.5082353353500366, 0.4175799787044525, -0.5986306667327881, 0.6669701337814331, -0.1497299075126648, -0.13078027963638306, 0.04627266153693199, 0.1862800419330597, -1.9468523263931274, -3.7732906341552734, -0.9187358021736145, -0.383304238319397, -0.25624096393585205, 0.15341928601264954, 0.002790208673104644, -0.004142760764807463, 0.005800254642963409, -0.19989198446273804, 0.6232828497886658, -0.04266248643398285, -0.0010770680382847786, -0.002516117412596941, 0.00167328049428761, 0.007042324170470238, 1.0577826499938965, 0.11244815587997437, -0.03111378848552704, 0.00467713875696063, -0.0011297566816210747, 0.12875524163246155, -0.573449969291687, 0.10549790412187576, 0.00501182209700346, 0.0013633703347295523, 0.00045170768862590194, 0.5018674731254578, 1.0509320497512817, -1.031160593032837, 0.007556059397757053, 0.0118882916867733, 0.015243911184370518, -1.0, 0.329763799905777, -1.0, -0.22094079852104187, -1.0, -0.34657010436058044, -0.6882715225219727, -0.9006741046905518, -0.9938742518424988, 1.0, -0.4454619288444519, -1.0, -0.8692012429237366, -1.0, -1.0, -0.24094277620315552, -0.8409252166748047, 0.6890296936035156, 1.0, -0.9898949861526489]
[-1.0000007152557373, -0.30165448784828186, -0.6873796582221985, -0.011661719530820847, -0.9695835113525391, -0.8044256567955017, -0.4990542531013489, -0.43266966938972473, -0.8973550796508789, -0.774638295173645, -0.43955498933792114, 0.3016960918903351, 0.2001945823431015, 0.6517354249954224, -0.7710579037666321, -0.9042439460754395, -0.9962320327758789, -0.9736217856407166, -0.7870010733604431, -0.06014876812696457, -0.4093218147754669, 0.6517851948738098, 0.950314998626709, -0.9669370651245117, 9.389734259457327e-06, 0.06500246375799179, -0.2126905769109726, -0.43715915083885193, 0.2961428165435791, 0.06588568538427353, -0.10690093040466309, -0.18062666058540344, 0.955075740814209, 0.2223367691040039, -0.047796349972486496, 0.9792616963386536, -1.5098865032196045, -1.5716183185577393, 0.2019660770893097, 0.08704458177089691, 0.0517929270863533, -0.03275812789797783, -0.05534512922167778, -1.3741878271102905, -0.5292577743530273, -0.04227906093001366, 0.03708238527178764, 0.3853807747364044, 0.033304762095212936, -8.231840133666992, 0.013390565291047096, -0.4724231958389282, -0.14785844087600708, -0.04179508239030838, -0.05954616144299507, -0.535392165184021, -0.12794658541679382, -0.023214075714349747, 0.03217166289687157, -0.32078489661216736, -0.05003640800714493, -0.02867266722023487, -0.6558424830436707, 0.06228357180953026, -0.3685052692890167, -0.12321129441261292, -0.03674125671386719, -0.05604612082242966, -0.351043701171875, -0.16635629534721375, 0.014650139957666397, 0.008724519982933998, 0.06676732748746872, -0.39312341809272766, 0.5010729432106018, -0.5578246712684631, 0.5005679726600647, -0.6618519425392151, -0.014673729427158833, -0.02856570854783058, 0.054632075130939484, 0.19805225729942322, -2.3222968578338623, 1.4535964727401733, 0.25000667572021484, 0.0, -0.38999998569488525, 0.47999998927116394, 0.3022007346153259, 0.1794593334197998, 0.9343982934951782, 0.058040276169776917, -0.6144472360610962, -0.28953179717063904, 0.22667594254016876, -0.6980283856391907, 0.06826382875442505, -0.42949363589286804, 0.4974588453769684, 0.12385281920433044, -0.4143972098827362, 0.8387243747711182, -0.33087289333343506, 0.0876905545592308, 0.007014536298811436, -0.047994956374168396, 0.12730631232261658, -0.15730994939804077, 1.0463502407073975, 0.0922631025314331, -0.42985591292381287, 0.475838303565979, 0.1555454581975937, -0.5200241804122925, 0.7907100319862366, -0.2831219732761383, -0.001642953371629119, 0.05821097642183304, 0.1821170598268509, -4.166468620300293, -3.3157315254211426, 0.2748418152332306, 0.08464603871107101, -0.3871559500694275, 0.5186222791671753, -0.21831946074962616, 0.6108158230781555, 0.7270939946174622, -0.22488853335380554, -0.05965450033545494, 0.05905209109187126, 0.3576761484146118, 8.179473876953125, 6.046788692474365, 0.6795439720153809, 0.13563218712806702, -0.39305514097213745, 0.45570844411849976, 0.22397805750370026, -0.6740031242370605, 0.6306333541870117, -0.3128179609775543, -0.01999312825500965, -0.060314055532217026, 0.1654832363128662, -0.31433093547821045, -0.8966672420501709, -0.6337863802909851, -0.03074980527162552, -0.386782169342041, 0.5067316889762878, 0.3670960068702698, -0.593524694442749, 0.6974478363990784, -0.16289657354354858, -0.27307477593421936, 0.010845158249139786, -0.1363735944032669, -0.14495722949504852, -7.881267547607422, -3.7445766925811768, 0.19114193320274353, 2.2187228202819824, -1.6072256565093994, -0.008514245972037315, 0.0027975160628557205, 0.0033393248450011015, -0.2962533235549927, 2.0722618103027344, -1.2935012578964233, 0.007869848981499672, -0.0024727447889745235, 0.0059343380853533745, 0.15106749534606934, -1.5427278280258179, -1.1245037317276, -0.05181358754634857, -0.006618979386985302, -0.001449189381673932, 0.3487057089805603, 1.977811574935913, -0.4129081666469574, -0.007074081804603338, 0.00461301626637578, 0.01019175723195076, -0.09819667041301727, 2.6347508430480957, -0.3159264922142029, -0.0038526931311935186, 0.010295672342181206, 0.016370777040719986, -1.0, -0.7411701083183289, -1.0, -0.33383166790008545, -0.757151186466217, -0.7711582779884338, -0.5857536196708679, -0.19242408871650696, -0.3723757266998291, 0.8134085536003113, -0.7608827352523804, -0.5451996326446533, -0.7391703724861145, -1.0, -1.0, -0.8226497173309326, -0.907174289226532, 0.4110071361064911, 1.0, -0.6686254143714905]
[-0.999761700630188, -0.33590298891067505, -0.7085310220718384, -0.0737733244895935, -0.9095761775970459, -0.7900718450546265, -0.5418214797973633, -0.42442020773887634, -0.7807530760765076, -0.7417452335357666, -0.375889390707016, 0.32857638597488403, 0.03883529081940651, 0.4657638967037201, -0.6644880771636963, -0.9025717973709106, -0.9923291206359863, -0.9615774154663086, -0.7878435254096985, -0.18069013953208923, -0.44367367029190063, 0.6216285824775696, 0.9366504549980164, -0.9101319909095764, 0.0012371906777843833, -0.4384085237979889, -0.01825958490371704, -0.6582488417625427, 0.6832225322723389, 0.19334685802459717, -0.21438971161842346, 0.20656271278858185, 1.139346957206726, 0.3613378405570984, 0.4246590733528137, -0.15770389139652252, -1.4846664667129517, -1.8190704584121704, 0.6417248249053955, -0.03625835105776787, 0.029738379642367363, 0.18767814338207245, 0.03537610545754433, -1.5389137268066406, -0.10262756794691086, -0.09123215079307556, -0.14863571524620056, 0.5953505039215088, 0.018505610525608063, -5.053338050842285, 0.05813299119472504, -0.3533039093017578, -0.10708830505609512, -0.029246021062135696, -0.01436073798686266, -0.24226444959640503, -0.07102213054895401, -0.016301507130265236, 0.0417158417403698, -0.3868246078491211, -0.09104852378368378, -0.018181318417191505, -0.3464985191822052, -0.0064371065236628056, -0.20800961554050446, -0.05684417113661766, -0.013016138225793839, 0.033888719975948334, -0.05041038617491722, -0.021768491715192795, -0.035363152623176575, -0.008083137683570385, 0.06612848490476608, -0.3921315670013428, 0.5028415322303772, -0.6095629930496216, 0.41833361983299255, -0.6649096608161926, -0.10641879588365555, -0.03596878796815872, 0.05476146191358566, 0.0661260113120079, -2.5804927349090576, 1.951440453529358, 0.23626203835010529, 0.0, -0.38999998569488525, 0.47999998927116394, 0.3022007346153259, 0.1794593334197998, 0.9343982934951782, 0.058040276169776917, -0.5134338140487671, -0.32526037096977234, 0.29665854573249817, -0.7366034984588623, 0.0693465918302536, -0.4300062358379364, 0.49240899085998535, 0.12376672774553299, -0.41914060711860657, 0.8351445198059082, -0.33397069573402405, 0.05785553529858589, -0.05593584105372429, -0.4760414958000183, 1.1352272033691406, 0.2799226641654968, 0.00244252011179924, 0.09227127581834793, -0.42854219675064087, 0.4752238392829895, 0.1404830813407898, -0.4780949652194977, 0.8141593337059021, -0.2980506122112274, -0.03891993686556816, 0.1470920592546463, -0.06335080415010452, -4.607048988342285, -4.529867172241211, 0.5521291494369507, 0.0857764184474945, -0.38948869705200195, 0.5169453620910645, -0.17864346504211426, 0.5088064670562744, 0.8058724999427795, -0.24448300898075104, 0.22118891775608063, -0.3395269215106964, -0.02083504945039749, 15.727848052978516, 11.613540649414062, -1.3456096649169922, 0.13534283638000488, -0.3935527205467224, 0.45692527294158936, 0.20691783726215363, -0.6704241633415222, 0.6354644894599915, -0.3223370909690857, -0.034209903329610825, -0.018275929614901543, 0.023429322987794876, 0.613406777381897, -2.9695420265197754, -0.8029349446296692, -0.033843912184238434, -0.3860782980918884, 0.5022870898246765, 0.30377522110939026, -0.593475878238678, 0.7239927649497986, -0.1770351529121399, -0.21055427193641663, -0.00642744917422533, -0.22778812050819397, 0.27518704533576965, -6.9452643394470215, -3.7634191513061523, 0.4088498651981354, 1.5887433290481567, -1.0601515769958496, -0.005414870567619801, 0.004576567094773054, -0.0016393607947975397, -0.03008817508816719, 1.082054853439331, -0.8550200462341309, -7.068514241836965e-05, 0.00018171682313550264, 0.002674873685464263, 0.10101746022701263, -1.0947097539901733, -2.0773138999938965, -0.03460196405649185, -0.008530803956091404, -0.0016157003119587898, 0.0032659058924764395, 0.9519397020339966, -0.2296488732099533, 0.0012629569973796606, 0.00023744787904433906, 0.008001028560101986, -0.2994287312030792, 0.5531272888183594, 0.36665257811546326, -0.006810029968619347, -0.0032922765240073204, -0.0032505234703421593, -1.0, -1.0, -0.6400160193443298, -0.5525329113006592, -0.45552173256874084, -0.8770777583122253, -0.2658303678035736, -0.0858660340309143, 0.39341163635253906, -0.023528166115283966, -0.8359496593475342, 0.16548678278923035, -1.0, -1.0, -0.8192634582519531, -0.8879492282867432, -0.4453161954879761, 0.3690938949584961, 0.7486004829406738, -0.5189259052276611]
[-0.9999271035194397, -0.3850367069244385, -0.6643949747085571, -0.1735638678073883, -0.8310309052467346, -0.7659410238265991, -0.5198543071746826, -0.3853268027305603, -0.7065759897232056, -0.7173515558242798, -0.2748209238052368, 0.27374693751335144, -0.08654321730136871, 0.2890617251396179, -0.5545247793197632, -0.9145367741584778, -0.9921643733978271, -0.9245348572731018, -0.7795495986938477, -0.2797750234603882, -0.40046659111976624, 0.5663107633590698, 0.8955950736999512, -0.860379159450531, 0.0012009304482489824, -0.29906556010246277, 0.28808191418647766, -1.061608910560608, 0.7437909841537476, 0.2451668083667755, 0.14122071862220764, 0.5234941244125366, 0.5009080767631531, 0.1543826013803482, 0.4291691482067108, -0.8345847129821777, -1.0103205442428589, -1.4455596208572388, 0.4416055679321289, -0.055995870381593704, -0.009832813404500484, 0.4236520826816559, 0.11521478742361069, -1.0515369176864624, 0.5492432117462158, -0.1505611091852188, -0.3095707595348358, 0.3873051404953003, 0.01181369461119175, 1.313613772392273, 0.05640879273414612, -0.015394030138850212, -0.013118034228682518, -0.004866529256105423, -0.028956398367881775, 0.2564753293991089, 0.0708073303103447, 0.018492724746465683, 0.0034499838948249817, -0.1967114806175232, -0.06089942902326584, 0.0018061884911730886, -0.00046151340939104557, -0.014011525548994541, -0.009885608218610287, 0.00869531836360693, 0.0065605528652668, 0.0742068886756897, 0.287706583738327, 0.13482069969177246, -0.04580710455775261, -0.017098097130656242, 0.06517727673053741, -0.3939533233642578, 0.5023125410079956, -0.6773724555969238, 0.30234774947166443, -0.6383386254310608, -0.20561128854751587, -0.07900180667638779, -0.14261513948440552, -0.0032811835408210754, -3.6450774669647217, 3.5175399780273438, 1.0430916547775269, 0.0, -0.38999998569488525, 0.47999998927116394, 0.3022007346153259, 0.1794593334197998, 0.9343982934951782, 0.058040276169776917, -0.3742479681968689, -0.3855820894241333, 0.3680039644241333, -0.7588396072387695, 0.06991400569677353, -0.43143725395202637, 0.48425132036209106, 0.12390271574258804, -0.43184491991996765, 0.8319240212440491, -0.3256692886352539, 0.013901772908866405, -0.12362717092037201, -0.5196594595909119, 1.3730530738830566, 1.3531752824783325, -1.3416727781295776, 0.09094409644603729, -0.4277697503566742, 0.4739464819431305, 0.12546680867671967, -0.4465350806713104, 0.8334982991218567, -0.30024147033691406, -0.1296759843826294, 0.061088018119335175, 0.04669295996427536, -3.437988758087158, -2.6983511447906494, -1.0203243494033813, 0.08832491189241409, -0.39437779784202576, 0.5114004015922546, -0.12871041893959045, 0.3814450204372406, 0.8789891004562378, -0.2555607557296753, 0.2959129512310028, -0.48080313205718994, -0.1773841381072998, 14.747451782226562, 10.334921836853027, -1.5109272003173828, 0.13499297201633453, -0.39371609687805176, 0.457253634929657, 0.18628257513046265, -0.6612895727157593, 0.6447515487670898, -0.33509737253189087, -0.034277964383363724, -0.019928671419620514, 0.07136940956115723, -0.8625867962837219, -3.2712106704711914, -0.8675037026405334, -0.03559122607111931, -0.3854469358921051, 0.500374436378479, 0.26386091113090515, -0.5838782787322998, 0.7455596923828125, -0.18331477046012878, -0.11069237440824509, 0.03130427375435829, 0.05023971199989319, -2.185507297515869, -3.596801519393921, -1.680174708366394, 0.3354218900203705, 0.136119544506073, 0.13649620115756989, -0.002824736526235938, 0.0027900920249521732, -0.005046233534812927, -0.17257718741893768, -1.0018489360809326, 0.5089905261993408, 0.003464991692453623, -0.0019253354985266924, 0.0016848795348778367, 0.010533164255321026, 0.08175180852413177, -1.1306822299957275, 0.0030324666295200586, -0.0011933810310438275, -8.837817586027086e-05, -0.055074140429496765, -0.1221712976694107, 0.021459518000483513, 0.004727983381599188, -0.0011303082574158907, -0.0031898445449769497, -0.31999504566192627, -1.8910212516784668, 0.6128645539283752, 0.0008230195962823927, -0.011978184804320335, -0.016709502786397934, -1.0, -0.5401400327682495, -0.1382003128528595, -0.8821729421615601, -0.38439059257507324, -0.6042733788490295, 0.21222048997879028, -0.3851790726184845, 0.3720695674419403, -0.5762771368026733, -0.6432878971099854, -0.07951813191175461, -1.0, -1.0, -0.6318955421447754, -0.683548092842102, 0.23971250653266907, 0.2682393789291382, 0.5652633905410767, -0.6659754514694214]
[-0.9999606609344482, -0.3646576404571533, -0.5933049917221069, -0.3006121516227722, -0.765784502029419, -0.7421920299530029, -0.4444490671157837, -0.30863118171691895, -0.7057451605796814, -0.7237825989723206, -0.16131962835788727, 0.16879117488861084, -0.17838171124458313, 0.16286545991897583, -0.5589632391929626, -0.9254046082496643, -0.9954707026481628, -0.8886651396751404, -0.7670431733131409, -0.33105185627937317, -0.32285431027412415, 0.48720210790634155, 0.8269336223602295, -0.8240360021591187, 0.0008141667931340635, 0.41940680146217346, 0.2927749454975128, -1.2180813550949097, 0.5306896567344666, 0.19821377098560333, 0.37656885385513306, 0.8607473373413086, -0.2215956300497055, -0.19472017884254456, 0.48753783106803894, -1.0489634275436401, -0.7564844489097595, -0.9904188513755798, -0.25764861702919006, -0.04166502505540848, -0.041425131261348724, 0.28169336915016174, 0.10703033208847046, -0.40921449661254883, 0.5793226361274719, -0.2105427235364914, -0.4839989244937897, 0.3075174391269684, 0.028202660381793976, 9.696673393249512, -0.03281538933515549, 0.5586258172988892, 0.16933771967887878, 0.04976487159729004, 0.03743686154484749, 0.6755771636962891, 0.18174560368061066, 0.04170854017138481, -0.0081884590908885, 0.3696429133415222, 0.08748352527618408, 0.02542867884039879, 0.5919454097747803, -0.09055973589420319, 0.32098695635795593, 0.09274402260780334, 0.025356046855449677, 0.041218552738428116, 0.37712597846984863, 0.16206753253936768, -0.04794812202453613, -0.009549939073622227, 0.06331926584243774, -0.39734217524528503, 0.5057274103164673, -0.7362876534461975, 0.07979246973991394, -0.5695220232009888, -0.35659259557724, -0.11995489150285721, -0.28081199526786804, 0.3900410532951355, -6.385676860809326, 5.019200325012207, 1.7781810760498047, 0.0, -0.38999998569488525, 0.47999998927116394, 0.3022007346153259, 0.1794593334197998, 0.9343982934951782, 0.058040276169776917, -0.11173578351736069, -0.44725096225738525, 0.456391304731369, -0.7610443830490112, 0.07032600045204163, -0.4334965646266937, 0.4806264638900757, 0.12642033398151398, -0.43996718525886536, 0.8322164416313171, -0.3128296732902527, 0.01890009082853794, -0.13651594519615173, -0.031525563448667526, -0.19007845222949982, 0.985107958316803, -1.2220818996429443, 0.08895546942949295, -0.42804986238479614, 0.47984540462493896, 0.11472984403371811, -0.41858115792274475, 0.8523277044296265, -0.2918291687965393, -0.16348055005073547, -0.012001505121588707, 0.6402119398117065, -3.9326016902923584, -1.7526733875274658, -1.8910157680511475, 0.09064102172851562, -0.39963603019714355, 0.5090134143829346, -0.08551400154829025, 0.2758176922798157, 0.9230863451957703, -0.2540149688720703, 0.20963555574417114, -0.4106575846672058, 0.09806112945079803, 9.765257835388184, 6.906649112701416, -2.0640406608581543, 0.13532210886478424, -0.3939320743083954, 0.4594860374927521, 0.1817917674779892, -0.645089864730835, 0.6595131158828735, -0.3403722941875458, 0.044625118374824524, -0.014745524153113365, 0.2639590799808502, -2.89624285697937, -0.995833158493042, 0.18540267646312714, -0.03619498386979103, -0.38490524888038635, 0.5031317472457886, 0.25065740942955017, -0.559649646282196, 0.7678307294845581, -0.18546952307224274, -0.02120114304125309, 0.050502847880125046, 0.34457510709762573, -4.20300817489624, -1.9900120496749878, 0.1656522899866104, -0.24031728506088257, -2.5059101581573486, 1.9921493530273438, 0.012176218442618847, -0.003822755767032504, -0.002416374161839485, 0.10136841982603073, -2.555896759033203, 2.293757438659668, 0.0033700931817293167, -0.0007030789856798947, -0.005189967807382345, -0.07743645459413528, 0.8304067850112915, 2.38208270072937, 0.037884779274463654, -0.001189480652101338, 0.0010834581917151809, -0.5317816734313965, -1.564961552619934, 0.5278320908546448, 0.0018816259689629078, -0.0063808150589466095, -0.014045760966837406, -0.09016284346580505, -2.5764992237091064, 0.773596465587616, 0.009982036426663399, -0.008107340894639492, -0.009004895575344563, -1.0, 0.7499247193336487, -0.20206186175346375, -1.0, -0.4715823531150818, -0.6454030275344849, 0.8595932126045227, -0.6163020730018616, 0.654140293598175, -0.9427664279937744, -0.724108874797821, -1.0, -1.0, -1.0, -0.7396965622901917, -0.42975640296936035, 0.22754350304603577, 0.05013909190893173, 0.3362196385860443, -0.655009388923645]
[-0.9989179372787476, -0.2673088610172272, -0.5414362549781799, -0.39898377656936646, -0.6889053583145142, -0.7201150059700012, -0.40341442823410034, -0.29318976402282715, -0.6867605447769165, -0.7464962601661682, -0.026057304814457893, 0.1039409413933754, -0.26518845558166504, 0.06690850853919983, -0.6361550688743591, -0.9348725080490112, -0.9999977946281433, -0.8458123803138733, -0.7548457980155945, -0.3595908284187317, -0.29774850606918335, 0.379303902387619, 0.7487474083900452, -0.75484299659729, 0.007930059917271137, 0.857121467590332, 0.1447877585887909, -0.8107760548591614, 0.8172261118888855, 0.23960809409618378, 0.07670354098081589, -0.1751418113708496, 0.37354376912117004, -0.17719756066799164, 0.6163755655288696, -0.3094962537288666, -0.7936504483222961, -0.8817600607872009, -0.39433205127716064, -0.04036077484488487, 3.069295416935347e-05, 0.4568590819835663, 0.13258309662342072, -0.32285818457603455, -0.028470495715737343, -0.29769110679626465, -0.47752323746681213, 0.8105849623680115, -0.05179429426789284, 4.325272560119629, -0.1026345044374466, 0.21421906352043152, 0.08752017468214035, 0.03215493634343147, 0.03766424208879471, 0.07620380818843842, 0.03496795892715454, 0.011620367877185345, 0.0038349064998328686, 0.4635757505893707, 0.16553685069084167, 0.044650353491306305, 0.43242478370666504, -0.02916731871664524, 0.3106801509857178, 0.12313723564147949, 0.04294988512992859, -0.007680149283260107, -0.04874417558312416, -0.04166892170906067, 0.000833217054605484, 0.014684896916151047, 0.06115148961544037, -0.4025355577468872, 0.5135242342948914, -0.7249183058738708, -0.12020044773817062, -0.5070604085922241, -0.4504830539226532, -0.06799891591072083, -0.4176500737667084, 0.5913074612617493, -2.587348699569702, 1.3539681434631348, 1.715621829032898, 0.0, -0.38999998569488525, 0.47999998927116394, 0.3022007346153259, 0.1794593334197998, 0.9343982934951782, 0.058040276169776917, 0.115380197763443, -0.4502614736557007, 0.48526936769485474, -0.7405844330787659, 0.07039973139762878, -0.43512916564941406, 0.48584282398223877, 0.12139341235160828, -0.41492363810539246, 0.8478736281394958, -0.30694031715393066, -0.03181055933237076, -0.03441808372735977, 0.558725118637085, -4.828043460845947, -2.6223416328430176, -0.8063915371894836, 0.08807528764009476, -0.42845988273620605, 0.4901583790779114, 0.10813123732805252, -0.3892241418361664, 0.868224561214447, -0.28809410333633423, -0.047205518931150436, 0.020612649619579315, 0.7139739394187927, -3.9215354919433594, -1.9768669605255127, -0.40937891602516174, 0.09083891659975052, -0.4027995765209198, 0.5139707922935486, -0.05585306137800217, 0.2152285873889923, 0.9450284838676453, -0.23974619805812836, 0.000693495268933475, -0.16804073750972748, 0.5125918388366699, 4.582515716552734, 3.4026901721954346, -3.01326584815979, 0.13624946773052216, -0.394621342420578, 0.4660837650299072, 0.1866234540939331, -0.615239143371582, 0.6849966645240784, -0.3426833152770996, 0.05391828715801239, -0.04501572996377945, 0.609951913356781, -5.579256534576416, -2.202392101287842, 0.08183786273002625, -0.03650454804301262, -0.38456302881240845, 0.5069431662559509, 0.22661691904067993, -0.5353336334228516, 0.7914059162139893, -0.18904860317707062, -0.06774208694696426, 0.017090359702706337, 0.28568699955940247, -2.6930649280548096, -4.649217128753662, -1.642709732055664, -0.6096449494361877, -1.2424595355987549, 0.8714813590049744, 0.013518044725060463, -0.006170247681438923, 0.005215923767536879, 0.1747990995645523, -0.4754195809364319, 0.7167735695838928, 0.004489073529839516, 0.0008735632291063666, -0.0038377251476049423, 0.028406253084540367, -0.5834469795227051, 2.6982550621032715, 0.03589864447712898, -0.0015647143591195345, -0.0011191441444680095, -0.2098366916179657, -1.8220405578613281, 0.48804646730422974, 0.015619281679391861, -0.0021624062210321426, -0.0031155762262642384, 0.31393393874168396, 0.359529972076416, 0.036915820091962814, 0.0003609867999330163, 0.009661956690251827, 0.008829089812934399, -1.0, 0.7356462478637695, -0.6319662928581238, -1.0, -0.13369807600975037, -1.0, 0.3006340563297272, 0.04708661511540413, 1.0, -0.5921155214309692, -1.0, -1.0, -1.0, -1.0, -0.5299574732780457, -0.5027327537536621, -0.4271335303783417, -0.37097010016441345, 0.3267393708229065, -0.18110916018486023]
[-0.9982951283454895, -0.1914912462234497, -0.5447723865509033, -0.47298872470855713, -0.6241609454154968, -0.695307195186615, -0.4176909327507019, -0.3261012136936188, -0.59932541847229, -0.746374249458313, 0.12057041376829147, 0.10229462385177612, -0.35259079933166504, -0.028942741453647614, -0.6590167284011841, -0.9460058212280273, -0.999546229839325, -0.7437444925308228, -0.7308759093284607, -0.4236687123775482, -0.34956011176109314, 0.22232471406459808, 0.7183089852333069, -0.6035290360450745, 0.007179999258369207, 0.32591840624809265, -0.10428919643163681, -0.6395870447158813, 0.4792063236236572, 0.20307181775569916, -0.17314685881137848, -0.32704323530197144, 1.0586456060409546, 0.18633531033992767, 0.6357531547546387, 0.13979260623455048, -0.807600200176239, -0.9264736175537109, 0.05002376064658165, -0.04965886101126671, 0.013426347635686398, 1.199304461479187, 0.32537469267845154, -1.0424282550811768, -0.5693191289901733, -0.4435957372188568, -0.02715110220015049, 1.7026218175888062, -0.01192915067076683, -5.895453453063965, -0.058761946856975555, -0.3346707820892334, -0.13603514432907104, -0.04837809130549431, -0.05188686400651932, -0.3694790303707123, -0.07901078462600708, -0.006072719115763903, -0.006788685452193022, -0.1886872947216034, -0.0299101360142231, -0.0015762366820126772, -0.36526578664779663, 0.05584847554564476, -0.20087012648582458, -0.021082907915115356, 0.0071195075288414955, -0.0679464191198349, -0.41239213943481445, -0.21218857169151306, 0.08398286998271942, 0.042679570615291595, 0.05793913081288338, -0.40757128596305847, 0.520086407661438, -0.6892418265342712, -0.24248012900352478, -0.5013536810874939, -0.4634580910205841, -0.12600135803222656, -0.3763170838356018, 0.28045740723609924, -2.1918981075286865, 0.9501940608024597, 2.228443145751953, 0.0, -0.38999998569488525, 0.47999998927116394, 0.3022007346153259, 0.1794593334197998, 0.9343982934951782, 0.058040276169776917, 0.23665399849414825, -0.42341867089271545, 0.4543690085411072, -0.7471679449081421, 0.070942223072052, -0.4355867803096771, 0.49021682143211365, 0.11668670922517776, -0.3894548714160919, 0.8594216704368591, -0.31000572443008423, 0.03864959627389908, 0.013516264967620373, 0.120398610830307, -1.549443244934082, -1.003745675086975, 0.46558481454849243, 0.08805201947689056, -0.4279693067073822, 0.49712470173835754, 0.09873136132955551, -0.34978729486465454, 0.8838656544685364, -0.2944187521934509, -0.026493394747376442, 0.12320639193058014, 0.32950636744499207, -5.063621520996094, -3.626047134399414, 0.6648443341255188, 0.08948027342557907, -0.4039914011955261, 0.5194780230522156, -0.034074608236551285, 0.1699918508529663, 0.960143506526947, -0.21923956274986267, -0.04220461845397949, -0.12615898251533508, 0.25216493010520935, 5.444271564483643, 3.2597391605377197, -3.2237656116485596, 0.13660334050655365, -0.3952540457248688, 0.4741637706756592, 0.172994926571846, -0.5637590885162354, 0.7259425520896912, -0.3539149761199951, -0.04684726148843765, -0.0030085151083767414, 0.5634878873825073, -6.786149978637695, -6.5007805824279785, -0.9703901410102844, -0.037704724818468094, -0.38455620408058167, 0.5057709217071533, 0.14403937757015228, -0.534317672252655, 0.8107045292854309, -0.1910896897315979, -0.24710829555988312, -0.08431355655193329, -0.19330301880836487, 2.7450006008148193, -10.402387619018555, -7.193449974060059, -0.28026285767555237, 1.8755393028259277, -1.3215878009796143, -0.02024499885737896, -0.0013607654254883528, 0.005963288247585297, -0.2553703188896179, 1.082552433013916, -1.3573229312896729, 0.010165567509829998, -0.0013330993242561817, 0.005507255904376507, -0.044584233313798904, -0.4308549761772156, -1.402979850769043, -0.008039061911404133, 0.00025927432579919696, 0.0007348631042987108, 0.295498788356781, 0.49001139402389526, -0.35593897104263306, 0.01446967851370573, 0.004459122195839882, 0.008311373181641102, 0.9176945686340332, 3.146040678024292, -1.1487146615982056, -0.011741837486624718, 0.027996471151709557, 0.01873963326215744, -1.0, -0.2867482006549835, -0.9911623597145081, -1.0, -0.4180239737033844, -1.0, -0.13677527010440826, 0.35346174240112305, 1.0, -0.17478257417678833, -1.0, -0.5151649117469788, -1.0, -1.0, 0.09130681306123734, -1.0, -1.0, -1.0, 0.8368067741394043, 0.575658917427063]
[-0.9986493587493896, -0.1943790763616562, -0.5618876218795776, -0.5388778448104858, -0.5794897675514221, -0.6769612431526184, -0.4454744756221771, -0.40574660897254944, -0.4709596633911133, -0.6748520731925964, 0.2629968225955963, 0.0961109921336174, -0.4199589192867279, -0.12147654592990875, -0.5817533135414124, -0.9577386975288391, -0.9870190620422363, -0.5653868317604065, -0.6830684542655945, -0.5104377269744873, -0.43357232213020325, 0.04681912437081337, 0.7393049597740173, -0.3853805661201477, -0.0016848718514665961, -0.25038066506385803, -0.04343892261385918, -0.6838957667350769, 0.37494003772735596, 0.1514001488685608, -0.1279759705066681, -1.0370279550552368, 1.1570806503295898, 1.0885432958602905, 0.6549296379089355, -0.0577579103410244, -0.477182537317276, -0.7662702202796936, 0.5272817015647888, -0.047487951815128326, 0.18065039813518524, 1.8850678205490112, 0.5591787099838257, -1.0809286832809448, -0.6388298273086548, -0.4328513741493225, 0.21262864768505096, 2.174036741256714, -0.3159800171852112, -6.471117973327637, 0.028861153870821, -0.4906088709831238, -0.17876432836055756, -0.06077130138874054, 0.013724472373723984, -0.5953582525253296, -0.2263626605272293, -0.04324399307370186, -0.013971066102385521, -0.3265460729598999, -0.0588039755821228, 0.0030932018999010324, -0.41519999504089355, 0.03997824341058731, -0.18393364548683167, -0.02085857465863228, 0.007677662651985884, 0.02459581010043621, -0.23261487483978271, -0.10281971842050552, 0.01889543980360031, 0.013332529924809933, 0.05447635427117348, -0.4147261381149292, 0.5193703770637512, -0.6700125932693481, -0.296603798866272, -0.5524750351905823, -0.3973419964313507, -0.17680969834327698, -0.49448832869529724, -0.24116195738315582, 1.9815540313720703, -0.2277287244796753, 2.2918083667755127, 0.0, -0.38999998569488525, 0.47999998927116394, 0.3022007346153259, 0.1794593334197998, 0.9343982934951782, 0.058040276169776917, 0.25918859243392944, -0.405008465051651, 0.36981597542762756, -0.7950001955032349, 0.07170344889163971, -0.4357442855834961, 0.4873008131980896, 0.11772001534700394, -0.39093253016471863, 0.8576626181602478, -0.3126155436038971, 0.05719519034028053, -0.03466871380805969, -0.4056134819984436, 1.740081548690796, 1.0405259132385254, 0.25280532240867615, 0.08868377655744553, -0.427775502204895, 0.4949300289154053, 0.08534591645002365, -0.3082296848297119, 0.897611141204834, -0.3033226430416107, 0.03647569194436073, 0.0230056531727314, -0.36800915002822876, -3.6684577465057373, -3.148469924926758, 0.43316248059272766, 0.08852103352546692, -0.40604934096336365, 0.5184696912765503, -0.01171140093356371, 0.1080690324306488, 0.9741438627243042, -0.19805924594402313, 0.0011546742171049118, -0.23613932728767395, -0.18771971762180328, 6.79510498046875, 3.684408187866211, -3.3281185626983643, 0.13553334772586823, -0.39549317955970764, 0.48083731532096863, 0.12781238555908203, -0.48693567514419556, 0.7783592343330383, -0.375119149684906, -0.21311436593532562, 0.037771664559841156, 0.5238223671913147, -8.249716758728027, -11.339533805847168, -2.329113721847534, -0.038585364818573, -0.3850008249282837, 0.49957025051116943, 0.023000387474894524, -0.5612140893936157, 0.8074208498001099, -0.18050290644168854, -0.22170515358448029, -0.11862747371196747, -0.519690752029419, 7.292781352996826, -10.018383026123047, -9.737600326538086, 0.20067662000656128, 2.4630889892578125, -1.7007673978805542, -0.023824971169233322, 0.0032235111575573683, 9.577447781339288e-05, 0.11394147574901581, 2.563711404800415, -2.1044976711273193, -0.004788323771208525, 0.0022185607813298702, 0.0002486040466465056, -0.12758256494998932, -0.2338939607143402, -2.0081546306610107, -0.000415208050981164, -0.0008377647027373314, 0.0006349280592985451, 0.3585087060928345, 0.452470064163208, -0.496592253446579, 0.01446471456438303, 0.006161719094961882, 0.00792430154979229, 0.28517401218414307, 1.9364240169525146, -0.39299920201301575, -0.015674598515033722, 0.008769751526415348, -0.0014759781770408154, -1.0, -0.8401897549629211, -1.0, -1.0, -0.3986954689025879, -1.0, -0.52102130651474, 0.6546764373779297, 1.0, -0.8579723238945007, -1.0, 0.15009088814258575, -1.0, -0.8589804768562317, 0.6655632853507996, -1.0, -1.0, -1.0, 1.0, 1.0]
[-0.9984983205795288, -0.23497074842453003, -0.5678651928901672, -0.6072761416435242, -0.5740551948547363, -0.6678637266159058, -0.45765671133995056, -0.4870811998844147, -0.3962826728820801, -0.5538685321807861, 0.4047047793865204, 0.0797777995467186, -0.45993906259536743, -0.18443338572978973, -0.49844011664390564, -0.9678528308868408, -0.890463650226593, -0.3782927393913269, -0.5769051909446716, -0.591539204120636, -0.5031528472900391, -0.12157660722732544, 0.7771318554878235, -0.16258060932159424, 0.0026766990777105093, -0.30257970094680786, -0.018099984154105186, -0.5655893683433533, -0.12479547411203384, 0.01634174957871437, -0.08969754725694656, -0.6874380111694336, 0.4011978805065155, 0.9473831057548523, 0.6128725409507751, -0.1703568547964096, -0.30029910802841187, -0.4468505382537842, 0.3262943625450134, -0.035187214612960815, 1.2728631496429443, 1.6549609899520874, 1.5173507928848267, -0.9534048438072205, -0.43051767349243164, -0.4050993025302887, 0.24380603432655334, 1.993577003479004, 0.21482715010643005, -0.29884305596351624, 0.02129743993282318, 0.05416129529476166, -0.010567702353000641, -0.01123389694839716, 0.006759703159332275, 0.07130397111177444, -0.0213001761585474, -0.028069350868463516, -0.015824994072318077, -0.06722396612167358, -0.0128883495926857, 0.008621030487120152, -0.10780007392168045, -0.014245038852095604, 0.20768794417381287, 0.05854010954499245, 0.061925165355205536, 0.015897944569587708, 0.11666977405548096, 0.07007592171430588, -0.014784172177314758, -0.012155785225331783, 0.05259533226490021, -0.42422258853912354, 0.5140814185142517, -0.6574000120162964, -0.3267156481742859, -0.612671971321106, -0.29277127981185913, -0.0726400688290596, -0.5980904698371887, -0.35390982031822205, 1.3820855617523193, -0.0767013356089592, 2.582676410675049, 0.0, -0.38999998569488525, 0.47999998927116394, 0.3022007346153259, 0.1794593334197998, 0.9343982934951782, 0.058040276169776917, 0.24565285444259644, -0.3955456614494324, 0.257248193025589, -0.8467710614204407, 0.07234184443950653, -0.43604275584220886, 0.4799657464027405, 0.12599165737628937, -0.4196505844593048, 0.843758761882782, -0.30998483300209045, 0.057804834097623825, -0.04609587788581848, -0.5032851099967957, 3.960480213165283, 2.8116111755371094, 0.23293465375900269, 0.0893695130944252, -0.42813917994499207, 0.4881766736507416, 0.07360764592885971, -0.27895817160606384, 0.9065640568733215, -0.30806800723075867, 0.03404344990849495, 0.0024992269463837147, -0.40851813554763794, -1.2485973834991455, -1.3767170906066895, 0.28912320733070374, 0.08759143948554993, -0.4084945321083069, 0.5141182541847229, 0.007934520952403545, 0.05246124789118767, 0.9830663800239563, -0.17540022730827332, -0.01985272765159607, -0.22077904641628265, -0.26407507061958313, 5.305442810058594, 2.9134790897369385, -3.150094985961914, 0.13247139751911163, -0.39541399478912354, 0.4886118471622467, 0.056402191519737244, -0.36555612087249756, 0.8416595458984375, -0.39344218373298645, -0.45545950531959534, 0.13976289331912994, 0.747452974319458, -14.094057083129883, -16.55673599243164, -4.413858890533447, -0.03880443423986435, -0.38515159487724304, 0.4926028847694397, -0.09283485263586044, -0.5946627855300903, 0.7829601764678955, -0.15726107358932495, -0.17362354695796967, -0.03256332874298096, -0.4992779493331909, 7.431445598602295, -7.895956516265869, -9.1305570602417, 0.10980915278196335, 0.12300474941730499, 0.006326945032924414, -0.009388825856149197, 0.0007772328681312501, -0.0006214185268618166, 0.03636784479022026, 0.36731773614883423, 0.034604329615831375, -0.02255958504974842, 0.0001509926951257512, 0.00019780182628892362, -0.027838611975312233, -0.03340569883584976, -0.2888532876968384, 0.008119946345686913, 0.0006361137493513525, 0.0017214708495885134, 0.08235351741313934, -1.2426246404647827, 0.35939478874206543, 0.0432857945561409, -0.0004310081712901592, -0.0019666363950818777, -0.24524004757404327, -0.5933451652526855, 0.05230811983346939, 0.0014860201627016068, -0.00823194719851017, -0.007036248221993446, -1.0, -0.4854329824447632, -1.0, -1.0, -0.737558126449585, -1.0, 0.11430289596319199, 0.28122711181640625, 1.0, -1.0, -1.0, -0.10071419179439545, -1.0, 0.09008072316646576, 0.5608778595924377, -1.0, -0.777846097946167, -1.0, 1.0, 1.0]
[-0.9785439372062683, -0.2235814779996872, -0.5546539425849915, -0.6585920453071594, -0.6184858679771423, -0.6756323575973511, -0.444551020860672, -0.5554843544960022, -0.3373185992240906, -0.475144624710083, 0.5288345813751221, 0.052272021770477295, -0.49855825304985046, -0.2268737256526947, -0.5970584750175476, -0.9998323917388916, -0.7049323916435242, -0.2956680357456207, -0.419324666261673, -0.6243686676025391, -0.5555059909820557, -0.27848076820373535, 0.815388023853302, 0.032831575721502304, 0.12970128655433655, 0.3422284424304962, 0.026822660118341446, -0.5139357447624207, -0.551048994064331, -0.14194491505622864, -0.01767840050160885, -0.6676332354545593, 0.48692694306373596, 0.5564501285552979, 0.4967619478702545, -0.10126105695962906, -0.29431816935539246, -0.3800853490829468, -0.6103679537773132, -0.0006789305480197072, 2.0762226581573486, 0.3607180118560791, 1.170067310333252, -0.11240172386169434, -0.33916041254997253, -0.37175241112709045, 0.2277338057756424, 1.702525019645691, 3.1224310398101807, 7.218193531036377, 0.030573492869734764, 0.37413084506988525, 0.09276136010885239, 0.0195898599922657, 0.004834713879972696, 0.44723689556121826, 0.11137963831424713, 0.013727303594350815, 0.05193855240941048, 0.3958897292613983, 0.13093571364879608, 0.03612718731164932, 0.9090158343315125, 0.0698285922408104, 0.8210028409957886, 0.2145039141178131, 0.030959736555814743, 0.06363651156425476, 0.395475298166275, 0.20225968956947327, -0.05918978899717331, -0.028118737041950226, 0.0503130778670311, -0.4311505854129791, 0.5099082589149475, -0.6464602947235107, -0.21593761444091797, -0.7181655168533325, -0.14035043120384216, -0.17299368977546692, -0.3668663799762726, -0.2734139859676361, 1.917941689491272, -2.069485664367676, 1.384069561958313, 0.0, -0.38999998569488525, 0.47999998927116394, 0.3022007346153259, 0.1794593334197998, 0.9343982934951782, 0.058040276169776917, 0.0777835100889206, -0.3743671178817749, 0.14021749794483185, -0.9133114218711853, 0.07162749022245407, -0.43724527955055237, 0.477468878030777, 0.13613244891166687, -0.4513198137283325, 0.8292495012283325, -0.30020591616630554, -0.05547100305557251, -0.1322689652442932, -0.02259105071425438, 3.1881937980651855, 2.9839539527893066, -0.4978916049003601, 0.08842203766107559, -0.4291694760322571, 0.4867076873779297, 0.06383980065584183, -0.25122958421707153, 0.9163568615913391, -0.30512017011642456, -0.11185778677463531, -0.043395161628723145, 0.13371232151985168, -3.0248775482177734, -1.917843222618103, -0.629123866558075, 0.08546453714370728, -0.41100290417671204, 0.5136512517929077, 0.019538400694727898, 0.01492321863770485, 0.9882277250289917, -0.15100117027759552, -0.18369223177433014, -0.1327013373374939, 0.20123443007469177, 1.9155776500701904, 0.8642998933792114, -3.237236499786377, 0.12933391332626343, -0.39421316981315613, 0.4970439374446869, 0.006199915427714586, -0.2261449545621872, 0.8885269165039062, -0.3991738259792328, -0.4193342328071594, 0.21398210525512695, 0.7941679954528809, -13.3866605758667, -10.685362815856934, -3.0979063510894775, -0.03911875933408737, -0.3849855661392212, 0.4893033504486084, -0.17952173948287964, -0.6182821989059448, 0.7547285556793213, -0.1260310262441635, -0.16840124130249023, 0.018889132887125015, -0.16150033473968506, 5.2470293045043945, -4.4768290519714355, -7.657225131988525, 0.17585450410842896, -1.4295949935913086, 1.2227884531021118, -0.00185406394302845, -0.0026753810234367847, -0.0003729457384906709, 0.060715023428201675, -1.143282413482666, 2.038827419281006, -0.0034219317603856325, -0.0028226575814187527, 0.0033974649850279093, 0.639838457107544, -0.7762997150421143, 2.4994354248046875, 0.024482689797878265, 0.0030022398568689823, -0.0014696025755256414, 0.1115788072347641, -2.198706865310669, 3.0592000484466553, -0.002020863816142082, -0.0027654108125716448, -0.0018877831753343344, -0.8254142999649048, -2.685859203338623, 0.4683438241481781, 0.011600050143897533, -0.014912119135260582, -0.009710991755127907, -0.4993782043457031, 0.5659315586090088, -1.0, -1.0, -1.0, -1.0, 0.005757027305662632, 0.5396523475646973, 1.0, -0.778981626033783, -1.0, -1.0, -1.0, 0.8622346520423889, -0.23437872529029846, -0.5570996999740601, -0.7256593704223633, -1.0, 1.0, 1.0]
[-0.9498965740203857, -0.1749216467142105, -0.578629732131958, -0.7092241644859314, -0.6780797243118286, -0.6938779950141907, -0.4777800142765045, -0.5631474256515503, -0.34995195269584656, -0.43431323766708374, 0.6376637816429138, 0.07578682899475098, -0.5450417399406433, -0.26940155029296875, -0.6732516884803772, -0.9986606240272522, -0.47718098759651184, -0.27837228775024414, -0.35146352648735046, -0.6360688209533691, -0.586582362651825, -0.4095112383365631, 0.8481806516647339, 0.19737151265144348, 0.08542289584875107, 0.35806804895401, -0.19221971929073334, -0.4692907929420471, -0.5490466952323914, -0.18391041457653046, -0.24275243282318115, 0.35925284028053284, -0.37014949321746826, 0.08674239367246628, 0.4284329116344452, 0.30329105257987976, -0.5346035957336426, -0.4741707444190979, -0.20363838970661163, 0.00599212571978569, 2.122943878173828, 0.057937782257795334, 0.2509257197380066, -0.1602807193994522, -0.16000740230083466, -0.2943386733531952, 0.18904228508472443, 1.42236328125, -1.1873271465301514, 0.3622719645500183, -0.12858518958091736, 0.008204794488847256, 0.005412562750279903, 0.0012643493246287107, -0.08678892254829407, 0.3556935787200928, 0.0992957055568695, 0.004643305204808712, -0.04284557327628136, 0.06631603837013245, 0.007789114490151405, -0.006331837736070156, 0.3288154602050781, 0.01502891257405281, 0.13933652639389038, 0.018692299723625183, -0.02772672101855278, 0.002073848620057106, 0.07133076339960098, 0.05386516451835632, -0.027393661439418793, -0.019691236317157745, 0.049376558512449265, -0.4363313615322113, 0.5060163140296936, -0.5643801689147949, -0.20476804673671722, -0.7962784171104431, -0.07406507432460785, 0.003791120368987322, -0.2569986581802368, -0.1904895305633545, 0.1350225806236267, -2.674657106399536, 1.474797248840332, 0.0, -0.38999998569488525, 0.47999998927116394, 0.3022007346153259, 0.1794593334197998, 0.9343982934951782, 0.058040276169776917, 0.03806103765964508, -0.2853130102157593, 0.062392331659793854, -0.9556435346603394, 0.07114725559949875, -0.4383090138435364, 0.47827184200286865, 0.1484994888305664, -0.480411171913147, 0.812704861164093, -0.2943868935108185, 0.03947479650378227, -0.05148778483271599, 0.007641262840479612, 3.2154898643493652, 2.7218198776245117, 0.7583451271057129, 0.08760108798742294, -0.42979902029037476, 0.49078038334846497, 0.058248426765203476, -0.23012323677539825, 0.9213644862174988, -0.307794988155365, -0.03614368289709091, 0.03668613359332085, 0.3845486342906952, -1.7809360027313232, -1.2697358131408691, 0.7469581961631775, 0.08229032903909683, -0.4113953709602356, 0.5182608962059021, 0.022506114095449448, 0.003979629371315241, 0.9915978312492371, -0.1273231953382492, -0.16454923152923584, -0.020445439964532852, 0.2972286343574524, 1.6138410568237305, 0.4756951928138733, -2.686028242111206, 0.12401589006185532, -0.3923666775226593, 0.5098108649253845, -0.03150922805070877, -0.10881464928388596, 0.9118366837501526, -0.3946142792701721, -0.4841489791870117, 0.3178357481956482, 0.8285859823226929, -9.803481101989746, -8.488043785095215, -1.9730404615402222, -0.039776820689439774, -0.3846626877784729, 0.4888133108615875, -0.2461565136909485, -0.6283385157585144, 0.7316476702690125, -0.09638092666864395, -0.13651826977729797, 0.0404343344271183, -0.07147015631198883, 3.6207327842712402, -3.871068239212036, -6.448221683502197, -0.711861789226532, -0.03576810657978058, 0.10469596087932587, 0.0007278277771547437, -0.005375980865210295, 0.004693205934017897, -0.5050572752952576, -0.8385473489761353, 1.164198875427246, -0.007934906519949436, -0.0017554686637595296, 0.004740710835903883, -0.3185870945453644, -0.023325616493821144, 0.19945472478866577, -0.0066817221231758595, 0.000759304384700954, 0.003975100815296173, -0.029461747035384178, 0.2174498438835144, 0.5463564991950989, -0.02446497231721878, 0.004430398344993591, 0.0024034844245761633, -0.5767163634300232, -0.5608679056167603, 0.05282735452055931, 0.0057528517208993435, -0.010463779792189598, -0.0004702644073404372, -1.0, 0.1953156590461731, -1.0, -1.0, -1.0, -1.0, 0.17686226963996887, -0.49497437477111816, 1.0, 0.09213779121637344, -1.0, -0.7288452982902527, -1.0, 0.8134596943855286, -0.2927972078323364, -0.7121409177780151, -0.6554651260375977, -1.0, 1.0, 1.0]
[-0.9290565252304077, -0.14569468796253204, -0.6211154460906982, -0.7487971782684326, -0.7319151759147644, -0.7126777768135071, -0.5190720558166504, -0.5352429747581482, -0.3659577965736389, -0.4465959966182709, 0.6727113127708435, 0.10536037385463715, -0.5915157794952393, -0.3255142867565155, -0.6586350202560425, -0.9990066289901733, -0.24877673387527466, -0.29829609394073486, -0.34463685750961304, -0.652913510799408, -0.5934751629829407, -0.5128929018974304, 0.8746653199195862, 0.3342382609844208, 0.05974394083023071, 0.11117623001337051, -0.1175769791007042, -0.27873560786247253, -0.4718610942363739, -0.16880182921886444, -0.10747336596250534, 0.19509084522724152, -0.03110658936202526, -0.17855677008628845, 0.0044746906496584415, 0.21357910335063934, -0.39254507422447205, -0.5254151225090027, 0.21645517647266388, -0.002345786429941654, 2.105799913406372, -0.30575424432754517, -0.04089757427573204, -0.23196744918823242, 0.009452125057578087, -0.2318798303604126, 0.15153098106384277, 1.180464267730713, -1.1491742134094238, -2.66729474067688, 0.019185276702046394, -0.10601267218589783, -0.021693790331482887, -0.0037642873357981443, 0.046235665678977966, -0.2565651535987854, -0.05975779518485069, -0.01720893755555153, -0.07166194170713425, -0.1618926227092743, -0.04345183074474335, -0.009359907358884811, 0.010380079038441181, 0.018784791231155396, -0.06265152990818024, -0.0420675203204155, -0.022282924503087997, 0.0033388137817382812, -0.04633014649152756, -0.005957865621894598, 0.002995171817019582, -0.00846693105995655, 0.05114593356847763, -0.4395177662372589, 0.5016301870346069, -0.4695614278316498, -0.20878866314888, -0.8567478656768799, -0.04361678659915924, 0.08489574491977692, -0.12782122194766998, -0.29390692710876465, 0.9469069838523865, -2.167875051498413, 0.9670299887657166, 0.0, -0.38999998569488525, 0.47999998927116394, 0.3022007346153259, 0.1794593334197998, 0.9343982934951782, 0.058040276169776917, 0.02726791985332966, -0.18413826823234558, 0.012200701981782913, -0.9824461936950684, 0.07121427357196808, -0.4386335611343384, 0.4779307246208191, 0.16126467287540436, -0.5079871416091919, 0.7940564751625061, -0.2922617495059967, 0.018475638702511787, -0.030506664887070656, -0.11754504591226578, 3.1182804107666016, 2.5488622188568115, 0.46574562788009644, 0.08690683543682098, -0.42960888147354126, 0.4947493076324463, 0.05655226856470108, -0.22190214693546295, 0.9220572113990784, -0.3120441734790802, -0.0461549386382103, 0.01851978898048401, 0.15213820338249207, -0.3964231610298157, -0.2903375029563904, 0.23265808820724487, 0.08052011579275131, -0.41122323274612427, 0.521378755569458, 0.02414599433541298, -0.01612330973148346, 0.9926746487617493, -0.11727771162986755, -0.0488777756690979, -0.040190599858760834, 0.10174663364887238, 2.9263312816619873, 0.5651343464851379, -0.47645825147628784, 0.11692208051681519, -0.38913604617118835, 0.5222631096839905, -0.067837655544281, -0.021059764549136162, 0.9189704656600952, -0.38787612318992615, -0.5788177251815796, 0.33558911085128784, 0.6682413220405579, -6.727726936340332, -7.553951263427734, -1.6712099313735962, -0.04050140455365181, -0.3842194974422455, 0.4885820746421814, -0.30066540837287903, -0.6323494911193848, 0.7105070948600769, -0.07010055333375931, -0.12375599890947342, 0.057266298681497574, -0.08902924507856369, 3.218583822250366, -2.9821958541870117, -5.565950393676758, 0.10840336978435516, 0.4205653667449951, -0.29810529947280884, 0.002544193062931299, 0.0028580515645444393, -0.0009515532874502242, 0.2459467053413391, 0.7171355485916138, -1.0557624101638794, -0.006451902911067009, 0.0023428485728800297, -0.005333832465112209, -0.5222427248954773, 0.2868674695491791, -0.9313598275184631, -0.005056895315647125, -0.00037541394704021513, 0.007279134355485439, 0.25344783067703247, 0.4775095582008362, -0.47912952303886414, -0.015120282769203186, 0.00660696579143405, 0.0005411824677139521, -0.10838666558265686, 0.227021723985672, -0.03944135829806328, 0.0005735805025324225, -0.0067327446304261684, -0.00383749115280807, -0.8835736513137817, -0.2097422480583191, -1.0, -1.0, -1.0, -1.0, -0.20830321311950684, -0.08777475357055664, 1.0, 0.0077878013253211975, -0.8830676078796387, -0.29284319281578064, -1.0, 1.0, -0.5437105298042297, -0.7650121450424194, -0.5546116828918457, -1.0, 1.0, 1.0]
[-0.9175243377685547, -0.11445291340351105, -0.647278904914856, -0.7792710661888123, -0.7785245180130005, -0.7296088933944702, -0.5466064810752869, -0.5159078240394592, -0.366798996925354, -0.46083155274391174, 0.6868855953216553, 0.14921672642230988, -0.6436729431152344, -0.381381094455719, -0.5955105423927307, -0.9987159371376038, -0.04216761142015457, -0.3267836272716522, -0.3526865541934967, -0.640730619430542, -0.5659456849098206, -0.5825490951538086, 0.8803648352622986, 0.4482332468032837, 0.025399763137102127, 0.3010460138320923, -0.16329966485500336, -0.32894811034202576, -0.40540170669555664, -0.14911441504955292, -0.2557113766670227, 0.21684442460536957, -0.0032944579143077135, -0.11602979898452759, 0.19843612611293793, 0.4850753843784332, -0.5274866819381714, -0.5512869358062744, 0.33793017268180847, 0.004050756338983774, 1.8099621534347534, -0.23624709248542786, -0.08320926129817963, 0.354559063911438, 0.30890393257141113, -0.13260214030742645, -0.028521740809082985, 0.9837353825569153, -0.9484713077545166, 2.23726749420166, -0.11028483510017395, 0.08294625580310822, 0.03201085329055786, 0.010920404456555843, -0.16145655512809753, 0.1211685836315155, 0.032817624509334564, 0.008924135938286781, 0.07126012444496155, 0.19715175032615662, 0.0656115710735321, 0.01714298687875271, 0.2836082875728607, -0.03624684736132622, 0.015139864757657051, -0.003749569645151496, -0.003834495786577463, 0.06869301944971085, 0.19015368819236755, 0.11407564580440521, -0.07058429718017578, -0.03181812912225723, 0.05432220175862312, -0.4394049048423767, 0.4979037642478943, -0.37378212809562683, -0.20015600323677063, -0.9045047163963318, -0.04577873274683952, 0.20814719796180725, 0.10673251003026962, -0.13866405189037323, 0.6323233246803284, -2.459942579269409, 0.2504057288169861, 0.0, -0.38999998569488525, 0.47999998927116394, 0.3022007346153259, 0.1794593334197998, 0.9343982934951782, 0.058040276169776917, 0.016843577846884727, -0.07932110130786896, -0.003130729775875807, -0.996701717376709, 0.07140149176120758, -0.4388764202594757, 0.4783881902694702, 0.17184671759605408, -0.5289343595504761, 0.7790530920028687, -0.2894361615180969, 0.06349600851535797, -0.0041215671226382256, 0.0405416376888752, 2.1414132118225098, 1.984305500984192, 0.8466946482658386, 0.08642177283763885, -0.4292049705982208, 0.4986818730831146, 0.054584961384534836, -0.21136167645454407, 0.9234908223152161, -0.31545430421829224, 0.0037265103310346603, 0.09109897911548615, 0.3236936926841736, -1.6324005126953125, -1.1722458600997925, 1.1150180101394653, 0.07934600859880447, -0.41014689207077026, 0.5250736474990845, 0.02418099157512188, -0.03238843381404877, 0.9928475022315979, -0.11233866959810257, -0.090019591152668, 0.07125143706798553, 0.28922727704048157, 1.4591213464736938, 0.17003828287124634, -1.221547245979309, 0.10868775099515915, -0.384556382894516, 0.5337840914726257, -0.10447023063898087, 0.0561775304377079, 0.9176377058029175, -0.3793031573295593, -0.6237279176712036, 0.4276321530342102, 0.6462411880493164, -6.7469282150268555, -7.594812870025635, -1.5020995140075684, -0.04127667471766472, -0.38385269045829773, 0.49053338170051575, -0.3323670029640198, -0.6294934153556824, 0.7011544704437256, -0.04065001383423805, -0.10992395132780075, 0.04886231943964958, 0.19061502814292908, 0.8208799958229065, 0.3239038288593292, -4.440972805023193, -0.612930178642273, -0.4818350076675415, 0.32004696130752563, 0.003692879108712077, -0.005497405771166086, 0.002333570271730423, -0.921788215637207, -0.33922451734542847, 0.6280212998390198, 0.003835768438875675, -0.004203542601317167, 0.01132127083837986, 0.3552207946777344, -0.6440098285675049, 0.8970959186553955, 0.007482840679585934, -0.0005259921890683472, -0.011393308639526367, -0.24636605381965637, 0.19636014103889465, 0.31978532671928406, -0.000889093498699367, -0.00018551922403275967, 0.0014012440806254745, -1.15839421749115, -1.5422840118408203, 0.06650242209434509, 0.010435264557600021, -0.013283830136060715, -0.007639700546860695, -1.0, 0.2961026430130005, -1.0, -1.0, -1.0, -1.0, -0.19387908279895782, -0.19206762313842773, 1.0, 0.4687531888484955, -1.0, -0.11781943589448929, -1.0, 1.0, -0.451545387506485, -0.3945901095867157, -0.217177152633667, -0.7520573139190674, 0.7902683019638062, 1.0]
[-0.8913551568984985, -0.11315808445215225, -0.6240854859352112, -0.8137268424034119, -0.6879156231880188, -0.7234761714935303, -0.5569579601287842, -0.5119271874427795, -0.42639294266700745, -0.4774181544780731, 0.7056020498275757, 0.14329002797603607, -0.6887813210487366, -0.43809983134269714, -0.41865724325180054, -1.000000238418579, 0.04097885638475418, -0.2269047498703003, -0.3396265208721161, -0.642453134059906, -0.42439258098602295, -0.4891146719455719, 0.7230573892593384, 0.4298836290836334, 0.15849296748638153, -0.18610312044620514, 0.23892231285572052, -0.30819496512413025, 1.5338343381881714, 0.2930862009525299, 0.11909326165914536, -0.15386620163917542, -0.7639017701148987, -0.2049143761396408, -0.013852976262569427, -0.24517984688282013, -0.4316353499889374, -0.5001927018165588, 1.0578694343566895, -3.118384483968839e-06, 0.22528962790966034, 1.5375603437423706, 0.45074644684791565, -0.20870356261730194, 1.419014811515808, 0.4368901252746582, -1.4719417095184326, -0.7739133238792419, 3.6203293800354004, -5.493919372558594, 0.26258939504623413, -0.3486122488975525, 0.04862729087471962, 0.052440300583839417, 0.23396088182926178, -0.510425329208374, -0.20555414259433746, -0.07085797190666199, 0.03906504809856415, -0.42432382702827454, -0.15796923637390137, -0.04585892707109451, 0.005665328353643417, 0.1364528387784958, -0.4419049918651581, -0.04933825880289078, 0.02200409583747387, -0.08796665072441101, 0.23937395215034485, 0.21072661876678467, -0.039575040340423584, -0.06482395529747009, 0.058243244886398315, -0.43958792090415955, 0.4913073778152466, -0.28682512044906616, -0.17683491110801697, -0.9382119178771973, -0.07886151224374771, 0.24845121800899506, -0.08261178433895111, -0.5446658134460449, -0.7441078424453735, -2.69014048576355, -1.8402483463287354, 0.0, -0.38999998569488525, 0.47999998927116394, -0.7167528867721558, 0.09691893309354782, -0.6830288171768188, 0.10170422494411469, -0.2974093556404114, -0.48689794540405273, 0.0052609434351325035, 0.8212493062019348, 0.06933000683784485, -0.43962422013282776, 0.4783541262149811, 0.16112850606441498, -0.5106545090675354, 0.7943679094314575, -0.2867911458015442, -0.28412890434265137, -0.06336530297994614, 0.018976368010044098, -5.1543755531311035, -4.180611610412598, -2.2511990070343018, 0.08557509630918503, -0.4302942454814911, 0.4981051981449127, 0.06260691583156586, -0.23727674782276154, 0.9179348945617676, -0.31173011660575867, -0.06268630921840668, -0.23343797028064728, -0.31565871834754944, 5.243990898132324, 3.9131786823272705, -1.1958483457565308, 0.07800278812646866, -0.41178807616233826, 0.5244909524917603, 0.02875986509025097, -0.0740245133638382, 0.9914114475250244, -0.10390650480985641, -0.06323988735675812, -0.2965080738067627, -0.23035207390785217, 6.585229396820068, 1.6508538722991943, -0.9622921943664551, 0.09894958138465881, -0.3817504048347473, 0.5411096811294556, -0.16112393140792847, 0.14552460610866547, 0.9079872965812683, -0.358358234167099, -0.7907314896583557, 0.1919465810060501, 0.1644844263792038, -7.630385875701904, -12.517498970031738, -3.5043327808380127, -0.04363299906253815, -0.38332611322402954, 0.497254878282547, -0.30230286717414856, -0.5873274803161621, 0.749090313911438, -0.05022880807518959, -0.14003804326057434, 0.048396144062280655, 0.7089407444000244, -11.802496910095215, 5.621332168579102, 3.8572616577148438, 1.4697563648223877, -0.2421092689037323, -0.8374295234680176, 0.048808660358190536, 0.011632260866463184, -0.0033617473673075438, 1.4319682121276855, 2.250413656234741, -2.443061351776123, -0.03710176423192024, 0.00646983552724123, -0.011363696306943893, 0.33173298835754395, 1.646965503692627, -2.047027111053467, -0.021154440939426422, -0.0023802174255251884, -0.0007998145301826298, 1.5673619508743286, 0.07604189962148666, -1.7315654754638672, 0.02314472198486328, 0.008532192558050156, -0.008576421067118645, -0.9356104731559753, -2.6304757595062256, 0.4583701491355896, 0.027523713186383247, -0.04985420033335686, 0.0005006880965083838, -0.2717841863632202, -0.6105711460113525, -0.06296773999929428, -1.0, 0.6460586190223694, -1.0, -0.4580402374267578, -1.0, 1.0, -0.7101922631263733, -1.0, 1.0, -1.0, -0.12311427295207977, 0.9992046356201172, -0.7990502119064331, 1.0, 1.0, -1.0, -0.3441980183124542]
[-0.8527832627296448, -0.1718662530183792, -0.6547740697860718, -0.786928653717041, -0.5818921327590942, -0.6871951818466187, -0.5327862501144409, -0.49968278408050537, -0.44315105676651, -0.49283966422080994, 0.7052128314971924, 0.15102283656597137, -0.7230445742607117, -0.4843340218067169, -0.21329478919506073, -1.0000056028366089, -0.02314496599137783, -0.14849327504634857, -0.24885770678520203, -0.6785280108451843, -0.28846272826194763, -0.2713344991207123, 0.611226499080658, 0.33047857880592346, 0.1620071828365326, -0.5329563021659851, -0.12187514454126358, 0.6775507926940918, 0.7661897540092468, 0.3087398111820221, 0.006609752774238586, 0.2627353370189667, 0.1688704490661621, -0.04243103787302971, 0.07985299080610275, 0.13281852006912231, -0.2992008626461029, -0.3895559310913086, 0.8293569684028625, 1.548828549857717e-05, -1.0557360649108887, 0.2807391583919525, 0.8895999789237976, -0.5720204710960388, 0.7252768874168396, 0.5751556158065796, -0.27061498165130615, -0.9876376390457153, 0.7297141551971436, -2.9912807941436768, 0.020838668569922447, 0.11689358204603195, 0.016417600214481354, 0.0025051364209502935, -0.0326073057949543, -0.10356909036636353, 0.04364682734012604, 0.032855819910764694, 0.09578035771846771, -0.09210709482431412, -0.017574599012732506, 0.001638513058423996, -0.45204684138298035, 0.024095550179481506, -0.5597705245018005, -0.2921205461025238, -0.10537602007389069, -0.05830736458301544, -0.4158201217651367, -0.20971573889255524, 0.18969325721263885, 0.06565875560045242, 0.05595258250832558, -0.4409463703632355, 0.48861703276634216, -0.29773038625717163, -0.11004332453012466, -0.9482831358909607, -0.0024569560773670673, -0.14035117626190186, -0.08254199475049973, -0.12703141570091248, 2.461841344833374, 0.4747792184352875, 1.7299089431762695, 0.0, -0.38999998569488525, 0.47999998927116394, -0.7167528867721558, 0.09691893309354782, -0.6830288171768188, 0.10170422494411469, -0.19911082088947296, -0.4872799515724182, 0.009607049636542797, 0.850188672542572, 0.06696498394012451, -0.439193457365036, 0.4762445092201233, 0.14205899834632874, -0.47216174006462097, 0.8183075189590454, -0.29538998007774353, -0.21158044040203094, 0.06001822650432587, -0.021233893930912018, -4.4270477294921875, -4.369891166687012, -0.6085436344146729, 0.0831078588962555, -0.43176254630088806, 0.49285489320755005, 0.06533714383840561, -0.26170802116394043, 0.9147478342056274, -0.30079302191734314, -0.175079807639122, -0.05824541300535202, -0.3328922688961029, 0.8379781246185303, 0.0006295591592788696, -0.9067190885543823, 0.07663407921791077, -0.41396862268447876, 0.5194833874702454, 0.03694293648004532, -0.11880089342594147, 0.9874955415725708, -0.09681928157806396, -0.08662000298500061, -0.2109575718641281, -0.3871159553527832, 5.095298767089844, 1.7718528509140015, -1.341357946395874, 0.09395086765289307, -0.38508340716362, 0.5399823188781738, -0.20516405999660492, 0.18787945806980133, 0.9010524153709412, -0.33273646235466003, -0.14444613456726074, -0.3583451509475708, -0.28425320982933044, 1.2863647937774658, -3.2206506729125977, -1.7785621881484985, -0.04716956615447998, -0.38123562932014465, 0.5012102127075195, -0.26121288537979126, -0.5409976243972778, 0.7971474528312683, -0.06037553772330284, -0.20288404822349548, 0.18762493133544922, 0.1830967664718628, -5.867514610290527, 3.566854238510132, 0.5558466911315918, 0.1529373973608017, -0.20254889130592346, -0.06184031814336777, -0.0005330968415364623, 0.0011099972762167454, 0.0011808191193267703, -0.1265152394771576, -0.5572707653045654, -0.4745085835456848, 0.02449675463140011, -0.0003104003262706101, 0.004936138167977333, 0.5082728862762451, 0.08092203736305237, -0.6838952302932739, 0.002852343488484621, -0.00121006288100034, -0.013168059289455414, 0.050347279757261276, 2.5575945377349854, -3.2485830783843994, -0.06701209396123886, -0.003961432259529829, -0.0007313573732972145, 2.4476912021636963, 2.7217042446136475, -0.6358052492141724, -0.017671411857008934, 0.026495717465877533, 0.00309523893520236, -0.5387834906578064, -0.779055655002594, -1.0, -0.022327087819576263, -0.21803602576255798, -0.9737858176231384, -0.08957257121801376, -0.17458362877368927, 1.0, -0.1130707785487175, -0.9025252461433411, 0.393879234790802, -1.0, -0.9854380488395691, -0.25172659754753113, -1.0, 0.04133322834968567, 1.0, 0.7192351818084717, -0.2878885269165039]
[-0.8181979656219482, -0.22887976467609406, -0.6530885696411133, -0.7718440890312195, -0.428582102060318, -0.622947096824646, -0.5292048454284668, -0.47634100914001465, -0.42287176847457886, -0.4904053211212158, 0.7239583134651184, 0.1571504771709442, -0.7608597278594971, -0.5240451097488403, -0.04893214628100395, -0.9983618855476379, -0.12761692702770233, -0.14010460674762726, -0.19322004914283752, -0.7261366248130798, -0.22378364205360413, -0.054578568786382675, 0.5931126475334167, 0.23053771257400513, 0.11188381910324097, -0.32216399908065796, 0.015303078107535839, 0.04941759631037712, 1.7514889240264893, 1.1614363193511963, 0.016730381175875664, 0.049914028495550156, 0.20315463840961456, 0.055680956691503525, -0.018458623439073563, 0.04470110684633255, -0.37822937965393066, -0.39045095443725586, 0.7237905859947205, 0.008737048134207726, -0.9152895212173462, -0.030641883611679077, 0.20464587211608887, -0.5951038002967834, 0.3226912021636963, 0.5063526034355164, -0.026928136125206947, -0.8874366879463196, -1.1100349426269531, 2.2333195209503174, -0.04815329238772392, 0.11594247072935104, 0.08848544955253601, 0.082640640437603, -0.04426315426826477, -0.014679302461445332, -0.019444681704044342, -0.0073881191201508045, -0.08904093503952026, 0.09642882645130157, 0.029412992298603058, 0.00640504527837038, 0.06550180912017822, -0.04652673006057739, 0.09113926440477371, 0.005455545149743557, -0.02641107514500618, 0.014670683071017265, -0.11348027735948563, -0.08058596402406693, -0.0027288380078971386, 0.006808592937886715, 0.05311815068125725, -0.44258400797843933, 0.48596325516700745, -0.3051220774650574, -0.030353032052516937, -0.9457035660743713, 0.10781378298997879, -0.1765349805355072, -0.10068970918655396, -0.11224302649497986, 2.6331381797790527, 0.4707976281642914, 1.959671974182129, 0.0, -0.38999998569488525, 0.47999998927116394, -0.7167528867721558, 0.09691893309354782, -0.6830288171768188, 0.10170422494411469, -0.06614497303962708, -0.48296481370925903, 0.02878555655479431, 0.8726632595062256, 0.06392145901918411, -0.4387301504611969, 0.47448551654815674, 0.1137303039431572, -0.4114638864994049, 0.8527188301086426, -0.30105406045913696, -0.2656238079071045, 0.1261965036392212, 0.12291669845581055, -10.276778221130371, -8.317428588867188, -1.4197719097137451, 0.08071896433830261, -0.4322265088558197, 0.48893675208091736, 0.06048573926091194, -0.2616792917251587, 0.91683030128479, -0.2954447865486145, -0.12378910928964615, -0.0349249392747879, -0.2213403731584549, 0.1898009032011032, -0.19079889357089996, -0.7106704711914062, 0.07509684562683105, -0.4160122871398926, 0.5144633650779724, 0.04462823271751404, -0.16228187084197998, 0.981915295124054, -0.08669069409370422, -0.05203070119023323, -0.17319895327091217, -0.2752436101436615, 5.02208948135376, 1.320656180381775, -0.6853258609771729, 0.09241659939289093, -0.3901940882205963, 0.5366860032081604, -0.22268393635749817, 0.17513160407543182, 0.9043295383453369, -0.31926295161247253, -0.08711647987365723, -0.3097732365131378, -0.15268474817276, 3.385658025741577, -0.35916948318481445, -0.2766346037387848, -0.050471220165491104, -0.37889033555984497, 0.5015760660171509, -0.24081040918827057, -0.5096305012702942, 0.8235421180725098, -0.06376002728939056, -0.16016341745853424, 0.1573387086391449, 0.05704447254538536, -4.240299224853516, 1.748276948928833, 0.3513551354408264, -0.28329309821128845, -1.6519758701324463, 0.5635502934455872, 0.05786099284887314, -0.0019625327549874783, 0.00017471390310674906, -0.2921428978443146, 0.24661141633987427, 0.20555531978607178, -0.003688947996124625, -0.0015360896941274405, 0.0010732955997809768, -0.49913668632507324, -0.29547834396362305, 0.5487586259841919, 0.0019728702027350664, 0.000155147397890687, 0.010863849893212318, -0.5255818367004395, 0.39389026165008545, 0.4427630305290222, -0.020502721890807152, -0.001866922015324235, 0.0034663043916225433, 0.0009376527741551399, 0.9818202257156372, -0.022145066410303116, -0.008048199117183685, 0.006793593522161245, 0.005911762826144695, -0.7565076351165771, -0.3410886526107788, -1.0, -0.7224248647689819, 0.7959835529327393, -0.9900144934654236, -0.08596745878458023, -0.2967570126056671, 0.8046079277992249, -0.43757399916648865, -1.0, 0.8078476190567017, -1.0, -0.6486576199531555, -0.2126106321811676, -1.0, -0.08961652219295502, 1.0, 0.6344690322875977, -0.2833893597126007]
[-0.7759425044059753, -0.26013338565826416, -0.6522209644317627, -0.7803751230239868, -0.2328549027442932, -0.4362891912460327, -0.5257941484451294, -0.477416455745697, -0.3846471309661865, -0.48109912872314453, 0.7131011486053467, 0.15963777899742126, -0.7920601963996887, -0.5626938343048096, 0.08423122763633728, -0.9975682497024536, -0.20824694633483887, -0.12518759071826935, -0.1832755208015442, -0.7706952691078186, -0.18694528937339783, 0.1260966807603836, 0.5860159993171692, 0.1500665843486786, 0.1970076858997345, -0.14300476014614105, -0.009633009321987629, -0.07650309056043625, 1.858323335647583, 2.1288411617279053, 0.013295426964759827, -0.0021945424377918243, 0.4305371344089508, 0.12003463506698608, -0.025471767410635948, -0.06305652111768723, -0.23168419301509857, -0.3225076496601105, 0.5605778694152832, 0.0001262996665900573, -0.6509334444999695, 0.2281544953584671, 0.06938644498586655, -0.524446427822113, 0.23422931134700775, 0.41092345118522644, -0.05114426091313362, -0.6669787764549255, 1.9039262533187866, 2.1430346965789795, 0.04501652345061302, 0.17556679248809814, 0.05508887767791748, 0.041632696986198425, 0.06283963471651077, 0.1784527450799942, 0.07360905408859253, 0.026585519313812256, 0.054120928049087524, -0.05592741072177887, -0.023166360333561897, -0.0070328181609511375, 0.12128707766532898, 0.0037465770728886127, 0.1311708390712738, 0.05795042961835861, 0.018011584877967834, -0.004567262716591358, 0.06915336102247238, 0.013211149722337723, 0.0002342006773687899, 0.009486028924584389, 0.0473746694624424, -0.441642701625824, 0.48725754022598267, -0.31938305497169495, 0.07691727578639984, -0.9102461338043213, 0.2520517110824585, -0.42080754041671753, 0.14768581092357635, 0.21340413391590118, 3.2881381511688232, 1.3761107921600342, 1.9316692352294922, 0.0, -0.38999998569488525, 0.47999998927116394, -0.7167528867721558, 0.09691893309354782, -0.6830288171768188, 0.10170422494411469, 0.11249281466007233, -0.4508794844150543, 0.05540630221366882, 0.8837325572967529, 0.060239870101213455, -0.43809226155281067, 0.4745462238788605, 0.0673757866024971, -0.2915613055229187, 0.90317302942276, -0.30778369307518005, -0.4111279249191284, 0.2097366452217102, 0.23207411170005798, -15.010407447814941, -11.364144325256348, -2.0663368701934814, 0.07803673297166824, -0.43294528126716614, 0.48652273416519165, 0.05447464808821678, -0.2541927099227905, 0.9212567210197449, -0.28931722044944763, -0.2219884991645813, -0.03482774272561073, -0.05606434494256973, -1.6164711713790894, -1.2377760410308838, -1.1766470670700073, 0.07332883030176163, -0.41772404313087463, 0.5114933848381042, 0.04858161509037018, -0.1971508413553238, 0.9758506417274475, -0.08054143190383911, -0.13842228055000305, -0.17408537864685059, -0.16117139160633087, 3.698431968688965, 0.8075941205024719, -1.0569243431091309, 0.09001857042312622, -0.3939606845378876, 0.535089373588562, -0.2341124713420868, 0.16157537698745728, 0.9075413942337036, -0.3089553117752075, -0.20351986587047577, -0.20520752668380737, -0.054053302854299545, 1.332086443901062, -1.2769858837127686, -0.9887728095054626, -0.05369172617793083, -0.37656888365745544, 0.5015560984611511, -0.2299126833677292, -0.48232606053352356, 0.8427535891532898, -0.06533030420541763, -0.20653489232063293, 0.17707481980323792, 0.06488892436027527, -3.7974143028259277, 1.1019065380096436, -0.5097965002059937, 0.24810609221458435, -1.007824420928955, 0.5565587878227234, 0.026515334844589233, -0.0002622762112878263, -0.0006008116179145873, 0.3813290596008301, -0.8820024728775024, 0.7846134901046753, 0.013355483300983906, 0.000331060029566288, -0.0022316069807857275, 0.48506855964660645, 0.3753055930137634, 0.27193599939346313, -0.0014032346662133932, 0.001984088681638241, -0.0026780427433550358, -0.0968421921133995, -0.3739440143108368, 0.8176959156990051, 0.012402424588799477, -0.0035388616379350424, 0.0011224154150113463, 0.25560441613197327, -0.25596967339515686, 0.15050660073757172, -0.0006898944266140461, 0.005396357737481594, 0.0017376742325723171, -0.24778375029563904, -0.2079019844532013, -1.0, -0.6583952307701111, 1.0, -0.9589568972587585, -0.19475337862968445, -0.08301191031932831, 0.6925235390663147, -0.3615807890892029, -1.0, 0.7735301852226257, -1.0, -0.530495822429657, 0.06293155997991562, -1.0, -0.017049463465809822, 1.0, 0.5384575128555298, -0.21095308661460876]
[-0.7006735801696777, -0.28194668889045715, -0.6536512970924377, -0.8097684383392334, -0.07247833907604218, -0.22567662596702576, -0.5125550627708435, -0.47409823536872864, -0.2906629145145416, -0.4359644651412964, 0.6205795407295227, 0.16832594573497772, -0.7890026569366455, -0.5726470351219177, 0.17915986478328705, -0.99976646900177, -0.2613314390182495, -0.05155251547694206, -0.15070664882659912, -0.8084934949874878, -0.1854570209980011, 0.2786515951156616, 0.592950701713562, 0.08267775177955627, 0.3514448404312134, -0.16091877222061157, -0.04058791324496269, -0.10764523595571518, 1.4908889532089233, 1.9074194431304932, 0.08390267193317413, 0.0812169760465622, 1.1012762784957886, 0.8202639818191528, -0.6297268271446228, -0.11602276563644409, 0.023761164397001266, -0.0037217054050415754, 0.37790268659591675, -0.012428410351276398, -0.3998355567455292, 0.9217426180839539, 0.6416294574737549, -0.43668362498283386, -0.11367452144622803, 0.35118451714515686, 0.09418093413114548, -0.5973925590515137, 3.5585694313049316, 0.055248938500881195, 0.06414833664894104, 0.1124165952205658, 0.01565222442150116, -0.011977390386164188, 0.1608697474002838, 0.046656835824251175, 0.06119469180703163, 0.05742940306663513, 0.013669603504240513, -0.13622532784938812, -0.05182505398988724, -0.009785284288227558, 0.008481118828058243, 0.06696230173110962, 0.0537705197930336, 0.06458587199449539, 0.053606078028678894, -0.026247508823871613, -0.06044914573431015, -0.05086870491504669, 0.0494331531226635, 0.020778654143214226, 0.03607349470257759, -0.43224701285362244, 0.4921540915966034, -0.38070058822631836, 0.18846102058887482, -0.8848317265510559, 0.19136960804462433, -0.7245706915855408, 0.6211777925491333, 0.31948739290237427, 1.5140436887741089, 2.6744120121002197, -2.6051149368286133, 0.0, -0.38999998569488525, 0.47999998927116394, -0.7167528867721558, 0.09691893309354782, -0.6830288171768188, 0.10170422494411469, 0.14141324162483215, -0.3735562562942505, -0.05746304988861084, 0.9149622917175293, 0.05494752898812294, -0.4380861520767212, 0.4736596941947937, 0.024110140278935432, -0.17477761209011078, 0.9365469813346863, -0.3029046654701233, -0.524045467376709, 0.17910000681877136, 0.06803034245967865, -12.66613483428955, -9.193746566772461, -2.5525999069213867, 0.07287563383579254, -0.4338647127151489, 0.4860651195049286, 0.0366092212498188, -0.20903711020946503, 0.9367485046386719, -0.2783259153366089, -0.4743100702762604, 0.03372511267662048, 0.06458642333745956, -7.695964336395264, -5.0269646644592285, -2.6415469646453857, 0.07079470902681351, -0.41909313201904297, 0.5099565982818604, 0.0473482683300972, -0.20360416173934937, 0.974219024181366, -0.08485770970582962, -0.1544683277606964, -0.1604304015636444, -0.15979497134685516, 1.5400936603546143, -0.3755355179309845, 1.2491117715835571, 0.08525827527046204, -0.39675217866897583, 0.5342326760292053, -0.2520191967487335, 0.1870841532945633, 0.9051377773284912, -0.2867252230644226, -0.40484413504600525, -0.07602120190858841, -0.10601021349430084, -3.800947427749634, -5.10572624206543, -4.112397193908691, -0.05755547434091568, -0.3742341995239258, 0.5005021691322327, -0.22734080255031586, -0.4634065628051758, 0.8541852235794067, -0.06275369971990585, -0.264353483915329, 0.15915289521217346, -0.07956599444150925, -1.7044788599014282, 0.28104034066200256, -0.9775466322898865, 0.39509889483451843, -0.07299762964248657, 0.15003831684589386, -0.013072354719042778, 0.0006749014719389379, 0.0014219102449715137, 0.9786207675933838, -1.1128307580947876, 0.1884627491235733, 0.04073694348335266, 0.002667301334440708, -0.007147523108869791, 0.3105350136756897, 0.6344830393791199, -0.19570694863796234, -0.00026803844957612455, 0.00016774222603999078, 0.005219669081270695, 0.40392935276031494, -0.958226203918457, 0.42826294898986816, 0.03923268988728523, -0.0038403586950153112, -0.0022022577468305826, 0.8542193174362183, 0.603077232837677, -0.0880664587020874, -0.007418006658554077, 0.007111148908734322, -0.0001308318751398474, 0.192569762468338, -0.4133246839046478, -1.0, -0.4155118465423584, 1.0, -0.27430522441864014, -0.3845995366573334, 0.47975438833236694, -0.44966763257980347, -0.42658719420433044, -1.0, 0.618536114692688, -1.0, -0.4358101487159729, 0.6186832785606384, -1.0, -0.3687058389186859, 1.0, 0.7278903722763062, -0.2606146037578583]
[-0.5683692097663879, -0.32740288972854614, -0.5891910791397095, -0.7858759760856628, 0.0900052934885025, -0.03071221336722374, -0.4445628225803375, -0.5286127924919128, -0.16420157253742218, -0.32507023215293884, 0.462593138217926, 0.1524345427751541, -0.7726361751556396, -0.5581764578819275, 0.21441741287708282, -0.9999995827674866, -0.30537936091423035, 0.08392736315727234, -0.03655187413096428, -0.8390406370162964, -0.256087064743042, 0.4121212661266327, 0.6308490037918091, 0.07764273136854172, 0.5971652269363403, -0.4164164066314697, 0.44081780314445496, 0.3904208242893219, 1.524288296699524, 1.7976945638656616, 0.3453863859176636, -0.7506385445594788, 1.1858896017074585, 1.2350053787231445, -0.6502062082290649, -0.21282818913459778, 0.1936102956533432, 0.20759554207324982, 0.03657793998718262, -1.0037233550974634e-05, -0.41396185755729675, 1.4238543510437012, 1.4337800741195679, -0.351473331451416, -0.730158805847168, 0.30538472533226013, 0.31380605697631836, 0.24200208485126495, 5.721792221069336, -2.75034761428833, 0.257617712020874, 0.07166522741317749, 0.04781884700059891, 0.015085626393556595, 0.2501567006111145, -0.2973242402076721, -0.0870298519730568, -0.006941184867173433, 0.1133759617805481, -0.3222849369049072, -0.12798291444778442, -0.04047350957989693, -0.21323151886463165, 0.15061166882514954, -0.14214114844799042, -0.01009642705321312, 0.02975301817059517, -0.05501560866832733, -0.19337749481201172, -0.11860468983650208, 0.10131710022687912, 0.055086951702833176, 0.023255281150341034, -0.4208444654941559, 0.49957600235939026, -0.45551204681396484, 0.3158721625804901, -0.8286578059196472, 0.07784360647201538, -0.8552361726760864, 0.736550509929657, 0.4647507667541504, 3.0683071613311768, 3.3267288208007812, -2.484342098236084, 0.0, -0.38999998569488525, 0.47999998927116394, -0.7167528867721558, 0.09691893309354782, -0.6830288171768188, 0.10170422494411469, 0.14490428566932678, -0.25823402404785156, -0.21336312592029572, 0.9310177564620972, 0.04470258951187134, -0.4387759268283844, 0.47311538457870483, -0.018345436081290245, -0.045622318983078, 0.9609415531158447, -0.2723478376865387, -0.8965418338775635, 0.15348681807518005, -0.03905363380908966, -14.017417907714844, -8.462108612060547, -6.216790199279785, 0.0638977661728859, -0.4365754723548889, 0.48089516162872314, 0.016441525891423225, -0.15474624931812286, 0.9560331106185913, -0.24856366217136383, -0.694938063621521, -0.13520552217960358, -0.431391179561615, -5.511288166046143, -2.8750362396240234, -5.026839256286621, 0.06627683341503143, -0.4223000407218933, 0.5055006742477417, 0.044412415474653244, -0.21240249276161194, 0.9718455076217651, -0.09180975705385208, -0.3578512966632843, -0.25607261061668396, -0.3543379604816437, 1.3581267595291138, -0.34376049041748047, 0.16521300375461578, 0.07855422794818878, -0.4002968966960907, 0.5305518507957458, -0.27273285388946533, 0.25632697343826294, 0.8951400518417358, -0.24215194582939148, -0.47267529368400574, -0.10178262740373611, -0.41039347648620605, -7.020145416259766, -6.521153450012207, -7.47709846496582, -0.06238449737429619, -0.37220069766044617, 0.4961363971233368, -0.254511296749115, -0.46790069341659546, 0.845101535320282, -0.045783743262290955, -0.3949275314807892, 0.1208273395895958, -0.4140609800815582, 3.471672773361206, -3.3307626247406006, -4.188202857971191, 1.461409330368042, -0.6631928086280823, -0.05131637677550316, 0.005137733183801174, 0.002314190147444606, -0.011152884922921658, 1.5660550594329834, 0.5226503014564514, -1.4905779361724854, 0.0008985690656118095, 0.003723902627825737, -0.011510396376252174, 0.9751080274581909, 1.6101994514465332, -1.0464998483657837, -0.016320519149303436, 0.001218468532897532, -0.004921546671539545, 0.9674596190452576, -0.5950698852539062, -0.8202386498451233, 0.020826969295740128, -0.006561312358826399, -0.00541149266064167, 1.9371585845947266, 1.4804350137710571, -0.39241865277290344, -0.01501196064054966, 0.0240924209356308, -0.002664731815457344, 0.9012386798858643, -0.846659243106842, -0.7258450984954834, 0.2056393027305603, 1.0, 1.0, -0.9435638785362244, 1.0, -0.8935646414756775, -0.6917651891708374, -1.0, 0.08266573399305344, -1.0, -0.5676117539405823, 1.0, -1.0, -1.0, 1.0, 1.0, 0.3733505308628082]
[-0.3836578130722046, -0.39444229006767273, -0.4632050693035126, -0.8043365478515625, 0.20848946273326874, 0.1313113421201706, -0.3142836391925812, -0.6116716265678406, -0.049574218690395355, -0.1752326488494873, 0.3079432547092438, 0.1095672994852066, -0.7489191293716431, -0.5337206125259399, 0.21154674887657166, -0.9592161774635315, -0.3274879455566406, 0.1986139863729477, 0.12331916391849518, -0.8447462916374207, -0.32411617040634155, 0.551763117313385, 0.6881768703460693, 0.09739793837070465, 0.7579881548881531, -0.5287232995033264, 0.3993985652923584, -0.37676531076431274, 0.8082777261734009, 1.1969451904296875, 0.7293636202812195, -0.6672341227531433, 1.1134313344955444, 1.4608949422836304, -0.6306248903274536, -0.7178696990013123, 0.11463481187820435, 0.21218924224376678, -0.030635548755526543, 0.2594733238220215, -0.09022735059261322, 0.8666410446166992, 1.3874658346176147, 0.013384400866925716, -0.4318103790283203, 0.3626120388507843, 0.4185400903224945, 0.1516573131084442, 4.395509243011475, -1.0189661979675293, 0.0656658336520195, -0.40809524059295654, -0.27971193194389343, -0.1415107399225235, 0.2688467800617218, 0.07290634512901306, 0.06887005269527435, 0.0315195769071579, 0.10551449656486511, -0.14587737619876862, -0.05558576434850693, -0.015216819941997528, 0.04628274589776993, 0.14516858756542206, 0.07208625972270966, -0.013302643783390522, -0.022812172770500183, -0.007434461731463671, 0.4723171889781952, 0.28654944896698, 0.06736160814762115, 0.022067876532673836, 0.012557745911180973, -0.4170013666152954, 0.49759435653686523, -0.43002787232398987, 0.4212305545806885, -0.7935720682144165, 0.08879242092370987, -0.4966278374195099, -0.15116223692893982, -0.288446307182312, 5.174487590789795, -3.5808544158935547, 0.02171567641198635, 0.0, -0.38999998569488525, 0.47999998927116394, -0.7167528867721558, 0.09691893309354782, -0.6830288171768188, 0.10170422494411469, 0.23070695996284485, -0.24083833396434784, -0.2803022265434265, 0.9001120924949646, 0.030884236097335815, -0.4401795566082001, 0.4677122235298157, -0.035623181611299515, 0.03611112758517265, 0.9740407466888428, -0.22061610221862793, -0.8385655283927917, 0.02875106781721115, -0.4855573773384094, -5.210513591766357, -1.7280818223953247, -6.081768035888672, 0.050816141068935394, -0.4401305317878723, 0.472066193819046, 0.0028334783855825663, -0.10535632073879242, 0.9743642807006836, -0.19876156747341156, -0.9632394313812256, -0.10446655750274658, -0.5088841915130615, -6.562499523162842, -1.9223421812057495, -7.609516620635986, 0.058901384472846985, -0.42702987790107727, 0.49806007742881775, 0.03987957164645195, -0.23126906156539917, 0.9679089784622192, -0.08986865729093552, -0.49974316358566284, -0.4131734371185303, -0.6247894763946533, 4.751804351806641, 0.1602954864501953, -0.8875095844268799, 0.06949956715106964, -0.405122846364975, 0.5246498584747314, -0.28065985441207886, 0.3335570991039276, 0.8819119334220886, -0.17944608628749847, -0.5837316513061523, -0.17538338899612427, -0.46353405714035034, -5.406466484069824, -4.325393199920654, -9.02660083770752, -0.06871792674064636, -0.368752658367157, 0.491689532995224, -0.2858877182006836, -0.4794556200504303, 0.829663097858429, -0.007038268726319075, -0.49965566396713257, 0.28616514801979065, -0.31503891944885254, 3.6257882118225098, -0.8915534019470215, -5.871469974517822, 0.4223693907260895, 2.2478013038635254, -3.1419503688812256, -0.10779370367527008, 0.003087473101913929, 0.0029124985449016094, 1.5887093544006348, -0.8469096422195435, 0.32322317361831665, 0.018815934658050537, 0.0007098033674992621, -0.017163841053843498, 0.8547382354736328, 0.691062331199646, -0.4354042410850525, -0.004850884899497032, 0.0018446509493514895, -0.004919321276247501, 0.903173565864563, 0.3605846166610718, 0.11469809710979462, -0.017403405159711838, -0.006475633941590786, -0.007405679672956467, 1.0974324941635132, -3.772752285003662, -0.04408659785985947, 0.02552855759859085, 0.004508943296968937, -0.016701169312000275, 1.0, -0.9304741621017456, -0.09038891643285751, -0.5268265008926392, 1.0, 1.0, -0.9655758142471313, 0.6596369743347168, -0.6942639946937561, -1.0, -1.0, 0.16285453736782074, -0.46827489137649536, -0.3289007544517517, 0.6016511917114258, -0.743820309638977, -1.0, 1.0, 1.0, 0.1752619445323944]
[-0.18721549212932587, -0.4810161590576172, -0.35022276639938354, -0.7942166328430176, 0.2841097414493561, 0.2419867366552353, -0.17036569118499756, -0.6681107878684998, 0.012945173308253288, -0.047696083784103394, 0.22676469385623932, 0.07407176494598389, -0.7654216289520264, -0.5329346060752869, 0.27670517563819885, -0.9341873526573181, -0.3768382966518402, 0.25401604175567627, 0.23268264532089233, -0.8366175293922424, -0.273601233959198, 0.640647828578949, 0.7460013628005981, 0.07826845347881317, 0.7268936038017273, -0.6476783156394958, 0.491281658411026, 0.3558821380138397, 0.6800025701522827, 0.910362720489502, 0.5526682734489441, -0.42641112208366394, 0.2915275990962982, 0.8332053422927856, -0.17373119294643402, -0.12230630964040756, -0.2906722128391266, -0.17658542096614838, 0.4694909155368805, 0.02234918437898159, -0.6490214467048645, 0.3206397294998169, 0.6820948719978333, 0.14855019748210907, 0.805167019367218, 0.15964306890964508, 0.32245439291000366, -0.3473920524120331, -0.8774013519287109, -0.6271344423294067, -0.04388834536075592, 0.11368490010499954, 0.038907263427972794, 0.00015895151591394097, -0.011914057657122612, 0.01586059480905533, -0.04499058425426483, -0.05008428543806076, 0.042531006038188934, 0.1336272954940796, 0.03352581709623337, -0.0034786295145750046, 0.1461634486913681, -0.0258211400359869, -0.03231583535671234, -0.05674194544553757, -0.0512276291847229, 0.012615526095032692, 0.40615326166152954, 0.1992528736591339, -0.03400244563817978, -0.02414265275001526, 0.0017865095287561417, -0.41598421335220337, 0.4929162263870239, -0.2963789105415344, 0.5224005579948425, -0.7757821679115295, 0.19343993067741394, -0.7015053629875183, 0.14354249835014343, -0.2698705196380615, 2.9175665378570557, -2.969067335128784, -0.5489629507064819, 0.0, -0.38999998569488525, 0.47999998927116394, -0.7167528867721558, 0.09691893309354782, -0.6830288171768188, 0.10170422494411469, 0.39013227820396423, -0.31922635436058044, -0.2924826443195343, 0.812616229057312, 0.01666186936199665, -0.4402332901954651, 0.4614371657371521, -0.03888756409287453, 0.08832238614559174, 0.9808034896850586, -0.16944406926631927, -0.8594868183135986, 0.1548519730567932, -0.3366662263870239, -6.222483158111572, -1.6367673873901367, -6.358701229095459, 0.03640589863061905, -0.44238460063934326, 0.46205076575279236, 3.4336899261688814e-05, -0.07860706001520157, 0.9864336848258972, -0.14411650598049164, -0.8439987301826477, -0.07993365824222565, -0.6168042421340942, -0.49795612692832947, 0.9212567210197449, -6.258932113647461, 0.049561310559511185, -0.4315708577632904, 0.48854508996009827, 0.036679621785879135, -0.27661004662513733, 0.9575305581092834, -0.07264016568660736, -0.6096777319908142, -0.29423636198043823, -0.5982354283332825, 6.1305317878723145, 0.9008736610412598, -2.9244167804718018, 0.05942939966917038, -0.41101089119911194, 0.5178789496421814, -0.2808639705181122, 0.3656826913356781, 0.8784821033477783, -0.12514254450798035, -0.5702577829360962, -0.322622150182724, -0.4243975877761841, 0.82515549659729, -1.891422986984253, -5.210604667663574, -0.07640816271305084, -0.36240100860595703, 0.4907735288143158, -0.29302704334259033, -0.47589537501335144, 0.8278839588165283, 0.04761131480336189, -0.5223438739776611, 0.4994838237762451, 0.09320737421512604, 0.5404912233352661, 4.188299179077148, -5.991217613220215, -0.3147372305393219, 0.022360943257808685, 0.5750278830528259, 0.0004943655803799629, 0.0014557408867403865, 0.003099842229858041, -0.11764095723628998, 0.7924520969390869, -0.1914871633052826, -0.03819750249385834, -0.00046906655188649893, -0.0008586682379245758, 0.18198998272418976, -0.3419496417045593, 0.11387823522090912, -0.008607873693108559, 0.0007013958529569209, -0.008331202901899815, 0.0846778005361557, 0.8448166251182556, -0.38602545857429504, -0.03855537995696068, 0.007505133748054504, -0.0009375839144922793, -0.6537737846374512, -2.713160276412964, 0.27724987268447876, 0.017450304701924324, -0.013682282529771328, -0.00972905196249485, 0.9052004218101501, -1.0, 0.03160665184259415, -0.24676761031150818, 0.710846483707428, 0.9249939322471619, -1.0, 0.03149566426873207, 0.186768040060997, 0.11342445760965347, -1.0, 1.0, -1.0, -0.8755978345870972, 0.33630135655403137, -0.7424576282501221, 0.7050371766090393, 1.0, 1.0, -0.21846625208854675]
[-0.007167955860495567, -0.5705212354660034, -0.25337058305740356, -0.7322927117347717, 0.3724096119403839, 0.33262497186660767, -0.051789816468954086, -0.6973317861557007, 0.04042856767773628, 0.0017728873062878847, 0.15399335324764252, 0.05018908530473709, -0.799705445766449, -0.566535234451294, 0.3815423846244812, -0.9357519149780273, -0.4435196816921234, 0.33247122168540955, 0.2941608130931854, -0.8350809216499329, -0.18811064958572388, 0.7046322822570801, 0.7916406393051147, 0.023646311834454536, 0.6373869776725769, -0.6129817366600037, 0.36645448207855225, 0.706899106502533, 0.9244963526725769, 0.9086362719535828, 0.4342837333679199, -0.16917286813259125, 0.23548820614814758, 0.25529515743255615, -0.3653252124786377, -0.2765052616596222, -0.33175012469291687, -0.3956696689128876, 0.49498844146728516, -0.020620781928300858, -0.5910167098045349, 0.9409441947937012, 0.6933133006095886, -0.048624854534864426, 0.5084446668624878, 0.15290822088718414, 0.25852715969085693, -0.5860135555267334, -2.2540183067321777, 0.8211684226989746, -0.09466424584388733, 0.11113783717155457, 0.04623092710971832, 0.01902874745428562, -0.10408665984869003, 0.09483163058757782, 0.027100397273898125, -0.007492910139262676, -0.09178585559129715, 0.008163445629179478, -0.0013919700868427753, -0.006884151138365269, -0.03121555782854557, -0.06829722225666046, 0.02340683341026306, 0.047903284430503845, 0.03132211044430733, -0.02450104057788849, -0.1732303947210312, -0.09039835631847382, -0.025184951722621918, -0.015544407069683075, -0.011312734335660934, -0.4102262258529663, 0.48862358927726746, -0.14321720600128174, 0.5783789753913879, -0.746987521648407, 0.29491716623306274, -0.7888126969337463, 0.42329373955726624, -0.22892044484615326, 3.3794400691986084, -4.6834282875061035, 0.07807892560958862, 0.0, -0.38999998569488525, 0.47999998927116394, -0.7167528867721558, 0.09691893309354782, -0.6830288171768188, 0.10170422494411469, 0.5194692015647888, -0.40734344720840454, -0.2752091884613037, 0.6989156007766724, 0.003599755000323057, -0.4382268488407135, 0.45767319202423096, -0.03909185156226158, 0.15690845251083374, 0.9791078567504883, -0.1232854574918747, -0.7336202263832092, 0.31872767210006714, -0.2028477042913437, -9.395485877990723, -1.938433289527893, -5.323516368865967, 0.02321687899529934, -0.44277679920196533, 0.4527406394481659, 0.004435538314282894, -0.0858389139175415, 0.9916277527809143, -0.09636619687080383, -0.734318196773529, 0.011307504028081894, -0.5068379044532776, 1.2682236433029175, 1.178662657737732, -5.155541896820068, 0.04065421596169472, -0.434614896774292, 0.4788975715637207, 0.032494377344846725, -0.3370690643787384, 0.9392284750938416, -0.05637708306312561, -0.5027272701263428, -0.24378475546836853, -0.6582571268081665, 8.137303352355957, 0.4081808626651764, -1.6565107107162476, 0.04927029088139534, -0.4153463840484619, 0.5113025307655334, -0.2830730676651001, 0.3865983486175537, 0.8743546009063721, -0.07691112905740738, -0.575458288192749, -0.11147012561559677, -0.42139625549316406, -2.4009556770324707, -3.44840669631958, -6.207486152648926, -0.08320513367652893, -0.355385422706604, 0.4909755289554596, -0.2840937376022339, -0.4675319492816925, 0.8316735625267029, 0.09499229490756989, -0.3744286298751831, 0.42585933208465576, 0.0055723972618579865, 0.7940853834152222, 3.401202440261841, -3.526881456375122, -0.6513047218322754, -0.06557067483663559, 0.6900622844696045, 0.01804518885910511, 0.002738795941695571, 0.005598063580691814, -0.6467750668525696, 0.07896681129932404, 0.5423838496208191, -0.00630840752273798, 1.0088729140989017e-05, 0.004764572251588106, -0.6746954321861267, 0.08066244423389435, 0.07686071842908859, -0.005674214102327824, -0.0021908842027187347, 0.005337691865861416, -0.5024177432060242, -0.5000895857810974, 0.3665517270565033, 0.02382076531648636, 0.002841576701030135, 0.0027198144234716892, -0.6232589483261108, 1.1561594009399414, -0.04539026319980621, -0.006152086891233921, -0.00557226175442338, 0.007448527961969376, 0.7170940637588501, -1.0, -0.19962307810783386, -0.015780799090862274, 1.0, 0.9237030148506165, -0.8682634234428406, 0.17469733953475952, -0.4397556185722351, -0.14261791110038757, -1.0, 1.0, -1.0, -0.7727785110473633, 1.0, -0.8809981346130371, 0.10796676576137543, 1.0, 1.0, -0.370932012796402]
[0.11987626552581787, -0.6501546502113342, -0.18847300112247467, -0.6515240669250488, 0.4573712944984436, 0.43530216813087463, 0.04382200911641121, -0.7276480197906494, 0.048751819878816605, 0.017920851707458496, 0.10552237927913666, 0.028018584474921227, -0.8339475393295288, -0.6097829341888428, 0.4871129095554352, -0.9387927651405334, -0.5134222507476807, 0.4359172582626343, 0.3935277760028839, -0.8100942969322205, -0.13438506424427032, 0.7614821791648865, 0.8320799469947815, -0.06671956926584244, 0.35081586241722107, -0.5230032801628113, 0.17785947024822235, 0.8025981783866882, 0.7106160521507263, 0.949876606464386, 0.385146826505661, -0.36113452911376953, -0.007059700787067413, 0.06675579398870468, -0.11144264042377472, -0.16454321146011353, -0.30617043375968933, -0.3958127498626709, 0.48024240136146545, -0.009622322395443916, -0.6711311340332031, 0.9634972810745239, 1.0996378660202026, 0.5025879740715027, 0.31858107447624207, 0.13092605769634247, 0.23649899661540985, -0.9649801254272461, -7.005276679992676, 1.4225417375564575, -0.24432925879955292, 0.08589249849319458, -0.011934279464185238, -0.012272973544895649, -0.23559196293354034, 0.007010649889707565, -0.027315180748701096, -0.019415365532040596, -0.15026085078716278, 0.12208659201860428, 0.049690455198287964, 0.017942752689123154, -0.19628608226776123, -0.17170172929763794, -0.05771792680025101, -0.010902712121605873, 0.010878448374569416, 0.1959639936685562, -0.15761566162109375, -0.08038337528705597, -0.16028554737567902, -0.0631423145532608, -0.023476552218198776, -0.40321576595306396, 0.48422855138778687, 0.08405910432338715, 0.5846923589706421, -0.6536402106285095, 0.4730996787548065, -0.7116634249687195, 0.41443511843681335, -0.2837740480899811, 3.6829094886779785, -6.7624406814575195, 0.8186211585998535, 0.0, -0.38999998569488525, 0.47999998927116394, -0.7167528867721558, 0.09691893309354782, -0.6830288171768188, 0.10170422494411469, 0.6836563348770142, -0.5122998356819153, -0.17056407034397125, 0.4909895062446594, -0.005533993244171143, -0.4350743293762207, 0.45564597845077515, -0.03833819925785065, 0.23781733214855194, 0.9663057923316956, -0.09069833904504776, -0.39417335391044617, 0.33836740255355835, -0.152414008975029, -9.559561729431152, -1.5307188034057617, -2.899869918823242, 0.013604670763015747, -0.4418478310108185, 0.4441065788269043, 0.0104536022990942, -0.11124076694250107, 0.9918751120567322, -0.06082698330283165, -0.4400434195995331, 0.024020876735448837, -0.5267318487167358, 3.961346387863159, 1.4696738719940186, -3.453312873840332, 0.03418898209929466, -0.43609100580215454, 0.47012561559677124, 0.02864140458405018, -0.39600107073783875, 0.9167283177375793, -0.04440753906965256, -0.30557867884635925, -0.11016741394996643, -0.5558241605758667, 6.93567419052124, 0.515508234500885, -1.3377273082733154, 0.041401732712984085, -0.41746610403060913, 0.5053885579109192, -0.28698280453681946, 0.4282854199409485, 0.8563655614852905, -0.02916395477950573, -0.32725289463996887, 0.0023352759890258312, -0.40963613986968994, -4.366793155670166, -3.6267919540405273, -5.88529109954834, -0.08717870712280273, -0.350831538438797, 0.49123862385749817, -0.2501630187034607, -0.4754383862018585, 0.8343493342399597, 0.12344187498092651, -0.0941561833024025, 0.15298432111740112, 0.053175996989011765, 2.7346351146698, 5.634153366088867, 1.1898739337921143, -1.6439985036849976, 0.661676287651062, 0.18709076941013336, -0.002347828820347786, 0.008358299732208252, 0.012057989835739136, -1.5423012971878052, 0.4645230174064636, 0.03601989150047302, -0.012447519227862358, -0.0015120168682187796, 0.008078696206212044, -1.29693603515625, -0.6749266982078552, 0.33436065912246704, 0.007818852551281452, -0.00397157296538353, 0.0009765959111973643, -1.301072120666504, -0.32732245326042175, -0.3594912886619568, 0.005968611221760511, 0.006047519389539957, 0.005807659588754177, -2.6873245239257812, 1.0733085870742798, 0.5423398017883301, -0.008718744851648808, -0.020145120099186897, -0.000511178164742887, -0.02842807210981846, -1.0, -0.15587982535362244, -0.11930563300848007, 0.8294707536697388, 0.5093851685523987, -0.9972367882728577, -0.00037146732211112976, 0.010575339198112488, -0.031818173825740814, -1.0, 1.0, -1.0, -0.9355472922325134, 1.0, -0.48726072907447815, 0.03950977325439453, 1.0, 1.0, -0.7192471027374268]
[0.17717689275741577, -0.7163851857185364, -0.18253004550933838, -0.5902748703956604, 0.454556405544281, 0.5005266070365906, 0.10721440613269806, -0.7671012282371521, 0.03758097440004349, 0.018684975802898407, 0.11559347063302994, 0.020094694569706917, -0.864020049571991, -0.6482634544372559, 0.5809423327445984, -0.9408459663391113, -0.576083242893219, 0.5316988825798035, 0.5127458572387695, -0.7177186012268066, -0.07424231618642807, 0.8045110106468201, 0.8686476349830627, -0.18429034948349, 0.11081977188587189, -0.43048959970474243, -0.011805548332631588, 0.3973534405231476, -0.4185033440589905, 0.1915789544582367, 0.14595051109790802, -0.33753710985183716, -0.15448030829429626, -0.029758045449852943, 0.1212417259812355, -0.021246617659926414, -0.2604462504386902, -0.33087897300720215, 0.40663906931877136, -0.010123327374458313, -0.5282190442085266, 0.8426403403282166, 1.0899254083633423, 1.4849252700805664, 0.4955274164676666, 0.09507419168949127, 0.2066059559583664, -1.150949239730835, -5.659579753875732, 1.3125509023666382, -0.1623755544424057, -0.05725759640336037, -0.11236298084259033, -0.07925014942884445, -0.2653835415840149, 0.097484290599823, 0.01644260250031948, -0.0011581351282075047, -0.12563401460647583, 0.12014530599117279, 0.05103607475757599, 0.020004315301775932, -0.18472163379192352, -0.14645713567733765, -0.01883167400956154, -0.0054151699878275394, -0.004433448426425457, 0.2541508972644806, 0.053757164627313614, 0.022385044023394585, -0.18977783620357513, -0.06431370228528976, -0.03533998131752014, -0.396307110786438, 0.47745347023010254, 0.29429078102111816, 0.5089136362075806, -0.5192593336105347, 0.6202979683876038, -0.7116634249687195, 0.41443511843681335, -0.447306752204895, 2.5662498474121094, -6.537878513336182, 0.6732236742973328, 0.0, -0.38999998569488525, 0.47999998927116394, -0.7167528867721558, 0.09691893309354782, -0.6830288171768188, 0.10170422494411469, 0.7718076109886169, -0.5815497040748596, -0.02241715043783188, 0.2561455965042114, -0.009189494885504246, -0.4331224262714386, 0.4528713822364807, -0.038722507655620575, 0.2660102844238281, 0.9599238038063049, -0.07928049564361572, -0.09644318372011185, 0.04956045374274254, -0.2077987790107727, 1.2930415868759155, 0.13000181317329407, -0.5315381288528442, 0.008737592026591301, -0.4402926564216614, 0.4359906315803528, 0.015838725492358208, -0.14989055693149567, 0.9877119660377502, -0.04131365939974785, -0.1541479229927063, 0.04051848128437996, -0.46917182207107544, 4.696294784545898, 0.8424778580665588, -1.228472113609314, 0.030682189390063286, -0.436164528131485, 0.46332770586013794, 0.027682607993483543, -0.44124001264572144, 0.8963495492935181, -0.03314193710684776, -0.14098528027534485, -0.021522281691432, -0.4193912148475647, 5.154212951660156, 0.7943036556243896, -1.140886902809143, 0.037177689373493195, -0.41801610589027405, 0.5004333257675171, -0.29050806164741516, 0.4746018052101135, 0.8308156728744507, 0.01016866322606802, -0.12348644435405731, 0.06393397599458694, -0.3472558856010437, -4.712249755859375, -3.1181883811950684, -4.823758602142334, -0.08761560916900635, -0.3502403795719147, 0.4940391182899475, -0.17130957543849945, -0.5032437443733215, 0.835362434387207, 0.13988694548606873, 0.1966676115989685, -0.14283153414726257, 0.23688100278377533, 5.303961277008057, 9.685669898986816, 5.283637523651123, -1.1709065437316895, 1.3538005352020264, -0.979076623916626, -0.058943137526512146, 0.005063868593424559, 0.006835105828940868, -1.6146132946014404, 0.08208239078521729, 0.5229154825210571, 7.31006875867024e-05, 4.530148726189509e-05, 0.013009538874030113, -1.0546276569366455, -0.710429847240448, 0.316362202167511, 0.009347868151962757, -0.0034570691641420126, 0.0002704513899516314, -1.1090646982192993, -0.08866006135940552, -0.18072763085365295, -0.005763349123299122, 0.005391051061451435, 0.005078474059700966, -2.746018171310425, -0.15413352847099304, 1.0672773122787476, -0.00357974786311388, -0.020377419888973236, -0.008281026035547256, -0.21719220280647278, -1.0, -0.4833328425884247, -0.3955141007900238, -0.006070348434150219, 0.2788270115852356, -1.0, -0.0766989141702652, 0.3342781662940979, 0.05197582393884659, -1.0, 1.0, -1.0, -0.8733593225479126, 1.0, 0.11253181099891663, 0.3489561975002289, 1.0, 1.0, -0.9165236949920654]
[0.18906767666339874, -0.7704150080680847, -0.1906166821718216, -0.5550046563148499, 0.3889416754245758, 0.495287150144577, 0.11934135109186172, -0.791793704032898, 0.0031173494644463062, 0.011092610657215118, 0.18041178584098816, -0.011630380526185036, -0.88789963722229, -0.6790713667869568, 0.6559934616088867, -0.9445602297782898, -0.6121679544448853, 0.6131434440612793, 0.6179113984107971, -0.5734366774559021, 0.008398987352848053, 0.8381010890007019, 0.8978845477104187, -0.3083953559398651, -0.006727410946041346, -0.34907111525535583, -0.04582321271300316, 0.28525805473327637, -0.7048161625862122, -0.17334550619125366, -0.0037106547970324755, -0.17004700005054474, -0.4032379686832428, -0.10870176553726196, 0.3430616855621338, -0.44173750281333923, -0.20290520787239075, -0.258288711309433, 0.31672272086143494, -0.019459238275885582, -0.2288932353258133, 0.704610288143158, 0.8990592360496521, 1.9403883218765259, 0.644195556640625, 0.07644224166870117, 0.1560312658548355, -1.1454771757125854, -2.632295608520508, 1.1344690322875977, -0.07608318328857422, 0.014595158398151398, -0.024174002930521965, -0.019144194200634956, -0.12844230234622955, 0.10687492787837982, 0.017607787624001503, -0.0012049325741827488, -0.052164435386657715, -0.04862320423126221, -0.020388802513480186, -0.005755650345236063, -0.0889793336391449, -0.08229345083236694, 0.033529963344335556, 0.0049006263725459576, -0.007146834395825863, 0.083486407995224, 0.10888347029685974, 0.041793689131736755, -0.09343734383583069, -0.025371816009283066, -0.04720340669155121, -0.389398455619812, 0.46795231103897095, 0.453494668006897, 0.37380802631378174, -0.3688362240791321, 0.7201179265975952, -0.7116634249687195, 0.41443511843681335, -0.6108394861221313, 1.617571473121643, -6.296245098114014, 0.5273379683494568, 0.0, -0.38999998569488525, 0.47999998927116394, -0.7167528867721558, 0.09691893309354782, -0.6830288171768188, 0.10170422494411469, 0.781843364238739, -0.6058895587921143, 0.1424688696861267, 0.036350276321172714, -0.009773483499884605, -0.4325468838214874, 0.44922158122062683, -0.03761506453156471, 0.23704497516155243, 0.9675624966621399, -0.07885099947452545, 0.021476395428180695, -0.043177902698516846, -0.18113484978675842, 4.667815208435059, 0.5794999599456787, 0.3306227922439575, 0.007566485553979874, -0.43868640065193176, 0.42934221029281616, 0.018533695489168167, -0.19142241775989532, 0.9806345701217651, -0.03700819984078407, -0.00034982478246092796, 0.02304084599018097, -0.38921409845352173, 5.133857250213623, 0.45613959431648254, -0.02621930092573166, 0.028814200311899185, -0.4360336661338806, 0.45648258924484253, 0.029639098793268204, -0.48530295491218567, 0.873640775680542, -0.018822602927684784, -0.09394814819097519, -0.043163008987903595, -0.5087990164756775, 6.134087562561035, 1.3861243724822998, -1.564318060874939, 0.035191819071769714, -0.4174129068851471, 0.49681979417800903, -0.29277899861335754, 0.5179502367973328, 0.8027095198631287, 0.04080720245838165, -0.03789760544896126, 0.10610871762037277, -0.260245144367218, -4.758970260620117, -2.634624481201172, -4.107798099517822, -0.08486348390579224, -0.3530542254447937, 0.49898701906204224, -0.05894056335091591, -0.5382000207901001, 0.827832043170929, 0.14683617651462555, 0.4205673635005951, -0.3164178729057312, 0.270529568195343, 6.35791540145874, 11.22751522064209, 7.57868766784668, -0.5683141946792603, 0.4874032139778137, -0.12086093425750732, -0.011833147145807743, 0.002126443898305297, 0.0032801202032715082, -0.7834876179695129, 0.045805852860212326, 0.5203490853309631, -0.0005178446299396455, -0.00040145026287063956, 0.006064394488930702, -0.426422119140625, 0.2411433756351471, 0.03706046938896179, -0.0021384998690336943, -0.001054849592037499, -0.001554724876768887, -0.6260659694671631, 0.13434778153896332, 0.08402581512928009, -0.005131618119776249, 0.003214160678908229, 0.0031604801770299673, -1.1577204465866089, -0.2386889010667801, 0.6437191963195801, 4.29624124080874e-05, -0.0068482905626297, -0.0017824657261371613, -0.09117873758077621, -1.0, -0.2884514331817627, -0.40548861026763916, -0.07995878159999847, 0.01768990233540535, -0.8544930815696716, -0.2752090096473694, 0.7184730172157288, -0.35581085085868835, -1.0, 1.0, -1.0, -0.696342945098877, 1.0, 0.37737998366355896, 0.5380510687828064, 1.0, 1.0, -1.0]
[0.17318081855773926, -0.796115517616272, -0.18427607417106628, -0.49463674426078796, 0.37596750259399414, 0.4820375144481659, 0.10793474316596985, -0.7931010127067566, -0.013821220956742764, 0.001465416862629354, 0.2850937843322754, -0.11184646934270859, -0.9067406058311462, -0.70302414894104, 0.7125672698020935, -0.9481112360954285, -0.6302170753479004, 0.6809914112091064, 0.7034128904342651, -0.4323507845401764, 0.09233374148607254, 0.8279439210891724, 0.8860833048820496, -0.39016425609588623, -0.09897919744253159, -0.0713300034403801, 0.06328635662794113, 0.7153922915458679, 0.19340477883815765, -0.030742991715669632, -0.07181350141763687, 0.08281237632036209, -0.022145600989460945, -0.05119188502430916, 0.4758700430393219, -1.1876014471054077, -0.16458694636821747, -0.20317502319812775, 0.23630313575267792, -0.015238100662827492, -0.13179202377796173, 0.584793210029602, 0.7310007214546204, 1.6351311206817627, 0.5728012323379517, -0.0810789167881012, -0.19629497826099396, -0.5539889931678772, -1.9611908197402954, 3.1568384170532227, -0.03661894053220749, 0.21563652157783508, 0.10106444358825684, 0.03650723397731781, -0.08356080949306488, 0.24605748057365417, 0.09916241466999054, 0.031342651695013046, -0.05729277431964874, -0.0031061528716236353, -0.011914122849702835, -0.0057653868570923805, 0.08713281899690628, -0.10383103787899017, 0.07125966995954514, -0.0030249739065766335, -0.010848626494407654, -0.10004933178424835, 0.10417599231004715, 0.019614417105913162, -0.017711780965328217, 0.014494840055704117, -0.059066832065582275, -0.38248980045318604, 0.4557250738143921, 0.5537502765655518, 0.20376183092594147, -0.2144063413143158, 0.7783775925636292, -0.7116634249687195, 0.41443511843681335, -0.7743722200393677, 0.795167088508606, -6.0283427238464355, 0.377633661031723, 0.0, -0.38999998569488525, 0.47999998927116394, -0.7167528867721558, 0.09691893309354782, -0.6830288171768188, 0.10170422494411469, 0.7326182126998901, -0.5866198539733887, 0.3101324737071991, -0.1515437364578247, -0.00920952670276165, -0.43170857429504395, 0.4497624635696411, -0.03821360319852829, 0.24257750809192657, 0.9660782217979431, -0.07992879301309586, 0.045687511563301086, 0.11559221148490906, 0.152801513671875, -3.988290786743164, -0.5400953888893127, 0.07210595160722733, 0.008601890876889229, -0.4378008246421814, 0.4267049729824066, 0.019329771399497986, -0.20958705246448517, 0.9767359495162964, -0.041066814213991165, 0.11209848523139954, 0.021210569888353348, -0.03112296760082245, 0.3294500708580017, -0.14911673963069916, 0.7978799343109131, 0.02761782705783844, -0.4365992844104767, 0.4485500156879425, 0.03267733007669449, -0.539496898651123, 0.8413528800010681, -0.0007385069038718939, -0.07203219085931778, -0.09731052815914154, -0.5863471627235413, 7.960687637329102, 1.631400227546692, -1.9056895971298218, 0.034712523221969604, -0.41621989011764526, 0.4955197274684906, -0.2949017882347107, 0.5585030913352966, 0.7727833986282349, 0.06255269795656204, 0.04376145824790001, 0.11336170136928558, -0.0890471413731575, -5.100147247314453, -2.219122886657715, -3.0923502445220947, -0.07995309680700302, -0.3578581213951111, 0.5039080381393433, 0.04689376428723335, -0.5640045404434204, 0.812127947807312, 0.14194373786449432, 0.49079301953315735, -0.3544396460056305, 0.20375023782253265, 4.821311950683594, 8.410114288330078, 7.0588154792785645, -0.35596907138824463, 0.13658253848552704, 1.5081512928009033, 0.038555972278118134, -0.0008414432522840798, 0.0015270384028553963, -0.5183375477790833, -0.5770363807678223, 1.5581068992614746, 0.022687101736664772, -0.0005027638981118798, 0.003475212026387453, -0.3305726647377014, 0.11680682003498077, 0.39595645666122437, -0.004013284109532833, -0.0007657604292035103, -0.00021621689666062593, -0.7606584429740906, 0.5265890955924988, 0.10556351393461227, -0.002949789632111788, 0.004745081532746553, 0.0035917700733989477, 0.20036736130714417, -0.03904840722680092, 0.16835220158100128, 0.004414214752614498, 0.011288962326943874, 0.01114049181342125, -0.15533435344696045, -0.6706141233444214, -0.06738416105508804, 0.052949391305446625, 0.6613802909851074, -0.04145468398928642, -0.6571646928787231, 0.0538862980902195, 0.9701904654502869, -0.9556902647018433, -1.0, 1.0, -1.0, -0.685459315776825, 1.0, 0.262592613697052, 0.5111168026924133, 0.5317752957344055, 0.6172041893005371, -0.6218172311782837]
[0.13723647594451904, -0.7826900482177734, -0.18654143810272217, -0.3759113848209381, 0.42149651050567627, 0.48888838291168213, 0.053704340010881424, -0.7798846364021301, 0.00983040314167738, 0.0028335540555417538, 0.398221880197525, -0.2470674365758896, -0.9174482226371765, -0.7209632396697998, 0.7584099769592285, -0.9513750076293945, -0.6668030619621277, 0.7375662326812744, 0.7737872004508972, -0.34418919682502747, 0.15324607491493225, 0.7601768970489502, 0.8167883157730103, -0.40442705154418945, -0.16091981530189514, 0.20466624200344086, -0.04944124072790146, 1.3120735883712769, 0.545601487159729, 0.13414131104946136, -0.3061301112174988, 0.153824582695961, 0.34800732135772705, 0.07030520588159561, 0.4588804244995117, -1.2775214910507202, -0.06412273645401001, -0.12699386477470398, 0.19749319553375244, -0.015470645390450954, -0.44651052355766296, 0.4870481491088867, 0.6076372861862183, 0.7918419241905212, 0.358743816614151, -0.21438351273536682, -0.5429896712303162, 0.08758369088172913, -1.3102198839187622, 3.0609936714172363, -0.048256922513246536, 0.23935362696647644, 0.07157043367624283, 0.020348820835351944, -0.09160526841878891, 0.19401594996452332, 0.0759643167257309, 0.025093968957662582, -0.06715270131826401, 0.19245478510856628, 0.07680594176054001, 0.028818633407354355, 0.11892245709896088, -0.08550450950860977, 0.012857180088758469, -0.0242737028747797, -0.014451439492404461, -0.226235032081604, 0.02891726791858673, -0.007123387884348631, 0.07121370732784271, 0.040695920586586, -0.07093025743961334, -0.37558114528656006, 0.4407716989517212, 0.5944256782531738, 0.019914668053388596, -0.06429062783718109, 0.8013289570808411, -0.7116634249687195, 0.41443511843681335, -0.937904953956604, 0.0755552425980568, -5.731415748596191, 0.22322987020015717, 0.0, -0.38999998569488525, 0.47999998927116394, -0.7167528867721558, 0.09691893309354782, -0.6830288171768188, 0.10170422494411469, 0.6421816945075989, -0.5277289152145386, 0.4689071476459503, -0.2987153232097626, -0.007750276010483503, -0.4300386905670166, 0.4568450450897217, -0.04570187255740166, 0.31040990352630615, 0.9458860754966736, -0.08280321955680847, 0.07840922474861145, 0.2558930814266205, 0.46319612860679626, -10.783995628356934, -2.080780506134033, 0.6667681336402893, 0.0118367625400424, -0.4379783868789673, 0.4289669692516327, 0.01602041907608509, -0.19114577770233154, 0.9798488020896912, -0.055703215301036835, 0.23858597874641418, 0.019564002752304077, 0.2628527879714966, -3.751715898513794, -1.2625184059143066, 2.128359079360962, 0.027080481871962547, -0.4374760091304779, 0.44229456782341003, 0.034311212599277496, -0.588499903678894, 0.8076037168502808, 0.016334306448698044, -0.0325513519346714, -0.07667048275470734, -0.3801443576812744, 6.1452484130859375, 1.192112684249878, -1.6829050779342651, 0.03603023663163185, -0.41531193256378174, 0.4964239299297333, -0.2999207079410553, 0.5908064842224121, 0.7454102039337158, 0.07320345193147659, 0.1383170783519745, 0.05655521899461746, 0.033809904009103775, -4.143224716186523, -1.6882911920547485, -1.303809642791748, -0.07500062137842178, -0.3623734414577484, 0.5076255202293396, 0.11282754689455032, -0.573375403881073, 0.8010018467903137, 0.13002578914165497, 0.3653588891029358, -0.2444719672203064, 0.16006572544574738, 1.6897625923156738, 3.725961685180664, 4.4101715087890625, -0.328968346118927, 0.4380604326725006, 1.3160330057144165, 0.02691972628235817, 0.002632447052747011, 0.0026066377758979797, -0.5165961384773254, -0.4329267740249634, 1.264714241027832, 0.018600068986415863, 0.000275660480838269, 0.00555929820984602, -0.3197653591632843, -1.1052316427230835, 0.6087862253189087, 0.012240159325301647, -0.0014170078793540597, 0.0018421945860609412, -0.6167306900024414, 0.41810768842697144, -0.22456280887126923, -0.008179822936654091, 0.004413922782987356, 0.0025682393461465836, 1.2129895687103271, 0.13228437304496765, -0.6194746494293213, 0.007486722432076931, 0.021288089454174042, 0.015479333698749542, -0.22069191932678223, -0.43049708008766174, -0.3127441108226776, 0.5538485646247864, 0.8167051672935486, -0.48066678643226624, -0.6401967406272888, 0.29065924882888794, 1.0, -1.0, -0.9271298050880432, 0.9943667054176331, -1.0, -0.9895909428596497, 1.0, -0.11758464574813843, 0.37433767318725586, 0.17658033967018127, 0.2605387270450592, -0.23794201016426086]
[0.09808342158794403, -0.7182589173316956, -0.20872850716114044, -0.24378345906734467, 0.46267980337142944, 0.5038694739341736, 0.017550449818372726, -0.7826178669929504, 0.03759948909282684, 0.010995633900165558, 0.43536731600761414, -0.3513767719268799, -0.9165048599243164, -0.7264938354492188, 0.719928503036499, -0.9253548979759216, -0.7161136865615845, 0.7844337821006775, 0.8323732018470764, -0.30699920654296875, 0.18100984394550323, 0.6714500784873962, 0.6956205368041992, -0.3523085415363312, -0.13982202112674713, 0.6145569086074829, -0.11287306994199753, 1.1791422367095947, 0.2950630784034729, 0.12414940446615219, -0.2787603735923767, 0.039017897099256516, 0.252571702003479, 0.07140112668275833, 0.20768208801746368, -0.9579974412918091, -0.018016109243035316, -0.005993594881147146, -0.3805018961429596, 0.16721363365650177, -0.46427956223487854, 0.4018669128417969, 0.5050929188728333, 0.2757358253002167, 0.1169668585062027, -0.21981671452522278, -0.8467561602592468, 0.6857923269271851, 0.3807935118675232, 4.210365295410156, -0.002762770978733897, 0.14476178586483002, -0.01311863586306572, -0.016673414036631584, -0.1305845081806183, 0.3552519977092743, 0.10910658538341522, 0.025502406060695648, 0.1325891613960266, 0.1968747079372406, 0.04966377839446068, 0.016111038625240326, 0.028003636747598648, -0.06594116985797882, 0.00918580126017332, -0.021932944655418396, -0.011552595533430576, -0.1982501894235611, 0.06176405027508736, 0.026577098295092583, 0.07557888329029083, 0.03981656953692436, -0.08279368281364441, -0.3686724901199341, 0.423092246055603, 0.5798465609550476, -0.16035810112953186, 0.07588934153318405, 0.7951754331588745, -0.7116634249687195, 0.41443511843681335, -1.1014376878738403, -0.5553694367408752, -5.406028747558594, 0.06448235362768173, 0.0, -0.38999998569488525, 0.47999998927116394, -0.7167528867721558, 0.09691893309354782, -0.6830288171768188, 0.10170422494411469, 0.5267429947853088, -0.4350346624851227, 0.6095850467681885, -0.40211036801338196, -0.006011475808918476, -0.42817240953445435, 0.46820515394210815, -0.058049749583005905, 0.39641305804252625, 0.9120862483978271, -0.08709541708230972, 0.06428542733192444, 0.2213553786277771, 0.6236473321914673, -10.816325187683105, -2.3659303188323975, 0.8880045413970947, 0.015094569884240627, -0.43967971205711365, 0.43501678109169006, 0.012597717344760895, -0.15964530408382416, 0.9847496747970581, -0.06798987835645676, 0.2210729569196701, -0.06913883984088898, 0.5241164565086365, -4.738925933837891, -1.4038130044937134, 1.8926923274993896, 0.028385790064930916, -0.4391176402568817, 0.4424085021018982, 0.034196529537439346, -0.6071732044219971, 0.7936199307441711, 0.01840018294751644, 0.05321615934371948, -0.13605965673923492, 0.1062905490398407, 1.7774474620819092, 0.14694003760814667, -0.5752965807914734, 0.03957023099064827, -0.41495856642723083, 0.4989353120326996, -0.29970285296440125, 0.6153060793876648, 0.7257815599441528, 0.06940951198339462, 0.26351451873779297, 0.017717476934194565, 0.14709030091762543, -3.5275425910949707, 0.5799599885940552, -0.359632670879364, -0.07131648808717728, -0.3655105531215668, 0.5111726522445679, 0.13700540363788605, -0.5667584538459778, 0.8035560250282288, 0.11963323503732681, 0.21976013481616974, -0.13666576147079468, 0.24869105219841003, -1.523594856262207, 0.48251813650131226, 1.8525362014770508, 0.016755957156419754, 0.9840614795684814, 0.3979618549346924, -0.0019124905811622739, 0.0005122004076838493, 0.0005466237780638039, -0.6385197639465332, -0.43328940868377686, 2.0608558654785156, 0.019003063440322876, 0.002865273505449295, 0.012449800036847591, 0.7841045260429382, -0.8454344272613525, 0.6973851323127747, 0.003429520409554243, 0.007626172620803118, -0.005834011826664209, -0.6570359468460083, 0.3542984127998352, -0.26145386695861816, -0.006238119676709175, 0.0004920692881569266, 0.008080377243459225, 1.3307907581329346, -0.4611009955406189, -0.5456483960151672, 0.009201868437230587, 0.018523916602134705, 0.008783120661973953, -0.09289395064115524, 0.018267231062054634, -0.3860180079936981, 0.4580332040786743, 0.5930888652801514, -0.7290752530097961, -0.6078218817710876, 0.22434473037719727, 1.0, -0.9836915135383606, -0.9696336984634399, 0.06709248572587967, -0.650986909866333, -1.0, 1.0, -0.27051910758018494, 0.23097875714302063, 0.18665197491645813, -0.12166637182235718, 0.1660241186618805]
[0.0794636532664299, -0.6037731766700745, -0.24578039348125458, -0.13606689870357513, 0.49938729405403137, 0.5176427960395813, -0.006946716457605362, -0.7804643511772156, 0.059525199234485626, 0.018710395321249962, 0.4258115291595459, -0.4193590581417084, -0.9171964526176453, -0.7254704833030701, 0.5756564140319824, -0.8675642013549805, -0.7629572749137878, 0.822865903377533, 0.8807796239852905, -0.3181225061416626, 0.17447860538959503, 0.5824011564254761, 0.5293326377868652, -0.23749881982803345, -0.02150319516658783, 0.931130588054657, -0.1715082973241806, 0.9046123623847961, 0.3644512891769409, 0.18618030846118927, -0.3458072543144226, 0.1975449174642563, 0.2321748584508896, 0.11731075495481491, 0.1797252893447876, -0.6564981341362, -0.0796685442328453, -0.001944159739650786, -0.8168279528617859, 0.2716176211833954, -0.4180566966533661, 0.32871976494789124, 0.41480493545532227, -0.36563950777053833, -0.13187947869300842, -0.21845673024654388, -1.107205867767334, 1.2550567388534546, 2.581696033477783, 3.0444836616516113, 0.04035376012325287, 0.07694531232118607, -0.0032584962900727987, -0.0015107652870938182, 0.06247570738196373, 0.22879458963871002, 0.0644162967801094, 0.018244775012135506, 0.11461855471134186, 0.2762014865875244, 0.0994519516825676, 0.0324944444000721, 0.13752980530261993, -0.0027828316669911146, 0.060992322862148285, -0.010663673281669617, -0.009987667202949524, -0.2600821852684021, 0.0052668144926428795, -0.0002713978465180844, 0.12453055381774902, 0.05081597715616226, -0.09465710818767548, -0.3617638349533081, 0.4026867151260376, 0.517536461353302, -0.3235573172569275, 0.20253737270832062, 0.7657970190048218, -0.7116634249687195, 0.41443511843681335, -1.2649704217910767, -1.1066116094589233, -5.054600715637207, -0.09759894013404846, 0.0, -0.38999998569488525, 0.47999998927116394, -0.7167528867721558, 0.09691893309354782, -0.6830288171768188, 0.10170422494411469, 0.4001536965370178, -0.31545042991638184, 0.7254118919372559, -0.4627586305141449, -0.0053446912206709385, -0.42596951127052307, 0.481871098279953, -0.07153235375881195, 0.48148655891418457, 0.8689452409744263, -0.08937471359968185, -0.035565443336963654, 0.24995426833629608, 0.695773720741272, -11.62933349609375, -2.7181522846221924, 0.5927620530128479, 0.017132669687271118, -0.4426485300064087, 0.4458043575286865, 0.008111328817903996, -0.11383301019668579, 0.990606427192688, -0.07533258944749832, 0.12556688487529755, -0.0700782984495163, 0.8269370198249817, -7.187368392944336, -1.8990442752838135, 1.6396160125732422, 0.029842795804142952, -0.4419785141944885, 0.4490402638912201, 0.03132108226418495, -0.6016106605529785, 0.7980627417564392, 0.01339590921998024, -0.037728212773799896, -0.19176630675792694, 0.4964505732059479, -0.9828099012374878, -0.26435521245002747, -0.9559361934661865, 0.044041141867637634, -0.4149673581123352, 0.5029242038726807, -0.2892659306526184, 0.6375648379325867, 0.7120121121406555, 0.05361863225698471, 0.259988397359848, -0.0012853324878960848, 0.24046476185321808, -3.4605703353881836, 2.318115234375, -0.3396510183811188, -0.07001467794179916, -0.36655107140541077, 0.5150582194328308, 0.11946908384561539, -0.5453110337257385, 0.821723997592926, 0.11459741741418839, -0.02595403790473938, 0.02454088069498539, 0.3138008117675781, -4.6023478507995605, -3.396056890487671, -1.1742842197418213, 0.4294735789299011, 0.4488680958747864, 0.22067756950855255, 0.005222255829721689, -0.001727140974253416, -0.0012290917802602053, 0.46704795956611633, -0.2709012031555176, 1.3028502464294434, 0.014181256294250488, 0.0012927368516102433, -0.0009565731161274016, 0.709245502948761, -1.4058501720428467, 0.7135871648788452, 0.011406694538891315, 0.004212603438645601, -0.0006869831122457981, -0.0979929119348526, 0.5531450510025024, -0.06421897560358047, -0.0016904919175431132, -0.0011971204075962305, 0.005319120828062296, 1.8739869594573975, -0.17376923561096191, -1.0206830501556396, 0.007099285256117582, 0.020832180976867676, 0.008189702406525612, 0.29424628615379333, 0.33081093430519104, -0.4872903823852539, 0.37204214930534363, 0.7271888852119446, -0.8180882334709167, -0.5240913033485413, 0.24542534351348877, 1.0, -0.813495397567749, -1.0, -0.5154662728309631, -0.46143949031829834, -1.0, 1.0, -0.5957497358322144, 0.023625878617167473, 0.09584083408117294, -0.4995928108692169, 0.6191685199737549]
[0.09321451187133789, -0.4798045754432678, -0.2737559676170349, -0.060317397117614746, 0.5264326930046082, 0.5465213060379028, -0.015266687609255314, -0.7638151049613953, 0.07290714234113693, 0.03578228875994682, 0.41221657395362854, -0.4617394804954529, -0.9208210706710815, -0.7261088490486145, 0.3657379746437073, -0.7782071232795715, -0.8025420904159546, 0.8542420268058777, 0.9202853441238403, -0.3859275281429291, 0.14355412125587463, 0.49624940752983093, 0.3218238651752472, -0.07242894172668457, 0.10465668886899948, 0.8315688371658325, -0.0833086147904396, 0.5913366675376892, 0.19018308818340302, 0.29728952050209045, -0.1589832603931427, 0.19531573355197906, 0.10420326143503189, 0.16417892277240753, 0.17930760979652405, -0.3271350562572479, -0.08208148926496506, -0.024849427863955498, -1.0530022382736206, 0.4195464551448822, -0.34093883633613586, 0.2688157260417938, 0.33781418204307556, -1.0924495458602905, -0.27250081300735474, -0.2097262591123581, -1.3570212125778198, 1.6638020277023315, 2.857855796813965, -1.4668654203414917, 0.06077606976032257, -0.0992499440908432, -0.029871899634599686, -0.007212618365883827, 0.1846960335969925, -0.14653602242469788, -0.052695345133543015, -0.014497188851237297, 0.08633044362068176, 0.08294472098350525, 0.044008173048496246, 0.016588665544986725, -0.08825544267892838, 0.10080470144748688, -0.03262021765112877, -0.005207942798733711, -0.002784757176414132, -0.20723073184490204, -0.12608227133750916, -0.06624366343021393, 0.10589372366666794, 0.037082768976688385, -0.10652053356170654, -0.35485517978668213, 0.3795551061630249, 0.4168699085712433, -0.45989665389060974, 0.31358739733695984, 0.7185940742492676, -0.7116634249687195, 0.41443511843681335, -1.428503155708313, -1.5843173265457153, -4.680610179901123, -0.2616613805294037, 0.0, -0.38999998569488525, 0.47999998927116394, -0.7167528867721558, 0.09691893309354782, -0.6830288171768188, 0.10170422494411469, 0.27372169494628906, -0.17638827860355377, 0.8119433522224426, -0.48447054624557495, -0.006534930318593979, -0.4233589470386505, 0.4943629503250122, -0.08035221695899963, 0.5562760829925537, 0.8225909471511841, -0.08628135919570923, -0.12664063274860382, 0.21864746510982513, 0.532769501209259, -9.332016944885254, -2.019228458404541, -0.3313206732273102, 0.01686578430235386, -0.44528019428253174, 0.45823273062705994, 0.0034222647082060575, -0.05895557254552841, 0.9954396486282349, -0.07491480559110641, -0.05844106152653694, -0.017829742282629013, 0.7315149307250977, -6.360596179962158, -1.2626301050186157, 0.2039586454629898, 0.029579592868685722, -0.4448568522930145, 0.4580914080142975, 0.025530774146318436, -0.5872857570648193, 0.8088998794555664, 0.01115975808352232, -0.16565656661987305, -0.14685314893722534, 0.5617104172706604, -1.9949545860290527, -0.28247860074043274, -1.4822587966918945, 0.04747633635997772, -0.4154307544231415, 0.5061352252960205, -0.26622703671455383, 0.6559239029884338, 0.7054129838943481, 0.03577163815498352, 0.17456689476966858, -0.03462082892656326, 0.12866681814193726, -2.0004849433898926, 3.633349657058716, -1.3359211683273315, -0.0715809091925621, -0.36544090509414673, 0.5180535912513733, 0.06326909363269806, -0.5135436058044434, 0.848541259765625, 0.11066943407058716, -0.24745585024356842, 0.15448696911334991, 0.22589167952537537, -5.988667964935303, -6.940956115722656, -3.068948984146118, 0.540287971496582, -0.4083816707134247, -0.5312107801437378, -0.013338345102965832, -0.004941767547279596, -0.0018916544504463673, 1.0979948043823242, 0.20796024799346924, -0.9358019828796387, -0.011377783492207527, -0.0015254425816237926, -0.011526607908308506, 0.5214436054229736, -0.5059067010879517, 0.03484174236655235, 0.009000066667795181, 0.0014844087418168783, -0.0001638652029214427, 0.6532952189445496, -0.18819287419319153, -0.07050398737192154, -0.005607651546597481, -0.006989637389779091, 0.0009776350343599916, 1.4416732788085938, 0.7359796762466431, -1.0246247053146362, -0.0002412687463220209, 0.014016003347933292, 0.006209919229149818, 0.5540494322776794, 0.10103956609964371, -0.3338243067264557, 0.2252303957939148, 0.6032910943031311, -0.569207489490509, -0.4970952570438385, 0.14244318008422852, 1.0, -0.8019052147865295, -1.0, -1.0, -0.11919188499450684, -1.0, 1.0, -0.9954797029495239, -0.11826217174530029, 0.0012231115251779556, -0.9339059591293335, 1.0]
[0.13905929028987885, -0.3881455957889557, -0.2776242196559906, -0.023276619613170624, 0.5338130593299866, 0.5697491765022278, 0.010082279331982136, -0.7535727024078369, 0.05595241114497185, 0.04373433068394661, 0.4074324071407318, -0.4729066491127014, -0.9276883006095886, -0.7319981455802917, 0.15074066817760468, -0.6478118896484375, -0.8350573778152466, 0.8798754215240479, 0.9524990320205688, -0.47723421454429626, 0.09846648573875427, 0.4312205910682678, 0.11074847728013992, 0.09894507378339767, 0.22216789424419403, 0.5193921327590942, 0.021017586812376976, 0.20563219487667084, 0.0026326000224798918, 0.12048627436161041, 0.04996520280838013, 0.09079692512750626, -0.30783984065055847, -0.027569619938731194, 0.07710660994052887, -0.06361281126737595, -0.07401540130376816, -0.07257715612649918, -0.961822509765625, 0.6023719310760498, -0.28004008531570435, 0.21999824047088623, 0.27592751383781433, -1.1417486667633057, -0.3565286099910736, -0.13634458184242249, -1.2677453756332397, 1.5380728244781494, 2.7216708660125732, -3.662214517593384, 0.05682609602808952, -0.18944847583770752, -0.03690498322248459, -0.014738804660737514, 0.12233124673366547, -0.22744737565517426, -0.08039918541908264, -0.027830200269818306, 0.06458096206188202, -0.19832158088684082, -0.0667123794555664, -0.02166643925011158, -0.1360597014427185, 0.140500009059906, -0.05137572064995766, 0.0005330184940248728, 0.000752354389987886, -0.014804892241954803, -0.1774349957704544, -0.0858997106552124, 0.04193349927663803, 0.004306936636567116, -0.11838395893573761, -0.34794652462005615, 0.35369738936424255, 0.2880365252494812, -0.5629976987838745, 0.4081425666809082, 0.6583982110023499, -0.7116634249687195, 0.41443511843681335, -1.5920358896255493, -1.993033766746521, -4.2881574630737305, -0.42618328332901, 0.0, -0.38999998569488525, 0.47999998927116394, -0.7167528867721558, 0.09691893309354782, -0.6830288171768188, 0.10170422494411469, 0.15621645748615265, -0.025270426645874977, 0.8668288588523865, -0.47282734513282776, -0.009316675364971161, -0.4214516878128052, 0.5026127696037292, -0.07973220944404602, 0.6003106832504272, 0.7918815016746521, -0.07869774848222733, -0.187017560005188, 0.11014776676893234, 0.3097637891769409, -4.184518337249756, -0.6558560729026794, -1.2572685480117798, 0.0138466851785779, -0.4471893310546875, 0.46700358390808105, 0.0025766207836568356, -0.03128969296813011, 0.9974796772003174, -0.06362839043140411, -0.21910206973552704, -0.07188215106725693, 0.4089299440383911, -1.3760820627212524, -0.08000844717025757, -1.3446249961853027, 0.027119847014546394, -0.4468393623828888, 0.46593549847602844, 0.018045565113425255, -0.5732291340827942, 0.819061815738678, 0.014841326512396336, -0.2530570924282074, -0.08466537296772003, 0.4046393036842346, -1.5402600765228271, -0.22806806862354279, -1.52756667137146, 0.04825054109096527, -0.4166938364505768, 0.5065675973892212, -0.23122645914554596, 0.6672242879867554, 0.7075392603874207, 0.027095429599285126, 0.007410944905132055, -0.08288269490003586, -0.036280207335948944, -0.25623106956481934, 3.750115156173706, -3.024475574493408, -0.07462987303733826, -0.3635151982307434, 0.5191554427146912, -0.00484571885317564, -0.4832502007484436, 0.8692005276679993, 0.10457591712474823, -0.2963966131210327, 0.16363775730133057, 0.06608646363019943, -4.547270774841309, -6.970477104187012, -2.9398510456085205, 0.5125235319137573, -0.7984602451324463, -0.7804895639419556, -0.026715707033872604, -0.005051258020102978, -0.001664109993726015, 0.7486670017242432, 0.32950496673583984, -1.5117285251617432, -0.02288762480020523, -0.0005354128079488873, -0.005866385996341705, 0.3853001594543457, 1.0506412982940674, -0.5056319832801819, -0.005906820762902498, 9.910670632962137e-05, -0.00019407295621931553, 0.9904244542121887, -0.3799299895763397, -0.012356923893094063, -0.004946596920490265, -0.008951262570917606, -0.003808168927207589, 0.37876439094543457, 1.1068072319030762, -0.4790398180484772, -0.008616182953119278, -0.001753290300257504, -0.00379480654373765, 0.741243839263916, -0.19340035319328308, -0.1919698417186737, 0.00464911013841629, 0.49707403779029846, -0.21609406173229218, -0.5676403641700745, -0.21750199794769287, 1.0, -0.7446253895759583, -1.0, -1.0, 0.28736376762390137, -1.0, 1.0, -1.0, -0.22552388906478882, 0.13105681538581848, -1.0, 1.0]
[0.21601936221122742, -0.3493315577507019, -0.25310295820236206, -0.012525398284196854, 0.5318565368652344, 0.5742273330688477, 0.06335128098726273, -0.7419177293777466, -0.015614671632647514, 0.029837075620889664, 0.42903798818588257, -0.4895769953727722, -0.9318879246711731, -0.7391771078109741, -0.035065751522779465, -0.47514820098876953, -0.8613994121551514, 0.9009335041046143, 0.9788805842399597, -0.563252329826355, 0.03541550040245056, 0.39155441522598267, -0.0754479393362999, 0.24978534877300262, 0.3393012285232544, 0.10661116987466812, 0.14394430816173553, 0.037882834672927856, -0.029223201796412468, 0.005868343636393547, 0.3008711338043213, 0.10460342466831207, -0.8523773550987244, -0.21983878314495087, 0.11419029533863068, -0.2133195400238037, -0.024203484877943993, -0.05386124178767204, -0.8065593838691711, 0.7716395258903503, -0.22587838768959045, 0.18125753104686737, 0.2266901582479477, -1.0134400129318237, -0.5130475163459778, -0.08205482363700867, -1.0833680629730225, 1.3152120113372803, 2.6956703662872314, -4.618946075439453, 0.05497448146343231, -0.1803266704082489, -0.013113955035805702, 0.00036732060834765434, 0.1431804597377777, -0.277851939201355, -0.09985107183456421, -0.03171093761920929, 0.10178748518228531, -0.3565530776977539, -0.12631285190582275, -0.03955154865980148, -0.22161000967025757, 0.14077867567539215, -0.09219266474246979, -0.0011776111787185073, 0.00301010487601161, 0.025741981342434883, -0.22899238765239716, -0.11378733813762665, 0.03562359884381294, -0.00016324571333825588, -0.13024738430976868, -0.3410378694534302, 0.32511356472969055, 0.14127084612846375, -0.6294736862182617, 0.486179381608963, 0.5894360542297363, -0.7116634249687195, 0.41443511843681335, -1.7555686235427856, -2.3364288806915283, -3.881650924682617, -0.589588463306427, 0.0, -0.38999998569488525, 0.47999998927116394, -0.7167528867721558, 0.09691893309354782, -0.6830288171768188, 0.10170422494411469, 0.05401918292045593, 0.130830779671669, 0.8895336389541626, -0.43439051508903503, -0.013615705072879791, -0.420559287071228, 0.5058953762054443, -0.06946220993995667, 0.6147543787956238, 0.7828391790390015, -0.06644294410943985, -0.2619263529777527, 0.043143436312675476, 0.06618708372116089, -0.6285504102706909, 0.16566361486911774, -2.382526397705078, 0.008273711428046227, -0.44884470105171204, 0.4701389670372009, 0.00547180837020278, -0.04862211272120476, 0.9978963136672974, -0.04252956435084343, -0.39844489097595215, -0.1570650339126587, 0.031028904020786285, 4.234711170196533, 0.8668009042739868, -3.154655933380127, 0.02202027291059494, -0.44805294275283813, 0.46862953901290894, 0.008435835130512714, -0.5729796886444092, 0.8190517425537109, 0.027881145477294922, -0.3972231447696686, -0.060121871531009674, -0.002937745302915573, 0.9048497676849365, 0.07588468492031097, -2.3065335750579834, 0.045702509582042694, -0.4188198149204254, 0.5034823417663574, -0.18657340109348297, 0.6694952845573425, 0.718276858329773, 0.032322388142347336, -0.16643773019313812, -0.1294005811214447, -0.23805665969848633, 1.7060668468475342, 3.5869622230529785, -4.641516208648682, -0.07824914157390594, -0.361931711435318, 0.5177972912788391, -0.06774779409170151, -0.4663838744163513, 0.8765295743942261, 0.09794022142887115, -0.3164699673652649, 0.10672314465045929, -0.1416192352771759, -1.872727394104004, -6.436213970184326, -2.694087266921997, 0.49831655621528625, -1.10567307472229, -0.5392754077911377, -0.016217773780226707, -0.005170837976038456, -0.0015257245395332575, 0.8567706346511841, 0.41698187589645386, -1.842594027519226, -0.02545621059834957, -0.0012182598002254963, -0.008084329776465893, 0.5839883089065552, 1.8655221462249756, -0.7525789737701416, -0.011568711139261723, 0.0021772142499685287, -0.002442016266286373, 1.0173405408859253, -0.6285854578018188, -0.07837608456611633, -0.006418677046895027, -0.008614322170615196, -0.004528423771262169, 0.24241836369037628, 1.5613545179367065, -0.39458927512168884, -0.013147491961717606, -0.004041934851557016, -0.005969887599349022, 0.9965425729751587, -0.550391435623169, 0.005770035088062286, -0.04430162161588669, 0.5073434710502625, 0.4903400242328644, -0.5900174975395203, -0.6250903606414795, 1.0, -0.884677529335022, -0.9553357362747192, -1.0, 0.6841841340065002, -1.0, 1.0, -1.0, -0.43768301606178284, 0.18268707394599915, -1.0, 1.0]
