0
[0.0, 0.0, 0.0, 0.0, 0.0, 0.0, 0.0, 0.0, 0.0, 0.0, 0.0, 0.0, 0.0, 0.0, 0.0, 0.0, 0.0, 0.0, 0.0, 0.0, 0.0, 0.0, 0.0, 0.0, 0.0, 0.0, 0.0, 0.0, 0.0, 0.0, 0.0, 0.0, 0.0, 0.0, 0.0, 0.0, 0.0, 0.0, 0.0, 0.0, 0.0, 0.0, 0.0, 0.0, 0.0, 0.0, 0.0, 0.0, 0.0, 0.0, 0.0, 0.0, 0.0, 0.0, 0.0, 0.0, 0.0, 0.0, 0.0, 0.0, 0.0, 0.0, 0.0, 0.0, 0.0, 0.0, 0.0, 0.0, 0.0, 0.0, 0.0, 0.0, 0.0, 0.0, 0.0, 0.0, 0.0, 0.0, 0.0, 0.0, 0.0, 0.0, 0.0, 0.0, 0.0, 0.0, 0.0, 0.0, 0.0, 0.0, 0.0, 0.0, 0.0, 0.0, 0.0, 0.0, 0.0, 0.0, 0.0, 0.0, 0.0, 0.0, 0.0, 0.0, 0.0, 0.0, 0.0, 0.0, 0.0, 0.0, 0.0, 0.0, 0.0, 0.0, 0.0, 0.0, 0.0, 0.0, 0.0, 0.0, 0.0, 0.0, 0.0, 0.0, 0.0, 0.0, 0.0, 0.0, 0.0, 0.0, 0.0, 0.0, 0.0, 0.0, 0.0, 0.0, 0.0, 0.0, 0.0, 0.0, 0.0, 0.0, 0.0, 0.0, 0.0, 0.0, 0.0, 0.0, 0.0, 0.0, 0.0, 0.0, 0.0, 0.0, 0.0, 0.0, 0.0, 0.0, 0.0, 0.0, 0.0, 0.0, 0.0, 0.0, 0.0, 0.0, 0.0, 0.0, 0.0, 0.0, 0.0, 0.0, 0.0, 0.0, 0.0, 0.0, 0.0, 0.0, 0.0, 0.0, 0.0, 0.0, 0.0, 0.0, 0.0, 0.0, 0.0, 0.0, 0.0, 0.0, 0.0, 0.0, 0.0, 0.0, 0.0, 0.0, 0.0, 0.0, 0.0, 0.0, 0.0, 0.0, 0.0, 0.0, 0.0, 0.0, 0.0, 0.0, 0.0, 0.0, 0.0]
[0.5851479172706604, 0.11631964147090912, -0.06807230412960052, -0.5786284804344177, -0.7570684552192688, -0.8784363269805908, 0.276064395904541, -0.9278013110160828, -0.7829139828681946, -0.9149949550628662, -0.1658044010400772, -0.9727941155433655, -0.8715771436691284, -0.8594156503677368, -0.8247355222702026, -0.09957391023635864, -0.9326334595680237, -0.7945189476013184, -0.7412863373756409, 0.20217040181159973, -0.9151571393013, 0.025717372074723244, -0.089520663022995, 0.7949903607368469, 0.11415179073810577, 0.06504366546869278, 0.10048699378967285, 1.7194007635116577, 2.007270574569702, 0.4125286638736725, 0.2787066698074341, -0.058399733155965805, -0.24059446156024933, -0.046105075627565384, -0.6651444435119629, 0.04703814536333084, -0.11422353982925415, 0.002397047122940421, 1.0588924884796143, 0.3266887068748474, -0.1526048481464386, -0.29104694724082947, -0.07326221466064453, 1.3571170568466187, -0.030342483893036842, 0.3287884593009949, -0.17356081306934357, -0.23248139023780823, 0.7505865097045898, 1.3161556720733643, -0.4627300798892975, 0.6996130347251892, 0.49106305837631226, 0.21114803850650787, 0.23988205194473267, 0.03231178596615791, -0.0038850009441375732, -0.007656659930944443, 1.2489711046218872, -0.004944540094584227, -0.03095703385770321, -0.01726200431585312, 0.6443619728088379, 0.16097483038902283, 0.37594521045684814, 0.11569854617118835, 0.03245753422379494, 0.10924576967954636, 0.029092445969581604, 0.05455747991800308, -0.009796161204576492, -0.010351939126849174, 0.0016722241416573524, -0.39100146293640137, 0.5151988863945007, 0.20824065804481506, -0.7577617168426514, 0.5818018317222595, 0.20961745083332062, 0.5224295854568481, -0.10558614134788513, -0.024093523621559143, 0.08621413260698318, -1.755218744277954, -1.8389313220977783, 0.0, -0.38999998569488525, 0.47999998927116394, 0.012645297683775425, 0.2464054822921753, 0.9690790772438049, 0.0032153106294572353, 0.875709056854248, 0.14035730063915253, -0.26215890049934387, 0.38040271401405334, -0.033322062343358994, -0.4497638940811157, 0.5114215612411499, 0.0030029802583158016, -0.47456297278404236, 0.8801926970481873, -0.006454521790146828, -0.15973256528377533, 0.4634665548801422, 1.1344863176345825, -21.02185821533203, -0.2765796184539795, -1.089245080947876, -0.01959051564335823, -0.45797058939933777, 0.49222058057785034, -0.030907366424798965, -0.6092064380645752, 0.7912445068359375, 0.042944639921188354, -0.24104219675064087, 0.010390093550086021, -0.01500933337956667, 1.3925501108169556, -0.11244884133338928, -1.9690104722976685, 0.013142584823071957, -0.4548591673374176, 0.4881666600704193, 0.014518894255161285, -0.6338726282119751, 0.7730596661567688, -0.019322585314512253, 0.1575080007314682, 0.05506433919072151, 0.0584174208343029, -0.00297730416059494, -0.1842031031847, 2.750244140625, 0.033994730561971664, -0.44761496782302856, 0.49764835834503174, -0.01702137291431427, -0.5428172945976257, 0.8392906188964844, -0.02550985850393772, -0.32710281014442444, -0.009722539223730564, 0.39597180485725403, -0.7350758910179138, -4.223084449768066, -2.2535998821258545, -0.08286422491073608, -0.36962461471557617, 0.49955064058303833, -0.12120052427053452, -0.7032620310783386, 0.6428364515304565, 0.2783777415752411, 0.0019586309790611267, -0.004951581358909607, 0.04431232437491417, 3.824223279953003, 5.523069381713867, 1.9074026346206665, -2.659703254699707, -6.454874038696289, 0.711953341960907, 0.11432494223117828, -0.03071429952979088, 0.015705130994319916, 1.2912800312042236, 0.010698479600250721, 0.059939343482255936, -0.007496182806789875, 0.013645205646753311, -0.0040431395173072815, 6.700565814971924, 0.31944823265075684, 0.007859092205762863, -0.012470278888940811, 0.07616857439279556, -0.017938880249857903, 0.960921585559845, -1.7651735544204712, 0.7153197526931763, 0.005979933775961399, 0.013764035888016224, 0.011271759867668152, -0.21228763461112976, -0.529665470123291, 0.0031867832876741886, 0.002402466256171465, -0.006955336779356003, -0.023231638595461845, 1.0, 0.3288441300392151, -0.760727047920227, 1.0, 1.0, 1.0, -0.9954895377159119, -0.9571530222892761, 1.0, -1.0, -1.0, 1.0, 0.5369616746902466, -1.0, -1.0, 1.0, -0.9310705661773682, 1.0, -0.2925366461277008, 0.6148409843444824]
[0.5519450902938843, 0.08872103691101074, -0.11959625035524368, -0.4179079830646515, -0.6051986813545227, -0.7999996542930603, 0.2282836139202118, -0.9337852001190186, -0.7678868174552917, -0.9155609607696533, -0.2736894488334656, -0.8418111801147461, -0.8905245065689087, -0.8638774752616882, -0.5879719853401184, -0.11396608501672745, -0.8014036417007446, -0.6902905702590942, -0.7311689257621765, 0.1530141681432724, -0.8063439130783081, 0.0968615710735321, -0.008213554508984089, 0.6843188405036926, -0.2996142506599426, -0.33734840154647827, -0.39415836334228516, 1.331091284751892, 1.07736337184906, 1.0652753114700317, -0.43797847628593445, -0.06567265093326569, 0.33355972170829773, 0.05685117468237877, -0.329868346452713, 1.8332664966583252, -0.1948065459728241, -0.06252112239599228, 1.1435359716415405, -0.2791126072406769, 2.0139782428741455, 1.7420228719711304, 0.3233228921890259, -1.6432374715805054, 1.2296065092086792, 0.11001523584127426, 0.8498674631118774, -1.4289908409118652, -10.804208755493164, -3.8861684799194336, -0.4915231168270111, -0.4198252856731415, -0.2384832203388214, -0.06238766014575958, -0.5903884172439575, -0.27406585216522217, -0.05896429717540741, -0.010243280790746212, -0.3022613227367401, 0.20513981580734253, 0.10506723821163177, 0.04115807265043259, -0.45025306940078735, -0.6428173780441284, 0.47377800941467285, 0.4275811016559601, 0.19042611122131348, -0.21951688826084137, 0.4360206127166748, 0.2154347449541092, -0.04387512058019638, -0.03081202507019043, 0.011495867744088173, -0.39270439743995667, 0.5128743052482605, 0.12828148901462555, -0.7781590819358826, 0.5808024406433105, 0.2016945630311966, 0.7236283421516418, -0.07900945842266083, -0.17643103003501892, -0.08617223799228668, -1.3145653009414673, -0.8513855934143066, 0.0, -0.38999998569488525, 0.47999998927116394, 0.012645297683775425, 0.2464054822921753, 0.9690790772438049, 0.0032153106294572353, 0.8950725793838501, 0.06476984918117523, -0.23503977060317993, 0.37337160110473633, -0.03039168193936348, -0.445071280002594, 0.5192251801490784, 0.006269347388297319, -0.3419719934463501, 0.9394680857658386, -0.020381180569529533, 0.41772010922431946, 0.4239344894886017, 0.38144245743751526, -15.674026489257812, -0.698192298412323, 3.4365267753601074, -0.016327189281582832, -0.45824742317199707, 0.48942410945892334, -0.022505303844809532, -0.613422155380249, 0.7887731790542603, 0.032302554696798325, 0.5080897212028503, -0.04212513193488121, -0.26715242862701416, 0.07026506215333939, 0.05212609842419624, 3.692094564437866, 0.01777132973074913, -0.45411068201065063, 0.49229100346565247, 0.027269238606095314, -0.6066564321517944, 0.7935018539428711, -0.0397394560277462, 0.44688090682029724, 0.10767246037721634, 0.4288807213306427, -6.164172172546387, -0.7804886102676392, 3.1128110885620117, 0.0337921679019928, -0.44458678364753723, 0.511353611946106, -0.04985084384679794, -0.441631555557251, 0.8945814967155457, -0.04690731689333916, 0.10605305433273315, 0.49516335129737854, 1.3500206470489502, -22.00191879272461, -5.177309036254883, 0.373592346906662, -0.08186761289834976, -0.3701014518737793, 0.5036399364471436, -0.10115203261375427, -0.6827895045280457, 0.6764285564422607, 0.25692614912986755, 0.209171861410141, -0.10480678826570511, 0.4503355026245117, -8.151480674743652, -1.428444743156433, 5.553888320922852, -2.7761335372924805, 2.920712947845459, -0.7199912667274475, -0.018576964735984802, -0.014596983790397644, 0.014093376696109772, -3.1930418014526367, 1.0468966960906982, -0.33932197093963623, 0.005460168235003948, -0.021116044372320175, 0.005093482322990894, -1.6107834577560425, -1.2353770732879639, 0.07639887183904648, 0.022627416998147964, -0.0032686623744666576, 0.0011239525629207492, -2.9184482097625732, -5.238430976867676, 0.546521782875061, 0.11184963583946228, -0.01860216073691845, 0.010181546211242676, -1.37595534324646, -2.849046230316162, 0.03767746686935425, 0.027991672977805138, -0.0087967524304986, 0.04545101523399353, -1.0, -0.302585244178772, -1.0, 0.23308970034122467, -0.17038804292678833, -1.0, -1.0, -0.47771957516670227, -0.6818202137947083, 0.5994341969490051, -1.0, 1.0, -0.8869599103927612, 1.0, 0.90895015001297, -1.0, 0.5016394853591919, 0.3334481716156006, 1.0, -0.3792348802089691]
[0.4732287526130676, 0.02148604206740856, -0.18638665974140167, -0.38242119550704956, -0.5795634388923645, -0.7007483243942261, 0.13448728621006012, -0.9131406545639038, -0.756627082824707, -0.8998103737831116, -0.36739271879196167, -0.7615772485733032, -0.8780007362365723, -0.8641360998153687, -0.3473513424396515, -0.17234183847904205, -0.6536072492599487, -0.5115526914596558, -0.6753600239753723, -0.0033828339073807, -0.6044313907623291, 0.14437909424304962, 0.13491395115852356, 0.6115185618400574, -0.26446840167045593, -0.565711498260498, -0.21200834214687347, -0.239805206656456, -0.22688786685466766, 0.5194776058197021, -0.5866296291351318, 0.10436822474002838, -0.1292874813079834, 0.08575094491243362, -0.2134777158498764, 0.34895163774490356, 0.2627938687801361, 0.05210387706756592, 1.0672152042388916, -0.20412226021289825, 1.0072115659713745, 1.596308708190918, 0.7613255977630615, -2.075697660446167, 1.5737179517745972, 0.12614445388317108, 0.9080683588981628, -0.2754303216934204, 1.790136694908142, -2.43617844581604, 0.12343033403158188, -0.5931297540664673, -0.333175390958786, -0.16431140899658203, -0.1060134768486023, -0.3113914728164673, -0.17758794128894806, -0.0735442042350769, 0.3020801246166229, -0.4528716504573822, -0.1540314257144928, -0.04792921245098114, -0.31495290994644165, 0.01447448879480362, -0.5067737102508545, -0.2299383580684662, -0.06371688097715378, 0.024429619312286377, 0.002156479749828577, 0.010912147350609303, 0.02906426414847374, 0.04571658372879028, 0.015154792927205563, -0.39309412240982056, 0.5139780044555664, 0.19605381786823273, -0.7894697189331055, 0.5438186526298523, 0.2063048630952835, 0.15264877676963806, -0.0325961671769619, 0.04443571716547012, 1.413880467414856, 1.1132017374038696, 1.2809046506881714, 0.0, -0.38999998569488525, 0.47999998927116394, 0.012645297683775425, 0.2464054822921753, 0.9690790772438049, 0.0032153106294572353, 0.8970800638198853, 0.1297418475151062, -0.2564689815044403, 0.3356161415576935, -0.024443166330456734, -0.4454690217971802, 0.5151063203811646, 0.010781561024487019, -0.3010338246822357, 0.9525365829467773, -0.044003307819366455, 0.3291909694671631, -0.1911339908838272, -0.5524769425392151, 2.5800135135650635, -0.23548397421836853, 2.362121105194092, -0.009047136642038822, -0.4584437608718872, 0.48404836654663086, -0.004780943971127272, -0.6148163676261902, 0.788597047328949, 0.00963033176958561, 0.5303290486335754, -0.01861584186553955, -0.4928929805755615, 2.52473783493042, -0.23501287400722504, 4.2481889724731445, 0.024782519787549973, -0.45281001925468445, 0.49039313197135925, 0.040801040828228, -0.5925744771957397, 0.8018438816070557, -0.06509338319301605, 0.35519811511039734, 0.07576707005500793, -0.30057409405708313, -0.4438517391681671, -0.5999835729598999, 2.342869520187378, 0.034709084779024124, -0.43842795491218567, 0.5227187275886536, -0.08637714385986328, -0.2943176329135895, 0.9492493271827698, -0.06958369165658951, -0.11925964057445526, 0.5797059535980225, 0.5365757346153259, -16.730558395385742, -5.742997646331787, -1.5950945615768433, -0.08056997507810593, -0.36943957209587097, 0.5096548199653625, -0.12590520083904266, -0.6257398128509521, 0.7336117029190063, 0.2332623153924942, -0.009660834446549416, 0.1712106317281723, 0.4810045659542084, -11.109305381774902, -1.776571273803711, -1.8720802068710327, 0.7889267206192017, 4.62623929977417, -1.684332013130188, -0.09491781890392303, 0.0037999011110514402, -0.005293725989758968, -0.5623781085014343, 2.461604595184326, -0.4081340432167053, -0.036620132625103, -0.010523022152483463, 0.003383378963917494, 1.6727958917617798, 2.235712766647339, -0.45017868280410767, -0.014393520541489124, 0.01509818434715271, -0.004817388020455837, 0.7995050549507141, 2.841111421585083, -1.2879602909088135, -0.021100210025906563, 0.002222495386376977, -0.007484573405236006, 1.216521143913269, 0.29630327224731445, -0.05795193463563919, 0.0003231293521821499, 0.026252251118421555, 0.000776167493313551, 0.28976210951805115, -0.7121681571006775, -0.36905637383461, -0.9214915633201599, -0.9955403208732605, -1.0, -1.0, -1.0, -0.316913902759552, -0.7707358598709106, -0.6732908487319946, 0.7039037346839905, -0.3493726849555969, -0.29957130551338196, 0.371465802192688, -1.0, 0.6801791787147522, 0.43642958998680115, 1.0, 0.6511031985282898]
[0.4333350360393524, -0.06245386600494385, -0.21202901005744934, -0.34312841296195984, -0.5212042927742004, -0.6698288321495056, 0.03140460327267647, -0.9110827445983887, -0.7611866593360901, -0.897682249546051, -0.4009670615196228, -0.7406364679336548, -0.8523135185241699, -0.8562674522399902, -0.1382271945476532, -0.1852739006280899, -0.6268670558929443, -0.3595677614212036, -0.5425858497619629, -0.1623988002538681, -0.40756145119667053, 0.18255262076854706, 0.27067768573760986, 0.5697137117385864, -0.052463043481111526, -0.6100367903709412, -0.04723214730620384, 0.7009245753288269, 0.9539990425109863, 0.41657310724258423, -0.3482724130153656, -0.05448489263653755, -0.01046991441398859, -0.002769892103970051, -0.07360460609197617, 0.12789645791053772, 0.22661958634853363, 0.07850804924964905, 0.8833006024360657, 0.04277371987700462, -0.17183135449886322, 1.2920492887496948, 1.5524513721466064, -1.8993147611618042, 1.3177931308746338, 0.07100281119346619, 0.8096294403076172, -0.43963423371315, 5.818784236907959, -0.22272470593452454, 0.23258985579013824, 0.2601264417171478, 0.19356505572795868, 0.09111502766609192, 0.289864718914032, -0.08318060636520386, -0.026095043867826462, -0.009722702205181122, 0.34354168176651, -0.07925156503915787, -0.03701772540807724, -0.01344003714621067, -0.049677759408950806, 0.2217671126127243, -0.3915826976299286, -0.2011633664369583, -0.05325097590684891, 0.03156775236129761, -0.1201511099934578, -0.07806346565485, 0.05980652570724487, 0.01657828316092491, 0.014324869029223919, -0.39457324147224426, 0.5132829546928406, 0.24890848994255066, -0.8055009245872498, 0.5071759223937988, 0.1788446456193924, -0.2040882706642151, -0.11512760072946548, -0.05704561248421669, 1.3065106868743896, -0.10027609020471573, 0.9663284420967102, 0.0, -0.38999998569488525, 0.47999998927116394, 0.012645297683775425, 0.2464054822921753, 0.9690790772438049, 0.0032153106294572353, 0.9041038155555725, 0.18814028799533844, -0.2432021200656891, 0.29673629999160767, -0.02173934131860733, -0.44503605365753174, 0.5101232528686523, 0.010407275520265102, -0.2764747440814972, 0.9593909382820129, -0.05497482419013977, 0.030040165409445763, 0.22062258422374725, -0.1080266684293747, -7.244139671325684, -1.0626940727233887, 0.3964761793613434, -0.00404136348515749, -0.4580240249633789, 0.4756961166858673, 0.009279001504182816, -0.6343675255775452, 0.7729099988937378, -0.010084711946547031, 0.20034445822238922, 0.037839703261852264, -0.5821899175643921, 3.396287679672241, -0.12137173116207123, 1.9854540824890137, 0.027965376153588295, -0.4519853889942169, 0.4839141368865967, 0.044787853956222534, -0.5948777794837952, 0.7988951206207275, -0.07668765634298325, 0.07823951542377472, 0.037726059556007385, -0.43613627552986145, 0.9222448468208313, -0.337997704744339, 0.580550491809845, 0.03280571848154068, -0.4352879822254181, 0.5242884159088135, -0.12604109942913055, -0.1765989363193512, 0.9737656712532043, -0.06860585510730743, -0.28859177231788635, 0.26767125725746155, -0.06776334345340729, -12.075202941894531, -4.840997695922852, -4.141281604766846, -0.08184714615345001, -0.36581191420555115, 0.5136508941650391, -0.17048922181129456, -0.5653738379478455, 0.7751662731170654, 0.2245059758424759, -0.2131221443414688, 0.36940646171569824, 0.24395929276943207, -8.71741771697998, -2.5666584968566895, -3.007645845413208, 1.4804599285125732, -2.6029419898986816, 0.47736066579818726, 0.05207091197371483, 0.005321876145899296, -0.008274881169199944, 1.5706462860107422, 0.3986913561820984, -0.13624845445156097, -0.0037423314061015844, 0.008185944519937038, -0.0021059627179056406, 1.889054298400879, 0.4930494427680969, -0.12503035366535187, -0.006044293753802776, 0.011947782710194588, -0.004333809949457645, 1.3870054483413696, 2.281773805618286, -1.1439151763916016, -0.01902436837553978, 0.001150056952610612, -0.01351272314786911, 1.0609804391860962, 1.4259791374206543, -0.04373980313539505, -0.012061559595167637, -0.0003973982820753008, -0.005799000151455402, 1.0, -0.6026252508163452, -0.14410848915576935, 0.3046814799308777, 0.27544212341308594, -0.9243987202644348, -0.9896504282951355, -0.7446588277816772, 0.2570236921310425, -0.7053027749061584, -0.734613835811615, 0.7119673490524292, 0.061055563390254974, -1.0, 0.3088332712650299, -1.0, 0.5066236257553101, 0.23852813243865967, 1.0, 0.2828402817249298]
[0.44181984663009644, -0.11644743382930756, -0.1868053525686264, -0.25438982248306274, -0.35354819893836975, -0.56124347448349, -0.01582140289247036, -0.9030851721763611, -0.729244589805603, -0.8920884132385254, -0.39098677039146423, -0.6612494587898254, -0.8568107485771179, -0.8536654114723206, -0.03081476502120495, -0.20924197137355804, -0.6639679670333862, -0.2688189148902893, -0.3904816806316376, -0.3017157316207886, -0.21518617868423462, 0.16266489028930664, 0.39007768034935, 0.4516007900238037, 0.0983852967619896, -0.21481680870056152, 0.18773798644542694, 0.9034533500671387, 1.8705158233642578, 1.6339181661605835, -0.136551171541214, 0.1868046373128891, 0.480878084897995, 0.1967749148607254, 0.12481968849897385, 1.0601027011871338, -0.1782582849264145, -0.027125263586640358, 0.27162572741508484, -0.17483647167682648, -0.44586920738220215, 0.5908014178276062, 1.156319499015808, -1.6218760013580322, 1.4177098274230957, -0.10861283540725708, 0.7013051509857178, -1.4256242513656616, 3.8112473487854004, 5.07676362991333, 0.16327129304409027, 0.3565135598182678, 0.16890454292297363, 0.10847386717796326, 0.20304755866527557, 0.4400938153266907, 0.20328205823898315, 0.08521103858947754, 0.2291507124900818, 0.5442250967025757, 0.17953328788280487, 0.05510605871677399, 0.16741740703582764, -0.05041014030575752, 0.030674656853079796, -0.06277413666248322, -0.054234012961387634, 0.019430093467235565, 0.271340936422348, 0.10762991011142731, 0.021460074931383133, -0.01442097220569849, 0.008260851725935936, -0.39558282494544983, 0.5143520832061768, 0.231354221701622, -0.8254970908164978, 0.5022940039634705, 0.11282946169376373, -0.5038114190101624, -0.016835566610097885, 0.1817198097705841, 0.3295759856700897, -1.7428900003433228, 0.3067234754562378, 0.0, -0.38999998569488525, 0.47999998927116394, 0.012645297683775425, 0.2464054822921753, 0.9690790772438049, 0.0032153106294572353, 0.9230570793151855, 0.18739283084869385, -0.17517122626304626, 0.286643922328949, -0.023255744948983192, -0.4407944679260254, 0.5115165114402771, 0.002044285647571087, -0.1524607390165329, 0.9870349764823914, -0.050134990364313126, -0.21887105703353882, 0.6248021125793457, 0.3576030135154724, -20.850297927856445, -2.102653741836548, -1.6784322261810303, -0.0034651237074285746, -0.45738163590431213, 0.4713907539844513, 0.01260288804769516, -0.6328728199005127, 0.7739843130111694, -0.01616458036005497, -0.05136578902602196, 0.04046068713068962, -0.006355294957756996, -3.240797996520996, -0.2601589858531952, 0.1777903288602829, 0.027027780190110207, -0.4514089822769165, 0.4829384386539459, 0.040143370628356934, -0.5834797024726868, 0.8075951337814331, -0.07569698989391327, -0.17286323010921478, 0.03784175589680672, 0.21648110449314117, -3.138699531555176, -0.5958131551742554, -1.2110224962234497, 0.031016074120998383, -0.4351585805416107, 0.5219611525535583, -0.14785830676555634, -0.09976906329393387, 0.9821726679801941, -0.05933583900332451, -0.10370773077011108, 0.06187588721513748, -0.12693952023983002, -6.0803046226501465, -1.6058176755905151, -1.9226914644241333, -0.08510445803403854, -0.3593532145023346, 0.5172389149665833, -0.19392330944538116, -0.5096739530563354, 0.8117043972015381, 0.20919381082057953, -0.22350724041461945, 0.5174016952514648, 0.335138201713562, -8.50854778289795, 0.026517942547798157, 0.5591335296630859, 1.008331298828125, -2.6385302543640137, 1.471789002418518, 0.06889592111110687, 0.002486692974343896, -0.008251558989286423, 1.1044647693634033, -3.049706220626831, 0.5776830315589905, 0.039465442299842834, 0.006379942409694195, -0.0015800835099071264, 1.2635853290557861, -2.690385580062866, 0.7279282212257385, 0.014750279486179352, 0.007946934551000595, -0.004779838491231203, -0.4752923250198364, 1.0712026357650757, 0.21216578781604767, -0.038165971636772156, -0.01161488238722086, -0.0005729670519940555, 0.15108656883239746, -1.190462350845337, 0.19485390186309814, 0.0033935075625777245, -0.01683836244046688, -0.0019161979435011744, 1.0, 0.060661137104034424, 0.20746979117393494, 0.3971572518348694, 0.9240992069244385, -0.677499532699585, -0.666501522064209, -0.3253113329410553, 0.5317791700363159, 0.28754204511642456, -0.9789732098579407, 0.05590636283159256, -0.5469029545783997, -1.0, -0.06158890202641487, -1.0, 0.9306522607803345, -0.15594422817230225, 1.0, -0.5712826251983643]
[0.48042356967926025, -0.1044926643371582, -0.08692538738250732, -0.21297161281108856, -0.19554845988750458, -0.35680729150772095, -0.061642516404390335, -0.8900807499885559, -0.7277901768684387, -0.8657934069633484, -0.33760884404182434, -0.5490623712539673, -0.8830062747001648, -0.8605446219444275, -0.038917426019907, -0.1930401772260666, -0.7142064571380615, -0.24201178550720215, -0.3147459030151367, -0.41885605454444885, -0.038574740290641785, 0.13654093444347382, 0.4909217655658722, 0.3148850202560425, 0.18115107715129852, 0.27732598781585693, 0.5300832390785217, 0.1069035530090332, 1.236721396446228, 1.9030770063400269, -0.22766843438148499, 0.13864101469516754, -0.2038099616765976, 0.133548304438591, 0.26981887221336365, 1.0121543407440186, -0.2799626290798187, -0.08646644651889801, -0.20016150176525116, 0.1931968778371811, -0.47759971022605896, 0.06321624666452408, 0.3357590138912201, -1.3545502424240112, 1.1955230236053467, -0.03808160498738289, 0.5865947604179382, -1.1742887496948242, 2.041250228881836, 5.489398956298828, 0.12038237601518631, 0.10561545193195343, -0.05721649155020714, -0.03881513327360153, 0.039940156042575836, 0.37109142541885376, 0.08712293207645416, 0.01179005391895771, 0.1295337975025177, 0.2965610921382904, 0.09552760422229767, 0.028000209480524063, 0.26392340660095215, 0.027695465832948685, 0.16831570863723755, 0.006422181613743305, -0.03492690250277519, 0.05875583365559578, 0.16586554050445557, 0.08009134232997894, -0.018340103328227997, 0.007856321521103382, -0.002804120536893606, -0.39553284645080566, 0.5180394649505615, 0.17042285203933716, -0.8348591327667236, 0.5232642889022827, 0.01267423015087843, -0.820615291595459, 0.014022676274180412, 0.26880595088005066, -0.07266949862241745, -3.1436593532562256, 0.21698258817195892, 0.0, -0.38999998569488525, 0.47999998927116394, 0.012645297683775425, 0.2464054822921753, 0.9690790772438049, 0.0032153106294572353, 0.9383673667907715, 0.1527290791273117, -0.06314998120069504, 0.30356645584106445, -0.027430478483438492, -0.4365481734275818, 0.5159890055656433, -0.0027527459897100925, 0.008976293727755547, 0.9996010661125183, -0.026634996756911278, -0.2973065674304962, 0.4834110140800476, 0.2856128215789795, -17.61504364013672, -0.437679648399353, -3.5975489616394043, -0.004809200298041105, -0.4574151039123535, 0.47331905364990234, 0.012380409985780716, -0.6176033616065979, 0.7861711978912354, -0.018644120544195175, -0.10130199044942856, -0.014276602305471897, 0.28011783957481384, -1.7225675582885742, -0.2514345943927765, 0.21246296167373657, 0.023182721808552742, -0.4509928822517395, 0.48962244391441345, 0.030747203156352043, -0.5557644963264465, 0.828351616859436, -0.06335516273975372, -0.3125312924385071, 0.04887166619300842, 0.5982151031494141, -4.589005947113037, -0.2576991021633148, -2.299333095550537, 0.02931862324476242, -0.4362429976463318, 0.520804226398468, -0.14854508638381958, -0.0765734538435936, 0.9847641587257385, -0.04806505888700485, -0.11908745765686035, -0.06677931547164917, -0.005874824244529009, -0.17093273997306824, 0.798464298248291, -1.5580979585647583, -0.08893415331840515, -0.35049140453338623, 0.5215566754341125, -0.20738910138607025, -0.44497624039649963, 0.8484668135643005, 0.19771134853363037, -0.23891067504882812, 0.6726590991020203, 0.35973086953163147, -9.421807289123535, 0.6799526214599609, -1.0948714017868042, 0.6310880184173584, 0.9000342488288879, 0.6586511135101318, -0.02531462162733078, -0.0004851217963732779, -0.007979286834597588, 0.22422505915164948, -1.4117919206619263, 0.5700334310531616, -0.009386824443936348, -0.0006819635163992643, 0.0005468190065585077, 0.6801000237464905, -1.5145001411437988, 0.6164312958717346, 0.005282712168991566, 0.00420784018933773, -0.0036443036515265703, -0.011105458252131939, 0.40531501173973083, 0.8409847021102905, -0.02884717844426632, -0.005988440942019224, -0.006951462011784315, 0.20516985654830933, -0.8193421959877014, 0.3077610433101654, 0.003209396731108427, 0.004573602229356766, 0.0005611295346170664, 1.0, 0.4202311933040619, 0.7925410270690918, -0.2926871180534363, 0.40039435029029846, -0.9682007431983948, -0.8501084446907043, -1.0, 0.7524312734603882, 0.23177051544189453, -1.0, -0.3824087977409363, 0.21775320172309875, -1.0, -0.298666775226593, -1.0, 0.8573284149169922, 0.12591814994812012, 1.0, -0.3442489802837372]
[0.5369254350662231, -0.06737478822469711, 0.061420705169439316, -0.26943066716194153, -0.05544909089803696, -0.1782304048538208, -0.1449028104543686, -0.8716304302215576, -0.7589340209960938, -0.8658713102340698, -0.22460776567459106, -0.39681851863861084, -0.9107109308242798, -0.8706022500991821, -0.10839594155550003, -0.07644478976726532, -0.7603276968002319, -0.24399493634700775, -0.3015073835849762, -0.43381038308143616, 0.12399112433195114, 0.12423796206712723, 0.5805790424346924, 0.21466846764087677, 0.23480640351772308, 0.24714823067188263, 0.651061475276947, -0.8655585646629333, 1.3142091035842896, 1.5395588874816895, -0.4356570839881897, 0.17185790836811066, -0.33974096179008484, -0.07114478200674057, 0.611207902431488, 1.6525627374649048, -0.22516821324825287, -0.09031342715024948, -0.38721176981925964, 0.6353753209114075, -0.403813898563385, -0.06248989328742027, 0.02600119821727276, 0.441315621137619, 1.1540915966033936, -0.024624546989798546, 0.5267099142074585, -0.798071563243866, 1.321129560470581, -0.4387703835964203, 0.04762788861989975, -0.23825615644454956, -0.09963445365428925, -0.04509802162647247, -0.06119740009307861, -0.05691783130168915, -0.03244756907224655, -0.01700347103178501, 0.21288760006427765, 0.15144066512584686, 0.0792982280254364, 0.03099249303340912, -0.1086571216583252, 0.1262645423412323, -0.041075438261032104, -0.019160021096467972, -0.012317161075770855, 0.3706311881542206, -0.02648763358592987, -0.013657399453222752, -0.20134803652763367, -0.05247044935822487, -0.018204038962721825, -0.39469876885414124, 0.5218414068222046, 0.0694679245352745, -0.8292745351791382, 0.5377141833305359, -0.13543084263801575, -0.9841054677963257, 0.0674218162894249, 0.23771944642066956, 0.3508453369140625, -4.9864020347595215, -0.31378185749053955, 0.0, -0.38999998569488525, 0.47999998927116394, 0.012645297683775425, 0.2464054822921753, 0.9690790772438049, 0.0032153106294572353, 0.9380642771720886, 0.09122494608163834, 0.10536840558052063, 0.3171927332878113, -0.032937634736299515, -0.4348272681236267, 0.5180867314338684, 0.0024883518926799297, 0.1227002814412117, 0.9924119710922241, 0.007539294194430113, -0.32411301136016846, 0.20735540986061096, -0.02465188503265381, -11.186300277709961, 0.6850582957267761, -4.353432655334473, -0.006389657501131296, -0.4576128423213959, 0.4774225354194641, 0.014189042150974274, -0.6127797365188599, 0.7897548675537109, -0.02422376349568367, -0.07377978414297104, -0.0035907295532524586, 0.22671428322792053, -0.03947261720895767, -0.26671740412712097, 0.987775444984436, 0.01690094731748104, -0.44934505224227905, 0.5006223320960999, 0.016347041353583336, -0.509280800819397, 0.8595762848854065, -0.03865835443139076, -0.49906104803085327, 0.20497876405715942, 0.8194884061813354, -7.896183490753174, -0.1886729896068573, -4.28125524520874, 0.025576576590538025, -0.43783870339393616, 0.5194461345672607, -0.140539288520813, -0.08910799026489258, 0.9857965707778931, -0.022659216076135635, -0.27171674370765686, -0.1297803670167923, -0.12357396632432938, 2.8747050762176514, 1.458824872970581, -3.357187271118164, -0.09037639200687408, -0.3427940905094147, 0.5272436738014221, -0.19065557420253754, -0.39632150530815125, 0.8719519972801208, 0.21512627601623535, 0.04093768447637558, 0.44089460372924805, 0.4527047574520111, -2.9765543937683105, 6.265414714813232, -1.9175955057144165, 0.283546507358551, 1.0585857629776, -1.2161192893981934, -0.029219230636954308, -0.0005439100787043571, -0.002476025838404894, -0.32145601511001587, 0.49127888679504395, -0.11476398259401321, -0.009634288027882576, -0.00548484968021512, 0.0026082410477101803, 1.0850701332092285, -1.040597915649414, 0.07509403675794601, 0.01538352482020855, 0.010036746971309185, -0.006384293083101511, 0.700200080871582, 0.2724873423576355, -0.2289057970046997, -0.008229851722717285, -0.0003169694682583213, -0.009849798865616322, -2.3642988204956055, 0.2288353592157364, 1.0039310455322266, -0.011121366173028946, -0.014641668647527695, -0.026835322380065918, 1.0, 0.09858715534210205, 1.0, -1.0, 0.7063624858856201, -1.0, -0.7915950417518616, -1.0, 1.0, 0.7892696857452393, -1.0, -0.6561899781227112, 1.0, -1.0, -0.3056276738643646, 0.03436526283621788, 1.0, 0.07036178559064865, 1.0, -0.20815107226371765]
[0.6047243475914001, -0.06370089203119278, 0.21156512200832367, -0.3700472414493561, 0.10021767765283585, -0.014556357637047768, -0.26464730501174927, -0.8330234289169312, -0.7953068614006042, -0.8761976361274719, -0.05123134329915047, -0.22337999939918518, -0.9333744645118713, -0.8782397508621216, -0.1506754457950592, 0.06631840765476227, -0.7037043571472168, -0.2779485583305359, -0.3071710765361786, -0.30294615030288696, 0.27431511878967285, 0.08810361474752426, 0.6615477800369263, 0.12369773536920547, 0.25522828102111816, -0.11545214802026749, 0.600709855556488, -0.971014678478241, 1.4991945028305054, 1.609629511833191, -0.5182806849479675, 0.4465363025665283, -0.334325909614563, -0.1076609268784523, 0.8294846415519714, 1.1853344440460205, -0.27896925806999207, -0.0712074264883995, 0.25173866748809814, 0.5009042024612427, 1.367664098739624, -0.3576347827911377, -0.1061457023024559, 2.250298023223877, 1.03573739528656, -0.12380438297986984, 0.4649764597415924, -0.8670662045478821, -0.11904983967542648, -3.997626543045044, -0.030256740748882294, -0.20637206733226776, -0.04247120022773743, -0.0016839361051097512, -0.027444995939731598, -0.22200673818588257, -0.07027804106473923, -0.021803412586450577, 0.11135116219520569, -0.8890429139137268, -0.3840174674987793, -0.13797104358673096, 0.6497371196746826, 0.06143330782651901, 1.1496661901474, 0.4546208679676056, 0.14469772577285767, 0.37213000655174255, -0.20242930948734283, -0.12285391986370087, -0.2467920184135437, -0.08362293988466263, -0.03470446914434433, -0.3935454189777374, 0.5235989093780518, -0.029531413689255714, -0.8051139712333679, 0.5162830352783203, -0.2904670834541321, -1.0261446237564087, 0.07493411749601364, -0.004260543268173933, -0.005534531082957983, -1.831295371055603, 1.0988973379135132, 0.0, -0.38999998569488525, 0.47999998927116394, 0.012645297683775425, 0.2464054822921753, 0.9690790772438049, 0.0032153106294572353, 0.9110121726989746, 0.03383719548583031, 0.2802414000034332, 0.30062729120254517, -0.039109282195568085, -0.43422767519950867, 0.515528678894043, 0.014371111057698727, 0.20821523666381836, 0.977061927318573, 0.042306363582611084, -0.3208131790161133, 0.1674054116010666, -0.3271879255771637, -10.069867134094238, 1.3531240224838257, -4.142248630523682, -0.007835960946977139, -0.4573296308517456, 0.47922441363334656, 0.018108852207660675, -0.6141669750213623, 0.7882400751113892, -0.03388871252536774, -0.06377486884593964, 0.030177133157849312, 0.012254087254405022, 0.5487635731697083, -0.35683780908584595, 1.2912269830703735, 0.009031975641846657, -0.4460572600364685, 0.5092381238937378, -0.0006621847278438509, -0.4595929980278015, 0.8881281018257141, -0.001476226607337594, -0.5328140258789062, 0.21893160045146942, 0.2727645933628082, -3.601388692855835, 0.7205306887626648, -5.377880096435547, 0.01883823052048683, -0.43767181038856506, 0.5199949741363525, -0.13834694027900696, -0.08824082463979721, 0.9863545894622803, 0.013348685577511787, -0.5661075115203857, 0.23564904928207397, 0.33639001846313477, -3.85726261138916, -1.0904453992843628, -5.067780017852783, -0.08726892620325089, -0.3405626714229584, 0.5345033407211304, -0.11170807480812073, -0.39664706587791443, 0.8742589950561523, 0.2566389739513397, 0.4397185742855072, -0.10395509749650955, 0.4598301649093628, 6.318775177001953, 12.203346252441406, 0.31254100799560547, -0.18959566950798035, -0.12426324188709259, -1.3173489570617676, -0.003547884523868561, 0.00064177525928244, 0.002343695145100355, -0.1404356211423874, 1.167635202407837, -0.38732293248176575, -0.004288885742425919, -0.0006816702662035823, 0.0008733924478292465, 0.374390184879303, 5.295786380767822, -1.0684086084365845, -0.058534249663352966, 0.004839342553168535, -0.0036773597821593285, 1.0164140462875366, -4.580488681793213, 5.020542144775391, 0.07599038630723953, 0.03119257465004921, 0.016004808247089386, -3.4114983081817627, 1.6762818098068237, 1.1286346912384033, -0.021411746740341187, -0.02903897315263748, -0.024213086813688278, 1.0, -0.3728400468826294, 1.0, -1.0, 1.0, -1.0, -0.546526312828064, -1.0, 1.0, 1.0, -1.0, -0.7646347284317017, 1.0, -0.1490744650363922, -0.6571283936500549, 1.0, 1.0, -0.3214377760887146, 1.0, -0.42222878336906433]
[0.683684229850769, -0.1084243580698967, 0.34338805079460144, -0.4679011106491089, 0.2515765130519867, 0.16147160530090332, -0.35608723759651184, -0.7464391589164734, -0.7915512919425964, -0.8842694163322449, 0.11651546508073807, -0.07535704225301743, -0.9575425386428833, -0.8864496350288391, -0.17657248675823212, 0.14460915327072144, -0.5343455672264099, -0.29110050201416016, -0.3154660165309906, -0.12798665463924408, 0.3968992233276367, -0.01691281795501709, 0.7371030449867249, 0.10040146112442017, 0.27527761459350586, -0.43604737520217896, 0.5175463557243347, -0.8761469721794128, 1.3418521881103516, 1.6546077728271484, 0.09873999655246735, 0.9896227717399597, 0.2573085427284241, 0.005352668464183807, 0.3317413926124573, 1.3139777183532715, -0.23173673450946808, -0.07436015456914902, -0.37139448523521423, 0.14085334539413452, 1.7166894674301147, 0.028115374967455864, -0.032993167638778687, 2.187807321548462, 0.8074519038200378, -0.3274945318698883, 0.43836531043052673, 0.12349527329206467, -1.778005599975586, -2.840585231781006, -0.07936875522136688, -0.11240026354789734, -0.033104944974184036, -0.009188460186123848, 0.4461514353752136, -0.09077366441488266, 0.02181342989206314, 0.02024536021053791, -0.3730127513408661, -0.29162806272506714, -0.11072145402431488, -0.037167325615882874, -0.6388338804244995, -0.19373051822185516, -0.29070067405700684, -0.04457314312458038, -7.613591151311994e-05, -0.03153247386217117, -0.2143627554178238, -0.15463683009147644, -0.035402681678533554, 0.012085837312042713, -0.03904903680086136, -0.3964225947856903, 0.5284655094146729, -0.2633512318134308, -0.7769314646720886, 0.3953248858451843, -0.41320905089378357, -0.35050418972969055, -0.04051482304930687, 0.3385063111782074, -1.3783063888549805, 4.375088691711426, 1.7816944122314453, 0.0, -0.38999998569488525, 0.47999998927116394, 0.012645297683775425, 0.2464054822921753, 0.9690790772438049, 0.0032153106294572353, 0.8546966314315796, -0.16088823974132538, 0.45677000284194946, 0.18700216710567474, -0.045650821179151535, -0.4335392415523529, 0.50876384973526, 0.03207463398575783, 0.28186270594596863, 0.9561237692832947, 0.07315690070390701, -0.308092325925827, 0.14375773072242737, -0.5573530793190002, -8.272322654724121, 2.051889419555664, -3.719245195388794, -0.010758553631603718, -0.45631760358810425, 0.4796343147754669, 0.01622108742594719, -0.5988275408744812, 0.799760639667511, -0.03905470296740532, -0.3523309528827667, 0.08368886262178421, 0.07160315662622452, -4.06030797958374, -0.5997651219367981, -1.9970158338546753, 0.0013312267838045955, -0.44276344776153564, 0.5117731094360352, -0.014274206012487411, -0.43052858114242554, 0.9016707539558411, 0.03783218935132027, -0.3392576575279236, 0.2321683019399643, 0.06287983059883118, -2.8266143798828125, 0.7179597616195679, -2.9633898735046387, 0.011556627228856087, -0.4345754086971283, 0.5224313735961914, -0.13455982506275177, -0.04699771851301193, 0.988584041595459, 0.048849787563085556, -0.2711945176124573, 0.28671959042549133, 0.05578608065843582, -4.730733394622803, 2.2926857471466064, -4.10491943359375, -0.0823395624756813, -0.3430419862270355, 0.5390735268592834, -0.035518962889909744, -0.4240492880344391, 0.852495551109314, 0.30359843373298645, 0.37993213534355164, -0.32167765498161316, 0.12214551120996475, 7.314307689666748, 7.657815933227539, -2.1415927410125732, -0.5300284028053284, -0.05664990842342377, -0.8280460834503174, -0.010038209147751331, 0.0019098602933809161, 0.004133879207074642, 2.434582233428955, -0.09122662991285324, -0.14750397205352783, 0.01887696050107479, 0.030788682401180267, -0.01309066079556942, -2.467648506164551, 1.5668444633483887, -0.5810562968254089, -0.013664658181369305, -0.023259811103343964, 0.023391058668494225, -1.5188374519348145, 0.22533318400382996, -1.5539140701293945, 0.0033038617111742496, -0.01503235287964344, 0.010198153555393219, -0.1905549317598343, 2.12457275390625, -0.017436526715755463, -0.015160600654780865, 0.015134723857045174, 0.0055482047609984875, 1.0, -0.6493931412696838, 1.0, -1.0, 1.0, -1.0, 0.0707593485713005, -0.48654481768608093, 0.4822844862937927, 1.0, -1.0, -0.5459153056144714, 1.0, 0.48092028498649597, -0.25520655512809753, 1.0, 1.0, -0.8683640956878662, 1.0, 0.3430253565311432]
[0.7565084099769592, -0.1542370766401291, 0.41214779019355774, -0.49113741517066956, 0.2987516224384308, 0.28624868392944336, -0.311368465423584, -0.7222324013710022, -0.8018004298210144, -0.8910825252532959, 0.09582231938838959, -0.033080387860536575, -0.9759410619735718, -0.8930968046188354, -0.26811474561691284, 0.15256483852863312, -0.46459123492240906, -0.23499490320682526, -0.30676859617233276, 0.030197748914361, 0.3976699113845825, -0.1457017958164215, 0.78769451379776, 0.1184287741780281, 0.2572287917137146, -0.29219621419906616, 0.13146935403347015, 0.07102926075458527, 0.04719310253858566, 0.709972620010376, 0.14368794858455658, 0.06387742608785629, -0.15668323636054993, -0.06821989268064499, -0.250623494386673, -0.04627159610390663, -0.11352495104074478, -0.051070261746644974, -0.35102617740631104, -0.008488018997013569, 0.0782695934176445, 0.7494549751281738, 0.18327105045318604, 1.9529898166656494, -0.3868286907672882, -0.30262574553489685, 0.18192031979560852, 0.1908542513847351, -1.1575068235397339, 0.7873857617378235, -0.11406421661376953, 0.1581430584192276, -0.0007859431207180023, -0.04126647487282753, -0.029927175492048264, 0.14850251376628876, 0.0782337337732315, 0.0330951102077961, -0.11108776926994324, -0.25945332646369934, -0.0939781591296196, -0.03303052857518196, 0.2705610394477844, -0.005239589139819145, -0.24833083152770996, -0.07918448746204376, -0.019312784075737, 0.09692658483982086, -0.31452712416648865, -0.17237602174282074, -0.10607990622520447, -0.032167959958314896, -0.039594706147909164, -0.3947010934352875, 0.5262826085090637, -0.3404180407524109, -0.7515242695808411, 0.3787217140197754, -0.41940027475357056, -0.0018606064841151237, 0.1251290738582611, -0.2759016156196594, 0.44690704345703125, -0.9240469932556152, -1.2606526613235474, 0.0, -0.38999998569488525, 0.47999998927116394, 0.012645297683775425, 0.2464054822921753, 0.9690790772438049, 0.0032153106294572353, 0.825814425945282, -0.2337549328804016, 0.4820273518562317, 0.17617835104465485, -0.050764866173267365, -0.4324304461479187, 0.5041971206665039, 0.04646734893321991, 0.3234933614730835, 0.940605103969574, 0.09194961935281754, -0.2249400019645691, 0.09523346275091171, -0.21763114631175995, -2.5699830055236816, 0.9654742479324341, -1.7992274761199951, -0.016399336978793144, -0.4556715488433838, 0.47621068358421326, 0.0047319866716861725, -0.6076911091804504, 0.7938098311424255, -0.023560870438814163, -0.3323522210121155, 0.03020945005118847, -0.27442002296447754, 2.2721567153930664, 0.05872306972742081, -1.972853422164917, -0.002498263493180275, -0.4422910213470459, 0.5092850923538208, -0.018085788935422897, -0.4365544617176056, 0.8983855247497559, 0.044681377708911896, -0.18477773666381836, -0.07112014293670654, -0.2768774926662445, 2.4941508769989014, -0.4286952018737793, -0.06380941718816757, 0.008378644473850727, -0.4335169494152069, 0.5200057029724121, -0.11719004809856415, -0.017296290025115013, 0.9905522465705872, 0.0690896213054657, -0.11852509528398514, 0.03748657926917076, -0.23147892951965332, -2.3322503566741943, 1.985624074935913, -2.077091693878174, -0.07970615476369858, -0.348523885011673, 0.5381038188934326, 0.010194186121225357, -0.4734124541282654, 0.814551055431366, 0.33508700132369995, 0.1025380864739418, -0.47764110565185547, -0.28955352306365967, 10.005358695983887, 3.125739336013794, -1.8213176727294922, -0.5683611631393433, 0.8284902572631836, 0.5803221464157104, -0.028839120641350746, 0.008613673970103264, 0.008146973326802254, -0.1677035540342331, -1.0846216678619385, 0.22218084335327148, 0.016825785860419273, -0.0001830438559409231, -0.0003440172004047781, -0.700991690158844, 1.3136428594589233, -0.03613298758864403, -0.0133258868008852, -0.005893552675843239, 0.006700028199702501, 0.0779949277639389, 0.8128547072410583, -0.6965272426605225, -0.007119965739548206, 0.008132919669151306, 0.003934016451239586, -1.1907262802124023, 2.3019418716430664, 0.6030864715576172, -0.017006097361445427, -0.013116331771016121, 0.00404603686183691, 1.0, -0.40484654903411865, 0.3505000174045563, -0.33715859055519104, 0.18139803409576416, -0.8460519313812256, -0.6453070640563965, -0.8781922459602356, -0.28102242946624756, -0.09193381667137146, -1.0, -0.7459346652030945, 1.0, -0.8878540992736816, 0.2829667627811432, 1.0, -0.17558163404464722, -0.8582920432090759, 0.7620857954025269, 0.24318662285804749]
[0.8159947991371155, -0.22412937879562378, 0.40663930773735046, -0.4765044152736664, 0.2434578537940979, 0.30837273597717285, -0.311550110578537, -0.7296889424324036, -0.8231783509254456, -0.9040314555168152, 0.02031361311674118, -0.08549309521913528, -0.9707953929901123, -0.8938654065132141, -0.34592294692993164, 0.17176252603530884, -0.464598149061203, -0.24462732672691345, -0.2934865951538086, 0.09564763307571411, 0.36985960602760315, -0.2609539330005646, 0.8145851492881775, 0.08288893103599548, 0.1983879655599594, -0.6300711035728455, -0.10599805414676666, 0.15588222444057465, -0.8060563206672668, -0.09851223230361938, -0.05721425637602806, -0.1922585815191269, -0.24779997766017914, -0.16748498380184174, -0.3433150351047516, -0.6890539526939392, 0.1415678858757019, 0.030230069532990456, -0.3660244941711426, 0.12190841883420944, -0.04347282275557518, -0.5336465239524841, -0.02566385269165039, 0.1948920488357544, -0.11775807291269302, -0.27866098284721375, 0.16555112600326538, -0.5923826098442078, -1.5711301565170288, -3.7612760066986084, -0.0797424167394638, -0.16445399820804596, -0.07737918943166733, -0.04235643893480301, -0.09698618203401566, -0.35776466131210327, -0.1428678035736084, -0.052249807864427567, -0.057696033269166946, -0.3921912610530853, -0.1364641785621643, -0.04308255761861801, -0.3226824402809143, 0.004640419036149979, -0.205793559551239, -0.14604654908180237, -0.06629814207553864, -0.32895413041114807, -0.07844620943069458, -0.034052662551403046, 0.16803167760372162, 0.03528444096446037, -0.03997441753745079, -0.3949058949947357, 0.5192008018493652, -0.37074393033981323, -0.744427502155304, 0.3738533556461334, -0.41062164306640625, -0.062528595328331, -0.13211728632450104, -0.5008881688117981, 0.6737100481987, -0.14956419169902802, -0.35094091296195984, 0.0, -0.38999998569488525, 0.47999998927116394, 0.012645297683775425, 0.2464054822921753, 0.9690790772438049, 0.0032153106294572353, 0.817529022693634, -0.26522180438041687, 0.4810667037963867, 0.17285405099391937, -0.05414468050003052, -0.4325641691684723, 0.49835404753685, 0.048740286380052567, 0.2965249717235565, 0.9485456347465515, 0.09979160130023956, -0.17803220450878143, -0.1311255544424057, -0.39623671770095825, 6.7848734855651855, -1.1765059232711792, -0.5922003388404846, -0.020046258345246315, -0.4546826481819153, 0.4685010015964508, -0.0023411475121974945, -0.6366975903511047, 0.7709177732467651, -0.017214680090546608, -0.18061767518520355, 0.0569077730178833, -0.7102758884429932, 6.171416282653809, -0.23978732526302338, -0.6392800807952881, -0.004839984700083733, -0.44436129927635193, 0.5005269050598145, -0.02027687057852745, -0.4718051254749298, 0.8805789351463318, 0.0396156907081604, -0.1108487993478775, -0.19897368550300598, -0.7509445548057556, 5.683543682098389, -0.883915364742279, 0.6722023487091064, 0.00597348902374506, -0.43552887439727783, 0.5120316743850708, -0.10492236167192459, -0.04472577944397926, 0.9900149703025818, 0.08283205330371857, -0.1258307844400406, -0.2822713851928711, -0.6241287589073181, 7.339518070220947, 0.6829745769500732, -0.5851609706878662, -0.08059111982584, -0.3517337143421173, 0.5340672135353088, 0.036067742854356766, -0.5220082998275757, 0.7814943790435791, 0.3398131728172302, -0.13561666011810303, -0.13695842027664185, -0.3731175363063812, 6.397368907928467, -0.5609485507011414, 0.3157583475112915, -0.4951821267604828, 0.17591065168380737, -1.2837742567062378, -0.03971777483820915, 0.003709038719534874, 0.005118994973599911, -0.5339202880859375, 2.138673782348633, -0.5011138916015625, -0.020169705152511597, -0.003573107533156872, 0.002304901136085391, -0.41438356041908264, 1.990893006324768, -0.7175547480583191, -0.013219160959124565, -0.00235066213645041, 0.00188255007378757, 0.06511480361223221, 1.447065830230713, -1.5080665349960327, -0.044592149555683136, 0.00018459615239407867, -0.0014973967336118221, 1.8146634101867676, 0.6529102325439453, -1.134683609008789, 0.0056654224172234535, 0.0062498305924236774, 0.02130371518433094, 1.0, -1.0, 0.1468168944120407, -0.4055651128292084, -0.3909311294555664, -1.0, -0.6439881920814514, -0.8292158246040344, -0.7043987512588501, -0.9792270064353943, -1.0, -0.9042696356773376, 1.0, -0.6257518529891968, -0.8095937371253967, -0.08771640062332153, 0.3453376293182373, -0.8785277605056763, 1.0, -0.39886578917503357]
[0.8613767623901367, -0.3102037012577057, 0.3633791506290436, -0.4350416660308838, 0.19285111129283905, 0.29151633381843567, -0.3256758153438568, -0.7515572905540466, -0.8066990375518799, -0.9191762804985046, -0.06097499653697014, -0.17124547064304352, -0.9544780850410461, -0.8887876868247986, -0.4222926199436188, 0.17513000965118408, -0.4881022870540619, -0.3303366005420685, -0.31095147132873535, 0.07911932468414307, 0.3405627906322479, -0.372405081987381, 0.8388158679008484, 0.032260797917842865, 0.15002058446407318, -0.5877802968025208, -0.21631474792957306, 0.5078332424163818, -0.28479787707328796, -0.1405409723520279, -0.052587468177080154, -0.21344676613807678, 0.357369065284729, -0.08705668896436691, -0.34176382422447205, -0.8458651900291443, 0.1583215594291687, 0.056862857192754745, -0.3333145081996918, -0.03260001167654991, -0.299672394990921, -0.9258078932762146, -0.2549154460430145, -0.42549967765808105, -0.2645915448665619, -0.2757246792316437, 0.1481972187757492, -0.40001747012138367, -1.2695420980453491, 0.7921871542930603, -0.04575357586145401, 0.10282870382070541, 0.06790927052497864, 0.025318197906017303, -0.04913249611854553, 0.04658456891775131, 0.05807521194219589, 0.028171200305223465, -0.026170162484049797, 0.0045598275028169155, -0.0014047157019376755, -0.000537792278919369, 0.060736238956451416, -0.09163152426481247, 0.0027747945860028267, -0.02843489684164524, -0.019350074231624603, -0.1317664086818695, -0.03196214884519577, -0.01649625599384308, 0.06507384777069092, 0.028583789244294167, -0.041647784411907196, -0.3973361849784851, 0.5113962292671204, -0.3394767940044403, -0.7714554667472839, 0.380982369184494, -0.3800848126411438, -0.11931180208921432, -0.16245894134044647, -0.43452051281929016, -0.4433303475379944, 2.210221290588379, 1.0717904567718506, 0.0, -0.38999998569488525, 0.47999998927116394, 0.012645297683775425, 0.2464054822921753, 0.9690790772438049, 0.0032153106294572353, 0.8451922535896301, -0.24262294173240662, 0.443450927734375, 0.1735963076353073, -0.05595030635595322, -0.43212777376174927, 0.49220898747444153, 0.04616527259349823, 0.2622744143009186, 0.9586753249168396, 0.10011214017868042, -0.07973422855138779, 0.03494495525956154, -0.2902187705039978, 2.494072437286377, -0.4971071481704712, 0.3008604645729065, -0.02239350602030754, -0.45300719141960144, 0.45920515060424805, -0.007927574217319489, -0.6620516180992126, 0.7492579221725464, -0.015405056066811085, -0.12835979461669922, 0.11054610460996628, -0.5514475703239441, 2.6336894035339355, -0.371021032333374, -0.5029802918434143, -0.006189095787703991, -0.4464697241783142, 0.48860856890678406, -0.022208476439118385, -0.5159090161323547, 0.8557950854301453, 0.030972909182310104, -0.05025181546807289, -0.1428631991147995, -0.7967233657836914, 6.022244930267334, -1.0124852657318115, 0.905636191368103, 0.004597051534801722, -0.4388352036476135, 0.5004733204841614, -0.09780331701040268, -0.1273311972618103, 0.9832234382629395, 0.08656160533428192, -0.06255169212818146, -0.3506596088409424, -0.7508706450462341, 11.111342430114746, -0.5372980237007141, 1.0760043859481812, -0.08390109241008759, -0.35201290249824524, 0.5290705561637878, 0.03226875886321068, -0.5592473149299622, 0.7596597075462341, 0.33033061027526855, -0.2619335651397705, 0.013673434033989906, -0.3753955662250519, 3.6946725845336914, -3.3359155654907227, -0.8813174962997437, -0.2910507619380951, -0.29880785942077637, 0.8085740804672241, 0.020836079493165016, 0.0021901335567235947, 0.0022301580756902695, -0.28759217262268066, -0.7564788460731506, 0.12508748471736908, 0.016824020072817802, -0.0013678731629624963, 4.35700494563207e-05, -0.2353593409061432, -0.012446943670511246, 0.07720629870891571, -0.0007244964363053441, -0.0007515513570979238, 0.00025423424085602164, -0.4071008563041687, 0.37691861391067505, -0.08354981243610382, -0.013696296140551567, 0.0007467541145160794, 0.005036590155214071, 1.0068068504333496, 0.21578851342201233, -0.3665796220302582, 0.0017897933721542358, 0.012474880553781986, 0.009992524050176144, 1.0, -0.7154538035392761, 0.014421503990888596, -0.04653696343302727, 0.126029372215271, -1.0, -0.4611138701438904, -0.25005653500556946, -0.6141058206558228, -1.0, -1.0, -1.0, 0.574516236782074, -0.8535763025283813, -0.9713596701622009, -0.2259289026260376, 0.15568853914737701, -0.9503723382949829, 1.0, -0.17017337679862976]
[0.8945249915122986, -0.3365897238254547, 0.30563122034072876, -0.38057151436805725, 0.1832667887210846, 0.28273263573646545, -0.346169114112854, -0.7648439407348633, -0.8156152367591858, -0.9285463094711304, -0.13468493521213531, -0.2753705680370331, -0.9467078447341919, -0.8845223784446716, -0.48575571179389954, 0.1590810865163803, -0.5475029945373535, -0.3968651592731476, -0.3371724486351013, 0.020391790196299553, 0.2346639782190323, -0.4757251441478729, 0.8424202799797058, 0.04051894322037697, 0.10710503906011581, 0.09941314160823822, -0.2484833300113678, 0.5119678974151611, 0.01764599047601223, -0.03359883651137352, -0.11691838502883911, -0.06178341433405876, -0.30648550391197205, -0.13764125108718872, -0.2876597046852112, -1.005387306213379, 0.03408890217542648, 0.029024017974734306, -0.26829656958580017, -0.07312774658203125, -0.6791965365409851, -0.4505082070827484, -0.20545025169849396, -0.8958845138549805, -1.0303661823272705, -0.2506132125854492, -0.0330880843102932, 0.32584768533706665, -0.972144365310669, 9.651697158813477, -0.019192473962903023, 0.4260723292827606, 0.09113676100969315, 0.01353718526661396, -0.08131671696901321, 0.6837702393531799, 0.19777491688728333, 0.05592707172036171, -0.010435955598950386, 0.5384308099746704, 0.181211918592453, 0.056566912680864334, 0.8010796308517456, -0.1224864199757576, 0.4517833888530731, 0.16230198740959167, 0.04964270442724228, -0.2691483795642853, 0.10165233910083771, 0.03839780017733574, 0.11804363131523132, 0.05931340903043747, -0.04356766119599342, -0.39945220947265625, 0.5054989457130432, -0.24844388663768768, -0.8048055171966553, 0.4187122881412506, -0.33947569131851196, -0.11479011923074722, -0.10008712112903595, -0.26714617013931274, -1.386188268661499, 2.8062078952789307, 1.617517113685608, 0.0, -0.38999998569488525, 0.47999998927116394, 0.012645297683775425, 0.2464054822921753, 0.9690790772438049, 0.0032153106294572353, 0.8865871429443359, -0.16499550640583038, 0.3813660144805908, 0.20322366058826447, -0.05659439414739609, -0.43069297075271606, 0.4921814203262329, 0.04354766383767128, 0.26851582527160645, 0.9575010538101196, 0.0958881750702858, -0.022295832633972168, 0.13625827431678772, 0.19259554147720337, -2.9600088596343994, 0.18210837244987488, 0.7296997308731079, -0.023876620456576347, -0.4522239565849304, 0.4557519555091858, -0.01041648630052805, -0.6769208312034607, 0.7358221411705017, -0.015345084480941296, -0.06275563687086105, -0.0025354456156492233, -0.006627727299928665, 2.01401948928833, -0.11365438997745514, 0.11176613718271255, -0.006789826788008213, -0.4482092261314392, 0.48088929057121277, -0.02300628460943699, -0.5529822707176208, 0.8325870037078857, 0.021913081407546997, -0.011215196922421455, -0.11888782680034637, -0.3147992789745331, 4.159139156341553, -0.6902239918708801, 0.8994458913803101, 0.004192857071757317, -0.4414529800415039, 0.4926452934741974, -0.09387068450450897, -0.20013901591300964, 0.971713662147522, 0.08309806138277054, -0.008202685043215752, -0.2190023958683014, -0.3208635151386261, 6.777072906494141, -0.40089210867881775, 1.1407039165496826, -0.08934534341096878, -0.35012054443359375, 0.5237745046615601, -0.018233586102724075, -0.5832163691520691, 0.7461080551147461, 0.32070061564445496, -0.4610544741153717, 0.20525266230106354, -0.33746108412742615, -0.6239534020423889, -7.501774787902832, -4.342959403991699, -0.07176006585359573, 0.9850239753723145, 2.61519193649292, 0.028312543407082558, 0.002290333854034543, -0.0006457758718170226, -0.4685491919517517, -3.2299299240112305, 1.043198585510254, 0.007478122599422932, -0.004079365637153387, -0.0011450392194092274, -0.1439208686351776, -2.8039143085479736, 1.417732834815979, 0.01450820080935955, -0.00019252313359174877, -0.0012101107276976109, -0.6255308389663696, -1.528688907623291, 2.550234794616699, 0.02671237289905548, 0.0013120174407958984, 0.005257613956928253, 2.184504270553589, -0.6270483136177063, -0.3237988352775574, 0.005251430440694094, 0.024361345916986465, 0.01598953828215599, 1.0, 0.35212939977645874, -0.04862554743885994, -0.013895805925130844, 0.25838369131088257, -0.8429930210113525, -0.46184229850769043, -0.9495508074760437, -0.47052252292633057, -1.0, -1.0, -0.6589138507843018, 0.151513010263443, -1.0, -0.5686948895454407, -0.4815129339694977, -0.6916218996047974, -1.0, 0.8047579526901245, 0.3673405945301056]
[0.9169120788574219, -0.26941052079200745, 0.2546747028827667, -0.3867400586605072, 0.24150528013706207, 0.2908772826194763, -0.3600010871887207, -0.7815725207328796, -0.8701862692832947, -0.9557667374610901, -0.15849579870700836, -0.35571399331092834, -0.9396306872367859, -0.880164623260498, -0.4871263802051544, 0.16272805631160736, -0.6189050674438477, -0.392497718334198, -0.3479037880897522, -0.03173380717635155, 0.06901174038648605, -0.5744920372962952, 0.8342527747154236, 0.11576595902442932, 0.0700332373380661, 0.740440845489502, -0.188496932387352, -0.3507639169692993, 0.8088991045951843, 0.18580250442028046, -0.06447990983724594, -0.11316864937543869, -0.5540471076965332, -0.29597386717796326, -0.007582531776279211, -0.6327916979789734, 0.06096899136900902, 0.04448672756552696, 0.13979531824588776, 0.1004275307059288, -0.6537014842033386, 0.2999955713748932, 0.00467308983206749, -0.5129644274711609, -1.261667251586914, -0.23792611062526703, -0.058150507509708405, 0.884512722492218, -0.7751171588897705, 9.14767074584961, -0.003946925513446331, 0.22949695587158203, 0.04486646503210068, 0.009972053579986095, -0.047003123909235, 0.6648784875869751, 0.23604325950145721, 0.07582014799118042, 0.010481644421815872, 0.6112396717071533, 0.21572497487068176, 0.07035471498966217, 0.9273761510848999, -0.00458779651671648, 0.6186873316764832, 0.2461528778076172, 0.0837806984782219, -0.05456967651844025, 0.3378816246986389, 0.16240277886390686, 0.014365620911121368, 0.018635660409927368, -0.045677945017814636, -0.39999592304229736, 0.5051134824752808, -0.22025150060653687, -0.799964427947998, 0.44133442640304565, -0.3417164385318756, -0.15125331282615662, 0.0049111503176391125, 0.16334393620491028, -0.6720031499862671, -0.4023049771785736, 0.07477907836437225, 0.0, -0.38999998569488525, 0.47999998927116394, 0.012645297683775425, 0.2464054822921753, 0.9690790772438049, 0.0032153106294572353, 0.8875889182090759, -0.13739320635795593, 0.3767246603965759, 0.22668854892253876, -0.05685926973819733, -0.4293728768825531, 0.4981520175933838, 0.042158327996730804, 0.3103235065937042, 0.9453215599060059, 0.09104491770267487, -0.008742909878492355, 0.15678676962852478, 0.4201869070529938, -6.862369060516357, 0.8051483035087585, 0.6357157230377197, -0.025005197152495384, -0.4532809257507324, 0.4603258967399597, -0.009268593043088913, -0.6906481981277466, 0.7229957580566406, -0.014002646319568157, -0.054531585425138474, -0.10605563223361969, 0.4836699664592743, 1.1244087219238281, 0.36436301469802856, 0.12325061112642288, -0.007700298447161913, -0.4496428668498993, 0.483094722032547, -0.022893596440553665, -0.5588858723640442, 0.8286618590354919, 0.02102137915790081, -0.07119838148355484, -0.07570004463195801, 0.3960217535495758, -1.0479927062988281, 0.25336748361587524, -0.271987646818161, 0.003142427885904908, -0.442538321018219, 0.4950713515281677, -0.09645164757966995, -0.21024028956890106, 0.9693504571914673, 0.08279983699321747, -0.11004673689603806, 0.009794631041586399, 0.43397849798202515, -2.357368230819702, -0.3605118691921234, -0.7369238138198853, -0.0944565087556839, -0.3475254774093628, 0.5197035670280457, -0.09605703502893448, -0.5904279351234436, 0.7361031174659729, 0.3167334496974945, -0.36409011483192444, 0.21428930759429932, -0.21071061491966248, -2.4970006942749023, -7.269325256347656, -5.834919452667236, -0.01304271724075079, 0.8863189220428467, 1.602799654006958, 0.023266837000846863, 0.0005425024428404868, -0.0016086845425888896, -0.27116310596466064, -3.6578962802886963, 0.871828556060791, 0.02095169946551323, -0.0020132416393607855, -0.0020565807353705168, 0.02858605422079563, -3.28511381149292, 1.3127837181091309, 0.02107800915837288, 0.0014606865588575602, -0.002805550117045641, 0.07150615751743317, -2.601870536804199, 3.219332218170166, 0.044752635061740875, 0.0076284268870949745, 0.0003601417411118746, 0.5524736046791077, -2.2061805725097656, 0.14718683063983917, 0.011458760127425194, 0.009796077385544777, 0.0009478457504883409, 1.0, 1.0, 0.02261541411280632, -0.7126946449279785, 0.8600027561187744, -1.0, -0.40480437874794006, -1.0, 0.23811262845993042, -0.894080638885498, -1.0, 0.09535682946443558, 0.41245487332344055, -0.9212316870689392, -0.054664645344018936, -0.2275402843952179, -0.848067045211792, -1.0, 0.7869321703910828, 0.742158055305481]
[0.9387999773025513, -0.18020130693912506, 0.27940741181373596, -0.45334523916244507, 0.3462231755256653, 0.32193997502326965, -0.40777426958084106, -0.8076139092445374, -0.9098256230354309, -0.9776926636695862, -0.10421517491340637, -0.33576151728630066, -0.9437358975410461, -0.8793566226959229, -0.4802384078502655, 0.2073497772216797, -0.6110828518867493, -0.3552040159702301, -0.34066343307495117, 0.027901776134967804, 0.01773321069777012, -0.6620571613311768, 0.8517778515815735, 0.17398227751255035, 0.08171744644641876, 0.567009449005127, 0.2589205205440521, -0.7599456310272217, 1.0481860637664795, 0.4629363715648651, -0.3040955662727356, -0.29595890641212463, -0.261358380317688, -0.1414722204208374, 0.3493800759315491, 0.5983441472053528, -0.08911028504371643, -0.018833881244063377, 0.009616213850677013, 0.2504311203956604, 0.4796457290649414, 0.3779437839984894, 0.10381417721509933, 1.4113576412200928, 0.15119142830371857, -0.18135356903076172, 0.1780625432729721, 0.3510908782482147, -0.2589624524116516, -2.0314364433288574, 0.059387292712926865, -0.1581750065088272, -0.03162885084748268, 0.010205354541540146, -0.0839783102273941, -0.19503477215766907, -0.051862653344869614, -0.011441564187407494, 0.08650697767734528, 0.21644172072410583, 0.09455214440822601, 0.03446777164936066, -0.18614116311073303, 0.05414994806051254, 0.18299566209316254, 0.09381081163883209, 0.037814460694789886, 0.3928816616535187, 0.5321497917175293, 0.2993406057357788, -0.17947274446487427, -0.07438276708126068, -0.046820905059576035, -0.40117910504341125, 0.5094807744026184, -0.2906743884086609, -0.766080379486084, 0.4184776842594147, -0.3917980194091797, -0.03179428353905678, -0.1250576674938202, 0.31879597902297974, 0.8983283042907715, -2.856942653656006, -1.2578206062316895, 0.0, -0.38999998569488525, 0.47999998927116394, 0.012645297683775425, 0.2464054822921753, 0.9690790772438049, 0.0032153106294572353, 0.8495274186134338, -0.19290024042129517, 0.44296523928642273, 0.2118360847234726, -0.05834602192044258, -0.42812275886535645, 0.5037505626678467, 0.048659421503543854, 0.36029788851737976, 0.9265275001525879, 0.09676986187696457, -0.09203358739614487, 0.14127032458782196, 0.18506298959255219, -6.452006816864014, 1.4156360626220703, -1.5964257717132568, -0.025318054482340813, -0.45442602038383484, 0.4669159948825836, -0.004264237359166145, -0.6963784098625183, 0.7174611687660217, -0.016977954655885696, 0.037413135170936584, -0.04786985367536545, 0.32865244150161743, 0.6386111974716187, 0.0775088295340538, 1.1784077882766724, -0.01017572358250618, -0.4493234157562256, 0.49248749017715454, -0.025871682912111282, -0.5311527848243713, 0.846196711063385, 0.03403559699654579, -0.20490539073944092, 0.11247996985912323, 0.712552011013031, -5.214393138885498, 0.897493839263916, -2.1399433612823486, 0.0008941828273236752, -0.4412074387073517, 0.5040307641029358, -0.09622026234865189, -0.1637609601020813, 0.9772992134094238, 0.0938623920083046, -0.14908500015735626, 0.25427016615867615, 0.6440108418464661, -7.26414680480957, 1.411269187927246, -2.398934841156006, -0.09461121261119843, -0.3472684621810913, 0.5213682055473328, -0.11098022013902664, -0.5901914238929749, 0.7247799038887024, 0.3377149701118469, 0.12403849512338638, -0.04454416781663895, 0.28401580452919006, 1.9025319814682007, 4.269781112670898, -1.8502204418182373, 0.20171575248241425, -0.4855125844478607, -0.8830276131629944, 0.0029226657934486866, -0.006916828453540802, -0.004642057232558727, -0.449487566947937, 0.8296986818313599, -0.1494566798210144, 0.001003915793262422, -0.0048272875137627125, 0.0018678081687539816, 0.46580252051353455, -1.221760630607605, -0.08282138407230377, 0.016141364350914955, 0.005464319139719009, -0.0039142705500125885, 0.2743386924266815, -1.0872080326080322, 0.5293707847595215, 0.02150634117424488, 0.00031555950408801436, -0.0043448470532894135, -2.916863441467285, -4.024162292480469, 0.6010113954544067, 0.020074378699064255, -0.02771296724677086, -0.041381970047950745, 1.0, 0.22966212034225464, 0.8237800598144531, -1.0, 1.0, -1.0, -1.0, -1.0, 0.44245433807373047, 0.339965283870697, -1.0, -0.5450230836868286, 1.0, -0.15942516922950745, -0.11394211649894714, 1.0, 0.5862149000167847, -0.8475427627563477, 1.0, 0.28239479660987854]
[0.8998574614524841, -0.16507397592067719, 0.30868804454803467, -0.527479350566864, 0.3767533302307129, 0.37950265407562256, -0.4771740734577179, -0.8409127593040466, -0.8434479832649231, -0.975676953792572, 0.007556596305221319, -0.1993573158979416, -0.9550589919090271, -0.8824551105499268, -0.5104621648788452, 0.2796746492385864, -0.46586042642593384, -0.3833945393562317, -0.3389243185520172, 0.15268824994564056, 0.10334616154432297, -0.6891449093818665, 0.8839594721794128, 0.13364127278327942, -0.3109598457813263, -0.17832832038402557, 0.046074625104665756, -0.62688148021698, -0.1926221400499344, 0.3214816749095917, -0.2985202670097351, -0.41668984293937683, 1.0166386365890503, 0.16079376637935638, 0.5104674696922302, 1.5847185850143433, -0.11599519103765488, -0.03474852070212364, -0.23533117771148682, 0.33853572607040405, 1.7974987030029297, -0.5871267318725586, -0.09553246200084686, 1.5869150161743164, 0.8447254300117493, 0.0017848246498033404, 0.2103002518415451, -0.7519988417625427, -9.035027503967285, -9.588096618652344, -0.2550925612449646, -0.37339454889297485, -0.14660614728927612, -0.06059595197439194, -0.38653764128685, -0.7836406826972961, -0.21560204029083252, -0.05475268140435219, -0.28184443712234497, -0.34625110030174255, -0.10702218115329742, -0.030781351029872894, -1.0782965421676636, -0.19383397698402405, -0.2928313612937927, -0.10783439874649048, -0.03652229532599449, 0.26275622844696045, -0.06891746819019318, -0.0064100041054189205, -0.21320846676826477, -0.0981750339269638, -0.04350879415869713, -0.40402016043663025, 0.5125743746757507, -0.4700413942337036, -0.6728172302246094, 0.30510008335113525, -0.4830031096935272, 0.44293713569641113, -0.2271960824728012, 0.030252652242779732, 3.9964866638183594, -8.587879180908203, -2.925753116607666, 0.0, -0.38999998569488525, 0.47999998927116394, 0.012645297683775425, 0.2464054822921753, 0.9690790772438049, 0.0032153106294572353, 0.7317878007888794, -0.3425140976905823, 0.5763620138168335, 0.12238338589668274, -0.05699282884597778, -0.4298964738845825, 0.5022282600402832, 0.04979849234223366, 0.36958518624305725, 0.9229742884635925, 0.09510685503482819, 0.2070094794034958, -0.25188127160072327, -0.2615047097206116, 3.3176841735839844, -0.616100549697876, 1.27689528465271, -0.02122964709997177, -0.45475292205810547, 0.4679338335990906, 0.006497369613498449, -0.6829028129577637, 0.7298073172569275, -0.031347859650850296, 0.4573897123336792, 0.003231089562177658, -0.11912553012371063, -2.9459640979766846, -0.5613030195236206, 2.9001808166503906, -0.009831726551055908, -0.44646671414375305, 0.5006455183029175, -0.02678965963423252, -0.4860133230686188, 0.8721863031387329, 0.04862456023693085, 0.1760702133178711, 0.2714194655418396, 0.42978331446647644, -6.185951232910156, 1.1764642000198364, -0.9515448808670044, 0.0018364840652793646, -0.4379271864891052, 0.5109474062919617, -0.08651968091726303, -0.11853789538145065, 0.983662486076355, 0.10426469147205353, 0.24374957382678986, 0.27566900849342346, 0.28055816888809204, -3.423722982406616, 2.1273703575134277, -0.7468563318252563, -0.08896961808204651, -0.3513064980506897, 0.525557279586792, -0.04043850302696228, -0.5975520014762878, 0.717987060546875, 0.3546699583530426, 0.5867726802825928, -0.44234827160835266, 0.1959853172302246, 5.600113868713379, 7.971516132354736, 6.239208221435547, -1.8630008697509766, -0.2829054594039917, -2.708926200866699, -0.06483953446149826, 0.00864695105701685, 0.01074196957051754, -2.092935085296631, 3.5659351348876953, -0.3212209939956665, -0.0012636528117582202, -0.010002520866692066, 0.0037373779341578484, -1.8660415410995483, 1.7781774997711182, -1.3583393096923828, -0.004108692053705454, -0.007225805427879095, 0.004083780571818352, -1.413658857345581, 0.7581359148025513, -2.446465492248535, -0.025150256231427193, -0.007318296004086733, 0.003164704190567136, -3.9288859367370605, 0.33822107315063477, 0.5077598690986633, 0.0012441868893802166, -0.03531286492943764, -0.0076553248800337315, -0.6264092326164246, -1.0, 0.16337911784648895, -1.0, 0.14500799775123596, -1.0, -1.0, 0.05249301344156265, 0.23253202438354492, 1.0, -1.0, -1.0, 1.0, 0.731944739818573, -0.9268296360969543, 1.0, 1.0, -0.523409366607666, 0.9621488451957703, -0.5200470685958862]
[0.7654767632484436, -0.23010435700416565, 0.21353884041309357, -0.5655956268310547, 0.2514561116695404, 0.3728419542312622, -0.5421779751777649, -0.880831778049469, -0.6539108157157898, -0.9056415557861328, 0.06715449690818787, -0.07316210120916367, -0.9614133834838867, -0.8845858573913574, -0.4963044226169586, 0.3811342418193817, -0.25396594405174255, -0.44715023040771484, -0.35632917284965515, 0.2766498923301697, 0.23055750131607056, -0.6376152634620667, 0.8836965560913086, 0.035547662526369095, -0.6518514752388, -0.635715126991272, -0.6294513940811157, -0.225315123796463, -1.6658220291137695, -0.3590167164802551, -0.23558321595191956, -0.3644666075706482, 2.1270458698272705, 1.4072420597076416, 0.08238694071769714, 0.9432880282402039, -0.02948744408786297, -0.010182350873947144, 0.22408893704414368, 0.4571165144443512, 2.0424084663391113, -0.5846728086471558, -0.1905299723148346, 1.518081784248352, 0.9532236456871033, 0.19202139973640442, -0.12861260771751404, -0.9895377159118652, -8.219669342041016, -4.598273277282715, -0.30098363757133484, -0.1336519718170166, -0.09703174233436584, -0.05131566897034645, -0.3005267381668091, -0.33408477902412415, -0.055929750204086304, 0.05317620560526848, -0.37233683466911316, -0.47846680879592896, -0.18056783080101013, -0.06125951185822487, -0.35604044795036316, -0.1464158445596695, -0.1381528228521347, -0.025680048391222954, -0.005341808311641216, 0.1802016645669937, -0.010507790371775627, 0.005596720147877932, -0.20078866183757782, -0.06898973137140274, -0.03614480420947075, -0.4072997570037842, 0.5140908360481262, -0.6175594925880432, -0.5529261231422424, 0.16481010615825653, -0.5345377922058105, 0.4308871924877167, -0.06437312066555023, 0.1439702808856964, 1.3908227682113647, -2.4409842491149902, -0.5739060640335083, 0.0, -0.38999998569488525, 0.47999998927116394, 0.012645297683775425, 0.2464054822921753, 0.9690790772438049, 0.0032153106294572353, 0.5812129378318787, -0.4706127941608429, 0.6637174487113953, 0.013942117802798748, -0.048619069159030914, -0.43578583002090454, 0.4939363896846771, 0.02866368740797043, 0.29010361433029175, 0.9544450640678406, 0.06366214156150818, 0.607672393321991, -0.5826260447502136, -0.499982625246048, 14.227533340454102, -2.7244503498077393, 6.102884769439697, -0.011309806257486343, -0.4539599120616913, 0.4631437659263611, 0.01976333186030388, -0.6317265033721924, 0.7726354002952576, -0.05971144512295723, 0.7725622057914734, 0.12008450925350189, -0.19300547242164612, -12.602831840515137, -2.155038833618164, 3.738694190979004, -0.0026611252687871456, -0.4439736604690552, 0.5007419586181641, -0.018119778484106064, -0.4626728296279907, 0.8854077458381653, 0.04072465002536774, 0.6461939811706543, 0.11864554136991501, -0.18858623504638672, -1.3238879442214966, 0.2986200451850891, 2.893425703048706, 0.0071481335908174515, -0.4330182373523712, 0.5142708420753479, -0.08067948371171951, -0.08855465054512024, 0.9870325922966003, 0.10684343427419662, 0.42633408308029175, 0.3846423923969269, 0.13554330170154572, -3.269404888153076, 0.6120076179504395, -0.06094878911972046, -0.07825883477926254, -0.3600989282131195, 0.5270185470581055, 0.07941645383834839, -0.6151475310325623, 0.7076315879821777, 0.33844342827796936, 0.9705461859703064, -0.7245700359344482, -0.09557437896728516, 8.425374984741211, 8.334721565246582, 11.626670837402344, -2.0087270736694336, 0.3427991271018982, -1.4227479696273804, -0.04617368429899216, 0.015073928982019424, 0.015189185738563538, -1.614417552947998, 0.42440447211265564, -0.13347484171390533, 0.059542275965213776, -0.005767736118286848, 0.0019067961256951094, -2.4110560417175293, 2.5994765758514404, -0.9812043905258179, -0.02226736582815647, -0.014293743297457695, 0.01197422668337822, -0.8735924363136292, -0.01829349994659424, -1.0571902990341187, -0.005616210866719484, 0.004626334644854069, 0.006107914261519909, -2.997431755065918, 0.32703685760498047, 0.8472261428833008, -0.0007460181368514895, -0.021030819043517113, 0.0011768738040700555, -1.0, -1.0, -1.0, -0.6745430827140808, -1.0, -1.0, -1.0, 0.840614914894104, -0.016943609341979027, 0.29005640745162964, -1.0, -0.16333088278770447, 1.0, 1.0, -0.7920999526977539, 1.0, 1.0, -0.0788373127579689, 0.6180499792098999, -0.6106914281845093]
[0.6374112367630005, -0.3222091794013977, 0.046244408935308456, -0.5738802552223206, 0.07805348187685013, 0.32137754559516907, -0.6095479726791382, -0.9122606515884399, -0.49078837037086487, -0.7011119723320007, 0.0012934549013152719, -0.006756382063031197, -0.9626922011375427, -0.8849672079086304, -0.4647236466407776, 0.47720110416412354, -0.12522020936012268, -0.4965665638446808, -0.37416353821754456, 0.3098655939102173, 0.3586004674434662, -0.5882021188735962, 0.8777177929878235, -0.0777655839920044, -0.3562132716178894, -0.6616069674491882, -0.7163354158401489, -0.00014965460286475718, -1.5630978345870972, -0.5274795889854431, -0.29250189661979675, -0.2606215178966522, 1.1721190214157104, 1.9803663492202759, -0.41602984070777893, 0.46126556396484375, -0.00010540448420215398, 0.00171257636975497, 0.024074001237750053, 0.30332645773887634, 0.7085285186767578, -0.39462050795555115, -0.14532288908958435, -0.17586910724639893, 0.9054304361343384, 0.08408346027135849, 0.01688496395945549, -1.0716147422790527, 7.485283851623535, -0.004065788816660643, 0.22484123706817627, 0.07430807501077652, 0.047198839485645294, 0.01287117600440979, 0.27913355827331543, 0.03268080949783325, -0.06204882636666298, -0.030611831694841385, 0.14593197405338287, -0.1622222512960434, -0.06414633244276047, -0.02235058695077896, -0.001750793308019638, 0.09473568946123123, -0.5008879899978638, -0.1883094757795334, -0.06038781628012657, -0.5619571208953857, -0.2330075055360794, -0.12715482711791992, 0.3140037953853607, 0.10058677196502686, -0.028868963941931725, -0.40867680311203003, 0.5137926340103149, -0.6117921471595764, -0.574710488319397, 0.15476417541503906, -0.521024227142334, 0.3782700300216675, -0.09471062570810318, -0.1212821900844574, -0.8839184045791626, 2.7933881282806396, 1.5557316541671753, 0.0, -0.38999998569488525, 0.47999998927116394, 0.012645297683775425, 0.2464054822921753, 0.9690790772438049, 0.0032153106294572353, 0.5996960401535034, -0.4682966470718384, 0.648892879486084, -0.0010446419473737478, -0.03864771127700806, -0.44071099162101746, 0.4834282398223877, 0.005950464401394129, 0.17548689246177673, 0.9842612743377686, 0.019965987652540207, 0.4664694666862488, -0.3954130709171295, -0.5592226386070251, 13.743529319763184, -1.4883556365966797, 5.154847621917725, -0.0018958975560963154, -0.45174354314804077, 0.4557759165763855, 0.02282828465104103, -0.5464538931846619, 0.8322103023529053, -0.09106511622667313, 0.4489288926124573, 0.240336611866951, -0.32083094120025635, -10.897583961486816, -3.152229070663452, 2.2818777561187744, 0.006132794078439474, -0.44269225001335144, 0.49555620551109314, -0.0060743303038179874, -0.46469736099243164, 0.885371208190918, 0.011717583052814007, 0.4769253134727478, 0.05930208042263985, -0.37482497096061707, 0.9742075800895691, -0.6263266205787659, 3.7781009674072266, 0.012044953182339668, -0.42996785044670105, 0.5120760202407837, -0.07861728221178055, -0.09139487892389297, 0.9867990612983704, 0.10813773423433304, 0.24032972753047943, 0.03699284419417381, -0.3071862757205963, 2.705418586730957, 0.2857169508934021, 0.1564650982618332, -0.06940744072198868, -0.3658706247806549, 0.5267341732978821, 0.1688234806060791, -0.6207696795463562, 0.7044094204902649, 0.2999182641506195, 0.5166269540786743, -0.19749097526073456, -0.06642462313175201, 2.7836287021636963, 2.3566198348999023, 8.240113258361816, 1.4086627960205078, -0.37443971633911133, 0.4179312288761139, 0.007254579104483128, -0.0033095600083470345, -0.0067547159269452095, 1.609771728515625, 0.6022514700889587, -0.30009907484054565, -0.02157805860042572, 0.007088794838637114, -0.0020538289099931717, 1.1605596542358398, 0.8932662010192871, -0.016778048127889633, -0.008951595053076744, 0.001967663411051035, 0.0009332223562523723, 0.5893762111663818, 2.2841124534606934, -1.5970741510391235, -0.026126129552721977, -0.005882841069251299, -0.0015982899349182844, 4.3394317626953125, 1.938436508178711, -1.9588720798492432, -0.0012715526390820742, 0.031155865639448166, 0.02533629909157753, 0.8079473972320557, -0.9128716588020325, -0.9009236693382263, -0.5267888903617859, -0.8187822699546814, -1.0, -1.0, 0.05175069719552994, -0.7480897307395935, 0.06732335686683655, -1.0, -0.47902387380599976, 1.0, 0.02396467700600624, -0.7234366536140442, -0.051121387630701065, 1.0, -0.5320713520050049, 1.0, -0.7208037972450256]
[0.5735695958137512, -0.39509767293930054, -0.040667999535799026, -0.4880591928958893, 0.00031703145941719413, 0.27838602662086487, -0.6599031090736389, -0.9119440913200378, -0.48840776085853577, -0.5716290473937988, -0.09239475429058075, -0.05678512901067734, -0.9535222053527832, -0.8807587027549744, -0.4819394052028656, 0.4160420894622803, -0.1468989998102188, -0.5287498235702515, -0.38644298911094666, 0.2019841969013214, 0.37346115708351135, -0.5887050628662109, 0.8792591691017151, -0.11271151155233383, -0.143968865275383, -0.42717406153678894, -0.16347789764404297, 1.2373337745666504, -0.25899407267570496, -0.24438205361366272, -0.176980122923851, 0.16592039167881012, -0.5686159729957581, 0.3780714273452759, -0.5290681719779968, -0.9375123977661133, 0.10075092315673828, 0.062812440097332, -0.014520796947181225, -0.3533082604408264, -0.725224494934082, -0.2566530108451843, -0.09613832831382751, -1.9711722135543823, -0.3423343896865845, -0.06348611414432526, 0.030807826668024063, 0.07362866401672363, 5.791767120361328, 2.438345193862915, 0.2647711932659149, 0.3977988362312317, 0.2285601943731308, 0.08619809150695801, 0.2365882843732834, 0.28129804134368896, -0.012343739159405231, -0.0852859616279602, 0.07108224928379059, -0.21207210421562195, -0.10038259625434875, -0.03718796744942665, 0.4457692801952362, 0.13100680708885193, -0.2900960445404053, -0.13280817866325378, -0.047850605100393295, -0.6191461682319641, -0.5259964466094971, -0.29771554470062256, 0.3290942311286926, 0.13519255816936493, -0.023893270641565323, -0.41216230392456055, 0.5080350637435913, -0.500065267086029, -0.6815852522850037, 0.23648062348365784, -0.479012668132782, 0.23669278621673584, -0.282873272895813, -0.4647403657436371, -2.18462872505188, 4.50775146484375, 2.461714506149292, 0.0, -0.38999998569488525, 0.47999998927116394, 0.012645297683775425, 0.2464054822921753, 0.9690790772438049, 0.0032153106294572353, 0.7232295274734497, -0.37175336480140686, 0.5795614123344421, 0.05335837975144386, -0.033368539065122604, -0.44082632660865784, 0.48001235723495483, -0.0028624420519918203, 0.1406674087047577, 0.9900469779968262, -0.00337980967015028, 0.16575846076011658, 0.1289566308259964, 0.028531184419989586, -1.5315953493118286, -0.22582441568374634, 1.4857059717178345, 0.0031917088199406862, -0.44986963272094727, 0.4489631652832031, 0.022662552073597908, -0.5202604532241821, 0.8466124534606934, -0.10983012616634369, 0.21747274696826935, 0.0779639333486557, -0.37955981492996216, 2.280442714691162, -0.3841415047645569, 1.5155034065246582, 0.011540045030415058, -0.4436897039413452, 0.4866316616535187, 0.0014323103241622448, -0.49626797437667847, 0.8680662512779236, -0.013304335996508598, 0.3072817921638489, -0.16033892333507538, -0.6894209384918213, 5.9993720054626465, -0.8268551826477051, 3.2452456951141357, 0.016800159588456154, -0.4319404065608978, 0.5043498873710632, -0.07635798305273056, -0.1400628238916397, 0.9833589196205139, 0.08693050593137741, 0.1987256556749344, -0.3073839545249939, -0.5546031594276428, 7.119969844818115, -1.4074554443359375, 3.12076997756958, -0.07071669399738312, -0.36490973830223083, 0.524971067905426, 0.14681939780712128, -0.6190730929374695, 0.7213341593742371, 0.27362287044525146, -0.41544845700263977, 0.2164003551006317, -0.11287065595388412, -3.883669137954712, -7.696382522583008, -2.9378437995910645, 1.6206668615341187, -1.332123041152954, 2.8723111152648926, 0.06621624529361725, -0.008251105435192585, -0.015265204943716526, 1.32430100440979, 0.620232105255127, 0.4369109570980072, -0.0759824812412262, 0.005495341494679451, -0.004414391703903675, 0.574860155582428, 1.29485023021698, 0.2745184302330017, -0.017765216529369354, -0.0018454648088663816, 0.0053174057975411415, 1.0989724397659302, 1.8197901248931885, -0.36122065782546997, -0.020553750917315483, 0.005486307665705681, -0.0027980683371424675, 5.0571184158325195, 4.014716625213623, -2.1088531017303467, -0.016703670844435692, 0.054278671741485596, 0.03417307883501053, 1.0, -0.623283326625824, 0.03271554037928581, 0.551132321357727, 0.1095094159245491, -1.0, -0.5212123990058899, -1.0, -1.0, -1.0, -1.0, -0.6451025605201721, -0.09745616465806961, -1.0, -0.6756442189216614, -1.0, -0.28228694200515747, -1.0, 1.0, 0.146724134683609]
[0.5572629570960999, -0.39063432812690735, -0.11414575576782227, -0.4184837341308594, -0.030361339449882507, 0.2627188265323639, -0.6993992328643799, -0.8677048683166504, -0.5792021155357361, -0.5834964513778687, -0.16006234288215637, -0.17377816140651703, -0.9479120373725891, -0.875632107257843, -0.5293912887573242, 0.3325832188129425, -0.2551882266998291, -0.5817068815231323, -0.4000864624977112, 0.03270871564745903, 0.24102020263671875, -0.6266477108001709, 0.8819394707679749, -0.0338527075946331, 0.0041391486302018166, 0.2915925979614258, -0.3742680251598358, 0.342693567276001, -0.29645511507987976, -0.11126746982336044, -0.14417250454425812, 0.5727133750915527, -0.9619318246841431, -0.34291669726371765, -0.13696706295013428, -1.1274179220199585, 0.04566849768161774, 0.046219345182180405, -0.2843185365200043, -0.3475918471813202, -1.1187413930892944, -0.6139469742774963, -0.17211870849132538, -2.164015293121338, -1.2878538370132446, -0.12040384113788605, 0.02251720242202282, 1.0707920789718628, 4.025298118591309, 10.118562698364258, 0.06395532935857773, 0.27511346340179443, 0.0238274447619915, -0.0112039465457201, 0.16089163720607758, 0.72336745262146, 0.2275686264038086, 0.05214638262987137, 0.20634064078330994, 0.551843523979187, 0.19524969160556793, 0.06303144991397858, 0.7833725214004517, 0.031017128378152847, 0.3712332248687744, 0.08028897643089294, 0.011631487868726254, -0.3652874231338501, 0.05144064128398895, -0.006949801929295063, 0.1696670800447464, 0.07952982187271118, -0.02235652692615986, -0.4155901074409485, 0.5020970702171326, -0.31184640526771545, -0.7687180042266846, 0.36252084374427795, -0.4247386157512665, -0.012744590640068054, -0.15792228281497955, -0.2647036015987396, -4.053649425506592, 5.108610153198242, 2.6958532333374023, 0.0, -0.38999998569488525, 0.47999998927116394, 0.012645297683775425, 0.2464054822921753, 0.9690790772438049, 0.0032153106294572353, 0.8386439085006714, -0.20460176467895508, 0.47989094257354736, 0.1565859615802765, -0.03118782304227352, -0.44017910957336426, 0.4833664298057556, -0.009278354234993458, 0.15097200870513916, 0.9883444309234619, -0.01721786893904209, 0.06783399730920792, 0.02218979224562645, 0.29500114917755127, -1.1321555376052856, -0.6423540711402893, 1.7369972467422485, 0.005149619188159704, -0.45023950934410095, 0.45006826519966125, 0.028311481699347496, -0.5379348993301392, 0.834200918674469, -0.11803866177797318, 0.061552099883556366, -0.09542065858840942, 0.2839086353778839, 2.095571756362915, 0.586672842502594, 0.9559495449066162, 0.013934051617980003, -0.4458782970905304, 0.4811709523200989, 0.005987430457025766, -0.5307857394218445, 0.8470574021339417, -0.026910802349448204, 0.06050096079707146, -0.1502244472503662, -0.19417895376682281, 3.7118821144104004, 0.0580521896481514, 0.7255429625511169, 0.02012469433248043, -0.43593594431877136, 0.497921884059906, -0.07415806502103806, -0.21008138358592987, 0.9727728366851807, 0.06387034803628922, 0.1754876971244812, -0.36009129881858826, -0.3253971040248871, 8.424315452575684, -0.8086090683937073, 3.180387258529663, -0.07901763170957565, -0.359986275434494, 0.5210264921188354, 0.030376503244042397, -0.6127623319625854, 0.7430413961410522, 0.2673743963241577, -0.7538263201713562, 0.4132611155509949, -0.2432817816734314, -6.636223316192627, -12.291987419128418, -9.514408111572266, 0.5516192317008972, 0.978835940361023, 1.7604981660842896, 0.0034785924945026636, 0.00044392526615411043, -0.0008007480064406991, 0.8438127636909485, -3.0096635818481445, 2.267582893371582, 0.007001429330557585, 0.0015148177044466138, -0.006611999124288559, 1.254138469696045, -2.948559522628784, 1.6384251117706299, 0.018803052604198456, 0.0081456508487463, -0.008371260017156601, 0.15680381655693054, -0.5545534491539001, 2.2016749382019043, 0.003313186578452587, -0.000577580532990396, -0.0010955026373267174, 3.014105796813965, 0.294649600982666, -0.7271857261657715, -0.0035904045216739178, 0.03130413591861725, 0.010993569158017635, 1.0, 0.7706490159034729, -0.6812906265258789, -0.34151461720466614, -0.21191662549972534, -1.0, -0.05455545336008072, -1.0, -0.017092948779463768, -1.0, -1.0, -0.9285588264465332, -0.11246738582849503, -1.0, -1.0, -1.0, -1.0, -1.0, 0.9386516213417053, 0.7870821952819824]
[0.5732510089874268, -0.2963056266307831, -0.18737514317035675, -0.418324738740921, -0.013673783279955387, 0.25921881198883057, -0.6872592568397522, -0.8702178597450256, -0.6795634031295776, -0.6265820860862732, -0.17707791924476624, -0.27881118655204773, -0.9401938319206238, -0.8686428070068359, -0.5466228723526001, 0.27082008123397827, -0.3801775872707367, -0.6211065053939819, -0.4172668159008026, -0.12948206067085266, 0.0473114550113678, -0.6815308928489685, 0.8799610733985901, 0.10577461123466492, 0.1031762957572937, 0.9233915209770203, -0.2596234977245331, -0.16719931364059448, 0.39162930846214294, 0.05514661222696304, 0.11066507548093796, -0.25536617636680603, -0.8586835265159607, -0.3952741324901581, -0.019814372062683105, -0.9599267840385437, 0.04932750388979912, 0.06232767924666405, 0.05134446546435356, -0.2015327513217926, -1.1582257747650146, -0.22846189141273499, -0.12534372508525848, -1.93069326877594, -1.4281787872314453, -0.1461881697177887, -0.029655322432518005, 1.3988531827926636, 2.6126720905303955, 8.323933601379395, 0.07372596114873886, 0.29277855157852173, 0.08832527697086334, 0.022028997540473938, 0.09697556495666504, 0.35432755947113037, 0.1278945952653885, 0.03949443995952606, 0.08741915971040726, 0.4652053713798523, 0.1540483683347702, 0.047663554549217224, 0.9027004241943359, 0.09578467905521393, 0.5552000999450684, 0.20956629514694214, 0.06685680896043777, -0.188328355550766, 0.4138295352458954, 0.1849345713853836, 0.05374384671449661, 0.021469205617904663, -0.023952273651957512, -0.41738176345825195, 0.5025667548179626, -0.2384575754404068, -0.7736350297927856, 0.41909047961235046, -0.4110839068889618, -0.16123929619789124, -0.11136183142662048, 0.23192761838436127, -1.0635451078414917, 0.34760773181915283, 0.4263318181037903, 0.0, -0.38999998569488525, 0.47999998927116394, 0.012645297683775425, 0.2464054822921753, 0.9690790772438049, 0.0032153106294572353, 0.85741126537323, -0.13757789134979248, 0.44869479537010193, 0.21116681396961212, -0.030881965532898903, -0.4398311674594879, 0.4919987916946411, -0.014131712727248669, 0.18370534479618073, 0.9825257658958435, -0.026374749839305878, -0.04242941364645958, 0.1202131062746048, 0.6427987217903137, -6.0145955085754395, -0.4189493954181671, 0.7064149379730225, 0.004068893380463123, -0.4525032937526703, 0.4569900929927826, 0.03620527684688568, -0.5624097585678101, 0.8185560703277588, -0.11113157123327255, -0.12199667096138, -0.18432870507240295, 0.5077784061431885, 2.720310926437378, 1.8720782995224, -0.5322667956352234, 0.01349621918052435, -0.4480610489845276, 0.484618604183197, 0.007189453113824129, -0.5370833873748779, 0.8430600762367249, -0.02719230018556118, -0.08531692624092102, -0.13283249735832214, 0.41770491003990173, -0.3828858733177185, 0.22689829766750336, -0.34415608644485474, 0.02101852372288704, -0.4391596019268036, 0.49913281202316284, -0.07710794359445572, -0.2529803514480591, 0.9631978273391724, 0.048013485968112946, -0.02881033346056938, -0.18723928928375244, 0.2931775450706482, 2.5341796875, -1.324833869934082, 1.3157382011413574, -0.08737213909626007, -0.35421156883239746, 0.5162244439125061, -0.11687269806861877, -0.5922565460205078, 0.7534385323524475, 0.26058274507522583, -0.6174468398094177, 0.44889503717422485, -0.27588939666748047, -7.73209810256958, -13.20533275604248, -9.543813705444336, 0.46477749943733215, 0.2734189033508301, 2.089527130126953, 0.026130277663469315, -0.0032014241442084312, -0.003924058750271797, 0.5105611681938171, -1.8853641748428345, 1.2012412548065186, 0.011213978752493858, 0.0008320646011270583, -0.005244879983365536, 0.5410269498825073, -2.378791570663452, 1.2452267408370972, 0.011981682851910591, 0.002763952361419797, -0.0030252691358327866, 0.7112807631492615, -2.2545623779296875, 2.8247227668762207, 0.03303837776184082, 0.00922645628452301, -0.000828911957796663, 0.9716154336929321, -2.009507656097412, -0.06289041042327881, 0.010635893791913986, 0.005923355929553509, 0.0010831282706931233, 1.0, 1.0, -0.4677986204624176, -0.5588955879211426, 0.34800100326538086, -0.6789002418518066, -0.8284913897514343, -1.0, 0.05228894203901291, -1.0, -1.0, -0.09641724079847336, 0.08494534343481064, -1.0, -0.6616871356964111, -1.0, -1.0, -1.0, 0.8396367430686951, 1.0]
[0.6162866950035095, -0.14990366995334625, -0.18321634829044342, -0.4903876781463623, 0.08372673392295837, 0.27767667174339294, -0.6935595870018005, -0.8698167204856873, -0.7523355484008789, -0.6594184637069702, -0.16582396626472473, -0.32444170117378235, -0.9436101913452148, -0.8666592240333557, -0.5460116267204285, 0.2702130675315857, -0.42142802476882935, -0.6039280295372009, -0.4219437837600708, -0.11399709433317184, -0.06302513182163239, -0.7516704201698303, 0.8380360007286072, 0.19357843697071075, 0.1949392408132553, 1.1240336894989014, 0.13719864189624786, -0.851605236530304, 1.1917266845703125, 0.28776299953460693, -0.07373108714818954, 0.13250070810317993, -0.5698873400688171, -0.24449539184570312, 0.0768774226307869, -0.13017483055591583, -0.07008152455091476, -0.006852377206087112, 0.00927860476076603, 0.10644408315420151, 0.054013561457395554, 0.37447258830070496, 0.04269998148083687, 1.3324018716812134, -0.4341913163661957, -0.17635270953178406, -0.4156763255596161, 0.49107271432876587, 2.0522913932800293, 2.089249610900879, 0.09403147548437119, 0.05493607744574547, 0.057054273784160614, 0.02860415354371071, 0.07447852194309235, 0.1996685266494751, 0.09692156314849854, 0.038636382669210434, 0.08074280619621277, 0.35614925622940063, 0.13417255878448486, 0.044788919389247894, 0.24878746271133423, 0.12441408634185791, 0.48550817370414734, 0.23388145864009857, 0.08920052647590637, 0.5055339932441711, 0.5914681553840637, 0.3101598918437958, -0.2829776704311371, -0.12080588936805725, -0.02611447311937809, -0.4162460267543793, 0.5109155178070068, -0.20998361706733704, -0.7598220109939575, 0.46433302760124207, -0.4036981761455536, -0.09965325146913528, 0.07371068745851517, 0.6350233554840088, -0.16176825761795044, -1.7127336263656616, -0.918914258480072, 0.0, -0.38999998569488525, 0.47999998927116394, 0.012645297683775425, 0.2464054822921753, 0.9690790772438049, 0.0032153106294572353, 0.8551715612411499, -0.11233194917440414, 0.43484142422676086, 0.258797824382782, -0.03338901698589325, -0.438821941614151, 0.5027798414230347, -0.011236189864575863, 0.24299602210521698, 0.969764769077301, -0.01956811547279358, -0.19639916718006134, 0.214333638548851, 0.6157763004302979, -8.7523193359375, 0.0928705707192421, -1.6891701221466064, 0.0016169431619346142, -0.45493629574775696, 0.4698292016983032, 0.04232063889503479, -0.5609236359596252, 0.8203478455543518, -0.10297136753797531, -0.17079518735408783, -0.11274290829896927, 0.9325856566429138, -2.2958786487579346, 0.7687391042709351, -0.46454280614852905, 0.01073064748197794, -0.4490416646003723, 0.4959472417831421, 0.004905486013740301, -0.5159558057785034, 0.8563923239707947, -0.018916461616754532, -0.22657017409801483, 0.025518344715237617, 0.9043288230895996, -4.582790374755859, 0.20986366271972656, -1.342992901802063, 0.018688414245843887, -0.43890687823295593, 0.5103311538696289, -0.08096421509981155, -0.22126029431819916, 0.9705483317375183, 0.05024552345275879, -0.21926851570606232, 0.23218196630477905, 0.9482413530349731, -7.884646892547607, 0.43628787994384766, -1.8081258535385132, -0.08947008103132248, -0.35286274552345276, 0.5175217986106873, -0.15882453322410583, -0.5843496322631836, 0.7505123019218445, 0.2646535038948059, 0.04140278324484825, -0.04129695147275925, 0.299703449010849, 1.2125433683395386, 2.3175389766693115, -0.21622145175933838, 0.5564979314804077, -0.3847164213657379, 0.6475406289100647, 0.022833406925201416, -0.004124326631426811, -0.005628757178783417, 0.38716059923171997, -1.3643395900726318, 0.45087116956710815, 0.018171291798353195, 0.0010286966571584344, -0.0013443755451589823, 0.4893172085285187, -1.9066215753555298, 0.45638564229011536, 0.016189593821763992, 0.002367145847529173, -0.0016400521853938699, 0.7619770765304565, -2.74454402923584, 1.8789079189300537, 0.04803236573934555, 0.004313440062105656, -0.0063787791877985, -4.308138370513916, -4.34898567199707, 1.268913984298706, 0.013510465621948242, -0.051875703036785126, -0.05763660743832588, 1.0, 1.0, 0.060825806111097336, -1.0, 1.0, -1.0, -0.6090648770332336, -1.0, 0.27969247102737427, -0.23896582424640656, -1.0, -0.33807939291000366, 0.5707095861434937, -0.09282472729682922, -0.24209025502204895, 1.0, -0.056712061166763306, -1.0, 0.2772347033023834, 0.31235942244529724]
[0.6020737886428833, -0.06294415891170502, -0.09843727946281433, -0.5651297569274902, 0.17696356773376465, 0.30993831157684326, -0.714799702167511, -0.8648135662078857, -0.7979728579521179, -0.6785359382629395, -0.16390179097652435, -0.23622296750545502, -0.9523102641105652, -0.8690000772476196, -0.565363347530365, 0.34848645329475403, -0.30670973658561707, -0.5926482081413269, -0.4167030155658722, 0.023001613095402718, -0.006810245104134083, -0.7631953954696655, 0.8038838505744934, 0.16495446860790253, -0.23438899219036102, 0.35453131794929504, 0.45095357298851013, -0.6312987804412842, 0.6926641464233398, 0.27615970373153687, -0.1040160283446312, -0.03592097759246826, -0.35528621077537537, -0.13910824060440063, -0.025244398042559624, 1.3079516887664795, -0.08218255639076233, -0.027351055294275284, -0.18034443259239197, 0.4174787700176239, 1.574684500694275, -0.031939294189214706, 0.022436324506998062, 1.8941290378570557, 0.8577503561973572, 0.060300976037979126, -0.11438377946615219, -0.6593623161315918, -10.612401008605957, -10.416910171508789, -0.22752197086811066, -0.4766917824745178, -0.13044878840446472, -0.02308489941060543, -0.4233931005001068, -0.767289400100708, -0.2564895451068878, -0.07730510830879211, -0.3816373944282532, -0.25107836723327637, -0.059241682291030884, -0.01180415041744709, -1.1366205215454102, -0.20960086584091187, -0.2392415851354599, -0.06040754169225693, -0.01108153909444809, 0.3344827890396118, 0.13502423465251923, 0.11875995248556137, -0.2288603037595749, -0.10420572012662888, -0.025221550837159157, -0.41557005047798157, 0.5179566144943237, -0.36075785756111145, -0.6888588070869446, 0.3856038451194763, -0.49662551283836365, 0.1998770833015442, -0.029942650347948074, 0.31945520639419556, 2.4755685329437256, -5.755725383758545, -1.3956531286239624, 0.0, -0.38999998569488525, 0.47999998927116394, 0.012645297683775425, 0.2464054822921753, 0.9690790772438049, 0.0032153106294572353, 0.7676936388015747, -0.23432257771492004, 0.5626911520957947, 0.19778333604335785, -0.033999256789684296, -0.43843382596969604, 0.5080482363700867, -0.00507480651140213, 0.28710246086120605, 0.9578489065170288, -0.008478148840367794, 0.11619153618812561, 0.01818694919347763, 0.09576831758022308, -3.4543075561523438, 0.31390446424484253, -1.067539095878601, 0.0030378366354852915, -0.4557444155216217, 0.4777660369873047, 0.05061287432909012, -0.558707058429718, 0.8210542798042297, -0.10561461746692657, 0.29923316836357117, -0.004743282217532396, 0.22688046097755432, 0.8076836466789246, 0.5611056685447693, 1.7705020904541016, 0.011444062925875187, -0.44649723172187805, 0.508368730545044, 0.00618539797142148, -0.46711525321006775, 0.8839403986930847, -0.020354174077510834, 0.23773735761642456, 0.3188268542289734, 0.7758016586303711, -7.761001110076904, -0.2040153592824936, 1.2488932609558105, 0.018049489706754684, -0.43402624130249023, 0.522696852684021, -0.07698432356119156, -0.14863623678684235, 0.983816921710968, 0.06391256302595139, 0.1407340168952942, 0.5186131000518799, 0.6705931425094604, -8.617806434631348, 1.977794885635376, -1.8429195880889893, -0.08482745289802551, -0.35534775257110596, 0.5245377421379089, -0.08672566711902618, -0.5857006311416626, 0.7551345825195312, 0.2814338803291321, 0.5745106339454651, -0.29132580757141113, 0.520311713218689, 3.004737377166748, 10.450440406799316, 6.083388328552246, -1.6658360958099365, -0.44916483759880066, -3.1360814571380615, -0.029822371900081635, 0.003443234832957387, 0.004959827288985252, -2.292316198348999, 3.936129093170166, -1.3333629369735718, -0.01826317235827446, -0.00836910866200924, 0.009318316355347633, -2.354038715362549, 1.164736032485962, -1.3538248538970947, 0.005666890647262335, -0.010210860520601273, 0.00787783320993185, -1.5422396659851074, 0.30634576082229614, -2.304239273071289, -0.0064863539300858974, -0.006952045485377312, 0.0014726363588124514, -4.316536903381348, -1.2069963216781616, 0.35453829169273376, 0.011673490516841412, -0.03514114394783974, -0.022012051194906235, -0.8287509679794312, -0.8784279823303223, 0.481499046087265, -1.0, 0.4824157953262329, -1.0, -1.0, -1.0, -0.38668322563171387, 0.7838879227638245, -1.0, -1.0, 1.0, 0.8854571580886841, -0.6809113621711731, 1.0, 1.0, -0.3808528780937195, 0.7204468250274658, -0.4402484595775604]
[0.5027540922164917, -0.07253523170948029, -0.10869346559047699, -0.612986147403717, 0.16118955612182617, 0.32235899567604065, -0.7430664896965027, -0.8744297623634338, -0.7048571705818176, -0.6709489822387695, -0.13873377442359924, -0.08879278600215912, -0.958198070526123, -0.8708687424659729, -0.5730810761451721, 0.42547178268432617, -0.11894553154706955, -0.6236659288406372, -0.42067480087280273, 0.17106309533119202, 0.1346261203289032, -0.705824613571167, 0.8148056864738464, 0.035339824855327606, -0.48316463828086853, -0.3674084544181824, -0.31534749269485474, -0.3617156445980072, -0.5899437665939331, -0.05303511768579483, -0.12700575590133667, -0.1136704832315445, 1.5210425853729248, 0.305602103471756, 0.0773550495505333, 1.3721973896026611, -0.04040456935763359, -0.010281709022819996, 0.14083316922187805, 0.3655488193035126, 1.8398497104644775, -0.4210146367549896, -0.09401916712522507, 1.8007032871246338, 1.1025004386901855, 0.18334534764289856, 0.15162590146064758, -1.4772093296051025, -6.317808628082275, -10.091133117675781, -0.30302757024765015, -0.4586409330368042, -0.16493457555770874, -0.04939715564250946, -0.25744953751564026, -0.6998240947723389, -0.09709200263023376, 0.004085807595402002, -0.24341465532779694, -0.6260612607002258, -0.22208330035209656, -0.07150529325008392, -0.6308407783508301, -0.024719180539250374, -0.3346145749092102, -0.12213082611560822, -0.03969023376703262, 0.18269018828868866, -0.22904688119888306, -0.10125918686389923, -0.1560734659433365, -0.06752865016460419, -0.018305204808712006, -0.41805264353752136, 0.5202035307884216, -0.5390833020210266, -0.5638872981071472, 0.22723940014839172, -0.5829085111618042, 0.5603358745574951, -0.21984346210956573, 0.02763521298766136, 3.358940839767456, -6.7931108474731445, -1.4709690809249878, 0.0, -0.38999998569488525, 0.47999998927116394, 0.012645297683775425, 0.2464054822921753, 0.9690790772438049, 0.0032153106294572353, 0.608082115650177, -0.38346901535987854, 0.691317617893219, 0.07257701456546783, -0.028016913682222366, -0.44089987874031067, 0.5049619674682617, -0.00982974749058485, 0.2649141252040863, 0.963891327381134, -0.02524689771234989, 0.49772587418556213, -0.3075445890426636, -0.35340017080307007, 6.857766628265381, -0.04075871407985687, 3.9982638359069824, 0.009809724055230618, -0.4550560414791107, 0.4781275689601898, 0.05673426389694214, -0.5302272439002991, 0.8366585373878479, -0.125071182847023, 0.5335438847541809, 0.12885497510433197, -0.06154981255531311, -6.435000419616699, -2.287792921066284, 2.745262622833252, 0.016582874581217766, -0.44220829010009766, 0.5143937468528748, 0.010289081372320652, -0.42045918107032776, 0.9067353010177612, -0.030647436156868935, 0.43273624777793884, 0.3076637089252472, 0.16543936729431152, -4.760018825531006, -0.3471533954143524, 1.9898542165756226, 0.02216639369726181, -0.42758578062057495, 0.5291332602500916, -0.07055705785751343, -0.0949409008026123, 0.9907498955726624, 0.06650147587060928, 0.30529507994651794, 0.4733332395553589, 0.22454626858234406, -4.832047462463379, 0.47049957513809204, -0.29140257835388184, -0.07480564713478088, -0.36095723509788513, 0.5303201079368591, 0.0420994870364666, -0.5925565361976624, 0.7540827393531799, 0.2801133990287781, 0.9238706827163696, -0.5010960698127747, 0.18119065463542938, 6.654592990875244, 11.570274353027344, 10.830209732055664, -1.7800687551498413, -0.1496284455060959, -3.2516188621520996, -0.05164157971739769, 0.014203710481524467, 0.016746580600738525, -1.3619003295898438, 1.9467520713806152, -1.122465968132019, 0.03328708931803703, -0.0039359331130981445, 0.007610853761434555, -1.519305944442749, 3.3365964889526367, -1.701363205909729, -0.02145634964108467, -0.006823464296758175, 0.0072379931807518005, -0.05277292802929878, 1.124128818511963, -2.175252914428711, -0.022828301414847374, 0.007627842016518116, 0.0014471051981672645, -2.8430604934692383, 1.8713032007217407, 0.5132579207420349, -0.009829984977841377, -0.022039683535695076, -0.004206748679280281, -0.9168635606765747, -1.0, -1.0, -0.8969509601593018, -0.4424434304237366, -1.0, -1.0, 0.5615727305412292, -0.15973597764968872, 0.6669228076934814, -1.0, -0.345390647649765, 1.0, 1.0, -0.9532068371772766, 1.0, 1.0, -0.271806925535202, 0.9751548171043396, -1.0]
[0.364361047744751, -0.15678486227989197, -0.21539106965065002, -0.6018913984298706, 0.04548263177275658, 0.2983914911746979, -0.7768352031707764, -0.8832384347915649, -0.4848277270793915, -0.6150594353675842, -0.1839759200811386, -0.013540536165237427, -0.9601247310638428, -0.8706567883491516, -0.5105029940605164, 0.5133180618286133, 0.06788904964923859, -0.6719306707382202, -0.43453407287597656, 0.22378180921077728, 0.28169283270835876, -0.6303573250770569, 0.7863463759422302, -0.08249161392450333, -0.5437284111976624, -0.7409979104995728, -0.5045876502990723, 0.34207484126091003, -1.3158315420150757, -0.3552367389202118, -0.1482270061969757, -0.0657842755317688, 2.2976648807525635, 0.6967754364013672, -0.3303562104701996, 0.312732070684433, -0.018055181950330734, 0.004782831761986017, 0.3578612506389618, 0.35960277915000916, 1.660861611366272, -0.45844897627830505, -0.17082326114177704, 0.04122341796755791, 1.0230672359466553, 0.1807601898908615, -0.34317052364349365, -0.8858394026756287, -1.1411248445510864, -3.7487049102783203, -0.041733939200639725, -0.04409993067383766, -0.02386016957461834, -0.01392877846956253, -0.05522676184773445, -0.23889845609664917, -0.04147649556398392, 0.004636083729565144, -0.11386223882436752, -0.5514774322509766, -0.2209281623363495, -0.0775664746761322, -0.23625409603118896, -0.007732221856713295, -0.2522580027580261, -0.0892392098903656, -0.030676592141389847, -0.2934466004371643, -0.2284044325351715, -0.11824963986873627, 0.07160995155572891, 0.04033459722995758, -0.00892728567123413, -0.421908438205719, 0.5188612937927246, -0.6752150058746338, -0.404377818107605, 0.05233941972255707, -0.6146736741065979, 0.568669855594635, -0.22904370725154877, -0.13728277385234833, 3.0239415168762207, -5.760828495025635, -1.3109594583511353, 0.0, -0.38999998569488525, 0.47999998927116394, 0.012645297683775425, 0.2464054822921753, 0.9690790772438049, 0.0032153106294572353, 0.4103725552558899, -0.5048398375511169, 0.757098913192749, -0.059434566646814346, -0.01777031272649765, -0.4439249336719513, 0.49668899178504944, -0.020021647214889526, 0.19089724123477936, 0.9793095588684082, -0.06411013007164001, 0.6364476680755615, -0.2968660295009613, -0.49819687008857727, 10.320501327514648, 0.576685905456543, 5.284854888916016, 0.01868954859673977, -0.45255589485168457, 0.4736528694629669, 0.05210060998797417, -0.4604012668132782, 0.8723769783973694, -0.15580275654792786, 0.5348023772239685, 0.294094055891037, -0.21402257680892944, -10.16812801361084, -4.569422721862793, 2.705803632736206, 0.025240721181035042, -0.4400891065597534, 0.5102262496948242, 0.019887160509824753, -0.41650503873825073, 0.9070361852645874, -0.058424197137355804, 0.6198304295539856, 0.039166852831840515, -0.4950498938560486, 2.2328402996063232, -0.33238697052001953, 4.320204734802246, 0.02696799486875534, -0.4213128387928009, 0.530192494392395, -0.07359450310468674, -0.06764358282089233, 0.9928005337715149, 0.06599391996860504, 0.284902960062027, 0.3867567479610443, -0.05128234997391701, -2.0245723724365234, -0.40015628933906555, -0.0400531180202961, -0.06449810415506363, -0.3667476773262024, 0.5318900942802429, 0.14951220154762268, -0.5929688811302185, 0.7514201998710632, 0.24779364466667175, 0.7443553805351257, -0.32421359419822693, -0.043608635663986206, 2.9009597301483154, 4.937887668609619, 10.04928207397461, -0.3130265474319458, -0.048779211938381195, -0.6008983850479126, -0.014660466462373734, 0.002673102542757988, 0.003179491264745593, -0.21225236356258392, 0.624090313911438, -0.6210474371910095, 0.013997438363730907, 0.00010794405534397811, 0.0024480221327394247, -0.6618235111236572, 3.104393482208252, -0.8746227622032166, -0.031000569462776184, -0.005385630764067173, 0.007014743983745575, 0.03642335906624794, 0.9849934577941895, -1.1749000549316406, -0.015901686623692513, 0.0012056879932060838, 0.0006531539838761091, 1.3656611442565918, 1.847813367843628, -0.5542522072792053, 2.5546223696437664e-05, 0.018484020605683327, 0.026949584484100342, -0.5470457673072815, -1.0, -1.0, -0.2963515818119049, -0.859992265701294, -1.0, -0.9353848099708557, 1.0, -0.8243520259857178, -0.08975589275360107, -1.0, -0.10137418657541275, 1.0, 1.0, -0.9596154689788818, -0.011787179857492447, 1.0, -0.29774755239486694, 0.3736295700073242, -0.5090433955192566]
[0.2615957260131836, -0.25792065262794495, -0.3418058454990387, -0.5284985899925232, -0.061673544347286224, 0.25937914848327637, -0.8214223384857178, -0.8297149538993835, -0.2603367865085602, -0.4699377417564392, -0.2770657241344452, -0.0581696555018425, -0.9620552659034729, -0.8700863122940063, -0.4404986500740051, 0.533460795879364, 0.1542452871799469, -0.6833346486091614, -0.45550453662872314, 0.1533934324979782, 0.3747895061969757, -0.6083711981773376, 0.6845813393592834, -0.1221233531832695, -0.27940571308135986, -0.7116112112998962, -0.5222887396812439, 0.8665856719017029, -0.8103189468383789, -0.33535104990005493, -0.2566622793674469, 0.7015447020530701, 1.9000991582870483, 1.9419351816177368, -0.4042068421840668, -0.8075900077819824, -0.027033595368266106, 0.0014782933285459876, 0.29368576407432556, -0.05983654409646988, 0.33113354444503784, 0.07271694391965866, -0.133762389421463, -1.3674631118774414, 0.46819430589675903, -0.020351072773337364, -0.7569261193275452, -0.09209542721509933, 6.138031005859375, 0.35141587257385254, 0.19064201414585114, 0.1470104455947876, 0.10063102841377258, 0.03708932176232338, 0.15080207586288452, 0.18184933066368103, 0.021740958094596863, 0.04774157330393791, 0.1986446976661682, -0.29223746061325073, -0.12722468376159668, -0.047230228781700134, 0.12987816333770752, 0.053966224193573, -0.41929537057876587, -0.13916024565696716, -0.03954621031880379, -0.4492844343185425, -0.3612055778503418, -0.21070800721645355, 0.2178894728422165, 0.08766227960586548, 0.00018511619418859482, -0.425550252199173, 0.5150011777877808, -0.754625141620636, -0.24162904918193817, -0.09927120804786682, -0.6019147634506226, 0.3804304897785187, -0.16096843779087067, -0.11350508779287338, 1.3361728191375732, -2.9292750358581543, -0.9936415553092957, 0.0, -0.38999998569488525, 0.47999998927116394, 0.012645297683775425, 0.2464054822921753, 0.9690790772438049, 0.0032153106294572353, 0.21488173305988312, -0.5824979543685913, 0.7658721208572388, -0.1672181934118271, -0.009368447586894035, -0.4443809390068054, 0.48973870277404785, -0.028886713087558746, 0.1323118507862091, 0.9856627583503723, -0.1006382629275322, 0.3768961727619171, -0.02916130982339382, -0.3265048861503601, 4.956737995147705, 0.03747081384062767, 3.9797401428222656, 0.02481614053249359, -0.4488508105278015, 0.47091734409332275, 0.02856045961380005, -0.33714407682418823, 0.9226585626602173, -0.18498462438583374, 0.1799149513244629, 0.4445090889930725, 0.07481001317501068, -17.565080642700195, -8.164237976074219, 1.0357486009597778, 0.03312401846051216, -0.4410324692726135, 0.49897706508636475, 0.03176821395754814, -0.4588075578212738, 0.8835981488227844, -0.08798076957464218, 0.43948686122894287, -0.16675786674022675, -0.8826088905334473, 7.692671775817871, 0.5476493835449219, 3.44120192527771, 0.030609140172600746, -0.4187028110027313, 0.5266742706298828, -0.07889026403427124, -0.07124967873096466, 0.9926000237464905, 0.05869356170296669, 0.15320992469787598, 0.014379460364580154, -0.3149275481700897, 1.4520316123962402, -0.7633007168769836, 1.1719902753829956, -0.060191139578819275, -0.36937206983566284, 0.5307304859161377, 0.18449345231056213, -0.5879520177841187, 0.7602894902229309, 0.20551012456417084, 0.13117727637290955, -0.05998051539063454, -0.11417463421821594, -0.2849900722503662, -2.5399973392486572, 4.400849342346191, 1.239929437637329, -0.826366662979126, 1.0670486688613892, 0.024693824350833893, -0.0025692484341561794, -0.007077348418533802, 1.03408944606781, -0.9906305074691772, 0.16242237389087677, 0.03288211673498154, 0.0023875278420746326, -0.001062039053067565, 1.3030712604522705, 1.7203421592712402, -0.11923172324895859, -0.021425096318125725, 0.004905475303530693, -0.0038131074979901314, 0.5927720069885254, 1.8661460876464844, -0.8258800506591797, -0.011554019525647163, -0.0012139789760112762, 0.0013511175056919456, 3.4316601753234863, 2.653590440750122, -1.5616487264633179, -0.008657990023493767, 0.032755739986896515, 0.024285100400447845, 0.5692821741104126, -0.7776046395301819, -1.0, 0.11410470306873322, -0.4357696771621704, -1.0, -0.13638371229171753, 0.856314480304718, -0.7997462749481201, -0.7803768515586853, -1.0, -0.16250792145729065, 0.30944693088531494, 0.07394573092460632, -0.568286120891571, -0.6983256936073303, 0.538385808467865, -0.8924927711486816, -0.04173657298088074, -0.02964959293603897]
[0.2296736091375351, -0.2990401089191437, -0.4602842628955841, -0.4136795997619629, -0.13325664401054382, 0.2086702138185501, -0.7991331219673157, -0.7586937546730042, -0.19179393351078033, -0.29994720220565796, -0.35970306396484375, -0.12234508246183395, -0.9242826700210571, -0.8579661250114441, -0.4364936947822571, 0.4490340054035187, 0.07672055065631866, -0.6681666374206543, -0.4573115110397339, 0.021275725215673447, 0.38686496019363403, -0.6425966620445251, 0.5537742972373962, -0.10806060582399368, 0.0107503030449152, 0.018705740571022034, -0.46475884318351746, 1.1776013374328613, -0.5768389105796814, -0.6153366565704346, 0.2764711380004883, 0.5156677961349487, -0.09249644726514816, 0.9261730313301086, -0.24128663539886475, -0.28903451561927795, 0.6325305700302124, 0.26168057322502136, -0.15280072391033173, -0.5005927681922913, -1.2885740995407104, 0.1613960713148117, 0.03678825870156288, -1.7773849964141846, -0.12491222470998764, -0.12414828687906265, -0.8195950388908386, 0.2478148192167282, 7.612285137176514, 10.700693130493164, 0.2084023356437683, 0.6160053610801697, 0.18112985789775848, 0.02372448518872261, 0.6173734664916992, 0.1553102433681488, -0.2594698369503021, -0.20534010231494904, 0.22262835502624512, 1.3929617404937744, 0.6697089672088623, 0.2619245946407318, 0.7405298948287964, 0.010838622227311134, -0.07789642363786697, -0.06844323128461838, -0.029414677992463112, -0.4828858971595764, 0.07993251085281372, 0.010909373871982098, 0.2743643522262573, 0.09298345446586609, 0.003901124931871891, -0.4269217550754547, 0.5143782496452332, -0.7688441276550293, -0.12578459084033966, -0.17241230607032776, -0.6027693152427673, 0.1650218963623047, -0.06184761971235275, -0.021354561671614647, 0.5619608759880066, -2.5891988277435303, -1.0771448612213135, 0.0, -0.38999998569488525, 0.47999998927116394, 0.012645297683775425, 0.2464054822921753, 0.9690790772438049, 0.0032153106294572353, 0.08456199616193771, -0.594769299030304, 0.7714335918426514, -0.20973551273345947, -0.005847649183124304, -0.4428005814552307, 0.49067509174346924, -0.03732406720519066, 0.11658672243356705, 0.9846569895744324, -0.12435875087976456, 0.04830778017640114, 0.12168001383543015, 0.3304281234741211, 0.046533361077308655, -0.6461485624313354, 2.175494909286499, 0.02551625296473503, -0.44743457436561584, 0.4718598425388336, 0.006064998917281628, -0.2346692681312561, 0.9537302851676941, -0.18786194920539856, -0.1829935908317566, 0.0955725610256195, 0.1691131293773651, -6.226183891296387, -2.466716766357422, -2.0794880390167236, 0.03679070994257927, -0.4417024254798889, 0.4927635192871094, 0.037600427865982056, -0.4738204777240753, 0.873400866985321, -0.10607238113880157, 0.0621066614985466, 0.07066397368907928, 0.020159605890512466, -3.034210681915283, -0.8894326090812683, 1.0337814092636108, 0.03349548578262329, -0.42209482192993164, 0.520919144153595, -0.07971689105033875, -0.10709559172391891, 0.9903096556663513, 0.03824187070131302, 0.1549261063337326, -0.4030553996562958, -0.33429330587387085, 5.223849296569824, -0.34802982211112976, 3.3682665824890137, -0.0627475306391716, -0.36827990412712097, 0.5294532775878906, 0.1570919007062912, -0.5795295238494873, 0.7811918258666992, 0.1709006279706955, -0.32267653942108154, 0.18365152180194855, 0.02976127155125141, -3.4812259674072266, -6.593169212341309, 0.23584364354610443, 1.3841674327850342, -0.009620657190680504, 3.8350093364715576, 0.023580173030495644, -0.005814057774841785, -0.00830011535435915, 3.4529826641082764, 3.596950054168701, 0.18364477157592773, -0.1513858437538147, 0.006021969486027956, -0.040264058858156204, 1.4104480743408203, -9.336078643798828, 2.2978572845458984, 0.12188343703746796, 0.004004317335784435, -0.004669216461479664, 0.058579836040735245, 1.3142423629760742, 1.2278759479522705, -0.00970104243606329, -0.0044483826495707035, 0.003923151642084122, 4.006182670593262, -0.46275290846824646, -1.7850322723388672, 0.004387902095913887, 0.028884539380669594, 0.010198396630585194, 1.0, 0.3180822730064392, -1.0, 0.42899248003959656, -0.4047139286994934, -1.0, 0.47477981448173523, 0.07331689447164536, -0.2819908559322357, -1.0, -0.7977388501167297, -0.7196545600891113, -0.39851492643356323, -1.0, -0.5740842223167419, -0.8846308588981628, 0.15539079904556274, -1.0, -0.1391960084438324, 0.11092542856931686]
[0.25378718972206116, -0.24602270126342773, -0.49555715918540955, -0.3827899098396301, -0.21037261188030243, 0.1322731375694275, -0.7617553472518921, -0.6799127459526062, -0.23183323442935944, -0.2731464207172394, -0.38821277022361755, -0.1567436009645462, -0.879535436630249, -0.8303956985473633, -0.5074843764305115, 0.3167145252227783, -0.07843940705060959, -0.6740586757659912, -0.4559028744697571, -0.07446395605802536, 0.35942038893699646, -0.6886476874351501, 0.45372459292411804, -0.027051327750086784, 0.1579219102859497, 0.6151502728462219, 0.027104517444968224, -0.1906827986240387, -0.7911649346351624, -0.8244069218635559, 0.18831481039524078, 0.8890814185142517, -0.5063373446464539, -0.17947284877300262, -0.08772192895412445, -0.27197265625, 0.32479748129844666, 0.2420026808977127, -0.4250798225402832, -0.5694233775138855, -1.512086272239685, -0.17062175273895264, -0.024302000179886818, -0.8614456057548523, -0.23452384769916534, -0.10554078966379166, -0.5097910761833191, 1.0067662000656128, 4.066100597381592, 6.960667610168457, 0.18313056230545044, 0.05179155617952347, -0.04190128296613693, -0.03551936149597168, 0.13392506539821625, 0.5801683068275452, 0.17066749930381775, 0.015023761428892612, 0.14131638407707214, 0.37720781564712524, 0.10159182548522949, 0.026077385991811752, 0.5562805533409119, 0.037878457456827164, 0.25068607926368713, 0.053648337721824646, 0.007604342419654131, 0.013004006817936897, 0.23648111522197723, 0.11453445255756378, 0.04133007675409317, 0.03412868082523346, 0.0020226873457431793, -0.4251866936683655, 0.5186197757720947, -0.7471439242362976, -0.042018789798021317, -0.2056904137134552, -0.6306359767913818, -0.21762758493423462, 0.19079451262950897, 0.44545814394950867, -0.520401656627655, -2.158726453781128, -1.2076236009597778, 0.0, -0.38999998569488525, 0.47999998927116394, 0.012645297683775425, 0.2464054822921753, 0.9690790772438049, 0.0032153106294572353, -0.004391455557197332, -0.5661834478378296, 0.794043779373169, -0.22115950286388397, -0.006572187412530184, -0.4429398775100708, 0.4959408938884735, -0.03260943666100502, 0.08469834178686142, 0.9875626564025879, -0.1283855438232422, -0.08992909640073776, -0.16078805923461914, 0.36078187823295593, 5.634308338165283, 2.132187604904175, -0.5083112716674805, 0.023029174655675888, -0.44812342524528503, 0.4802244007587433, 0.002238227054476738, -0.19486664235591888, 0.9645043015480042, -0.1781945526599884, -0.24020016193389893, -0.006409047171473503, 0.7488853335380554, -4.041649341583252, -0.39909839630126953, -1.75856614112854, 0.036001697182655334, -0.44208627939224243, 0.4967114329338074, 0.03562372550368309, -0.44669416546821594, 0.8873992562294006, -0.10824844241142273, -0.13096624612808228, 0.01225621160119772, 0.480045884847641, -4.484865665435791, -0.7462608218193054, -0.41527995467185974, 0.03622043505311012, -0.4277069568634033, 0.517558217048645, -0.07227006554603577, -0.15829676389694214, 0.9846710562705994, 0.0119168097153306, 0.17479373514652252, -0.4166969954967499, -0.1279502809047699, 6.012173175811768, 0.6370790600776672, 3.637922525405884, -0.06704112887382507, -0.36516761779785156, 0.530358076095581, 0.10022334009408951, -0.5587945580482483, 0.8067047595977783, 0.164107546210289, -0.3320187032222748, 0.2426525205373764, 0.19824960827827454, -5.485054016113281, -5.360462665557861, -3.866445541381836, 1.0407100915908813, 0.969735860824585, 0.4866533875465393, -0.0209733285009861, -0.007969256490468979, -0.012037470005452633, 0.7021241784095764, -1.2430846691131592, 2.784851551055908, -0.003622509306296706, -0.002009469084441662, -0.005318295210599899, 0.9048018455505371, -1.6068341732025146, 1.1925898790359497, 0.00197487510740757, 0.003644737880676985, -0.005672484636306763, 0.17255373299121857, -0.39175763726234436, 1.535164713859558, 0.0017279775347560644, -0.0017079696990549564, -0.001229011220857501, 1.0720504522323608, -1.5635058879852295, -0.07512881606817245, 0.0022502532228827477, 0.016975874081254005, -0.012057972140610218, 0.893103301525116, 0.7109246850013733, -0.23384989798069, -0.7462305426597595, -0.7265826463699341, -1.0, 0.7404816746711731, -0.17845600843429565, -0.033139534294605255, -0.8715774416923523, -1.0, -1.0, -0.47692549228668213, -1.0, -0.8268142938613892, -0.3508865535259247, 0.19899308681488037, -0.8603524565696716, 0.086912602186203, 0.709732174873352]
[0.2969791293144226, -0.16078536212444305, -0.3993501365184784, -0.363755464553833, -0.2426951676607132, 0.05535932257771492, -0.7589181065559387, -0.6578381657600403, -0.3194367289543152, -0.2962300181388855, -0.44409844279289246, -0.23870329558849335, -0.8715903759002686, -0.8170702457427979, -0.5235618948936462, 0.2726363241672516, -0.21271619200706482, -0.6396527886390686, -0.45315229892730713, -0.05885733664035797, 0.3464842438697815, -0.7339152693748474, 0.3891342878341675, 0.0647188052535057, 0.16172651946544647, 0.5760899186134338, 0.590896725654602, 0.37946316599845886, -0.033950597047805786, -0.48034945130348206, -0.08294863253831863, -0.1685396432876587, -0.973554253578186, -0.27241238951683044, -0.278219074010849, -1.0539592504501343, -0.06641829758882523, 0.04316418617963791, 0.32114431262016296, -0.1661662459373474, -0.9829134345054626, 0.5750165581703186, 0.1061728224158287, 0.7633265852928162, -0.014331904239952564, -0.11046791076660156, -0.3539283573627472, 0.7591297030448914, -0.1713605374097824, -1.183292269706726, 0.09671138226985931, 0.0787246823310852, 0.09532877057790756, 0.06012435257434845, -0.06463254988193512, -0.3511542081832886, -0.16424426436424255, -0.0608801543712616, -0.01584978774189949, -0.34121984243392944, -0.16952911019325256, -0.06872126460075378, 0.7100154161453247, 0.1259712129831314, 0.6270367503166199, 0.2850686311721802, 0.1043829396367073, 0.41043683886528015, 0.04109404981136322, 0.024313539266586304, -0.19064724445343018, -0.0659027248620987, -0.0012432232033461332, -0.4224795699119568, 0.5243017077445984, -0.7122582793235779, 0.026644350960850716, -0.22894760966300964, -0.6629940271377563, -0.18066886067390442, 0.13541573286056519, 0.33643028140068054, -0.9196951985359192, -0.5978094935417175, -0.9551187753677368, 0.0, -0.38999998569488525, 0.47999998927116394, 0.012645297683775425, 0.2464054822921753, 0.9690790772438049, 0.0032153106294572353, -0.07614082098007202, -0.5238884687423706, 0.817598819732666, -0.22644145786762238, -0.010827898979187012, -0.44275039434432983, 0.5040223002433777, -0.022071722894906998, 0.07535294443368912, 0.9911261796951294, -0.1072549894452095, -0.3057502508163452, 0.10505343228578568, 0.5376271605491638, -2.2418110370635986, 0.437873512506485, -3.711427688598633, 0.020635657012462616, -0.4493943154811859, 0.4880399703979492, 0.009241050109267235, -0.2037922888994217, 0.963874876499176, -0.1712557077407837, -0.0684315636754036, -0.13960614800453186, 0.2863682508468628, 3.7930266857147217, 2.0365967750549316, -0.02355162426829338, 0.035013310611248016, -0.4436599910259247, 0.500671923160553, 0.038288600742816925, -0.4450756013393402, 0.8877849578857422, -0.11081252992153168, -0.015948329120874405, -0.1545247882604599, 0.08226146548986435, 2.3926913738250732, 0.7198570966720581, 0.7232359647750854, 0.03541841357946396, -0.43077874183654785, 0.5190838575363159, -0.07312856614589691, -0.17158789932727814, 0.9824329614639282, 0.005942158401012421, -0.187203511595726, -0.030877800658345222, 0.2910379469394684, -2.280059814453125, -1.7322338819503784, -0.12453261017799377, -0.06776608526706696, -0.3638113737106323, 0.5331682562828064, 0.07763206958770752, -0.5455610752105713, 0.814815878868103, 0.18003174662590027, 0.04714256897568703, 0.014675281941890717, 0.20129601657390594, -0.6838163137435913, 1.516689658164978, -2.012810707092285, 0.4750017523765564, -1.169170618057251, 0.6421090364456177, 0.0425867922604084, -0.0033550651278346777, -0.009655030444264412, -0.3364899754524231, 1.6965844631195068, -1.6383576393127441, -0.0354313887655735, -0.0002908423775807023, 0.005612052511423826, -0.08844763785600662, 2.3162760734558105, -0.5174119472503662, -0.03397712484002113, -0.0006342603592202067, 0.0012930759694427252, 1.5792267322540283, -3.367042064666748, 2.5145516395568848, 0.053877316415309906, 0.02635813318192959, 0.008958558551967144, -2.601961851119995, -0.239665225148201, 1.3452149629592896, -0.010688995942473412, -0.024271344766020775, -0.023657526820898056, 0.5159231424331665, 0.2660665512084961, 0.6518366932868958, -0.0030859820544719696, -0.11089926213026047, -1.0, -1.0, -1.0, -1.0, -0.9536864161491394, -1.0, -0.3967737853527069, 0.7630661129951477, -0.840909481048584, -0.14026880264282227, 0.5448892712593079, 0.40175962448120117, -0.966031551361084, 0.062315940856933594, 0.46756744384765625]
[0.3558472990989685, -0.0690612941980362, -0.27156195044517517, -0.3094378709793091, -0.23304232954978943, 0.03579093888401985, -0.7901401519775391, -0.6950197815895081, -0.42494887113571167, -0.3292088508605957, -0.5074597001075745, -0.35218894481658936, -0.8861058950424194, -0.8181750178337097, -0.4957825839519501, 0.23429517447948456, -0.3221997916698456, -0.6133511662483215, -0.44129830598831177, -0.03436341509222984, 0.34422025084495544, -0.7770305275917053, 0.39335915446281433, 0.11842885613441467, 0.2644106447696686, 0.6860212087631226, 0.48984965682029724, 0.5796859264373779, 0.15915705263614655, -0.02466483972966671, -0.15097789466381073, -0.4346652030944824, -0.9746378064155579, -0.32694682478904724, -0.2562813460826874, -1.0552104711532593, -0.1684136539697647, -0.040657754987478256, 0.09904562681913376, -0.20200775563716888, -0.9967100024223328, 0.06259850412607193, 0.07047952711582184, 0.04073987156152725, -0.013360455632209778, -0.1018192321062088, 0.2350911945104599, 0.36275714635849, 2.39749813079834, 0.7582467794418335, 0.05205725133419037, 0.09589949250221252, 0.047566816210746765, 0.025566453114151955, 0.06343581527471542, -0.0021763290278613567, 0.0013845947105437517, -0.0010587687138468027, 0.07490295171737671, 0.047752946615219116, 0.011019093915820122, 0.0008817617781460285, 0.17117294669151306, 0.06392248719930649, 0.12755735218524933, 0.007640030235052109, -0.005693456623703241, -0.25122320652008057, 0.02052759751677513, 0.01568068563938141, 0.2022215873003006, 0.05330832675099373, -0.004204948432743549, -0.42028090357780457, 0.5281133651733398, -0.6814713478088379, 0.04817097634077072, -0.207272008061409, -0.7002246975898743, -0.17713716626167297, 0.1336117684841156, 0.19573476910591125, -1.0156621932983398, 0.14472799003124237, -0.951838493347168, 0.0, -0.38999998569488525, 0.47999998927116394, 0.012645297683775425, 0.2464054822921753, 0.9690790772438049, 0.0032153106294572353, -0.09109105914831161, -0.48508450388908386, 0.8464341163635254, -0.19986218214035034, -0.01688646711409092, -0.44021761417388916, 0.5146835446357727, -0.01624779962003231, 0.12022266536951065, 0.9896463751792908, -0.0766979455947876, -0.3847270607948303, 0.3160695433616638, 0.6583369970321655, -6.9654998779296875, -0.4655865728855133, -3.802903413772583, 0.01837923377752304, -0.45100128650665283, 0.4931948482990265, 0.021842338144779205, -0.2435886710882187, 0.9552001357078552, -0.1666739583015442, -0.13850528001785278, -0.15520615875720978, 0.2724248766899109, 4.772526264190674, 2.531085968017578, -0.2284141331911087, 0.03350501134991646, -0.4458867013454437, 0.5032935738563538, 0.04425257816910744, -0.46549057960510254, 0.8769735097885132, -0.11080414056777954, -0.12334275245666504, -0.1499713957309723, 0.14776800572872162, 2.7282402515411377, 1.089134693145752, 0.1109839528799057, 0.03281838819384575, -0.43257948756217957, 0.5231815576553345, -0.0809282660484314, -0.1684681624174118, 0.9823728203773499, 0.0035656574182212353, -0.1808849722146988, -0.118870809674263, 0.2525615990161896, 0.425592303276062, -0.8356243371963501, 0.2827420234680176, -0.06919669359922409, -0.3609999716281891, 0.5365844368934631, 0.05574227496981621, -0.5289161205291748, 0.8224377632141113, 0.20183321833610535, -0.24159058928489685, 0.2990816533565521, 0.2680467367172241, -4.024899959564209, -1.5096150636672974, -3.903010129928589, 0.3022605776786804, -0.5237978100776672, 0.5685866475105286, 0.017709486186504364, 0.00038995908107608557, 0.00032009967253543437, 0.40662381052970886, -0.041882503777742386, -0.007530959323048592, -0.001687006326392293, 0.0004158011288382113, -0.0014112466014921665, 0.4824768900871277, -0.1675843447446823, 0.10538839548826218, -0.0016320031136274338, 0.001709563541226089, -0.0014930824982002378, 0.4494357705116272, -0.04289454221725464, 0.48052313923835754, -0.006336874794214964, 0.0023635851684957743, -0.00033786188578233123, 2.3512396812438965, -0.22159543633460999, -1.274756669998169, 0.00711215753108263, 0.015688495710492134, 0.009317813441157341, 1.0, 0.5444594621658325, 0.3608206808567047, 0.09723742306232452, -0.09634076803922653, -1.0, -1.0, -1.0, -1.0, -0.9829699397087097, -1.0, -0.6633610129356384, 0.6674140095710754, -1.0, -0.6689692139625549, -0.14689740538597107, 0.34294867515563965, -0.9895490407943726, 0.7988508939743042, 0.2771775722503662]
[0.43142229318618774, 0.03254629299044609, -0.17586952447891235, -0.2916466295719147, -0.2311612367630005, 0.03634988144040108, -0.825295627117157, -0.7428027391433716, -0.5219758152961731, -0.36312562227249146, -0.5737966299057007, -0.4611159861087799, -0.9044280052185059, -0.8237573504447937, -0.49245747923851013, 0.18746623396873474, -0.4191003739833832, -0.6430151462554932, -0.44287237524986267, -0.10890616476535797, 0.3317515552043915, -0.7993150949478149, 0.45574116706848145, 0.14193083345890045, 0.29984983801841736, 0.7311708331108093, 0.339733749628067, -0.05824785307049751, -0.06003791093826294, -0.0007702155271545053, -0.1402788758277893, -0.4407746493816376, -0.8526256680488586, -0.30607765913009644, -0.28203991055488586, -0.9867658019065857, -0.1679837703704834, -0.05704515054821968, -0.0049636950716376305, -0.19288687407970428, -0.8299655318260193, -0.452114075422287, -0.09250729531049728, -1.4482980966567993, -0.12807436287403107, -0.030253589153289795, 0.479321151971817, 0.14654994010925293, 0.8762335181236267, 0.13537681102752686, -0.001439735759049654, -0.1494596004486084, -0.07454892992973328, -0.02641138806939125, 0.029844222590327263, 0.02140849642455578, 0.023461446166038513, 0.010317908599972725, 0.023609355092048645, 0.048387814313173294, 0.02180594578385353, 0.007745106238871813, -0.006928598508238792, 0.03053295612335205, 0.058633677661418915, -0.008557254448533058, -0.011348267085850239, -0.3498123288154602, 0.0021616811864078045, 0.007499623578041792, 0.2072904407978058, 0.06048540771007538, -0.007148865610361099, -0.41804128885269165, 0.5296247005462646, -0.654819130897522, 0.045851536095142365, -0.15688595175743103, -0.737899899482727, -0.17648576200008392, 0.13437877595424652, 0.05258936807513237, -1.0005302429199219, 0.8733912706375122, -1.0551584959030151, 0.0, -0.38999998569488525, 0.47999998927116394, 0.012645297683775425, 0.2464054822921753, 0.9690790772438049, 0.0032153106294572353, -0.07586581259965897, -0.45061764121055603, 0.8765097260475159, -0.15138980746269226, -0.02301468513906002, -0.4375806748867035, 0.524344265460968, -0.010497142560780048, 0.15828140079975128, 0.9861254692077637, -0.04892035946249962, -0.33812543749809265, 0.18185047805309296, 0.49891138076782227, -3.070284128189087, 0.0929160937666893, -3.184504270553589, 0.015100324526429176, -0.4522576630115509, 0.49886640906333923, 0.0345340333878994, -0.28152260184288025, 0.9456716179847717, -0.15892595052719116, -0.19363698363304138, -0.10860966145992279, 0.3186335861682892, 3.9224419593811035, 2.360306739807129, -0.6083389520645142, 0.030991900712251663, -0.44769150018692017, 0.5069875717163086, 0.05057457089424133, -0.48448607325553894, 0.8666408061981201, -0.10793130099773407, -0.1574227213859558, -0.10787751525640488, 0.20928020775318146, 2.237429618835449, 1.1678885221481323, 0.010150815360248089, 0.030021507292985916, -0.4345436692237854, 0.5273990631103516, -0.08388502895832062, -0.186341792345047, 0.9788973331451416, 0.00021803544950671494, -0.17603814601898193, -0.14968958497047424, 0.24479778110980988, 2.9754104614257812, -0.30954837799072266, 0.5907614827156067, -0.07531517744064331, -0.3533763587474823, 0.5392307639122009, -0.012753170914947987, -0.4878827631473541, 0.8469183444976807, 0.21103771030902863, -0.5827764272689819, 0.6526537537574768, 0.20833522081375122, -9.070176124572754, -7.336430072784424, -4.565155029296875, -0.0021981559693813324, 0.5995588302612305, -0.8298473358154297, -0.01741800829768181, 0.0011850277660414577, 0.0025378286372870207, 0.20737327635288239, -0.27716514468193054, 0.09550623595714569, 0.006160431075841188, 0.0006201263749971986, -0.0012133074924349785, 0.16858361661434174, -0.2927742302417755, 0.04247776418924332, 0.0033534925896674395, 0.000603236083406955, -0.0003949434612877667, 0.1432667076587677, 0.12978611886501312, 0.08454413712024689, -0.009401476010680199, -0.000512985629029572, -0.0019141549710184336, 2.6286702156066895, 0.18663868308067322, -1.3010084629058838, 0.009015282616019249, 0.018426688387989998, 0.019826486706733704, 1.0, 0.6340287327766418, 0.2199230045080185, -0.4596365988254547, -0.3149551749229431, -1.0, -1.0, -1.0, -1.0, -0.9727423787117004, -1.0, -0.9259940981864929, 0.2290927767753601, -1.0, -1.0, -1.0, 0.20066583156585693, -0.8324295878410339, 1.0, 0.20281565189361572]
[0.5136018991470337, 0.1299021691083908, -0.12700840830802917, -0.33266183733940125, -0.2646280825138092, 0.03071616031229496, -0.8560292720794678, -0.7859299182891846, -0.6045224666595459, -0.39317193627357483, -0.6356609463691711, -0.5590343475341797, -0.9208530783653259, -0.8295882940292358, -0.49749162793159485, 0.15400075912475586, -0.49894535541534424, -0.695594310760498, -0.4581511616706848, -0.23634549975395203, 0.294854998588562, -0.791034460067749, 0.5361207723617554, 0.1507571041584015, 0.3136884570121765, 0.6503786444664001, 0.12629246711730957, -0.5544310212135315, -0.44383031129837036, -0.12897613644599915, -0.11754216998815536, -0.37320849299430847, -0.71290522813797, -0.2616172730922699, -0.23303280770778656, -0.8568252921104431, -0.1423497051000595, -0.051763005554676056, -0.020387275144457817, -0.13954323530197144, -0.6821617484092712, -0.5027574896812439, -0.20542342960834503, -1.6390323638916016, -0.3479193449020386, 0.040489450097084045, 0.507390022277832, 0.048329513520002365, 0.22716215252876282, -1.2604715824127197, -0.037125032395124435, -0.1837066113948822, -0.08633922785520554, -0.03363150358200073, 0.01096883974969387, -0.055438920855522156, 0.00018444581655785441, 0.004805275704711676, 0.023706696927547455, -0.02190236933529377, 0.00011907948646694422, 0.0018743097316473722, -0.11935717612504959, 0.01992761716246605, -0.02234536223113537, -0.002226270968094468, -0.003872500965371728, 0.007148985750973225, -0.05079874396324158, -0.02976222336292267, -0.009851180948317051, -0.003919408656656742, -0.010026530362665653, -0.4159211218357086, 0.5291593670845032, -0.6358134746551514, 0.007140056230127811, -0.05565675348043442, -0.7698002457618713, -0.17251324653625488, 0.12669196724891663, -0.07001432776451111, -0.8323245048522949, 2.1853418350219727, -1.353676199913025, 0.0, -0.38999998569488525, 0.47999998927116394, 0.012645297683775425, 0.2464054822921753, 0.9690790772438049, 0.0032153106294572353, -0.012943378649652004, -0.42574378848075867, 0.9025765657424927, -0.06269164383411407, -0.028430473059415817, -0.43676528334617615, 0.5308271050453186, -0.005065564997494221, 0.15591856837272644, 0.9873545169830322, -0.02819182351231575, -0.2913741171360016, -0.02468196675181389, 0.31864234805107117, 2.37448787689209, 0.3165491223335266, -2.1922008991241455, 0.011144444346427917, -0.45293888449668884, 0.5045849084854126, 0.04514709487557411, -0.31206315755844116, 0.9372939467430115, -0.14852014183998108, -0.233103945851326, -0.06467276066541672, 0.29259681701660156, 3.162597894668579, 2.011951446533203, -0.9323712587356567, 0.027866726741194725, -0.4489561915397644, 0.5108504295349121, 0.05636502057313919, -0.5002683401107788, 0.8579105138778687, -0.10268422961235046, -0.19908742606639862, -0.07566211372613907, 0.1924455761909485, 1.8575509786605835, 1.1592955589294434, -0.3732563257217407, 0.026729850098490715, -0.4361134469509125, 0.5314406156539917, -0.08493835479021072, -0.21377548575401306, 0.9731831550598145, -0.00012388416507747024, -0.20257233083248138, -0.1259443759918213, 0.208877831697464, 3.542283296585083, -0.13970856368541718, 0.2744278013706207, -0.08324739336967468, -0.34409981966018677, 0.5390540361404419, -0.10270560532808304, -0.4357919692993164, 0.8704448342323303, 0.20460356771945953, -0.5854367017745972, 0.6398093700408936, -0.04838058724999428, -8.62814998626709, -8.469338417053223, -3.623471975326538, -0.16131789982318878, 0.6580984592437744, -1.1243083477020264, -0.023760024458169937, 0.0017476751236245036, 0.0039375098422169685, 0.10671552270650864, 0.011606555432081223, -0.2257375419139862, 0.004979373887181282, 0.0011704221833497286, -0.0002715271257329732, 0.17213669419288635, 0.054531924426555634, -0.1315443366765976, 0.002692288253456354, 0.0017942788545042276, -0.00045200641034170985, 0.11003053933382034, 0.0838402509689331, -0.18487416207790375, -0.0026148974429816008, 0.00010421380284242332, -0.0011720870388671756, -0.09070654213428497, 0.9484977126121521, 0.03238079324364662, -0.005821930710226297, -0.0024681012146174908, 0.0012961684260517359, 1.0, 0.5749502778053284, -0.04939283803105354, -0.7824390530586243, -0.6053129434585571, -1.0, -1.0, -1.0, -1.0, -1.0, -1.0, -0.9569546580314636, 0.4812372326850891, -1.0, -1.0, -1.0, -0.05638855695724487, -0.7056761384010315, 1.0, 0.16221989691257477]
[0.5946879386901855, 0.2213250994682312, -0.12727312743663788, -0.40375521779060364, -0.29982268810272217, 0.0014212540118023753, -0.8808010220527649, -0.8226280212402344, -0.6733745336532593, -0.42177340388298035, -0.6540524959564209, -0.6419509053230286, -0.93487948179245, -0.8347606062889099, -0.49939921498298645, 0.15563581883907318, -0.5671669840812683, -0.7466357946395874, -0.49817559123039246, -0.3613031208515167, 0.21522535383701324, -0.7681856155395508, 0.6133397817611694, 0.16078199446201324, 0.29733288288116455, 0.6362284421920776, -0.0691189095377922, -0.7091655135154724, -0.263069748878479, -0.3544543981552124, -0.09295817464590073, -0.31609028577804565, -0.5943008065223694, -0.35462185740470886, 0.012465187348425388, -0.7171379327774048, -0.1211981326341629, -0.04525807872414589, 0.014161740429699421, 0.07181135565042496, -0.5939197540283203, -0.45476245880126953, -0.5025872588157654, -1.4850126504898071, -0.7054579257965088, 0.05474816635251045, 0.4584623873233795, 0.11467230319976807, -0.4573656916618347, -0.4448012709617615, -0.05641375482082367, -0.051352571696043015, -0.0026676536072045565, -0.003596159629523754, -0.019426027312874794, -0.008873322047293186, 0.011943182907998562, -0.002622921485453844, 0.039003245532512665, 0.023219997063279152, 0.015556497499346733, 0.006760903634130955, -0.03340709209442139, 0.043078742921352386, 0.02644732967019081, 0.019640864804387093, -0.0014331558486446738, 0.06429191678762436, -0.06802858412265778, -0.04845393821597099, -0.060546815395355225, -0.016745591536164284, -0.01358503382652998, -0.41516587138175964, 0.5285273194313049, -0.6267026662826538, -0.11133752018213272, 0.13210269808769226, -0.7598660588264465, -0.21572445333003998, 0.022861069068312645, -0.04152880236506462, 0.10274075716733932, 4.9292521476745605, -1.643414855003357, 0.0, -0.38999998569488525, 0.47999998927116394, 0.012645297683775425, 0.2464054822921753, 0.9690790772438049, 0.0032153106294572353, 0.14803938567638397, -0.4221177399158478, 0.8898101449012756, 0.09021571278572083, -0.03290034458041191, -0.436652809381485, 0.5355582237243652, -0.0014813414309173822, 0.13011534512043, 0.9913706183433533, -0.015877945348620415, -0.23580797016620636, -0.03558717295527458, 0.28006207942962646, 3.449727773666382, 0.24403458833694458, -1.1485426425933838, 0.006995038129389286, -0.453077495098114, 0.5102720260620117, 0.053796105086803436, -0.336346298456192, 0.930209755897522, -0.13669946789741516, -0.23486153781414032, -0.028661254793405533, 0.31246691942214966, 2.870640754699707, 1.895574688911438, -1.072212815284729, 0.023703759536147118, -0.4498291611671448, 0.514938473701477, 0.05803291127085686, -0.5119098424911499, 0.8522660732269287, -0.09068075567483902, -0.2877754271030426, -0.053032286465168, 0.23770494759082794, 1.1338539123535156, 1.0003654956817627, -1.5786244869232178, 0.0226565171033144, -0.43701493740081787, 0.5354409217834473, -0.0878937765955925, -0.24723869562149048, 0.9649477601051331, 0.004842360038310289, -0.27215567231178284, -0.08664660900831223, 0.2160966545343399, 4.474071025848389, -0.4457075595855713, -0.5447087287902832, -0.09045260399580002, -0.33670032024383545, 0.535951554775238, -0.19134049117565155, -0.3908226191997528, 0.880942165851593, 0.18597669899463654, -0.5014368891716003, 0.4570942223072052, -0.25290393829345703, -6.8837995529174805, -9.088456153869629, -2.287121295928955, -0.29504966735839844, 0.04238710179924965, -0.21277301013469696, -0.00296035292558372, 0.001306009478867054, 0.004213017411530018, -0.07583460211753845, 0.00913752056658268, 0.007654744666069746, -0.002485858742147684, 0.0002720798656810075, 0.00021879133419133723, 0.2529720366001129, -0.18384240567684174, -0.004114504903554916, 0.004003267735242844, 0.0038212179206311703, -0.0017898051301017404, 0.2601998746395111, -0.12463553994894028, 0.0343921072781086, -0.003302688943222165, 0.002986010629683733, -0.002844911301508546, -0.7195740938186646, 1.113564133644104, 0.3477570414543152, -0.009774787351489067, -0.005232405848801136, -0.0019754571840167046, 1.0, 0.7100151181221008, -0.3114587366580963, -0.8594161868095398, -0.42145562171936035, -1.0, -1.0, -1.0, -0.6010948419570923, -1.0, -1.0, -0.8062840700149536, 0.8243580460548401, -1.0, -1.0, -1.0, -0.44905948638916016, -0.6994683742523193, 1.0, 0.237585186958313]
[0.6695020794868469, 0.3205784261226654, -0.17400315403938293, -0.49096569418907166, -0.27061107754707336, -0.017701707780361176, -0.8949640393257141, -0.8297487497329712, -0.7319239377975464, -0.4772120416164398, -0.5916278958320618, -0.6918848156929016, -0.9477835893630981, -0.8397234678268433, -0.5052618980407715, 0.19865602254867554, -0.6189311742782593, -0.7915612459182739, -0.5549244284629822, -0.4704577326774597, 0.0905257984995842, -0.7641189694404602, 0.6812494397163391, 0.17198653519153595, 0.2688203752040863, 0.7394102811813354, -0.2582979202270508, -0.8464136123657227, 0.5522159934043884, 0.033895235508680344, 0.09336306154727936, -0.11341271549463272, -0.4975297152996063, -0.6146692037582397, 0.2029620260000229, -0.16037671267986298, -0.12053879350423813, -0.04828569293022156, 0.011404263786971569, 0.21174068748950958, -0.3843604326248169, -0.3949733376502991, -0.5243856310844421, -1.2656301259994507, -1.0101486444473267, -0.022344794124364853, 0.39342769980430603, 0.0959501788020134, -0.6062633991241455, 0.8655245304107666, -0.06113006919622421, 0.032993562519550323, 0.06005848944187164, 0.041234228760004044, 0.11591363698244095, -0.024592559784650803, -0.0014178201090544462, -0.006905014161020517, -0.13248249888420105, 0.3427527844905853, 0.14419980347156525, 0.05218781530857086, 0.10596916079521179, -0.008190954104065895, 0.16515372693538666, 0.07141461223363876, 0.02621096558868885, 0.039315301924943924, -0.004047171678394079, -0.025003496557474136, -0.061370860785245895, -0.020844977349042892, -0.017194507643580437, -0.4151107370853424, 0.5266368985176086, -0.610866367816925, -0.2227674424648285, 0.2986333966255188, -0.6985949873924255, -0.21692560613155365, 0.009742901660501957, -0.15248443186283112, 0.6337880492210388, 4.743383884429932, -1.490984320640564, 0.0, -0.38999998569488525, 0.47999998927116394, 0.012645297683775425, 0.2464054822921753, 0.9690790772438049, 0.0032153106294572353, 0.2963339388370514, -0.42433270812034607, 0.825657844543457, 0.2245374619960785, -0.036121468991041183, -0.435414582490921, 0.5409219861030579, 0.000998994568362832, 0.12924976646900177, 0.9915333390235901, -0.012456442229449749, -0.15752090513706207, 0.15154215693473816, 0.34719812870025635, -2.3903939723968506, 0.2553047835826874, -0.06718036532402039, 0.0028637335635721684, -0.452226459980011, 0.5184176564216614, 0.061398085206747055, -0.3538072407245636, 0.9251149892807007, -0.12334025651216507, -0.2814464867115021, 0.024678589776158333, 0.47841984033584595, 2.1963579654693604, 1.7998862266540527, -1.965807318687439, 0.01789924129843712, -0.4499126672744751, 0.5215128660202026, 0.050999920815229416, -0.5107364058494568, 0.8555065989494324, -0.06823335587978363, -0.3531680405139923, 0.06356187164783478, 0.5500385761260986, -2.067950487136841, 0.2694549560546875, -2.3939852714538574, 0.01797788217663765, -0.43669942021369934, 0.5406708121299744, -0.09344332665205002, -0.27688178420066833, 0.9562264084815979, 0.015352868475019932, -0.30668747425079346, 0.036421265453100204, 0.35542136430740356, 2.83634090423584, -0.6514147520065308, -1.259356141090393, -0.09614810347557068, -0.3322136104106903, 0.531285285949707, -0.2710326313972473, -0.35791268944740295, 0.8803319931030273, 0.15315161645412445, -0.37282708287239075, 0.24213679134845734, -0.3355088531970978, -5.3897600173950195, -9.012311935424805, -0.008804470300674438, -0.346256822347641, -0.697367787361145, 0.4843555688858032, 0.03077371045947075, 0.0007893878500908613, 0.004224612843245268, 0.6137158274650574, 0.12330888956785202, 0.05282154306769371, -0.005055381450802088, 0.00627348106354475, -0.007143458351492882, -0.7020664215087891, -2.002145290374756, 0.32527732849121094, 0.022155635058879852, -0.0065342639572918415, 0.00265505607239902, -0.003761728759855032, -0.9445479512214661, 0.45491427183151245, 0.012042746879160404, 0.0021535977721214294, 0.0009600205812603235, -0.8397282361984253, 0.668310284614563, 0.3513232469558716, -0.00767803518101573, -0.007409327197819948, -0.0020056436769664288, 1.0, 1.0, -0.6150397062301636, -1.0, 0.20598387718200684, -1.0, -0.6436683535575867, -1.0, 0.19221919775009155, -0.805592954158783, -1.0, -0.6270585656166077, 0.6579327583312988, -0.8436555862426758, -1.0, -1.0, -0.7855027914047241, -0.9116185903549194, 1.0, 0.22201582789421082]
[0.7371553778648376, 0.41711026430130005, -0.20536963641643524, -0.5756940841674805, -0.1865958571434021, 2.9745411666226573e-05, -0.8490925431251526, -0.8004239797592163, -0.7783361077308655, -0.5401920676231384, -0.5487157106399536, -0.6645803451538086, -0.9612401127815247, -0.8454527258872986, -0.48449987173080444, 0.20916637778282166, -0.6133162975311279, -0.8304052948951721, -0.6056058406829834, -0.5397602319717407, -0.05836465209722519, -0.7693161368370056, 0.7237516045570374, 0.1838671714067459, 0.2442541867494583, 0.647420346736908, -0.04033704102039337, -0.7471750974655151, 0.8937098383903503, 0.2506324350833893, 0.22560742497444153, 0.51308673620224, -0.35640573501586914, -0.5250425934791565, 0.2186513990163803, 0.4647845923900604, -0.14610911905765533, -0.06563340872526169, 0.09271635860204697, -0.011507018469274044, 0.25970298051834106, -0.32943055033683777, -0.4284721910953522, -0.6232426762580872, -1.1132354736328125, -0.015205747447907925, 0.1822207272052765, 0.11280695348978043, -0.6650418639183044, -1.8445460796356201, 0.026868049055337906, -0.05668060481548309, 0.008153209462761879, 0.0136256730183959, 0.0033277985639870167, 0.056241847574710846, 0.05632902681827545, 0.030326468870043755, 0.03864332661032677, 0.02862294390797615, 0.016283201053738594, 0.0066262828186154366, -0.18927451968193054, -0.05312693119049072, 0.036181915551424026, 0.034705642610788345, 0.019426625221967697, 0.11495926231145859, -0.04614797979593277, -0.026512386277318, -0.10420481860637665, -0.035709720104932785, -0.021206552162766457, -0.41424956917762756, 0.5277078747749329, -0.6273592114448547, -0.24950334429740906, 0.34099245071411133, -0.6541349291801453, -0.1941361278295517, 0.09774842858314514, 0.3973616659641266, 0.977916419506073, 0.4170476496219635, -0.40167173743247986, 0.0, -0.38999998569488525, 0.47999998927116394, 0.012645297683775425, 0.2464054822921753, 0.9690790772438049, 0.0032153106294572353, 0.3320654630661011, -0.4518924057483673, 0.786434531211853, 0.25893327593803406, -0.039148490875959396, -0.4329219460487366, 0.5466065406799316, 0.003920398652553558, 0.16410140693187714, 0.9864067435264587, -0.007549949921667576, -0.1868438720703125, 0.2459816038608551, 0.3030712902545929, -5.214341163635254, 0.19686293601989746, -1.005243182182312, -0.0022640973329544067, -0.45047807693481445, 0.5283898711204529, 0.06195908784866333, -0.3575848639011383, 0.9261940717697144, -0.10226787626743317, -0.32933443784713745, 0.1588442027568817, 0.6639782190322876, -1.4417353868484497, 0.426263689994812, -2.432999849319458, 0.012851395644247532, -0.4478457272052765, 0.5317404866218567, 0.04394560307264328, -0.48410844802856445, 0.8724046349525452, -0.05116558447480202, -0.33373764157295227, 0.1975085288286209, 0.6997255682945251, -4.491433143615723, -0.13740874826908112, -2.272643566131592, 0.013862545602023602, -0.4339360296726227, 0.5490857362747192, -0.10010292381048203, -0.27780434489250183, 0.955197811126709, 0.020029839128255844, -0.23181192576885223, 0.23042729496955872, 0.5427465438842773, -1.0903739929199219, -0.4055117964744568, -0.6511251330375671, -0.09967103600502014, -0.3309468924999237, 0.5272427201271057, -0.3256118595600128, -0.3430381715297699, 0.8733364939689636, 0.11655475944280624, -0.18996651470661163, 0.002796345390379429, -0.24821141362190247, -2.3266782760620117, -6.028780460357666, 1.6486220359802246, 0.12062284350395203, -0.2555301785469055, -0.2999782860279083, 0.009792721830308437, -0.00036584216286428273, -0.004323882982134819, -0.009236682206392288, -0.6706028580665588, 0.1499813199043274, 0.0202674251049757, 0.0016757299890741706, 0.00025416925200261176, 0.16214193403720856, -0.146217480301857, -0.06846913695335388, 0.004433020483702421, 0.003443107008934021, -0.0005073028150945902, -0.29956498742103577, -0.4489220976829529, -0.08215019106864929, 0.01269279420375824, -0.0024635486770421267, 0.0014104926958680153, -1.443576693534851, 0.5197535157203674, 0.4875011742115021, -0.007883703336119652, -0.01261249091476202, -0.014097580686211586, 1.0, 1.0, -0.20766790211200714, -1.0, 0.4029911160469055, -1.0, -0.3389594256877899, -1.0, 0.9073697924613953, -0.21988418698310852, -1.0, -0.382581889629364, 0.13183605670928955, -0.34386417269706726, -0.9999029040336609, -0.7147935032844543, -0.9579102993011475, -0.8264436721801758, 0.8030226230621338, 0.24745216965675354]
[0.7474698424339294, 0.4546823799610138, -0.0964105948805809, -0.6322242617607117, -0.1083374172449112, 0.02760518342256546, -0.8247313499450684, -0.7492033839225769, -0.8080108761787415, -0.5840696692466736, -0.5184140205383301, -0.5570287704467773, -0.9752163887023926, -0.8524526357650757, -0.5058966279029846, 0.27111393213272095, -0.48271268606185913, -0.8162991404533386, -0.6310428380966187, -0.44114819169044495, -0.11504252254962921, -0.7516875267028809, 0.678831160068512, 0.19495491683483124, -0.11554568260908127, 0.023807823657989502, 0.6172932982444763, -0.49434372782707214, 0.632455050945282, 0.2431989461183548, 0.03480244800448418, 0.43213772773742676, -0.2658400535583496, -0.3397998511791229, 0.1447141021490097, 1.3277641534805298, -0.09216808527708054, -0.051396775990724564, -0.19435499608516693, 0.3956882059574127, 1.7131096124649048, 0.3821243941783905, -0.024590246379375458, 2.2183456420898438, -0.01947956159710884, 0.08502442389726639, -0.5450097322463989, 0.08638427406549454, -9.454270362854004, -6.962666988372803, -0.21394656598567963, -0.427240788936615, -0.14117392897605896, -0.0359521247446537, -0.4200153946876526, -0.5469534993171692, -0.1990492045879364, -0.05889870598912239, -0.31425613164901733, -0.17328032851219177, -0.026991022750735283, -0.00022196327336132526, -0.8195350170135498, -0.15717417001724243, -0.12983335554599762, 0.03474707156419754, 0.042951907962560654, 0.5673053860664368, 0.08306331932544708, 0.07265423983335495, -0.3909698724746704, -0.13191315531730652, -0.02359606698155403, -0.41373082995414734, 0.5317747592926025, -0.6818322539329529, -0.2026204764842987, 0.24694134294986725, -0.6580802798271179, -0.064510278403759, -0.016212893649935722, 0.14831507205963135, 1.0184657573699951, -3.210984468460083, 0.6195933222770691, 0.0, -0.38999998569488525, 0.47999998927116394, 0.012645297683775425, 0.2464054822921753, 0.9690790772438049, 0.0032153106294572353, 0.2633322477340698, -0.5023689270019531, 0.8039708137512207, 0.17864099144935608, -0.04181935638189316, -0.4320065677165985, 0.5482417941093445, 0.005376895423978567, 0.19416867196559906, 0.9808686375617981, 0.012896203435957432, -0.06566054373979568, -0.016557637602090836, -0.08804833889007568, -2.058351516723633, -0.438581645488739, -2.45412015914917, -0.0034861925523728132, -0.4489060640335083, 0.5340607166290283, 0.06186032295227051, -0.35572347044944763, 0.9276250004768372, -0.09563431143760681, 0.10208946466445923, 0.043552398681640625, 0.1195230707526207, 0.7250403165817261, 0.16393913328647614, 0.36560919880867004, 0.01142400223761797, -0.44442054629325867, 0.540255069732666, 0.039519261568784714, -0.44448214769363403, 0.8937252163887024, -0.046141427010297775, 0.04413009434938431, 0.28366780281066895, 0.4885178506374359, -6.004105091094971, -0.8021076917648315, 0.04500830918550491, 0.01172907929867506, -0.42804786562919617, 0.5572142601013184, -0.10115458071231842, -0.22476010024547577, 0.9684706926345825, 0.036262523382902145, -0.03495912253856659, 0.5574560761451721, 0.48559215664863586, -9.350403785705566, 1.333892822265625, -3.3037357330322266, -0.09830649197101593, -0.3332138657569885, 0.5302118062973022, -0.29153376817703247, -0.37309059500694275, 0.8707268834114075, 0.13283821940422058, 0.3049962818622589, -0.3064507842063904, 0.38820409774780273, 8.004707336425781, 9.010811805725098, 0.6115349531173706, -1.3756299018859863, 0.8812165260314941, -2.567348003387451, -0.02273387834429741, 0.0032727080397307873, 0.003551006782799959, -2.278096914291382, 2.888113498687744, -1.1227678060531616, -0.015577003359794617, -0.007871541194617748, 0.013814889825880527, -1.7648963928222656, 0.7042760252952576, -0.4107027053833008, 0.010342177003622055, -0.004802078939974308, 0.007040547672659159, -1.0528578758239746, -0.4972377121448517, -1.1343215703964233, 0.03549334406852722, -0.0018912170780822635, -0.002220025286078453, -5.624199867248535, -0.6931125521659851, 1.2678797245025635, -0.00536552257835865, -0.04192597419023514, -0.057647455483675, -0.2798483669757843, 0.08945256471633911, 0.8162075281143188, -1.0, 0.20268243551254272, -1.0, -0.6029764413833618, -1.0, -0.34501785039901733, 0.41539493203163147, -1.0, -0.935340940952301, 0.9183022379875183, 0.7995094060897827, -0.4572950303554535, 1.0, 0.13589167594909668, -0.44628405570983887, -0.0899089127779007, 0.22127321362495422]
[0.6611162424087524, 0.3941445052623749, -0.045434750616550446, -0.6758947968482971, -0.09907460957765579, 0.04274309426546097, -0.8255833983421326, -0.7264760732650757, -0.8208589553833008, -0.6105983853340149, -0.5078743696212769, -0.3659840524196625, -0.9807256460189819, -0.8556241989135742, -0.5206279754638672, 0.36376383900642395, -0.2686493992805481, -0.8105241060256958, -0.6284803152084351, -0.2414592057466507, -0.021995577961206436, -0.658565878868103, 0.6229845881462097, 0.1432265043258667, -0.47136664390563965, -0.6937574744224548, -0.0003595396992750466, -0.376454621553421, -0.20800264179706573, 0.0317017026245594, -0.03263959288597107, 0.061975251883268356, -0.0519770048558712, -0.15764804184436798, 0.022407744079828262, 1.9679397344589233, -0.028574666008353233, -0.014976970851421356, -0.039195530116558075, 0.33998918533325195, 2.1088883876800537, -0.12032318115234375, 0.0043303584679961205, 2.594379186630249, 1.0326337814331055, 0.308977335691452, -0.24773351848125458, -0.7726720571517944, -7.776080131530762, -9.833784103393555, -0.3673139214515686, -0.5433666706085205, -0.19664302468299866, -0.05842693895101547, -0.32502248883247375, -0.7756444811820984, -0.2616814076900482, -0.07412966340780258, -0.30273738503456116, -0.5076593160629272, -0.16459615528583527, -0.04875614866614342, -0.866248607635498, -0.21353912353515625, -0.4703478217124939, -0.1911848485469818, -0.0637759417295456, 0.14056584239006042, -0.001914803870022297, 0.030134644359350204, -0.09786836802959442, -0.05466904491186142, -0.021848812699317932, -0.4158727824687958, 0.5313578844070435, -0.7436934113502502, -0.07125180214643478, 0.06426829099655151, -0.6615986824035645, 0.34427955746650696, -0.25908082723617554, -0.14341843128204346, 1.0243360996246338, -9.011992454528809, 0.3121374249458313, 0.0, -0.38999998569488525, 0.47999998927116394, 0.012645297683775425, 0.2464054822921753, 0.9690790772438049, 0.0032153106294572353, 0.09085959941148758, -0.5587179660797119, 0.8236972093582153, 0.03319274261593819, -0.038127779960632324, -0.4362724721431732, 0.5413025617599487, 0.002506452612578869, 0.16913920640945435, 0.9855518937110901, 0.008547419682145119, 0.3945212662220001, -0.46619054675102234, -0.5833765864372253, 6.230937957763672, -0.21713867783546448, 2.349733591079712, 0.0016693600919097662, -0.45005738735198975, 0.5292603373527527, 0.06496370583772659, -0.37735748291015625, 0.9172949194908142, -0.10932035744190216, 0.48496004939079285, -0.1750476211309433, -0.5806261301040649, 4.181280136108398, 0.058377962559461594, 2.4899258613586426, 0.015660738572478294, -0.44032183289527893, 0.5435354113578796, 0.038663942366838455, -0.3953738212585449, 0.9156922101974487, -0.06076515465974808, 0.3902687728404999, 0.31777894496917725, 0.09951222687959671, -6.062098026275635, -1.4983371496200562, 2.486074209213257, 0.014076308347284794, -0.42165407538414, 0.5599767565727234, -0.09961240738630295, -0.16097190976142883, 0.9807016253471375, 0.0488850474357605, 0.29383352398872375, 0.42861101031303406, 0.010216506198048592, -5.88504695892334, 0.9135856628417969, -1.093663215637207, -0.09140454977750778, -0.3385844826698303, 0.5372123718261719, -0.17437012493610382, -0.4223073422908783, 0.8700913786888123, 0.18491218984127045, 0.7256585955619812, -0.5229362845420837, 0.44960278272628784, 9.368036270141602, 16.011600494384766, 2.6157493591308594, -2.1410722732543945, 1.1019920110702515, -3.5315027236938477, -0.041897065937519073, 0.006305951625108719, 0.019408918917179108, -1.7358696460723877, 3.815826177597046, -1.6886543035507202, -0.016892271116375923, -0.0038078331854194403, 0.012261370196938515, -1.5780986547470093, 2.657604455947876, -1.0411096811294556, -0.008892081677913666, -0.004355264361947775, 0.00862992275506258, -1.3156883716583252, 2.4303700923919678, -2.2116758823394775, -0.027320394292473793, -0.00449220510199666, 0.008753892965614796, -2.201153516769409, 0.6577563285827637, -0.043798401951789856, 0.0006342882988974452, -0.019450590014457703, -0.01573340781033039, -1.0, -1.0, -0.557766854763031, -1.0, -0.3988792896270752, -1.0, -0.8414007425308228, -0.8447862267494202, -1.0, 0.9179179072380066, -1.0, -0.5957575440406799, 1.0, 1.0, -0.9879017472267151, 1.0, 1.0, 0.1862860918045044, 0.43831005692481995, -0.4760291278362274]
[0.5181192755699158, 0.2563651502132416, -0.113582544028759, -0.7133811712265015, -0.16091592609882355, 0.03322676196694374, -0.8397083282470703, -0.716313898563385, -0.7483258843421936, -0.6060224771499634, -0.5417065024375916, -0.20736809074878693, -0.9804511666297913, -0.8553003072738647, -0.49139317870140076, 0.4540593922138214, -0.05503933131694794, -0.8311207294464111, -0.6318889260292053, -0.12637311220169067, 0.12234345823526382, -0.5004705190658569, 0.5948389768600464, 0.02717880718410015, -0.5879694819450378, -1.1548113822937012, -0.4304884374141693, -0.3532199561595917, -0.7671799063682556, -0.1857924461364746, -0.07660303264856339, 0.10839476436376572, 1.0477312803268433, 0.2214435636997223, -0.23916609585285187, 1.180645227432251, 0.0092627527192235, 0.010435277596116066, 0.2194957733154297, 0.3956086337566376, 1.8925985097885132, -0.22773538529872894, -0.056076135486364365, 0.7970075607299805, 1.0186094045639038, 0.42032715678215027, -0.1382317692041397, -1.2275718450546265, -2.5328049659729004, -4.711183071136475, -0.16280575096607208, -0.2756798565387726, -0.11093828827142715, -0.03742624819278717, -0.12104934453964233, -0.31540048122406006, -0.03488713502883911, 0.011626210063695908, -0.17665210366249084, -0.5710364580154419, -0.22152277827262878, -0.07594260573387146, -0.33151763677597046, -0.03378055989742279, -0.32238131761550903, -0.1267598271369934, -0.04402971267700195, -0.29709935188293457, -0.21673031151294708, -0.10916515439748764, 0.1203383356332779, 0.028928855434060097, -0.014363068155944347, -0.4215381443500519, 0.5261410474777222, -0.7528470754623413, 0.20193354785442352, -0.22881150245666504, -0.5831719040870667, 0.5505912899971008, -0.37148168683052063, -0.40225929021835327, 2.087301015853882, -11.390568733215332, -0.7371053099632263, 0.0, -0.38999998569488525, 0.47999998927116394, 0.012645297683775425, 0.2464054822921753, 0.9690790772438049, 0.0032153106294572353, -0.24711625277996063, -0.5823289155960083, 0.752463161945343, -0.18337398767471313, -0.028470436111092567, -0.44343072175979614, 0.5267142057418823, -0.0012634408194571733, 0.08621558547019958, 0.9959478378295898, -0.02555667795240879, 0.6766420006752014, -0.6234657764434814, -1.002294898033142, 12.302129745483398, 0.4331851303577423, 5.073338508605957, 0.010531341657042503, -0.45161172747612, 0.5178842544555664, 0.06495422124862671, -0.381754994392395, 0.9117274880409241, -0.1371021419763565, 0.5988475680351257, -0.04296008124947548, -0.7664008736610413, -0.8191747069358826, -1.9263536930084229, 3.4561679363250732, 0.023750917986035347, -0.4382372796535492, 0.5382581353187561, 0.041803281754255295, -0.3743475079536438, 0.9218666553497314, -0.09098528325557709, 0.5836031436920166, 0.06412011384963989, -0.5345056653022766, -0.10597629845142365, -1.1038882732391357, 4.182821750640869, 0.019037999212741852, -0.41702643036842346, 0.5567410588264465, -0.10084188729524612, -0.1282772272825241, 0.9852446913719177, 0.05166065692901611, 0.32041895389556885, 0.2657390832901001, -0.32146474719047546, -2.3613412380218506, -0.15275917947292328, -0.4222695827484131, -0.08243808150291443, -0.3457343876361847, 0.5407994389533997, -0.04659784212708473, -0.4535668194293976, 0.8673025369644165, 0.19972974061965942, 0.7376965284347534, -0.5433885455131531, 0.045391544699668884, 5.531031131744385, 11.356817245483398, 7.318375587463379, -1.040210247039795, 0.7261067032814026, -1.8511765003204346, -0.02653464674949646, 0.002565139438956976, 0.01139608584344387, -0.6424298286437988, 0.6694880127906799, -0.6175470352172852, 0.021668531000614166, -0.0012929807417094707, 0.005165474489331245, -0.8444632291793823, 3.183271646499634, -0.8352658152580261, -0.028193527832627296, -0.004454024136066437, 0.0064867278560996056, -0.15174509584903717, 1.6225874423980713, -1.2068572044372559, -0.019690904766321182, 0.0016427383525297046, 0.002272171201184392, 1.2874255180358887, 2.086451292037964, -0.9194474220275879, 0.0005112435901537538, 0.008330054581165314, 0.028407255187630653, -0.6956139802932739, -1.0, -1.0, -0.9932100772857666, -0.7292771339416504, -1.0, -0.663649320602417, 0.05676005035638809, -1.0, 0.2830922603607178, -1.0, -0.2716869115829468, 1.0, 1.0, -1.0, -0.022971514612436295, 0.8407059907913208, 0.4288271367549896, 0.513760507106781, -0.784777045249939]
[0.391612708568573, 0.1200193464756012, -0.23790335655212402, -0.6227427124977112, -0.26056525111198425, 0.004434722010046244, -0.8453106880187988, -0.6758401989936829, -0.5992149710655212, -0.5685126185417175, -0.609922468662262, -0.21127066016197205, -0.978644073009491, -0.8534884452819824, -0.46786224842071533, 0.5123084187507629, 0.03566141054034233, -0.8538687825202942, -0.6407730579376221, -0.09403597563505173, 0.17383885383605957, -0.38501259684562683, 0.5121808052062988, -0.05092718079686165, -0.39391013979911804, -0.8365141153335571, -0.5549758076667786, 1.4929031133651733, -0.9816903471946716, -0.3181408941745758, 0.0073422775603830814, 0.5364333987236023, 1.5580204725265503, 0.4526151120662689, -0.29970523715019226, -0.6972514986991882, 0.00623373594135046, 0.014363623224198818, 0.02815411053597927, 0.15576772391796112, 0.2658848464488983, -0.21217380464076996, -0.1438339501619339, 0.18648771941661835, 0.006350353360176086, 0.19802401959896088, -0.7012615203857422, -0.45910269021987915, 4.962018966674805, 3.9397647380828857, 0.14015734195709229, 0.671137273311615, 0.23957198858261108, 0.0657348781824112, 0.18174278736114502, 0.38714009523391724, 0.17166970670223236, 0.06626465171575546, 0.15472665429115295, -0.2942265272140503, -0.14422807097434998, -0.05696317180991173, 0.27997928857803345, 0.021838121116161346, -0.3417580723762512, -0.1547965258359909, -0.06403639167547226, -0.28188851475715637, -0.20999714732170105, -0.1529591679573059, 0.10864359140396118, 0.05588869750499725, -0.0051847114227712154, -0.4277307689189911, 0.5173908472061157, -0.6553890109062195, 0.4726361036300659, -0.4503704309463501, -0.37979817390441895, 0.5505912899971008, -0.37148168683052063, -0.5657920241355896, 3.0602455139160156, -9.068333625793457, -1.2106437683105469, 0.0, -0.38999998569488525, 0.47999998927116394, 0.012645297683775425, 0.2464054822921753, 0.9690790772438049, 0.0032153106294572353, -0.566300094127655, -0.5343247056007385, 0.5340744853019714, -0.32949313521385193, -0.01837931200861931, -0.44600358605384827, 0.5172282457351685, -0.0034608959686011076, 0.030927807092666626, 0.9972652196884155, -0.06703411787748337, 0.5308570265769958, -0.035115621984004974, -0.28389132022857666, 3.2125346660614014, 0.11801153421401978, 4.748839378356934, 0.017808105796575546, -0.4508924186229706, 0.5094495415687561, 0.054114703088998795, -0.33589333295822144, 0.9260068535804749, -0.16358010470867157, 0.3004281520843506, 0.20293033123016357, -0.24538946151733398, -7.804590702056885, -4.089976787567139, 1.8192802667617798, 0.03248870000243187, -0.44031861424446106, 0.525956928730011, 0.051229264587163925, -0.4100132882595062, 0.9025202393531799, -0.12133290618658066, 0.535079836845398, -0.2675020098686218, -0.910546064376831, 7.468260765075684, 0.9745437502861023, 3.4672605991363525, 0.02413153275847435, -0.4172191321849823, 0.5493970513343811, -0.1000920981168747, -0.14566096663475037, 0.9831042289733887, 0.047649554908275604, 0.29176419973373413, -0.20914249122142792, -0.5093048810958862, 4.687398433685303, 0.007678920868784189, 1.2718894481658936, -0.07585844397544861, -0.35352346301078796, 0.5393255949020386, 0.040262993425130844, -0.4848339259624481, 0.8557003736495972, 0.17632874846458435, 0.4398389756679535, -0.5210950970649719, -0.2658548057079315, 6.030375957489014, 4.3194427490234375, 6.765734672546387, 0.8360118865966797, -1.7451081275939941, 3.4829068183898926, 0.03955825790762901, -0.0008544797892682254, -0.003511483781039715, 1.0842089653015137, -2.401538372039795, 1.011428952217102, 0.030241582542657852, 0.003039982635527849, -0.006666634231805801, 0.8690664172172546, 1.8255912065505981, 0.23829318583011627, -0.02957930602133274, 0.002040484920144081, -0.0042860484682023525, 0.14366915822029114, 2.2192211151123047, -0.0010231417836621404, -0.030748076736927032, -0.003868323052302003, -1.9418459373810038e-07, 2.223548412322998, 2.0478601455688477, -0.556148111820221, -0.011775734834372997, 0.020311931148171425, 0.02048708125948906, 0.22771501541137695, -0.3630264401435852, -1.0, 0.6910796165466309, -0.8376858234405518, -0.7435908317565918, -0.21183747053146362, 0.43476858735084534, -1.0, -1.0, -1.0, -0.5521484017372131, 0.6355546712875366, -0.13637378811836243, -1.0, -0.11586928367614746, -0.10994169116020203, -0.18659158051013947, -0.23336546123027802, -0.189536452293396]
[0.3130452036857605, 0.055476054549217224, -0.30409514904022217, -0.48864468932151794, -0.32806161046028137, -0.03069278784096241, -0.8430800437927246, -0.6177804470062256, -0.463609516620636, -0.5255272388458252, -0.5368668437004089, -0.2830606698989868, -0.9741687178611755, -0.8506339192390442, -0.5096470713615417, 0.49085718393325806, -0.03080175258219242, -0.8752139806747437, -0.6624866127967834, -0.036125022917985916, 0.11340812593698502, -0.360002726316452, 0.33390289545059204, -0.04344309866428375, -0.20982055366039276, -0.1646231710910797, 0.06297137588262558, 1.2454015016555786, -0.39623329043388367, -0.3764597177505493, 0.4129939675331116, -0.04250379279255867, 0.6934091448783875, 0.10872085392475128, 0.2654748857021332, 0.06088840961456299, 0.3909418284893036, 0.17600858211517334, -0.3377212882041931, -0.2215709537267685, -1.0968074798583984, -0.20129401981830597, -0.2407090663909912, 1.0026167631149292, -0.681477963924408, -0.020215747877955437, -1.3126474618911743, 0.33892911672592163, 4.655620574951172, 11.851858139038086, 0.32412827014923096, 0.7168439030647278, 0.2606877386569977, 0.06440718472003937, 0.5430060029029846, 0.1078130230307579, -0.18186962604522705, -0.116546630859375, 0.027804221957921982, 1.4735996723175049, 0.674784779548645, 0.2552067041397095, 0.7756038904190063, -0.057588573545217514, 0.09460145235061646, 0.0031496083829551935, -0.010510701686143875, -0.09519430994987488, 0.26216840744018555, 0.08427026867866516, 0.020412160083651543, 0.027929261326789856, -0.0014689099043607712, -0.42700207233428955, 0.5180468559265137, -0.6835656762123108, 0.47444644570350647, -0.43063950538635254, -0.34955406188964844, 0.1383228749036789, -0.0376678965985775, 0.10300519317388535, 0.1513136774301529, 2.9369113445281982, 0.3466748893260956, 0.0, -0.38999998569488525, 0.47999998927116394, 0.012645297683775425, 0.2464054822921753, 0.9690790772438049, 0.0032153106294572353, -0.5636656880378723, -0.5693260431289673, 0.5117947459220886, -0.3101852834224701, -0.012715493328869343, -0.4448736011981964, 0.5167251229286194, -0.005990237928926945, 0.023999318480491638, 0.9955702424049377, -0.09070782363414764, 0.14300578832626343, 0.15382453799247742, 0.21056124567985535, -1.5059897899627686, -0.3381139039993286, 0.7155493497848511, 0.021615847945213318, -0.4487450420856476, 0.5084379315376282, 0.03963474929332733, -0.26639944314956665, 0.9461353421211243, -0.17968903481960297, 0.021127521991729736, 0.05373565852642059, -0.06805901229381561, -2.6585018634796143, -1.3570492267608643, -1.173582911491394, 0.036284640431404114, -0.44297924637794495, 0.5167643427848816, 0.05350399762392044, -0.44990259408950806, 0.883379340171814, -0.11985716223716736, 0.0974743515253067, 0.08374816179275513, -0.05937076359987259, -2.208512306213379, -0.6488038301467896, -0.29443076252937317, 0.0296313613653183, -0.4223187565803528, 0.5410245060920715, -0.08972552418708801, -0.21121196448802948, 0.9728133678436279, 0.031189674511551857, 0.36504578590393066, -0.4909210503101349, -0.5145875811576843, 9.039327621459961, 0.7630405426025391, 3.5248849391937256, -0.07038373500108719, -0.3622884750366211, 0.5359372496604919, 0.10380488634109497, -0.5316811203956604, 0.8278743028640747, 0.14547820389270782, 0.4281335175037384, -0.5643118619918823, -0.3360770344734192, 8.449641227722168, 3.478754758834839, 5.501819133758545, 1.8270255327224731, -1.6661477088928223, 4.343213081359863, 0.039414968341588974, -0.00457133911550045, -0.02306380122900009, 3.0060667991638184, 2.0542218685150146, 0.6884931921958923, -0.08573330193758011, 0.014055497944355011, -0.035599302500486374, 0.14469014108181, -9.488313674926758, 2.227102041244507, 0.11288202553987503, -0.005919565446674824, -0.001148505718447268, -0.4376266896724701, 0.10818414390087128, 1.6436593532562256, -0.00888794008642435, -0.006606039125472307, 0.003962706308811903, 1.1881901025772095, -1.0481120347976685, 0.15882664918899536, -0.001805879408493638, 0.00891821924597025, 0.0011407177662476897, 0.6102812886238098, 0.6617886424064636, -1.0, 0.26799410581588745, -0.44838476181030273, -0.10170681774616241, 0.22083890438079834, 0.3406146764755249, 1.0, -0.7907000184059143, -1.0, -1.0, 0.031061582267284393, -0.9353969097137451, -1.0, 0.5194085240364075, -0.5663831233978271, -0.5611384510993958, -1.0, 0.29602137207984924]
[0.299563467502594, 0.06534291058778763, -0.31613820791244507, -0.32450613379478455, -0.3196948170661926, -0.05915125459432602, -0.8432149291038513, -0.6038858294487, -0.3065590262413025, -0.47837841510772705, -0.48438143730163574, -0.3193621337413788, -0.9568845629692078, -0.8385788798332214, -0.5802346467971802, 0.364226758480072, -0.16792446374893188, -0.8964012265205383, -0.6886972784996033, 0.021015673875808716, 0.06485521793365479, -0.4026779532432556, 0.1785810887813568, 0.02811586484313011, 0.057561393827199936, 0.24726514518260956, -0.2775113582611084, 1.807964563369751, 0.3840124309062958, -0.061188843101263046, -0.08453907817602158, 0.1917407363653183, 1.836192011833191, 1.0172735452651978, 0.19457314908504486, -0.5511490702629089, 0.03291347995400429, 0.05661284551024437, -0.3237438201904297, -0.6770288944244385, -1.358497142791748, -0.19514641165733337, -0.24335744976997375, 0.5287104249000549, -0.16556404531002045, -0.14364050328731537, -0.7578267455101013, 0.8302308917045593, 6.315367698669434, 5.196558952331543, 0.0707852765917778, 0.49566033482551575, 0.22718453407287598, 0.09057306498289108, 0.11367478221654892, 0.36946773529052734, 0.1875213086605072, 0.11548356711864471, 0.18745499849319458, 0.14872999489307404, 0.014124392531812191, -0.0058035715483129025, 0.5970884561538696, 0.07785748690366745, 0.22053100168704987, 0.07706936448812485, 0.023756204172968864, -0.31636250019073486, 0.4211922287940979, 0.20688952505588531, 0.2725130617618561, 0.09463519603013992, 0.0017472091130912304, -0.4248237907886505, 0.5224838852882385, -0.6797870397567749, 0.509671688079834, -0.37507396936416626, -0.37073418498039246, 0.10330932587385178, 0.1512061208486557, 0.304399311542511, 0.8831955194473267, -0.7664229273796082, -2.128701686859131, 0.0, -0.38999998569488525, 0.47999998927116394, 0.012645297683775425, 0.2464054822921753, 0.9690790772438049, 0.0032153106294572353, -0.5838301777839661, -0.5610347390174866, 0.5320130586624146, -0.2476785033941269, -0.012689057737588882, -0.43984344601631165, 0.5249809622764587, -0.011555170640349388, 0.08312623202800751, 0.9919893741607666, -0.0944107174873352, -0.09761890769004822, 0.6219606995582581, 0.6902384757995605, -11.693912506103516, -2.170992851257324, 1.0172401666641235, 0.021517302840948105, -0.44637852907180786, 0.5123587846755981, 0.024822106584906578, -0.18156620860099792, 0.9656042456626892, -0.1844613254070282, -0.18440303206443787, 0.4098624885082245, 0.523949921131134, -15.405099868774414, -5.680992603302002, -0.17745843529701233, 0.03622885420918465, -0.4436921179294586, 0.5161988139152527, 0.051362294703722, -0.4501107633113861, 0.8842809796333313, -0.11317747086286545, -0.09787659347057343, -0.0901808962225914, 0.011665500700473785, 0.9945275187492371, 0.5526834726333618, -1.2290785312652588, 0.03439079970121384, -0.42825594544410706, 0.5349243879318237, -0.07309890538454056, -0.28373169898986816, 0.9561029672622681, 0.004470485262572765, 0.28578799962997437, -0.43004360795021057, -0.3429255485534668, 8.0033597946167, 0.8765567541122437, 4.38475227355957, -0.06719882786273956, -0.36674579977989197, 0.5346023440361023, 0.1281973123550415, -0.557248055934906, 0.8086755275726318, 0.1381448358297348, 0.09593139588832855, -0.11105386912822723, -0.016072236001491547, 1.535329818725586, 0.7591832280158997, -0.5992290377616882, 0.6172171831130981, -2.150390386581421, 2.842111110687256, 0.058317214250564575, -3.948673838749528e-05, 0.0034596354234963655, 0.6750452518463135, -2.8747189044952393, 1.5247113704681396, 0.07236278802156448, -0.002536413026973605, -0.0005999466520734131, 1.1512991189956665, -0.39710912108421326, 0.5616509318351746, -0.011760208755731583, 0.003024887293577194, -0.004408352077007294, 0.5830851793289185, -0.9491250514984131, 1.2707347869873047, 0.009519328363239765, 0.0004788429359905422, 0.0034226649440824986, 3.605881929397583, -2.678596019744873, -2.000312328338623, 0.02033516950905323, 0.03694108501076698, -0.0004021944187115878, 1.0, 0.6240106821060181, -0.8779622316360474, 1.0, 0.0966608002781868, -1.0, -0.35563594102859497, 1.0, -0.18955373764038086, -0.7464644312858582, -1.0, -0.8411642909049988, -0.7092968821525574, -1.0, -1.0, 0.15100893378257751, 0.12086319923400879, -0.7040144205093384, -0.2965826392173767, 0.6230081915855408]
[0.32244187593460083, 0.10890104621648788, -0.39956626296043396, -0.12476614117622375, -0.32707545161247253, -0.060548607259988785, -0.8626163601875305, -0.6257556080818176, -0.21324121952056885, -0.3322827219963074, -0.4979161322116852, -0.36828503012657166, -0.9595001935958862, -0.8367772698402405, -0.6285780072212219, 0.194313183426857, -0.2950367033481598, -0.910410463809967, -0.7110517621040344, 0.04428898170590401, 0.06183450296521187, -0.4044926166534424, 0.06703685969114304, 0.014129981398582458, 0.10299817472696304, 0.3405425548553467, -0.37527069449424744, 1.8666502237319946, -0.30195537209510803, -0.04684353992342949, -0.05071210861206055, -0.4251887798309326, 0.34299424290657043, 1.245024561882019, -0.14113079011440277, -0.4992435574531555, -0.047764331102371216, -0.003519095480442047, -0.00618072971701622, -0.7059717774391174, -0.9535479545593262, -0.10029317438602448, -0.169911727309227, 0.15625648200511932, 0.06499173492193222, 0.07381965219974518, -0.6503016948699951, -0.6271839737892151, 0.675446629524231, 0.8211106061935425, -0.002615715377032757, 0.017118249088525772, -0.04352940246462822, -0.023735789582133293, 0.052451565861701965, -0.12573161721229553, -0.17014476656913757, -0.08762209117412567, -0.010567013174295425, -0.039900053292512894, -0.0234899390488863, -0.010745404288172722, 0.5690145492553711, 0.13153938949108124, 0.549289345741272, 0.22131703794002533, 0.07982520759105682, -0.10403035581111908, 0.12866166234016418, 0.09748314321041107, 0.0752594918012619, -0.014894209802150726, 0.0030169712845236063, -0.4222663640975952, 0.5259392857551575, -0.6090959310531616, 0.6121237874031067, -0.3573184609413147, -0.35585132241249084, 0.08208862692117691, 0.14145047962665558, 0.1574999839067459, 0.6753937602043152, -1.3641694784164429, -2.558403730392456, 0.0, -0.38999998569488525, 0.47999998927116394, 0.012645297683775425, 0.2464054822921753, 0.9690790772438049, 0.0032153106294572353, -0.6787002086639404, -0.4960918724536896, 0.5015242695808411, -0.20428556203842163, -0.014180205762386322, -0.4315061569213867, 0.536456286907196, -0.020843960344791412, 0.16976913809776306, 0.9797609448432922, -0.10398250073194504, -0.1429930031299591, 0.6576197147369385, 0.5977923274040222, -9.108771324157715, -1.8160735368728638, 1.3171957731246948, 0.02016293630003929, -0.444965660572052, 0.5166111588478088, 0.010219408199191093, -0.08569405972957611, 0.9788131713867188, -0.18567904829978943, -0.10976714640855789, 0.12056733667850494, 0.17324402928352356, -7.10606575012207, -2.2661709785461426, -0.31392061710357666, 0.035428375005722046, -0.4443950355052948, 0.5178037881851196, 0.053448427468538284, -0.45592692494392395, 0.8814631700515747, -0.11088968068361282, -0.030725838616490364, -0.04785437136888504, 0.09270988404750824, 0.9742501378059387, 0.5123118758201599, 0.21048735082149506, 0.037843115627765656, -0.43233758211135864, 0.5321854948997498, -0.05672970414161682, -0.335109144449234, 0.9401913285255432, -0.022883590310811996, 0.17912377417087555, -0.18835119903087616, -0.06397664546966553, 4.003152847290039, 0.08965583145618439, 3.6556670665740967, -0.06604805588722229, -0.36707422137260437, 0.5362390875816345, 0.15993697941303253, -0.5579841732978821, 0.8044582605361938, 0.12617690861225128, 0.14289531111717224, 0.03840625286102295, 0.12782277166843414, 0.7080928087234497, 3.082667350769043, 5.052063465118408, 0.07542601972818375, 0.49888548254966736, -0.1309741586446762, -0.016252508386969566, -1.3568587746703997e-05, 0.00032883192761801183, 0.2847416400909424, 2.014281988143921, -0.842784583568573, -0.05740785971283913, 0.0003402921720407903, -0.0033403525594621897, -0.04949517548084259, 0.3040318489074707, 0.02265019714832306, -0.006184926722198725, -0.0016363768372684717, 0.0010968365240842104, 1.0526293516159058, -3.053337574005127, 1.2967560291290283, 0.03402513638138771, 0.014067711308598518, 0.009196656756103039, 0.21074339747428894, -1.2181404829025269, -0.5880827307701111, 0.012376092374324799, -0.018266109749674797, -0.0012607156531885266, 0.5614175796508789, 0.4414215683937073, -0.9390726089477539, 1.0, -0.6270325779914856, -1.0, -1.0, -0.30556806921958923, -1.0, -0.48736077547073364, -1.0, -1.0, -0.7663581371307373, -0.9621522426605225, -0.9300287365913391, 0.056661393493413925, 0.20007777214050293, -0.04225236922502518, -0.48645350337028503, -0.6116650104522705]
[0.34080177545547485, 0.13457608222961426, -0.49073249101638794, 0.03718206658959389, -0.39727476239204407, -0.08552595227956772, -0.8382112383842468, -0.6746760010719299, -0.17135147750377655, -0.24868834018707275, -0.5530350804328918, -0.4361683130264282, -0.9638280868530273, -0.8374345898628235, -0.6482113599777222, 0.018449515104293823, -0.3976852595806122, -0.9218531250953674, -0.724467396736145, 0.010703672654926777, 0.09976588189601898, -0.31435656547546387, -0.0003692871832754463, -0.10249464958906174, 0.04553671181201935, 0.0704437792301178, -0.37372538447380066, 1.287001371383667, -0.8350232243537903, -0.5299729704856873, 0.18408045172691345, -0.4722011983394623, 0.4059099853038788, 0.491897314786911, -0.27431362867355347, -0.7035512924194336, -0.04030344635248184, -0.008202425204217434, -0.15172980725765228, -0.7341102957725525, -0.9520975351333618, -0.11155048757791519, -0.10997314751148224, -0.7213463187217712, 0.39195516705513, 0.3043183386325836, -0.28726157546043396, -1.3072524070739746, -1.4425008296966553, -3.170567750930786, -0.027323754504323006, -0.3520331382751465, -0.15080741047859192, -0.0729505643248558, 0.013316052034497261, -0.1979772001504898, -0.05689777433872223, -0.03547188639640808, -0.07314833253622055, -0.2508604824542999, -0.09276716411113739, -0.030946943908929825, -0.37523502111434937, -0.021393675357103348, -0.22292397916316986, -0.07821708917617798, -0.023508036509156227, -0.07003877311944962, 0.00214388151653111, 0.03183134272694588, 0.07222527265548706, 0.00980320293456316, 0.004281926434487104, -0.4200507402420044, 0.5265689492225647, -0.5174737572669983, 0.704861044883728, -0.3415364623069763, -0.3445934057235718, 0.08052492141723633, 0.1360383927822113, -0.007583621423691511, 0.35062170028686523, -1.3041834831237793, -2.6512162685394287, 0.0, -0.38999998569488525, 0.47999998927116394, 0.012645297683775425, 0.2464054822921753, 0.9690790772438049, 0.0032153106294572353, -0.7645289301872253, -0.40997812151908875, 0.46926164627075195, -0.16494575142860413, -0.015212331898510456, -0.4250562787055969, 0.543470025062561, -0.026341363787651062, 0.20255500078201294, 0.9720134139060974, -0.11604964733123779, -0.04572249948978424, 0.2951694428920746, 0.2577616572380066, 0.04101055860519409, -0.01791265606880188, 1.6447376012802124, 0.018779056146740913, -0.4453312158584595, 0.517218291759491, 0.005255058873444796, -0.04871775209903717, 0.98265141248703, -0.17887204885482788, -0.0953703224658966, -0.007708004210144281, -0.051804766058921814, -2.3479435443878174, -0.7404640316963196, -1.1577495336532593, 0.035898756235837936, -0.4454854726791382, 0.5167644619941711, 0.05992777645587921, -0.4738876521587372, 0.8709679841995239, -0.11512481421232224, 0.08904203772544861, -0.10261967033147812, -0.21445316076278687, 3.28629732131958, 0.9066680073738098, 1.1598310470581055, 0.04141760990023613, -0.4351915419101715, 0.5294725298881531, -0.04098908603191376, -0.3746633231639862, 0.9248946905136108, -0.05017048120498657, 0.31271374225616455, -0.2394212782382965, -0.3218700587749481, 5.426812171936035, 1.1810791492462158, 4.101146697998047, -0.06609553098678589, -0.3649005889892578, 0.5391711592674255, 0.20604175329208374, -0.5372632741928101, 0.8117782473564148, 0.09955400228500366, 0.080752432346344, 0.2124543935060501, 0.2051863819360733, -2.2758452892303467, 2.7173099517822266, 6.493320941925049, -0.13475273549556732, 1.443562626838684, -2.035020589828491, -0.05129711702466011, 0.0012335183564573526, 0.00024750313605181873, 0.08415766060352325, 0.7586091756820679, -1.0569772720336914, -0.024092746898531914, 0.0022514695301651955, -0.002670139307156205, -0.41869762539863586, 1.3852851390838623, -0.47269517183303833, -0.010167667642235756, -0.0023367044050246477, 0.00318938959389925, -0.26650142669677734, 1.1016062498092651, -0.7290052175521851, -0.006983943283557892, -0.0024369643069803715, -0.0021579782478511333, 0.4676048457622528, -0.4050126075744629, -0.6599544882774353, 0.011520260944962502, 0.002321522915735841, 0.003156402613967657, 0.29373615980148315, -0.018146811053156853, -1.0, 0.6485642790794373, -1.0, -0.49393773078918457, -1.0, 0.0675596371293068, -1.0, -0.9302563667297363, -1.0, -1.0, -1.0, -1.0, -1.0, -0.4416573941707611, 0.48908165097236633, 0.5470343232154846, -0.15150108933448792, -1.0]
[0.3383064866065979, 0.12436872720718384, -0.5737853646278381, 0.10524176806211472, -0.4875049293041229, -0.1735677421092987, -0.7390345335006714, -0.7235136032104492, -0.10358233004808426, -0.19700174033641815, -0.6183063387870789, -0.5151238441467285, -0.9678543210029602, -0.8383235931396484, -0.6842369437217712, -0.1375047117471695, -0.49273279309272766, -0.9333623647689819, -0.7365821599960327, -0.08847765624523163, 0.18855856359004974, -0.15190039575099945, 0.00025946222012862563, -0.24238716065883636, -0.04571615904569626, -0.16869685053825378, -0.32416388392448425, 0.2618793249130249, -0.8402189612388611, -1.0028170347213745, 0.5267042517662048, -0.44336628913879395, 0.7410609722137451, 0.6036778688430786, -0.2676708400249481, -0.7507243752479553, -0.038986481726169586, -0.009462288580834866, -0.18657545745372772, -0.5922974944114685, -0.8440537452697754, -0.10548808425664902, -0.11931055039167404, -1.4956402778625488, 0.7786862254142761, 0.4555695652961731, 0.16454744338989258, -1.2792612314224243, -2.1113874912261963, -2.6557655334472656, -0.02463766559958458, -0.42479339241981506, -0.15184922516345978, -0.05820240080356598, 0.008729824796319008, -0.1495663970708847, -0.022705981507897377, 0.009672131389379501, -0.059064678847789764, -0.17477649450302124, -0.06238449737429619, -0.020225033164024353, -0.2867773473262787, 0.0010124437976628542, -0.1347382366657257, -0.04362126812338829, -0.013195724226534367, -0.020192008465528488, 0.048106979578733444, 0.03778494521975517, 0.06234995275735855, 0.026703622192144394, 0.005624277051538229, -0.4177829623222351, 0.5243979096412659, -0.4196334481239319, 0.7761461138725281, -0.3231137692928314, -0.34220215678215027, 0.08052492141723633, 0.1360383927822113, -0.17111632227897644, 0.043643757700920105, -1.1648223400115967, -2.6889283657073975, 0.0, -0.38999998569488525, 0.47999998927116394, 0.012645297683775425, 0.2464054822921753, 0.9690790772438049, 0.0032153106294572353, -0.8287859559059143, -0.31575605273246765, 0.44379663467407227, -0.12828274071216583, -0.014357876032590866, -0.42383214831352234, 0.5441842079162598, -0.024225668981671333, 0.15700416266918182, 0.9784973859786987, -0.13155029714107513, 0.12220973521471024, -0.1789398342370987, -0.05072949826717377, 8.47862720489502, 2.066754102706909, 1.8907147645950317, 0.017049437388777733, -0.4462242126464844, 0.514801025390625, 6.635421596001834e-05, -0.024512706324458122, 0.9864403009414673, -0.1622791290283203, -0.1275026649236679, -0.007589393295347691, -0.20473112165927887, -3.4233291149139404, -1.3423964977264404, -2.436544895172119, 0.03793717548251152, -0.4468429684638977, 0.5117344856262207, 0.06916046887636185, -0.5041173100471497, 0.8519715666770935, -0.12339752167463303, 0.18450941145420074, -0.10645866394042969, -0.4466157853603363, 4.681262493133545, 1.1343445777893066, 1.5905033349990845, 0.04618721455335617, -0.43792811036109924, 0.5231792330741882, -0.020613208413124084, -0.421936959028244, 0.9033819437026978, -0.07379252463579178, 0.36391422152519226, -0.20647211372852325, -0.5247564315795898, 6.297063827514648, 1.5909035205841064, 3.7236039638519287, -0.06753749400377274, -0.35998037457466125, 0.542540967464447, 0.2364284098148346, -0.4904724061489105, 0.8347717523574829, 0.08182032406330109, -0.052367839962244034, 0.41916394233703613, 0.27814781665802, -6.667455673217773, 1.3440022468566895, 4.051704406738281, -0.20326314866542816, 1.4739456176757812, -2.0769553184509277, -0.03609321638941765, 0.001172538148239255, 0.00016476266318932176, 0.026303140446543694, 0.019243549555540085, -0.7390440702438354, 0.009960785508155823, 0.0017178135458379984, -0.0036378426011651754, -0.3654840290546417, 0.9599706530570984, -0.32289665937423706, -0.005825474392622709, -0.0008652900578454137, 0.001870870590209961, -0.07025524228811264, 0.6537583470344543, -0.48319563269615173, -0.0033893496729433537, 0.0012258777860552073, -0.0019746413454413414, 0.6582248210906982, -0.45333629846572876, -0.6220086812973022, 0.00978488102555275, 0.016172023490071297, 0.001098999404348433, 0.11839225143194199, -0.18069776892662048, -1.0, 0.021320480853319168, -1.0, 0.10991762578487396, -1.0, 0.3852672874927521, -1.0, -1.0, -1.0, -1.0, -0.8880539536476135, -1.0, -1.0, -0.8787928223609924, 0.8896724581718445, 1.0, 0.28594762086868286, -1.0]
[0.29124197363853455, 0.10115721076726913, -0.6421095132827759, 0.07515428960323334, -0.5710254907608032, -0.28056585788726807, -0.5597150325775146, -0.7688113451004028, -0.01422263216227293, -0.11230145394802094, -0.6443048119544983, -0.5926997065544128, -0.9725755453109741, -0.839695394039154, -0.7283880114555359, -0.2018807977437973, -0.5768309831619263, -0.9444106817245483, -0.7495704293251038, -0.1899121105670929, 0.3037566840648651, 0.028449703007936478, 0.04904788359999657, -0.36828893423080444, -0.2489553540945053, -0.1756710261106491, -0.2542792558670044, -0.5495104789733887, -0.7427395582199097, -0.9658034443855286, 0.8401762843132019, -0.4007072150707245, 0.8699783682823181, 0.9470998048782349, -0.030688220635056496, -0.6962751150131226, -0.04563237726688385, -0.014830085448920727, -0.21427176892757416, -0.09654536098241806, -0.7398656010627747, -0.09981314837932587, -0.1218566820025444, -1.1176658868789673, 0.8571672439575195, 0.4389791488647461, 0.3704216480255127, -1.1008511781692505, -4.022867679595947, -0.27096202969551086, -0.05289541184902191, -0.23681235313415527, -0.08511011302471161, -0.0238533616065979, -0.07550148665904999, -0.009944774210453033, -0.0005371046718209982, 0.011893977411091328, -0.08551827073097229, 0.006389888934791088, 0.004963078070431948, 0.0021285219117999077, -0.08062379062175751, -0.008616356179118156, 0.018807534128427505, 0.011393370106816292, 0.004924478940665722, 0.24087560176849365, 0.003140810877084732, -0.010899650864303112, -0.09764188528060913, -0.014825464226305485, 0.007236783858388662, -0.4158720076084137, 0.5197141170501709, -0.34842196106910706, 0.8143348693847656, -0.2928048074245453, -0.3601749837398529, 0.2986590266227722, -0.15388450026512146, -0.1632423847913742, 4.159616947174072, 9.643741607666016, 5.416069030761719, 0.0, -0.38999998569488525, 0.47999998927116394, 0.012645297683775425, 0.2464054822921753, 0.9690790772438049, 0.0032153106294572353, -0.8578693866729736, -0.2425784468650818, 0.44424718618392944, -0.0886583998799324, -0.010107820853590965, -0.42720457911491394, 0.5407876372337341, -0.01498100720345974, 0.06464855372905731, 0.9861297011375427, -0.15213221311569214, 0.38021188974380493, -0.44630271196365356, -0.24282734096050262, 11.653347969055176, 3.3952579498291016, 2.624514579772949, 0.01626157946884632, -0.44698891043663025, 0.5115593075752258, -0.006958474405109882, 0.0186110008507967, 0.9901671409606934, -0.13847042620182037, -0.0314512737095356, 0.05580298230051994, -0.1966121941804886, -5.943305969238281, -1.713904857635498, -3.015045642852783, 0.04179060086607933, -0.4476456940174103, 0.505406379699707, 0.07897612452507019, -0.5367005467414856, 0.8297396302223206, -0.13132897019386292, 0.299228698015213, -0.046273328363895416, -0.4440367817878723, 4.482085704803467, 1.2083439826965332, 1.4359877109527588, 0.05154993757605553, -0.43956246972084045, 0.5154939889907837, -0.002280165906995535, -0.46974050998687744, 0.8784747123718262, -0.08729612827301025, 0.3704536557197571, -0.10862443596124649, -0.5467028617858887, 6.11115837097168, 1.7330876588821411, 2.176318645477295, -0.068153016269207, -0.35444870591163635, 0.5454774498939514, 0.257889062166214, -0.4360608160495758, 0.8584587574005127, 0.07995477318763733, 0.05472879111766815, 0.3761964440345764, 0.2125120311975479, -6.272524833679199, 2.2416927814483643, 2.518303155899048, -0.5706537365913391, 0.9930180907249451, -0.8734656572341919, -0.008958091959357262, 0.0006106691434979439, 0.0021847502794116735, -0.520733118057251, -0.04736081510782242, -0.0010322789894416928, 0.01118356455117464, 1.869471452664584e-05, -0.00010499440395506099, -0.5296122431755066, -0.03832793980836868, 0.04567768797278404, 0.0015536027494817972, 4.218309186398983e-05, -4.689578872785205e-06, -0.07974806427955627, -0.1572474241256714, -0.12439234554767609, 0.0025657678488641977, 0.0045151920057833195, -0.003217400051653385, -0.877061128616333, 0.27327683568000793, 1.0862736701965332, -0.004940940998494625, -0.0007924856035970151, -0.0006162053905427456, -0.5474092364311218, -0.044395506381988525, -1.0, -0.4556410014629364, -1.0, 0.6718297600746155, -1.0, 0.5152685046195984, -0.6253823041915894, -1.0, -1.0, -1.0, -0.14410501718521118, -1.0, -1.0, -0.6295737028121948, 0.976670503616333, 1.0, 0.42118772864341736, -1.0]
[0.24844148755073547, 0.03993591293692589, -0.6912683248519897, -0.0054424237459897995, -0.6298982501029968, -0.3683571517467499, -0.3757966458797455, -0.8102589249610901, 0.0922737568616867, 0.0017288003582507372, -0.5844948887825012, -0.6570746302604675, -0.9758754372596741, -0.8407115936279297, -0.7614088654518127, -0.266863614320755, -0.6454755663871765, -0.953114926815033, -0.7611551880836487, -0.2981843650341034, 0.41813915967941284, 0.14408306777477264, 0.07988134771585464, -0.4676225483417511, -0.10095194727182388, -0.6010512113571167, -0.15641933679580688, -0.2778816521167755, -0.4666215479373932, -0.6867374777793884, 0.4689759910106659, -0.9078035354614258, 0.9118200540542603, 1.1644320487976074, 0.40169355273246765, -0.5518895983695984, -0.026081565767526627, -0.006859411485493183, -0.13465821743011475, -0.3553360402584076, -0.5854618549346924, -0.0722910538315773, -0.09659479558467865, -1.4522205591201782, 0.7907032370567322, 0.19837810099124908, 0.10218682140111923, -0.8201537132263184, 3.3483829498291016, -4.292013168334961, 0.14354123175144196, 0.44821080565452576, 0.22334879636764526, 0.09535981714725494, -0.1812874972820282, -0.777873694896698, -0.3053814172744751, -0.08581876754760742, 0.2644195556640625, -0.24053308367729187, -0.08147653937339783, -0.025150088593363762, -0.35567784309387207, 0.09458564966917038, -0.2072926014661789, -0.06811442971229553, -0.01973891444504261, -0.012501241639256477, -0.21977810561656952, -0.1403542160987854, 0.008081121370196342, 0.005961144343018532, 0.012353485450148582, -0.41881176829338074, 0.5127836465835571, -0.463113009929657, 0.7463738918304443, -0.16214877367019653, -0.4496220648288727, 0.21673965454101562, -0.15587379038333893, -0.5718271732330322, 1.3235241174697876, 2.624866008758545, -0.7909610867500305, 0.0, -0.38999998569488525, 0.47999998927116394, 0.012645297683775425, 0.2464054822921753, 0.9690790772438049, 0.0032153106294572353, -0.7590530514717102, -0.3335535228252411, 0.5587496757507324, 0.019473759457468987, -0.005515948869287968, -0.43287286162376404, 0.5323544144630432, -0.002695577684789896, -0.041614558547735214, 0.9849258661270142, -0.16787472367286682, 0.223252072930336, -0.36201590299606323, -0.5616027116775513, 9.712972640991211, 2.698082447052002, 1.4404971599578857, 0.015065640211105347, -0.44753751158714294, 0.5051006078720093, -0.01332196593284607, 0.0703679770231247, 0.9910517334938049, -0.11263783276081085, -0.02244636043906212, -0.045492760837078094, -0.6916716694831848, -2.7711963653564453, -0.6194965839385986, -1.8915797472000122, 0.043383076786994934, -0.4486840069293976, 0.49602973461151123, 0.07994137704372406, -0.5740864872932434, 0.8050294518470764, -0.1263388991355896, -0.027456078678369522, -0.11218178272247314, -0.7645146250724792, 5.767463684082031, 1.305330753326416, -1.450921654701233, 0.05641927570104599, -0.4406288266181946, 0.5052528977394104, 0.014291561208665371, -0.5180952548980713, 0.8493872284889221, -0.09957049041986465, 0.3023027777671814, -0.10125010460615158, -0.8105695247650146, 6.881452560424805, 1.5266720056533813, 2.6123673915863037, -0.0694253072142601, -0.3497086763381958, 0.5458524823188782, 0.26774725317955017, -0.3948460519313812, 0.8751258850097656, 0.08100942522287369, -0.11521013081073761, 0.30338990688323975, -0.027002748101949692, -4.000858783721924, 0.22615501284599304, 1.138317584991455, 0.9473839998245239, -3.019239902496338, 0.8463298678398132, 0.050071217119693756, 0.0017103186110034585, -0.009158763103187084, -0.817297637462616, 1.8349541425704956, -4.427514553070068, -0.05829445645213127, 0.005419072229415178, 0.023533880710601807, 1.4637964963912964, 1.2942403554916382, -0.495873361825943, -0.005736484192311764, 0.011699669994413853, -0.0029908271972090006, 0.535663366317749, 1.0756645202636719, -0.40428274869918823, -0.0036039454862475395, 0.0006467391503974795, 0.001212290138937533, 0.13320507109165192, 2.0140304565429688, -0.36504241824150085, -0.011618677526712418, 0.0038298682775348425, 0.010513375513255596, 0.4703659117221832, -0.7554116249084473, -1.0, -0.9742400050163269, -0.8403372764587402, 1.0, -0.7762513756752014, 0.7957717776298523, 0.2125720977783203, -1.0, -1.0, -1.0, -0.8190204501152039, -1.0, -1.0, -1.0, 0.9552384614944458, 0.35746973752975464, 0.11371125280857086, -0.9106196165084839]
[0.2510490417480469, -0.04820358380675316, -0.7283077836036682, -0.008213527500629425, -0.6389797329902649, -0.41434329748153687, -0.24011504650115967, -0.8841922879219055, 0.1540810763835907, 0.10814081132411957, -0.41756004095077515, -0.7127156853675842, -0.9791842699050903, -0.8416519165039062, -0.7957074046134949, -0.2681708037853241, -0.7036965489387512, -0.9606657028198242, -0.7704160809516907, -0.409441202878952, 0.5186100602149963, 0.18096069991588593, 0.10111808776855469, -0.5525877475738525, 0.09823297709226608, -0.6290514469146729, -0.20042233169078827, -0.0025922784116119146, 0.12715978920459747, -0.16610729694366455, 0.7086466550827026, -0.45857229828834534, 0.4186175465583801, 0.7750756144523621, 0.8447591662406921, -0.4982461631298065, -0.03455667570233345, -0.010876541957259178, -0.17715835571289062, 0.18961367011070251, -0.5170865654945374, -0.06994020193815231, -0.08167794346809387, -1.329888939857483, 0.6791810393333435, 0.03202502802014351, 0.14895695447921753, -0.7646715044975281, 5.3133769035339355, 0.1449751853942871, 0.11432403326034546, 0.05361570417881012, 0.062291018664836884, 0.04631225764751434, 0.24167852103710175, 0.1777912676334381, 0.04285607486963272, -0.009735931642353535, 0.32623183727264404, 0.032168857753276825, 0.012742680497467518, 0.004468939732760191, 0.04812195152044296, 0.36291933059692383, 0.028882630169391632, 0.012314320541918278, 0.004666599445044994, -0.04182586446404457, -0.04059603065252304, -0.04340413585305214, 0.039781808853149414, 0.01279353629797697, 0.014597180299460888, -0.42126110196113586, 0.5029383897781372, -0.44592151045799255, 0.7362325191497803, -0.05688983574509621, -0.5058449506759644, 0.05008882284164429, -0.1218937337398529, -0.5820635557174683, 0.5600032210350037, 1.7666295766830444, -2.0262739658355713, 0.0, -0.38999998569488525, 0.47999998927116394, 0.012645297683775425, 0.2464054822921753, 0.9690790772438049, 0.0032153106294572353, -0.7225226759910583, -0.3044036328792572, 0.6092081665992737, 0.11901568621397018, -0.0048425812274217606, -0.43492019176483154, 0.524699866771698, -0.0010896938620135188, -0.08992410451173782, 0.9806901812553406, -0.17366355657577515, -0.033942755311727524, -0.12768875062465668, -0.45385995507240295, 3.3321118354797363, 0.2636917531490326, 0.5272439122200012, 0.012336408719420433, -0.4488113820552826, 0.49400824308395386, -0.012839418835937977, 0.08133208751678467, 0.9926735162734985, -0.0884275808930397, -0.2853763997554779, -0.04231884330511093, -0.6115519404411316, -0.5331478714942932, 0.10856623947620392, -4.050893783569336, 0.03960167616605759, -0.45021092891693115, 0.4843621850013733, 0.06664475798606873, -0.6158864498138428, 0.7786285877227783, -0.09989947080612183, -0.42800208926200867, -0.12660804390907288, -0.7836701273918152, 5.715437412261963, 1.5063296556472778, -4.624971866607666, 0.05700884759426117, -0.44185760617256165, 0.4927396774291992, 0.02147078700363636, -0.5679044127464294, 0.8172671794891357, -0.09538302570581436, -0.12149041146039963, -0.11574535816907883, -0.8573512434959412, 6.9004950523376465, 1.760312557220459, -1.0936108827590942, -0.0725390762090683, -0.3451433479785919, 0.5439901947975159, 0.26551854610443115, -0.37110912799835205, 0.8857358694076538, 0.08514546602964401, -0.2365221381187439, 0.3088872730731964, -0.1124049574136734, -2.5373995304107666, -0.36622199416160583, -0.441708505153656, 0.8846122622489929, -1.0849419832229614, 0.1209147721529007, 0.03003813326358795, 0.0007274101953953505, -0.004293737467378378, 1.4193719625473022, 0.005019399803131819, 0.8146189451217651, -0.009660640731453896, -0.002622630912810564, -0.011988412588834763, 1.8151508569717407, -0.18976625800132751, -0.04044796898961067, 0.0016224454157054424, 0.012491267174482346, -0.004504581913352013, 2.0169050693511963, -0.14839467406272888, 0.15286406874656677, 0.0024406793527305126, 0.014502130448818207, -0.007830587215721607, 0.5912405252456665, 0.6438074111938477, -0.4673324525356293, -0.008385317400097847, 0.003333690110594034, 0.0022202758118510246, 0.9768450856208801, -0.5275994539260864, -1.0, 0.012219686061143875, -0.44761937856674194, 1.0, -0.9991353154182434, 0.33376815915107727, 0.9988267421722412, -1.0, -1.0, -1.0, 0.3132336735725403, -1.0, -1.0, -1.0, 1.0, 0.12046708911657333, 0.2583055794239044, -1.0]
[0.2842537462711334, -0.12126963585615158, -0.7736132740974426, -0.032514240592718124, -0.5877150297164917, -0.41205596923828125, -0.0697157010436058, -0.9289770126342773, 0.1762285828590393, 0.16034817695617676, -0.20732975006103516, -0.7634766101837158, -0.9834737777709961, -0.8432019948959351, -0.837803840637207, -0.1599740833044052, -0.755975067615509, -0.9682583212852478, -0.7790735363960266, -0.4132097065448761, 0.6017900705337524, 0.19481666386127472, 0.1418457180261612, -0.6264914274215698, 0.1435175985097885, -0.44131574034690857, -0.18113388121128082, -0.1655718833208084, 0.6476935744285583, 0.1389867067337036, 0.6447256803512573, -0.5363866686820984, 0.050145626068115234, 0.2567616105079651, 0.8757594227790833, -0.4498537480831146, -0.04123762622475624, -0.016349460929632187, -0.19917981326580048, 0.5864803194999695, -0.4629906713962555, -0.06968317925930023, -0.0814746767282486, 0.6555492281913757, 0.5538820028305054, 0.034751635044813156, 0.2867247760295868, -0.6431452035903931, 0.9352516531944275, 2.201695203781128, 0.024916596710681915, 0.24254384636878967, 0.12011834233999252, 0.05051814392209053, -0.04521907866001129, -0.013085593469440937, -0.05700476095080376, -0.04358439892530441, 0.018642768263816833, 0.16996288299560547, 0.06322606652975082, 0.02108020894229412, 0.22468462586402893, 0.12469352036714554, 0.17047929763793945, 0.06424959748983383, 0.02147529274225235, 0.507692277431488, -0.008614394813776016, -0.008377200923860073, -0.23631921410560608, -0.05144820362329483, 0.014731302857398987, -0.4237057566642761, 0.49346625804901123, -0.38176289200782776, 0.7394076585769653, 0.026097258552908897, -0.5539425015449524, -0.015833107754588127, -0.17032910883426666, -0.5080194473266602, 0.9031939506530762, 2.138824939727783, -1.7596046924591064, 0.0, -0.38999998569488525, 0.47999998927116394, 0.012645297683775425, 0.2464054822921753, 0.9690790772438049, 0.0032153106294572353, -0.7043367028236389, -0.23141659796237946, 0.6403164267539978, 0.20087574422359467, -0.00589680764824152, -0.43604764342308044, 0.518091082572937, -0.005920402705669403, -0.10007330030202866, 0.9792693853378296, -0.17601609230041504, -0.11112578958272934, -0.004758921451866627, -0.3113521635532379, -0.7010804414749146, -1.0416861772537231, 0.04060278832912445, 0.006911972537636757, -0.4495903551578522, 0.48519366979599, -0.006044906564056873, 0.07168790698051453, 0.9959347248077393, -0.05420578271150589, -0.29925423860549927, -0.09121378511190414, -0.5054875016212463, 3.2746193408966064, 0.9998852014541626, -3.87241792678833, 0.032684847712516785, -0.45126765966415405, 0.47432827949523926, 0.04625823721289635, -0.6520504951477051, 0.7541167736053467, -0.06322994083166122, -0.5095685124397278, -0.05584316328167915, -0.5988941192626953, 4.6414337158203125, 1.3503743410110474, -4.993898391723633, 0.05304915830492973, -0.4429822266101837, 0.481426477432251, 0.01703573390841484, -0.6122320890426636, 0.7873591184616089, -0.07033531367778778, -0.3489396870136261, -0.07579702883958817, -0.6980269551277161, 5.857478141784668, 1.8568869829177856, -3.290046215057373, -0.07256440818309784, -0.3435788154602051, 0.5438756346702576, 0.29210638999938965, -0.3763078451156616, 0.8739133477210999, 0.09665175527334213, 0.1721634417772293, -0.04393623024225235, -0.0013428982347249985, 2.945317506790161, 5.8348588943481445, -0.21226319670677185, 0.12766455113887787, -1.448815941810608, 1.0860265493392944, 0.028785906732082367, -0.000951791531406343, -0.0019836993888020515, -0.18010364472866058, 0.7911331057548523, -0.19466322660446167, -0.03171739727258682, 0.0016819268930703402, 0.005383692216128111, 0.1356847584247589, -0.9676107168197632, 0.20515471696853638, 0.006566048599779606, 8.929856994654983e-05, -0.0004008868709206581, 0.7457870244979858, -0.9581990242004395, 0.29145222902297974, 0.0071023073978722095, 0.007244672626256943, -0.0032266946509480476, -1.5991549491882324, 0.2769027352333069, 3.1105237007141113, -0.017823658883571625, -0.02586173079907894, -0.006896346341818571, 0.5684067606925964, -0.3272096514701843, -1.0, -0.3884141743183136, -0.10354999452829361, 1.0, -1.0, 0.20837244391441345, 1.0, -1.0, -1.0, -1.0, 0.8354130387306213, -1.0, -1.0, 0.19722649455070496, 1.0, 0.27072960138320923, 0.37929853796958923, -1.0]
[0.32076504826545715, -0.18348869681358337, -0.8135521411895752, -0.03430435061454773, -0.5450214743614197, -0.39617496728897095, 0.07624275237321854, -0.982160747051239, 0.20578187704086304, 0.1786222606897354, -0.008437301963567734, -0.7984260320663452, -0.9873704314231873, -0.8448531627655029, -0.8729852437973022, -0.027463266626000404, -0.7999536991119385, -0.9747753739356995, -0.7872443199157715, -0.2964309751987457, 0.6714246869087219, 0.23004403710365295, 0.18505892157554626, -0.6883857250213623, 0.13006174564361572, -0.4319794178009033, -0.1750684380531311, 0.013577972538769245, 0.2630280554294586, 0.12403392046689987, 0.6234394907951355, -0.41664043068885803, 0.40436211228370667, 0.2259509563446045, 0.78580242395401, -0.2555478513240814, -0.03256808593869209, -0.014233606867492199, -0.14441877603530884, 0.5228201150894165, -0.37640711665153503, -0.05507604405283928, -0.07137773185968399, 1.8743053674697876, 0.4681718051433563, 0.11185138672590256, 0.23957109451293945, -0.5376543402671814, -0.5043565630912781, 0.3916632831096649, -0.014709936454892159, 0.013691592961549759, -0.024255504831671715, -0.01351159904152155, -0.019478559494018555, 0.08201742172241211, 0.054362304508686066, 0.024968953803181648, -0.0767502710223198, 0.0798308476805687, 0.034485042095184326, 0.01272097323089838, 0.05288930982351303, -0.06399935483932495, 0.07128160446882248, 0.030356891453266144, 0.011337630450725555, 0.31888946890830994, -0.02222226746380329, -0.015033994801342487, -0.17433404922485352, -0.03773845359683037, 0.013924600556492805, -0.4263455271720886, 0.4849091172218323, -0.3523366153240204, 0.7086409330368042, 0.13671615719795227, -0.5958150625228882, -0.055613692849874496, -0.14490076899528503, -0.49628469347953796, 1.2228730916976929, 2.0820486545562744, -1.6447159051895142, 0.0, -0.38999998569488525, 0.47999998927116394, 0.012645297683775425, 0.2464054822921753, 0.9690790772438049, 0.0032153106294572353, -0.6466401219367981, -0.1940802037715912, 0.6736102104187012, 0.3007306754589081, -0.007543565705418587, -0.4361477196216583, 0.5132063031196594, -0.012895938940346241, -0.09639251977205276, 0.9794493913650513, -0.17669498920440674, -0.09941975027322769, -0.009379556402564049, -0.28819960355758667, 0.29073336720466614, -0.7155994176864624, 0.08142000436782837, 0.0016644150018692017, -0.4495745897293091, 0.47712284326553345, 0.0015905710170045495, 0.051446810364723206, 0.9983879923820496, -0.023917939513921738, -0.29949691891670227, 0.022190403193235397, -0.43562865257263184, 1.0413748025894165, 0.7188950181007385, -3.6993916034698486, 0.025644557550549507, -0.4513940215110779, 0.4662739336490631, 0.025754500180482864, -0.6789800524711609, 0.7331600785255432, -0.02826714515686035, -0.46869799494743347, 0.012669124640524387, -0.5003065466880798, 3.603109836578369, 1.091328501701355, -4.4906229972839355, 0.04802292585372925, -0.4433463513851166, 0.4718371331691742, 0.008368654176592827, -0.6485809683799744, 0.7599354982376099, -0.042079344391822815, -0.33238711953163147, -0.008314091712236404, -0.6174399852752686, 5.099393367767334, 1.4352080821990967, -2.987527370452881, -0.06746410578489304, -0.3469637930393219, 0.545807957649231, 0.360484778881073, -0.40654027462005615, 0.8327924013137817, 0.10598330199718475, 0.4899953305721283, -0.3499475121498108, -0.041594550013542175, 6.874591827392578, 10.039034843444824, 1.1556096076965332, -0.11966674029827118, 0.30272743105888367, 0.01403060369193554, -0.008970686234533787, -0.0002870554744731635, 0.0006514018750749528, -0.1025191992521286, -0.3880613446235657, 0.6226856708526611, 0.01914803311228752, -2.711089291551616e-05, 0.00031163543462753296, -0.3917793035507202, -0.4893478453159332, 0.05950361117720604, 0.005380755290389061, -0.003590349806472659, 0.0009745706338435411, -0.28600943088531494, -0.44484975934028625, 0.06998080015182495, 0.004664883483201265, -0.0021877081599086523, 0.001872566295787692, -1.1954671144485474, 0.4416191577911377, 2.1774559020996094, -0.010122844949364662, -0.01861097663640976, -0.0019180478993803263, 0.42331603169441223, -0.49206089973449707, -1.0, -0.18763594329357147, -0.45776456594467163, 1.0, -1.0, 0.5677729249000549, 1.0, -0.9062314629554749, -1.0, -1.0, 0.6419091820716858, -1.0, -1.0, 0.7490465641021729, 1.0, 0.5137262344360352, 0.34580573439598083, -1.0]
[0.34601742029190063, -0.25474849343299866, -0.8147008419036865, -0.026093175634741783, -0.552757203578949, -0.3909316956996918, 0.20749987661838531, -1.0000027418136597, 0.23586487770080566, 0.21256223320960999, 0.11906680464744568, -0.7915156483650208, -0.9906827807426453, -0.8463075160980225, -0.8946825265884399, 0.01755211502313614, -0.8347206115722656, -0.9795299172401428, -0.7937100529670715, -0.1212506964802742, 0.7312218546867371, 0.30421820282936096, 0.23986004292964935, -0.7402433156967163, 0.06284567713737488, -0.5445047616958618, 0.28141283988952637, 0.20162907242774963, -0.25159981846809387, -0.02516414038836956, 0.1970001757144928, -0.00016011820116546005, 0.16761182248592377, 0.344197541475296, 0.4071163237094879, 0.3433484733104706, -0.03443121910095215, -0.014667356386780739, -0.08355709165334702, 0.0003880634903907776, -0.2939753830432892, -0.038758452981710434, -0.0519401915371418, 2.3186769485473633, 0.3991031348705292, 0.21475975215435028, 0.3788904845714569, -0.4509539306163788, -1.8474385738372803, -0.8975309729576111, 0.11891138553619385, 0.014677919447422028, -0.022115908563137054, -0.014758128672838211, -0.3500308096408844, -0.0037564176600426435, -0.02029046230018139, -0.006230319384485483, -0.19754663109779358, 0.29176098108291626, 0.12746943533420563, 0.047522395849227905, -0.09165345132350922, -0.24237596988677979, -0.024935146793723106, -0.0049803550355136395, -4.8614892875775695e-05, 0.13304896652698517, -0.023489858955144882, -0.022028785198926926, -0.07464338839054108, -0.011973115615546703, 0.011986947618424892, -0.42763617634773254, 0.47829148173332214, -0.3894098699092865, 0.6804830431938171, 0.23946918547153473, -0.5726754069328308, -0.11689414829015732, -0.08005845546722412, -0.30959776043891907, 2.173391103744507, 0.024694809690117836, -0.7803179621696472, 0.0, -0.38999998569488525, 0.47999998927116394, 0.012645297683775425, 0.2464054822921753, 0.9690790772438049, 0.0032153106294572353, -0.5944457650184631, -0.2370988130569458, 0.6602952480316162, 0.39297372102737427, -0.008969277143478394, -0.436790406703949, 0.5073094964027405, -0.01597624458372593, -0.11504016071557999, 0.9781360030174255, -0.1725117713212967, -0.11578360944986343, -0.09477603435516357, -0.3757574260234833, 3.046093225479126, 0.6270723342895508, -1.6616098880767822, -0.0026405397802591324, -0.44863295555114746, 0.47000938653945923, 0.009247484616935253, 0.04865110293030739, 0.9987714290618896, 0.0017485019052401185, -0.1119326502084732, 0.07097594439983368, -0.4124927222728729, 0.14052070677280426, 0.5055839419364929, -1.206092119216919, 0.02095017582178116, -0.45061877369880676, 0.45974263548851013, 0.012622798793017864, -0.6940346360206604, 0.7198096513748169, -0.005520520731806755, -0.24040202796459198, 0.06725125759840012, -0.34096044301986694, 1.2136882543563843, 0.6235169768333435, -2.2759411334991455, 0.045544497668743134, -0.4426080584526062, 0.4625437259674072, 0.005956999026238918, -0.679893970489502, 0.7326887845993042, -0.02959437668323517, -0.059351928532123566, 0.0717993974685669, -0.6348316669464111, 4.850583553314209, 0.631234884262085, -0.167110413312912, -0.058974407613277435, -0.3539077043533325, 0.5464000105857849, 0.44545650482177734, -0.443775475025177, 0.7701396346092224, 0.10731615126132965, 0.6276333928108215, -0.4889271557331085, -0.2542521059513092, 8.292802810668945, 10.886075019836426, 2.121958017349243, 0.5613633394241333, 0.29300734400749207, -0.1287132054567337, -0.01036302000284195, -0.00027096952544525266, -0.018075762316584587, -1.8298213481903076, 0.12274281680583954, -0.1934557855129242, -0.004389177076518536, 0.00852314941585064, 0.02690715529024601, -1.0603313446044922, -1.70388925075531, 0.11123762279748917, 0.02196405827999115, -0.009228297509253025, 0.0021800557151436806, -1.2829500436782837, 0.09197378158569336, -0.1184060350060463, 0.0013309920905157924, -0.011774295940995216, 0.004395385272800922, -0.5219386219978333, 0.5416819453239441, 0.865583062171936, -0.0028379615396261215, -0.00362209789454937, 0.002722977427765727, 0.18787366151809692, -0.699507474899292, -1.0, -0.465802937746048, -0.7940467596054077, 1.0, -1.0, 0.34528136253356934, 0.8628811836242676, -0.17091268301010132, -1.0, -1.0, -0.26101428270339966, -1.0, -1.0, 1.0, 1.0, 0.8250390291213989, 0.5966593623161316, -1.0]
[0.3628559708595276, -0.349605530500412, -0.7924889922142029, -0.0029806876555085182, -0.6023041009902954, -0.40106847882270813, 0.28233280777931213, -0.9993798136711121, 0.21813327074050903, 0.23051024973392487, 0.07799583673477173, -0.7049790024757385, -0.9940290451049805, -0.8479044437408447, -0.9055121541023254, -0.062466904520988464, -0.8613440990447998, -0.9826599955558777, -0.7980740070343018, -0.07405088096857071, 0.7812952399253845, 0.4050963222980499, 0.29604512453079224, -0.785397469997406, 0.0596957802772522, -0.7361001372337341, -0.06295327097177505, 0.08439172804355621, -0.56313556432724, -0.14864206314086914, 0.41078492999076843, 0.013798302970826626, -0.32723739743232727, -0.0006214156746864319, -0.4421079158782959, 1.0895096063613892, -0.027675002813339233, -0.0139205576851964, -0.04650385305285454, -0.509181797504425, -0.22798167169094086, -0.026096602901816368, -0.03364662826061249, -0.37538599967956543, 0.32735902070999146, 0.2606266736984253, 0.3521806597709656, -0.3952408730983734, -0.44354870915412903, -1.6733789443969727, -0.08407586067914963, -0.22241121530532837, -0.1012716069817543, -0.038995299488306046, 0.05321105942130089, -0.08143071085214615, -0.04930013418197632, -0.028138920664787292, -0.257842093706131, 0.14171093702316284, 0.0694132000207901, 0.02735733613371849, -0.1619066447019577, -0.1619083285331726, -0.08789055049419403, -0.02929292619228363, -0.008497844450175762, -0.8250676393508911, -0.0707252249121666, -0.03387681394815445, 0.3620014190673828, 0.0880708396434784, 0.010932546108961105, -0.4273562729358673, 0.4729432165622711, -0.44015830755233765, 0.6813945770263672, 0.2977920472621918, -0.5032712817192078, -0.023027624934911728, 0.04838494211435318, -0.3185572624206543, 1.9856706857681274, -1.6256506443023682, -0.33947888016700745, 0.0, -0.38999998569488525, 0.47999998927116394, 0.012645297683775425, 0.2464054822921753, 0.9690790772438049, 0.0032153106294572353, -0.5819989442825317, -0.3041141629219055, 0.605741024017334, 0.44929933547973633, -0.010227911174297333, -0.4376016855239868, 0.49941518902778625, -0.01636430434882641, -0.15678927302360535, 0.9734972715377808, -0.1656874269247055, -0.009040367789566517, -0.15814505517482758, -0.5914667248725891, 6.642430782318115, 1.1463122367858887, 0.25670820474624634, -0.005301065277308226, -0.4474218189716339, 0.4609430432319641, 0.015450979582965374, 0.02100202813744545, 0.9995256662368774, 0.016384299844503403, -0.17240497469902039, 0.005092725623399019, -0.5973688364028931, 5.206125259399414, 0.8077142834663391, -2.2953989505767822, 0.02084716223180294, -0.4492676556110382, 0.4553506672382355, 0.014935418963432312, -0.691214919090271, 0.7224315404891968, -0.009564951062202454, 0.11877597123384476, 0.0946246013045311, -0.19208648800849915, -1.5241514444351196, -0.5523546934127808, 1.8754146099090576, 0.046454209834337234, -0.44061607122421265, 0.4520874321460724, 0.013226121664047241, -0.7102015614509583, 0.7028502821922302, -0.0379486046731472, 0.15029965341091156, 0.1568753570318222, -0.735930323600769, 5.194582462310791, -0.19582755863666534, 2.2547054290771484, -0.05607909709215164, -0.35655954480171204, 0.5445349216461182, 0.48026978969573975, -0.4569567143917084, 0.7409756183624268, 0.10717558115720749, -0.051896028220653534, 0.017691191285848618, -0.15351921319961548, 0.3752771019935608, 0.8610937595367432, -0.004879564046859741, -0.44561123847961426, 1.1697187423706055, -0.9829422235488892, -0.021449517458677292, 0.0010117486817762256, 0.010367108508944511, 0.24881616234779358, 0.345750093460083, -0.6955141425132751, -0.022952668368816376, -0.0025867566000670195, -0.0055959150195121765, -1.3943390846252441, -0.8707171082496643, 0.006820853799581528, 0.014296576380729675, -0.015260444954037666, 0.004701606929302216, -0.8739402294158936, 0.46628016233444214, -0.13453087210655212, -0.001503641833551228, -0.009392548352479935, 0.0028340043500065804, 2.4136762619018555, 0.30124250054359436, -4.97512674331665, 0.018887316808104515, 0.04945202171802521, 0.011438807472586632, 0.41577622294425964, -1.0, -1.0, -0.14610622823238373, -1.0, 1.0, -1.0, -0.06853269785642624, -1.0, 0.24545150995254517, -1.0, -1.0, -1.0, -1.0, -1.0, -0.6868962049484253, 1.0, 1.0, 0.6927881240844727, -1.0]
[0.37518399953842163, -0.4496191143989563, -0.7980791926383972, -0.04265575483441353, -0.6353846192359924, -0.4151230752468109, 0.346200555562973, -1.0000057220458984, 0.09500419348478317, 0.2094401717185974, -0.05828732252120972, -0.6565610766410828, -0.9938756823539734, -0.8479015231132507, -0.9191320538520813, -0.1956811547279358, -0.8845706582069397, -0.9855961799621582, -0.8014028668403625, -0.16133667528629303, 0.8204969763755798, 0.4806927740573883, 0.3349773585796356, -0.8233415484428406, 0.038390714675188065, -0.6908581852912903, 0.1284472793340683, -0.3433168828487396, -0.18527859449386597, -0.10098998993635178, -0.07356169074773788, -0.000321032217470929, -1.6286289691925049, -0.3908844292163849, -0.6273989081382751, 0.09822595119476318, 0.008508170954883099, 0.005838247947394848, -0.07310178875923157, -0.5698620080947876, -0.20789563655853271, -0.02785269357264042, -0.03075479529798031, -1.4640023708343506, 0.2571880519390106, 0.14641393721103668, 0.19376002252101898, -0.3239637017250061, -0.15148700773715973, 0.6682319641113281, 0.09885746985673904, 0.1691478192806244, 0.09101860970258713, 0.03589077666401863, -0.29589173197746277, 0.07575346529483795, -0.07410279661417007, -0.05064142495393753, -0.04871697723865509, -0.25830838084220886, -0.11179089546203613, -0.041106320917606354, 0.04053197801113129, -0.011682609096169472, 0.03921695798635483, 0.014951718039810658, 0.005106870085000992, -0.33771926164627075, 0.0003804921288974583, -0.015329169109463692, 0.1353006809949875, 0.03441891819238663, 0.009924547746777534, -0.42775049805641174, 0.46584612131118774, -0.44123566150665283, 0.7185057401657104, 0.3014185428619385, -0.44520482420921326, -0.06115249544382095, -0.09266158193349838, -0.488256573677063, 0.14924520254135132, -0.44640204310417175, -1.3808579444885254, 0.0, -0.38999998569488525, 0.47999998927116394, 0.012645297683775425, 0.2464054822921753, 0.9690790772438049, 0.0032153106294572353, -0.6178066730499268, -0.31939268112182617, 0.5502164363861084, 0.4621311128139496, -0.010146597400307655, -0.43917447328567505, 0.4883478581905365, -0.01445930078625679, -0.2187041938304901, 0.9617157578468323, -0.1645054668188095, -0.011715909466147423, -0.14599540829658508, -0.684455931186676, 6.407721519470215, 1.386249303817749, -0.46780925989151, -0.0076391249895095825, -0.4465763568878174, 0.4496453106403351, 0.020003916695713997, -0.06529904901981354, 0.9972311854362488, 0.029423831030726433, -0.04868791252374649, -0.16221030056476593, -0.7336448431015015, 13.525236129760742, -0.49383193254470825, -0.27632206678390503, 0.023204127326607704, -0.44715720415115356, 0.4485519528388977, 0.023730909451842308, -0.6986070871353149, 0.7145008444786072, -0.029551897197961807, 0.2054109424352646, 0.14915023744106293, -0.5533223152160645, 2.9534757137298584, -1.0132675170898438, 2.717775821685791, 0.04887857288122177, -0.4375340938568115, 0.44150012731552124, 0.025032605975866318, -0.7387645244598389, 0.6712350845336914, -0.055170413106679916, 0.19631558656692505, 0.22127631306648254, -0.6842605471611023, 4.945422649383545, -0.35277584195137024, 2.6534361839294434, -0.05971531569957733, -0.3539170026779175, 0.5423990488052368, 0.46432802081108093, -0.4526519775390625, 0.7529333233833313, 0.1122361347079277, -0.33041131496429443, 0.22620455920696259, -0.0673927515745163, -2.544077157974243, -3.212561845779419, -1.463936448097229, 0.49668794870376587, -1.0579150915145874, 0.6561399102210999, 0.02002205327153206, 0.00012283721298445016, -0.01187888439744711, -1.4324662685394287, 0.9658180475234985, -0.2247997224330902, -0.03615415096282959, 0.007997128181159496, 0.024324597790837288, -0.2616133689880371, 1.500209093093872, -0.12247894704341888, -0.018603183329105377, -0.0028070416301488876, 0.0010969438590109348, -0.0748666524887085, -0.22438254952430725, 0.03919513523578644, 0.0017411320004612207, -0.0007186767179518938, -0.00025369852664880455, 0.9894896745681763, 0.10197533667087555, -1.869092583656311, 0.006298238877207041, 0.018587082624435425, 0.005710596218705177, 0.4212672710418701, -1.0, -1.0, -0.799733579158783, -0.6758147478103638, 1.0, -1.0, -1.0, -1.0, -0.806857705116272, -1.0, -1.0, -1.0, -1.0, -1.0, -1.0, 1.0, 0.7309862375259399, 0.5039113163948059, -1.0]
[0.3794668912887573, -0.5440942049026489, -0.7985205054283142, -0.04410660266876221, -0.6490356922149658, -0.4227721393108368, 0.36514875292778015, -1.0000183582305908, -0.032283030450344086, 0.16371427476406097, -0.18505820631980896, -0.6788898706436157, -0.9930569529533386, -0.8471733331680298, -0.9349233508110046, -0.2449236363172531, -0.9049404263496399, -0.9884058237075806, -0.8046560883522034, -0.2856191396713257, 0.8525057435035706, 0.4880862236022949, 0.33245599269866943, -0.8538616895675659, 0.005573268514126539, -0.6357778310775757, -0.01995658688247204, -0.04617470130324364, -0.08296668529510498, -0.046809520572423935, 0.18906675279140472, 0.00017444524564780295, -0.8709571957588196, -0.3808940351009369, -0.4643687903881073, -0.3780805766582489, 0.001169864903204143, 0.004650707822293043, -0.0788363665342331, -0.001332789659500122, -0.1813860982656479, -0.02615267038345337, -0.030647290870547295, -1.5648878812789917, 0.21095578372478485, -0.05045587569475174, -0.12287699431180954, -0.2601453959941864, -0.543251097202301, 1.264276385307312, -0.010516188107430935, -0.04094809293746948, -0.01335658598691225, -0.0034859671723097563, 0.05011752247810364, 0.08687696605920792, 0.08952692896127701, 0.037155888974666595, 0.04330092668533325, -0.058027077466249466, -0.0315820649266243, -0.013018583878874779, 0.10289084166288376, 0.15771909058094025, 0.07862113416194916, 0.028986549004912376, 0.009625098668038845, -0.00255135097540915, 0.025165041908621788, -0.01297755166888237, -0.026844855397939682, -0.004544595256447792, 0.009051130153238773, -0.42864561080932617, 0.45819947123527527, -0.40689337253570557, 0.7378726601600647, 0.3396747410297394, -0.417854905128479, -0.03855263814330101, -0.04602203890681267, -0.4687790274620056, 0.8456578254699707, 0.211415097117424, -1.2803317308425903, 0.0, -0.38999998569488525, 0.47999998927116394, 0.012645297683775425, 0.2464054822921753, 0.9690790772438049, 0.0032153106294572353, -0.6273836493492126, -0.2932729423046112, 0.5156179666519165, 0.5044987797737122, -0.010315497405827045, -0.439003586769104, 0.479751855134964, -0.01625601015985012, -0.2543063759803772, 0.9531033039093018, -0.16327285766601562, 0.010163828730583191, -0.029476318508386612, -0.5226258039474487, 4.009067058563232, 0.3979209065437317, 0.16097459197044373, -0.008617264218628407, -0.4449707567691803, 0.4386836290359497, 0.021136682480573654, -0.1604406237602234, 0.9862241744995117, 0.034263208508491516, -0.08379799127578735, 0.0036315289326012135, -0.6418290138244629, 9.392006874084473, 0.18346168100833893, -1.2245763540267944, 0.025783874094486237, -0.4441415071487427, 0.43861088156700134, 0.032023344188928604, -0.7234700918197632, 0.6878740191459656, -0.04893603175878525, 0.17485949397087097, 0.20890270173549652, -0.6943443417549133, 5.077821254730225, -0.5994703769683838, 2.1233832836151123, 0.049706943333148956, -0.43394774198532104, 0.4316386878490448, 0.030665520578622818, -0.764811635017395, 0.6406686305999756, -0.060549601912498474, -0.011232398450374603, 0.23269975185394287, -0.6266918182373047, 4.5655364990234375, 0.605093777179718, 0.16729916632175446, -0.06480485945940018, -0.3501065671443939, 0.5397616028785706, 0.43569910526275635, -0.4485469162464142, 0.7719277143478394, 0.11445244401693344, -0.32482680678367615, 0.21984665095806122, -0.11935305595397949, -1.5508344173431396, -3.496276617050171, -1.207674503326416, -0.12165885418653488, 0.21863141655921936, 0.0815640389919281, -0.00020649589714594185, -0.0008904713322408497, -0.00011954887304455042, 0.2643415927886963, -0.6848738193511963, 0.8024028539657593, 0.026882782578468323, -0.000836793624330312, -0.005534046795219183, 0.20045295357704163, 0.37525010108947754, 0.026581671088933945, -0.00738983228802681, 0.003055157605558634, -0.0016227711457759142, 0.8395063877105713, -0.44333574175834656, 0.07038494199514389, 0.0029750624671578407, 0.010423357598483562, -0.0032792496494948864, -0.05402296781539917, 0.09595755487680435, 0.34724199771881104, 4.0884700865717605e-05, -0.003680228255689144, 0.0037863922771066427, 0.3806172311306, -1.0, -1.0, -0.19646774232387543, -0.6750435829162598, 1.0, -1.0, -0.37248095870018005, -0.7395055294036865, -1.0, -1.0, -1.0, 0.025153331458568573, -1.0, -1.0, -1.0, 1.0, 0.2391170859336853, 0.1379709094762802, -1.0]
[0.37742480635643005, -0.5998610854148865, -0.8050247430801392, -0.04960085451602936, -0.6032116413116455, -0.4183555841445923, 0.41917547583580017, -1.0000152587890625, -0.05753278732299805, 0.13934655487537384, -0.177651047706604, -0.7281898260116577, -0.9948577880859375, -0.8476224541664124, -0.9611395001411438, -0.1748100072145462, -0.925616979598999, -0.9920326471328735, -0.8084259033203125, -0.34442654252052307, 0.8756818771362305, 0.4706394076347351, 0.2813325524330139, -0.8780752420425415, -0.014526796527206898, -0.22790132462978363, -0.06998581439256668, -0.014947409741580486, 0.6925688982009888, 0.14208202064037323, 0.278308629989624, 0.00019490804697852582, 0.10770181566476822, -0.08581608533859253, 0.3020690977573395, -0.49015235900878906, -0.024793364107608795, -0.009736801497638226, -0.13463620841503143, 0.4465911090373993, -0.191478431224823, -0.03600246459245682, -0.03934838995337486, -0.25722432136535645, 0.14654406905174255, -0.03740186616778374, -0.42731305956840515, -0.20788483321666718, -0.37008151412010193, 4.753533363342285, -0.05288410931825638, 0.2688562572002411, 0.1378578543663025, 0.05512981861829758, 0.03649749234318733, 0.2777232527732849, 0.14189830422401428, 0.052300892770290375, 0.21199142932891846, 0.29861122369766235, 0.10414963960647583, 0.032937873154878616, 0.45355331897735596, 0.10745656490325928, 0.3045642673969269, 0.10968636721372604, 0.03558378294110298, 0.36255741119384766, 0.13057513535022736, 0.05958547815680504, -0.18381443619728088, -0.03602823615074158, 0.008557434193789959, -0.43006259202957153, 0.45199280977249146, -0.3541479706764221, 0.7404407858848572, 0.38981929421424866, -0.4175734221935272, -0.015301062725484371, -0.10931270569562912, -0.28288695216178894, 0.3422566056251526, 1.2097665071487427, -1.4431675672531128, 0.0, -0.38999998569488525, 0.47999998927116394, 0.012645297683775425, 0.2464054822921753, 0.9690790772438049, 0.0032153106294572353, -0.6173504590988159, -0.2428535670042038, 0.5025421380996704, 0.554393470287323, -0.010295839048922062, -0.4382077157497406, 0.4753332734107971, -0.021084876731038094, -0.25342637300491333, 0.9531511068344116, -0.16380935907363892, -0.012623955495655537, 0.10118811577558517, -0.07812897861003876, -2.7307493686676025, -1.3208750486373901, -0.11153370887041092, -0.009822065941989422, -0.4432578682899475, 0.4332074224948883, 0.02443081885576248, -0.195608988404274, 0.9794220924377441, 0.04327254369854927, -0.07506371289491653, 0.06448149681091309, -0.1622675508260727, 0.9916334748268127, 0.6736311316490173, -1.1806045770645142, 0.025636261329054832, -0.4417443573474884, 0.430820107460022, 0.0325736328959465, -0.7483459115028381, 0.66082763671875, -0.047160640358924866, -0.11192961782217026, 0.10913880914449692, -0.4021209478378296, 3.7055740356445312, 1.0267807245254517, -1.206265926361084, 0.048050690442323685, -0.43130695819854736, 0.4248422384262085, 0.02957683801651001, -0.7846161723136902, 0.6174601912498474, -0.04738788306713104, -0.17471982538700104, 0.12204769253730774, -0.32903870940208435, 2.796959161758423, 1.6927094459533691, -1.6378304958343506, -0.06639020889997482, -0.3490896224975586, 0.538268506526947, 0.43591588735580444, -0.4507787525653839, 0.7715367078781128, 0.10726992040872574, 0.044873714447021484, -0.01704266481101513, -0.06611047685146332, 1.661721110343933, 1.41551673412323, 1.5394203662872314, -0.42002272605895996, -1.5116372108459473, 1.5925357341766357, 0.03245525807142258, -0.0032389527186751366, 0.0035795150324702263, 0.21127992868423462, -0.9282260537147522, 2.007371425628662, 0.03837750107049942, 0.0009268376161344349, -0.0036585116758942604, 1.1405060291290283, -1.6357471942901611, 0.40955063700675964, 0.008401666767895222, 0.013467268086969852, -0.005992327816784382, 0.5875629186630249, -1.7037608623504639, 0.30116039514541626, 0.010027367621660233, 0.007342854514718056, -0.0028542550280690193, -0.7003083825111389, -0.8560388684272766, 2.6968040466308594, -0.002342901425436139, -0.024823302403092384, -0.0066807568073272705, 0.34052035212516785, -0.4587264060974121, -1.0, -0.22988711297512054, -0.04002273827791214, 1.0, -0.9957422614097595, 0.1968226134777069, 0.5990883111953735, -1.0, -1.0, -1.0, 0.6402012705802917, -1.0, -1.0, -0.24380424618721008, 1.0, 0.42658329010009766, -0.22389446198940277, -1.0]
[0.37835872173309326, -0.6083201169967651, -0.8320986032485962, -0.030535561963915825, -0.5234729051589966, -0.3965698182582855, 0.4973730444908142, -1.0000091791152954, 0.035126980394124985, 0.15091486275196075, -0.05016541853547096, -0.7433339953422546, -0.9988628625869751, -0.849514365196228, -0.9886096715927124, -0.03044682927429676, -0.9445510506629944, -0.9956901669502258, -0.8127710223197937, -0.2492569386959076, 0.8933016657829285, 0.5059240460395813, 0.21286693215370178, -0.8972541689872742, 0.014242606237530708, 0.059491027146577835, -0.1722434014081955, 0.31079545617103577, 0.7621152400970459, 0.23826658725738525, 0.3860195577144623, 0.0002250330726383254, 1.2411317825317383, 0.2825772166252136, 0.6477711796760559, 0.05898519977927208, -0.036505311727523804, -0.01984894834458828, -0.11338144540786743, 0.6756378412246704, -0.16097301244735718, -0.030851135030388832, -0.0401541031897068, 1.9672154188156128, 0.12023744732141495, 0.15295632183551788, -0.44288012385368347, -0.16637448966503143, 0.3261930048465729, 3.537233829498291, -0.03153428062796593, 0.3065335154533386, 0.1071663573384285, 0.03579014167189598, 0.04521826282143593, 0.20166698098182678, 0.11968225240707397, 0.05034540593624115, 0.10486657917499542, 0.3934495151042938, 0.1531982123851776, 0.05277368798851967, 0.36301201581954956, 0.06738442927598953, 0.25787368416786194, 0.09511759877204895, 0.03163241222500801, 0.6211522221565247, 0.1092524379491806, 0.06387012451887131, -0.2752589285373688, -0.05502261221408844, 0.007917940616607666, -0.432056725025177, 0.44917353987693787, -0.303174763917923, 0.7211185693740845, 0.45196738839149475, -0.42871710658073425, -0.04306083917617798, -0.11794881522655487, -0.06348807364702225, 0.921906590461731, 1.2848000526428223, -1.1397196054458618, 0.0, -0.38999998569488525, 0.47999998927116394, 0.012645297683775425, 0.2464054822921753, 0.9690790772438049, 0.0032153106294572353, -0.5830072164535522, -0.19155873358249664, 0.500736653804779, 0.6104674935340881, -0.010644527152180672, -0.4367806613445282, 0.4768185019493103, -0.030290765687823296, -0.21034075319766998, 0.9628012180328369, -0.1668923795223236, -0.06417945772409439, 0.1880856156349182, 0.261004775762558, -6.4572577476501465, -2.4179444313049316, -0.14542020857334137, -0.011423671618103981, -0.4422661066055298, 0.4342902898788452, 0.03049229085445404, -0.15754421055316925, 0.9854888319969177, 0.055332109332084656, -0.09969504922628403, 0.15540823340415955, 0.24085630476474762, -7.909397125244141, 1.5741159915924072, -1.217179775238037, 0.022526104003190994, -0.44149842858314514, 0.4291176199913025, 0.024335233494639397, -0.7560011148452759, 0.6535913944244385, -0.026234813034534454, -0.28119224309921265, -0.04444253444671631, 0.06276771426200867, -0.38934534788131714, 1.4218881130218506, -2.9713380336761475, 0.0444788932800293, -0.4304787218570709, 0.4222257435321808, 0.02277165651321411, -0.7951898574829102, 0.6055190563201904, -0.022386042401194572, -0.29736414551734924, 0.00737520307302475, -0.07287691533565521, 1.0896103382110596, 2.004148244857788, -2.8709328174591064, -0.06058090925216675, -0.35426416993141174, 0.5389000773429871, 0.49514493346214294, -0.4640836715698242, 0.7291524410247803, 0.0882861316204071, 0.6063128709793091, -0.41632863879203796, -0.11239021271467209, 7.096609592437744, 9.21076774597168, 4.941842079162598, -0.22493325173854828, -1.177168846130371, 1.4026777744293213, 0.018132610246539116, -0.0019345555920153856, 0.0029781279154121876, 0.2441815882921219, -0.8722779154777527, 1.5519673824310303, 0.0372612327337265, 0.0010756804840639234, -0.0026720191817730665, 0.5736222863197327, -2.2539780139923096, 0.3818422555923462, 0.018964020535349846, 0.006064687855541706, -0.0021981748286634684, 0.376661092042923, -1.4690519571304321, 0.24998711049556732, 0.009596630930900574, 0.004052124451845884, 2.261910412926227e-05, -1.2019116878509521, -0.6635035276412964, 3.9807345867156982, -0.00844922661781311, -0.0357920341193676, -0.009704392403364182, 0.41628754138946533, -0.29954466223716736, -1.0, 0.18191640079021454, -0.04719281941652298, 1.0, -1.0, 1.0, 1.0, -0.5558544993400574, -1.0, -1.0, 1.0, -1.0, -1.0, 1.0, 1.0, 1.0, -0.2575030028820038, -1.0]
[0.384502112865448, -0.626137912273407, -0.8733381628990173, 0.030766695737838745, -0.47474634647369385, -0.3750995993614197, 0.5838061571121216, -0.9996874332427979, 0.17620688676834106, 0.1913987547159195, 0.1032048836350441, -0.6551553606987, -1.000002145767212, -0.851286768913269, -0.993482768535614, 0.05516354367136955, -0.955056369304657, -0.9969350695610046, -0.8156366348266602, -0.07381007075309753, 0.9129750728607178, 0.5792209506034851, 0.1764460802078247, -0.9135187268257141, 0.024865537881851196, -0.252024382352829, -0.09401752799749374, 0.8519638180732727, 0.27933719754219055, 0.1465650051832199, 0.34769317507743835, 0.02372417040169239, 1.3653138875961304, 0.4328692555427551, 0.49770909547805786, 0.8338908553123474, 0.000136407048557885, -0.0061948178336024284, 0.02042306773364544, 0.17416226863861084, -0.06545962393283844, -0.001639190362766385, -0.014186719432473183, 2.270838975906372, 0.14490114152431488, 0.19149164855480194, -0.11726349592208862, -0.14458470046520233, -0.01330362819135189, -3.5488791465759277, 0.05086140334606171, 0.06433748453855515, 0.011675028130412102, 0.000959273602347821, -0.021403944119811058, -0.1822226345539093, -0.04053116217255592, -0.0008063128916546702, -0.14559461176395416, -0.34918034076690674, -0.1312665045261383, -0.043351031839847565, -0.29472073912620544, -0.164913609623909, -0.1745351403951645, -0.05817931890487671, -0.017156394198536873, 0.13336320221424103, -0.08553136140108109, -0.047124721109867096, -0.0397508405148983, -0.008267510682344437, 0.006332855671644211, -0.4324909746646881, 0.4478342831134796, -0.309952974319458, 0.6842487454414368, 0.529992401599884, -0.3934980034828186, -0.14579272270202637, 0.00740477442741394, 0.03626219183206558, 1.0707685947418213, -1.5115244388580322, -1.0211628675460815, 0.0, -0.38999998569488525, 0.47999998927116394, 0.012645297683775425, 0.2464054822921753, 0.9690790772438049, 0.0032153106294572353, -0.528518795967102, -0.2079106718301773, 0.4680613875389099, 0.6770225763320923, -0.011577881872653961, -0.4345669150352478, 0.4789968729019165, -0.0417814701795578, -0.1653791218996048, 0.9704527854919434, -0.17066171765327454, -0.12891525030136108, 0.23007354140281677, 0.1231824979186058, -4.723362445831299, -2.1835224628448486, -0.5818402767181396, -0.013298382982611656, -0.44039449095726013, 0.4354085624217987, 0.04044698178768158, -0.09178633987903595, 0.9926455020904541, 0.0677802786231041, -0.07765766233205795, 0.26951688528060913, 0.00023304764181375504, -7.7808451652526855, 2.024695873260498, -0.83072429895401, 0.01856832206249237, -0.4421989619731903, 0.4322112500667572, 0.013523397967219353, -0.7374524474143982, 0.6752625107765198, -0.001191063318401575, -0.224206805229187, 0.0078079719096422195, 0.14092794060707092, -2.9423084259033203, 1.134803056716919, -2.2606444358825684, 0.04200511425733566, -0.42962291836738586, 0.42003774642944336, 0.01630709320306778, -0.8023127317428589, 0.5966299772262573, -0.007805447094142437, -0.10317037999629974, 0.09366363286972046, -0.21444037556648254, 1.5901007652282715, 0.3990947902202606, -0.9410244822502136, -0.05078689754009247, -0.3625068962574005, 0.5375314354896545, 0.5741504430770874, -0.4829751253128052, 0.6581732034683228, 0.0624033585190773, 0.6409865617752075, -0.43862053751945496, -0.399913489818573, 8.487934112548828, 9.376134872436523, 4.685500144958496, 0.38820725679397583, -0.3118312954902649, -0.38191521167755127, -0.003718195715919137, 0.0017590164206922054, -0.005939950235188007, -0.17782416939735413, -0.11153101921081543, -1.1441148519515991, -0.0024792784824967384, -0.0009985005017369986, 0.0024157657753676176, -0.8321108818054199, 1.9502289295196533, -0.37498268485069275, -0.01409759558737278, -0.009490708820521832, 0.00331066339276731, -0.8782029151916504, 0.9354830980300903, -0.1567990481853485, -0.0031241460237652063, -0.009939009323716164, 0.0038362951017916203, -0.4689493775367737, 0.9279609322547913, 0.4262305498123169, -0.00412177387624979, -0.0007643179269507527, 0.005152861122041941, 0.4245181083679199, -0.9565746188163757, -1.0, 0.32016071677207947, -0.39347001910209656, 1.0, -1.0, 1.0, 0.9789488315582275, 0.40586796402931213, -1.0, -1.0, 0.04328899830579758, -1.0, -1.0, 1.0, 1.0, 1.0, 0.14333362877368927, -1.0]
[0.4103966951370239, -0.6712622046470642, -0.8957852125167847, 0.07723548263311386, -0.4367278814315796, -0.36131948232650757, 0.6550182104110718, -0.9954763650894165, 0.24628253281116486, 0.23045644164085388, 0.07109642773866653, -0.565645694732666, -0.9998862743377686, -0.8514372110366821, -0.9889061450958252, -0.009966998361051083, -0.9610227346420288, -0.9969155192375183, -0.8161430954933167, -0.05404205620288849, 0.9312177896499634, 0.6518586277961731, 0.19100786745548248, -0.9295909404754639, 0.14992579817771912, -0.3550358712673187, -0.09680190682411194, 0.17427997291088104, 0.3834773600101471, 0.1297747939825058, 0.2642207741737366, 0.03434518724679947, 0.2660073935985565, 0.3060384690761566, -0.45833420753479004, 0.8523492217063904, 0.004333178978413343, 0.0009361557895317674, 0.014170736074447632, -0.5094698071479797, -0.05391577631235123, -0.0003293440386187285, -0.0006143096252344549, -0.8873945474624634, 0.11625929176807404, 0.16901813447475433, 0.23008985817432404, -0.14509163796901703, 2.8880834579467773, -0.9011499881744385, 0.06422299891710281, -0.19020967185497284, -0.07066850364208221, -0.023643970489501953, 0.07226690649986267, -0.0640910193324089, -0.09372643381357193, -0.03913300484418869, -0.1741202175617218, -0.0964614599943161, -0.03659522533416748, -0.012359566986560822, -0.07455900311470032, -0.0923207476735115, -0.058196183294057846, -0.021670319139957428, -0.007105628959834576, -1.1269583702087402, -0.06205625832080841, -0.032785121351480484, 0.515447735786438, 0.11081952601671219, 0.003991096280515194, -0.4323790371417999, 0.4467485249042511, -0.36780092120170593, 0.6832459568977356, 0.5631385445594788, -0.2842046320438385, -0.13722871243953705, 0.01844213530421257, -0.10657525807619095, 1.7862026691436768, -2.1421051025390625, -0.7435869574546814, 0.0, -0.38999998569488525, 0.47999998927116394, 0.012645297683775425, 0.2464054822921753, 0.9690790772438049, 0.0032153106294572353, -0.5209476947784424, -0.29132282733917236, 0.3764954209327698, 0.7085165977478027, -0.01368226669728756, -0.432525634765625, 0.4779006242752075, -0.051832765340805054, -0.1407143771648407, 0.9743478298187256, -0.16780661046504974, -0.1711517721414566, 0.11529161036014557, -0.16102302074432373, -1.439591407775879, -1.2271652221679688, -0.8402031660079956, -0.016092702746391296, -0.4380040168762207, 0.4330100417137146, 0.050031814724206924, -0.06076411157846451, 0.9936327338218689, 0.08061344176530838, -0.19507445394992828, 0.1541239619255066, -0.21409505605697632, -1.2283250093460083, 1.215881109237671, -1.5575315952301025, 0.01781463250517845, -0.44168975949287415, 0.432953417301178, 0.012692785821855068, -0.7226537466049194, 0.691082775592804, -0.0038632198702543974, 0.03488832712173462, 0.042061638087034225, 0.05908353254199028, -2.4599008560180664, -1.0748345851898193, 1.338049054145813, 0.04208466038107872, -0.4278962314128876, 0.4161006808280945, 0.01757250912487507, -0.8113996386528015, 0.5840190649032593, -0.015606412664055824, 0.06872323155403137, 0.12271981686353683, -0.2888447940349579, 2.0591065883636475, -1.163348913192749, 1.4656567573547363, -0.049968868494033813, -0.3634296655654907, 0.5361286401748657, 0.5880218148231506, -0.48737797141075134, 0.6426618695259094, 0.06065277010202408, -0.29219934344291687, 0.1650865525007248, 0.04754582792520523, -2.53905987739563, -2.2163047790527344, -2.001978635787964, 0.6022440791130066, 0.6631027460098267, -0.8887085318565369, -0.013697430491447449, 0.0013658433454111218, -0.003772351425141096, 0.46947166323661804, 0.7213592529296875, -0.8451743125915527, -0.028312617912888527, 0.00072334089782089, -0.0011027768487110734, -0.9174636006355286, 0.5444497466087341, -0.06405147910118103, -0.004192820750176907, -0.014560380950570107, 0.008111922070384026, -0.49477165937423706, 0.33973899483680725, 0.05289744585752487, -0.002009543590247631, -0.009799794293940067, 0.002850350458174944, 2.4980380535125732, 0.3390955924987793, -7.522246360778809, 0.013087623752653599, 0.0708509311079979, 0.006386106833815575, 0.9164343476295471, -1.0, -1.0, 0.044098932296037674, -0.2045290768146515, 1.0, -1.0, 0.19822528958320618, -1.0, -0.07130934298038483, -1.0, -1.0, -1.0, -1.0, -1.0, -1.0, 1.0, 1.0, 0.6079365015029907, -1.0]
[0.45733052492141724, -0.7189831137657166, -0.9103955030441284, 0.052077312022447586, -0.3945065438747406, -0.3469581604003906, 0.6988397240638733, -0.9948880672454834, 0.1555267721414566, 0.23260600864887238, -0.06824757158756256, -0.5402088165283203, -0.997702419757843, -0.8503525257110596, -0.9893947839736938, -0.14919883012771606, -0.9671741724014282, -0.9972727298736572, -0.8162462711334229, -0.16284114122390747, 0.9445117115974426, 0.7123875617980957, 0.2100566178560257, -0.9428965449333191, 0.20330245792865753, -0.3175041675567627, 0.03951062634587288, -0.2615826427936554, 0.37853291630744934, 0.13226480782032013, -0.0042015137150883675, -0.12555819749832153, -1.4215954542160034, -0.26164206862449646, -0.6378669142723083, -0.10385709255933762, 0.020287660881876945, 0.012413645163178444, -0.014669227413833141, -0.6072666645050049, -0.06052228435873985, -0.0056435661390423775, -0.0018335286295041442, -1.5922788381576538, 0.08374948054552078, 0.1376877874135971, 0.067320816218853, -0.1098865196108818, 1.7126405239105225, 0.6939326524734497, 0.08261249214410782, 0.08016746491193771, 0.023182198405265808, 0.006296465173363686, -0.0868774801492691, -0.06981725990772247, -0.14050815999507904, -0.07730425894260406, 0.02761460654437542, -0.23966266214847565, -0.10596631467342377, -0.03948254510760307, 0.057950302958488464, 0.05150450021028519, 0.033792540431022644, 0.011217009276151657, 0.003384554525837302, -0.26491740345954895, -0.0018264068057760596, -0.007927343249320984, 0.09770847856998444, 0.01988930255174637, -0.00013098656199872494, -0.4324517250061035, 0.4439697563648224, -0.3572705388069153, 0.7055784463882446, 0.5621325969696045, -0.24191653728485107, -0.23646578192710876, -0.003540242090821266, -0.25354403257369995, 0.11355755478143692, -0.048756107687950134, -0.9070623517036438, 0.0, -0.38999998569488525, 0.47999998927116394, 0.012645297683775425, 0.2464054822921753, 0.9690790772438049, 0.0032153106294572353, -0.543338418006897, -0.2914535105228424, 0.3331993520259857, 0.7133136987686157, -0.0160157959908247, -0.43186715245246887, 0.4733239412307739, -0.05763474106788635, -0.14212270081043243, 0.9748957753181458, -0.16142308712005615, -0.186349019408226, 0.030475515872240067, -0.27242404222488403, 0.41011884808540344, -0.23344574868679047, -1.3895372152328491, -0.020034903660416603, -0.43661922216415405, 0.42739465832710266, 0.05130203813314438, -0.1092362329363823, 0.9880453944206238, 0.09592588245868683, -0.2505773901939392, -0.09848261624574661, -0.4566078782081604, 10.431842803955078, -1.513293743133545, -2.0752968788146973, 0.01822267659008503, -0.4404177963733673, 0.43008071184158325, 0.014399555511772633, -0.7246162295341492, 0.6886504292488098, -0.022008134052157402, 0.0430675707757473, 0.09372614324092865, -0.2996366024017334, 1.9950295686721802, -1.5691713094711304, 1.7186050415039062, 0.04286792129278183, -0.42599838972091675, 0.41191768646240234, 0.02200544811785221, -0.8207548260688782, 0.5698978900909424, -0.0330689363181591, 0.06518625468015671, 0.12215254455804825, -0.2625059187412262, 2.003572702407837, -1.403107762336731, 1.644940972328186, -0.05652372166514397, -0.35828137397766113, 0.5363320708274841, 0.5545971989631653, -0.48232501745224, 0.6732149124145508, 0.0810311809182167, -0.4902747571468353, 0.3306054472923279, 0.1124548465013504, -4.538969993591309, -4.143012523651123, -3.515857458114624, 0.5351194739341736, -0.2824052572250366, 0.2993842363357544, 0.0020603868179023266, -0.0016455842414870858, -0.008931838907301426, -0.31844937801361084, 1.3519749641418457, -1.0690070390701294, -0.05702463537454605, 0.005134325474500656, 0.009840011596679688, 0.176982581615448, 1.4182579517364502, -0.06787963956594467, -0.01820867694914341, -0.00046279022353701293, 0.0013285467866808176, 0.26983073353767395, -0.18024477362632751, 0.08114532381296158, 0.0006808829493820667, 0.0006654224125668406, 0.00024376144574489444, 0.5225549936294556, 0.10668493062257767, -1.5307193994522095, 0.0014089023461565375, 0.011528423056006432, 0.0014440235681831837, 0.8796856999397278, -1.0, -1.0, -0.4088461101055145, -0.1740705370903015, 1.0, -1.0, -1.0, -1.0, -0.8043537735939026, -1.0, -1.0, -1.0, -1.0, -1.0, -1.0, 1.0, 1.0, 0.2539680302143097, -1.0]
[0.4920286536216736, -0.7618468999862671, -0.9013873338699341, 0.028648169711232185, -0.369707852602005, -0.33568432927131653, 0.6914313435554504, -1.0000174045562744, 0.015211515128612518, 0.1917661726474762, -0.16217398643493652, -0.5820633172988892, -0.9959577918052673, -0.8491568565368652, -0.9920163750648499, -0.19852910935878754, -0.9730545282363892, -0.997859537601471, -0.8166513442993164, -0.29269835352897644, 0.9543969035148621, 0.7353452444076538, 0.19128206372261047, -0.9527756571769714, 0.07914742082357407, -0.3011544644832611, -0.0462535135447979, -0.11894471943378448, 0.14714717864990234, 0.07550793141126633, 0.04401044920086861, -3.436373663134873e-05, -1.2264575958251953, -0.41944795846939087, -0.2502533793449402, -0.5412017703056335, 0.009959172457456589, 0.008536829613149166, -0.00856485590338707, 0.018303561955690384, -0.04965908080339432, -0.004798369016498327, -0.005246415734291077, -1.6020243167877197, 0.06454886496067047, 0.014407731592655182, -0.20969469845294952, -0.082286037504673, -2.815842866897583, 0.030596546828746796, -0.10520075261592865, 0.04182912036776543, -7.111317245289683e-05, -0.0034891266841441393, -0.015601514838635921, 0.02358352765440941, 0.028022289276123047, 0.008889921940863132, 0.009521347470581532, -0.11922243982553482, -0.05193210393190384, -0.01924559473991394, -0.027837391942739487, 0.08812513947486877, -0.0024528405629098415, 0.0005358093185350299, 0.00046580887283198535, 0.12515215575695038, 0.02907434105873108, -0.003949342295527458, -0.07630651444196701, -0.014595428481698036, -0.0031733624637126923, -0.43262389302253723, 0.4382581114768982, -0.31593894958496094, 0.7001057267189026, 0.5932955741882324, -0.2409040480852127, -0.12834908068180084, -0.00011512590572237968, -0.34782058000564575, 0.7349428534507751, 0.8276419639587402, -0.8062953948974609, 0.0, -0.38999998569488525, 0.47999998927116394, 0.012645297683775425, 0.2464054822921753, 0.9690790772438049, 0.0032153106294572353, -0.5302360653877258, -0.2520610988140106, 0.3220647871494293, 0.7426905035972595, -0.017871391028165817, -0.4314125180244446, 0.4689505100250244, -0.06030251085758209, -0.14943623542785645, 0.9749070405960083, -0.15358565747737885, -0.0617557093501091, 0.024562334641814232, -0.23907214403152466, 1.018086552619934, -0.23171928524971008, -0.2801204323768616, -0.022386061027646065, -0.43547868728637695, 0.4208332300186157, 0.04428645223379135, -0.19382303953170776, 0.9746048450469971, 0.10303656756877899, -0.13898134231567383, -0.05045859143137932, -0.4202289283275604, 9.5267972946167, -1.3686232566833496, -1.6158291101455688, 0.01835446059703827, -0.4384406507015228, 0.4240913391113281, 0.015221556648612022, -0.7433979511260986, 0.6678225994110107, -0.033774785697460175, 0.023536449298262596, 0.14514465630054474, -0.46576565504074097, 4.122560501098633, -0.46486982703208923, 0.7385002374649048, 0.04217025265097618, -0.4241287112236023, 0.4081321060657501, 0.02128998190164566, -0.829469621181488, 0.5568785071372986, -0.03759198263287544, -0.08186490088701248, 0.12700524926185608, -0.24694350361824036, 1.8239083290100098, 0.11834994703531265, -0.4492652416229248, -0.06329160183668137, -0.35234934091567993, 0.5360003709793091, 0.5167161822319031, -0.47610950469970703, 0.7046127915382385, 0.09922084212303162, -0.3926733136177063, 0.31104448437690735, 0.031556446105241776, -3.410968780517578, -3.8260409832000732, -2.5377001762390137, -0.7698543071746826, 0.11239976435899734, 0.1915830671787262, -0.0018031299114227295, 0.0008301626075990498, 0.009691164828836918, -0.19482460618019104, -0.23295870423316956, 0.16924770176410675, 0.005395541898906231, -0.0026151377242058516, -0.003771767485886812, -0.009958477690815926, 0.710338830947876, -0.09236758947372437, -0.008590512908995152, 0.00399874709546566, -0.003935520071536303, 0.4614851474761963, -0.0011733216233551502, -0.0745248943567276, 0.00044820914627052844, 0.009448365308344364, -0.0030529347714036703, -0.3633013069629669, -0.03374428302049637, 1.1161507368087769, 0.0016722092404961586, -0.008782610297203064, 0.0026656044647097588, 0.38122639060020447, -1.0, -1.0, -0.6708300113677979, -0.32286250591278076, 1.0, -1.0, -0.6689874529838562, -0.34621715545654297, -1.0, -1.0, -1.0, 0.10174589604139328, -1.0, -1.0, -1.0, 1.0, 0.6878910064697266, -0.08119542896747589, -1.0]
[0.5080260634422302, -0.7995026707649231, -0.9027585983276367, 0.011537501588463783, -0.33731159567832947, -0.3268722593784332, 0.6860964298248291, -1.000022530555725, -0.029513519257307053, 0.16085734963417053, -0.09965968877077103, -0.6439138054847717, -0.9958726167678833, -0.8487629294395447, -0.9951534867286682, -0.12201518565416336, -0.9782322645187378, -0.9984566569328308, -0.8173292279243469, -0.35483667254447937, 0.9618645310401917, 0.7596756219863892, 0.13715501129627228, -0.9598863124847412, 0.049628131091594696, -0.2520478665828705, -0.03182758390903473, -0.12083007395267487, 0.377448707818985, 0.10402721166610718, -0.02924523688852787, 0.0002997525443788618, 0.01912633888423443, -0.13559916615486145, 0.5345205664634705, -0.5862290263175964, -0.00440983334556222, 0.00038885680260136724, -0.014328463934361935, 0.4768866002559662, -0.04500482976436615, -0.005274628754705191, -0.006737438030540943, -0.2980682849884033, 0.04956122860312462, 0.08430278301239014, -0.4109334945678711, -0.06055357679724693, -0.5533081293106079, 0.33581969141960144, -0.027271833270788193, 0.033969003707170486, 0.02562505379319191, 0.011564532294869423, -0.02883702702820301, 0.02302977256476879, 0.09102082252502441, 0.04937220737338066, 0.19545552134513855, 0.02365054190158844, 0.007782722823321819, 0.002267119474709034, 0.029894713312387466, 0.11252883821725845, 0.02518303506076336, 0.00964509230107069, 0.003288319567218423, 0.4771277904510498, 0.0008534875814802945, 0.006966020446270704, -0.21915552020072937, -0.04652726650238037, -0.005324066150933504, -0.43317797780036926, 0.43219852447509766, -0.28978249430656433, 0.6722962260246277, 0.641415536403656, -0.22941221296787262, -0.1007319912314415, -0.12405631691217422, -0.30256131291389465, 2.491013288497925, -0.874057412147522, -0.43163347244262695, 0.0, -0.38999998569488525, 0.47999998927116394, 0.012645297683775425, 0.2464054822921753, 0.9690790772438049, 0.0032153106294572353, -0.4914907217025757, -0.23024295270442963, 0.30428630113601685, 0.7828378677368164, -0.018700342625379562, -0.4307364821434021, 0.46544504165649414, -0.06372105330228806, -0.15097010135650635, 0.9750053286552429, -0.15004034340381622, -0.05189018324017525, 0.059611834585666656, -0.17767785489559174, -0.4459160566329956, -0.5613887310028076, -0.4174997806549072, -0.023342851549386978, -0.4339662194252014, 0.41674384474754333, 0.04168638214468956, -0.23360322415828705, 0.9656980633735657, 0.10544631630182266, -0.039797790348529816, 0.07521268725395203, -0.19451197981834412, 1.8261712789535522, -0.17034666240215302, -0.2064218670129776, 0.015993479639291763, -0.43617722392082214, 0.4174754023551941, 0.010702753439545631, -0.7667475938796997, 0.6415038108825684, -0.02136123552918434, -0.26316678524017334, 0.14738324284553528, -0.448884516954422, 4.184696197509766, 1.6139847040176392, -2.425046443939209, 0.039431389421224594, -0.4223772883415222, 0.4047403633594513, 0.01404840312898159, -0.8376395106315613, 0.5455234050750732, -0.02380898781120777, -0.24797169864177704, 0.10777474194765091, -0.2138601690530777, 1.5693186521530151, 1.378597617149353, -2.2097015380859375, -0.06577590107917786, -0.3502856492996216, 0.5351167321205139, 0.5089552402496338, -0.4764261245727539, 0.7097314596176147, 0.10131155699491501, -0.0188932865858078, 0.0056035444140434265, -0.07945960760116577, 1.2469439506530762, 0.8735952377319336, 0.5442331433296204, -0.19579622149467468, -0.25097623467445374, 0.23632481694221497, 0.007799888961017132, 0.00016178566147573292, 0.002728299703449011, -0.16300815343856812, -0.9167163968086243, 0.6054143905639648, 0.035621460527181625, -3.060216477024369e-05, 0.0013216397492215037, 1.076770305633545, -0.12011097371578217, 0.029850006103515625, 0.0004654547665268183, 0.013005160726606846, -0.006337696686387062, 0.6006076335906982, -0.1457996964454651, 0.005141620524227619, 0.001101324101909995, 0.00780029920861125, -0.0015662768855690956, -1.0095322132110596, -0.025759434327483177, 3.199031114578247, -0.004944796673953533, -0.03037475235760212, -0.0021232273429632187, 0.5167765617370605, -0.9371282458305359, -1.0, -0.7399094104766846, -0.07084187120199203, 1.0, -0.8421521782875061, 0.2116263210773468, 0.9950868487358093, -1.0, -1.0, -1.0, 0.7396299839019775, -1.0, -1.0, -0.26234349608421326, 1.0, 1.0, -0.3344263732433319, -1.0]
[0.5295257568359375, -0.832410454750061, -0.8954470753669739, 0.01643623784184456, -0.2945210039615631, -0.3141031265258789, 0.6755605340003967, -1.000022292137146, 0.03242325782775879, 0.16530299186706543, 0.04869268089532852, -0.6562974452972412, -0.998209536075592, -0.8497352004051208, -0.9982172250747681, -0.00964638777077198, -0.9826065301895142, -0.9989742636680603, -0.8180140852928162, -0.31478026509284973, 0.9685115814208984, 0.7956961989402771, 0.07059291750192642, -0.9655429720878601, 0.10714491456747055, -0.2374921292066574, -0.0734143853187561, 0.22568607330322266, 0.4043269157409668, 0.12896937131881714, 0.15355484187602997, 2.0359073459985666e-05, 0.7178389430046082, 0.15621669590473175, 0.6514851450920105, 0.14938542246818542, -0.022674812003970146, -0.011787704192101955, -0.008721507154405117, 0.45350953936576843, -0.034773360937833786, -0.003418753622099757, -0.005518313031643629, 0.9342619180679321, 0.048314206302165985, 0.09129881113767624, -0.4224713444709778, -0.05061044916510582, 1.520444393157959, -0.21143637597560883, -0.03452339395880699, 0.18267303705215454, 0.07639384269714355, 0.026996158063411713, 0.2520049810409546, -0.019657354801893234, 0.004982407204806805, 0.01167372241616249, 0.07794500887393951, 0.19964292645454407, 0.08754602819681168, 0.03240739554166794, 0.00646927347406745, 0.03919580578804016, 0.003983204253017902, 0.0019074197625741363, 0.000731639564037323, 0.3692225217819214, -0.02408556453883648, -0.0104823661968112, -0.15809504687786102, -0.03407523036003113, -0.007360730320215225, -0.43328505754470825, 0.42783159017562866, -0.3020000159740448, 0.6386606097221375, 0.683537483215332, -0.18353469669818878, -0.09505071491003036, 0.13231346011161804, -0.04288817197084427, 0.1122950091958046, -0.873353123664856, 0.07506948709487915, 0.0, -0.38999998569488525, 0.47999998927116394, 0.012645297683775425, 0.2464054822921753, 0.9690790772438049, 0.0032153106294572353, -0.449135422706604, -0.25402796268463135, 0.26254796981811523, 0.8153623342514038, -0.02029999904334545, -0.429506778717041, 0.46352627873420715, -0.06847632676362991, -0.13713830709457397, 0.977726399898529, -0.14337007701396942, -0.13601167500019073, 0.1408686637878418, -0.049508608877658844, -2.4138591289520264, -1.1836018562316895, -0.8779867887496948, -0.024132028222084045, -0.43218034505844116, 0.41510388255119324, 0.04416878893971443, -0.21801306307315826, 0.9692215323448181, 0.10549355298280716, -0.11595191806554794, 0.16904203593730927, -0.055789921432733536, -3.08022403717041, 1.221055030822754, -0.6144710183143616, 0.011276723816990852, -0.43465980887413025, 0.41392359137535095, 0.0006536942673847079, -0.777021586894989, 0.629448413848877, 0.005633064080029726, -0.37027546763420105, 0.07254321873188019, -0.1313505321741104, 0.5971476435661316, 1.8159700632095337, -3.2408323287963867, 0.03554864600300789, -0.42083048820495605, 0.40183278918266296, 0.0037673895712941885, -0.844558835029602, 0.5354360938072205, -0.00379023770801723, -0.28900280594825745, 0.10133079439401627, -0.18876123428344727, 1.420743703842163, 1.3190345764160156, -2.38883376121521, -0.06350064277648926, -0.35338538885116577, 0.5340348482131958, 0.5388641357421875, -0.48817920684814453, 0.6811742186546326, 0.08548769354820251, 0.2517309784889221, -0.2533545196056366, -0.1946570873260498, 5.507444381713867, 4.500888824462891, 2.740339756011963, -0.01955745555460453, -0.8999683856964111, 0.6449657678604126, 0.013496633619070053, 0.003432690165936947, 0.007572938222438097, 1.3496047258377075, -0.1583855152130127, -0.05167648196220398, 0.009297940880060196, -0.0013574706390500069, -0.01829404942691326, 0.4476868510246277, -1.1879912614822388, 0.12004141509532928, 0.014587527140974998, 0.0029025247786194086, -0.00011538802209543064, 0.2124374359846115, -0.02140931785106659, 0.048724789172410965, 0.00041049986612051725, 0.0003992893034592271, 0.0013223361456766725, -0.7080434560775757, 0.2885032892227173, 2.2642340660095215, -0.006594122387468815, -0.022746536880731583, 1.3426231816993095e-05, 0.7345209717750549, -0.9147671461105347, -1.0, -0.29211628437042236, -0.042806245386600494, 1.0, -1.0, 0.7767525315284729, 1.0, -0.4067150950431824, -1.0, -1.0, 0.6051483750343323, -1.0, -1.0, 0.3098655343055725, 1.0, 1.0, -0.35139742493629456, -1.0]
[0.5497238039970398, -0.8649440407752991, -0.8898251056671143, 0.011612851172685623, -0.29680344462394714, -0.3066538870334625, 0.662199079990387, -1.0000184774398804, 0.127841979265213, 0.18584978580474854, 0.1866462677717209, -0.6212841868400574, -1.0000001192092896, -0.8508706092834473, -0.9993448257446289, 0.11699669808149338, -0.9858670830726624, -0.999275803565979, -0.8184711337089539, -0.20560316741466522, 0.9745920300483704, 0.8300374150276184, 0.06189114972949028, -0.9707253575325012, 0.05137283727526665, -0.2215934842824936, 0.04473869130015373, -0.09867306798696518, -0.25400295853614807, -0.010755947791039944, -0.16008584201335907, 0.00012975549907423556, 0.9663981795310974, 0.21602676808834076, 0.5190213918685913, 0.41878819465637207, 5.720212357118726e-07, -0.008008448407053947, -0.0048057264648377895, 0.5565707683563232, -0.028478670865297318, -0.0027103142347186804, -0.003472245531156659, 1.5700924396514893, 0.03837938234210014, 0.07966914027929306, 0.13133417069911957, -0.04766213521361351, -1.2166287899017334, 0.10214109718799591, -0.03929877653717995, -0.00025725533487275243, -0.04761320352554321, -0.02694258838891983, -0.04937421903014183, 0.009834576398134232, 0.013075631111860275, 0.006549130659550428, -0.10303133726119995, 0.07134420424699783, 0.035474732518196106, 0.013665524311363697, -0.003642986062914133, -0.030853714793920517, 0.004678826313465834, 0.002460855757817626, 0.0011196028208360076, 0.20960533618927002, 0.020852496847510338, 0.001991857076063752, -0.04491522163152695, -0.0017443918623030186, -0.007399712223559618, -0.4305225908756256, 0.4277300536632538, -0.34753262996673584, 0.6456496119499207, 0.659196138381958, -0.16678734123706818, 0.10648456960916519, 0.1288871467113495, 0.02281382866203785, -0.19652055203914642, -1.5298470258712769, 0.7909165024757385, 0.0, -0.38999998569488525, 0.47999998927116394, 0.012645297683775425, 0.2464054822921753, 0.9690790772438049, 0.0032153106294572353, -0.4622642993927002, -0.30194908380508423, 0.25754794478416443, 0.7929738163948059, -0.02139233984053135, -0.42896875739097595, 0.46056362986564636, -0.06982774287462234, -0.14624978601932526, 0.976981520652771, -0.1387161910533905, -0.026454921811819077, -0.035567525774240494, -0.21958820521831512, 2.8363094329833984, 0.594252347946167, -0.11935989558696747, -0.024649418890476227, -0.43020716309547424, 0.41413992643356323, 0.04844530299305916, -0.18329262733459473, 0.9763503670692444, 0.10390704870223999, 0.03941293805837631, 0.17676176130771637, -0.021115925163030624, -4.649698734283447, 0.630703330039978, 1.1767010688781738, 0.006929813884198666, -0.4337488114833832, 0.4130053222179413, -0.008034494705498219, -0.7747824788093567, 0.6314219236373901, 0.03088378719985485, -0.2550451457500458, 0.046460747718811035, 0.001984397415071726, -0.9437776803970337, 1.6043379306793213, -2.2994155883789062, 0.031405314803123474, -0.4191581904888153, 0.39916977286338806, -0.007350006140768528, -0.850426435470581, 0.5257226824760437, 0.01834401860833168, -0.2812612056732178, 0.11608629673719406, -0.16512072086334229, 1.2933579683303833, 1.6219052076339722, -2.5189805030822754, -0.0585193932056427, -0.35916951298713684, 0.531868040561676, 0.5800473690032959, -0.5044935345649719, 0.6365150809288025, 0.06228721886873245, 0.35692065954208374, -0.3229924738407135, -0.28490447998046875, 5.973433971405029, 4.731794834136963, 2.8492431640625, -0.30565720796585083, 0.6106535196304321, -0.12640666961669922, -0.01778278313577175, 0.0002732684661168605, 0.0033292651642113924, -0.2988739609718323, -0.13551583886146545, 0.09655618667602539, 0.0045163934119045734, -0.0004315529949963093, 0.0019023461500182748, -0.583120584487915, -0.48172977566719055, 0.025575749576091766, 0.006439577788114548, -0.004852437414228916, 0.0011394942412152886, -0.16800746321678162, -0.03585982322692871, -0.04050762206315994, 0.0005817055935040116, -0.00022798469581175596, -0.0006380807608366013, -0.06805285811424255, 0.002360199810937047, 0.8258707523345947, -0.000792086124420166, -0.0006555469590239227, 0.0005728098331019282, 0.38835108280181885, -1.0, -1.0, -0.5870645046234131, -0.571864128112793, 1.0, -1.0, 1.0, 0.8042401075363159, -0.30881035327911377, -1.0, -1.0, 0.902140200138092, -1.0, -1.0, 0.5995485186576843, 1.0, 1.0, 0.3088197112083435, -1.0]
[0.5426768064498901, -0.8954242467880249, -0.8851730227470398, 0.03366512805223465, -0.3653010427951813, -0.3195289373397827, 0.6361444592475891, -1.0000070333480835, 0.23299384117126465, 0.21354155242443085, 0.20829617977142334, -0.5574785470962524, -1.0000003576278687, -0.8514059782028198, -0.9994006156921387, 0.1919088512659073, -0.9884862303733826, -0.999502956867218, -0.8187575340270996, -0.1413162797689438, 0.9786831736564636, 0.8583655953407288, 0.08193215727806091, -0.976004421710968, -0.0796763226389885, -0.1946006566286087, 0.004154409281909466, 0.2547949254512787, -0.8262606859207153, -0.211541086435318, -0.10193866491317749, 4.580608583637513e-05, 0.9797292947769165, 0.2726336121559143, -0.15218614041805267, 0.6810165047645569, -1.3975515685160644e-05, -0.0030377861112356186, -0.004008004907518625, 0.16677875816822052, -0.025251779705286026, -0.002861541463062167, -0.0026216113474220037, 0.3636779487133026, 0.02153669111430645, 0.06328698247671127, 0.12832020223140717, -0.0483456514775753, -2.692811965942383, 0.5894655585289001, -0.07901515066623688, 0.03759440779685974, -0.023984212428331375, -0.01849496364593506, -0.05289511755108833, 0.04516006261110306, 0.006500245071947575, -0.0004966278211213648, -0.3050083518028259, 0.09819173812866211, 0.039555005729198456, 0.01419385988265276, 0.017992215231060982, -0.23822146654129028, 0.02460528165102005, 0.009762760251760483, 0.0035662525333464146, -0.3681028187274933, 0.06382586061954498, 0.02155367098748684, 0.15740087628364563, 0.036952562630176544, -0.0055094934068620205, -0.4273729622364044, 0.42816776037216187, -0.4069897532463074, 0.6431976556777954, 0.6293648481369019, -0.15670323371887207, 0.1434938609600067, 0.19468247890472412, 0.017706651240587234, 0.09897356480360031, -1.0305413007736206, 0.959058940410614, 0.0, -0.38999998569488525, 0.47999998927116394, 0.012645297683775425, 0.2464054822921753, 0.9690790772438049, 0.0032153106294572353, -0.46755746006965637, -0.361683189868927, 0.2622993290424347, 0.7627413868904114, -0.02096797712147236, -0.42891547083854675, 0.45812031626701355, -0.06727976351976395, -0.1778656393289566, 0.971711277961731, -0.1400514841079712, 0.09568760544061661, -0.07863916456699371, -0.1572997123003006, 4.702221870422363, 0.9793800711631775, 1.0847090482711792, -0.02336784265935421, -0.4284026622772217, 0.4134969413280487, 0.05274315923452377, -0.14103654026985168, 0.9839572906494141, 0.09568093717098236, 0.13801410794258118, 0.17372937500476837, -0.0027004797011613846, -5.141085147857666, 0.7776573896408081, 1.616849660873413, 0.006898688618093729, -0.43337422609329224, 0.4137735068798065, -0.007006664294749498, -0.7646158337593079, 0.6435449123382568, 0.034107837826013565, 0.1455581933259964, -0.0025650111492723227, 0.12173530459403992, -2.4065678119659424, -0.2360488921403885, 1.1736094951629639, 0.029932504519820213, -0.41726359724998474, 0.3967839479446411, -0.011229975149035454, -0.855502188205719, 0.516811728477478, 0.029922476038336754, -0.0009819865226745605, 0.12103491276502609, -0.14412403106689453, 1.136208415031433, 0.5080190896987915, -0.2654232084751129, -0.05514475703239441, -0.36268311738967896, 0.529777467250824, 0.6017625331878662, -0.512158215045929, 0.6110024452209473, 0.047452665865421295, 0.1321890503168106, -0.09669753164052963, -0.12516283988952637, 1.6856952905654907, 1.1179472208023071, 1.0788064002990723, -0.6569662690162659, 0.4609765410423279, 0.1732652485370636, -0.011580315418541431, -0.00035856454633176327, 0.006128430366516113, -0.38055068254470825, 0.01593160629272461, 0.2128869593143463, -0.0002576537663117051, -0.0017167936312034726, -0.00021442337310872972, -1.7098414897918701, -0.5723840594291687, 0.03363307565450668, 0.005608099512755871, -0.015520960092544556, 0.005264068488031626, -1.2795379161834717, -0.15547367930412292, -0.089425228536129, 0.0012341474648565054, -0.011245748028159142, -0.0002464599965605885, 0.7933383584022522, -0.44982993602752686, -2.2352077960968018, 0.0075273034162819386, 0.02425915002822876, -0.00034018431324511766, 0.14665019512176514, -1.0, -1.0, -0.00011096522212028503, -0.9541703462600708, 1.0, -1.0, 1.0, -0.35981446504592896, -0.08805060386657715, -1.0, -1.0, 0.18937808275222778, -1.0, -1.0, -0.17630480229854584, 1.0, 1.0, 0.23345093429088593, -1.0]
[0.5124005675315857, -0.9195747971534729, -0.8896529078483582, 0.037189505994319916, -0.4590592086315155, -0.3472519516944885, 0.6192505955696106, -1.000000238418579, 0.27411511540412903, 0.253851979970932, 0.09786420315504074, -0.5116632580757141, -1.000000238418579, -0.8513619303703308, -1.0000042915344238, 0.11968420445919037, -0.9910880327224731, -0.999835729598999, -0.8190794587135315, -0.19376398622989655, 0.9810240864753723, 0.8810077905654907, 0.0935458242893219, -0.9811863303184509, -0.13617993891239166, -0.15072093904018402, -0.008388890884816647, -0.014324396848678589, -0.8922050595283508, -0.2893652319908142, -0.10863977670669556, -7.013724825810641e-05, 0.06318309158086777, 0.3615837097167969, -0.6238617300987244, 0.31071707606315613, -2.0354133084765635e-05, 0.0005079831462353468, -4.969806832377799e-05, -0.5553509593009949, -0.023747021332383156, -0.003300166456028819, -0.0034898847807198763, -1.207436203956604, 0.01579120382666588, 0.05210081487894058, 0.058513302356004715, -0.044386327266693115, -1.058774709701538, 0.5085397958755493, -0.02245301567018032, 0.015862712636590004, 0.0017511423211544752, -0.00201748707331717, -0.05318012088537216, 0.029307082295417786, -0.05627984181046486, -0.029664374887943268, -0.16905131936073303, -0.03012455254793167, -0.014612683095037937, -0.005769724491983652, 0.04410518333315849, -0.261336088180542, 0.03549504652619362, 0.013162396848201752, 0.0044280653819441795, -0.5001207590103149, 0.0455005019903183, 0.01595798134803772, 0.20879225432872772, 0.04486706852912903, -0.0027957770507782698, -0.4252721071243286, 0.4275982975959778, -0.44793033599853516, 0.6337488293647766, 0.610048234462738, -0.1598806530237198, 0.18757939338684082, 0.06613223254680634, -0.05442492663860321, -0.0291293915361166, -0.25038015842437744, 0.7748793363571167, 0.0, -0.38999998569488525, 0.47999998927116394, 0.012645297683775425, 0.2464054822921753, 0.9690790772438049, 0.0032153106294572353, -0.4632520079612732, -0.400361031293869, 0.27528491616249084, 0.7411658763885498, -0.018768545240163803, -0.4295696020126343, 0.4548768699169159, -0.060937270522117615, -0.22983673214912415, 0.9600009918212891, -0.14785055816173553, 0.18614479899406433, -0.13200867176055908, -0.24215133488178253, 6.429155349731445, 1.5092597007751465, 1.819462776184082, -0.02125789225101471, -0.4273081421852112, 0.41223007440567017, 0.055541716516017914, -0.11635050922632217, 0.9878899455070496, 0.08631891757249832, 0.15310324728488922, 0.06314186751842499, -0.09618224948644638, -1.3238680362701416, 0.00349985808134079, 1.388854742050171, 0.011146679520606995, -0.4329746961593628, 0.4140612781047821, 0.0014990114141255617, -0.757975161075592, 0.6521646976470947, 0.012348872609436512, 0.37578511238098145, 0.028576040640473366, 0.0027523324824869633, -0.7807806730270386, -1.855055809020996, 3.1982600688934326, 0.03320998698472977, -0.4155747592449188, 0.39477577805519104, -0.002112566726282239, -0.8601737022399902, 0.5097472071647644, 0.01594865694642067, 0.3518635034561157, 0.09791983664035797, -0.12140316516160965, 0.9245564341545105, -1.6688910722732544, 2.8911287784576416, -0.056674353778362274, -0.3610888719558716, 0.5299038290977478, 0.5889129042625427, -0.5075523257255554, 0.626687228679657, 0.053247131407260895, -0.21682767570018768, 0.17960958182811737, 0.1392335444688797, -3.7625160217285156, -3.251878499984741, -1.8448164463043213, -0.2276320606470108, 0.07769942283630371, 0.13620403409004211, -0.000851995951961726, -0.0007547950372099876, 0.001222830032929778, -0.3085334599018097, 0.5987228751182556, -0.20895428955554962, -0.020683536306023598, 0.0006211197469383478, 0.0028368989005684853, -0.936591625213623, 0.1762959361076355, -0.0011278897291049361, -0.0031252852641046047, -0.009084688499569893, 0.0040290262550115585, -1.398498773574829, -0.2033911496400833, -0.015182649716734886, 0.001377198495902121, -0.014848890714347363, 0.0019571157172322273, 0.9505966305732727, -0.32538098096847534, -3.0728700160980225, 0.006623458582907915, 0.029657524079084396, -0.0003423801390454173, 0.18971964716911316, -1.0, -1.0, -0.36371901631355286, -1.0, 1.0, -1.0, 0.31946495175361633, -1.0, -0.3275567293167114, -1.0, -1.0, -1.0, -1.0, -1.0, -1.0, 1.0, 1.0, 0.17994332313537598, -1.0]
[0.4707294702529907, -0.9361941814422607, -0.9010929465293884, 0.027769694104790688, -0.5320451855659485, -0.37539365887641907, 0.616955041885376, -0.9999997615814209, 0.21669752895832062, 0.2643011808395386, -0.06111995130777359, -0.5278787016868591, -0.9986212253570557, -0.8506512641906738, -1.0000065565109253, -0.025400502607226372, -0.9935257434844971, -1.0000004768371582, -0.8194423913955688, -0.30484506487846375, 0.9833575487136841, 0.9001810550689697, 0.09213049709796906, -0.9849823713302612, -0.16880513727664948, -0.09718699008226395, -0.07093541324138641, -0.15166351199150085, -0.5581115484237671, -0.2275606244802475, 0.07645630836486816, -8.98707439773716e-05, -0.7941221594810486, -0.13073058426380157, -0.6727353930473328, -0.398779034614563, 0.013925665989518166, 0.008368613198399544, 6.643818778684363e-05, -0.6200584173202515, -0.02078920416533947, 1.3359195691009518e-05, -0.002167659578844905, -1.4587135314941406, 0.017385093495249748, 0.04464830458164215, -0.03938880190253258, -0.02977210097014904, -0.5501856803894043, 0.5459445714950562, -0.02099180780351162, -0.04246646910905838, 0.006233938038349152, 0.006848596502095461, 0.04611251503229141, 0.029344860464334488, -0.03716890141367912, -0.03452010080218315, -0.018305422738194466, -0.17046627402305603, -0.07460646331310272, -0.02762230858206749, 0.041868045926094055, -0.026306558400392532, 0.03220737352967262, 0.011655697599053383, 0.004033975303173065, -0.0414310060441494, 0.03482316806912422, 0.010076728649437428, 0.009659157134592533, 0.0033485651947557926, 0.00027222512289881706, -0.4238465428352356, 0.42577633261680603, -0.4630768597126007, 0.6175795793533325, 0.6092308759689331, -0.18163958191871643, 0.19035926461219788, 0.07957649230957031, -0.1336948573589325, 0.13070695102214813, 0.3916895389556885, 0.6710896492004395, 0.0, -0.38999998569488525, 0.47999998927116394, 0.012645297683775425, 0.2464054822921753, 0.9690790772438049, 0.0032153106294572353, -0.4475576877593994, -0.4097192883491516, 0.29989612102508545, 0.7361280918121338, -0.01579044573009014, -0.430215060710907, 0.4518757164478302, -0.05405913665890694, -0.27625319361686707, 0.9464485049247742, -0.15810427069664001, 0.22381950914859772, -0.09701400250196457, -0.21332509815692902, 4.916187763214111, 1.0587174892425537, 2.0134992599487305, -0.019176412373781204, -0.4271460175514221, 0.40981873869895935, 0.05514978617429733, -0.1390548050403595, 0.9854841828346252, 0.08026859164237976, 0.09868289530277252, -0.07533756643533707, -0.17607387900352478, 5.018331527709961, -0.4237062931060791, -0.05767102539539337, 0.01704581081867218, -0.43173933029174805, 0.41180911660194397, 0.012347904033958912, -0.764731764793396, 0.6439515948295593, -0.018947824835777283, 0.42245200276374817, 0.10723618417978287, -0.23336195945739746, 2.421670436859131, -2.0019471645355225, 3.504929780960083, 0.03881462663412094, -0.41404956579208374, 0.3933928310871124, 0.013073752634227276, -0.8633139729499817, 0.5043823719024658, -0.010784279555082321, 0.4059494137763977, 0.09742899239063263, -0.0729619637131691, 0.6498939394950867, -1.8837472200393677, 3.2932422161102295, -0.06055813655257225, -0.35674697160720825, 0.5308597683906555, 0.5585442185401917, -0.4957960546016693, 0.6613452434539795, 0.06954841315746307, -0.254830926656723, 0.24926245212554932, 0.14145497977733612, -4.552186012268066, -3.8039848804473877, -2.0698251724243164, -0.17700570821762085, -0.02377679944038391, 0.015829479321837425, 0.006491944659501314, -0.00043452996760606766, 0.0018439280102029443, 0.20193366706371307, 0.5951884984970093, -0.10363592952489853, -0.025592274963855743, -0.002271162113174796, -0.004791754297912121, -0.1229192316532135, 0.9928328394889832, -0.0659264326095581, -0.01272981520742178, -0.000627172295935452, -9.583424252923578e-05, -0.13970430195331573, -0.18026244640350342, 0.0046814363449811935, 0.001330038532614708, -0.0008938155369833112, -0.0002508481848053634, 0.1030680388212204, -0.1465320885181427, -0.15718401968479156, 0.001299750292673707, 0.0016994760371744633, -0.00044354936107993126, 0.1739397943019867, -1.0, -1.0, -0.4158313274383545, -0.801314115524292, 1.0, -1.0, -0.38295042514801025, -1.0, -0.9152200818061829, -1.0, -1.0, -0.8993642330169678, -1.0, -1.0, -1.0, 1.0, 1.0, 0.036934614181518555, -1.0]
[0.4179534614086151, -0.9363312125205994, -0.9213552474975586, -0.00200880179181695, -0.5625446438789368, -0.3925338089466095, 0.6366438269615173, -1.0000218152999878, 0.1471799910068512, 0.243480384349823, -0.17868639528751373, -0.5875526070594788, -0.9980738162994385, -0.8501387238502502, -0.9999967813491821, -0.0810059979557991, -0.9966162443161011, -0.9999993443489075, -0.8196793794631958, -0.40342995524406433, 0.9852434396743774, 0.9089294075965881, 0.06511173397302628, -0.987401008605957, -0.21793954074382782, 0.048450320959091187, -0.11255577951669693, -0.03399649262428284, -0.14700250327587128, -0.10522361099720001, 0.10961248725652695, -4.683082806877792e-06, -0.5867804884910583, -0.20940111577510834, -0.3806152939796448, -0.6289786696434021, -0.00016182624676730484, 0.0019267473835498095, -3.963363269576803e-05, -0.01308134850114584, -0.026103395968675613, -8.495015208609402e-06, -0.0016054209554567933, -1.0791805982589722, 0.01286360900849104, 0.010197262279689312, -0.2347393035888672, -0.019525259733200073, -0.8940008282661438, 1.209179401397705, -0.029670337215065956, 0.31055933237075806, 0.1507672667503357, 0.05828017368912697, -0.004599609412252903, 0.06855064630508423, 0.02650677226483822, 0.005791711620986462, 0.05955234169960022, 0.02624327689409256, 0.005378992296755314, 0.0006489772349596024, 0.10128101706504822, 0.16066160798072815, 0.07563872635364532, 0.027602668851614, 0.009243471547961235, 0.1671278178691864, 0.05020010843873024, 0.015343459323048592, -0.08501322567462921, -0.01561934594064951, 0.0039795381017029285, -0.42311912775039673, 0.4234743118286133, -0.4563468098640442, 0.5986688733100891, 0.6196385622024536, -0.2222413271665573, 0.2390037178993225, 0.04455215856432915, -0.04484901949763298, 0.13267631828784943, 0.6413528323173523, 0.7764581441879272, 0.0, -0.38999998569488525, 0.47999998927116394, 0.012645297683775425, 0.2464054822921753, 0.9690790772438049, 0.0032153106294572353, -0.42613211274147034, -0.3933853507041931, 0.33737844228744507, 0.7415088415145874, -0.012020892463624477, -0.4309675693511963, 0.4498905539512634, -0.04789164662361145, -0.30518820881843567, 0.9356397390365601, -0.1707184910774231, 0.2396901398897171, -0.034715697169303894, -0.0003505479544401169, 1.104207992553711, 0.08842626959085464, 1.817617654800415, -0.01696082204580307, -0.42773157358169556, 0.40856119990348816, 0.05529959872364998, -0.17343364655971527, 0.9802668690681458, 0.07706858217716217, 0.14119689166545868, -0.10147906094789505, -0.052071712911129, 3.6537628173828125, -0.19719883799552917, 0.1182548850774765, 0.022653715685009956, -0.4302138090133667, 0.40875566005706787, 0.023989390581846237, -0.7788077592849731, 0.625271737575531, -0.04379655420780182, 0.36057472229003906, 0.10366281121969223, -0.20954245328903198, 2.9319403171539307, -0.8893718123435974, 2.713216781616211, 0.042783692479133606, -0.4131939709186554, 0.39326369762420654, 0.023880913853645325, -0.8636979460716248, 0.5028740167617798, -0.023939069360494614, 0.19146063923835754, 0.031016960740089417, 0.024957679212093353, -0.09680644422769547, -0.03804362565279007, 1.1446533203125, -0.06323613971471786, -0.35301414132118225, 0.5315971374511719, 0.5348273515701294, -0.48157793283462524, 0.6895787715911865, 0.08076760172843933, -0.11449962109327316, 0.17801843583583832, 0.09847266972064972, -3.1994223594665527, -2.438767194747925, -0.5128337740898132, -0.27405086159706116, -1.7041332721710205, 1.3013828992843628, 0.032718174159526825, -0.0013070983113721013, 0.0017914182972162962, -0.056984469294548035, -0.0466943085193634, 0.4604077935218811, 0.005091297440230846, -0.0005549074849113822, -0.0011651962995529175, 0.29870691895484924, -0.12406638264656067, 0.09031056612730026, -0.0012120184255763888, 0.004649356473237276, -0.003234393894672394, 0.8602240085601807, -0.4274086654186249, 0.028553104028105736, 0.0028323414735496044, 0.011286531575024128, -0.0024201381020247936, -0.23251937329769135, -0.24130302667617798, 1.2726120948791504, 0.00022683280985802412, -0.011899038217961788, -0.0009859715355560184, 0.025128014385700226, -0.7698994278907776, -1.0, -0.9655591249465942, -0.5628641247749329, 1.0, -0.9251759648323059, -0.07773324102163315, -0.5619863271713257, -1.0, -1.0, -1.0, 0.19151657819747925, -1.0, -1.0, -0.8200216293334961, 1.0, 0.9174000024795532, -0.21338842809200287, -1.0]
[0.36742714047431946, -0.9044576287269592, -0.9225883483886719, -0.0004612815391737968, -0.5637115836143494, -0.39809268712997437, 0.6395362019538879, -1.0000275373458862, 0.17909446358680725, 0.23623107373714447, -0.15715259313583374, -0.6560933589935303, -0.999338686466217, -0.8505746722221375, -0.999999463558197, 0.0010348408250138164, -0.9999985098838806, -0.9999994039535522, -0.8200693726539612, -0.40689805150032043, 0.9859734773635864, 0.9167193174362183, 0.010338732972741127, -0.9886407256126404, -0.1669379323720932, 0.34164664149284363, 0.0045607564970850945, 0.062385257333517075, 0.0629413053393364, -0.012665817514061928, -0.025234758853912354, 0.0002204978372901678, 0.7453503012657166, 0.09954547882080078, 0.3468822240829468, -0.6282024383544922, -0.01591647043824196, -0.007399827241897583, 0.0003126588126178831, 0.5312297344207764, -1.9400176825001836e-06, -6.944599704183929e-07, -0.004048756789416075, 0.5340070128440857, 0.00291102915070951, 0.024660157039761543, -0.40691661834716797, -0.010779204778373241, 1.2404690980911255, 3.1224095821380615, 0.028955863788723946, 0.21462199091911316, 0.08638961613178253, 0.03080792725086212, -0.007940582931041718, 0.16702252626419067, 0.11936688423156738, 0.051922447979450226, 0.2538467347621918, 0.22964534163475037, 0.08296713978052139, 0.026980236172676086, 0.31347906589508057, 0.21031557023525238, 0.24875596165657043, 0.09194067120552063, 0.03065977431833744, 0.44725358486175537, 0.07076679915189743, 0.033291175961494446, -0.20063042640686035, -0.03775433078408241, 0.0075186556205153465, -0.4229825735092163, 0.42489945888519287, -0.4716293513774872, 0.5707178711891174, 0.6226500868797302, -0.2532855272293091, 0.20505627989768982, -0.0011653418187052011, 0.2209974229335785, 0.07465485483407974, -0.0583624541759491, 1.077126383781433, 0.0, -0.38999998569488525, 0.47999998927116394, 0.012645297683775425, 0.2464054822921753, 0.9690790772438049, 0.0032153106294572353, -0.39795994758605957, -0.4006737470626831, 0.3708846867084503, 0.7372469305992126, -0.00919368863105774, -0.43185460567474365, 0.4526141583919525, -0.04400842264294624, -0.2985219359397888, 0.936427652835846, -0.17902790009975433, 0.14467628300189972, -0.03784516081213951, 0.28708767890930176, -2.2328577041625977, -0.24882687628269196, 0.7081664204597473, -0.014100349508225918, -0.4293205142021179, 0.4117682874202728, 0.05637814477086067, -0.1542203277349472, 0.9839668273925781, 0.06961806863546371, 0.1875174343585968, -0.04065323621034622, 0.35277730226516724, -5.856907844543457, 0.3478890657424927, 1.502316951751709, 0.024998098611831665, -0.43011197447776794, 0.40785035490989685, 0.030623501166701317, -0.7898927330970764, 0.6108655333518982, -0.04444018751382828, 0.025168821215629578, -0.04479115456342697, 0.006527645513415337, 1.474079966545105, 1.3043856620788574, -0.4265618622303009, 0.04337693750858307, -0.41432809829711914, 0.39547741413116455, 0.025275304913520813, -0.8596844673156738, 0.5099828839302063, -0.014866861514747143, -0.07215175032615662, -0.15218327939510345, 0.23625610768795013, -1.7772448062896729, 1.5009434223175049, -1.2874292135238647, -0.06122545152902603, -0.35366129875183105, 0.532753586769104, 0.5470488667488098, -0.47103896737098694, 0.6879761219024658, 0.07448941469192505, 0.2817641496658325, -0.12126530706882477, 0.04945371299982071, 1.2958370447158813, 2.7339069843292236, 3.177902936935425, 0.16427072882652283, -0.9469866156578064, 1.0917601585388184, 0.016603130847215652, -0.0013075198512524366, -0.0025401313323527575, 0.0505426861345768, -0.7371404767036438, 1.4872337579727173, 0.04086533933877945, 0.003257929580286145, 0.0026129211764782667, 1.4198589324951172, -1.2702339887619019, 0.32693177461624146, 0.007926726713776588, 0.014312359504401684, -0.005808597430586815, 1.1262997388839722, -1.4069766998291016, 0.21793513000011444, 0.009555126540362835, 0.011431816034018993, -0.0008259472087956965, -0.46767157316207886, -0.4423711895942688, 3.025324821472168, -0.003705977462232113, -0.03027159348130226, -0.004530712496489286, 0.22040486335754395, -0.3776187300682068, -1.0, -0.7213476896286011, -0.47776147723197937, 1.0, -0.7876163125038147, 1.0, 0.6792712807655334, -1.0, -1.0, -1.0, 1.0, -1.0, -1.0, 0.09847065806388855, 1.0, 1.0, -0.448775976896286, -1.0]
[0.33825260400772095, -0.8498149514198303, -0.919462263584137, 0.025306744500994682, -0.5662184357643127, -0.3989418148994446, 0.6299509406089783, -1.0000121593475342, 0.26925015449523926, 0.25815117359161377, -0.04478669911623001, -0.6450421810150146, -1.000001072883606, -0.8520148396492004, -0.9999999403953552, 0.14034532010555267, -0.9999991655349731, -0.9999996423721313, -0.8203197121620178, -0.27522191405296326, 0.9873331785202026, 0.92796391248703, -0.03934264928102493, -0.9892997145652771, -0.07977453619241714, 0.4234589636325836, -0.033823128789663315, 0.29463404417037964, -0.06409958750009537, -0.014562136493623257, 0.10700979083776474, 6.406238389899954e-05, 0.868964672088623, 0.27241867780685425, 0.32723090052604675, 0.38341113924980164, -3.184450906701386e-05, -0.008977385237812996, -6.236257468117401e-05, 0.5990660190582275, -3.6734600143972784e-05, -1.3079954442218877e-05, -0.0014638862339779735, 2.225477933883667, 0.012895496562123299, 0.029261598363518715, -0.2716752886772156, -0.007407386787235737, 1.375135064125061, 0.8801454305648804, -0.01395741943269968, 0.10350677371025085, 0.030542094260454178, 0.008480326272547245, 0.15463608503341675, 0.04633431136608124, 0.00853910855948925, 0.005033841356635094, -0.11681078374385834, 0.2497318685054779, 0.10341091454029083, 0.0377163290977478, 0.0886361300945282, 0.06275469064712524, 0.057484354823827744, 0.020357586443424225, 0.0066149416379630566, 0.46519899368286133, 0.012922742404043674, 0.0049221571534872055, -0.18888887763023376, -0.03578275814652443, 0.009752524085342884, -0.423290878534317, 0.43016040325164795, -0.49111127853393555, 0.5600376725196838, 0.6037558913230896, -0.28398263454437256, 0.06903009116649628, -0.11588213592767715, 0.40978872776031494, 0.34938034415245056, -0.9187256097793579, 0.07540374249219894, 0.0, -0.38999998569488525, 0.47999998927116394, 0.012645297683775425, 0.2464054822921753, 0.9690790772438049, 0.0032153106294572353, -0.39194005727767944, -0.41178470849990845, 0.4052372872829437, 0.7159602046012878, -0.00790462177246809, -0.43275123834609985, 0.4584560692310333, -0.04214638099074364, -0.27507510781288147, 0.9428176283836365, -0.183445543050766, 0.05266421288251877, -0.006300945300608873, 0.41475316882133484, -3.1109158992767334, -0.59434574842453, 0.3394787609577179, -0.01186763308942318, -0.43132081627845764, 0.41790682077407837, 0.05696998909115791, -0.09457641839981079, 0.9919559955596924, 0.061911702156066895, 0.07889574021100998, 0.0015533296391367912, 0.42250704765319824, -7.7610249519348145, 0.7963454127311707, 0.6737249493598938, 0.024149350821971893, -0.43290966749191284, 0.41298291087150574, 0.028695277869701385, -0.7779691815376282, 0.6269825100898743, -0.028869999572634697, -0.04206143692135811, -0.2240424007177353, 0.48880699276924133, -4.04308557510376, 0.610758900642395, -0.9821590781211853, 0.041633106768131256, -0.41707760095596313, 0.39968034625053406, 0.019231529906392097, -0.8513055443763733, 0.5242974162101746, 0.004604082554578781, -0.17008817195892334, -0.19648577272891998, 0.3092723488807678, -2.222717046737671, 1.5668584108352661, -2.0570857524871826, -0.053155358880758286, -0.3597398102283478, 0.5337868332862854, 0.6017498970031738, -0.4693024754524231, 0.6443572640419006, 0.049557242542505264, 0.6574140787124634, -0.3797793388366699, -0.12246784567832947, 6.02138090133667, 7.730372428894043, 5.719171524047852, -0.0017781679052859545, -0.3796065151691437, 0.35121041536331177, 0.0027862282004207373, 0.0005465238937176764, 0.004447838291525841, 0.8565149307250977, 0.005980753805488348, 0.22421661019325256, 0.005123552866280079, -0.0029739972669631243, -0.01132520753890276, -0.6464906930923462, -1.460726261138916, 0.19612042605876923, 0.015805434435606003, -0.009334425441920757, 0.004698523320257664, 0.33473190665245056, -0.32098618149757385, 0.09112808108329773, 0.0018001500284299254, 0.002041884930804372, 0.0007621088298037648, -0.5789293050765991, 0.05223025009036064, 2.811398983001709, -0.005751841701567173, -0.02651989459991455, -0.0012065256014466286, 0.40309658646583557, -0.3925795555114746, -1.0, -0.33801060914993286, -0.6204228401184082, 1.0, -1.0, 1.0, 0.9072600603103638, -0.050468262284994125, -1.0, -1.0, 1.0, -1.0, -1.0, 1.0, 1.0, 1.0, -0.2970745861530304, -1.0]
[0.34526947140693665, -0.8225805759429932, -0.9226713180541992, 0.0773857980966568, -0.5708935260772705, -0.4007367789745331, 0.6340646147727966, -0.9994731545448303, 0.36629951000213623, 0.3180246651172638, -0.07033950090408325, -0.5565997362136841, -1.0000005960464478, -0.8525317907333374, -0.9899430871009827, 0.15566031634807587, -0.9966835379600525, -0.9988401532173157, -0.8198536038398743, -0.17616450786590576, 0.9923272728919983, 0.942926824092865, -0.06013147532939911, -0.9910914301872253, 0.10572512447834015, 0.05007940158247948, -0.047179900109767914, 0.38207384943962097, -0.023299207910895348, -0.010854431428015232, 0.09085389226675034, 0.022374676540493965, 0.9861976504325867, 0.8655280470848083, -0.2712889611721039, 1.0787242650985718, 5.955383585387608e-06, -0.002274964237585664, 0.05872925743460655, -0.23112797737121582, 0.03927251696586609, 0.01396489329636097, 0.007260768208652735, 0.6612665057182312, 0.04185689613223076, 0.03885849937796593, -0.0398554764688015, -0.020433204248547554, 4.149991035461426, -4.0116119384765625, 0.07239376753568649, -0.29849565029144287, -0.09664967656135559, -0.028555452823638916, 0.22617338597774506, -0.20757359266281128, -0.027588747441768646, 0.028069529682397842, 0.07043226808309555, -0.0851593017578125, -0.017715219408273697, -0.0022515913005918264, -0.3288470208644867, -0.0990876853466034, -0.24052239954471588, -0.08698136359453201, -0.028660809621214867, -0.5801990032196045, -0.15861810743808746, -0.07021334767341614, 0.2573757767677307, 0.0410551019012928, 0.009328678250312805, -0.4251016676425934, 0.43527135252952576, -0.5283288955688477, 0.5546524524688721, 0.6065294742584229, -0.21295815706253052, -0.07163070887327194, -0.09116442501544952, 0.2494642585515976, 2.0226457118988037, -2.1702473163604736, -0.5397405028343201, 0.0, -0.38999998569488525, 0.47999998927116394, 0.012645297683775425, 0.2464054822921753, 0.9690790772438049, 0.0032153106294572353, -0.38705575466156006, -0.46540483832359314, 0.34552034735679626, 0.7170788049697876, -0.0089715039357543, -0.43242135643959045, 0.4632705748081207, -0.04493269324302673, -0.25032803416252136, 0.9497167468070984, -0.18263374269008636, -0.13456842303276062, 0.06979944556951523, 0.16674791276454926, -1.8579221963882446, -0.7150311470031738, -0.6358602643013, -0.011952128261327744, -0.43163001537323, 0.42191562056541443, 0.060021985322237015, -0.02514132298529148, 0.9960479140281677, 0.06044541671872139, -0.07917390763759613, 0.19003595411777496, 0.16201592981815338, -9.50940990447998, 1.2993597984313965, 0.22806566953659058, 0.024489184841513634, -0.4354758560657501, 0.42000308632850647, 0.027864916250109673, -0.7505069375038147, 0.6594184041023254, -0.03361617773771286, 0.0104816984385252, -0.12528608739376068, 0.48843079805374146, -5.560440540313721, -1.2316418886184692, 0.5337915420532227, 0.04101605713367462, -0.4188978374004364, 0.40221577882766724, 0.015370449051260948, -0.8454899787902832, 0.5337294340133667, 0.006587272975593805, 0.007409815676510334, -0.06589409708976746, 0.07134773582220078, -0.6619162559509277, -0.8814655542373657, 0.30194273591041565, -0.047866545617580414, -0.3634885549545288, 0.5335574746131897, 0.6375247240066528, -0.47075802087783813, 0.6088705062866211, 0.0350106842815876, 0.12428753823041916, -0.06843781471252441, -0.08453864604234695, 1.8483177423477173, 2.5102012157440186, 1.0109853744506836, 0.8384681940078735, 0.817311704158783, -1.6843301057815552, -0.0162957776337862, 0.005459563806653023, 0.0005134766106493771, 1.2953088283538818, -0.7178393006324768, -1.2063660621643066, 0.01730193942785263, -0.005417070351541042, -0.012523502111434937, 0.44503074884414673, 0.41746440529823303, -0.26457321643829346, 0.004010374657809734, -0.0010096440091729164, 0.003669438883662224, -0.5209530591964722, 1.3726423978805542, -0.006086850538849831, -0.008071173913776875, -0.011867708526551723, 0.004355255514383316, 0.3790930211544037, 1.144249677658081, -4.113400459289551, -0.0009305360727012157, 0.0349896177649498, 0.006918939761817455, 0.9127035737037659, -1.0, -1.0, 0.13470332324504852, -0.5853316187858582, 1.0, -1.0, 1.0, -0.6192758083343506, 0.29632508754730225, -1.0, -1.0, -0.5187726616859436, -1.0, -1.0, -0.1507747918367386, 1.0, 1.0, 0.021808313205838203, -1.0]
[0.39019396901130676, -0.8268325328826904, -0.9361851811408997, 0.08636823296546936, -0.5198847055435181, -0.39308902621269226, 0.6691350340843201, -0.9938619136810303, 0.32853785157203674, 0.3825806975364685, -0.17815153300762177, -0.48227521777153015, -0.9982529282569885, -0.8517748713493347, -0.9809116125106812, 0.0350714847445488, -0.9937136769294739, -0.9921596646308899, -0.8182844519615173, -0.21332205832004547, 0.9968279600143433, 0.9565014243125916, -0.06269959360361099, -0.9829099178314209, 0.2112227976322174, -0.08671637624502182, -0.057363685220479965, -0.07676839083433151, 0.7287243008613586, 0.16672487556934357, 0.1649535447359085, 0.050818491727113724, -1.1752138137817383, 0.09034580737352371, -0.5361181497573853, 0.4738752543926239, 0.02056158520281315, 0.011177734471857548, 0.029458869248628616, -0.6387953758239746, 0.019289402291178703, 0.08595681190490723, 0.023478666320443153, -1.0835585594177246, 0.0253461841493845, 0.029492927715182304, 0.016313331201672554, 0.12874610722064972, 2.0119740962982178, -1.6081383228302002, 0.04941444844007492, -0.17530269920825958, -0.016450492665171623, 0.007142502814531326, 0.06542570143938065, -0.09047915041446686, -0.22258110344409943, -0.13134068250656128, 0.012629520148038864, -0.2972191870212555, -0.11950412392616272, -0.04199276119470596, -0.15346930921077728, -0.03284503519535065, -0.11793304234743118, -0.038881171494722366, -0.01189512386918068, -0.5966443419456482, -0.07085275650024414, -0.03388488292694092, 0.2554834187030792, 0.04940718784928322, 0.007204899564385414, -0.42624443769454956, 0.4375755488872528, -0.5832431316375732, 0.5378466248512268, 0.5973123908042908, -0.11733002960681915, -0.2343951165676117, -0.07248745113611221, 0.12131181359291077, 0.9712028503417969, -1.6566625833511353, -0.39698001742362976, 0.0, -0.38999998569488525, 0.47999998927116394, 0.012645297683775425, 0.2464054822921753, 0.9690790772438049, 0.0032153106294572353, -0.3744264841079712, -0.5421218276023865, 0.26613813638687134, 0.7036187648773193, -0.011759274639189243, -0.43147680163383484, 0.46417874097824097, -0.05234820395708084, -0.2258087545633316, 0.9565808176994324, -0.17670094966888428, -0.22838924825191498, 0.11174426972866058, 0.010758396238088608, -3.3714985847473145, -1.431675672531128, -1.5521290302276611, -0.015233295038342476, -0.4315648674964905, 0.4212583303451538, 0.06417371332645416, -0.014045036397874355, 0.995257556438446, 0.07174175977706909, -0.2591404616832733, -0.10599736124277115, -0.16992583870887756, 5.501120567321777, -0.13859786093235016, -2.377559185028076, 0.024359053000807762, -0.4363056421279907, 0.4237150549888611, 0.025882843881845474, -0.7308956384658813, 0.68031245470047, -0.04792290925979614, -0.006617886479943991, -0.007506098598241806, 0.1403345912694931, -1.998950719833374, -1.7411949634552002, 1.0688830614089966, 0.04165635630488396, -0.4194905757904053, 0.4023142457008362, 0.016566473990678787, -0.8434462547302246, 0.536873459815979, -0.009524345397949219, 0.08186674863100052, -0.014937127009034157, -0.030261754989624023, -0.21306827664375305, -1.8753951787948608, 1.5347613096237183, -0.05107362940907478, -0.36111199855804443, 0.5341477394104004, 0.6223588585853577, -0.4714743196964264, 0.6228976845741272, 0.04878205060958862, -0.3931882679462433, 0.2179384082555771, 0.14708475768566132, -3.879498243331909, -3.58477783203125, -3.5219552516937256, 0.48559248447418213, 0.030612967908382416, -0.7312479615211487, 0.007601696997880936, 0.0021482622250914574, -0.0023335942532867193, 0.4139868915081024, 2.0278027057647705, -1.867649793624878, -0.10092364251613617, -0.0008943563443608582, -0.00232912739738822, 0.14615315198898315, 1.6967287063598633, -0.278001993894577, -0.01654183119535446, -0.0012593308929353952, 0.0023783857468515635, -0.17093144357204437, 0.6156632900238037, -0.006733042187988758, -0.0026601748540997505, -0.00491330586373806, 0.0012957430444657803, 0.7220025062561035, 0.48332247138023376, -3.966858148574829, 0.002533919643610716, 0.037855155766010284, 0.003650022204965353, 1.0, -1.0, -1.0, -0.050973158329725266, 0.0377998873591423, 1.0, -1.0, -0.9493057727813721, -1.0, -0.3457406759262085, -1.0, -1.0, -1.0, -1.0, -0.9340367317199707, -1.0, 1.0, 1.0, 0.029449285939335823, -0.8725329637527466]
[0.4504927098751068, -0.8400399684906006, -0.9290661215782166, 0.06467024236917496, -0.4448983669281006, -0.37039002776145935, 0.641377329826355, -0.9909631609916687, 0.158643439412117, 0.35251736640930176, -0.30703219771385193, -0.480584055185318, -0.9957379698753357, -0.8502740263938904, -0.9787529706954956, -0.11224156618118286, -0.9929917454719543, -0.9832993149757385, -0.8154310584068298, -0.3178006112575531, 0.9992197751998901, 0.93916916847229, -0.0894254520535469, -0.9185305237770081, 0.23554173111915588, -0.10748666524887085, 0.0069769336842000484, -0.18150708079338074, 0.6689017415046692, 0.22686128318309784, -0.18524041771888733, -0.11188554018735886, -1.7732584476470947, -0.4866796135902405, -0.5237390995025635, -0.2351149171590805, 0.018736805766820908, 0.013127781450748444, 0.0014027495635673404, -0.585297167301178, 0.0010164050618186593, 0.07983200997114182, 0.027888527140021324, -1.4026728868484497, 0.01236615888774395, -0.08020127564668655, -0.2519936263561249, 0.836181640625, 0.28301727771759033, -0.5048458576202393, -0.01834060624241829, -0.00445227324962616, -0.007641184143722057, -0.002157229697331786, 0.007093349471688271, -0.12049328535795212, -0.07268199324607849, -0.03663783520460129, 0.029610993340611458, -0.2380370944738388, -0.1004021167755127, -0.036446187645196915, -0.065497025847435, 0.04602139815688133, -0.04588098078966141, -0.017470521852374077, -0.005775570869445801, -0.0605144165456295, -0.018967512995004654, -0.019945167005062103, 0.0027077621780335903, 0.014905937016010284, 0.003556635696440935, -0.42675045132637024, 0.43603643774986267, -0.5645774602890015, 0.55914705991745, 0.5969962477684021, -0.11046358942985535, -0.1810084581375122, -0.002446840750053525, -0.17371009290218353, 0.29229283332824707, 0.5122729539871216, -0.43104657530784607, 0.0, -0.38999998569488525, 0.47999998927116394, 0.012645297683775425, 0.2464054822921753, 0.9690790772438049, 0.0032153106294572353, -0.395173043012619, -0.5256527066230774, 0.2551530599594116, 0.7088190913200378, -0.015327731147408485, -0.4306178092956543, 0.46313709020614624, -0.05951238423585892, -0.2004396915435791, 0.9639552235603333, -0.1645369529724121, -0.24216188490390778, 0.09912775456905365, -0.05198608711361885, -2.8158273696899414, -1.00615394115448, -1.8490016460418701, -0.018597092479467392, -0.43202322721481323, 0.41716697812080383, 0.05570216849446297, -0.09546367824077606, 0.9905299544334412, 0.08145163953304291, -0.23394109308719635, -0.1910524070262909, -0.3516605794429779, 12.180315017700195, -2.2967216968536377, -1.9230564832687378, 0.02378561906516552, -0.43594348430633545, 0.4228404760360718, 0.023661280050873756, -0.7314755320549011, 0.6785004734992981, -0.06340908259153366, -0.02849566750228405, 0.0463717021048069, -0.16828913986682892, 1.594544768333435, -1.3526462316513062, 1.0256778001785278, 0.04212377220392227, -0.41957104206085205, 0.4015675187110901, 0.018385984003543854, -0.8425627946853638, 0.5375467538833618, -0.028167221695184708, 0.03720608726143837, 0.006028729025274515, -0.0538635179400444, 0.023545818403363228, -1.6675103902816772, 1.2217310667037964, -0.057940151542425156, -0.3557397425174713, 0.5348250269889832, 0.5715839266777039, -0.47025367617607117, 0.6675158739089966, 0.0810915157198906, -0.47771722078323364, 0.27191057801246643, 0.1530093252658844, -5.9305806159973145, -6.063625812530518, -5.593084335327148, -0.05142315477132797, 0.026974424719810486, -0.13331462442874908, -0.0017526131123304367, 0.0011491086333990097, 0.0034105589147657156, 0.03693908825516701, 0.3982129693031311, -0.982637882232666, -0.03066464327275753, -0.0001062292285496369, 1.2950057680427562e-05, 0.1680050492286682, 1.390642523765564, -0.1843039095401764, -0.015586550347507, 0.0014904045965522528, -0.000542963040061295, 0.2471122145652771, 0.2623313069343567, -0.027597706764936447, -0.0018406013259664178, 0.0024448721669614315, -0.0004702831502072513, 0.22101172804832458, 0.25988245010375977, -0.22230826318264008, 2.7045824026572518e-05, 0.011369749903678894, 0.0030877534300088882, 0.8208224177360535, -1.0, -1.0, -0.6736926436424255, -0.06246926635503769, 0.6362490653991699, -0.629093587398529, -1.0, -1.0, -0.7780799865722656, -1.0, -1.0, -0.8676237463951111, -1.0, -0.9389542937278748, -1.0, 1.0, 0.6797966957092285, -0.3745672106742859, -0.2948703169822693]
[0.4908584654331207, -0.8567807674407959, -0.9356427788734436, 0.03542526811361313, -0.4076608419418335, -0.35149917006492615, 0.6192418932914734, -0.9871938228607178, 0.005012177862226963, 0.2986297309398651, -0.33897915482521057, -0.5335215926170349, -0.9941419959068298, -0.8490561246871948, -0.9783709049224854, -0.1502644568681717, -0.9929283261299133, -0.9805983901023865, -0.8133941292762756, -0.40838614106178284, 0.9995536208152771, 0.921650767326355, -0.11254693567752838, -0.8523663878440857, 0.09373535960912704, -0.12659554183483124, -0.07494569569826126, -0.23757056891918182, 0.16599254310131073, 0.11454721540212631, -0.023043004795908928, 0.028061283752322197, -1.2258051633834839, -0.47016915678977966, 0.0810861736536026, -0.6302821636199951, 0.008105999790132046, 0.008328366093337536, 0.00011024570994777605, 0.07834886759519577, -0.0008413083269260824, -0.004259586799889803, 0.008683542720973492, -0.9575384259223938, -0.0014661081368103623, -0.022806629538536072, -0.08876725286245346, 0.49209174513816833, -2.9660990238189697, -0.27347052097320557, -0.07506576180458069, -0.009332810528576374, -0.03988371044397354, -0.02145255170762539, -0.06905370950698853, -0.004518601112067699, 0.042628951370716095, 0.021878886967897415, 0.0535520501434803, -0.1290067732334137, -0.054941050708293915, -0.020114470273256302, -0.07056741416454315, 0.09318459779024124, -0.036822609603405, -0.018581589683890343, -0.007268582470715046, 0.28693339228630066, 0.013264362700283527, 0.010895535349845886, -0.10763787478208542, -0.027629699558019638, 0.001472925185225904, -0.42706602811813354, 0.431973934173584, -0.5287837982177734, 0.5596232414245605, 0.6269643902778625, -0.11884929984807968, -0.06455664336681366, -0.009295831434428692, -0.2635514438152313, 0.6321383714675903, 0.9359836578369141, -0.383921355009079, 0.0, -0.38999998569488525, 0.47999998927116394, 0.012645297683775425, 0.2464054822921753, 0.9690790772438049, 0.0032153106294572353, -0.38802894949913025, -0.4892770051956177, 0.25456205010414124, 0.7384034991264343, -0.017270388081669807, -0.4302017092704773, 0.46089473366737366, -0.06359579414129257, -0.19464264810085297, 0.9658974409103394, -0.1584676057100296, -0.05778975412249565, 0.011371366679668427, -0.146728515625, 0.43385180830955505, -0.2573104500770569, -0.2034299075603485, -0.020851314067840576, -0.431873619556427, 0.4129944145679474, 0.04685615003108978, -0.1795908808708191, 0.9786632657051086, 0.08814669400453568, -0.12528957426548004, -0.09354304522275925, -0.2806961238384247, 8.805258750915527, -1.3657591342926025, -1.3999959230422974, 0.022311538457870483, -0.4348269999027252, 0.41863059997558594, 0.021240798756480217, -0.747881293296814, 0.6603838205337524, -0.06415191292762756, -0.11093071103096008, 0.08848576992750168, -0.3621644675731659, 3.6644697189331055, 0.6091578602790833, -0.5879281163215637, 0.04095330461859703, -0.4191961884498596, 0.40035828948020935, 0.015432829968631268, -0.844127893447876, 0.5350281000137329, -0.030897721648216248, -0.11714436113834381, 0.03914418816566467, -0.09226475656032562, 0.6092438697814941, 0.2303166687488556, -0.7950055599212646, -0.06331923604011536, -0.3511218726634979, 0.5347075462341309, 0.523083508014679, -0.4669111967086792, 0.7046618461608887, 0.10876169800758362, -0.2959946393966675, 0.19782397150993347, 0.06292631477117538, -3.9176361560821533, -3.996893882751465, -3.5185952186584473, -0.6381093859672546, 0.5597120523452759, -0.08835676312446594, -0.013056871481239796, -0.0006279284134507179, 0.005169880576431751, -0.4857155680656433, -0.46202197670936584, 0.16971907019615173, 0.014948557130992413, -0.0019670450128614902, 0.0008147213375195861, 0.23914484679698944, 0.7699106931686401, -0.09676852822303772, -0.008565809577703476, 0.006934094708412886, -0.006127278320491314, 0.49211639165878296, 0.26890212297439575, -0.1162639632821083, -0.0032350504770874977, 0.009901472367346287, -0.0037198306526988745, -0.6307587027549744, -0.1755601018667221, 1.660886526107788, 0.0010973631870001554, -0.017537560313940048, -0.0008207884966395795, 0.36826005578041077, -0.9873585104942322, -1.0, -0.7310606837272644, -0.40409913659095764, 0.7212942242622375, -0.3891092836856842, -0.6161348819732666, 0.024159306660294533, -1.0, -1.0, -1.0, 0.24712061882019043, -1.0, -1.0, -0.7539715766906738, 1.0, 0.914539098739624, -0.17501460015773773, -0.6199589967727661]
[0.49817368388175964, -0.8593031167984009, -0.9489578604698181, 0.013762108981609344, -0.4099366068840027, -0.34649717807769775, 0.6329837441444397, -0.9923958778381348, -0.03050908073782921, 0.2672089636325836, -0.2288585603237152, -0.6050643920898438, -0.9947492480278015, -0.848916232585907, -0.984476625919342, -0.06120039150118828, -0.9948928356170654, -0.9829183220863342, -0.8135805130004883, -0.4000946581363678, 0.9982848167419434, 0.9223792552947998, -0.12799164652824402, -0.8338816165924072, -0.021402915939688683, 0.049003154039382935, -0.06239771470427513, -0.13678322732448578, -0.12055535614490509, -0.004753026645630598, 0.11118181049823761, -0.11491832882165909, 0.149313285946846, -0.11081047356128693, 0.6543082594871521, -0.6732613444328308, -0.012332865968346596, -0.0032169301994144917, -0.03746088594198227, 0.5231503844261169, -0.02419733814895153, -0.029471224173903465, -0.007878560572862625, 0.6936074495315552, -0.010804441757500172, 0.015838278457522392, -0.11702799052000046, -0.0004383116902317852, -2.5240719318389893, 1.725081443786621, -0.053251467645168304, 0.06762710213661194, -0.0028686982113868, -0.008211149834096432, -0.07094177603721619, 0.09956403076648712, 0.11714112013578415, 0.05642884224653244, 0.04262610897421837, 0.11484101414680481, 0.040710605680942535, 0.012956120073795319, 0.13062632083892822, 0.028290079906582832, 0.09321992099285126, 0.03257245197892189, 0.010282271541655064, 0.6058346629142761, 0.058896832168102264, 0.03124227561056614, -0.26141029596328735, -0.06425680220127106, 0.0006053631659597158, -0.42810606956481934, 0.4281892478466034, -0.48677384853363037, 0.5494248867034912, 0.6665598750114441, -0.12992851436138153, -0.026638885959982872, -0.06590063869953156, -0.1430242359638214, 0.4642442762851715, 0.9410142302513123, -0.48623353242874146, 0.0, -0.38999998569488525, 0.47999998927116394, 0.012645297683775425, 0.2464054822921753, 0.9690790772438049, 0.0032153106294572353, -0.36811429262161255, -0.44636955857276917, 0.2549455761909485, 0.7747573256492615, -0.017172852531075478, -0.4304489195346832, 0.4596249461174011, -0.06366375088691711, -0.20240359008312225, 0.9640637040138245, -0.15987728536128998, 0.05400993674993515, -0.042171817272901535, -0.023543905466794968, 0.9911858439445496, 0.18406610190868378, 0.6075589060783386, -0.02167472243309021, -0.4316825866699219, 0.4118887186050415, 0.04511737450957298, -0.20795971155166626, 0.9726868271827698, 0.09272244572639465, -0.014315441250801086, -0.0005817855708301067, 0.019578654319047928, 0.12048158049583435, 0.2413947433233261, -0.4021857976913452, 0.019490377977490425, -0.43394333124160767, 0.4144752025604248, 0.017168937250971794, -0.7675368189811707, 0.6392441987991333, -0.044264160096645355, -0.2329925000667572, 0.041591327637434006, -0.25149816274642944, 3.1512200832366943, 2.1792173385620117, -2.3955111503601074, 0.03840266913175583, -0.4190555512905121, 0.3998202681541443, 0.009373596869409084, -0.8461728096008301, 0.5325990319252014, -0.01555600855499506, -0.20190222561359406, -0.009175020270049572, 0.002338963560760021, 0.15610158443450928, 1.6373721361160278, -1.9384678602218628, -0.06299994885921478, -0.3516887426376343, 0.5345267057418823, 0.5231907963752747, -0.46878582239151, 0.7033215165138245, 0.10885760188102722, 0.20076730847358704, -0.1672549992799759, -0.05523780360817909, 2.5308632850646973, 2.3772168159484863, 1.844484806060791, -0.5500214099884033, 0.25826483964920044, 0.4958181381225586, -0.00433717668056488, -0.00243353471159935, 0.0021834629587829113, -0.44552507996559143, -0.9702534079551697, 1.1518083810806274, 0.04187504202127457, -0.0006278475630097091, 0.0013852957636117935, 0.234858900308609, -0.6269620656967163, 0.18976537883281708, 0.0035516894422471523, 0.006209997460246086, -0.005450807046145201, 0.14642798900604248, -0.5161566138267517, 0.006917360704392195, 0.0025399224832654, 0.0051945955492556095, -0.00299663795158267, -1.3334031105041504, -0.45748171210289, 3.930939197540283, -0.0009154041763395071, -0.04292234778404236, -0.003290945664048195, 0.2213980257511139, -0.6794969439506531, -1.0, -0.7226831912994385, -0.5291517376899719, 0.9549668431282043, -0.41611841320991516, 0.3116985261440277, 0.9004006385803223, -1.0, -1.0, -1.0, 0.8326801657676697, -1.0, -1.0, 0.19894850254058838, 1.0, 1.0, -0.3059585988521576, -0.9278324842453003]
[0.4914703369140625, -0.8555141091346741, -0.9387765526771545, 0.013729177415370941, -0.4376062750816345, -0.3518686592578888, 0.6366717219352722, -1.000009536743164, 0.06334004551172256, 0.2783544659614563, -0.064795583486557, -0.642693042755127, -0.9991062879562378, -0.850184977054596, -0.9887966513633728, 0.06721200793981552, -0.9963381290435791, -0.985772430896759, -0.8144994974136353, -0.2705436944961548, 0.9983823895454407, 0.9322658181190491, -0.12978041172027588, -0.8470697402954102, -0.02983907423913479, 0.018137698993086815, 0.03724884241819382, 0.03415177762508392, -0.32431045174598694, -0.0853506550192833, -0.024125201627612114, 0.0002628247020766139, 1.245703101158142, 0.28407445549964905, 0.6892156004905701, -0.1634332686662674, -0.04818719998002052, -0.019197050482034683, -0.012776493094861507, 0.5306105017662048, -0.00882404949516058, -0.025017082691192627, -0.00869035255163908, 2.1008224487304688, 0.0045096068643033504, 0.02812422811985016, 0.026047630235552788, -0.1885215789079666, -0.2761984169483185, -0.14869260787963867, -0.008915622718632221, 0.02119721844792366, -0.001961666624993086, -0.0039891693741083145, -0.0471578948199749, -0.006907153874635696, 0.063804492354393, 0.04110943526029587, -0.011365865357220173, 0.15681028366088867, 0.06965243071317673, 0.025357235223054886, -0.015495731495320797, -0.021374229341745377, -0.005890139378607273, -0.001247079111635685, -0.00021943412139080465, 0.45622751116752625, -0.000909429625608027, -0.002416603034362197, -0.1897873878479004, -0.04322740435600281, -0.0004044559318572283, -0.42925456166267395, 0.4266757369041443, -0.46474024653434753, 0.5420101284980774, 0.6905920505523682, -0.11542990058660507, -0.06234566494822502, -0.07579384744167328, -0.03235718980431557, 0.11250435560941696, 0.29549092054367065, -0.6471816301345825, 0.0, -0.38999998569488525, 0.47999998927116394, 0.012645297683775425, 0.2464054822921753, 0.9690790772438049, 0.0032153106294572353, -0.35511964559555054, -0.4289175271987915, 0.23544956743717194, 0.79654461145401, -0.01676217094063759, -0.4308898150920868, 0.4594915211200714, -0.06052106246352196, -0.21394559741020203, 0.9617236256599426, -0.16016258299350739, 0.03963208943605423, -0.04871740937232971, -0.01985114999115467, 1.6741549968719482, 0.6359268426895142, 0.344897598028183, -0.02112133987247944, -0.43143707513809204, 0.41364195942878723, 0.04895912855863571, -0.1694488376379013, 0.9801504611968994, 0.09052682667970657, 0.08150719851255417, 0.12509022653102875, 0.2033776491880417, -7.575582981109619, 1.1682798862457275, 1.2207790613174438, 0.016064254567027092, -0.43363744020462036, 0.4126397371292114, 0.010878908447921276, -0.7782100439071655, 0.627676248550415, -0.01712230034172535, -0.2517069876194, 0.010200439020991325, -0.06550239771604538, 1.0254623889923096, 1.999788761138916, -2.672743320465088, 0.03561299666762352, -0.41907620429992676, 0.39988091588020325, 0.0022051690611988306, -0.8470093011856079, 0.5315518379211426, 0.004801356233656406, -0.1984921097755432, 0.004940720275044441, 0.0029539461247622967, 0.13662269711494446, 1.559807538986206, -1.9985721111297607, -0.0564778633415699, -0.35823264718055725, 0.5335192680358887, 0.5728728175163269, -0.4805609881877899, 0.6590125560760498, 0.08111801743507385, 0.5549637675285339, -0.42991572618484497, -0.271345853805542, 7.632755756378174, 6.768265724182129, 4.88186502456665, -0.06004783883690834, 0.03811439126729965, 0.01977834478020668, -0.0034174532629549503, 0.0001342903560725972, 0.000789308687672019, -0.25330278277397156, -0.7289313077926636, 0.33680081367492676, 0.0301754679530859, 0.0004796951252501458, 0.0035052525345236063, -0.03936801105737686, -0.9384114146232605, 0.07887789607048035, 0.01128106564283371, -7.832284609321505e-05, -0.00013143866090103984, -0.11412656307220459, 0.023712962865829468, -0.012910742312669754, 0.0001362602924928069, -0.0009392567444592714, 0.0002954565570689738, -0.9772765636444092, 0.12726785242557526, 2.730149984359741, -0.003873125882819295, -0.027590980753302574, -0.0001349232770735398, 0.37777936458587646, -0.8111758828163147, -1.0, -0.2846815884113312, -0.6644729375839233, 1.0, -1.0, 1.0, 1.0, -0.5744791626930237, -1.0, -1.0, 0.7824526429176331, -1.0, -1.0, 0.9119524955749512, 1.0, 1.0, -0.11922980844974518, -1.0]
[0.4882489740848541, -0.8665464520454407, -0.9428824186325073, 0.05838356539607048, -0.4814310371875763, -0.3643474280834198, 0.642704963684082, -0.9999999403953552, 0.1975046843290329, 0.3178390562534332, 0.0592225082218647, -0.6208012104034424, -0.9999998211860657, -0.851609468460083, -0.9865202307701111, 0.13899388909339905, -0.9956945180892944, -0.9877331256866455, -0.8151541948318481, -0.1391274780035019, 1.000002145767212, 0.9447242021560669, -0.10262902081012726, -0.8693640828132629, -0.0012379081454128027, -0.12496526539325714, -0.024623889476060867, 0.6169419884681702, -0.44308409094810486, -0.1391938179731369, 0.02711924910545349, -9.609045082470402e-05, 1.1928733587265015, 0.3951241672039032, 0.4476683735847473, 0.42442449927330017, 1.644904477871023e-05, -0.005982565693557262, 0.01322106458246708, 0.16552647948265076, 0.008026481606066227, -0.01629282347857952, -0.004941084887832403, 1.3521183729171753, 8.087779974630394e-07, 0.030505875125527382, 0.2446257323026657, -0.21517948806285858, 0.5103704929351807, -1.227334976196289, 0.011208093725144863, 0.10721397399902344, 0.048170555382966995, 0.0164556372910738, 0.009749265387654305, -0.06471787393093109, -0.036270782351493835, -0.009372083470225334, -0.04810229316353798, 0.08174605667591095, 0.04145286604762077, 0.01720420829951763, -0.11635662615299225, -0.10104407370090485, -0.08169285953044891, -0.029039770364761353, -0.009406249970197678, -0.28493428230285645, -0.042745623737573624, -0.025536049157381058, 0.13447228074073792, 0.02798260748386383, -0.001130974618718028, -0.42941489815711975, 0.42709147930145264, -0.47918885946273804, 0.5310931205749512, 0.6963009834289551, -0.0590173713862896, -0.04810411483049393, 0.12179995328187943, 0.10106312483549118, -0.31117862462997437, 0.04381442815065384, -0.6786794066429138, 0.0, -0.38999998569488525, 0.47999998927116394, 0.012645297683775425, 0.2464054822921753, 0.9690790772438049, 0.0032153106294572353, -0.34389328956604004, -0.45692703127861023, 0.18422189354896545, 0.7993857264518738, -0.016916994005441666, -0.4304313361644745, 0.4601081907749176, -0.060408469289541245, -0.22150501608848572, 0.9598164558410645, -0.16136491298675537, -0.03573375195264816, 0.048423752188682556, 0.059884294867515564, 0.4628507196903229, -0.1067538857460022, 0.07529953122138977, -0.02064088173210621, -0.4302668869495392, 0.41524651646614075, 0.0559295229613781, -0.10544269531965256, 0.9890129566192627, 0.08721809834241867, 0.040924083441495895, 0.2001837193965912, 0.07367601245641708, -7.1477580070495605, 1.3617846965789795, 0.9146532416343689, 0.013338501565158367, -0.4335583448410034, 0.4128197133541107, 0.005378164350986481, -0.775495707988739, 0.6313210129737854, 0.003352533793076873, -0.17882433533668518, -0.003942246548831463, 0.0751023069024086, -1.4951587915420532, 1.2866390943527222, -1.8035284280776978, 0.03401276096701622, -0.4184664189815521, 0.3991175889968872, -0.0025202480610460043, -0.8488967418670654, 0.528311014175415, 0.015982603654265404, -0.07046272605657578, 0.05991634353995323, -0.08269373327493668, 0.6473684906959534, 0.44506511092185974, -0.7022196650505066, -0.050034020096063614, -0.36429908871650696, 0.530954122543335, 0.6180405616760254, -0.49221327900886536, 0.6107200980186462, 0.05265772342681885, 0.3150475025177002, -0.22733095288276672, -0.27957701683044434, 5.112598896026611, 4.028836727142334, 2.7475075721740723, 0.146446093916893, -0.6302162408828735, 0.18141606450080872, 0.007002393715083599, 0.001244344632141292, -0.00010353628022130579, 0.057351939380168915, 0.10418334603309631, -0.5713240504264832, -0.00780933303758502, -0.00019573193276301026, 0.00020494057389441878, -0.26688653230667114, -0.5199964046478271, -0.023106427863240242, 0.009404262527823448, -0.0038111875765025616, 0.0020097438246011734, -0.5403133630752563, 0.45681118965148926, -0.045091964304447174, -0.00255408207885921, -0.007049515377730131, 0.0014060444664210081, 0.5065839290618896, 0.3800494074821472, -2.0324721336364746, 0.0013409985695034266, 0.01987726241350174, 0.0032296779099851847, 0.5553427934646606, -1.0, -1.0, 0.35361531376838684, -0.7564590573310852, 1.0, -1.0, 1.0, 0.5780660510063171, -0.24643006920814514, -1.0, -1.0, 0.18750005960464478, -1.0, -1.0, 0.3377940356731415, 1.0, 1.0, 0.20230017602443695, -1.0]
[0.49727120995521545, -0.8861578702926636, -0.9581987857818604, 0.090647853910923, -0.5223410725593567, -0.3785686194896698, 0.6726251840591431, -0.9995831847190857, 0.2134007215499878, 0.33981287479400635, 0.05253090336918831, -0.5793437361717224, -0.9998459815979004, -0.8517708778381348, -0.9856113791465759, 0.08605719357728958, -0.9953837990760803, -0.9894636869430542, -0.8156785368919373, -0.11531449109315872, 0.9999931454658508, 0.9553447365760803, -0.05058165267109871, -0.8917854428291321, 0.05043257027864456, -0.1414957344532013, -0.05165228992700577, 0.08406072109937668, -0.34515491127967834, -0.12439292669296265, 0.1458488255739212, 0.008403818123042583, -0.32613682746887207, 0.032229501754045486, -0.26587262749671936, 0.37194812297821045, 0.003054114757105708, 0.0004967167624272406, -0.003436292288824916, -0.42684507369995117, -0.0018495296826586127, -0.01654094085097313, -0.005209823604673147, -0.29984092712402344, -0.00023667105415370315, 0.02286803536117077, 0.37761029601097107, -0.19948844611644745, 0.7680236101150513, -0.05293244495987892, 0.024050770327448845, -0.1853645145893097, -0.06791102886199951, -0.022328253835439682, 0.06368180364370346, -0.0024287195410579443, -0.07907433807849884, -0.045911189168691635, -0.1822759211063385, -0.035580314695835114, -0.01490832306444645, -0.005287416744977236, -0.007284581661224365, -0.14887483417987823, -0.01127569004893303, -0.004636538680642843, -0.0017079769168049097, -0.6041313409805298, 0.002175435423851013, -0.002603772096335888, 0.26857709884643555, 0.05718500167131424, -0.0019696378149092197, -0.42837268114089966, 0.4270807206630707, -0.5170773863792419, 0.5139932632446289, 0.6843246221542358, -0.01190077606588602, -0.11176322400569916, 0.05955567583441734, -0.033468279987573624, 0.48163777589797974, -1.134705901145935, 0.1169324517250061, 0.0, -0.38999998569488525, 0.47999998927116394, 0.012645297683775425, 0.2464054822921753, 0.9690790772438049, 0.0032153106294572353, -0.33099085092544556, -0.5051573514938354, 0.14764343202114105, 0.7832385897636414, -0.017454009503126144, -0.42985761165618896, 0.45947209000587463, -0.06111810356378555, -0.23552334308624268, 0.9562181234359741, -0.16260437667369843, -0.022119496017694473, -0.018494408577680588, -0.12185856699943542, 2.5212111473083496, 0.4060286581516266, 0.3266060948371887, -0.021701578050851822, -0.42913833260536194, 0.414020299911499, 0.06035396829247475, -0.09631016850471497, 0.9892584085464478, 0.0919211357831955, -0.0938749760389328, 0.020255837589502335, -0.13417616486549377, 2.095597505569458, 0.21045808494091034, -1.0280147790908813, 0.013000261969864368, -0.43339693546295166, 0.4133186340332031, 0.004723852500319481, -0.768861711025238, 0.6393900513648987, 0.003101074369624257, 0.059186942875385284, 0.009456795640289783, 0.03887996822595596, -1.1545108556747437, -0.7618873715400696, 0.8530486822128296, 0.03482507914304733, -0.41752350330352783, 0.39760395884513855, -0.00018063699826598167, -0.8524102568626404, 0.5228081941604614, 0.008251511491835117, 0.13550730049610138, 0.0618910975754261, -0.10858312994241714, 0.8487239480018616, -1.2246441841125488, 1.4853029251098633, -0.04971390217542648, -0.36510658264160156, 0.5298906564712524, 0.6227515339851379, -0.4973401725292206, 0.6020956039428711, 0.04810578003525734, -0.1488524228334427, 0.06551701575517654, 0.027818765491247177, -1.0184487104415894, -1.2494571208953857, -1.309258222579956, 0.19622018933296204, 0.7610652446746826, -0.6487948894500732, -0.01091227401047945, 0.00023503975535277277, -0.001974646467715502, 0.35248517990112305, 0.8046960234642029, -0.5207977890968323, -0.03384075313806534, -0.0014025380369275808, -0.004162698984146118, -0.9895546436309814, 0.20576788485050201, -0.011832323856651783, -0.0022008989471942186, -0.01231362670660019, 0.006248807534575462, -0.7971756458282471, 0.06921619921922684, 0.021090349182486534, -0.0006697339122183621, -0.010378445498645306, 0.0018175971927121282, 1.2225885391235352, -0.022282250225543976, -3.932056427001953, 0.00427322369068861, 0.03762359917163849, 0.0008400082006119192, 0.6748921275138855, -1.0, -1.0, -0.0034065954387187958, -0.7177833914756775, 1.0, -1.0, -0.20115557312965393, -0.65993332862854, -0.3749285936355591, -1.0, -1.0, -0.7708211541175842, -1.0, -1.0, -0.5376433730125427, 1.0, 1.0, 0.38684090971946716, -1.0]
[0.5109962224960327, -0.9037972092628479, -0.9684651494026184, 0.03738406300544739, -0.5294368863105774, -0.38610395789146423, 0.6986022591590881, -1.0000009536743164, 0.09526271373033524, 0.32074469327926636, -0.0516953282058239, -0.5901598930358887, -0.9981555342674255, -0.8509388566017151, -0.9879293441772461, -0.029341965913772583, -0.9960970282554626, -0.9912493228912354, -0.8162837624549866, -0.1874534636735916, 0.9998359084129333, 0.9490453600883484, -0.027872735634446144, -0.8746238350868225, 0.05279859900474548, -0.12250449508428574, -0.04703713580965996, -0.4826119542121887, 0.06049007922410965, -0.023268477991223335, -0.019264066591858864, -0.00022451256518252194, -1.4956903457641602, -0.3631470799446106, -0.5192129015922546, -0.3568114936351776, 0.016308775171637535, 0.00978148728609085, -0.011308671906590462, -0.5005670785903931, -0.007150005549192429, -0.015818895772099495, -0.005679873283952475, -1.2169855833053589, -0.0003219959035050124, -0.035024404525756836, 0.02765299752354622, 0.34617099165916443, 0.03249455243349075, -0.00738102849572897, -0.0013580318773165345, 0.10779418051242828, 0.06892765313386917, 0.02983035519719124, -0.10508957505226135, -0.004650628659874201, -0.0717516541481018, -0.04367335885763168, -0.05926317721605301, -0.2078152447938919, -0.08869224786758423, -0.03238173574209213, -0.0036583361215889454, -0.008441267535090446, -0.0014170584036037326, -6.0108446632511914e-05, 6.511957326438278e-05, -0.2895389199256897, 0.010898217558860779, -0.002778572728857398, 0.09344196319580078, 0.030485432595014572, -0.0037509980611503124, -0.42809349298477173, 0.4258490204811096, -0.5779033303260803, 0.4609605669975281, 0.671035885810852, 0.05704152211546898, -0.09246687591075897, -0.0037037034053355455, -0.09165830910205841, 1.953020691871643, -2.3125054836273193, 0.3420988917350769, 0.0, -0.38999998569488525, 0.47999998927116394, 0.012645297683775425, 0.2464054822921753, 0.9690790772438049, 0.0032153106294572353, -0.28393977880477905, -0.5810927152633667, 0.09510736912488937, 0.7567456960678101, -0.01723882369697094, -0.4302922189235687, 0.4552781581878662, -0.05873977392911911, -0.26571568846702576, 0.9482766389846802, -0.16345088183879852, 0.014355803839862347, -0.044033974409103394, -0.25439295172691345, 2.7072880268096924, 0.4859045445919037, 0.3692755103111267, -0.023419728502631187, -0.42871037125587463, 0.41042378544807434, 0.05764896050095558, -0.15476739406585693, 0.981095016002655, 0.10087736696004868, -0.10757704824209213, -0.1280832588672638, -0.30353498458862305, 9.657769203186035, -1.7231491804122925, -1.5284583568572998, 0.014632186852395535, -0.4324341416358948, 0.41128531098365784, 0.007525512482970953, -0.7742419838905334, 0.6327089667320251, -0.013114312663674355, 0.15537896752357483, 0.09257351607084274, -0.2363271266222, 2.287693738937378, -1.5131405591964722, 1.8207294940948486, 0.03693272918462753, -0.4166026711463928, 0.3961431682109833, 0.006045391317456961, -0.8559054732322693, 0.5170180201530457, -0.009037104435265064, 0.16560368239879608, 0.06256096065044403, -0.09374084323644638, 0.7983947396278381, -1.4418667554855347, 1.7755382061004639, -0.05408519506454468, -0.3618369996547699, 0.5307229161262512, 0.5909127593040466, -0.4962247908115387, 0.6325194835662842, 0.0670972615480423, -0.35260066390037537, 0.19805362820625305, 0.17061924934387207, -4.771376609802246, -4.551793098449707, -3.9054715633392334, -0.005659798625856638, -0.8221593499183655, 0.4220167100429535, 0.017497966066002846, 0.00013897281314712018, 0.0004605082212947309, -0.5049795508384705, 0.7318283319473267, -0.5170667171478271, -0.03269593417644501, 0.003643356030806899, 0.008685469627380371, -0.3343280851840973, 1.2121869325637817, -0.1212807148694992, -0.014198930002748966, -0.003851521760225296, 0.0019040168263018131, -0.04579915851354599, 0.0027038867119699717, 0.001110769109800458, 0.00010567787103354931, -0.0005913270288147032, 0.00023323569621425122, 0.628598690032959, -0.0004936187760904431, -1.4990596771240234, 0.0023481606040149927, 0.020427852869033813, 0.0012247110716998577, 0.5923190712928772, -1.0, -1.0, -0.7321462631225586, -0.422061949968338, 0.8762288689613342, -1.0, -1.0, -0.8746383786201477, -0.9602325558662415, -1.0, -1.0, -0.7389054298400879, -1.0, -1.0, -0.8863986134529114, 1.0, 0.8322100639343262, -0.06314484775066376, -0.5696027278900146]
[0.5139104723930359, -0.9125540256500244, -0.9452177882194519, 0.007880864664912224, -0.4942927062511444, -0.38155099749565125, 0.6220153570175171, -0.9974320530891418, -0.07147853076457977, 0.2707371115684509, -0.10718930512666702, -0.642156720161438, -0.9974226355552673, -0.8502975106239319, -0.9926660656929016, -0.0872357115149498, -0.9976252913475037, -0.9930703639984131, -0.8169744610786438, -0.2535243332386017, 0.9616409540176392, 0.9248001575469971, -0.08908067643642426, -0.7481120824813843, -0.015464414842426777, -0.035920798778533936, 0.13432204723358154, -0.1672533005475998, 0.4687061309814453, 0.10521969944238663, -0.3677684962749481, 0.0022309303749352694, -1.5650010108947754, -0.5767433047294617, -0.07033796608448029, -0.5431166887283325, 0.00132622045930475, 0.002971421228721738, -0.02045280672609806, -0.09490496665239334, -0.013498830609023571, -0.015897635370492935, -0.006453474052250385, -0.5866695642471313, -0.42497143149375916, -0.07663146406412125, -0.5917364954948425, 1.5919089317321777, -1.2160524129867554, 0.6279085874557495, -0.009636903181672096, 0.030299589037895203, 0.037035949528217316, 0.019544370472431183, -0.047779060900211334, 0.06941244751214981, 0.02334275096654892, -0.002518235705792904, 0.08602215349674225, -0.0006216904148459435, -0.0038068112917244434, -0.0022206013090908527, 0.04678213968873024, 0.0833936408162117, 0.038226328790187836, 0.014764310792088509, 0.005079889204353094, 0.2731285095214844, -0.09838330745697021, -0.05416346341371536, -0.17156697809696198, -0.01095782034099102, -0.004891320131719112, -0.4292571246623993, 0.4236246943473816, -0.6464599370956421, 0.3719959855079651, 0.6492245197296143, 0.14905035495758057, -0.015041761100292206, -0.16687311232089996, -0.026291772723197937, -0.11595287173986435, -0.059195417910814285, 0.1820441484451294, 0.0, -0.38999998569488525, 0.47999998927116394, 0.012645297683775425, 0.2464054822921753, 0.9690790772438049, 0.0032153106294572353, -0.20448441803455353, -0.6702112555503845, 0.02164112590253353, 0.7131162881851196, -0.017497817054390907, -0.4302591383457184, 0.4535723328590393, -0.058438416570425034, -0.26453232765197754, 0.9493994116783142, -0.1588972508907318, -0.024088261649012566, 0.03372206166386604, -0.021974055096507072, -1.739585518836975, -0.1499512791633606, -0.8600938320159912, -0.02247379906475544, -0.42905011773109436, 0.40639975666999817, 0.04397095739841461, -0.23958039283752441, 0.965366542339325, 0.09346237033605576, 0.06278108060359955, -0.16072754561901093, -0.3070632815361023, 10.657276153564453, -2.8357551097869873, 0.1414126455783844, 0.01576925814151764, -0.4310314357280731, 0.40788909792900085, 0.009918942116200924, -0.7881506681442261, 0.6150080561637878, -0.022023510187864304, 0.04532726854085922, 0.09558127075433731, -0.24370142817497253, 2.872735023498535, -0.09120286256074905, 0.4225020408630371, 0.038192059844732285, -0.415947824716568, 0.39528894424438477, 0.010185226798057556, -0.8582167029380798, 0.5128763318061829, -0.017839165404438972, 0.053542669862508774, 0.03398459032177925, -0.03900602459907532, 0.4190782308578491, -0.21017636358737946, 0.5099747180938721, -0.05783833563327789, -0.36033838987350464, 0.5300859808921814, 0.539623498916626, -0.4986875057220459, 0.6726157665252686, 0.08777876198291779, -0.2098839432001114, -0.05942613631486893, 0.005118398927152157, -3.4317681789398193, -5.863437652587891, -4.545744895935059, -0.16860105097293854, -0.3804895579814911, 0.3198811709880829, 0.013837026432156563, -0.0013833503471687436, -0.0014343373477458954, -0.32729193568229675, 0.0162995345890522, 0.3356258273124695, -0.0022737430408596992, -1.2737529004880344e-06, 0.002452957211062312, 0.4457066059112549, 0.027426347136497498, 0.023975636810064316, -0.0018092063255608082, 0.006824992597103119, -0.004096686374396086, 0.44491079449653625, -0.22667047381401062, -0.006851484999060631, 0.0016798321157693863, 0.006938162259757519, -0.0017531203338876367, -0.41718319058418274, 0.7498863935470581, 2.2547550201416016, -0.0015816527884453535, -0.004282888490706682, 0.007495842408388853, 0.35113605856895447, -0.8571352362632751, -1.0, -0.7258114814758301, -0.13645845651626587, 0.2841675877571106, -0.505518913269043, -1.0, -0.00040412507951259613, -1.0, -1.0, -1.0, -0.030206747353076935, -1.0, -1.0, -0.3997578024864197, 0.5168329477310181, 0.6907357573509216, -0.8075504302978516, 0.4162270128726959]
