0
[0.0, 0.0, 0.0, 0.0, 0.0, 0.0, 0.0, 0.0, 0.0, 0.0, 0.0, 0.0, 0.0, 0.0, 0.0, 0.0, 0.0, 0.0, 0.0, 0.0, 0.0, 0.0, 0.0, 0.0, 0.0, 0.0, 0.0, 0.0, 0.0, 0.0, 0.0, 0.0, 0.0, 0.0, 0.0, 0.0, 0.0, 0.0, 0.0, 0.0, 0.0, 0.0, 0.0, 0.0, 0.0, 0.0, 0.0, 0.0, 0.0, 0.0, 0.0, 0.0, 0.0, 0.0, 0.0, 0.0, 0.0, 0.0, 0.0, 0.0, 0.0, 0.0, 0.0, 0.0, 0.0, 0.0, 0.0, 0.0, 0.0, 0.0, 0.0, 0.0, 0.0, 0.0, 0.0, 0.0, 0.0, 0.0, 0.0, 0.0, 0.0, 0.0, 0.0, 0.0, 0.0, 0.0, 0.0, 0.0, 0.0, 0.0, 0.0, 0.0, 0.0, 0.0, 0.0, 0.0, 0.0, 0.0, 0.0, 0.0, 0.0, 0.0, 0.0, 0.0, 0.0, 0.0, 0.0, 0.0, 0.0, 0.0, 0.0, 0.0, 0.0, 0.0, 0.0, 0.0, 0.0, 0.0, 0.0, 0.0, 0.0, 0.0, 0.0, 0.0, 0.0, 0.0, 0.0, 0.0, 0.0, 0.0, 0.0, 0.0, 0.0, 0.0, 0.0, 0.0, 0.0, 0.0, 0.0, 0.0, 0.0, 0.0, 0.0, 0.0, 0.0, 0.0, 0.0, 0.0, 0.0, 0.0, 0.0, 0.0, 0.0, 0.0, 0.0, 0.0, 0.0, 0.0, 0.0, 0.0, 0.0, 0.0, 0.0, 0.0, 0.0, 0.0, 0.0, 0.0, 0.0, 0.0, 0.0, 0.0, 0.0, 0.0, 0.0, 0.0, 0.0, 0.0, 0.0, 0.0, 0.0, 0.0, 0.0, 0.0, 0.0, 0.0, 0.0, 0.0, 0.0, 0.0, 0.0, 0.0, 0.0, 0.0, 0.0, 0.0, 0.0, 0.0, 0.0, 0.0, 0.0, 0.0, 0.0, 0.0, 0.0, 0.0, 0.0, 0.0, 0.0, 0.0, 0.0]
[0.5928567051887512, 0.05208170413970947, -0.11329975724220276, -0.6940867304801941, -0.8258769512176514, -0.886861264705658, 0.14890478551387787, -0.9403876662254333, -0.7813012599945068, -0.9135374426841736, -0.20909449458122253, -0.9641658663749695, -0.8688395619392395, -0.8581994771957397, -0.8111822605133057, -0.06528706848621368, -0.9309592247009277, -0.638187050819397, -0.716436505317688, 0.03591948375105858, -0.7584357857704163, -0.1556318998336792, -0.14615577459335327, 0.6673009991645813, 0.15297487378120422, -0.7095751166343689, -0.11066363006830215, -0.1800500899553299, 0.921346127986908, 0.22060056030750275, -0.633557140827179, -0.10514090210199356, -0.24641291797161102, -0.03318300470709801, -0.9810487627983093, 0.1483566164970398, -0.08298292011022568, 0.018119176849722862, 1.1512283086776733, 0.5494154691696167, -0.12195750325918198, 1.976157784461975, 0.43233630061149597, -1.7712942361831665, 1.7124131917953491, -0.32825610041618347, -0.7121991515159607, -2.059047222137451, 0.7333195805549622, -9.044479370117188, -0.4189233183860779, -0.750826895236969, -0.21500331163406372, -0.05847406014800072, -0.14462952315807343, -0.4748450219631195, -0.17824244499206543, -0.06229187548160553, 1.257674217224121, -0.6443867087364197, -0.25380879640579224, -0.08813828229904175, -0.24888864159584045, 0.2503984868526459, -0.20858126878738403, 0.10579361766576767, 0.0715474858880043, -0.07889008522033691, 0.2380005270242691, 0.11329463124275208, -0.07909636199474335, -0.08808872103691101, 0.002530087251216173, -0.39216548204421997, 0.5126684308052063, 0.17113125324249268, -0.7795470952987671, 0.5789127945899963, 0.16697444021701813, 0.5902338624000549, -0.19371481239795685, -0.21517853438854218, 0.6333678960800171, -3.257885694503784, -2.0975770950317383, 0.0, -0.38999998569488525, 0.47999998927116394, 0.012645297683775425, 0.2464054822921753, 0.9690790772438049, 0.0032153106294572353, 0.8965288996696472, 0.11486927419900894, -0.2119753360748291, 0.3716285228729248, -0.03270503506064415, -0.452547550201416, 0.4979556202888489, 0.006428267806768417, -0.5556573867797852, 0.8312965035438538, -0.012230184860527515, -0.11687364429235458, 0.021899385377764702, -0.511741042137146, -1.2610641717910767, -0.11650541424751282, -0.22031104564666748, -0.017020434141159058, -0.458171010017395, 0.4851350784301758, -0.01853468455374241, -0.6276490688323975, 0.7778407335281372, 0.02601451240479946, 0.09742686152458191, -0.021382629871368408, -0.7453307509422302, 5.465160846710205, -0.3582545220851898, 2.389512062072754, 0.013713174499571323, -0.45464783906936646, 0.4824218153953552, 0.017561085522174835, -0.6446051597595215, 0.763905942440033, -0.024967381730675697, 0.24791890382766724, 0.08489708602428436, -0.5838392376899719, 3.125760316848755, -0.5976922512054443, 4.117632865905762, 0.03244694694876671, -0.44711893796920776, 0.4950839579105377, -0.02475830353796482, -0.4965667426586151, 0.86744624376297, -0.018586276099085808, -0.5036224722862244, 0.11212088167667389, 0.23741421103477478, -11.086822509765625, -4.9067463874816895, -4.269793510437012, -0.08236353099346161, -0.37012627720832825, 0.5022220015525818, -0.1199217140674591, -0.686254620552063, 0.6897949576377869, 0.19711971282958984, 0.20667685568332672, -0.12704747915267944, 0.3396582007408142, -6.06460428237915, -1.9697760343551636, 13.385133743286133, -2.293799877166748, 3.434356212615967, -1.048864722251892, -0.00695871701464057, -0.02711719647049904, 0.01331582572311163, -0.7835245728492737, 2.8626749515533447, -0.6822825074195862, -0.01935175061225891, -0.010648827999830246, 0.0019230351317673922, 6.744633674621582, 3.8329410552978516, -0.6889958381652832, -0.030644161626696587, 0.07632492482662201, -0.01796833425760269, 1.536676287651062, -0.9718194603919983, -0.21872976422309875, 0.05697019398212433, 0.02007206529378891, 0.01020743977278471, -2.0501060485839844, -1.6071019172668457, 0.2684832513332367, 0.018865259364247322, -0.055287037044763565, 0.014602264389395714, 1.0, -1.0, -1.0, -1.0, -0.1456483006477356, -1.0, -1.0, -1.0, 1.0, -0.9941436648368835, -1.0, 1.0, 1.0, -1.0, 1.0, -1.0, 1.0, -1.0, -1.0, -1.0]
[0.5494170188903809, -0.017447588965296745, -0.0917075052857399, -0.6005297303199768, -0.6654059886932373, -0.8473086953163147, 0.16038402915000916, -0.8184897899627686, -0.6749659180641174, -0.8894784450531006, -0.2174854278564453, -0.9178034663200378, -0.7468017935752869, -0.8399009108543396, -0.5951735973358154, 0.09642323106527328, -0.7999883890151978, -0.4073808789253235, -0.6254988312721252, -0.06075466424226761, -0.5112531185150146, -0.18235652148723602, -0.2674085795879364, 0.49104830622673035, -0.37243738770484924, -0.32509443163871765, 0.18082663416862488, 1.4546960592269897, 1.7969268560409546, 0.6365131139755249, 0.4452737867832184, 1.8046455383300781, 1.748660922050476, 0.7767978310585022, 0.4408078193664551, 0.5577065944671631, 1.8244513273239136, 0.3841094374656677, 0.9582697749137878, 0.7157406210899353, 1.9914263486862183, 2.2334680557250977, 1.5349795818328857, -0.883764922618866, 1.831861138343811, 0.08457707613706589, -0.7644515633583069, -1.4021273851394653, -12.91403865814209, 5.6996917724609375, -0.39007729291915894, 0.7738209962844849, 0.3538167476654053, 0.15155655145645142, -0.14475053548812866, 0.9980335831642151, 0.6055285930633545, 0.2772512137889862, -0.08990320563316345, 0.4226391017436981, 0.329192578792572, 0.1425938904285431, 0.3359985053539276, -0.5382090210914612, 0.976036548614502, 0.3916463255882263, 0.1973893940448761, 0.1482999622821808, 0.23580458760261536, 0.1682456135749817, -0.22895628213882446, -0.04249129444360733, 0.012805136851966381, -0.3947429955005646, 0.5085422396659851, 0.08859062939882278, -0.802901029586792, 0.5678022503852844, 0.15843646228313446, 0.660652220249176, -0.021220941096544266, 0.05898456647992134, -0.11326997727155685, 4.892932415008545, 0.4978301525115967, 0.0, -0.38999998569488525, 0.47999998927116394, 0.012645297683775425, 0.2464054822921753, 0.9690790772438049, 0.0032153106294572353, 0.9162655472755432, 0.037050098180770874, -0.18369394540786743, 0.35403573513031006, -0.03062678687274456, -0.4508886933326721, 0.4991458058357239, 0.006337451748549938, -0.47457337379455566, 0.8800545930862427, -0.015613453462719917, 0.3043668270111084, 0.2801606357097626, 0.6659025549888611, -17.805768966674805, -0.47512874007225037, 0.8844869136810303, -0.014437594451010227, -0.45725542306900024, 0.486893892288208, -0.012577846646308899, -0.564824104309082, 0.8247649669647217, 0.024044383317232132, 0.23327314853668213, 0.15586265921592712, 0.8595988750457764, -19.992977142333984, 1.3592736721038818, -0.2469000369310379, 0.016573410481214523, -0.45381608605384827, 0.48057299852371216, 0.01980726234614849, -0.6033191084861755, 0.7965558767318726, -0.03335144370794296, 0.20003578066825867, 0.09841204434633255, 0.3327634930610657, -12.157783508300781, -0.8991504311561584, -0.4657878875732422, 0.028564563021063805, -0.44298529624938965, 0.5056581497192383, -0.0677090734243393, -0.33287373185157776, 0.940534770488739, -0.002189690712839365, -0.19590462744235992, 0.7211151123046875, 1.2661118507385254, -29.23740005493164, -2.687058210372925, -5.624370574951172, -0.07882899045944214, -0.3715256452560425, 0.509385347366333, -0.04172491654753685, -0.6529284715652466, 0.745108425617218, 0.12944817543029785, 0.5399037003517151, -0.14219655096530914, 0.654783308506012, -6.8017096519470215, 5.010105609893799, 12.305776596069336, -2.221184492111206, -5.093112945556641, 1.6731536388397217, 0.07515986263751984, -0.0073966383934021, 0.0026435796171426773, -0.8200117945671082, -8.470593452453613, 1.2789815664291382, 0.15019232034683228, 0.009146003983914852, -0.004020115826278925, -0.49855920672416687, -4.412991046905518, 0.6631560325622559, 0.07639902085065842, 0.012083160690963268, -0.005902793258428574, -2.5794801712036133, -5.93198299407959, 1.9666260480880737, 0.10840964317321777, -0.011288829147815704, 0.00428155018016696, -2.7571070194244385, -2.3098859786987305, 0.7620865702629089, 0.011644876562058926, 0.0016224068822339177, -0.01592385396361351, -1.0, 0.37101566791534424, 0.14162933826446533, 0.6875666379928589, 0.5993566513061523, 1.0, 1.0, 1.0, 1.0, -0.34770485758781433, 0.8530923128128052, 0.7918345928192139, 1.0, 1.0, 1.0, -0.33367717266082764, 1.0, 0.3797626495361328, -1.0, -0.24335601925849915]
[0.4086802005767822, -0.08590856939554214, 0.02297712117433548, -0.41903117299079895, -0.4352131187915802, -0.6895948052406311, 0.3043389320373535, -0.5796777009963989, -0.44686076045036316, -0.7084702849388123, -0.0648631751537323, -0.7352959513664246, -0.6058094501495361, -0.7829378843307495, -0.37445351481437683, 0.2386922538280487, -0.5555243492126465, -0.176915243268013, -0.3903530538082123, -0.1718861311674118, -0.26732930541038513, -0.11025793105363846, -0.38507309556007385, 0.3453904390335083, -0.6378645896911621, -0.5489672422409058, 0.6232451796531677, 1.7921886444091797, 2.3031094074249268, 2.228576421737671, 0.984341561794281, 2.4989163875579834, 2.328789710998535, 2.397601842880249, 0.7405160665512085, 2.329453229904175, 1.0581661462783813, 0.7513806819915771, 0.8344470262527466, 0.22998583316802979, 2.291522264480591, 2.0870323181152344, 2.5750579833984375, -1.6231508255004883, 1.7063583135604858, 0.22470059990882874, -0.7009110450744629, -1.3135663270950317, -6.751228332519531, -1.071986436843872, -0.11003947257995605, -0.045236144214868546, 3.8086436688899994e-05, 0.06025298684835434, 0.14432252943515778, 0.10984382033348083, 0.07401556521654129, 0.08172279596328735, -0.15563660860061646, 0.3472861051559448, 0.09605123847723007, 0.053114425390958786, -0.5158702731132507, -0.6731507778167725, -0.31442737579345703, -0.147024467587471, -0.027556251734495163, 0.07175184786319733, -0.19320634007453918, -0.08653803169727325, -0.06333094835281372, -0.006191173568367958, 0.022416841238737106, -0.39184409379959106, 0.5107219219207764, 0.15453197062015533, -0.766944169998169, 0.5637916326522827, 0.264679878950119, 0.21472744643688202, 0.33446043729782104, 0.2815280854701996, -0.5430407524108887, 0.7891819477081299, 0.877839207649231, 0.0, -0.38999998569488525, 0.47999998927116394, 0.012645297683775425, 0.2464054822921753, 0.9690790772438049, 0.0032153106294572353, 0.8793008327484131, 0.07493993639945984, -0.3024587035179138, 0.36018460988998413, -0.02471795678138733, -0.44655370712280273, 0.5055626630783081, 0.006057899910956621, -0.287071168422699, 0.9577201008796692, -0.01804306171834469, 0.4086340069770813, 0.6871845722198486, 0.6030935049057007, -28.87009620666504, -0.6400011777877808, 0.10476383566856384, -0.008387003093957901, -0.45287999510765076, 0.4968451261520386, -0.0028839351143687963, -0.35783639550209045, 0.9332826137542725, 0.030465515330433846, 0.37678831815719604, 0.7594944834709167, 0.9842807650566101, -33.34682083129883, 2.841022253036499, -1.1690270900726318, 0.02148924022912979, -0.4513733983039856, 0.48650309443473816, 0.015426808036863804, -0.4958537518978119, 0.8677321672439575, -0.030528830364346504, 0.3503907024860382, 0.35060909390449524, 0.7139577269554138, -17.925386428833008, -0.7385857701301575, -0.5679010152816772, 0.028591087087988853, -0.43269580602645874, 0.5196647047996521, -0.10069475322961807, -0.06166335940361023, 0.9927705526351929, 0.021557999774813652, 0.17327088117599487, 1.2537645101547241, 0.675493597984314, -33.1737174987793, -1.1544415950775146, -5.416348457336426, -0.07236877828836441, -0.372783899307251, 0.517077624797821, 0.03958937153220177, -0.5994160771369934, 0.7961263656616211, 0.07290893793106079, 0.5962779521942139, 0.003886288497596979, 0.5390908718109131, -8.082964897155762, 3.5767662525177, 11.250656127929688, -0.7471876740455627, -0.5082873106002808, -0.13366736471652985, 0.05262866988778114, 0.00015575377619825304, -0.0014113073702901602, 0.6047689914703369, -1.4208414554595947, 0.0017915399512276053, 0.06041016802191734, 0.013872460462152958, -0.013454031199216843, -0.9234020113945007, -1.6002986431121826, 0.329912006855011, 0.02910994365811348, -0.0014592123916372657, 0.00013585017586592585, -3.368539571762085, 1.419311285018921, -2.1376328468322754, -0.006266583222895861, -0.025736922398209572, 0.022546062245965004, -0.6824508905410767, 0.8771345019340515, 0.31577739119529724, 0.0008263263734988868, 0.004728040192276239, 0.011624339036643505, -1.0, -0.564781129360199, 1.0, 0.7234259247779846, 1.0, 1.0, 1.0, 1.0, 1.0, 1.0, -0.10238724946975708, 1.0, 1.0, 1.0, 1.0, -1.0, 1.0, 0.45855215191841125, -1.0, -0.4273349344730377]
[0.2256750762462616, -0.13254490494728088, 0.17602652311325073, -0.2155507355928421, -0.19998902082443237, -0.4135340452194214, 0.5119853615760803, -0.3319723904132843, -0.21169422566890717, -0.4240831136703491, 0.0952911302447319, -0.48292574286460876, -0.5278172492980957, -0.6862987279891968, -0.20345957577228546, 0.31173959374427795, -0.31242668628692627, 0.026691270992159843, -0.12389928102493286, -0.2996019124984741, -0.055895011872053146, 0.020969320088624954, -0.4903925061225891, 0.23870374262332916, -0.7216822504997253, -0.172361359000206, 0.6265639662742615, 1.9376436471939087, 2.1082499027252197, 2.7120227813720703, 0.9797356724739075, 2.142869710922241, 2.0661303997039795, 2.7223098278045654, 0.44548413157463074, 2.27955961227417, 0.5318788886070251, 0.9010000228881836, 0.805513858795166, 0.27125659584999084, 2.3210949897766113, 1.787883996963501, 2.3453266620635986, -1.5539153814315796, 1.4263291358947754, 0.37627357244491577, -0.6112067103385925, -0.8114571571350098, -1.849350929260254, 5.601672649383545, -0.0447034053504467, 0.31443533301353455, 0.04793693125247955, 0.012221070937812328, 0.12705710530281067, 0.15815916657447815, -0.036060646176338196, -0.024913497269153595, -0.2650131285190582, 0.15087126195430756, -0.01315205730497837, -0.016419367864727974, 0.40767937898635864, -0.1963428556919098, 0.3437008857727051, 0.0499567836523056, -0.011953831650316715, 0.07888039946556091, 0.016453534364700317, 0.011224002577364445, -0.00935337133705616, 0.01923837698996067, 0.025250239297747612, -0.3837144374847412, 0.5156775116920471, 0.18115204572677612, -0.7334273457527161, 0.6019681096076965, 0.2586551606655121, 0.0920197069644928, 0.5294564366340637, 0.21722917258739471, -1.467760443687439, -0.5570483207702637, 0.7954441905021667, 0.0, -0.38999998569488525, 0.47999998927116394, 0.012645297683775425, 0.2464054822921753, 0.9690790772438049, 0.0032153106294572353, 0.856389045715332, 0.10184632241725922, -0.30263301730155945, 0.4057565927505493, -0.01691610924899578, -0.43909361958503723, 0.5134192705154419, 0.0061108763329684734, -0.024053724482655525, 0.9994626045227051, -0.021414976567029953, 0.4977094829082489, 1.0484591722488403, 0.5581371784210205, -32.961612701416016, -0.7265839576721191, 0.908076822757721, -0.0003005953331012279, -0.44433391094207764, 0.5076737999916077, 0.013339747674763203, -0.07783496379852295, 0.9961810111999512, 0.0372452586889267, 0.5539777278900146, 1.130577564239502, 0.7086528539657593, -33.783267974853516, 3.4388949871063232, -0.0763683021068573, 0.02882404997944832, -0.4460223317146301, 0.49664241075515747, 0.015471944585442543, -0.3568071722984314, 0.9335018992424011, -0.031988680362701416, 0.5571308135986328, 0.609279215335846, 0.8351539969444275, -17.718219757080078, -0.6480573415756226, 1.5616121292114258, 0.03183063864707947, -0.4190347492694855, 0.5304602980613708, -0.11969311535358429, 0.21311132609844208, 0.9687159657478333, 0.04297107085585594, 0.20434603095054626, 1.3885395526885986, 0.42661619186401367, -31.98358917236328, -2.2282984256744385, -6.413219928741455, -0.0659211277961731, -0.3720134496688843, 0.5243760347366333, 0.10073301196098328, -0.5303478240966797, 0.8411464691162109, 0.032505396753549576, 0.48960715532302856, 0.20188157260417938, 0.574375331401825, -9.603501319885254, 3.1795332431793213, 7.224288463592529, -0.34860047698020935, -0.4496433734893799, 1.1540281772613525, 0.005476419348269701, -0.0003959026653319597, 0.002917887642979622, 0.5143628120422363, 0.5551618933677673, 0.5035489797592163, -0.016586070880293846, 0.00396319106221199, -0.010473353788256645, -1.587173342704773, 0.024557283148169518, 0.5376092195510864, -0.01605100743472576, -0.012596800923347473, 0.014381333254277706, -0.691527247428894, 0.08941704034805298, 1.1117167472839355, -0.010612575337290764, 0.0016615557251498103, 0.007337123155593872, 0.3313162922859192, -0.4615643322467804, 0.1593557894229889, 0.003216351615265012, 0.01393731590360403, 0.0022252085618674755, -1.0, -0.052449606359004974, 1.0, 1.0, 1.0, 1.0, 1.0, 1.0, 1.0, 1.0, -0.26971742510795593, 0.835051953792572, 1.0, 1.0, 1.0, -1.0, 1.0, 0.9886347055435181, -1.0, -0.15860851109027863]
[0.03676644712686539, -0.13051052391529083, 0.32035431265830994, -0.03468671813607216, 0.0070672668516635895, -0.1443185955286026, 0.7173765301704407, -0.14457856118679047, -0.01796122081577778, -0.16232632100582123, 0.17106977105140686, -0.24051600694656372, -0.5349016189575195, -0.6277481913566589, -0.1086462065577507, 0.3745141923427582, -0.08064018934965134, 0.2006334811449051, 0.09897178411483765, -0.41383230686187744, 0.1217331737279892, 0.17184172570705414, -0.5805352926254272, 0.19230180978775024, -0.700700044631958, 0.12582293152809143, 0.5858303904533386, 1.5448603630065918, 1.8076518774032593, 2.3324365615844727, 0.7835871577262878, 1.4062654972076416, 1.5887768268585205, 2.196406364440918, 0.13994741439819336, 2.264294385910034, -0.3469407856464386, 0.17810288071632385, 0.23557952046394348, 0.25405263900756836, 2.0824387073516846, 1.5123041868209839, 1.897290825843811, -1.3398672342300415, 1.201418399810791, 0.3698136508464813, -0.5157661437988281, -0.22717778384685516, 0.4445710778236389, 3.9518191814422607, 0.00829322636127472, 0.08830241858959198, -0.046642981469631195, -0.04423908516764641, 0.04613424092531204, -0.037237562239170074, -0.12001579999923706, -0.07561083883047104, -0.12257017940282822, 0.14066386222839355, -0.013278177939355373, -0.042395129799842834, 0.0033214734867215157, -0.10810942202806473, 0.017465859651565552, -0.04686075448989868, -0.038876742124557495, 0.10010988265275955, -0.017712850123643875, -0.02384723350405693, 0.007967743091285229, 0.02323230542242527, 0.02756376750767231, -0.3730466663837433, 0.51873779296875, 0.16304385662078857, -0.6919568777084351, 0.6724807620048523, 0.205868661403656, 0.175033837556839, 0.6157438158988953, 0.12755030393600464, -1.8325836658477783, -2.1470000743865967, 0.8080037236213684, 0.0, -0.38999998569488525, 0.47999998927116394, 0.012645297683775425, 0.2464054822921753, 0.9690790772438049, 0.0032153106294572353, 0.8341848254203796, 0.09654661267995834, -0.24626567959785461, 0.48390868306159973, -0.008640279062092304, -0.4297133982181549, 0.521851122379303, 0.00365313864313066, 0.2329101711511612, 0.9720853567123413, -0.02809963747859001, 0.46436619758605957, 0.9924188852310181, 0.24324558675289154, -29.0914306640625, -1.049247145652771, 1.2267721891403198, 0.008553444407880306, -0.43448325991630554, 0.5172902941703796, 0.029399879276752472, 0.17501471936702728, 0.9834268689155579, 0.03710956498980522, 0.571207582950592, 0.9612841606140137, 0.3145047724246979, -26.577800750732422, 2.806751251220703, 0.8659781217575073, 0.03804199770092964, -0.43854907155036926, 0.5085330605506897, 0.01806466653943062, -0.2458864450454712, 0.9678831696510315, -0.049147818237543106, 0.5867618918418884, 0.6678623557090759, 0.8085392117500305, -11.072202682495117, -1.0451287031173706, 2.951206922531128, 0.03628162667155266, -0.4035128653049469, 0.5392206311225891, -0.1275252103805542, 0.44590651988983154, 0.8837156295776367, 0.06285874545574188, 0.36740076541900635, 1.189038634300232, 0.06322483718395233, -27.064241409301758, -1.2094757556915283, -5.739771842956543, -0.06044677644968033, -0.3690023720264435, 0.5315871834754944, 0.13425643742084503, -0.4538918733596802, 0.8807352781295776, 0.016208339482545853, 0.34195834398269653, 0.3377499580383301, 0.5247284770011902, -9.862853050231934, 1.4856153726577759, 3.166132688522339, 0.11887148767709732, 1.0229663848876953, 0.026306211948394775, -0.028894584625959396, 0.0010423779021948576, 0.0007833772688172758, 0.2715403139591217, 1.786257266998291, -0.5668764114379883, -0.048816978931427, 0.0008126471657305956, -0.002098740078508854, -0.603222131729126, 0.4449530839920044, 0.5349634885787964, -0.0357208326458931, -0.0044205812737345695, 0.011164386756718159, -0.8017966151237488, 0.6977953910827637, -0.6606900095939636, -0.028409812599420547, -0.006523028016090393, 0.00920095294713974, 0.5630237460136414, 0.12185017764568329, 0.048920806497335434, -0.0024796552024781704, 0.01422392763197422, 0.001977279782295227, -1.0, 0.05794020742177963, 1.0, 0.7152590751647949, 1.0, 1.0, 1.0, 1.0, 1.0, 1.0, -0.9683190584182739, 0.12763957679271698, 1.0, 1.0, 1.0, -1.0, 1.0, 1.0, -1.0, 0.1598324030637741]
[-0.1426558494567871, -0.10580446571111679, 0.4492725133895874, 0.0852830559015274, 0.1824503093957901, 0.07779373973608017, 0.8757898807525635, -0.020090900361537933, 0.10613960027694702, 0.027118027210235596, 0.18656620383262634, -0.02080221101641655, -0.5895611047744751, -0.6309996843338013, -0.10118734836578369, 0.4258420467376709, 0.12412381172180176, 0.3442671000957489, 0.27975156903266907, -0.5110787153244019, 0.2695472240447998, 0.3120550513267517, -0.6554831266403198, 0.20157471299171448, -0.6491965651512146, 0.18716920912265778, 0.4936378002166748, 0.8879886865615845, 1.5154083967208862, 1.8986425399780273, 0.6020814776420593, 0.8942496180534363, 0.8589388728141785, 1.390539526939392, -0.035265326499938965, 1.8297277688980103, -0.6211128234863281, -0.14652372896671295, -0.061776090413331985, 0.18977779150009155, 1.844222068786621, 1.2238038778305054, 1.544366478919983, -1.1319082975387573, 0.9877073168754578, 0.33081910014152527, -0.42540818452835083, 0.2493455857038498, 1.3800294399261475, 0.8898286819458008, 0.010761452838778496, -0.09192191809415817, -0.08443909883499146, -0.049440693110227585, 0.029803328216075897, -0.13829287886619568, -0.12917174398899078, -0.08157865703105927, -0.024383384734392166, -0.23934489488601685, -0.12557488679885864, -0.05481875687837601, -0.05078960210084915, -0.024450935423374176, -0.03471555560827255, -0.04493508115410805, -0.030877990648150444, 0.11330145597457886, -0.11131837964057922, -0.07034939527511597, 0.007399600464850664, 0.01652267761528492, 0.030237659811973572, -0.3639657497406006, 0.520235538482666, 0.10947888344526291, -0.6595349907875061, 0.7367948293685913, 0.1008029356598854, 0.18553481996059418, 0.5533989667892456, 0.23401010036468506, -0.5910114645957947, -1.3935250043869019, 1.0851882696151733, 0.0, -0.38999998569488525, 0.47999998927116394, 0.012645297683775425, 0.2464054822921753, 0.9690790772438049, 0.0032153106294572353, 0.8197692036628723, 0.06981771439313889, -0.13063323497772217, 0.5532079935073853, -0.000860521977301687, -0.42129039764404297, 0.5276830196380615, -0.002227703109383583, 0.4314013719558716, 0.9014860987663269, -0.03479474037885666, 0.41765978932380676, 0.6676965355873108, -0.027532216161489487, -22.463706970214844, -1.1897844076156616, 1.3916285037994385, 0.017215993255376816, -0.42611053586006165, 0.524124801158905, 0.03784365952014923, 0.34852278232574463, 0.936063289642334, 0.02975180186331272, 0.49601781368255615, 0.6167669892311096, 0.12426312267780304, -16.670515060424805, 1.5699350833892822, 1.0854239463806152, 0.04706322401762009, -0.42965540289878845, 0.5196272730827332, 0.01905186101794243, -0.1762794405221939, 0.9812695384025574, -0.07531682401895523, 0.5166769623756409, 0.6350127458572388, 0.5899149775505066, -6.149877548217773, -1.1144533157348633, 3.4786622524261475, 0.04210466518998146, -0.388744056224823, 0.544333815574646, -0.12619267404079437, 0.620202362537384, 0.7707036733627319, 0.07375800609588623, 0.4167390465736389, 0.924615740776062, -0.14014288783073425, -22.571054458618164, -0.9142493009567261, -4.271366596221924, -0.056180454790592194, -0.3648308515548706, 0.5373696684837341, 0.13951432704925537, -0.3819520175457001, 0.9134538173675537, 0.01582358032464981, 0.21420080959796906, 0.3637712597846985, 0.384255975484848, -8.736315727233887, -0.7368937134742737, 0.44496646523475647, 0.2531336843967438, 0.9044593572616577, -1.0634448528289795, -0.03587380796670914, 0.0013984307879582047, 0.0007309989305213094, 0.2971130907535553, 1.5303813219070435, -1.2943326234817505, -0.05862295255064964, -0.0003205084940418601, -0.0008843500982038677, 0.09745971113443375, 1.6504909992218018, -0.6027169227600098, -0.03006138652563095, -0.0004779157170560211, 0.0033484655432403088, -0.20051884651184082, 0.3348216712474823, -0.8286871910095215, -0.025855660438537598, -0.001449486706405878, 0.00635004136711359, 0.4168793559074402, 0.9225319623947144, -0.04453795403242111, -0.007815444841980934, 0.009852610528469086, 0.0028837823774665594, -1.0, -0.008652456104755402, 1.0, 0.31003934144973755, 1.0, 1.0, 1.0, 0.707367479801178, 1.0, 1.0, -1.0, 0.11011756956577301, 1.0, 1.0, 1.0, -1.0, 0.9618738293647766, 1.0, -1.0, 0.4352502226829529]
[-0.3007950186729431, -0.08573693782091141, 0.5559473037719727, 0.1284875124692917, 0.32860067486763, 0.2600560784339905, 0.9989598393440247, 0.042074885219335556, 0.19163352251052856, 0.13924410939216614, 0.15100640058517456, 0.12432542443275452, -0.664750874042511, -0.6519942283630371, -0.151961550116539, 0.4261539578437805, 0.2943119704723358, 0.46153444051742554, 0.4270053207874298, -0.5927393436431885, 0.3952951729297638, 0.4338895380496979, -0.7171577215194702, 0.2553950846195221, -0.5145989060401917, 0.0563853494822979, 0.41160711646080017, 0.1787194013595581, 1.255250334739685, 1.569492220878601, 0.3565323054790497, 0.0588330514729023, 0.5685202479362488, 0.8435550928115845, -0.2492613047361374, 0.8030802011489868, -0.8729801177978516, -0.2509910762310028, -0.4360092282295227, -0.1437859982252121, 1.187966227531433, 1.0149781703948975, 1.2641602754592896, -0.9438438415527344, 0.8597818613052368, 0.28326892852783203, -0.3522530794143677, 0.6255500912666321, 5.00614070892334, -2.2587573528289795, 0.06508490443229675, -0.19867324829101562, -0.07977306097745895, -0.03707274794578552, 0.028636492788791656, -0.5093746185302734, -0.22534173727035522, -0.0841946229338646, 0.06861861050128937, -0.6881112456321716, -0.31860125064849854, -0.1191285103559494, -0.4317636489868164, -0.00492411432787776, -0.5111677050590515, -0.15787360072135925, -0.04857722297310829, 0.05685083195567131, -0.1551368534564972, -0.08716173470020294, 0.039111506193876266, 0.017947912216186523, 0.03463755175471306, -0.3586423099040985, 0.5226307511329651, 0.08850239962339401, -0.6534118056297302, 0.7511667013168335, 0.031125199049711227, 0.31098100543022156, 0.17055769264698029, 0.056067269295454025, 0.04889300465583801, -2.011075735092163, 0.8610798716545105, 0.0, -0.38999998569488525, 0.47999998927116394, 0.012645297683775425, 0.2464054822921753, 0.9690790772438049, 0.0032153106294572353, 0.8181902766227722, 0.06649670749902725, -0.05781763046979904, 0.5681548118591309, 0.005990135949105024, -0.41610077023506165, 0.5298796892166138, -0.009453658014535904, 0.5631908178329468, 0.8252871632575989, -0.040346596390008926, 0.3307715654373169, 0.30373916029930115, -0.20028239488601685, -15.317238807678223, -0.9791702032089233, 0.9897719025611877, 0.024643126875162125, -0.4203675091266632, 0.5276134014129639, 0.040602006018161774, 0.4481585919857025, 0.8927631378173828, 0.02189437858760357, 0.37003999948501587, 0.2321932464838028, -0.0667724609375, -7.667754173278809, 0.7140825986862183, 1.204835057258606, 0.05518273636698723, -0.4224139153957367, 0.526154637336731, 0.02051776647567749, -0.15112829208374023, 0.9825549721717834, -0.10641849786043167, 0.451703816652298, 0.27169665694236755, 0.15001530945301056, 1.3749456405639648, -0.06772298365831375, 3.7844738960266113, 0.04855500906705856, -0.37643730640411377, 0.5458869338035583, -0.12629559636116028, 0.7410985231399536, 0.6555783152580261, 0.07098852843046188, 0.4343527853488922, 0.5044893026351929, -0.31309282779693604, -16.282730102539062, 0.21535223722457886, -1.275784969329834, -0.05306197702884674, -0.36056777834892273, 0.5411678552627563, 0.12182489782571793, -0.3216886520385742, 0.938653290271759, 0.024596286937594414, 0.0902010053396225, 0.3316875100135803, 0.232412651181221, -6.933740615844727, -2.502545118331909, -1.5968159437179565, 0.8156996965408325, 0.04835031181573868, -1.521052360534668, -0.03634749352931976, -0.00349404732696712, -0.0011236786376684904, 0.6380100250244141, 1.139375925064087, -3.322404623031616, -0.06710398197174072, 0.0029953382909297943, 0.0033056188840419054, 0.8388242721557617, 4.021581172943115, -2.006871223449707, -0.05880480632185936, 0.0006672902381978929, -0.0005554340314120054, -0.21649716794490814, -0.7140486836433411, -3.186163902282715, -0.05928795412182808, 0.001422458328306675, 0.01764773204922676, 0.7047830820083618, 1.3683456182479858, -0.44388845562934875, -0.013293847441673279, 0.006671388633549213, -0.0010512687731534243, -1.0, -0.09694821387529373, 1.0, -0.2499578446149826, 1.0, 1.0, 1.0, 0.9562910199165344, 1.0, 1.0, -1.0, 0.13433821499347687, 1.0, 1.0, 1.0, -1.0, 1.0, 1.0, -1.0, 0.6972510814666748]
[-0.41843298077583313, -0.13847403228282928, 0.6378733515739441, 0.05154644697904587, 0.4504554867744446, 0.4117545783519745, 1.0000015497207642, 0.06244244799017906, 0.22360217571258545, 0.2009226679801941, 0.09224382042884827, 0.17563489079475403, -0.7541829347610474, -0.6811332106590271, -0.22425954043865204, 0.40353283286094666, 0.3996095061302185, 0.5583123564720154, 0.5482357740402222, -0.6620558500289917, 0.5068666934967041, 0.5423520803451538, -0.7671074271202087, 0.34877967834472656, -0.3970327377319336, -0.6549084782600403, 0.29601994156837463, -1.2163264751434326, 1.0451076030731201, 1.3111112117767334, 4.3737966137769035e-08, 0.1761840432882309, 0.09001918137073517, 0.3194548189640045, -0.20822499692440033, 0.44783875346183777, -0.7337166666984558, -0.2769416868686676, -0.17983178794384003, 0.01812153123319149, 0.9250734448432922, 0.8255489468574524, 1.0408389568328857, -0.808968722820282, 0.7580150961875916, 0.25228166580200195, -0.2798098921775818, 0.9848113059997559, 2.180283546447754, -6.815230846405029, 0.012820353731513023, -0.5202715992927551, -0.13416604697704315, -0.03950781747698784, 0.023073794320225716, -0.23119047284126282, -0.035362400114536285, -0.021224677562713623, 0.08071435987949371, -0.3713858127593994, -0.08984693139791489, -0.02339039370417595, -0.1864781677722931, 0.09232696145772934, -0.15860626101493835, -0.02893688529729843, -0.013909054920077324, 0.14772307872772217, -0.34893906116485596, -0.17249061167240143, -0.03226549178361893, -0.006999869365245104, 0.039678316563367844, -0.35793939232826233, 0.5205503702163696, 0.0657980814576149, -0.6652730107307434, 0.7433817982673645, -0.02158106118440628, 0.227888286113739, 0.0270021203905344, -0.26617172360420227, 0.5328110456466675, -0.12471647560596466, 0.45697036385536194, 0.0, -0.38999998569488525, 0.47999998927116394, 0.012645297683775425, 0.2464054822921753, 0.9690790772438049, 0.0032153106294572353, 0.8283599615097046, 0.05754188448190689, -0.001321677234955132, 0.5572314262390137, 0.011686036363244057, -0.41779643297195435, 0.5237727761268616, -0.010580367408692837, 0.6136136651039124, 0.7881364226341248, -0.046981897205114365, 0.3249094486236572, -0.28130123019218445, -0.6467000246047974, -2.623966693878174, 0.711513102054596, 0.7730298042297363, 0.03112092986702919, -0.4189431965351105, 0.5240381360054016, 0.03679341450333595, 0.47530749440193176, 0.8790490627288818, 0.0012788266176357865, 0.34307095408439636, 0.008564094081521034, -0.3976011276245117, 0.2064608335494995, 1.0447657108306885, 2.172349452972412, 0.06223654747009277, -0.42049944400787354, 0.52264404296875, 0.029435738921165466, -0.19172310829162598, 0.9718636870384216, -0.1336289942264557, 0.4258459210395813, -0.010398054495453835, -0.4444025754928589, 5.889548301696777, 1.5768424272537231, 2.9937760829925537, 0.05462387949228287, -0.3703082501888275, 0.5417463779449463, -0.12474330514669418, 0.8060255646705627, 0.5753961801528931, 0.060671694576740265, 0.3095148205757141, 0.2211146205663681, -0.5082128643989563, -10.005910873413086, -0.12740042805671692, -1.2740743160247803, -0.050788410007953644, -0.35812175273895264, 0.541710615158081, 0.09020312130451202, -0.2886970639228821, 0.9522278904914856, 0.042181357741355896, 0.06216569244861603, 0.10268964618444443, -0.028637897223234177, -2.804307699203491, -3.230668544769287, -3.1358251571655273, 0.16511079668998718, -1.1422052383422852, -2.851356267929077, -0.05664089694619179, -0.0003063802432734519, 0.002982583362609148, 0.029725585132837296, -0.8106825351715088, -1.5256175994873047, -0.03338491544127464, -0.0045550065115094185, 0.0036211838014423847, 0.5753710269927979, 1.1428602933883667, -1.8755202293395996, -0.006247491110116243, 0.0008584000752307475, -0.006382593885064125, 0.9144899845123291, -0.7700110077857971, -0.7462666034698486, -0.02545922063291073, -0.015841487795114517, -0.002557504689320922, -0.4233325719833374, 2.719270944595337, -0.2651732265949249, -0.020881572738289833, -0.00022654092754237354, 0.0013164004776626825, -1.0, -1.0, 1.0, -1.0, 1.0, 0.9933439493179321, 1.0, 0.7368906736373901, 1.0, 0.7842879295349121, -1.0, -0.08161221444606781, 0.7216050624847412, 1.0, 1.0, -1.0, 1.0, 1.0, -1.0, 1.0]
[-0.5028097629547119, -0.2486792504787445, 0.6995961666107178, -0.09457015246152878, 0.549191415309906, 0.5369296669960022, 1.0000001192092896, 0.10118690878152847, 0.2138165533542633, 0.21159754693508148, 0.07090386748313904, 0.2001955807209015, -0.8144837021827698, -0.7058713436126709, -0.25343674421310425, 0.3954707980155945, 0.4862138628959656, 0.6371967196464539, 0.6476683020591736, -0.641304075717926, 0.5997462272644043, 0.6322729587554932, -0.8007373809814453, 0.4529458284378052, -0.26574623584747314, -0.8398003578186035, 0.2319868803024292, -1.426225185394287, 0.8397963643074036, 1.06723952293396, 2.6152531518164324e-06, 0.37935176491737366, -0.21240615844726562, -0.0707409530878067, 0.030345965176820755, 0.2512945830821991, -0.4115935266017914, -0.1903127282857895, -0.13924068212509155, -0.06695413589477539, 0.7136308550834656, 0.6764044165611267, 0.8510652780532837, 0.8429967761039734, 0.6089627146720886, 0.199924036860466, -0.18603754043579102, 0.9436075091362, 2.744900703430176, -1.1794214248657227, 0.03140592575073242, -0.07423675805330276, -0.02611737698316574, -0.0158938430249691, 0.04180539399385452, -0.010893135331571102, 0.0016623875126242638, -0.009857092052698135, 0.12443090975284576, -0.0828789547085762, 0.0026409286074340343, 0.007824866101145744, -0.036338888108730316, 0.0174367967993021, -0.1023537665605545, -0.03577226400375366, -0.01578892581164837, 0.4528905749320984, -0.1617695540189743, -0.08918781578540802, -0.219297394156456, -0.07282914221286774, 0.04319029673933983, -0.3579266369342804, 0.5157824754714966, 0.0823928639292717, -0.6833727359771729, 0.725036084651947, -0.023143023252487183, 0.2083197385072708, 0.08357208967208862, -0.2896345853805542, 0.6738938689231873, 0.9745632410049438, -0.034158870577812195, 0.0, -0.38999998569488525, 0.47999998927116394, 0.012645297683775425, 0.2464054822921753, 0.9690790772438049, 0.0032153106294572353, 0.8414526581764221, 0.07418221980333328, -0.004184800665825605, 0.5351980328559875, 0.016236964613199234, -0.42282620072364807, 0.5112943053245544, -0.005563658196479082, 0.6131372451782227, 0.7879462838172913, -0.056322645395994186, 0.22811578214168549, -0.2930659353733063, -0.793274462223053, 1.4852114915847778, 1.4131803512573242, 0.36123934388160706, 0.03617257624864578, -0.41854360699653625, 0.5165370106697083, 0.039271172136068344, 0.4620670974254608, 0.8858116865158081, -0.01701395772397518, 0.2543303668498993, -0.014893927611410618, -0.4423081576824188, 3.4894025325775146, 1.3656058311462402, 1.3766326904296875, 0.06744328141212463, -0.42041686177253723, 0.5135282278060913, 0.0412311814725399, -0.2455836534500122, 0.9571043252944946, -0.14812099933624268, 0.2738208472728729, -0.05654703080654144, -0.6158629059791565, 5.6281352043151855, 1.944225549697876, 1.1674087047576904, 0.05874571576714516, -0.36692407727241516, 0.5348592400550842, -0.12121529877185822, 0.8442273736000061, 0.5190781354904175, 0.05607812851667404, 0.22706186771392822, 0.10555378347635269, -0.5264824032783508, -6.713155746459961, 0.32300299406051636, -0.6659184694290161, -0.04491931200027466, -0.3598659932613373, 0.5415456295013428, 0.09458205848932266, -0.29320865869522095, 0.9491171836853027, 0.06526363641023636, 0.504862904548645, -0.2367861121892929, -0.017306601628661156, 2.1816318035125732, 3.8637888431549072, -1.952223777770996, 0.4220218062400818, -0.10693670809268951, -0.39819997549057007, -0.017497895285487175, -0.0015110636595636606, 1.6698550098226406e-05, 0.4035329222679138, -0.050347715616226196, -0.14107786118984222, -0.01061230804771185, -0.003060456831008196, -0.0007672217907384038, 0.8930279016494751, 0.006851791404187679, -0.30257150530815125, 0.00792764313519001, 0.0030572039540857077, -0.010416136123239994, 0.361754834651947, -0.18790774047374725, -0.5984675288200378, -0.018607543781399727, -0.0013145569246262312, 0.0014674453996121883, -2.681603193283081, 1.5709162950515747, 1.5962047576904297, -0.01931678131222725, -0.029923491179943085, -0.007804658263921738, -0.7627418041229248, -1.0, 1.0, -1.0, 1.0, 0.7579420804977417, 1.0, 0.44078296422958374, 1.0, 0.341670960187912, -0.9969644546508789, -0.03683195635676384, 0.43786996603012085, 1.0, 1.0, 0.008855819702148438, 1.0, 1.0, -1.0, 1.0]
[-0.5378202199935913, -0.3644043505191803, 0.7474120259284973, -0.24096675217151642, 0.6287411451339722, 0.6378690600395203, 1.000003695487976, 0.16143175959587097, 0.20186465978622437, 0.2022305577993393, 0.10074678808450699, 0.22197043895721436, -0.8024060726165771, -0.713644802570343, -0.29304519295692444, 0.3658673167228699, 0.5546284914016724, 0.7019086480140686, 0.7289705872535706, -0.5324580669403076, 0.6731961965560913, 0.7018757462501526, -0.828353226184845, 0.5456113815307617, -0.02314080111682415, -0.7843033075332642, 0.17854802310466766, -1.3124158382415771, 0.6805734038352966, 0.8576135635375977, 7.66751963965362e-06, 0.5379012823104858, -0.11979861557483673, -0.09751678258180618, 0.017654431983828545, 0.18569809198379517, 0.3931560218334198, 0.04539256542921066, -0.23957602679729462, -0.1567041426897049, 0.6210936903953552, 0.5545048117637634, 0.6963577270507812, 1.6219948530197144, 0.4779661297798157, 0.15321645140647888, -0.17549917101860046, 0.8045000433921814, 5.93507719039917, 1.3863978385925293, 0.09725994616746902, 0.0768330842256546, 0.0028325608000159264, -0.010134815238416195, 0.09057237952947617, -0.005404874682426453, -0.010281790979206562, -0.0032502487301826477, 0.06536427140235901, -0.004357784055173397, 0.04643377661705017, 0.02861376851797104, 0.1513538360595703, 0.027539439499378204, -0.015085527673363686, -0.02036217600107193, -0.008544910699129105, 0.0178954117000103, 0.02753433957695961, -0.009336882270872593, -0.017460819333791733, -0.014160869643092155, 0.04577584192156792, -0.3568195402622223, 0.5112684965133667, 0.09760294109582901, -0.7033279538154602, 0.7041274905204773, -0.0028009016532450914, 0.13208261132240295, 0.057534243911504745, -0.2567805051803589, 0.5406069755554199, 0.8763160109519958, -0.3944244086742401, 0.0, -0.38999998569488525, 0.47999998927116394, 0.012645297683775425, 0.2464054822921753, 0.9690790772438049, 0.0032153106294572353, 0.855430543422699, 0.08410979807376862, -0.02796543762087822, 0.5102766156196594, 0.01794244349002838, -0.42684632539749146, 0.49759775400161743, 0.004083011765033007, 0.5978680849075317, 0.7991398572921753, -0.06254906207323074, 0.011747468262910843, -0.19769369065761566, -0.7682321071624756, 2.4715592861175537, 1.4924019575119019, -0.6333116888999939, 0.038640525192022324, -0.41743114590644836, 0.5092511177062988, 0.04580407962203026, 0.4468217194080353, 0.8929751515388489, -0.029115447774529457, 0.06114311143755913, 0.03867827728390694, -0.3905123174190521, 2.0947625637054443, 1.3099181652069092, 0.29018720984458923, 0.06903304159641266, -0.4201074540615082, 0.504726767539978, 0.04733046144247055, -0.2681185305118561, 0.9508984088897705, -0.1471882164478302, 0.01916489377617836, 0.01939813606441021, -0.48629844188690186, 0.6956327557563782, 0.4331030249595642, 0.07325488328933716, 0.06131225824356079, -0.36518827080726624, 0.5276357531547546, -0.11674860119819641, 0.8689329028129578, 0.4784805476665497, 0.0488034226000309, 0.1015448346734047, 0.037356745451688766, -0.48454272747039795, -5.170339107513428, 0.7927287817001343, -0.6634559631347656, -0.0356580913066864, -0.3643715977668762, 0.5412610173225403, 0.14257843792438507, -0.31677842140197754, 0.9335635900497437, 0.08821488171815872, 0.663756787776947, -0.3440264165401459, -0.11048574000597, 3.8396170139312744, 7.501029014587402, -0.8571194410324097, 1.07184636592865, 0.4784417450428009, 0.2521117925643921, -0.0029581887647509575, -0.00528000807389617, -0.0025124556850641966, 1.0753614902496338, 0.2976241409778595, -0.051482461392879486, 0.0012141127372160554, -0.00515198428183794, -0.0048840767703950405, 0.8335510492324829, -0.5450426936149597, 0.35505902767181396, 0.020438125357031822, 0.0009847073815762997, 0.004247402772307396, 0.561547577381134, 0.2379312813282013, -0.42639702558517456, -0.004975940566509962, -0.0028198782820254564, 0.00391018483787775, -0.12295027077198029, 0.41085121035575867, 0.3206871747970581, -0.007189735770225525, -0.01219366304576397, -0.005082895513623953, -0.5480139255523682, -1.0, 1.0, -1.0, 1.0, 0.8177294731140137, 1.0, 0.44343048334121704, 1.0, 0.2789071202278137, -0.46242597699165344, 0.15660496056079865, 0.4481167495250702, 1.0, 1.0, 0.3129405975341797, 1.0, 1.0, -1.0, 1.0]
[-0.5088367462158203, -0.4663831293582916, 0.7851323485374451, -0.36993521451950073, 0.6935991644859314, 0.7193858623504639, 1.000001072883606, 0.2149837464094162, 0.18401862680912018, 0.19081613421440125, 0.08833916485309601, 0.19749747216701508, -0.7419019341468811, -0.6990241408348083, -0.36254921555519104, 0.30521029233932495, 0.6102561950683594, 0.7535215020179749, 0.7945629954338074, -0.3930370509624481, 0.7322684526443481, 0.7569198608398438, -0.8556223511695862, 0.6231428384780884, 0.17045488953590393, -0.6893167495727539, 0.14966709911823273, -1.1231341361999512, 0.5575569272041321, 0.697144091129303, 2.746297241174034e-06, 0.46355316042900085, -0.1858949512243271, -0.10728041082620621, 0.005199205130338669, -0.40390607714653015, 0.6637497544288635, 0.2036597728729248, -0.3236532211303711, -0.20666317641735077, 0.4221590459346771, 0.36643528938293457, 0.5101777911186218, 1.7666443586349487, 0.3901241719722748, 0.12386950105428696, -0.16738758981227875, 0.6674191951751709, 2.633045196533203, 1.0534634590148926, 0.04403787851333618, 0.07950699329376221, 0.008526324294507504, -0.006314036902040243, 0.03706470504403114, 0.04149011895060539, 0.01631348766386509, 0.0060935174115002155, 0.0978667140007019, -0.13750901818275452, -0.049095794558525085, -0.013114694505929947, 0.13645760715007782, 0.03343915939331055, -0.04661078751087189, -0.05003533884882927, -0.02335307188332081, -0.12053220719099045, 0.03963842615485191, -0.0038889776915311813, 0.04891664534807205, 0.009185428731143475, 0.04717715084552765, -0.35676857829093933, 0.5069118142127991, 0.12665985524654388, -0.7170499563217163, 0.6833330392837524, 0.053408198058605194, -0.02869836427271366, -0.06874582171440125, -0.26244497299194336, 0.2783156931400299, 2.3654541969299316, -0.06441903114318848, 0.0, -0.38999998569488525, 0.47999998927116394, 0.012645297683775425, 0.2464054822921753, 0.9690790772438049, 0.0032153106294572353, 0.8629870414733887, 0.09863684326410294, -0.08983665704727173, 0.4872920513153076, 0.015768878161907196, -0.4293277859687805, 0.4850097596645355, 0.018090639263391495, 0.5801151990890503, 0.8120102882385254, -0.06146881356835365, -0.16974394023418427, -0.11115001142024994, -0.6859171390533447, 2.509427785873413, 1.3488179445266724, -1.4785401821136475, 0.037663642317056656, -0.4169222116470337, 0.5029109716415405, 0.05567749962210655, 0.42924487590789795, 0.9009243845939636, -0.03137078881263733, -0.09361802041530609, -0.003976117819547653, -0.3361067771911621, 2.4088246822357178, 1.1260837316513062, -0.7478914260864258, 0.0678856149315834, -0.4212613105773926, 0.4957914352416992, 0.04843230918049812, -0.2780506908893585, 0.9483895301818848, -0.14456580579280853, -0.12797127664089203, -0.11965089291334152, -0.5583016872406006, 1.0468283891677856, 0.4279402494430542, -0.8559457063674927, 0.062014140188694, -0.3648424446582794, 0.5208847522735596, -0.11149640381336212, 0.8858609795570374, 0.44872885942459106, 0.03822594881057739, -0.003631242550909519, -0.0443294532597065, -0.4120863676071167, -2.707317352294922, 1.2210644483566284, -0.4322039484977722, -0.026574397459626198, -0.3692026436328888, 0.5393441915512085, 0.20593924820423126, -0.3425486087799072, 0.9100958704948425, 0.10942965000867844, 0.605665385723114, -0.3322369456291199, -0.2651768922805786, 4.14946174621582, 8.103854179382324, -0.28371039032936096, 0.4927990138530731, 0.4244624972343445, 0.2673610746860504, 5.2899853471899405e-05, -0.0025155064649879932, -0.0014423404354602098, 0.4893128573894501, 0.06109994649887085, 0.26256507635116577, 0.0070100161246955395, -0.0021439800038933754, -0.002470143139362335, 0.7751157283782959, 0.6536474823951721, -0.024085916578769684, -0.00330998282879591, 0.002779395319521427, -0.007797379046678543, 0.2730709910392761, 0.3066900670528412, -0.6750364303588867, -0.018752720206975937, -0.006371868774294853, 0.0037736494559794664, 0.6249117255210876, 0.2819322645664215, -0.24579671025276184, -0.0024354427587240934, -0.0008131570648401976, 0.0007776007987558842, -0.09822332859039307, -1.0, 1.0, -1.0, 1.0, 0.6770398616790771, 1.0, 0.3393704891204834, 1.0, -0.34475061297416687, -0.3968532085418701, 0.10209764540195465, 0.1076907142996788, 1.0, 1.0, 0.41354191303253174, 1.0, 1.0, -1.0, 1.0]
[-0.4358954429626465, -0.5587489604949951, 0.8169280886650085, -0.47851186990737915, 0.7469181418418884, 0.7861169576644897, 1.0000001192092896, 0.25266459584236145, 0.17616036534309387, 0.1824803650379181, 0.0907968282699585, 0.1356828659772873, -0.6260427236557007, -0.666222333908081, -0.41239914298057556, 0.26654934883117676, 0.6494038701057434, 0.7814760804176331, 0.8389026522636414, -0.2539513409137726, 0.7814435362815857, 0.8026980757713318, -0.8808820843696594, 0.6872721910476685, 0.34708818793296814, -0.6279557943344116, 0.12348790466785431, -0.9373174905776978, 0.4593639075756073, 0.5737558007240295, 4.695518327935133e-06, 0.28921768069267273, -0.007127337157726288, -0.042402233928442, 0.024753252044320107, -0.589674174785614, 1.3142945766448975, 0.413957417011261, -0.16371111571788788, -0.1548556089401245, 0.31866294145584106, 0.21469281613826752, 0.33705082535743713, 1.6854184865951538, 0.32468780875205994, 0.10319498926401138, -0.15296399593353271, 0.5508469939231873, 3.774502754211426, 0.9153163433074951, 0.07228430360555649, 0.06436051428318024, 0.007855692878365517, -0.00452794274315238, 0.04808969423174858, 0.009821043349802494, 0.022528236731886864, 0.012942817062139511, 0.09648540616035461, 0.018654853105545044, 0.04544999450445175, 0.026192553341388702, 0.21278217434883118, 0.010984236374497414, -0.009213874116539955, -0.01651979796588421, -0.006407813169062138, -0.22169753909111023, 0.019192546606063843, -0.011332957074046135, 0.1019192636013031, 0.02595694363117218, 0.045512605458498, -0.35791629552841187, 0.5026058554649353, 0.20530185103416443, -0.7184735536575317, 0.649713933467865, 0.1397087574005127, -0.15223734080791473, -0.07153473049402237, -0.2509341835975647, 0.43962374329566956, 2.0764071941375732, -0.25341320037841797, 0.0, -0.38999998569488525, 0.47999998927116394, 0.012645297683775425, 0.2464054822921753, 0.9690790772438049, 0.0032153106294572353, 0.8552442193031311, 0.1540028303861618, -0.1929726004600525, 0.45563367009162903, 0.010859198868274689, -0.43042272329330444, 0.4736603796482086, 0.034647136926651, 0.5620406270027161, 0.8245600461959839, -0.05486798658967018, -0.3277783691883087, -0.0400952510535717, -0.6114218831062317, 2.43165922164917, 1.1918604373931885, -2.2369027137756348, 0.03429921343922615, -0.4169452488422394, 0.49691832065582275, 0.06737393140792847, 0.4124085009098053, 0.9081094264984131, -0.026778921484947205, -0.23772157728672028, -0.030404478311538696, -0.33274829387664795, 1.8006725311279297, 0.9659755825996399, -1.5694358348846436, 0.06414737552404404, -0.42317473888397217, 0.4867262840270996, 0.045236967504024506, -0.2720748782157898, 0.9518728256225586, -0.13366703689098358, -0.32044681906700134, -0.07412266731262207, -0.486856609582901, -2.4864072799682617, -0.603369414806366, -1.7754029035568237, 0.06065088137984276, -0.36580997705459595, 0.5151529312133789, -0.10043399035930634, 0.893477201461792, 0.4364875257015228, 0.03301532194018364, -0.13660724461078644, -0.09139315038919449, -0.3281536400318146, -1.075195074081421, 0.7667847275733948, -1.3421850204467773, -0.019195789471268654, -0.37358319759368896, 0.5353260040283203, 0.2686254382133484, -0.3670884966850281, 0.881476879119873, 0.12682579457759857, 0.44267451763153076, -0.28344088792800903, -0.39773380756378174, 4.266835689544678, 7.593733787536621, -0.22937357425689697, 0.7032394409179688, 0.3429397642612457, 0.19710615277290344, 0.000616153993178159, -0.003538330551236868, -0.001977246953174472, 0.6815274953842163, -0.09786377847194672, 0.17072321474552155, 0.011474860832095146, -0.0031227637082338333, -0.003318860661238432, 0.8707437515258789, -0.5548942685127258, 0.2712341248989105, 0.017869140952825546, 0.002629297785460949, -0.005035483278334141, 0.5992721319198608, 0.2234344482421875, -0.4050275683403015, -0.0030562961474061012, -0.00602166261523962, -0.0001330601517111063, 1.3336358070373535, 0.38637709617614746, -0.6095468401908875, -0.0026508935261517763, 0.004618772771209478, 0.000590182316955179, 0.4691260755062103, -1.0, 1.0, -1.0, 1.0, 0.4896203279495239, 1.0, 0.4982735514640808, 1.0, -0.45656925439834595, 0.1311502307653427, -0.23230795562267303, -0.12305914610624313, 1.0, 1.0, 0.47582536935806274, 1.0, 1.0, -1.0, 1.0]
[-0.3157646954059601, -0.639559805393219, 0.8431456685066223, -0.5689755082130432, 0.7908899188041687, 0.8411860466003418, 0.9858794808387756, 0.2876655161380768, 0.16764141619205475, 0.17879459261894226, 0.09668415784835815, 0.03471646085381508, -0.4739219546318054, -0.6133026480674744, -0.47947484254837036, 0.2294853776693344, 0.6843401789665222, 0.8090661764144897, 0.8713904023170471, -0.13613267242908478, 0.8220121264457703, 0.8404874801635742, -0.9045836925506592, 0.7356874346733093, 0.5219975709915161, -0.5342385172843933, 0.10276009887456894, -0.7795535922050476, 0.37911179661750793, 0.47400590777397156, -0.09519369155168533, 0.2972596287727356, -0.13855955004692078, -0.04315892606973648, 0.04651212692260742, -1.0507426261901855, 1.4825748205184937, 0.635606586933136, -0.38601645827293396, -0.15478241443634033, 0.35517454147338867, 0.2993527352809906, 0.2982310950756073, 1.3201661109924316, 0.2656020224094391, 0.08427614718675613, -0.14092543721199036, 0.39272597432136536, 3.4954981803894043, 1.2008824348449707, 0.07247652113437653, 0.06901273131370544, 0.006858185399323702, -0.004495125729590654, 0.027543600648641586, 0.03613163158297539, 0.003278588643297553, -0.0007103210082277656, 0.09408627450466156, -0.06809445470571518, -0.03367653489112854, -0.0027822363190352917, 0.08084021508693695, 0.012296759523451328, 0.00687979394569993, 0.008744604885578156, 0.0059543512761592865, -0.3172294497489929, 0.013816401362419128, -0.009668359532952309, 0.15218114852905273, 0.04178302735090256, 0.042479585856199265, -0.3593824803829193, 0.49861910939216614, 0.27319809794425964, -0.7137245535850525, 0.6063957810401917, 0.2196454107761383, -0.21206660568714142, -0.06557804346084595, -0.2288886457681656, 0.48476916551589966, 2.507551431655884, -0.35426589846611023, 0.0, -0.38999998569488525, 0.47999998927116394, 0.012645297683775425, 0.2464054822921753, 0.9690790772438049, 0.0032153106294572353, 0.8391757607460022, 0.20066586136817932, -0.28724682331085205, 0.4159407317638397, 0.003226279513910413, -0.43039989471435547, 0.4638352692127228, 0.05348566919565201, 0.5448186993598938, 0.8358005881309509, -0.041824400424957275, -0.4731200337409973, 0.018892614170908928, -0.5158306956291199, 2.142235040664673, 0.9504576325416565, -3.014133930206299, 0.028539903461933136, -0.4171603322029114, 0.49178534746170044, 0.07878812402486801, 0.3980136811733246, 0.913844108581543, -0.016318587586283684, -0.3734813630580902, -0.05035720393061638, -0.266056627035141, 2.062856435775757, 0.5332328081130981, -2.0951454639434814, 0.0577353872358799, -0.42579883337020874, 0.47721534967422485, 0.03909093886613846, -0.25658464431762695, 0.9588020443916321, -0.11547605693340302, -0.4787588119506836, -0.13499946892261505, -0.5506850481033325, -2.634443998336792, -0.47699350118637085, -2.735166549682617, 0.05779637023806572, -0.3674079179763794, 0.5098045468330383, -0.08430095762014389, 0.8992323875427246, 0.42835360765457153, 0.028065716847777367, -0.19292955100536346, -0.10680897533893585, -0.33338484168052673, -1.491358995437622, 1.4629627466201782, -1.7568129301071167, -0.015309643000364304, -0.3768206536769867, 0.5301147103309631, 0.3199356198310852, -0.3898567855358124, 0.8516837954521179, 0.1424344927072525, 0.16529271006584167, -0.19434866309165955, -0.42308977246284485, 3.816671371459961, 5.956667900085449, -0.7674505114555359, 0.6626111268997192, 0.4019901156425476, 0.17056846618652344, 0.0015347262378782034, -0.0033445097506046295, -0.002241602400317788, 0.6434745192527771, 0.20961201190948486, 0.17288067936897278, 0.0024338592775166035, 0.0001287444174522534, -0.0025658458471298218, 0.8312415480613708, 0.34760361909866333, 0.05425536632537842, 0.00243181805126369, 0.002311360789462924, -0.005308846943080425, 0.2871045172214508, 0.001891509396955371, -0.0611363910138607, 0.005982724018394947, -0.000554928439669311, 0.0034522719215601683, 1.9815757274627686, 0.2830699384212494, -0.8551292419433594, -0.0012699962826445699, 0.010077818296849728, 0.0016715226229280233, 0.8269484043121338, -1.0, 1.0, -1.0, 1.0, 0.2699861228466034, 1.0, 0.3037331700325012, 1.0, -1.0, 0.24406346678733826, -0.6778452396392822, -0.10982110351324081, 1.0, 1.0, 0.3787289559841156, 1.0, 1.0, -1.0, 0.9494531750679016]
[-0.17258505523204803, -0.7086984515190125, 0.8672075271606445, -0.6438281536102295, 0.8123249411582947, 0.8812734484672546, 0.939501941204071, 0.32863572239875793, 0.14635629951953888, 0.17236988246440887, 0.11444206535816193, -0.08752117305994034, -0.30777880549430847, -0.49132534861564636, -0.5797942876815796, 0.19672757387161255, 0.7228775024414062, 0.841575026512146, 0.9052044153213501, -0.05862551927566528, 0.8543276190757751, 0.870358407497406, -0.9257522225379944, 0.770211935043335, 0.5455989241600037, -0.4550933837890625, 0.09794852882623672, -0.6443266272544861, 0.10291752964258194, 0.2613280713558197, -0.22480598092079163, 0.38084837794303894, -0.2414718121290207, -0.07542719691991806, 0.07180008292198181, -1.1439509391784668, 1.5768418312072754, 1.5960501432418823, -0.518195629119873, -0.11009204387664795, 0.38694167137145996, 0.3114619553089142, 0.3351381719112396, 0.751002311706543, 0.20847879350185394, 0.06516063213348389, -0.12023115158081055, 0.28130054473876953, 0.2714754343032837, 1.0960206985473633, 0.00018089954392053187, 0.07219202071428299, -0.004919734317809343, -0.016050666570663452, -0.005698227323591709, 0.060935020446777344, 0.012168227694928646, 0.0008899322710931301, -0.0026705791242420673, 0.020229164510965347, -0.0046934159472584724, 0.030589105561375618, 0.02049010992050171, 0.009078328497707844, 0.02033987082540989, 0.001990480348467827, 0.002248546574264765, -0.27704885601997375, 0.03836667165160179, 0.006616006605327129, 0.13811352849006653, 0.041286543011665344, 0.039068423211574554, -0.3606748878955841, 0.4949791133403778, 0.34395110607147217, -0.6984084844589233, 0.5489457249641418, 0.3042724132537842, -0.20226596295833588, -0.05797328054904938, -0.2017425000667572, 0.5642916560173035, 3.0195305347442627, -0.2709967792034149, 0.0, -0.38999998569488525, 0.47999998927116394, 0.012645297683775425, 0.2464054822921753, 0.9690790772438049, 0.0032153106294572353, 0.8093345761299133, 0.24915431439876556, -0.3866819739341736, 0.36520788073539734, -0.005671008490025997, -0.42965638637542725, 0.4554527699947357, 0.07294678688049316, 0.522193968296051, 0.849350094795227, -0.024422258138656616, -0.4877147972583771, 0.036815039813518524, -0.4189589023590088, 3.5470948219299316, 0.722645103931427, -3.3551151752471924, 0.021763313561677933, -0.4171670377254486, 0.4877445697784424, 0.08573570102453232, 0.38239219784736633, 0.9200012683868408, -0.004827430006116629, -0.39290592074394226, -0.019138788804411888, -0.19769756495952606, 2.0322535037994385, -0.017031367868185043, -1.7024362087249756, 0.049666352570056915, -0.42810797691345215, 0.467733234167099, 0.030672358348965645, -0.21406270563602448, 0.9719457626342773, -0.09250785410404205, -0.533125638961792, -0.0026226737536489964, -0.4903462529182434, -7.767580986022949, -1.317606806755066, -2.83937406539917, 0.054545897990465164, -0.36880600452423096, 0.5045869946479797, -0.06596024334430695, 0.9064223766326904, 0.4167202413082123, 0.01979471556842327, -0.1929708570241928, -0.0840846374630928, -0.3247779905796051, -1.8995747566223145, 1.8660547733306885, -1.642066478729248, -0.015175463631749153, -0.37866130471229553, 0.5252271294593811, 0.3514336347579956, -0.4095744490623474, 0.8271013498306274, 0.15699201822280884, -0.06701092422008514, -0.10478179901838303, -0.3343227207660675, 2.718968391418457, 3.473128080368042, -1.407492995262146, 0.05079839751124382, 0.5762078762054443, 0.07008074223995209, -0.007407548371702433, -5.809013600810431e-06, -0.0007386222714558244, 0.07710179686546326, 0.15441164374351501, 0.3365090489387512, 0.003206107299774885, 0.001827889820560813, -0.0003228406421840191, 0.021984267979860306, -0.3357502818107605, 0.1997203826904297, 0.02555285021662712, 0.0001793846458895132, 0.00032922124955803156, -0.09370110183954239, 0.0979403704404831, -0.01793113723397255, 0.003717652289196849, 0.0006732995389029384, 0.00192462676204741, 1.7970812320709229, -0.09705722332000732, -0.6054528951644897, 0.001562535879202187, 0.012533251196146011, 0.0037274181377142668, 0.698285698890686, -1.0, 1.0, -1.0, 0.8239495158195496, 0.08493480086326599, 1.0, 0.16667884588241577, 1.0, -1.0, 0.49110761284828186, -0.9399683475494385, -0.06980020552873611, 1.0, 1.0, 0.1748233139514923, 1.0, 1.0, -1.0, 0.9257029294967651]
[-0.0438261404633522, -0.7668330073356628, 0.89082270860672, -0.7055288553237915, 0.7882317900657654, 0.8900095224380493, 0.8731849789619446, 0.3776771128177643, 0.10795141011476517, 0.16157586872577667, 0.1255115419626236, -0.21199259161949158, -0.17330048978328705, -0.3120020627975464, -0.6919959783554077, 0.19335056841373444, 0.7638645172119141, 0.8741114735603333, 0.9422577619552612, -0.020695334300398827, 0.8788968324661255, 0.892431378364563, -0.942599892616272, 0.8000327348709106, 0.4342384338378906, -0.37898585200309753, 0.09594550728797913, -0.5319527983665466, -0.3933059275150299, -0.04954678565263748, -0.2874029576778412, 0.4493597447872162, -0.4280300736427307, -0.12710393965244293, 0.021851127967238426, -1.0739928483963013, 1.1157976388931274, 1.6177748441696167, -0.5327075719833374, 0.03652242571115494, 0.3505406975746155, 0.29417476058006287, 0.36057206988334656, 0.3088671863079071, 0.1577606201171875, 0.04756590351462364, -0.09077062457799911, 0.2732611298561096, -2.6211729049682617, 0.9936145544052124, -0.07058025896549225, 0.08025657385587692, -0.015180408954620361, -0.021058402955532074, -0.030468665063381195, 0.06508710235357285, 0.005800934042781591, -0.003382096765562892, -0.0859464704990387, 0.1061134934425354, 0.0008471717592328787, -0.013463595882058144, -0.006618570536375046, 0.0066316029988229275, 0.011133230291306973, -0.009652591310441494, -0.0034912654664367437, -0.1305747926235199, 0.0783771350979805, 0.029067041352391243, 0.07187303900718689, 0.02459488995373249, 0.03644876182079315, -0.36147576570510864, 0.4920927584171295, 0.4286121428012848, -0.6661540269851685, 0.471267968416214, 0.3878617584705353, -0.1243346780538559, -0.04044690355658531, -0.12039347738027573, 1.0059378147125244, 3.9454562664031982, 0.17156431078910828, 0.0, -0.38999998569488525, 0.47999998927116394, 0.012645297683775425, 0.2464054822921753, 0.9690790772438049, 0.0032153106294572353, 0.758152425289154, 0.311686635017395, -0.4883894622325897, 0.299219012260437, -0.013784753158688545, -0.4288908541202545, 0.44813594222068787, 0.08994012326002121, 0.4799483120441437, 0.872655987739563, -0.005652903579175472, -0.3975880444049835, -0.011120515875518322, -0.32948800921440125, 6.6135430335998535, 0.244966059923172, -3.362614631652832, 0.015820851549506187, -0.4167367219924927, 0.4847964942455292, 0.0874893069267273, 0.3647119402885437, 0.9269922971725464, 0.004000868182629347, -0.31064918637275696, -0.0003853072412312031, -0.13053613901138306, 2.5267059803009033, -0.43763861060142517, -1.0382189750671387, 0.04229512810707092, -0.42952314019203186, 0.4585307538509369, 0.023516124114394188, -0.15858159959316254, 0.9843867421150208, -0.07267498970031738, -0.4182029068470001, 0.04674530774354935, -0.4823281168937683, -6.3563008308410645, -0.8019631505012512, -2.0650644302368164, 0.05195571854710579, -0.3694595694541931, 0.49981433153152466, -0.04688710719347, 0.9144627451896667, 0.4018486440181732, 0.008783480152487755, -0.1315569132566452, -0.04461546987295151, -0.293253630399704, -1.986836552619934, 2.1445424556732178, -1.4363242387771606, -0.017105259001255035, -0.3794224262237549, 0.5215606093406677, 0.36336711049079895, -0.42456769943237305, 0.811587929725647, 0.17038686573505402, -0.15227752923965454, -0.04529985040426254, -0.2168424129486084, 1.4140154123306274, 1.396101713180542, -1.7226529121398926, -0.5044641494750977, 0.6660631895065308, -0.0018736558267846704, -0.01106745470315218, 0.00306822475977242, 0.0009550448739901185, -0.4392738938331604, 0.20831294357776642, 0.3363226354122162, -0.0002574024838395417, 0.0031038899905979633, 0.0018940215231850743, -0.6595638990402222, 0.11486257612705231, 0.3810587227344513, -0.01174065750092268, -0.0008617558050900698, 0.0045623076148331165, -0.3980671167373657, 0.15095016360282898, -0.09801046550273895, -0.0012270129518583417, 0.0010832023108378053, -0.00015030532085802406, 0.950527548789978, -0.5069960355758667, -0.060781218111515045, 0.003739179577678442, 0.009386449120938778, 0.00374197238124907, 0.38071903586387634, -1.0, 1.0, -1.0, 0.46867090463638306, -0.0661664605140686, 1.0, -0.05114760994911194, 1.0, -1.0, 0.28793734312057495, -1.0, 0.1533036231994629, 1.0, 1.0, 0.044328466057777405, 1.0, 1.0, -1.0, 0.966253399848938]
[0.03576207533478737, -0.8081488013267517, 0.9141835570335388, -0.7570676803588867, 0.7113087773323059, 0.8736882209777832, 0.796026349067688, 0.4306729733943939, 0.04377545788884163, 0.14371678233146667, 0.12950436770915985, -0.325742244720459, -0.06616093218326569, -0.16654546558856964, -0.7966394424438477, 0.2184751033782959, 0.7969346046447754, 0.9018182754516602, 0.9779232740402222, -0.018809335306286812, 0.8963534832000732, 0.9070578217506409, -0.9556360840797424, 0.8298255801200867, 0.19876734912395477, -0.2307223081588745, 0.0934583991765976, -0.44741201400756836, -0.8766460418701172, -0.2362683117389679, -0.3269423544406891, 0.48914262652397156, -0.6843832731246948, -0.20561949908733368, 0.002781535033136606, -0.9820438623428345, 0.9602203369140625, 1.1967748403549194, -0.4643923342227936, 0.13567934930324554, 0.26364752650260925, 0.2333259880542755, 0.3105197846889496, -0.1357429325580597, 0.11084654182195663, 0.030702058225870132, -0.06964235007762909, 0.2773752510547638, -5.072931289672852, 1.6952157020568848, -0.1334029585123062, 0.12712299823760986, -0.007942075841128826, -0.018644968047738075, -0.04877975583076477, 0.10401582717895508, 0.009576681070029736, -0.005068885162472725, -0.1483187973499298, 0.14408615231513977, 0.02978971041738987, -0.008308332413434982, 0.014446612447500229, -0.001943474868312478, 0.04144568741321564, -0.011544862762093544, -0.007666273042559624, -0.076937735080719, 0.1587497889995575, 0.06804986298084259, 0.049447908997535706, 0.018775520846247673, 0.03560848906636238, -0.3618321716785431, 0.4904181659221649, 0.5181974768638611, -0.6158438920974731, 0.3819532096385956, 0.4542238414287567, 0.002698157913982868, -0.010550860315561295, -0.045512571930885315, 1.118719458580017, 3.6909050941467285, 0.5259070992469788, 0.0, -0.38999998569488525, 0.47999998927116394, 0.012645297683775425, 0.2464054822921753, 0.9690790772438049, 0.0032153106294572353, 0.6868391633033752, 0.38344109058380127, -0.5744249224662781, 0.22640883922576904, -0.019298898056149483, -0.42887264490127563, 0.4419650137424469, 0.10081750154495239, 0.41755104064941406, 0.9029775857925415, 0.010884370654821396, -0.21680773794651031, -0.10774558782577515, -0.23304559290409088, 8.739696502685547, -0.3803307116031647, -2.7314293384552, 0.012367898598313332, -0.41622090339660645, 0.48318788409233093, 0.08323372900485992, 0.3415258228778839, 0.936155378818512, 0.00672256899997592, -0.13817712664604187, -0.0076661016792058945, -0.02683674730360508, 3.260071039199829, -0.8554868102073669, 0.06262166798114777, 0.037649281322956085, -0.42978769540786743, 0.4508832097053528, 0.019752854481339455, -0.11702051013708115, 0.9910686016082764, -0.060818545520305634, -0.19812434911727905, 0.08872326463460922, -0.37280037999153137, -4.6922807693481445, -0.5173189043998718, -0.8565288186073303, 0.051040150225162506, -0.36936208605766296, 0.49603211879730225, -0.03213752061128616, 0.9214034080505371, 0.38724738359451294, -0.00471966527402401, -0.018697433173656464, 0.0061531588435173035, -0.21301336586475372, -1.845691204071045, 2.0652406215667725, -0.5744721293449402, -0.019344795495271683, -0.3793722689151764, 0.5197751522064209, 0.358722984790802, -0.431304931640625, 0.8076258897781372, 0.18175353109836578, -0.14202526211738586, 0.011900151148438454, -0.04554503411054611, -0.4523536264896393, -0.5436179637908936, -1.5739374160766602, -0.9595915675163269, 0.8557299375534058, 0.15846028923988342, -0.005809019785374403, 0.00542420195415616, 0.0024453618098050356, -0.8425171375274658, 0.35263028740882874, 0.5635801553726196, 0.00022056892339605838, 0.00471464404836297, 0.003628835314884782, -1.156447410583496, -0.016618844121694565, 0.7058024406433105, -0.008557614870369434, -0.0012718320358544588, 0.006792270112782717, -0.6401239633560181, 0.40519118309020996, -0.15428675711154938, -0.0015884049935266376, 0.0022315429523587227, -0.00364592089317739, 0.6558643579483032, -1.1267420053482056, 0.33209219574928284, 0.007329135667532682, 0.008281687274575233, 0.00359160709194839, -0.1300356686115265, -0.8710783123970032, 1.0, -1.0, 0.10917378962039948, -0.17904618382453918, 1.0, -0.3190113306045532, 1.0, -1.0, 0.3832058310508728, -1.0, 0.2986847758293152, 1.0, 1.0, -0.14880722761154175, 1.0, 1.0, -1.0, 1.0]
[0.043183282017707825, -0.7924032807350159, 0.9361867308616638, -0.8030334115028381, 0.585971474647522, 0.8397059440612793, 0.715928852558136, 0.4863578975200653, -0.05389072000980377, 0.11613967269659042, 0.12950752675533295, -0.4340818524360657, 0.032173607498407364, -0.053258247673511505, -0.8923202157020569, 0.26926329731941223, 0.8203480243682861, 0.9239819645881653, 1.000001072883606, -0.05057724192738533, 0.9055938720703125, 0.9124990105628967, -0.9673283696174622, 0.8570219874382019, -0.095197394490242, 0.3389626741409302, 0.08524244278669357, -0.4059983193874359, -1.3045753240585327, -0.39006921648979187, -0.32945629954338074, 0.5375778079032898, -1.0133886337280273, -0.3087749779224396, -0.012280267663300037, -0.960553765296936, 0.9078535437583923, 1.0191692113876343, -0.4247966706752777, 0.24173755943775177, 0.17302046716213226, 0.1878872513771057, -2.2671954866382293e-05, -0.5389412045478821, 0.0537155456840992, 0.008605701848864555, -0.06523578613996506, 0.23975253105163574, -6.11723518371582, 5.753500938415527, -0.15759152173995972, 0.3243357539176941, 0.01795225590467453, -0.02298935316503048, -0.0493069551885128, 0.25311797857284546, 0.030115339905023575, -0.005795239005237818, -0.17743879556655884, 0.3575842082500458, 0.08178092539310455, 0.011368448846042156, 0.2544708847999573, -0.0031404944602400064, 0.10886804014444351, -0.020771227777004242, -0.02283758483827114, -0.17809106409549713, 0.3497586250305176, 0.15638722479343414, 0.1048208698630333, 0.03525024279952049, 0.03728993609547615, -0.36161187291145325, 0.49162718653678894, 0.5988947153091431, -0.5452213287353516, 0.29902392625808716, 0.5046221017837524, 0.16728296875953674, 0.029518797993659973, 0.19427840411663055, 0.7822876572608948, 3.508119583129883, 0.9044324159622192, 0.0, -0.38999998569488525, 0.47999998927116394, 0.012645297683775425, 0.2464054822921753, 0.9690790772438049, 0.0032153106294572353, 0.597588300704956, 0.4505004584789276, -0.6425226330757141, 0.1646280437707901, -0.020825939252972603, -0.43121063709259033, 0.43977493047714233, 0.10225463658571243, 0.3476736545562744, 0.9317368268966675, 0.023096781224012375, 0.02396262437105179, -0.31163740158081055, 0.09591449052095413, 8.557111740112305, -1.2551615238189697, -1.7296298742294312, 0.012500782497227192, -0.416054904460907, 0.4857858121395111, 0.07180462032556534, 0.31978639960289, 0.9447628855705261, 0.001946143456734717, 0.07720761001110077, -0.020335763692855835, 0.32120460271835327, 2.3493971824645996, -1.3675286769866943, 1.318339228630066, 0.037178732454776764, -0.4300338923931122, 0.4482620358467102, 0.016714321449398994, -0.0721181333065033, 0.9954261183738708, -0.06038564443588257, 0.07714556157588959, 0.06901034712791443, 0.038751401007175446, -6.464363098144531, -0.8787747025489807, 0.6473376750946045, 0.052633486688137054, -0.36826592683792114, 0.4952579438686371, -0.025346186012029648, 0.9298431277275085, 0.36649882793426514, -0.020685723051428795, 0.13500641286373138, 0.06164674833416939, 0.028664233162999153, -2.563688039779663, 1.8909821510314941, 0.47326427698135376, -0.02091345377266407, -0.3781188130378723, 0.521857500076294, 0.3378472328186035, -0.4200100898742676, 0.8201882839202881, 0.19168142974376678, -0.09062358736991882, 0.13164614140987396, 0.3110944926738739, -4.075674057006836, -2.481048583984375, -0.9543318748474121, -1.067755103111267, 1.9067015647888184, 0.8772845268249512, 0.0056111691519618034, 0.006643414497375488, 0.0010747818741947412, -0.8626430034637451, 0.9904492497444153, 1.5373363494873047, 0.009061499498784542, 0.005438530817627907, 0.0023386278189718723, -1.333499550819397, -0.0999917984008789, 2.0968384742736816, 0.00986857246607542, -0.0006021986482664943, 0.007750147022306919, -0.7617590427398682, 1.131835699081421, -0.6836289167404175, -0.0058600520715117455, 0.0022433637641370296, -0.005075260531157255, 1.4475351572036743, -2.4135069847106934, 0.6164558529853821, 0.014818767085671425, 0.012089677155017853, 0.0010300346184521914, -0.6733204126358032, -0.1264495551586151, 1.0, -1.0, -0.2562289834022522, -0.21988707780838013, 1.0, -0.6677384376525879, 1.0, -1.0, 0.5289052724838257, -1.0, 0.5200197100639343, 1.0, 1.0, -0.3684973120689392, 1.0, 1.0, -1.0, 1.0]
[-0.021010257303714752, -0.6821659207344055, 0.9550246000289917, -0.8443711996078491, 0.4098331332206726, 0.7892062664031982, 0.641786515712738, 0.5458993911743164, -0.18538737297058105, 0.07732145488262177, 0.12498986721038818, -0.5378968119621277, 0.12079527974128723, 0.049691151827573776, -0.9791804552078247, 0.3436640799045563, 0.8354676365852356, 0.941851794719696, 1.0000015497207642, -0.12063086032867432, 0.9094257354736328, 0.9120143055915833, -0.9517937898635864, 0.8795878887176514, -0.3424626886844635, 1.0537530183792114, 0.06933513283729553, -0.35668283700942993, -1.7944568395614624, -0.5517930388450623, -0.2885238826274872, 0.5620536208152771, -1.319548487663269, -0.41375502943992615, -0.028690068051218987, -0.9120359420776367, 0.7934606075286865, 0.9432733654975891, -0.3742729425430298, 0.34157153964042664, 0.12129389494657516, 0.1474674493074417, 5.406483523984207e-06, -1.0585261583328247, 0.03001907467842102, 0.00042853373452089727, 0.1935625970363617, 0.19666580855846405, -4.920658588409424, 9.264276504516602, -0.12691152095794678, 0.49469268321990967, 0.04808366671204567, -0.027255404740571976, -0.03239697217941284, 0.3304475247859955, 0.04300396889448166, -0.005738964304327965, -0.14863130450248718, 0.538032591342926, 0.10799242556095123, 0.010954366065561771, 0.5001416206359863, -0.0008123135776259005, 0.16185468435287476, -0.027897266671061516, 0.00179845723323524, -0.3440116047859192, 0.4772462844848633, 0.21109269559383392, 0.2202901542186737, 0.07280077785253525, 0.04145438224077225, -0.36041155457496643, 0.49748024344444275, 0.6603472828865051, -0.4546075463294983, 0.22875849902629852, 0.5522164106369019, 0.3009515106678009, 0.10585939139127731, 0.4826366603374481, 0.1503559798002243, 3.3063066005706787, 1.0596914291381836, 0.0, -0.38999998569488525, 0.47999998927116394, 0.012645297683775425, 0.2464054822921753, 0.9690790772438049, 0.0032153106294572353, 0.4920583665370941, 0.4995051622390747, -0.7028677463531494, 0.11979307979345322, -0.018031379207968712, -0.4370613396167755, 0.44459912180900574, 0.09255639463663101, 0.2796369194984436, 0.9551349878311157, 0.030880937352776527, 0.24958878755569458, -0.5258970260620117, 0.5372642874717712, 8.028691291809082, -2.263007402420044, -0.7950394153594971, 0.016116280108690262, -0.4158293306827545, 0.4953536093235016, 0.053914401680231094, 0.30941009521484375, 0.9493504166603088, -0.009604791179299355, 0.250917911529541, 0.02308761514723301, 0.7474436163902283, 0.7598594427108765, -1.7268116474151611, 2.316056251525879, 0.041088368743658066, -0.4314482510089874, 0.4538797438144684, 0.011030029505491257, -0.005155705846846104, 0.9973748922348022, -0.07137978821992874, 0.3116008937358856, 0.031446512788534164, 0.555067777633667, -9.257049560546875, -1.5722607374191284, 1.9251827001571655, 0.05664500221610069, -0.3658990263938904, 0.49928003549575806, -0.025677300989627838, 0.9426926970481873, 0.33065229654312134, -0.0366063229739666, 0.26232320070266724, 0.10870713740587234, 0.305259108543396, -5.849575519561768, 1.321913480758667, 1.0624743700027466, -0.022657161578536034, -0.37427493929862976, 0.5297124981880188, 0.2887080907821655, -0.37857872247695923, 0.8553875684738159, 0.20405331254005432, -0.17992408573627472, 0.38176390528678894, 0.7535821795463562, -9.54244613647461, -5.894972801208496, -1.1747856140136719, -0.7746739387512207, 2.588963747024536, 1.8004035949707031, 0.011579051613807678, 0.006910842377692461, -0.0014478354714810848, -0.5401716828346252, 1.4059827327728271, 2.2469325065612793, 0.015350774861872196, 0.0042592305690050125, -0.0003854861715808511, -1.0497093200683594, 0.32139718532562256, 3.1795904636383057, 0.015775322914123535, 0.0006792721105739474, 0.006172466557472944, -0.5732598304748535, 1.2347172498703003, -1.1828420162200928, 0.020319215953350067, 0.0003966170479543507, -0.003910164814442396, 3.044508934020996, -3.156430244445801, 0.5206834673881531, 0.019603176042437553, 0.024088630452752113, -0.00016433457494713366, -1.0, 1.0, 1.0, -1.0, -0.7291895747184753, -0.19946467876434326, 1.0, -1.0, 1.0, -1.0, 0.590374231338501, -1.0, 0.7318086624145508, 1.0, 1.0, -0.7071051597595215, 1.0, 1.0, -0.6679507493972778, 1.0]
[-0.130272775888443, -0.49571505188941956, 0.9686840176582336, -0.8783583641052246, 0.20571182668209076, 0.6777130365371704, 0.5904991626739502, 0.6022370457649231, -0.32082635164260864, 0.01864544115960598, 0.11181912571191788, -0.6163820624351501, 0.18208912014961243, 0.13760317862033844, -1.0000015497207642, 0.43600305914878845, 0.8442696928977966, 0.9546974301338196, 1.0000020265579224, -0.21907785534858704, 0.9152421951293945, 0.9145647883415222, -0.8875311017036438, 0.8924204111099243, -0.4528096616268158, 1.4907171726226807, 0.04542316123843193, -0.28050729632377625, -1.9333330392837524, -1.6705445051193237, -0.15260355174541473, 0.4538556635379791, -1.2244973182678223, -0.8473588824272156, -0.08498629182577133, -0.5446690320968628, 0.49360552430152893, 0.7129701375961304, -2.4351968477276387e-06, 0.4032078683376312, 0.0887228474020958, 0.10935137420892715, 3.7514314499276225e-06, -1.3144094944000244, 0.05598343536257744, 0.013087153434753418, 0.510621964931488, 0.08132220804691315, -1.7273412942886353, 4.302123069763184, -0.05012193322181702, 0.2524324059486389, 0.05275825411081314, -0.05160203203558922, -0.00018312028259970248, 0.07555709034204483, 0.014929239638149738, -0.02736734040081501, -0.07707581669092178, 0.3611525297164917, 0.07854301482439041, 0.0015863894950598478, 0.23088717460632324, -0.00427607074379921, 0.1026114672422409, -0.0015207321848720312, 0.0036370758898556232, -0.1134881004691124, 0.25639334321022034, 0.10728626698255539, 0.11694318801164627, 0.0380658283829689, 0.04558346047997475, -0.35714301466941833, 0.5068987011909485, 0.6820564866065979, -0.3806506395339966, 0.20114848017692566, 0.5911372303962708, 0.22642171382904053, 0.2456141710281372, 0.6721656322479248, -0.39596620202064514, 2.2600715160369873, 1.070081114768982, 0.0, -0.38999998569488525, 0.47999998927116394, 0.012645297683775425, 0.2464054822921753, 0.9690790772438049, 0.0032153106294572353, 0.41316261887550354, 0.5115396976470947, -0.7450878620147705, 0.11165989935398102, -0.01202714629471302, -0.44442474842071533, 0.45595261454582214, 0.07304926216602325, 0.20049233734607697, 0.976354718208313, 0.0346122644841671, 0.37518438696861267, -0.5934002995491028, 0.9029329419136047, 11.849414825439453, -3.4140565395355225, -0.530901312828064, 0.021551091223955154, -0.41389358043670654, 0.5103384256362915, 0.03389887884259224, 0.3101559579372406, 0.9497711062431335, -0.024265678599476814, 0.2978214919567108, 0.16377760469913483, 0.9892891645431519, 0.8391687870025635, -1.6904078722000122, 2.30127215385437, 0.04794793203473091, -0.4329909682273865, 0.46722471714019775, 0.0006172878202050924, 0.0773959755897522, 0.9929348230361938, -0.08994388580322266, 0.41755610704421997, 0.09643348306417465, 0.9602628350257874, -10.506562232971191, -2.3379106521606445, 2.7016332149505615, 0.06095863878726959, -0.36187756061553955, 0.50798100233078, -0.028080618008971214, 0.9613775014877319, 0.27107301354408264, -0.038524482399225235, 0.25688180327415466, 0.18847031891345978, 0.5363190174102783, -8.442612648010254, -0.874898374080658, 0.4661324918270111, -0.025849411264061928, -0.36669275164604187, 0.5409415364265442, 0.20887556672096252, -0.3090047240257263, 0.9026682376861572, 0.2146555483341217, -0.3445115089416504, 0.6960171461105347, 0.8592439293861389, -12.746347427368164, -8.652295112609863, -0.9462953805923462, -0.3065774440765381, 1.5036213397979736, 1.2407363653182983, -0.029047716408967972, 0.0035171438939869404, -0.00014348480908665806, -0.19647492468357086, 0.8662732839584351, 0.8121964335441589, -0.014373240992426872, -0.0008451667381450534, -0.0016409503296017647, -0.4664246439933777, 0.27531659603118896, 1.9468021392822266, 0.005716138519346714, 0.0015683609526604414, 0.003837931202724576, -0.1742330938577652, 0.6220884919166565, -0.42545634508132935, 0.012968402355909348, -0.00010230184125248343, -0.0021711699664592743, 1.5828274488449097, -1.4286810159683228, 0.202630877494812, 0.00934790913015604, 0.012740587815642357, 0.00023204306489787996, -1.0, 1.0, 1.0, -1.0, -0.9406406283378601, -0.06140795722603798, 1.0, -1.0, 0.9334874749183655, -0.9031849503517151, 0.4102766215801239, -1.0, 0.8452460169792175, 1.0, 1.0, -0.8745573163032532, 1.0, 1.0, -0.31938010454177856, 0.9277661442756653]
[-0.2549034357070923, -0.27866145968437195, 0.9769600033760071, -0.9041092395782471, 0.030898578464984894, 0.464415043592453, 0.5786144733428955, 0.6426203846931458, -0.44012266397476196, -0.10520709306001663, 0.08418869972229004, -0.6651042103767395, 0.2072315812110901, 0.1933058649301529, -1.0000050067901611, 0.47112107276916504, 0.8520399332046509, 0.9629601240158081, 1.000002384185791, -0.33000385761260986, 0.9268478155136108, 0.9250888228416443, -0.7617329955101013, 0.8985257148742676, -0.47693774104118347, 1.553895115852356, 0.02621702291071415, -0.2074141800403595, -1.440029501914978, -2.053842544555664, 0.0008323535439558327, 0.27086493372917175, -1.037152886390686, -1.317407250404358, -0.08711424469947815, -0.28886735439300537, 0.18030747771263123, 0.36780276894569397, -4.413803708303021e-06, 0.0044789924286305904, 0.06909261643886566, 0.06184924393892288, 1.7612022702451213e-06, -1.4160373210906982, 0.09532712399959564, 0.032113756984472275, 0.920686662197113, 0.04667405039072037, -0.24132393300533295, 0.27720993757247925, -0.008190447464585304, 0.03090396337211132, 0.05543723329901695, 0.020811447873711586, 0.003740813350304961, -0.05552582070231438, 0.0007297768024727702, -0.007025654893368483, 0.013372144661843777, 0.09185687452554703, 0.017440957948565483, -0.011986585333943367, 0.00554331811144948, -0.03665270283818245, 0.019461486488580704, 0.0033952901139855385, -0.00017431564629077911, 0.06920024752616882, 0.09233848750591278, 0.02488267421722412, 0.03999549522995949, 0.016349563375115395, 0.049032408744096756, -0.35201001167297363, 0.5174189805984497, 0.6797975897789001, -0.3200211226940155, 0.20155324041843414, 0.6283612251281738, 0.18608464300632477, 0.3407832980155945, 0.6243534088134766, -1.0070654153823853, 1.0141233205795288, 0.7905263304710388, 0.0, -0.38999998569488525, 0.47999998927116394, 0.012645297683775425, 0.2464054822921753, 0.9690790772438049, 0.0032153106294572353, 0.3540295362472534, 0.5003683567047119, -0.7798362374305725, 0.1270827203989029, -0.004530193749815226, -0.4501640498638153, 0.47132906317710876, 0.04825660586357117, 0.10274965316057205, 0.9930040836334229, 0.0325041264295578, 0.4157305955886841, -0.42196953296661377, 1.0127450227737427, 10.858687400817871, -3.3080477714538574, 0.6250128746032715, 0.026891984045505524, -0.40972986817359924, 0.5268502235412598, 0.016748959198594093, 0.29483699798583984, 0.9547048807144165, -0.036455780267715454, 0.26768627762794495, 0.2650258243083954, 0.9915834069252014, 2.8651504516601562, -1.3361719846725464, 1.8190135955810547, 0.05582954362034798, -0.43289414048194885, 0.48457852005958557, -0.013482867740094662, 0.1528996080160141, 0.9817600250244141, -0.1121918186545372, 0.41182953119277954, 0.20822450518608093, 1.0602548122406006, -8.752156257629395, -2.3650035858154297, 2.816826820373535, 0.06449607014656067, -0.35610705614089966, 0.5182313323020935, -0.04255751147866249, 0.9777973890304565, 0.20280806720256805, -0.031144868582487106, 0.19628281891345978, 0.27257660031318665, 0.5565633177757263, -8.168209075927734, -2.051818370819092, 2.378302574157715, -0.03136908635497093, -0.35578426718711853, 0.5510565042495728, 0.10129184275865555, -0.22334760427474976, 0.9446521401405334, 0.2179175168275833, -0.5605167746543884, 0.9134801030158997, 0.624552845954895, -13.904239654541016, -11.429248809814453, -0.9012759327888489, -0.0917961373925209, -0.3261652886867523, 0.4238203763961792, 0.015918970108032227, 0.00031506852246820927, 0.0007721881847828627, -0.06120944395661354, 0.08602996170520782, -0.14815287292003632, -0.005735205486416817, -0.001153365126810968, -0.0006282576941885054, 0.06981101632118225, 0.1797197163105011, 0.35713714361190796, -0.009290789254009724, -0.0015594267752021551, -0.002212350955232978, 0.14724625647068024, 0.057178545743227005, 0.04163891449570656, 0.0006833624793216586, 0.0012394767254590988, -0.008417220786213875, 0.5764868259429932, 0.016431055963039398, -0.058807142078876495, -8.736393283470534e-06, 0.007125776261091232, 0.0005556760006584227, -1.0, 1.0, 1.0, -1.0, -0.7087265253067017, 0.16276443004608154, 1.0, -1.0, 0.8015135526657104, -1.0, 0.11111113429069519, -1.0, 0.17017874121665955, 1.0, 1.0, -1.0, 1.0, 1.0, 0.18630380928516388, 0.9241800904273987]
[-0.37991341948509216, -0.0674452930688858, 0.981246292591095, -0.9242873191833496, -0.046657197177410126, 0.2942794859409332, 0.59674471616745, 0.6684601902961731, -0.5412477254867554, -0.23903709650039673, 0.0973537266254425, -0.6936391592025757, 0.1559281051158905, 0.2052391618490219, -0.9999989867210388, 0.3641783595085144, 0.8657581806182861, 0.9696481227874756, 1.0000027418136597, -0.436701238155365, 0.9428585767745972, 0.9421165585517883, -0.5769879221916199, 0.9079911708831787, -0.45892277359962463, 1.4455183744430542, 0.012256949208676815, -0.16512422263622284, -0.32624348998069763, -1.0440760850906372, 0.06755225360393524, 0.2582491636276245, -0.8816962242126465, -1.1641839742660522, 0.22065480053424835, -0.3048281967639923, -0.8618426322937012, -0.10424613952636719, 5.241091639618389e-05, -0.6785265207290649, 0.23018424212932587, 0.07454117387533188, 3.011659373441944e-06, -1.2784637212753296, 0.11332928389310837, 0.042248472571372986, 1.256161093711853, 0.11073336750268936, 0.7466464042663574, -1.4488582611083984, 0.021270152181386948, -0.0878620520234108, 0.05951784923672676, 0.07819964736700058, -0.004014933947473764, -0.015998581424355507, 0.021926460787653923, 0.019517846405506134, 0.12841804325580597, -0.14339134097099304, -0.11299613863229752, -0.05593092739582062, -0.08077121526002884, -0.05437884107232094, 0.03149239718914032, 0.0256571713835001, 0.004285461734980345, 0.18684381246566772, 0.02983006089925766, -0.007831836119294167, -0.030267536640167236, -0.004803862888365984, 0.05050572380423546, -0.34595000743865967, 0.5264532566070557, 0.6606085300445557, -0.2742335796356201, 0.22555740177631378, 0.6614500284194946, 0.042070649564266205, 0.36458495259284973, 0.4929167628288269, -1.1503735780715942, 0.6180306077003479, 0.9518294334411621, 0.0, -0.38999998569488525, 0.47999998927116394, 0.012645297683775425, 0.2464054822921753, 0.9690790772438049, 0.0032153106294572353, 0.31509241461753845, 0.4734630584716797, -0.806517481803894, 0.16149067878723145, 0.003184440080076456, -0.4524713158607483, 0.48841580748558044, 0.02547278068959713, 0.058356307446956635, 0.9977473616600037, 0.02111234702169895, 0.40891584753990173, -0.04636295139789581, 1.0380538702011108, 0.7561336755752563, -2.3715250492095947, 1.9710679054260254, 0.03131520375609398, -0.40387406945228577, 0.5421075224876404, 0.0022507731337100267, 0.2749650776386261, 0.9603363871574402, -0.046293605118989944, 0.20021264255046844, 0.3866420090198517, 0.8794429302215576, 1.9726954698562622, -1.2764266729354858, 1.7036606073379517, 0.06272631138563156, -0.43154776096343994, 0.5017308592796326, -0.022139674052596092, 0.18761895596981049, 0.9736230969429016, -0.12793338298797607, 0.34210005402565, 0.10138735175132751, 0.9466834664344788, -0.8265256881713867, -0.2920232117176056, 1.179992914199829, 0.06635573506355286, -0.34905946254730225, 0.5276550054550171, -0.08198574930429459, 0.9873235821723938, 0.13436563313007355, -0.020403573289513588, 0.07571355998516083, 0.34199535846710205, 0.4812720715999603, -8.26494312286377, -2.8568272590637207, 5.680088043212891, -0.03862527385354042, -0.3437504172325134, 0.556865930557251, -0.025895342230796814, -0.13559876382350922, 0.9678178429603577, 0.2104065865278244, -0.6761094331741333, 0.9225395917892456, 0.22279584407806396, -13.304034233093262, -13.320472717285156, -0.5006288290023804, 0.10858602821826935, -1.2845978736877441, -0.027776256203651428, 0.05893067270517349, -0.0013982646632939577, -0.00018993335834238678, 0.06543395668268204, -0.5427563786506653, -0.2527364492416382, 0.011376501061022282, 0.0004818759625777602, 0.0014684238703921437, 0.6575285196304321, 0.7864475846290588, -1.2935233116149902, -0.04413421452045441, -0.00641822861507535, -0.010218237526714802, 0.3585001826286316, -0.04889907315373421, 0.4453067183494568, 0.003551975591108203, 0.002015388570725918, -0.012094945646822453, -0.29893380403518677, 0.7325626611709595, -0.10244879871606827, -0.005250035785138607, -2.0920151655445807e-05, -0.0011260486207902431, -1.0, 1.0, 1.0, -1.0, -0.026967942714691162, 0.5061692595481873, 1.0, -1.0, 0.8030045032501221, -1.0, -0.6150312423706055, -1.0, -0.9817464351654053, 1.0, 1.0, -1.0, 1.0, 1.0, 0.6402681469917297, 0.9858723878860474]
[-0.49622729420661926, 0.1220005601644516, 0.9824835062026978, -0.9409018754959106, 0.024905407801270485, 0.25735002756118774, 0.6186779737472534, 0.7062610387802124, -0.6247272491455078, -0.34814485907554626, 0.1922808289527893, -0.7312843203544617, 0.016658948734402657, 0.1745414435863495, -0.9985648393630981, 0.17588168382644653, 0.8881396651268005, 0.9775481224060059, 1.0000029802322388, -0.5303553342819214, 0.9597856998443604, 0.9612773060798645, -0.35961565375328064, 0.9211709499359131, -0.4152888357639313, 1.2619166374206543, 0.0024044737219810486, -0.13120563328266144, 1.1862457990646362, 0.11932635307312012, 0.09627493470907211, 0.4218274652957916, -0.7070908546447754, -0.9107047319412231, 0.4961082637310028, -0.3804932236671448, -1.5168439149856567, -0.42410093545913696, 0.009180407039821148, -0.8176618814468384, 0.20628713071346283, 0.0727057084441185, 3.2814186852192506e-06, -1.1010456085205078, 0.10918790102005005, 0.04252452775835991, 1.3853179216384888, 0.12882480025291443, 1.2463839054107666, -2.138375997543335, 0.02915792167186737, -0.12111283838748932, 0.06442510336637497, 0.06956899911165237, 0.010871874168515205, -0.051292821764945984, 0.010684882290661335, 0.017365271225571632, 0.09252094477415085, -0.15965890884399414, -0.07221227139234543, -0.029424317181110382, -0.12274875491857529, 0.003621369134634733, -0.028563281521201134, 0.008226653560996056, -0.001376532600261271, 0.18963047862052917, 0.009796984493732452, -0.017071986570954323, -0.06495746970176697, -0.01946917735040188, 0.05066286027431488, -0.3400721848011017, 0.5332559943199158, 0.6343311667442322, -0.23482169210910797, 0.25491032004356384, 0.6910162568092346, -0.02077372930943966, 0.32848161458969116, 0.36741235852241516, -1.2884507179260254, 0.06953207403421402, 0.7677117586135864, 0.0, -0.38999998569488525, 0.47999998927116394, 0.012645297683775425, 0.2464054822921753, 0.9690790772438049, 0.0032153106294572353, 0.283673495054245, 0.440468430519104, -0.8281018137931824, 0.1994100958108902, 0.010092011652886868, -0.4507052004337311, 0.5059778690338135, 0.0060791815631091595, 0.11873621493577957, 0.9928924441337585, 0.005396382417529821, 0.3392159640789032, 0.38849544525146484, 1.001412034034729, -11.833128929138184, -1.910980463027954, 2.2118489742279053, 0.034454960376024246, -0.3960244357585907, 0.5552724599838257, -0.012125708162784576, 0.26885098218917847, 0.9614670872688293, -0.05615286901593208, 0.11566130816936493, 0.521268904209137, 0.7162490487098694, -0.03149875998497009, -1.3387397527694702, 1.5695879459381104, 0.06749128550291061, -0.4306277632713318, 0.5156939625740051, -0.020488092675805092, 0.16269584000110626, 0.9778916835784912, -0.12976180016994476, 0.24493525922298431, -0.015371870249509811, 0.7789508104324341, 5.2025017738342285, 1.0763078927993774, -0.44103819131851196, 0.06665083020925522, -0.34159114956855774, 0.5352867245674133, -0.1338287889957428, 0.9886502623558044, 0.06754626333713531, -0.009896362200379372, 0.01156878937035799, 0.32702749967575073, 0.3881225883960724, -7.281630516052246, -2.594693183898926, 6.167306900024414, -0.04630398750305176, -0.3328773081302643, 0.5578141808509827, -0.15733999013900757, -0.05679706856608391, 0.9671045541763306, 0.19164299964904785, -0.6659600734710693, 0.7661511898040771, -0.14967894554138184, -11.612679481506348, -13.710241317749023, 0.3029317855834961, 0.2382810115814209, -1.2389146089553833, -0.21803008019924164, 0.05098528414964676, -0.002198020461946726, -0.0011434928746894002, 0.11896003037691116, -0.47111284732818604, -0.5392466187477112, 0.010298578068614006, -0.002079755999147892, -0.0009507603244856, 0.5099080801010132, 0.32458606362342834, -1.1543662548065186, -0.024555526673793793, -0.0029451600275933743, -0.005710117984563112, 0.15810848772525787, -0.30689725279808044, 0.35235610604286194, -0.005979991517961025, 0.0003372634819243103, 0.0007132109021767974, -0.7724429368972778, 0.9697830677032471, -0.14453721046447754, -0.0070066070184111595, -0.0071100895293056965, -0.0028849171940237284, -1.0, 1.0, 1.0, -1.0, 1.0, 0.7622988820075989, 1.0, -1.0, 1.0, -1.0, -1.0, -1.0, -1.0, 1.0, 1.0, -1.0, 1.0, 1.0, 0.913049042224884, 1.0]
[-0.5951393246650696, 0.2819247841835022, 0.981256365776062, -0.950973629951477, 0.16591505706310272, 0.2911002039909363, 0.6730414032936096, 0.7098881602287292, -0.632912814617157, -0.4117406904697418, 0.2926460802555084, -0.6980132460594177, -0.1417725533246994, 0.12571701407432556, -1.0000120401382446, -0.0057840412482619286, 0.8986778855323792, 0.9820126891136169, 1.000003457069397, -0.6112040281295776, 0.9748782515525818, 0.9787929654121399, -0.17309746146202087, 0.934499979019165, -0.3022952675819397, 1.0048593282699585, -0.013029209338128567, -0.0640796422958374, 1.366033911705017, 0.41672101616859436, 0.36651918292045593, -0.32056882977485657, 0.26270079612731934, -0.21854031085968018, 0.29870352149009705, 0.686128556728363, -1.3898789882659912, -0.43366608023643494, -0.0004146388382650912, -0.6886361241340637, -0.3487314283847809, -0.0779091864824295, -7.503495908167679e-06, -0.9424877166748047, 0.09263721108436584, 0.03658175840973854, 1.0252158641815186, 0.11980467289686203, 4.188907623291016, -3.336146354675293, 0.12276378273963928, -0.17149138450622559, -0.038329869508743286, 0.00349890417419374, 0.06777507066726685, -0.4482196569442749, -0.10223248600959778, 0.005570980720221996, 0.05967596173286438, 0.0027767359279096127, 0.05936584621667862, 0.03174826502799988, -0.15958212316036224, 0.03137734904885292, -0.31940048933029175, -0.0947311595082283, -0.03066972829401493, 0.13545304536819458, -0.01839240826666355, -0.02702043391764164, -0.10457713156938553, -0.03847675397992134, 0.05086890980601311, -0.3352809250354767, 0.539229691028595, 0.6000815629959106, -0.22598779201507568, 0.29365742206573486, 0.7089406847953796, 0.029647942632436752, 0.13913092017173767, 0.37900641560554504, -0.6993994116783142, -1.0469311475753784, 0.32448717951774597, 0.0, -0.38999998569488525, 0.47999998927116394, 0.012645297683775425, 0.2464054822921753, 0.9690790772438049, 0.0032153106294572353, 0.2843235433101654, 0.40239953994750977, -0.8367964625358582, 0.23876029253005981, 0.015324559062719345, -0.44616279006004333, 0.5215634703636169, -0.012511977925896645, 0.2263316959142685, 0.9739426970481873, -0.007273203693330288, 0.19104896485805511, 0.4967271387577057, 0.7328111529350281, -13.285566329956055, -1.9615516662597656, 1.3980587720870972, 0.03626169264316559, -0.38862282037734985, 0.5653983950614929, -0.0252763032913208, 0.2867583930492401, 0.9558637142181396, -0.05878128111362457, 0.03643493726849556, 0.37762293219566345, 0.4693998396396637, -3.2955164909362793, -1.6821225881576538, -0.2792278826236725, 0.0703083723783493, -0.4277767241001129, 0.5299237966537476, -0.021678879857063293, 0.14153674244880676, 0.9814204573631287, -0.12771549820899963, 0.10147906839847565, 0.23323257267475128, 0.8635820150375366, 0.8496606349945068, -0.46454137563705444, 0.06481125205755234, 0.06628914177417755, -0.33525532484054565, 0.541279137134552, -0.1808205544948578, 0.983399510383606, 0.014882468618452549, -0.0028033631388098, -0.006618541199713945, 0.19264255464076996, 0.3635405898094177, -2.7313175201416016, -0.9610305428504944, 4.9500813484191895, -0.05293251946568489, -0.32462459802627563, 0.5552982687950134, -0.271073579788208, 0.005557918921113014, 0.9482170939445496, 0.16544587910175323, -0.5221983194351196, 0.5188425779342651, -0.3463262617588043, -8.865381240844727, -11.344623565673828, 0.9233143329620361, 0.8162788152694702, -0.22388918697834015, -1.1927343606948853, 0.00014056646614335477, -0.004379922524094582, -0.0034113696310669184, 0.5083914399147034, 0.6280684471130371, -1.851312518119812, 0.014992006123065948, -0.008819476701319218, -0.010782960802316666, 0.4559471607208252, -0.7022184729576111, 0.05058537423610687, 0.021214988082647324, -5.734595106332563e-05, 0.0028521183412522078, 0.40143486857414246, -1.367837905883789, -0.5883483290672302, -0.05118729919195175, -0.0014334272127598524, 0.00978168100118637, -1.2482459545135498, 1.008677363395691, -0.06069006398320198, -0.006754314061254263, -0.01850481890141964, -0.008155646733939648, -1.0, 1.0, 1.0, -1.0, 1.0, 1.0, 0.637370765209198, -0.3131624162197113, 0.9543808698654175, -0.13206303119659424, -1.0, -1.0, -1.0, 1.0, 1.0, -1.0, 1.0, 1.0, 0.6389591097831726, 1.0]
[-0.6548545956611633, 0.40186649560928345, 0.9777130484580994, -0.9557748436927795, 0.3042253851890564, 0.33722183108329773, 0.7769225239753723, 0.6288626790046692, -0.48539549112319946, -0.3953647017478943, 0.318716824054718, -0.5625591278076172, -0.3080882430076599, 0.047248538583517075, -1.0000282526016235, -0.07432280480861664, 0.8423203229904175, 0.9599470496177673, 1.0000022649765015, -0.6808183789253235, 0.9863611459732056, 0.9920201301574707, -0.08497165888547897, 0.9465926289558411, -0.18320922553539276, 0.758700430393219, -0.007343728095293045, -0.04069599136710167, 1.2291983366012573, 0.43126630783081055, 0.4090456962585449, -0.8347107768058777, 1.9308052062988281, 0.440054327249527, 0.0362328477203846, 1.6225370168685913, -1.5663002729415894, -1.1649106740951538, -9.311796020483598e-05, -0.12473815679550171, -0.549017608165741, -0.22596724331378937, -1.083493680198444e-05, -0.8068761825561523, 0.06370898336172104, 0.02447410486638546, 0.2888379395008087, 0.10550474375486374, 1.620849847793579, -2.092287063598633, 0.04823261871933937, -0.10492527484893799, -0.04205521568655968, -0.010206665843725204, -0.00017021862731780857, -0.0899408683180809, 0.08194643259048462, 0.060404978692531586, 0.021536726504564285, 0.13968998193740845, 0.09252354502677917, -0.0017453217878937721, -0.12561503052711487, 0.04225178062915802, 0.004045980982482433, 0.026275634765625, 0.0042998599819839, 0.13032430410385132, -0.0354359969496727, -0.031034715473651886, -0.14621131122112274, -0.05293348431587219, 0.05103553831577301, -0.33401551842689514, 0.5448921322822571, 0.5700036883354187, -0.25132590532302856, 0.3419988751411438, 0.7035394310951233, -0.0020129827316850424, 0.07574592530727386, 0.27986812591552734, -0.4827713668346405, -0.8909198641777039, 0.23206070065498352, 0.0, -0.38999998569488525, 0.47999998927116394, 0.012645297683775425, 0.2464054822921753, 0.9690790772438049, 0.0032153106294572353, 0.3207612931728363, 0.37388989329338074, -0.8243157863616943, 0.27896586060523987, 0.0178514514118433, -0.4410606324672699, 0.5330468416213989, -0.027993088588118553, 0.32588478922843933, 0.9449113011360168, -0.01257262285798788, 0.07414079457521439, 0.44518887996673584, 0.4816369116306305, -11.606073379516602, -1.7609751224517822, 0.5787678956985474, 0.036544591188430786, -0.38428932428359985, 0.5718623995780945, -0.0362992063164711, 0.3493329584598541, 0.935166597366333, -0.04595783352851868, -0.030561840161681175, 0.40200501680374146, 0.20857377350330353, -11.03934097290039, -2.5717523097991943, -1.344340443611145, 0.07136352360248566, -0.4222005605697632, 0.5446450710296631, -0.02554798498749733, 0.1334056258201599, 0.9818388223648071, -0.13244862854480743, 0.013831403106451035, 0.3870616555213928, 0.8993013501167297, 1.8351093530654907, 0.03015449270606041, 0.8202376961708069, 0.06666672229766846, -0.33246931433677673, 0.5472767353057861, -0.20165617763996124, 0.9793997406959534, 0.009813339449465275, -0.003794468007981777, 0.02511988952755928, 0.14473189413547516, 0.332514226436615, -0.013978905975818634, 0.25032472610473633, 1.5158326625823975, -0.05775084346532822, -0.3192068934440613, 0.5517651438713074, -0.34741631150245667, 0.0483112707734108, 0.9256382584571838, 0.1419915407896042, -0.3206118047237396, 0.31509849429130554, -0.30979156494140625, -5.968721389770508, -6.905911445617676, 1.0200879573822021, 0.3210105001926422, -0.020954925566911697, -0.8918328285217285, -0.010520989075303078, -0.0030246302485466003, -0.0014927152078598738, 0.12446687370538712, -1.2416497468948364, -0.388485312461853, 0.041780225932598114, -0.0008573359809815884, 0.0016094307648018003, 0.18486288189888, -0.38270169496536255, 0.7230002284049988, -0.0074858469888567924, -0.0007060485077090561, 0.0005376862245611846, -0.002374074188992381, -0.16074725985527039, 0.5215356349945068, 0.0018886510515585542, -0.0013030266854912043, 0.01069178432226181, -1.8678505420684814, 0.6793326735496521, -0.05032807216048241, -0.0046544671058654785, -0.023047877475619316, -0.0046033174730837345, -1.0, 1.0, 1.0, -1.0, 1.0, 1.0, 0.130423441529274, 1.0, 0.7648918032646179, 1.0, -1.0, -1.0, -0.46722832322120667, 1.0, 1.0, -1.0, 1.0, 1.0, -0.04207788407802582, 1.0]
[-0.6979341506958008, 0.4955417513847351, 0.9775011539459229, -0.9597572684288025, 0.42411166429519653, 0.39194217324256897, 0.8578500151634216, 0.5414724946022034, -0.2652924358844757, -0.33213332295417786, 0.3474958539009094, -0.3728034198284149, -0.45738959312438965, -0.11252787709236145, -0.9869460463523865, -0.10012487322092056, 0.8090125918388367, 0.9469045996665955, 1.0000017881393433, -0.7396807074546814, 0.9936079382896423, 0.9999843239784241, -0.10369081050157547, 0.9569127559661865, -0.140936478972435, 0.5903906226158142, 0.0034861303865909576, -0.03794772922992706, 1.0444358587265015, 0.7468799352645874, 0.30515486001968384, -0.7741894125938416, 2.085219144821167, 0.6730417609214783, 0.0673397034406662, 1.6865290403366089, -1.358991026878357, -1.6920032501220703, 0.16707392036914825, -0.1293868124485016, -0.15264222025871277, -0.0757184624671936, -3.0476182928396156e-06, -0.6727917194366455, 0.03935505449771881, 0.014129729941487312, -0.3291764557361603, 0.08789429068565369, 1.0594861507415771, -1.877525806427002, 0.028403855860233307, -0.09730920195579529, -0.03834899514913559, 0.013188869692385197, 0.00015316688222810626, -0.01525568962097168, -0.0003343292628414929, 0.006129658780992031, -0.026161177083849907, -0.27020955085754395, -0.08292987942695618, -0.0336860716342926, 0.02725929766893387, -0.008454293012619019, 0.08902188390493393, 0.04147045314311981, 0.010759091004729271, 0.12524035573005676, -0.052096813917160034, -0.034330837428569794, -0.1268734633922577, -0.04589531570672989, 0.050870466977357864, -0.3323676884174347, 0.5492885708808899, 0.5376087427139282, -0.2852565348148346, 0.4009651839733124, 0.6847133636474609, -0.045197494328022, 0.0986400693655014, 0.2608843743801117, -0.28603965044021606, -2.8340647220611572, 0.7489986419677734, 0.0, -0.38999998569488525, 0.47999998927116394, 0.012645297683775425, 0.2464054822921753, 0.9690790772438049, 0.0032153106294572353, 0.36830630898475647, 0.3462807238101959, -0.7983290553092957, 0.3272780179977417, 0.019199533388018608, -0.43623965978622437, 0.5415135622024536, -0.04079148545861244, 0.41188880801200867, 0.9102189540863037, -0.013601412996649742, 0.039404917508363724, 0.3914630711078644, 0.3015710115432739, -11.458711624145508, -1.6470009088516235, 0.13861557841300964, 0.03632504492998123, -0.3800692856311798, 0.5758781433105469, -0.04703822731971741, 0.4433738887310028, 0.8945216536521912, -0.03221763297915459, -0.025903016328811646, 0.35638687014579773, 0.03060467541217804, -12.468153953552246, -2.3924527168273926, -1.342466950416565, 0.07043790817260742, -0.41404882073402405, 0.5585776567459106, -0.027169834822416306, 0.11379630863666534, 0.9839484691619873, -0.13475002348423004, -0.06178097426891327, 0.44849342107772827, 0.7328230738639832, 3.8725035190582275, 0.6345860362052917, 0.5277312994003296, 0.06651193648576736, -0.32957959175109863, 0.5517083406448364, -0.2129065841436386, 0.9770714044570923, -0.0009753173799254, -0.001096596010029316, -0.035712845623493195, 0.16431358456611633, 0.22543413937091827, -1.9232782125473022, -1.3447140455245972, 1.4477578401565552, -0.06059194356203079, -0.31583353877067566, 0.5489876866340637, -0.38737964630126953, 0.07669078558683395, 0.9105217456817627, 0.1224970892071724, -0.16309674084186554, 0.18748481571674347, -0.19320975244045258, -3.8320953845977783, -3.0183730125427246, 0.923795759677887, 0.17801211774349213, -0.3650185167789459, -0.8011686205863953, 0.0077135912142694, -0.0024721596855670214, -0.00026013553724624217, 0.03763927146792412, -0.2519562840461731, -0.4696405529975891, 0.0023503147531300783, -0.0010924552334472537, 0.0012476654956117272, -0.08156576752662659, 0.7544265985488892, -1.3217055797576904, -0.02236967720091343, -0.0004405115032568574, 0.003710994031280279, 0.38530445098876953, 0.24100399017333984, 0.4857170581817627, 0.014374151825904846, -0.006791118066757917, -0.0009259245125576854, -1.6479616165161133, 0.520063579082489, -0.07310475409030914, -0.003435673424974084, -0.01952793076634407, -0.004120952915400267, -1.0, 0.9461123943328857, 1.0, -0.999338686466217, 1.0, 1.0, 0.12190710008144379, 1.0, 0.9804264307022095, 1.0, -1.0, -0.4427763521671295, -0.3433404862880707, 1.0, 1.0, -1.0, 1.0, 1.0, -0.5838268995285034, 1.0]
[-0.7271533012390137, 0.5209318399429321, 0.9788516163825989, -0.9590061902999878, 0.5259340405464172, 0.49823877215385437, 0.9443894624710083, 0.48083481192588806, -0.056143857538700104, -0.21738478541374207, 0.3548908829689026, -0.20785479247570038, -0.5897115468978882, -0.28424957394599915, -0.9391708970069885, -0.12150385230779648, 0.7902703881263733, 0.9353349804878235, 1.000001311302185, -0.789312481880188, 1.0000091791152954, 1.0000089406967163, -0.2004057765007019, 0.9656070470809937, -0.09352653473615646, -0.08392008394002914, 0.009161416441202164, 0.015559526160359383, 0.8827028274536133, 1.122750163078308, 0.4099924564361572, -0.465379923582077, 1.8520399332046509, 1.6313389539718628, 0.007699851877987385, 1.4079885482788086, -1.1488360166549683, -1.4940537214279175, 0.16397371888160706, 0.0022603459656238556, -0.1251017451286316, -0.1227504163980484, -5.902868906559888e-06, -0.5670480132102966, -0.0002811071462929249, -3.361523704370484e-05, -0.7388546466827393, 0.0738716572523117, 0.52415931224823, -6.326051712036133, 0.006158842705190182, -0.3288312256336212, -0.0708472803235054, 0.002047095913439989, 0.012928488664329052, -0.15549594163894653, -0.04602006822824478, 0.033170733600854874, -0.009661300107836723, -0.5385477542877197, -0.15229353308677673, -0.027086768299341202, -0.5035172700881958, 0.040214650332927704, -0.04622689634561539, 0.04276101291179657, 7.272930815815926e-05, 0.20235376060009003, -0.268154114484787, -0.13677345216274261, -0.1408039629459381, -0.050779134035110474, 0.05075443163514137, -0.33203190565109253, 0.5506324172019958, 0.5164808034896851, -0.31757885217666626, 0.4463511109352112, 0.6581503748893738, 0.023925242945551872, -0.017416484653949738, -0.024327868595719337, 0.1508266031742096, -1.1518352031707764, 0.4052220284938812, 0.0, -0.38999998569488525, 0.47999998927116394, 0.012645297683775425, 0.2464054822921753, 0.9690790772438049, 0.0032153106294572353, 0.4110805094242096, 0.3316735327243805, -0.7676441669464111, 0.3629435896873474, 0.0203559510409832, -0.4333507716655731, 0.5440121293067932, -0.04640453681349754, 0.49096739292144775, 0.8698458671569824, -0.01287408173084259, 0.07923011481761932, 0.17470458149909973, -0.1669216752052307, -9.664613723754883, -0.5431845784187317, -0.2860543429851532, 0.036711111664772034, -0.37805768847465515, 0.5755534172058105, -0.04927139729261398, 0.538841724395752, 0.8408156037330627, -0.015845440328121185, 0.07924728095531464, 0.1272343099117279, -0.34930145740509033, -14.448412895202637, -1.4972174167633057, -2.54026198387146, 0.06995272636413574, -0.4080849587917328, 0.5651504993438721, -0.022160647436976433, 0.0670301616191864, 0.9877351522445679, -0.13926582038402557, 0.026147786527872086, 0.16687722504138947, 0.1794700026512146, 6.320076942443848, 1.869866132736206, 0.5910192131996155, 0.06602606922388077, -0.3284751772880554, 0.553632378578186, -0.22246156632900238, 0.9749266505241394, -0.0008502089767716825, 0.005303946323692799, 0.014758744277060032, 0.014341342262923717, 0.024639304727315903, 1.3206008672714233, -0.07651937752962112, 0.6162022948265076, -0.06143325939774513, -0.3150670528411865, 0.5474445819854736, -0.3941274881362915, 0.08478979766368866, 0.9080914258956909, 0.11333129554986954, 0.00404793955385685, -0.054824937134981155, -0.052395474165678024, 0.23290511965751648, 0.7535446882247925, 0.6583115458488464, -0.06453290581703186, -1.024760127067566, -2.0129716396331787, -0.013324306346476078, -0.004526949021965265, 0.002953389659523964, -0.293958455324173, -0.8896419405937195, -1.7025423049926758, 0.01982610858976841, -0.006148758344352245, 0.0010492148576304317, -0.07415299862623215, 1.1626349687576294, -2.6958749294281006, -0.009647243656218052, -0.002043529413640499, 0.0006169998086988926, -0.1982996165752411, -0.6187111735343933, 1.2739920616149902, -0.00920793879777193, 0.0015252019511535764, 0.009171835146844387, -1.8686630725860596, 1.7633488178253174, -0.6049619913101196, -0.011624326929450035, -0.02088051661849022, -0.009098216891288757, -1.0, 0.11051809042692184, 1.0, -0.9939119219779968, 1.0, 1.0, 0.3187224864959717, 1.0, 1.0, 1.0, -1.0, 0.20247317850589752, -0.6184686422348022, 1.0, 1.0, -1.0, 1.0, 1.0, -1.0, 1.0]
[-0.753370463848114, 0.4538237154483795, 0.9821249842643738, -0.9564218521118164, 0.6110022664070129, 0.61165452003479, 1.0000035762786865, 0.46670451760292053, 0.12475104629993439, -0.00817558728158474, 0.34109532833099365, -0.08031640946865082, -0.7015700340270996, -0.42456164956092834, -0.8959146738052368, -0.11701881885528564, 0.7999048829078674, 0.9233525991439819, 1.0000007152557373, -0.8298956751823425, 1.0000085830688477, 1.0000098943710327, -0.3197001516819, 0.9725768566131592, -0.10390674322843552, -0.7215650677680969, 0.015274951234459877, 0.012136097066104412, 0.7305198907852173, 0.9795096516609192, 5.7930660659621935e-06, -0.011509017087519169, 1.5603482723236084, 2.074399709701538, -0.15044590830802917, 0.8941202163696289, -1.0234514474868774, -1.1913857460021973, 0.19030489027500153, 0.09818258136510849, 0.27587080001831055, -0.13619624078273773, -7.017543339316035e-06, -0.45578399300575256, 1.0639908396115061e-05, 9.632632099965122e-06, -0.7357422709465027, 0.05788467079401016, -0.18113069236278534, -5.933919906616211, -0.016532141715288162, -0.3143467903137207, -0.06045215204358101, -0.009526069276034832, -0.11465498805046082, -0.11276419460773468, -0.027999861165881157, -0.003743420820683241, -0.08202876150608063, -0.6404680609703064, -0.22319838404655457, -0.05788421630859375, -0.4186388850212097, 0.023024581372737885, -0.006358125247061253, 0.041946377605199814, 0.0005114550003781915, 0.19374535977840424, -0.18929219245910645, -0.09144753962755203, -0.08859908580780029, -0.031054355204105377, 0.051483526825904846, -0.3330513536930084, 0.5481384992599487, 0.5082660913467407, -0.3513818085193634, 0.48385947942733765, 0.6197389364242554, 0.08322321623563766, -0.09396468102931976, -0.23530255258083344, 0.5948733687400818, -1.2593382596969604, 0.5300799012184143, 0.0, -0.38999998569488525, 0.47999998927116394, 0.012645297683775425, 0.2464054822921753, 0.9690790772438049, 0.0032153106294572353, 0.45353981852531433, 0.3325945734977722, -0.7287031412124634, 0.39073556661605835, 0.022429155185818672, -0.4333401620388031, 0.538852870464325, -0.04296587407588959, 0.5425221920013428, 0.8387967944145203, -0.01560276560485363, 0.1591668426990509, -0.033794816583395004, -0.5543561577796936, -5.260065078735352, 0.7951284646987915, -0.04209676757454872, 0.038812942802906036, -0.37851881980895996, 0.5699380040168762, -0.04295456409454346, 0.6424809694290161, 0.7650601863861084, -0.007481028791517019, 0.1961226761341095, -0.05869446322321892, -0.6703553199768066, -14.766310691833496, 0.5423145890235901, -0.5939382910728455, 0.07148707658052444, -0.4066310524940491, 0.5629428029060364, -0.009765814989805222, -0.0005702095222659409, 0.9891693592071533, -0.14645178616046906, 0.2277858406305313, -0.2058679610490799, -0.3550603985786438, 9.578564643859863, 3.458779811859131, 1.3971350193023682, 0.06661872565746307, -0.32966160774230957, 0.5516605377197266, -0.22686827182769775, 0.9737470746040344, 0.01618274301290512, 0.009244237095117569, 0.05726376548409462, -0.06143266335129738, -0.21384070813655853, 2.5441014766693115, 0.12177261710166931, 0.1594237983226776, -0.06044260039925575, -0.31755998730659485, 0.5467873811721802, -0.37806642055511475, 0.06812522560358047, 0.9161887168884277, 0.1141173392534256, 0.12697917222976685, -0.2599456310272217, 0.014617007225751877, 3.3520667552948, 2.6057705879211426, 0.6430308222770691, -0.20380231738090515, -1.0645265579223633, -1.703295111656189, -0.02549397014081478, -0.0027920384891331196, 0.003940198570489883, -0.25594228506088257, -0.6969726085662842, -1.325729489326477, -0.014198008924722672, 0.020413264632225037, 0.01613655500113964, -0.5196853280067444, 2.2908594608306885, -2.8329527378082275, -0.02352133020758629, -0.0025675587821751833, 0.007169363088905811, -0.1151341050863266, -0.3889979422092438, 1.159262776374817, -0.005323514342308044, -0.0006308933370746672, 0.005066177807748318, -1.206900954246521, 1.2579925060272217, -0.5790952444076538, -0.008299394510686398, -0.0117439404129982, -0.008187497965991497, -1.0, -0.49274760484695435, 1.0, -1.0, 1.0, 1.0, 0.6026299595832825, 1.0, 1.0, 1.0, -1.0, 0.28167828917503357, -0.8656517863273621, 1.0, 1.0, -1.0, 1.0, 1.0, -1.0, 1.0]
[-0.7804462909698486, 0.3044682443141937, 0.9853146076202393, -0.9552583694458008, 0.6808319091796875, 0.7026767134666443, 1.0000032186508179, 0.49195975065231323, 0.2508995831012726, 0.1851036548614502, 0.26895830035209656, 0.021800730377435684, -0.7904659509658813, -0.5360005497932434, -0.869803786277771, -0.08564832806587219, 0.8271951079368591, 0.9140116572380066, 1.0000004768371582, -0.8484703898429871, 1.0000091791152954, 1.0000112056732178, -0.4279710352420807, 0.9783152341842651, -0.10421083122491837, -1.2613787651062012, 0.01262316107749939, -0.004564063157886267, 0.597468376159668, 0.7600308060646057, -4.3115923631376063e-07, 0.32649752497673035, 0.9449008107185364, 1.498922348022461, -0.39024120569229126, 0.8702368140220642, -0.7494673132896423, -0.9332351088523865, 0.13081079721450806, 0.16329370439052582, 0.35878193378448486, -0.04470335319638252, -1.3421204130281694e-06, -0.09710075706243515, -9.611133009457262e-07, 9.709534651847207e-07, -0.6369215846061707, 0.048136841505765915, -0.06931333988904953, -4.701386451721191, -0.012917918153107166, -0.2481459677219391, -0.044171616435050964, -0.006977612152695656, 0.002731961663812399, -0.04893506318330765, -0.018690090626478195, -0.034322015941143036, -0.050777167081832886, -0.35171347856521606, -0.10108710825443268, -0.019238756969571114, -0.3265981376171112, 0.004056521691381931, -0.046827301383018494, 0.032702505588531494, 0.0024380243849009275, 0.26559609174728394, -0.13063198328018188, -0.0633619874715805, -0.10893474519252777, -0.03611299395561218, 0.05317485332489014, -0.3353321850299835, 0.5422778725624084, 0.5104808211326599, -0.3861943185329437, 0.5155297517776489, 0.5696423053741455, 0.11667346209287643, -0.16023054718971252, -0.44752657413482666, 0.862053394317627, -0.8279062509536743, 0.6200676560401917, 0.0, -0.38999998569488525, 0.47999998927116394, 0.012645297683775425, 0.2464054822921753, 0.9690790772438049, 0.0032153106294572353, 0.4957202672958374, 0.346572607755661, -0.6810396313667297, 0.41271549463272095, 0.025311138480901718, -0.4352301061153412, 0.5267648696899414, -0.03223855793476105, 0.5612290501594543, 0.8266658186912537, -0.024622468277812004, 0.19039395451545715, -0.13127779960632324, -0.8831461668014526, -0.9809509515762329, 2.043113946914673, 0.2862323522567749, 0.04238837584853172, -0.38101354241371155, 0.5599470734596252, -0.03472859412431717, 0.7116965055465698, 0.7014469504356384, -0.015940876677632332, 0.23334205150604248, -0.20134808123111725, -0.8066255450248718, -8.052879333496094, 1.5695339441299438, 0.17166920006275177, 0.07539168745279312, -0.4083157777786255, 0.5534680485725403, 0.009737424552440643, -0.08102736622095108, 0.9833773970603943, -0.16219930350780487, 0.34280169010162354, -0.29108908772468567, -0.746182382106781, 9.536458015441895, 4.033472537994385, 2.4904839992523193, 0.06859353184700012, -0.33275604248046875, 0.5460335612297058, -0.22541508078575134, 0.9728895425796509, 0.051087796688079834, 0.008002785965800285, 0.11360234022140503, -0.1379084289073944, -0.415894478559494, 4.2989583015441895, 1.1660717725753784, -0.3091422915458679, -0.05740181356668472, -0.3227792978286743, 0.5469667911529541, -0.3415852189064026, 0.0300438329577446, 0.931204617023468, 0.12359130382537842, 0.29183298349380493, -0.45377975702285767, 0.09223944693803787, 6.3257646560668945, 4.9632062911987305, 0.6055353283882141, -0.1413736343383789, -0.985037088394165, -1.1857032775878906, -0.02175316959619522, -0.0018229888519272208, 0.0034071786794811487, -0.26673442125320435, -0.30031439661979675, -0.6650388240814209, -0.038826730102300644, -0.0005961247370578349, 0.00388089451007545, -0.34171435236930847, 1.0927212238311768, -1.5806223154067993, -0.00284793833270669, -0.002230999758467078, 0.004633496515452862, -0.012111112475395203, -0.5344879627227783, 0.8748056888580322, -0.005579295568168163, 0.00037758180405944586, 0.0010533998720347881, -1.4769501686096191, 1.010707139968872, -0.3642421364784241, -0.006919165141880512, -0.012481790967285633, -0.0070725372061133385, -1.0, -1.0, 1.0, -1.0, 1.0, 1.0, 1.0, 0.7529813051223755, 1.0, 1.0, -1.0, 0.38795343041419983, -0.7914061546325684, 1.0, 1.0, -0.8201572895050049, 1.0, 1.0, -1.0, 1.0]
[-0.8086392283439636, 0.11567588895559311, 0.9874611496925354, -0.9583662748336792, 0.7374911308288574, 0.7741273045539856, 1.0000025033950806, 0.5282175540924072, 0.31587374210357666, 0.3000279366970062, 0.17811332643032074, 0.10366208106279373, -0.8552780151367188, -0.6222119331359863, -0.8256936073303223, -0.06242271512746811, 0.8563777804374695, 0.915138304233551, 1.0000003576278687, -0.8339712619781494, 1.000008225440979, 1.00001060962677, -0.5205655097961426, 0.9829375147819519, -0.10956712067127228, -1.367294430732727, 0.008557016961276531, -0.0468476228415966, 0.48461246490478516, 0.6066454648971558, -2.8456577183533227e-06, 0.29621458053588867, 0.40418538451194763, 0.7301477789878845, -0.3836153447628021, 0.671504020690918, -0.5269126296043396, -0.703181266784668, 0.29304489493370056, 0.056808870285749435, 0.30176007747650146, 0.05764392018318176, 4.003983576694736e-06, 0.3335457444190979, 1.6074205632321537e-05, 3.033408574992791e-06, -0.5414664149284363, 0.03762563690543175, -0.14498035609722137, -0.3608892858028412, -0.01041225902736187, -0.029498856514692307, -0.014384197071194649, -0.008822246454656124, 0.0031728355679661036, -0.015020856633782387, -0.039095066487789154, -0.04343188554048538, -0.0030073504894971848, -0.09073151648044586, -0.016527287662029266, 0.004155763424932957, 0.04789184406399727, -0.018646780401468277, 0.004880371503531933, 0.008251677267253399, 0.003698932006955147, 0.20280465483665466, 0.01861264742910862, 0.004125545732676983, -0.07176411151885986, -0.0221402607858181, 0.054915741086006165, -0.3380749225616455, 0.5345280766487122, 0.5222854614257812, -0.4194111227989197, 0.5326911211013794, 0.5172545909881592, 0.0348019003868103, -0.15488497912883759, -0.5040350556373596, 0.9181613922119141, 0.1658041924238205, 0.5964222550392151, 0.0, -0.38999998569488525, 0.47999998927116394, 0.012645297683775425, 0.2464054822921753, 0.9690790772438049, 0.0032153106294572353, 0.5328390002250671, 0.3705970048904419, -0.6335453987121582, 0.42114225029945374, 0.028121279552578926, -0.43692150712013245, 0.5110113024711609, -0.01856895722448826, 0.5587783455848694, 0.828221321105957, -0.038359008729457855, 0.1586579531431198, -0.07001978158950806, -0.9557679891586304, 1.0127626657485962, 2.4044387340545654, 0.5802835822105408, 0.04626030847430229, -0.38437700271606445, 0.5480293035507202, -0.02523769997060299, 0.7343556880950928, 0.6775575876235962, -0.0316314734518528, 0.2112392634153366, -0.20808805525302887, -0.7336345911026001, -0.912703275680542, 2.26238751411438, 0.6893376111984253, 0.07985363900661469, -0.410636305809021, 0.5400952100753784, 0.030956899747252464, -0.16092053055763245, 0.9699804782867432, -0.17967787384986877, 0.3250417113304138, -0.24331501126289368, -0.8920043706893921, 8.849091529846191, 3.7933151721954346, 2.4564430713653564, 0.07050758600234985, -0.33623620867729187, 0.5385202169418335, -0.2244151085615158, 0.97019362449646, 0.09111092239618301, 0.007807175628840923, 0.07390229403972626, -0.11575895547866821, -0.45446932315826416, 4.350068092346191, 0.640972912311554, 0.1373162567615509, -0.052266962826251984, -0.3297521471977234, 0.5477814078330994, -0.2851327061653137, -0.020829638466238976, 0.9485131502151489, 0.13633881509304047, 0.4402105510234833, -0.5479922890663147, 0.11299864947795868, 7.421289920806885, 6.830676078796387, 0.8617157936096191, -0.03777935355901718, -0.008224599994719028, -0.18850809335708618, -0.008945615962147713, -5.7624907640274614e-05, 0.0003413405211176723, -0.041831471025943756, 0.5714348554611206, -0.3003286123275757, -0.034860361367464066, 0.00022183189867064357, 0.00033243559300899506, -0.04664711654186249, 0.1645134687423706, -0.21410343050956726, 0.006623466033488512, -0.00017208563804160804, 0.0003426596231292933, 0.16614718735218048, -0.013504215516149998, 0.03175961971282959, 0.003496368881314993, -0.0024241842329502106, -0.0039828685112297535, -0.9707342982292175, 0.16123206913471222, 0.07069304585456848, -0.0013193755876272917, -0.0066085136495530605, -0.001381088513880968, -1.0, -1.0, 1.0, -1.0, 1.0, 1.0, 1.0, 0.5216778516769409, 1.0, 0.8030115962028503, -1.0, 0.7721575498580933, -0.8646886348724365, 1.0, 1.0, -0.610945463180542, 1.0, 1.0, -1.0, 1.0]
[-0.8365370631217957, -0.07067247480154037, 0.9885558485984802, -0.964829683303833, 0.7835133671760559, 0.8319100141525269, 0.9999993443489075, 0.5554682016372681, 0.3371218144893646, 0.3452673554420471, 0.0878233015537262, 0.15646898746490479, -0.9008677005767822, -0.6850163340568542, -0.7591415643692017, -0.04900069534778595, 0.8822618722915649, 0.9266866445541382, 1.0000005960464478, -0.7783641815185547, 1.0000066757202148, 1.000009298324585, -0.5981892347335815, 0.9866950511932373, -0.10304025560617447, -1.27194344997406, 0.004713256377726793, -0.06707071512937546, 0.3951578140258789, 0.49480557441711426, -3.840906356344931e-05, 0.11139476299285889, 0.014343860559165478, 0.1661640852689743, -0.3703121840953827, 0.4700969159603119, -0.33551615476608276, -0.49426934123039246, 0.3079272210597992, 0.04573594033718109, 0.243538960814476, 0.1739213466644287, 8.969018381321803e-06, 0.88127201795578, 4.632407126337057e-06, 2.746465497693862e-06, -0.45294880867004395, 0.030388567596673965, 0.1532483845949173, 1.594024658203125, 0.0007139750523492694, 0.06961603462696075, -0.001378196058794856, -0.009564263746142387, 0.0027224679943174124, -0.07933205366134644, -0.08460145443677902, -0.05036662518978119, 0.014533787965774536, 0.110606849193573, 0.06540563702583313, 0.03110000491142273, 0.08776213973760605, -0.004542877897620201, 0.020642943680286407, 0.011525411158800125, 0.007097613997757435, 0.18949291110038757, 0.09144094586372375, 0.03358753025531769, -0.06382818520069122, -0.019254332408308983, 0.05629270523786545, -0.34063029289245605, 0.526474118232727, 0.548974335193634, -0.434878945350647, 0.5285693407058716, 0.47971007227897644, 0.10328613221645355, -0.12393379956483841, -0.4707913398742676, 0.9676291346549988, 0.026516785845160484, 0.46307846903800964, 0.0, -0.38999998569488525, 0.47999998927116394, 0.012645297683775425, 0.2464054822921753, 0.9690790772438049, 0.0032153106294572353, 0.5473735332489014, 0.40571415424346924, -0.6039469838142395, 0.41355326771736145, 0.030229710042476654, -0.4372190237045288, 0.4951844811439514, -0.005630691070109606, 0.5477215051651001, 0.8349206447601318, -0.053636107593774796, 0.10506341606378555, 0.019059857353568077, -0.88868248462677, 1.66728675365448, 2.3051414489746094, 0.7064691781997681, 0.04968060553073883, -0.3875493109226227, 0.5363842844963074, -0.016124818474054337, 0.7241917848587036, 0.6876115798950195, -0.04976325482130051, 0.17597447335720062, -0.19997189939022064, -0.60130375623703, 4.3116374015808105, 2.543236255645752, 0.652096152305603, 0.08390679210424423, -0.4123900830745697, 0.525817334651947, 0.050538890063762665, -0.2340078055858612, 0.9509673118591309, -0.19582466781139374, 0.27034130692481995, -0.14236363768577576, -0.8858112692832947, 7.519097328186035, 3.180785894393921, 2.3381576538085938, 0.07167672365903854, -0.33891358971595764, 0.5308789014816284, -0.22370252013206482, 0.9664446115493774, 0.12573373317718506, 0.011529786512255669, 0.05177474021911621, -0.07344978302717209, -0.4414716064929962, 3.6225109100341797, 0.32389035820961, -0.06060730293393135, -0.044922325760126114, -0.33765095472335815, 0.5489277243614197, -0.20994549989700317, -0.07553636282682419, 0.96367347240448, 0.1468006819486618, 0.6180405020713806, -0.6089792251586914, 0.10638647526502609, 7.80296516418457, 8.813947677612305, 1.388296127319336, 0.06784001737833023, 0.4932272136211395, 0.17468827962875366, -0.002165855374187231, 9.465111361350864e-05, -0.0012720004888251424, 0.09092499315738678, 0.9653772115707397, -0.7819401025772095, -0.03588596731424332, -0.00033850170439109206, -0.0012155778240412474, 0.06694946438074112, -0.8732630014419556, 0.48808276653289795, 0.01800105907022953, 0.00040887072100304067, -0.0006572903366759419, -0.004317010287195444, 0.07365112006664276, -0.06631747633218765, 0.008202380500733852, 0.0009513802360743284, -0.0009680798393674195, -0.8610519766807556, -0.23021331429481506, 0.3165982663631439, 0.00131376669742167, -0.005477504339069128, 0.00044937297934666276, -1.0, -1.0, 1.0, -1.0, 1.0, 1.0, 1.0, 0.413787305355072, 1.0, 0.580050528049469, -1.0, 0.7898849248886108, -0.6785174608230591, 1.0, 1.0, -0.2941155433654785, 1.0, 1.0, -1.0, 1.0]
[-0.8595613241195679, -0.23727810382843018, 0.988793671131134, -0.9722281098365784, 0.8211825489997864, 0.8792068958282471, 0.9814202785491943, 0.5758431553840637, 0.33002224564552307, 0.3509507179260254, 0.017284492030739784, 0.18413017690181732, -0.9306440353393555, -0.7270792722702026, -0.7075515985488892, -0.03591324761509895, 0.8965433239936829, 0.9473416805267334, 1.0000022649765015, -0.6868521571159363, 1.000006079673767, 0.9999567270278931, -0.6637265682220459, 0.9895865321159363, -0.07455893605947495, -1.1072300672531128, 0.0013269585324451327, -0.06776152551174164, 0.3245134651660919, 0.4059065282344818, -0.10553597658872604, 0.13027271628379822, -0.12469770759344101, 0.00103827565908432, -0.21300141513347626, 0.19201244413852692, -0.2263011783361435, -0.3190588653087616, 0.22931547462940216, 0.07129663228988647, 0.1646967977285385, 0.222026064991951, 1.0572885003057308e-05, 1.2648656368255615, 1.1168245691806078e-05, -0.0012846210738644004, -0.38499265909194946, 0.02233974263072014, 0.6204723715782166, 2.1952385902404785, 0.015496606938540936, 0.09814129769802094, 0.002558498876169324, -0.009167717769742012, 0.002120944205671549, 0.006114749703556299, -0.026930853724479675, -0.013624563813209534, 0.06887142360210419, 0.05125633627176285, 0.02436024136841297, 0.013325253501534462, 0.15158024430274963, 0.007107595447450876, 0.05891461670398712, 0.007891900837421417, 0.006008857861161232, 0.08093629032373428, 0.1204167902469635, 0.04303959757089615, -0.01393740251660347, -0.0036360560916364193, 0.057428035885095596, -0.342514306306839, 0.5189697742462158, 0.5852435231208801, -0.43115419149398804, 0.5049662590026855, 0.46540841460227966, 0.05258509889245033, -0.09103474766016006, -0.367747962474823, 0.9729625582695007, 0.4923604130744934, 0.3490963578224182, 0.0, -0.38999998569488525, 0.47999998927116394, 0.012645297683775425, 0.2464054822921753, 0.9690790772438049, 0.0032153106294572353, 0.5382454991340637, 0.444696307182312, -0.5990532040596008, 0.39201048016548157, 0.03138675540685654, -0.4362219572067261, 0.48100170493125916, 0.005576757248491049, 0.5344964861869812, 0.8424066305160522, -0.06806852668523788, 0.04391423240303993, 0.08238266408443451, -0.7664260864257812, 1.713337779045105, 2.0239577293395996, 0.6471277475357056, 0.052302855998277664, -0.39001742005348206, 0.5259435176849365, -0.009654623456299305, 0.6965827345848083, 0.7141385078430176, -0.06844966858625412, 0.11932152509689331, -0.13507187366485596, -0.5120359659194946, 5.020481586456299, 2.2561051845550537, 0.9011221528053284, 0.08694031089544296, -0.4133884608745575, 0.5122333765029907, 0.06680484861135483, -0.2962532937526703, 0.9299603700637817, -0.2072313278913498, 0.18530291318893433, -0.11150345206260681, -0.8397473096847534, 6.71548318862915, 2.8850226402282715, 1.3992981910705566, 0.0727270320057869, -0.3409706950187683, 0.5236872434616089, -0.22111940383911133, 0.962510347366333, 0.15656302869319916, 0.01296523679047823, 0.039671074599027634, -0.042219024151563644, -0.40117770433425903, 3.0602097511291504, 0.5260113477706909, -0.3861492872238159, -0.03562433272600174, -0.3459438383579254, 0.5495092868804932, -0.12060626596212387, -0.12900586426258087, 0.9724617004394531, 0.1520850956439972, 0.7452459931373596, -0.6185097098350525, 0.00809958204627037, 7.644825458526611, 9.898398399353027, 1.9846889972686768, 0.17012473940849304, 0.6517008543014526, 0.2391885221004486, 0.0006077940342947841, -0.0003722631372511387, -0.0019564032554626465, 0.18443143367767334, 0.5861498713493347, -0.14863285422325134, -0.0048323157243430614, -0.000850232201628387, -0.0016821094322949648, 0.420676052570343, -0.35849422216415405, 0.46719327569007874, 0.007947840727865696, 0.002606176072731614, -0.006391249597072601, 0.0119509631767869, 0.29967716336250305, -0.1765058934688568, 0.010504014790058136, -0.0006083032349124551, 0.0018630658742040396, -0.16898012161254883, -0.38241448998451233, 0.327523797750473, 0.0024384623393416405, -0.0009323756094090641, 0.0008536780951544642, -0.9096931219100952, -1.0, 1.0, -1.0, 1.0, 1.0, 1.0, 0.3265867829322815, 1.0, 0.38302648067474365, -1.0, 0.783206582069397, -0.5742726922035217, 1.0, 1.0, -0.062095701694488525, 1.0, 1.0, -1.0, 1.0]
[-0.857382595539093, -0.37980806827545166, 0.9867395162582397, -0.9789683222770691, 0.8522369265556335, 0.9180992245674133, 0.9580651521682739, 0.591498851776123, 0.31845659017562866, 0.3511124849319458, -0.021948641166090965, 0.18973512947559357, -0.9423771500587463, -0.7510265707969666, -0.671147346496582, -0.006361685693264008, 0.9069936871528625, 0.9684631824493408, 1.0000027418136597, -0.5744470357894897, 0.9999797344207764, 0.9995161890983582, -0.72031569480896, 0.9915327429771423, 0.06730319559574127, -0.9354764819145203, -0.009689532220363617, -0.05794087052345276, 0.2680436968803406, 0.33455199003219604, -0.04809807986021042, 0.12426968663930893, -0.11405211687088013, -0.007624724414199591, -0.11360800266265869, -0.017267072573304176, -0.046414684504270554, -0.1366751492023468, 0.17834050953388214, 0.14378385245800018, 0.10928696393966675, 0.1854168176651001, 8.42331883177394e-06, 1.4506229162216187, -0.0021258194465190172, -0.0030550467781722546, -0.33438071608543396, 0.013975984416902065, 3.0236194133758545, 2.19846510887146, 0.08400066196918488, 0.08951736986637115, 0.001319592702202499, -0.00798250176012516, 0.03259230777621269, 0.03250027447938919, -0.005502800922840834, -0.0037013881374150515, 0.10528817027807236, 0.021113676950335503, 0.011151484213769436, 0.009797852486371994, 0.2263297438621521, 0.003177613951265812, 0.04319227859377861, -0.001970300916582346, 0.00513539370149374, -0.08111684769392014, 0.13057127594947815, 0.046513061970472336, 0.06086861714720726, 0.018704991787672043, 0.057596977800130844, -0.34408414363861084, 0.5128754377365112, 0.6205569505691528, -0.4253273904323578, 0.4735378921031952, 0.45800384879112244, -0.0159523393958807, -0.09200773388147354, -0.3250930905342102, 0.7543361783027649, 0.7079617381095886, 0.11466584354639053, 0.0, -0.38999998569488525, 0.47999998927116394, 0.012645297683775425, 0.2464054822921753, 0.9690790772438049, 0.0032153106294572353, 0.525061845779419, 0.4811585247516632, -0.6006063222885132, 0.363412469625473, 0.0306895449757576, -0.43459323048591614, 0.46898356080055237, 0.01626959815621376, 0.5218333005905151, 0.8492887616157532, -0.07831874489784241, -0.09430447220802307, 0.09913722425699234, -0.6371183395385742, 1.5398942232131958, 1.6810564994812012, 0.013041924685239792, 0.053300827741622925, -0.3919258713722229, 0.5168636441230774, -0.0026760215405374765, 0.6683660745620728, 0.7392389178276062, -0.08249451965093613, 0.010309591889381409, -0.11194176971912384, -0.44098910689353943, 4.248022079467773, 1.9296433925628662, -0.10993961244821548, 0.08790218830108643, -0.4143993854522705, 0.4999297559261322, 0.07826238870620728, -0.34603339433670044, 0.9111418724060059, -0.20965760946273804, 0.017264630645513535, -0.12336590886116028, -0.7523796558380127, 5.205228805541992, 2.2788541316986084, 0.20059970021247864, 0.07312289625406265, -0.34271013736724854, 0.517297089099884, -0.2116042822599411, 0.9600321054458618, 0.18275576829910278, 0.01273605227470398, -0.017571285367012024, -0.0577724315226078, -0.33963334560394287, 2.7113096714019775, 0.7685691118240356, -1.4103143215179443, -0.025794658809900284, -0.3538064658641815, 0.5485564470291138, -0.026021741330623627, -0.1779431849718094, 0.9715501070022583, 0.15410873293876648, 0.7335842251777649, -0.5580812096595764, -0.14234314858913422, 7.239141941070557, 10.020526885986328, 1.9153468608856201, 0.641240119934082, 0.6146855354309082, 0.1612153798341751, 0.0012377803213894367, -0.002930737566202879, -0.0032021598890423775, 0.4668772518634796, 0.4440586268901825, 0.04914679378271103, 0.00295949075371027, -0.00785518903285265, -0.000999067211523652, 0.8177304863929749, -0.19953936338424683, 0.44102853536605835, 0.006804761476814747, 0.003410426899790764, -0.005762680433690548, 0.37466132640838623, 0.23724967241287231, -0.36482277512550354, 0.008694139309227467, -0.0030338848009705544, 0.0034228188451379538, 0.9067202806472778, -0.4107130765914917, 0.2652939558029175, 0.0028687831945717335, 0.004197468049824238, -0.0016873516142368317, -0.45948144793510437, -1.0, 1.0, -1.0, 1.0, 1.0, 1.0, 0.33078616857528687, 1.0, 0.21841134130954742, -0.9160259962081909, 0.5733284950256348, -0.32104042172431946, 1.0, 1.0, 0.09139463305473328, 1.0, 1.0, -1.0, 1.0]
[-0.8097141981124878, -0.4990263879299164, 0.9829937815666199, -0.9844701886177063, 0.8779305815696716, 0.9502318501472473, 0.9695088863372803, 0.6017782688140869, 0.30378708243370056, 0.347675085067749, -0.0413372702896595, 0.17057111859321594, -0.9003278017044067, -0.7503193616867065, -0.6393882036209106, 0.02348358929157257, 0.9112693071365356, 0.9866280555725098, 1.000003457069397, -0.44793951511383057, 1.0000027418136597, 0.9994123578071594, -0.7688657641410828, 0.9928256869316101, 0.25920945405960083, -0.7764266133308411, -0.014200413599610329, -0.04593794047832489, 0.22180163860321045, 0.27683931589126587, 0.11044394224882126, 0.07150015980005264, -0.1437554657459259, -0.04452360421419144, -0.041962891817092896, -0.24705782532691956, 0.6196330189704895, 0.12299925088882446, 0.15000000596046448, 0.10834195464849472, 0.0180362518876791, 0.15904884040355682, 7.0617747951473575e-06, 1.616763949394226, -9.251732080883812e-06, -0.0014742146013304591, -0.2851495146751404, 0.00927705504000187, 3.9782440662384033, 2.0381834506988525, 0.1112721785902977, 0.0751204639673233, 0.000117276213131845, -0.006767474580556154, 0.03494305908679962, 0.025763899087905884, -0.0028127538971602917, -0.0014743090141564608, 0.12419793754816055, 0.0026503116823732853, 0.03411412611603737, 0.021884046494960785, 0.22644367814064026, -0.002921649720519781, 0.018729884177446365, -0.007758832536637783, 0.004135763272643089, -0.1340665966272354, 0.11086146533489227, 0.03690385818481445, 0.08315792679786682, 0.025174610316753387, 0.056448981165885925, -0.3461768925189972, 0.5077188014984131, 0.6464115381240845, -0.42585745453834534, 0.4423873722553253, 0.4528696835041046, -0.0986475944519043, -0.12242718786001205, -0.24546998739242554, 0.6480004191398621, 1.2407068014144897, 0.010463058948516846, 0.0, -0.38999998569488525, 0.47999998927116394, 0.012645297683775425, 0.2464054822921753, 0.9690790772438049, 0.0032153106294572353, 0.5180479288101196, 0.5078709125518799, -0.6021085381507874, 0.33340492844581604, 0.027258243411779404, -0.4329357445240021, 0.4590967297554016, 0.028192613273859024, 0.5106101036071777, 0.8555014133453369, -0.0812392383813858, -0.2584911584854126, 0.09003002196550369, -0.5185095071792603, 1.3108716011047363, 1.3405544757843018, -0.9299792051315308, 0.05195071920752525, -0.3939818739891052, 0.5091617107391357, 0.012759790755808353, 0.6408430933952332, 0.7627519369125366, -0.08582878857851028, -0.11311499774456024, -0.13777844607830048, -0.3654148280620575, 4.016393661499023, 1.8751250505447388, -1.884060025215149, 0.08594612777233124, -0.41596847772598267, 0.48931580781936646, 0.08063072711229324, -0.37038111686706543, 0.9025883674621582, -0.20408526062965393, -0.20590132474899292, -0.12528115510940552, -0.5956971645355225, 1.3307549953460693, 0.46719425916671753, -1.118963360786438, 0.07209634780883789, -0.34499120712280273, 0.5119267106056213, -0.19530250132083893, 0.9588149189949036, 0.20580078661441803, 0.013296621851623058, -0.10395698994398117, -0.11662204563617706, -0.27869856357574463, 2.5451693534851074, 0.7784361839294434, -2.136827230453491, -0.01680745929479599, -0.36082908511161804, 0.5457534193992615, 0.06827794015407562, -0.2221451699733734, 0.9599606394767761, 0.15641312301158905, 0.6481099724769592, -0.49048417806625366, -0.29123055934906006, 6.9822096824646, 9.962576866149902, 1.5085968971252441, 0.8239132165908813, 0.5317579507827759, 0.0943901538848877, 0.001208893721923232, -0.004115089308470488, -0.0037052733823657036, 0.6141059398651123, 0.3612399697303772, 0.03013523295521736, 0.0039442903362214565, -0.008638928644359112, -0.001336012384854257, 1.01707124710083, -0.4445376992225647, 0.43433430790901184, 0.015215979889035225, 0.0041942233219742775, -0.005876464769244194, 0.5143461227416992, 0.11278275400400162, -0.425222247838974, 0.005827504675835371, -0.003100680187344551, 0.0030081807635724545, 1.2385692596435547, -0.25299185514450073, 0.1282244771718979, 0.0018209473928436637, 0.005357502959668636, -0.0031059677712619305, -0.02947494015097618, -1.0, 1.0, -1.0, 1.0, 1.0, 1.0, 0.30464091897010803, 1.0, -0.12014757096767426, -0.45913413166999817, 0.38095828890800476, -0.18477502465248108, 1.0, 1.0, 0.28476858139038086, 1.0, 1.0, -1.0, 1.0]
[-0.7068867683410645, -0.596777617931366, 0.9788891673088074, -0.9887450933456421, 0.8991873264312744, 0.9768334627151489, 0.9871960282325745, 0.6093109846115112, 0.2934632897377014, 0.34322842955589294, -0.04167209938168526, 0.12183553725481033, -0.8028345704078674, -0.7264271378517151, -0.629208505153656, 0.05635209009051323, 0.9133540391921997, 1.0000215768814087, 1.0000042915344238, -0.3163795471191406, 1.0000011920928955, 1.0000015497207642, -0.8107571005821228, 0.9935662746429443, 0.474494606256485, -0.6333075761795044, -0.01361136045306921, -0.034943316131830215, 0.18341891467571259, 0.22912529110908508, 0.05603444203734398, 0.027178479358553886, -0.07839915156364441, -0.035611607134342194, 0.05223729833960533, -0.4990830421447754, 1.0669746398925781, 0.3032767176628113, -0.00766342505812645, 0.14985792338848114, 0.0260662492364645, 0.0006302297115325928, -8.689421520102769e-06, 1.618948221206665, -5.93543973081978e-06, -3.3782475838961545e-06, -0.24567988514900208, 0.004840942565351725, 4.32686185836792, 1.7701330184936523, 0.12032166123390198, 0.05799519270658493, -0.0008339015766978264, -0.005499330349266529, 0.013734904117882252, -0.01067433413118124, -0.00992784183472395, -0.001278692507185042, 0.14057078957557678, 0.02904825657606125, 0.03099030815064907, 0.017286676913499832, 0.15375620126724243, 0.00865980889648199, 0.011576583608984947, -0.026022501289844513, -0.005198964383453131, -0.21644169092178345, 0.0783892422914505, 0.021226024255156517, 0.11925067752599716, 0.03678971156477928, 0.05388680100440979, -0.3488602936267853, 0.5034956336021423, 0.668104887008667, -0.42827385663986206, 0.4039765000343323, 0.4549948573112488, -0.1967337429523468, -0.17157398164272308, -0.19815073907375336, 0.6505021452903748, 0.8418340086936951, -0.3757106065750122, 0.0, -0.38999998569488525, 0.47999998927116394, 0.012645297683775425, 0.2464054822921753, 0.9690790772438049, 0.0032153106294572353, 0.5109679102897644, 0.5288478136062622, -0.6096673607826233, 0.2958675026893616, 0.02077978476881981, -0.43149980902671814, 0.451149046421051, 0.04237302392721176, 0.5009573101997375, 0.8611552715301514, -0.07521835714578629, -0.42944425344467163, 0.07570838183164597, -0.4144713878631592, 1.0727568864822388, 1.0300644636154175, -2.029170036315918, 0.04784999415278435, -0.39629244804382324, 0.5027633309364319, 0.032675351947546005, 0.6170255541801453, 0.7822081446647644, -0.07976390421390533, -0.27127426862716675, -0.16254329681396484, -0.3061598837375641, 3.2990975379943848, 1.38069486618042, -2.687279224395752, 0.08071786910295486, -0.41860514879226685, 0.48003530502319336, 0.07430753111839294, -0.37214893102645874, 0.9055852890014648, -0.18946969509124756, -0.4342566132545471, -0.17429019510746002, -0.49602386355400085, -1.109055995941162, -0.43412071466445923, -2.6408421993255615, 0.06963782757520676, -0.3480517268180847, 0.5073373317718506, -0.1710289865732193, 0.9587357044219971, 0.226751908659935, 0.01259160228073597, -0.18248067796230316, -0.16397690773010254, -0.22738447785377502, 2.7723388671875, 1.515758752822876, -3.0673582553863525, -0.01003408245742321, -0.36682429909706116, 0.5411630868911743, 0.15610842406749725, -0.26258495450019836, 0.9384393692016602, 0.16127830743789673, 0.45004308223724365, -0.41074249148368835, -0.4183861315250397, 6.66838264465332, 9.149713516235352, 0.7134404182434082, 0.8801219463348389, 0.423885703086853, 0.04034742712974548, 0.0008589542121626437, -0.004594882484525442, -0.0037891147658228874, 0.7494025230407715, 0.2658441662788391, -0.14126870036125183, 0.002708969172090292, -0.004035668447613716, -0.002549803117290139, 1.1508361101150513, -0.40656599402427673, 0.40279027819633484, 0.011188186705112457, 0.004834655672311783, -0.007118657231330872, 0.42525041103363037, 0.14430558681488037, -0.4690263271331787, -0.0030343804974108934, -0.0005832326714880764, 0.00530211441218853, 1.748738169670105, -0.02927163429558277, -0.11946532130241394, 0.00032930588349699974, 0.008809903636574745, -0.0031774304807186127, 0.44395938515663147, -1.0, 1.0, -1.0, 1.0, 0.8276563286781311, 1.0, 0.3486167788505554, 1.0, -0.3716816306114197, -0.15647152066230774, 0.022089321166276932, -0.020835839211940765, 1.0, 1.0, 0.38646700978279114, 1.0, 1.0, -1.0, 1.0]
[-0.5429847836494446, -0.6758079528808594, 0.9750615358352661, -0.9919107556343079, 0.9167365431785583, 0.9988221526145935, 0.9741787910461426, 0.6150696277618408, 0.2898905277252197, 0.3405829071998596, -0.015218782238662243, 0.040642477571964264, -0.6486008167266846, -0.683810830116272, -0.6653720736503601, 0.09958227723836899, 0.9169570207595825, 1.000022292137146, 1.0000042915344238, -0.18906137347221375, 0.9999990463256836, 1.0, -0.8468567132949829, 0.9939008355140686, 0.7104754447937012, -0.5107947587966919, -0.011728310026228428, -0.025373056530952454, 0.15140438079833984, 0.18918544054031372, -0.10711795091629028, 0.022892145439982414, -0.018072521314024925, -0.01536078006029129, 0.18474704027175903, -0.8227282762527466, 1.6334093809127808, 0.48748189210891724, -0.2428790181875229, 0.1939224749803543, 0.03908400237560272, -8.471078558613954e-07, -2.397229934558709e-07, 1.5341895818710327, -2.19646481127711e-05, 1.5645348412363091e-06, -0.2098425179719925, 0.002113147871568799, 4.535881042480469, 1.4785916805267334, 0.12459991872310638, 0.04055716469883919, -0.0015995779540389776, -0.004249141085892916, 0.005877034738659859, -0.010899296030402184, -0.00660296157002449, 7.742695743218064e-05, 0.15671643614768982, 0.0006419268902391195, 0.025071337819099426, 0.016644315794110298, 0.1318325251340866, 0.008014155551791191, 0.0020581712014973164, -0.000942190526984632, 0.004710562061518431, -0.2519765794277191, 0.0402848981320858, 0.005281833466142416, 0.1341685652732849, 0.04191211611032486, 0.05009196698665619, -0.35210809111595154, 0.5001039505004883, 0.6860389113426208, -0.43332868814468384, 0.3533642292022705, 0.46552175283432007, -0.2737399935722351, -0.19901883602142334, -0.16887682676315308, 0.5575866103172302, 1.2568713426589966, -0.6375986337661743, 0.0, -0.38999998569488525, 0.47999998927116394, 0.012645297683775425, 0.2464054822921753, 0.9690790772438049, 0.0032153106294572353, 0.5033198595046997, 0.5442571640014648, -0.6245145201683044, 0.2458353191614151, 0.011098559014499187, -0.4301874041557312, 0.44485628604888916, 0.05953707545995712, 0.4924839735031128, 0.866248607635498, -0.05939901992678642, -0.6085914373397827, 0.0745580792427063, -0.32783231139183044, 0.8602955341339111, 0.7655200362205505, -3.245025396347046, 0.04071929305791855, -0.3988308608531952, 0.49754399061203003, 0.05143432691693306, 0.5977681875228882, 0.7972487807273865, -0.06649859249591827, -0.4547571539878845, -0.17148208618164062, -0.2516051232814789, 2.5464084148406982, 0.6265091896057129, -3.090143918991089, 0.07173565030097961, -0.42228102684020996, 0.47165822982788086, 0.06132282689213753, -0.3538108170032501, 0.9189761281013489, -0.1629115343093872, -0.6939662098884583, -0.2025546133518219, -0.42645129561424255, -3.8337302207946777, -0.9939299821853638, -4.389218807220459, 0.06594677269458771, -0.35197800397872925, 0.5032498836517334, -0.13781458139419556, 0.9582648873329163, 0.25038620829582214, 0.0064902943558990955, -0.25972428917884827, -0.2152073234319687, -0.21789471805095673, 2.529013156890869, 2.280578374862671, -3.966212034225464, -0.006677574943751097, -0.3717132806777954, 0.5352641940116882, 0.2316962480545044, -0.3009307384490967, 0.9092093110084534, 0.17057497799396515, 0.18355372548103333, -0.3349948227405548, -0.493541419506073, 6.367066383361816, 7.95629358291626, -0.42240625619888306, 0.9049117565155029, 0.3092103600502014, -0.0026854751631617546, 0.00038901434163562953, -0.004848570562899113, -0.0037469016388058662, 0.8053508996963501, 0.18958435952663422, -0.12218520045280457, 0.0029211922083050013, -0.0023770276457071304, -0.002988196909427643, 1.2599502801895142, -0.3162493109703064, 0.32375797629356384, 0.011900574900209904, 0.005061367526650429, -0.008695642463862896, 0.45041579008102417, -0.04907960444688797, -0.22228065133094788, 0.003974367398768663, -0.0004964511026628315, 0.005311539862304926, 1.9633903503417969, 0.18630757927894592, -0.33126580715179443, -0.0010344014735892415, 0.010497871786355972, -0.0030829266179353, 0.991485595703125, -1.0, 1.0, -1.0, 1.0, 0.5737830400466919, 1.0, 0.3736645579338074, 1.0, -0.7074263691902161, 0.3291398882865906, -0.47373124957084656, 0.1434619426727295, 1.0, 1.0, 0.45922380685806274, 1.0, 1.0, -1.0, 1.0]
[-0.34039610624313354, -0.7396069169044495, 0.9745276570320129, -0.9942537546157837, 0.9315354824066162, 1.0000007152557373, 0.9219376444816589, 0.6255782842636108, 0.2972213923931122, 0.34082603454589844, 0.04497601464390755, -0.06807078421115875, -0.45834389328956604, -0.6209830045700073, -0.7387166619300842, 0.1499100774526596, 0.9219897985458374, 1.000022292137146, 1.0000042915344238, -0.07875008881092072, 0.9999966621398926, 0.9999980926513672, -0.8773776292800903, 0.9940295219421387, 0.7923662662506104, -0.41743969917297363, 0.005070629063993692, -0.018953070044517517, 0.13041161000728607, 6.048794602975249e-06, -0.26457250118255615, 0.09722638130187988, 0.10759749263525009, 0.019987044855952263, 0.30802902579307556, -1.0671031475067139, 1.8373136520385742, 0.8333609700202942, -0.3921261727809906, 0.21652241051197052, 0.04209975153207779, -7.994587576831691e-06, -4.3449387021610164e-07, 1.2560254335403442, -4.958128556609154e-05, -9.010223038785625e-06, -0.17388451099395752, 0.0014688953524455428, 1.3214792013168335, 1.0733569860458374, 0.03745529428124428, 0.034822333604097366, 0.0006968115922063589, -0.002097803633660078, -0.007079864852130413, 0.03611632436513901, 0.01619219221174717, 0.0067297546193003654, 0.05689498409628868, -0.018462693318724632, -0.01053121779114008, 0.01626639999449253, 0.05280390381813049, 0.003040793351829052, 0.0063554393127560616, -0.0018115207785740495, 0.0016269636107608676, -0.20637302100658417, 0.048855412751436234, 0.012532778084278107, 0.11467142403125763, 0.03793797641992569, 0.04540311172604561, -0.3554098308086395, 0.4972487986087799, 0.702643096446991, -0.43635231256484985, 0.29136672616004944, 0.48061901330947876, -0.3059145510196686, -0.13094930350780487, -0.09017788618803024, 0.5484885573387146, 1.4540964365005493, -0.628534197807312, 0.0, -0.38999998569488525, 0.47999998927116394, 0.012645297683775425, 0.2464054822921753, 0.9690790772438049, 0.0032153106294572353, 0.49083587527275085, 0.5574021935462952, -0.6434738636016846, 0.1852683573961258, -0.0004941138904541731, -0.42856091260910034, 0.43988656997680664, 0.0788947194814682, 0.4789838194847107, 0.8735218048095703, -0.036190252751111984, -0.6596824526786804, 0.0984799936413765, -0.25311771035194397, 1.4543653726577759, 0.5947182774543762, -3.887446165084839, 0.0315774641931057, -0.40073174238204956, 0.49342480301856995, 0.06527938693761826, 0.5864105224609375, 0.8058466911315918, -0.04972244054079056, -0.5382915735244751, -0.09938240796327591, -0.2111155092716217, 1.0927188396453857, -0.09156294912099838, -2.6433663368225098, 0.05990788713097572, -0.4259917438030243, 0.46371686458587646, 0.047052569687366486, -0.32014328241348267, 0.9378847479820251, -0.12516576051712036, -0.813235878944397, -0.13886819779872894, -0.40628066658973694, -5.939876079559326, -0.8424827456474304, -5.229254722595215, 0.06138936057686806, -0.3561684191226959, 0.49934327602386475, -0.09966222196817398, 0.957005500793457, 0.2723955810070038, -0.002907706191763282, -0.2898099720478058, -0.2133590579032898, -0.20846423506736755, 2.4368057250976562, 2.6805760860443115, -4.094901084899902, -0.006832065526396036, -0.37536677718162537, 0.528938889503479, 0.2898128628730774, -0.3371216356754303, 0.8768919110298157, 0.18280622363090515, -0.04885425791144371, -0.24633687734603882, -0.48723143339157104, 5.682670593261719, 6.056357383728027, -1.2323168516159058, 0.26676449179649353, 0.2356545627117157, 0.03217098489403725, 0.0014370150165632367, -0.0016258340328931808, -0.0014772287104278803, 0.2787367105484009, 0.06978977471590042, 0.22063113749027252, 0.007776601240038872, 0.0010902341455221176, -0.001621421193704009, 0.43790203332901, -0.10889261215925217, 0.13124686479568481, 0.014633010141551495, 0.0015569685492664576, -0.004477955866605043, 0.10049887746572495, 0.009960648603737354, -0.11814887821674347, 0.0017763732466846704, 0.0004242690629325807, 0.0012370662298053503, 1.6402822732925415, -0.026439780369400978, -0.2700009346008301, 0.0003185220994055271, 0.01169346272945404, 0.00019567648996599019, 1.0, -1.0, 1.0, -1.0, 1.0, 0.3353177309036255, 1.0, 0.44432610273361206, 1.0, -0.9201215505599976, 0.580072283744812, -0.8405634164810181, 0.2741793096065521, 1.0, 1.0, 0.42260828614234924, 1.0, 1.0, -1.0, 1.0]
[-0.13145367801189423, -0.7919348478317261, 0.9775906801223755, -0.9955562949180603, 0.9057102203369141, 0.9999991059303284, 0.8401304483413696, 0.643609881401062, 0.2894907593727112, 0.34090617299079895, 0.12702351808547974, -0.18942880630493164, -0.2690161466598511, -0.4658363461494446, -0.8244055509567261, 0.22251614928245544, 0.9299521446228027, 1.0000221729278564, 1.0000042915344238, -0.003928384277969599, 0.9999327063560486, 0.9999464750289917, -0.9033804535865784, 0.9939556121826172, 0.7741997241973877, -0.33910277485847473, 0.017342515289783478, -0.010913900099694729, -0.4352931082248688, -4.6710494643775746e-05, -0.37429940700531006, 0.2032657414674759, -0.16488060355186462, -0.029237497597932816, 0.37552472949028015, -1.1597312688827515, 1.6980160474777222, 1.906978964805603, -0.3815895617008209, 0.3427017629146576, 0.10122870653867722, 2.42010014517291e-06, 5.249469836599019e-07, 0.7312635779380798, -0.003512796014547348, -0.001123113906942308, -0.147055983543396, 3.3654880098765716e-05, -0.7385987043380737, 0.978918731212616, -0.021255137398838997, 0.04181056469678879, -0.027480313554406166, -0.014492383226752281, -0.011374973691999912, 0.05970589071512222, -0.0016668763710185885, -0.006301191169768572, -0.010654913261532784, 0.031920552253723145, -0.013052994385361671, 0.025729572400450706, 0.06773718446493149, 0.005141049157828093, 0.03869633749127388, 0.0012401363346725702, 0.0018092984100803733, -0.22516117990016937, 0.06850936263799667, 0.02540767379105091, 0.12445826083421707, 0.04218130558729172, 0.04060426726937294, -0.3581952452659607, 0.49511194229125977, 0.7240787148475647, -0.4259728491306305, 0.21935512125492096, 0.49612540006637573, -0.29125654697418213, -0.1413220912218094, -0.11258585005998611, 0.6804455518722534, 1.6978901624679565, -0.5014998912811279, 0.0, -0.38999998569488525, 0.47999998927116394, 0.012645297683775425, 0.2464054822921753, 0.9690790772438049, 0.0032153106294572353, 0.4629061818122864, 0.5752980709075928, -0.6638829708099365, 0.11836180090904236, -0.01231241412460804, -0.4269784092903137, 0.43549469113349915, 0.0979311391711235, 0.4533865451812744, 0.8858700394630432, -0.009179454296827316, -0.6391816735267639, 0.05210975557565689, -0.20725111663341522, 3.8391151428222656, 0.26688820123672485, -4.34604024887085, 0.022006116807460785, -0.4019174575805664, 0.4903406500816345, 0.07361676543951035, 0.5747141242027283, 0.8143948912620544, -0.032327838242053986, -0.5376266241073608, -0.06110374256968498, -0.13148246705532074, 1.8342097997665405, -0.6286309957504272, -2.293303966522217, 0.047075897455215454, -0.42865443229675293, 0.4560507833957672, 0.03428654372692108, -0.2522972822189331, 0.9634563326835632, -0.0832003727555275, -0.8234105110168457, 0.010723743587732315, -0.3695712387561798, -10.587568283081055, -0.8954299092292786, -5.1733784675598145, 0.056640367954969406, -0.35990020632743835, 0.495748907327652, -0.058215826749801636, 0.9547085165977478, 0.2914842367172241, -0.013399616815149784, -0.2843758761882782, -0.17283761501312256, -0.18255944550037384, 1.8513550758361816, 2.678067207336426, -4.495967388153076, -0.010055344551801682, -0.37754446268081665, 0.5234760046005249, 0.32498568296432495, -0.3688232898712158, 0.848322868347168, 0.1967279016971588, -0.25800859928131104, -0.13897636532783508, -0.369757741689682, 4.192474842071533, 3.4729366302490234, -2.094831943511963, -0.14565792679786682, 0.41042423248291016, -0.18024133145809174, -0.008336018770933151, 0.0006869917851872742, -4.708491906058043e-05, -0.0732966959476471, 0.3217051029205322, 0.20626479387283325, -0.001475613797083497, 0.002608200069516897, -0.0005883698468096554, -0.11016134917736053, -0.26654309034347534, 0.17096760869026184, 0.0217314250767231, -0.00048026148579083383, -0.001075610751286149, -0.08822151273488998, 0.19389712810516357, -0.10283451527357101, 0.004717755597084761, -0.001481709536164999, 0.00023200447321869433, 1.7350101470947266, -0.3195950388908386, -0.19094638526439667, 0.002223527291789651, 0.01442114356905222, 0.0020587658509612083, 1.0, -1.0, 1.0, -1.0, 0.5453352332115173, 0.15289457142353058, 1.0, 0.18360435962677002, 1.0, -1.0, 0.6427677869796753, -1.0, 0.579175591468811, 1.0, 1.0, 0.22645673155784607, 1.0, 1.0, -1.0, 1.0]
[0.06661482155323029, -0.8348895907402039, 0.9823551177978516, -0.9961007833480835, 0.8136113286018372, 0.9829617738723755, 0.7423776984214783, 0.6683244109153748, 0.23415148258209229, 0.33005350828170776, 0.19465313851833344, -0.3043191730976105, -0.10068025439977646, -0.2535250782966614, -0.9011409282684326, 0.3229336142539978, 0.9388298988342285, 1.000022292137146, 1.0000042915344238, 0.03993784263730049, 0.999075174331665, 0.9990448951721191, -0.9238837957382202, 0.9941034913063049, 0.7164682149887085, -0.27400025725364685, 0.021132519468665123, -0.006520044058561325, -1.068296194076538, -0.2784879207611084, -0.3567206561565399, 0.24022065103054047, -0.6829196214675903, -0.17419975996017456, 0.09449930489063263, -1.0187668800354004, 1.4513506889343262, 1.9408482313156128, -0.36836549639701843, 0.48032793402671814, 0.07514923065900803, -5.729369149776176e-06, 3.508399686324992e-07, 0.4315183758735657, -0.01014433242380619, -0.004052965436130762, -0.11205122619867325, 0.003113829530775547, -1.486467719078064, 0.8877633810043335, -0.045530930161476135, 0.04732280224561691, -0.026036687195301056, -0.023258978500962257, 0.011819841340184212, 0.05657787621021271, -0.014629777520895004, -0.014806884340941906, -0.14584343135356903, 0.060075774788856506, -0.018938934430480003, -0.0184792447835207, 0.0068635703064501286, 0.01769144833087921, 0.026973774656653404, -0.00028430577367544174, -8.753777365200222e-05, -0.10403279215097427, 0.07148873805999756, 0.03013293817639351, 0.06568963825702667, 0.023083429783582687, 0.03665895760059357, -0.3606356382369995, 0.49397942423820496, 0.7514983415603638, -0.3999335765838623, 0.14063748717308044, 0.505494236946106, -0.21942904591560364, -0.14058776199817657, -0.02848644182085991, 1.0965888500213623, 2.252056121826172, -0.036295607686042786, 0.0, -0.38999998569488525, 0.47999998927116394, 0.012645297683775425, 0.2464054822921753, 0.9690790772438049, 0.0032153106294572353, 0.4182453453540802, 0.6006404161453247, -0.679642379283905, 0.048871204257011414, -0.02363116294145584, -0.42581871151924133, 0.4310661256313324, 0.11384717375040054, 0.4001748263835907, 0.9090864658355713, 0.021460678428411484, -0.6062233448028564, -0.02527393028140068, -0.1744808405637741, 7.939054489135742, -0.5792761445045471, -4.949410438537598, 0.01283638458698988, -0.40299421548843384, 0.48820948600769043, 0.0774562880396843, 0.5484326481819153, 0.8324765563011169, -0.014318031258881092, -0.5000906586647034, -0.09122390300035477, -0.04225907474756241, 4.551671981811523, -0.9724180698394775, -2.564518451690674, 0.03485588729381561, -0.4298264682292938, 0.44919508695602417, 0.026896627619862556, -0.16335377097129822, 0.9851788282394409, -0.04488584026694298, -0.6893023252487183, 0.12478408217430115, -0.332441508769989, -10.492874145507812, -0.5735656023025513, -3.4753942489624023, 0.05205880478024483, -0.3630094826221466, 0.4926518201828003, -0.014323366805911064, 0.9513136148452759, 0.30702510476112366, -0.02308070659637451, -0.25065067410469055, -0.14544542133808136, -0.15965776145458221, 1.703636646270752, 2.884707450866699, -4.728763580322266, -0.015025775879621506, -0.37851428985595703, 0.5193223357200623, 0.3417424261569977, -0.3955744802951813, 0.8257974982261658, 0.21163956820964813, -0.33856961131095886, -0.06907050311565399, -0.27085134387016296, 3.0820679664611816, 1.9588209390640259, -2.467785596847534, -0.2999749779701233, 0.5086060166358948, -0.1593392938375473, -0.015629887580871582, 0.0015801554545760155, 0.0006606214446946979, -0.30630388855934143, 0.44246968626976013, 0.10924136638641357, -0.008169839158654213, -0.0018382389098405838, 0.0010179760865867138, -0.8895218968391418, 0.3155154585838318, 0.17486505210399628, -0.013746513053774834, 0.0012748175067827106, 0.013831468299031258, -0.28989583253860474, 0.14681582152843475, -0.03875129297375679, 0.0021146994549781084, 0.0009552302653901279, 0.0017636881675571203, 0.9081488251686096, -0.4331107437610626, 0.03285320848226547, 0.0027492260560393333, 0.008553051389753819, 0.00158909079618752, 1.0, -1.0, 1.0, -1.0, 0.07050642371177673, -0.10302640497684479, 1.0, -0.2534216642379761, 1.0, -1.0, 0.6819244623184204, -1.0, 0.8198674917221069, 1.0, 1.0, 0.17909470200538635, 1.0, 1.0, -1.0, 1.0]
[0.20310206711292267, -0.8476200103759766, 0.991831362247467, -0.998232364654541, 0.6455415487289429, 0.9394283294677734, 0.6593115925788879, 0.6966645121574402, 0.13205748796463013, 0.30319854617118835, 0.18172545731067657, -0.39715778827667236, 0.01345069333910942, -0.07980906218290329, -0.9773103594779968, 0.454852432012558, 0.9443870186805725, 1.0000221729278564, 1.0000044107437134, 0.051460038870573044, 0.9935415983200073, 0.992226243019104, -0.9404666423797607, 0.9942863583564758, 0.3614438772201538, 0.03483178839087486, 0.044782161712646484, -0.027233192697167397, -1.8056694269180298, -0.5246381163597107, -0.324544757604599, 0.26065346598625183, -1.0779949426651, -0.3176840543746948, -0.14931778609752655, -0.7310196757316589, 0.866763710975647, 1.3209959268569946, -0.3452823758125305, 0.5777655243873596, 0.03181678429245949, -3.858163836412132e-06, -2.149238298443379e-07, -0.021793708205223083, -0.049770716577768326, -0.02135496772825718, -0.0907154530286789, 0.002966840984299779, -7.530542373657227, 3.1666791439056396, -0.2089858055114746, 0.19939246773719788, -0.008989021182060242, -0.02981838583946228, -0.017919939011335373, 0.13151897490024567, -0.004836809355765581, -0.014049708843231201, -0.25311651825904846, 0.2858622074127197, 0.04367111250758171, -0.021884504705667496, 0.04186452180147171, 0.003811989212408662, 0.08907395601272583, -0.008415860123932362, -0.0024969219230115414, -0.07647965848445892, 0.29067283868789673, 0.1311074197292328, 0.06256270408630371, 0.023610074073076248, 0.03476094827055931, -0.3622797727584839, 0.4944497346878052, 0.7790423035621643, -0.36301174759864807, 0.07021252810955048, 0.5063454508781433, -0.04053141176700592, -0.07111816853284836, 0.05838693678379059, 0.8407147526741028, 1.9299137592315674, 0.30645281076431274, 0.0, -0.38999998569488525, 0.47999998927116394, 0.012645297683775425, 0.2464054822921753, 0.9690790772438049, 0.0032153106294572353, 0.3651898503303528, 0.6281322836875916, -0.6870137453079224, -0.009927312843501568, -0.03197304904460907, -0.42636656761169434, 0.4277273416519165, 0.12043169140815735, 0.3165503740310669, 0.9394891858100891, 0.05149699002504349, -0.36206120252609253, -0.2315424531698227, -0.04172510653734207, 11.198376655578613, -1.9464468955993652, -4.279974937438965, 0.006432114634662867, -0.40416473150253296, 0.4882372319698334, 0.07627122849225998, 0.5102965831756592, 0.8566095232963562, 0.00045679326285608113, -0.2681776285171509, -0.1123102456331253, 0.1451084315776825, 5.534181594848633, -1.41548490524292, -1.225243330001831, 0.02739887312054634, -0.4302758574485779, 0.4451751410961151, 0.020712239667773247, -0.09179235994815826, 0.9951838850975037, -0.027459805831313133, -0.29922470450401306, 0.09390226751565933, -0.10780370235443115, -7.39387845993042, -0.8008638620376587, -0.9250033497810364, 0.04963955283164978, -0.36501064896583557, 0.4908834993839264, 0.02484501339495182, 0.9481001496315002, 0.31496503949165344, -0.0358583889901638, -0.0692116841673851, -0.07609418034553528, -0.05172274634242058, 0.37239620089530945, 2.871884346008301, -3.3540103435516357, -0.019659828394651413, -0.3783859312534332, 0.5178378820419312, 0.3420197069644928, -0.41031205654144287, 0.8149999976158142, 0.22459153831005096, -0.2547740936279297, 0.021529391407966614, -0.007497959770262241, 0.3272232413291931, -0.03665461391210556, -1.783422589302063, -1.426195502281189, 1.3229106664657593, 0.3244250416755676, -0.009974725544452667, 0.0067701805382966995, 0.004305390641093254, -1.157668948173523, 0.9130158424377441, 0.5309330821037292, -0.00035447225673124194, 0.007270967587828636, 0.002442986937239766, -1.8674530982971191, 0.20140087604522705, 1.3551883697509766, -0.018863491714000702, -0.00021353692864067852, 0.01349695585668087, -0.9075125455856323, 0.6271520853042603, -0.28219565749168396, 0.006910358555614948, 0.0037410284858196974, -0.00714987562969327, 0.8046755790710449, -1.9944884777069092, 0.8190180063247681, 0.011972779408097267, 0.01073526032269001, 0.0034995833411812782, 0.043151769787073135, -0.6025839447975159, 1.0, -1.0, -0.5493484735488892, -0.27391332387924194, 1.0, -0.5738024115562439, 1.0, -0.801882266998291, 0.4638364017009735, -1.0, 1.0, 1.0, 1.0, -0.030512899160385132, 1.0, 1.0, -1.0, 1.0]
[0.21820971369743347, -0.7814729809761047, 1.0000003576278687, -1.0000063180923462, 0.41655027866363525, 0.8681610226631165, 0.5761987566947937, 0.7256876826286316, -0.016960348933935165, 0.2610619068145752, 0.15342073142528534, -0.4707578420639038, 0.10427747666835785, 0.03200416639447212, -0.9999967813491821, 0.5859025716781616, 0.9456123113632202, 1.0000221729278564, 1.0000044107437134, 0.012690778821706772, 0.9812390804290771, 0.9767509698867798, -0.9416786432266235, 0.9938380122184753, -0.15656717121601105, 0.7400840520858765, 1.2139120144638582e-06, -0.0001521251251688227, -2.2769649028778076, -0.9760977625846863, -0.33256247639656067, 0.24544274806976318, -1.531215786933899, -0.46669802069664, -0.13472746312618256, -0.6075092554092407, 0.8477425575256348, 0.9259180426597595, -5.591919943981338e-06, 0.5256286859512329, 0.01452299952507019, -3.199973434675485e-06, -4.026624651487509e-07, -0.7406635284423828, -0.09061603993177414, -0.039441779255867004, 0.04979851841926575, -0.0031695112120360136, -10.242194175720215, 9.149948120117188, -0.32527071237564087, 0.5321788191795349, 0.0641380101442337, -0.04724137857556343, -0.029048901051282883, 0.270640105009079, 0.00017965081497095525, -0.020188521593809128, -0.3053722083568573, 0.5611976981163025, 0.12822243571281433, 0.01292860135436058, 0.3520873188972473, -0.015478057786822319, 0.19547238945960999, -0.020542513579130173, 0.0025266408920288086, -0.3176543414592743, 0.5900223851203918, 0.26703205704689026, 0.20103588700294495, 0.06812392175197601, 0.03613822162151337, -0.36247265338897705, 0.4988102316856384, 0.796577513217926, -0.3198052942752838, 0.02987203188240528, 0.5121487379074097, 0.18107850849628448, 0.04453402757644653, 0.37210381031036377, 0.19901195168495178, 1.440937876701355, 0.8068161010742188, 0.0, -0.38999998569488525, 0.47999998927116394, 0.012645297683775425, 0.2464054822921753, 0.9690790772438049, 0.0032153106294572353, 0.3133622407913208, 0.6443443298339844, -0.6965416669845581, -0.038133736699819565, -0.03385595232248306, -0.4310898184776306, 0.42941609025001526, 0.11161535233259201, 0.22162742912769318, 0.966093122959137, 0.07132571190595627, 0.049637287855148315, -0.5630694031715393, 0.35053378343582153, 11.98805046081543, -3.4913103580474854, -2.28890061378479, 0.005580280441790819, -0.4057953953742981, 0.4935535192489624, 0.06258280575275421, 0.47185471653938293, 0.8794480562210083, 0.0027264440432190895, 0.07453496009111404, -0.15285702049732208, 0.5306023359298706, 5.09831428527832, -1.885643720626831, 1.2083998918533325, 0.02711317501962185, -0.4314836859703064, 0.44845375418663025, 0.015072467736899853, -0.021890811622142792, 0.9991955757141113, -0.030029475688934326, 0.16617265343666077, 0.04611625894904137, 0.4238440692424774, -9.463238716125488, -1.0680129528045654, 1.5152382850646973, 0.050503186881542206, -0.3651737570762634, 0.4935750961303711, 0.04820889234542847, 0.9526919722557068, 0.2970902621746063, -0.04232397302985191, 0.14422984421253204, -0.00038055935874581337, 0.25587958097457886, -3.897063970565796, 1.0560742616653442, -1.411737322807312, -0.022642433643341064, -0.37649330496788025, 0.522382378578186, 0.3158562481403351, -0.39543282985687256, 0.8293448090553284, 0.2367587685585022, -0.15653082728385925, 0.20156390964984894, 0.5330565571784973, -5.719874858856201, -3.2760097980499268, -1.0433645248413086, -2.028109550476074, 2.933138608932495, 1.9704746007919312, -0.0032442996744066477, 0.013311785645782948, 0.005486693233251572, -1.428558111190796, 2.099651336669922, 1.3699250221252441, 0.011306247673928738, 0.010002441704273224, 0.0019049957627430558, -2.2583811283111572, 0.13475912809371948, 3.328660011291504, 0.014949986711144447, 0.0003584532532840967, 0.013526611030101776, -1.0545613765716553, 1.3542388677597046, -1.0541995763778687, 0.022840218618512154, 0.00365366879850626, -0.013161812908947468, 2.7155065536499023, -3.9767885208129883, 1.3203678131103516, 0.02396349050104618, 0.024675805121660233, 0.001863179262727499, -1.0, 0.6443859934806824, 1.0, -1.0, -1.0, -0.35689759254455566, 1.0, -1.0, 1.0, -0.7569707632064819, 0.6745847463607788, -1.0, 1.0, 1.0, 1.0, -0.4487379193305969, 1.0, 1.0, -0.8213574886322021, 1.0]
[0.13542653620243073, -0.6234385967254639, 1.0, -1.0000227689743042, 0.1821117252111435, 0.6794278025627136, 0.5113297700881958, 0.7549495697021484, -0.17640304565429688, 0.19393576681613922, 0.09861767292022705, -0.5058585405349731, 0.14898952841758728, 0.1111348569393158, -0.999994695186615, 0.7008978128433228, 0.9492045640945435, 1.0000218152999878, 1.0000044107437134, -0.06959527730941772, 0.9699604511260986, 0.9621695876121521, -0.8871191143989563, 0.9930263757705688, -0.4182041585445404, 1.3792272806167603, -6.517592510135728e-08, -6.956137804081663e-05, -2.104739189147949, -2.3486952781677246, -0.2404307872056961, 0.25456535816192627, -1.4403793811798096, -0.9800757765769958, -0.22347520291805267, -0.1495201587677002, 0.21944081783294678, 0.5370842814445496, -4.0706067920837086e-06, 0.44110217690467834, 0.06234100088477135, -7.645932669220201e-07, -8.300459057863918e-07, -1.1810513734817505, -0.06363523751497269, -0.028593165799975395, 0.4976746141910553, -0.004964448045939207, -5.161370754241943, 7.441157817840576, -0.1518508642911911, 0.43581271171569824, 0.10910651087760925, -0.038017094135284424, -0.014705855399370193, 0.21631182730197906, 0.04437130689620972, -0.027345439419150352, -0.13710537552833557, 0.5311403274536133, 0.09358536452054977, -0.009796606376767159, 0.35726606845855713, -0.021254198625683784, 0.14718174934387207, -0.014900201931595802, 0.004572918638586998, -0.25388869643211365, 0.44285014271736145, 0.19901441037654877, 0.19948947429656982, 0.06820491701364517, 0.04004010185599327, -0.3603273928165436, 0.5072695016860962, 0.7972412705421448, -0.27626240253448486, 0.01950378715991974, 0.5363813638687134, 0.275639146566391, 0.22440756857395172, 0.5562214851379395, -1.0150325298309326, 0.5712093114852905, 0.6522476673126221, 0.0, -0.38999998569488525, 0.47999998927116394, 0.012645297683775425, 0.2464054822921753, 0.9690790772438049, 0.0032153106294572353, 0.2683066129684448, 0.6392876505851746, -0.7196713089942932, -0.037365853786468506, -0.029661299660801888, -0.4392762780189514, 0.43864789605140686, 0.08776095509529114, 0.10551168769598007, 0.9872418642044067, 0.08073905110359192, 0.30242568254470825, -0.7576742172241211, 0.8129274249076843, 14.772026062011719, -4.88252067565918, -1.4716987609863281, 0.00929875299334526, -0.40650781989097595, 0.5051042437553406, 0.042379532009363174, 0.4450382590293884, 0.8944883346557617, -0.00594397122040391, 0.2582448124885559, -0.029507778584957123, 0.8866494297981262, 4.0184006690979, -1.773501992225647, 2.2481987476348877, 0.03297971561551094, -0.43364158272743225, 0.46093738079071045, 0.00484343571588397, 0.059487856924533844, 0.9969136118888855, -0.05099797248840332, 0.4207255244255066, 0.011111060157418251, 0.9607117772102356, -9.792038917541504, -1.7075060606002808, 3.1224358081817627, 0.05416899174451828, -0.3630602955818176, 0.5009477138519287, 0.05559856444597244, 0.96572345495224, 0.2498924881219864, -0.04290422424674034, 0.2650255560874939, 0.09466279298067093, 0.4879004657268524, -7.283468723297119, 0.15975399315357208, 0.1637066900730133, -0.025188393890857697, -0.3713568150997162, 0.5331156253814697, 0.2531501352787018, -0.3431150019168854, 0.869026243686676, 0.25095880031585693, -0.24047967791557312, 0.5198668837547302, 0.9268795847892761, -11.669096946716309, -6.869429588317871, -1.1591124534606934, -0.9393647909164429, 1.8890939950942993, 2.314361333847046, -0.00968068465590477, 0.006074190139770508, 0.0015344072598963976, -0.6784217357635498, 1.5511164665222168, 1.5105822086334229, -0.004078693687915802, 0.00481847720220685, 0.0004241791903041303, -1.0165767669677734, 0.7058514356613159, 2.899266481399536, 0.0007911656284704804, -0.0002628728107083589, 0.004212137311697006, -0.4135981500148773, 0.9801438450813293, -0.907041072845459, 0.01927507482469082, -0.00041783356573432684, -0.008905014023184776, 2.70644474029541, -2.84501314163208, 0.7714666128158569, 0.017820538952946663, 0.024901799857616425, 0.0003657034831121564, -1.0, 1.0, 1.0, -1.0, -1.0, -0.16117814183235168, 1.0, -1.0, 0.6388167142868042, -0.3749769926071167, 0.2761383354663849, -1.0, 1.0, 1.0, 1.0, -0.7017422318458557, 1.0, 1.0, -0.2807765603065491, 1.0]
[0.005151063669472933, -0.4087679982185364, 0.9999997615814209, -1.0000296831130981, -0.024122845381498337, 0.4168166220188141, 0.4743303954601288, 0.7626879215240479, -0.3182116448879242, 0.04864376410841942, 0.05910462141036987, -0.539179801940918, 0.15039515495300293, 0.14066021144390106, -0.9999997615814209, 0.7789753079414368, 0.9501720070838928, 1.000022292137146, 1.0000044107437134, -0.18710443377494812, 0.9664819240570068, 0.9570656418800354, -0.7797483801841736, 0.9914480447769165, -0.5354706645011902, 1.5990736484527588, -2.762966175851034e-07, 4.1351573599968106e-05, -1.7919692993164062, -2.406270742416382, -0.12793110311031342, -0.04555859416723251, -1.2379841804504395, -1.5619009733200073, -0.051570624113082886, -0.3664555251598358, -0.062069106847047806, 0.09786473959684372, 2.8056305382051505e-05, 0.23826217651367188, -0.0027035295497626066, -1.453927211514383e-06, -6.406011721082905e-07, -1.6137046813964844, 0.0010967012494802475, -0.0009508514776825905, 0.7581736445426941, -0.015136325731873512, -2.0483155250549316, 1.7645937204360962, -0.0667128935456276, 0.10886654257774353, 0.06295540183782578, 0.023787248879671097, -0.004271496087312698, -0.024747231975197792, 0.0035663465969264507, -0.01115485467016697, 0.0056680054403841496, 0.0527251735329628, -0.00879944209009409, -0.021693073213100433, 0.0641038715839386, -0.027080532163381577, 0.05084891617298126, -0.0009314887574873865, -5.423498805612326e-05, -0.07108141481876373, 0.19446271657943726, 0.07617431879043579, 0.09022918343544006, 0.032955195754766464, 0.04438214749097824, -0.35586339235305786, 0.5173820853233337, 0.779743492603302, -0.242336243391037, 0.03375522792339325, 0.5763105154037476, 0.26658332347869873, 0.317655473947525, 0.6200839281082153, -1.2128515243530273, 0.36334049701690674, 0.7532817125320435, 0.0, -0.38999998569488525, 0.47999998927116394, 0.012645297683775425, 0.2464054822921753, 0.9690790772438049, 0.0032153106294572353, 0.23837997019290924, 0.6124210357666016, -0.7535794377326965, -0.015288378112018108, -0.021924640983343124, -0.4475380480289459, 0.4538458585739136, 0.057336948812007904, -0.014042477123439312, 0.9951452016830444, 0.07874768227338791, 0.45515576004981995, -0.6300422549247742, 1.0018099546432495, 12.717740058898926, -4.634129524230957, 0.24627108871936798, 0.014990000985562801, -0.405571311712265, 0.5200707912445068, 0.022220918908715248, 0.4033825397491455, 0.9145619869232178, -0.019105834886431694, 0.3218472898006439, 0.04215628281235695, 0.9941081404685974, 6.364582061767578, -1.3650635480880737, 2.4740805625915527, 0.041393034160137177, -0.4350430965423584, 0.47822171449661255, -0.005847967229783535, 0.12148788571357727, 0.9896215796470642, -0.0765220895409584, 0.4875803589820862, 0.06281685829162598, 1.0556610822677612, -6.22569465637207, -1.1936469078063965, 2.9220387935638428, 0.05878988280892372, -0.35875409841537476, 0.5108691453933716, 0.0494520477950573, 0.9803460240364075, 0.18734118342399597, -0.037139881402254105, 0.2808455228805542, 0.20442616939544678, 0.5723574757575989, -7.937758445739746, -0.9865493774414062, 1.5432052612304688, -0.029494978487491608, -0.3616795539855957, 0.5458347797393799, 0.15345849096775055, -0.261894166469574, 0.9167289137840271, 0.25974971055984497, -0.4576781988143921, 0.8839685320854187, 0.8761233687400818, -14.676633834838867, -10.304022789001465, -0.7904658317565918, -0.45323169231414795, -0.2133013904094696, 0.7924039363861084, 0.020587727427482605, 0.001268635387532413, 0.0020523814018815756, -0.33414480090141296, 0.3533516526222229, 0.10500229150056839, -0.00585457868874073, 0.0015269240830093622, 0.0009297076030634344, -0.11827759444713593, 0.4370653033256531, 0.2262967824935913, -0.015137095004320145, -0.004300704691559076, -0.0045701200142502785, -0.0834318995475769, 0.30629467964172363, -0.14717011153697968, 0.0045401849783957005, 0.00024086647317744792, -0.007778527215123177, 1.2473549842834473, -0.8425848484039307, 0.09843654930591583, 0.005861874204128981, 0.012997517362236977, 0.0019639201927930117, -1.0, 1.0, 1.0, -1.0, -1.0, 0.19740018248558044, 0.753235936164856, -1.0, 0.37110310792922974, -0.865006148815155, 0.03060862421989441, -1.0, 0.9375119209289551, 1.0, 1.0, -1.0, 1.0, 1.0, -0.004953488707542419, 0.9868384003639221]
[-0.14162665605545044, -0.18601343035697937, 0.999952495098114, -1.0000299215316772, -0.167075052857399, 0.1992267221212387, 0.46362656354904175, 0.7688083648681641, -0.4387669563293457, -0.11113819479942322, 0.07573363184928894, -0.5938308835029602, 0.07853001356124878, 0.13290166854858398, -0.9999994039535522, 0.7203464508056641, 0.9532119631767273, 1.0000221729278564, 1.0000044107437134, -0.31276336312294006, 0.9721813201904297, 0.9636881351470947, -0.6149781346321106, 0.9911413192749023, -0.5581022500991821, 1.5469309091567993, -0.00030461556161753833, 0.00019255001097917557, -1.0629469156265259, -1.6572980880737305, -0.0021908869966864586, 0.12819041311740875, -1.0407923460006714, -1.3908119201660156, 0.13064005970954895, -0.5787297487258911, -0.9793587923049927, -0.218521386384964, 4.568450094666332e-05, -0.49982061982154846, 0.056246060878038406, -5.844572683599836e-07, 2.0710922399302945e-07, -1.532779335975647, 0.0537298284471035, 0.022702252492308617, 1.1545389890670776, 0.006458606105297804, -0.05972270295023918, -0.9669761657714844, -0.0014340406050905585, -0.07744845747947693, 0.03935743868350983, 0.053309131413698196, 0.009939289651811123, 0.022407006472349167, 0.04046360403299332, 0.0267024002969265, 0.02590508945286274, -0.11044672131538391, -0.08343465626239777, -0.03980160504579544, -0.06357765197753906, -0.06192699447274208, 0.007892508059740067, 0.00842343270778656, -0.0008120190468616784, 0.18532899022102356, 0.06868186593055725, 0.00984296016395092, -0.020036038011312485, -0.0015425834571942687, 0.04757191985845566, -0.34971868991851807, 0.5269955396652222, 0.7559480667114258, -0.20925436913967133, 0.05974992737174034, 0.6174017786979675, 0.1484403759241104, 0.3854541778564453, 0.558630108833313, -1.2056751251220703, 0.5500079989433289, 0.9884104132652283, 0.0, -0.38999998569488525, 0.47999998927116394, 0.012645297683775425, 0.2464054822921753, 0.9690790772438049, 0.0032153106294572353, 0.2121301144361496, 0.5790139436721802, -0.7870348691940308, 0.01788531430065632, -0.012656597420573235, -0.45304515957832336, 0.47160956263542175, 0.030870292335748672, -0.09032271057367325, 0.9933638572692871, 0.06416358053684235, 0.5249147415161133, -0.31414011120796204, 1.0681648254394531, 5.931248188018799, -3.297743320465088, 1.8798526525497437, 0.020927900448441505, -0.40189647674560547, 0.53537917137146, 0.004909219685941935, 0.3644295334815979, 0.9305749535560608, -0.03460203483700752, 0.3043859601020813, 0.27213379740715027, 0.9325923919677734, 3.9400413036346436, -0.9376782774925232, 2.429462432861328, 0.04981246218085289, -0.4355337917804718, 0.4947764575481415, -0.010226208716630936, 0.13447745144367218, 0.9862066507339478, -0.09595582634210587, 0.4850676357746124, -0.014415085315704346, 0.9398433566093445, 1.1415523290634155, 0.13765600323677063, 2.105520009994507, 0.06225162744522095, -0.35245147347450256, 0.5208759307861328, 0.016534632071852684, 0.9920569062232971, 0.12222737073898315, -0.024700501933693886, 0.17303015291690826, 0.310645192861557, 0.5414445400238037, -7.705270290374756, -2.267514944076538, 5.233135223388672, -0.035845059901475906, -0.34909239411354065, 0.5552459359169006, 0.028199393302202225, -0.16949395835399628, 0.9514651298522949, 0.25532448291778564, -0.6186012029647827, 1.0171607732772827, 0.478876531124115, -14.88309383392334, -12.542078018188477, -0.22341211140155792, -0.05612920597195625, -0.8574139475822449, -0.11773373186588287, 0.04044792056083679, -0.0011041753459721804, 0.00021982521866448224, -0.0852709710597992, -0.6908442974090576, 0.06036653742194176, 0.01633973978459835, -0.002097404096275568, -0.0005429897573776543, 0.10733124613761902, 0.5895413160324097, -0.9472167491912842, -0.03095848485827446, -0.00168539397418499, -0.0025306502357125282, 0.3021846413612366, -0.043364740908145905, 0.23847408592700958, -0.0014624901814386249, 0.0012295639608055353, -0.01416134275496006, -0.20989196002483368, 0.42034122347831726, -0.06377621740102768, -0.002846133429557085, 0.0018156892620027065, -0.00022810310474596918, -1.0, 1.0, 1.0, -1.0, -0.6475619077682495, 0.5010010004043579, 0.9071077108383179, -1.0, 0.3273044228553772, -1.0, -0.6673564910888672, -1.0, -0.2957182228565216, 1.0, 1.0, -1.0, 1.0, 1.0, 0.5280442237854004, 1.0]
[-0.2864784300327301, 0.018947899341583252, 0.9987595081329346, -1.0000207424163818, -0.17964734137058258, 0.09363992512226105, 0.4875446856021881, 0.7888150215148926, -0.5388906598091125, -0.24129849672317505, 0.12351550906896591, -0.6547546982765198, -0.060961704701185226, 0.09656256437301636, -0.9999836087226868, 0.5247035026550293, 0.9599379301071167, 1.0000221729278564, 1.0000044107437134, -0.4258852005004883, 0.9831064343452454, 0.9775333404541016, -0.40169328451156616, 0.9921391010284424, -0.5290290117263794, 1.3751474618911743, -0.007476868573576212, 0.0004141436074860394, 0.39201775193214417, -0.34004566073417664, 0.14869104325771332, 0.2311803102493286, -0.8574884533882141, -1.090542197227478, 0.2296939194202423, -0.5534033179283142, -1.4476183652877808, -0.4311148226261139, 0.0002833394974004477, -0.9692636728286743, 0.06919072568416595, 5.079187417322828e-07, 1.0959993090864373e-07, -1.3357077836990356, 0.07435543090105057, 0.03302048519253731, 1.4006692171096802, 0.012818544171750546, 1.0174158811569214, -2.040252447128296, 0.026056600734591484, -0.156046062707901, 0.054113708436489105, 0.08626136928796768, 0.016908947378396988, -0.040881894528865814, 0.01688380539417267, 0.020663324743509293, 0.05305904895067215, -0.12304031103849411, -0.04706105217337608, -0.018084941431879997, -0.11185233294963837, -0.02889200858771801, -0.02020302042365074, 0.008554583415389061, -0.0015173524152487516, 0.22002628445625305, 0.02764310874044895, -0.011790597811341286, -0.06209101527929306, -0.01737658679485321, 0.048882387578487396, -0.34310489892959595, 0.5351580381393433, 0.7288626432418823, -0.17315737903118134, 0.08968542516231537, 0.6563018560409546, 0.03906136006116867, 0.3901476263999939, 0.45848479866981506, -1.2810863256454468, 0.42822128534317017, 0.9583830237388611, 0.0, -0.38999998569488525, 0.47999998927116394, 0.012645297683775425, 0.2464054822921753, 0.9690790772438049, 0.0032153106294572353, 0.18394657969474792, 0.54291832447052, -0.817505419254303, 0.05557222291827202, -0.0033775148913264275, -0.4545937776565552, 0.49041590094566345, 0.012648331001400948, -0.07802633196115494, 0.9959698915481567, 0.04237668961286545, 0.5166599154472351, 0.12353426218032837, 1.144921064376831, -6.876155376434326, -1.676744818687439, 2.8133418560028076, 0.025967387482523918, -0.39554429054260254, 0.549149751663208, -0.008924431167542934, 0.3431139290332794, 0.9380555748939514, -0.047380104660987854, 0.23624660074710846, 0.4163789749145508, 0.7785701751708984, 1.8874073028564453, -0.8847992420196533, 1.7834638357162476, 0.057440899312496185, -0.4352754056453705, 0.5089442133903503, -0.00939873792231083, 0.10249945521354675, 0.9885619282722473, -0.11022987961769104, 0.4342068135738373, -0.023690856993198395, 0.8044436573982239, 5.198479652404785, 0.9715639352798462, 1.4464397430419922, 0.06384345144033432, -0.3451998829841614, 0.5295186638832092, -0.04051821678876877, 0.9972648620605469, 0.06083101034164429, -0.010971464216709137, 0.06874234229326248, 0.3382042944431305, 0.45475369691848755, -6.851194381713867, -2.3052589893341064, 7.478942394256592, -0.043307118117809296, -0.33656492829322815, 0.5591559410095215, -0.10674349963665009, -0.0818241611123085, 0.9622596502304077, 0.23657327890396118, -0.6772057414054871, 0.9172382950782776, 0.02745646983385086, -13.465340614318848, -13.540630340576172, 0.5558878183364868, 0.1942109763622284, -1.3102993965148926, -0.33559852838516235, 0.06660687923431396, -0.001718679559417069, -0.001344017218798399, 0.07210361957550049, -0.6023864150047302, -0.4340067207813263, 0.011627528816461563, -0.003332251450046897, -0.001831474481150508, 0.29127418994903564, 0.18053025007247925, -0.8778427839279175, -0.015376987867057323, -0.0010515936883166432, -0.0024874266237020493, 0.27067211270332336, -0.24805472791194916, 0.35881584882736206, -0.005238173063844442, 0.0011357702314853668, -0.006636788137257099, -0.7480455636978149, 0.9379866719245911, -0.18585413694381714, -0.00656201271340251, -0.0054078553803265095, -0.0024032765068113804, -1.0, 1.0, 1.0, -1.0, 0.31856614351272583, 0.7481569051742554, 0.9605375528335571, -1.0, 0.4852405786514282, -1.0, -1.0, -1.0, -1.0, 1.0, 1.0, -1.0, 1.0, 1.0, 0.9155970215797424, 1.0]
[-0.4194771647453308, 0.197309672832489, 0.9954972863197327, -0.9998899102210999, -0.06098993122577667, 0.10108227282762527, 0.5442387461662292, 0.8018849492073059, -0.6206183433532715, -0.3440732955932617, 0.19910839200019836, -0.7011250853538513, -0.21210762858390808, 0.047177739441394806, -0.999393880367279, 0.29146742820739746, 0.9671924710273743, 1.0000221729278564, 1.0000044107437134, -0.5234479308128357, 0.9947366714477539, 0.9927852749824524, -0.18648479878902435, 0.993636965751648, -0.47316932678222656, 1.1765668392181396, -0.013852747157216072, 0.005696511827409267, 1.4704688787460327, 0.33059337735176086, 0.27540135383605957, 0.07156997919082642, -0.6980070471763611, -0.8734583854675293, 0.3534439504146576, -0.358142226934433, -1.363847017288208, -0.4713241755962372, 0.011362748220562935, -0.9544988870620728, 0.06552165001630783, 7.118352982615761e-07, -4.644893749627954e-07, -1.1399028301239014, 0.06875154376029968, 0.03136565908789635, 1.2884129285812378, 0.01538125891238451, 1.5536510944366455, -2.2357983589172363, 0.03534485772252083, -0.14236927032470703, 0.021501608192920685, 0.0372086763381958, 0.01813119277358055, -0.12706173956394196, -0.0237257182598114, 0.0032171630300581455, 0.08070755749940872, -0.10362797975540161, -0.0037793582305312157, 0.005903094075620174, -0.11748851835727692, 0.016851108521223068, -0.026616662740707397, 0.008388104848563671, -0.0014969860203564167, 0.1864769160747528, 0.016238896176218987, -0.015402005985379219, -0.09739324450492859, -0.03212902694940567, 0.048901792615652084, -0.3368307650089264, 0.5413294434547424, 0.6940395832061768, -0.15386396646499634, 0.1355186104774475, 0.6901227831840515, -0.020342683419585228, 0.36090344190597534, 0.3304697275161743, -1.3598487377166748, -0.42581239342689514, 0.8330828547477722, 0.0, -0.38999998569488525, 0.47999998927116394, 0.012645297683775425, 0.2464054822921753, 0.9690790772438049, 0.0032153106294572353, 0.17600364983081818, 0.5003207921981812, -0.8413087129592896, 0.10441058874130249, 0.004779789596796036, -0.45217910408973694, 0.5087649822235107, -0.0016963094240054488, 0.021851856261491776, 0.9995489716529846, 0.020529067143797874, 0.4186636507511139, 0.46612629294395447, 1.0472499132156372, -14.631156921386719, -1.360144853591919, 2.4404947757720947, 0.029763463884592056, -0.3886735141277313, 0.5604867935180664, -0.020266028121113777, 0.3282359838485718, 0.9427992701530457, -0.05458928644657135, 0.16894152760505676, 0.3867208659648895, 0.6248725056648254, 1.844011902809143, -0.9120880365371704, 1.0096386671066284, 0.06341534107923508, -0.43382352590560913, 0.5212599039077759, -0.0074014016427099705, 0.05849357321858406, 0.9912660121917725, -0.11796295642852783, 0.31576862931251526, 0.05142354965209961, 0.7019222974777222, 5.0535478591918945, 0.7882740497589111, 0.6017084121704102, 0.06418610364198685, -0.33816084265708923, 0.5364304184913635, -0.10218097269535065, 0.9947459697723389, 0.006288167554885149, 0.00010100158397108316, 0.019654354080557823, 0.3174588680267334, 0.365668386220932, -5.9644269943237305, -1.8336551189422607, 7.14289665222168, -0.05052357539534569, -0.32631173729896545, 0.5582005381584167, -0.23324444890022278, -0.008943418972194195, 0.9501493573188782, 0.20671997964382172, -0.5963013768196106, 0.6746437549591064, -0.29427284002304077, -11.10888957977295, -12.654509544372559, 1.4583845138549805, 0.3392908573150635, -0.5875723361968994, -0.5920870900154114, 0.028395093977451324, -0.0019731265492737293, -0.002286619273945689, 0.14890547096729279, -0.08543327450752258, -0.8312683701515198, 0.0019356643315404654, -0.0033473505172878504, -0.002233131555840373, 0.44903331995010376, -0.18051403760910034, -0.5841102004051208, 0.003195383818820119, -0.0010174218332394958, -0.0036730451975017786, 0.1218893826007843, -0.28966131806373596, 0.3771645426750183, -0.0058419061824679375, 0.0002654495765455067, 0.003864261321723461, -1.20366632938385, 0.9785703420639038, -0.1922229677438736, -0.00678614154458046, -0.01287036668509245, -0.004174758680164814, -1.0, 1.0, 1.0, -1.0, 1.0, 0.9706177711486816, 0.812954306602478, -1.0, 0.7481708526611328, -0.8887550234794617, -1.0, -1.0, -1.0, 1.0, 1.0, -1.0, 1.0, 1.0, 0.9296155571937561, 1.0]
[-0.535092830657959, 0.34660330414772034, 0.9912832975387573, -0.99788498878479, 0.10147108882665634, 0.14820249378681183, 0.61326664686203, 0.762988269329071, -0.6206635236740112, -0.4035799503326416, 0.26810210943222046, -0.645880401134491, -0.34831520915031433, -0.01458359882235527, -0.997712254524231, 0.07877790927886963, 0.9732368588447571, 1.0000221729278564, 1.0000044107437134, -0.6068410277366638, 1.0000019073486328, 1.0000019073486328, -0.025447258725762367, 0.9954133629798889, -0.39931970834732056, 0.9724531173706055, -0.015667034313082695, 0.025178590789437294, 1.5164862871170044, 0.49592724442481995, 0.30121371150016785, -0.545198380947113, 0.3647204339504242, -0.17655129730701447, 0.1418883055448532, 0.9923692941665649, -1.2032058238983154, -0.8602472543716431, -0.03901909664273262, -0.8267819285392761, 0.008138129487633705, -4.967964287061477e-06, 2.927533557794959e-07, -0.9674650430679321, -1.995782440644689e-05, -3.2081909466796787e-06, 0.836651623249054, 0.016483819112181664, 1.8917131423950195, -2.0916929244995117, 0.04844764247536659, -0.1100342646241188, -0.039811231195926666, -0.0059254770167171955, 0.01603386551141739, -0.20574970543384552, -0.0030604121275246143, 0.039365433156490326, -0.053047049790620804, 0.17344263195991516, 0.11071047186851501, 0.015967654064297676, -0.1740737110376358, 0.02996812015771866, -0.06076764315366745, 0.0019897171296179295, -0.004025076515972614, 0.1468421220779419, -0.055769242346286774, -0.05939877778291702, -0.12370125204324722, -0.04352426156401634, 0.048394184559583664, -0.3317817151546478, 0.5454474091529846, 0.6497433185577393, -0.16440734267234802, 0.20839565992355347, 0.712302565574646, -0.005067650228738785, 0.2973179519176483, 0.24850809574127197, -1.101602554321289, -2.29056978225708, 0.6769199967384338, 0.0, -0.38999998569488525, 0.47999998927116394, 0.012645297683775425, 0.2464054822921753, 0.9690790772438049, 0.0032153106294572353, 0.2037554234266281, 0.45097362995147705, -0.851786732673645, 0.17194746434688568, 0.011172432452440262, -0.4472110867500305, 0.524446427822113, -0.01683572120964527, 0.14608155190944672, 0.9891238808631897, 0.003263091668486595, 0.29292577505111694, 0.559183657169342, 0.7780759930610657, -14.763655662536621, -1.6257359981536865, 1.719016194343567, 0.03252769261598587, -0.38336485624313354, 0.5692606568336487, -0.031706828624010086, 0.33182623982429504, 0.9410471320152283, -0.05758626386523247, 0.10967949032783508, 0.3191801905632019, 0.4361948072910309, -2.759190559387207, -1.537116289138794, 0.5649233460426331, 0.06744062900543213, -0.42916712164878845, 0.5356815457344055, -0.010532168671488762, 0.04606502130627632, 0.991135835647583, -0.12416432797908783, 0.20680053532123566, 0.37669381499290466, 0.9342926144599915, 0.6526024341583252, -0.4366002678871155, 1.3466378450393677, 0.06387206166982651, -0.331951379776001, 0.5417530536651611, -0.156901016831398, 0.9867768883705139, -0.03984161093831062, 0.00812011118978262, 0.0015287729911506176, 0.26557987928390503, 0.2845408320426941, -4.7068891525268555, -1.0677242279052734, 6.104534149169922, -0.05633161589503288, -0.3194539546966553, 0.5545169711112976, -0.33501920104026794, 0.04325215891003609, 0.9254501461982727, 0.17156130075454712, -0.43763768672943115, 0.38828545808792114, -0.4051859676837921, -8.093624114990234, -10.04482364654541, 2.2422943115234375, 0.4140848219394684, 0.11574224382638931, -0.8970236778259277, -0.004189344123005867, -0.0023719193413853645, -0.002514451975002885, 0.19678600132465363, -0.4582850933074951, -0.8545489311218262, 0.032491154968738556, -0.002826336305588484, -0.0018228229600936174, -0.2122296541929245, -0.7022421956062317, 0.8482953906059265, 0.005434020422399044, -0.0003017965063918382, 0.008100900799036026, 0.024118855595588684, -0.4254046380519867, 0.37288549542427063, -0.010406145825982094, 0.0031492512207478285, 0.0066332705318927765, -1.5564234256744385, 1.2929260730743408, -0.15802206099033356, -0.009537994861602783, -0.01862148754298687, -0.0048731365241110325, -1.0, 1.0, 1.0, -1.0, 1.0, 1.0, 0.2812191843986511, -0.2202039659023285, 0.6542751789093018, 0.2050786167383194, -1.0, -1.0, -1.0, 1.0, 1.0, -1.0, 1.0, 1.0, 0.5896062850952148, 1.0]
[-0.6291695833206177, 0.4675958752632141, 0.9872491955757141, -0.9946283102035522, 0.2526664733886719, 0.20409974455833435, 0.6804128885269165, 0.6794264316558838, -0.47020360827445984, -0.38471490144729614, 0.27800631523132324, -0.47998321056365967, -0.4792979955673218, -0.14750081300735474, -1.0000122785568237, -0.08507312089204788, 0.9560171365737915, 0.9984866380691528, 1.0000044107437134, -0.6779029369354248, 1.0000051259994507, 1.0000063180923462, 0.03424113616347313, 0.9973371624946594, -0.2980899512767792, 0.7570642828941345, -0.016925161704421043, 0.031164292246103287, 1.3346610069274902, 0.6752572655677795, 0.2809201180934906, -0.8736612200737, 1.928573489189148, 0.4522198736667633, 0.04099876806139946, 1.872771143913269, -1.158264398574829, -1.4355531930923462, -0.22511951625347137, -0.5552293062210083, -0.5683713555335999, -0.06159693002700806, -4.872297722613439e-06, -0.8182631731033325, 7.197134254965931e-05, 3.120861583738588e-05, 0.12002618610858917, 0.016607483848929405, 3.220776081085205, -2.578568696975708, 0.09746275842189789, -0.13820944726467133, -0.05762150511145592, -0.001395363942719996, 0.02685331180691719, -0.2041786164045334, 0.026348745450377464, 0.040192004293203354, 0.13931818306446075, 0.052480556070804596, 0.07614238560199738, 0.02341059036552906, -0.47080445289611816, 0.07230699807405472, -0.32671618461608887, -0.06501143425703049, -0.027878396213054657, 0.11771950125694275, -0.006599852349609137, -0.013297340832650661, -0.14136844873428345, -0.051953189074993134, 0.04847880080342293, -0.32889166474342346, 0.5496947765350342, 0.6099369525909424, -0.19190992414951324, 0.2786063253879547, 0.7166072726249695, 0.0571172796189785, 0.07548601180315018, 0.2777872383594513, -0.45875364542007446, -0.9316831827163696, 0.3089159429073334, 0.0, -0.38999998569488525, 0.47999998927116394, 0.012645297683775425, 0.2464054822921753, 0.9690790772438049, 0.0032153106294572353, 0.2475254088640213, 0.410361111164093, -0.846271812915802, 0.23272091150283813, 0.015694022178649902, -0.4414292871952057, 0.5366247892379761, -0.03231588751077652, 0.25949397683143616, 0.9651694297790527, -0.0081569142639637, 0.17347514629364014, 0.5297976732254028, 0.514465868473053, -13.710891723632812, -1.7144968509674072, 0.9762213826179504, 0.03424921631813049, -0.3785143494606018, 0.575457751750946, -0.04596264287829399, 0.3945079743862152, 0.916068434715271, -0.055403344333171844, 0.03723197430372238, 0.40046921372413635, 0.17375308275222778, -10.892803192138672, -2.6525893211364746, -0.17086470127105713, 0.06996414810419083, -0.4204365611076355, 0.5519304871559143, -0.014355390332639217, 0.04268283024430275, 0.9894847869873047, -0.13744764029979706, 0.051429927349090576, 0.6083508729934692, 0.9580012559890747, -0.053836774080991745, -0.3951205611228943, 1.3526661396026611, 0.06366188079118729, -0.3274475038051605, 0.5462867617607117, -0.19916148483753204, 0.9775415658950806, -0.06797721982002258, 0.011233169585466385, 0.048488959670066833, 0.13764600455760956, 0.2786028981208801, -0.5043776035308838, 1.3111191987991333, 4.10935115814209, -0.060171760618686676, -0.3155275583267212, 0.5505725145339966, -0.40098556876182556, 0.0767897367477417, 0.9022974371910095, 0.13846692442893982, -0.25145968794822693, 0.20461216568946838, -0.3178980350494385, -5.357277870178223, -5.759758472442627, 2.064493417739868, 0.6576039791107178, -0.0009767803130671382, -1.1431233882904053, -0.0014100153930485249, -0.0038755047135055065, -0.0031301125418394804, 0.3477095067501068, -0.651063084602356, -0.8937184810638428, 0.030426057055592537, -0.00454780412837863, -0.002990751527249813, 0.8991554379463196, -0.6846696138381958, 0.23332767188549042, 0.013140546157956123, -0.0008561891736462712, -0.007446662522852421, -0.34304526448249817, -1.512971043586731, 0.09862178564071655, -0.0505729615688324, 0.015768341720104218, 0.014348173514008522, -1.7811614274978638, 0.45722776651382446, 0.009037770330905914, -0.0020650585647672415, -0.023454604670405388, -0.0072555518709123135, -1.0, 1.0, 1.0, -1.0, 1.0, 1.0, -0.16011954843997955, 0.9460350871086121, 0.6793415546417236, 1.0, -1.0, -0.537545382976532, -0.926125168800354, 1.0, 1.0, -1.0, 1.0, 1.0, -0.06949098408222198, 1.0]
[-0.6981414556503296, 0.5352943539619446, 0.9845195412635803, -0.9761596322059631, 0.3829655647277832, 0.3176784813404083, 0.7519744634628296, 0.5778883099555969, -0.250019907951355, -0.3208079934120178, 0.27858245372772217, -0.2795417606830597, -0.5909565687179565, -0.2937659025192261, -0.9747741222381592, -0.1441577523946762, 0.9013722538948059, 0.9904151558876038, 1.0000040531158447, -0.7384318709373474, 1.0000056028366089, 1.0000063180923462, -0.0242184828966856, 0.9992915987968445, -0.23122110962867737, 0.30218368768692017, -0.0052828057669103146, 0.23538540303707123, 1.1340316534042358, 1.3284939527511597, 0.2978540360927582, -0.8285849690437317, 2.080740451812744, 0.673613965511322, -0.10142388194799423, 1.7161476612091064, -1.0216145515441895, -1.2945866584777832, 0.2754344344139099, -0.09474924206733704, -0.5101523399353027, -0.10078992694616318, -5.0689968702499755e-06, -0.6931131482124329, -2.6080508177983575e-05, 1.1897864169441164e-06, -0.6153561472892761, 0.015887785702943802, 1.2620586156845093, -4.311587810516357, 0.0311744287610054, -0.19565293192863464, -0.0573824904859066, 0.0082597266882658, 0.007619599811732769, -0.04216345027089119, 0.0037688470911234617, 0.0091846389696002, -0.05254243314266205, -0.48057281970977783, -0.15961888432502747, -0.03792349994182587, -0.05431888997554779, 0.027566172182559967, 0.017082344740629196, 0.019418347626924515, 0.0006257905624806881, 0.1693488359451294, -0.11955572664737701, -0.06376384943723679, -0.16265855729579926, -0.05870477855205536, 0.04886133223772049, -0.32823196053504944, 0.5533750057220459, 0.5829104781150818, -0.2346876561641693, 0.3444945812225342, 0.6974672079086304, 0.03343455493450165, 0.09758587926626205, 0.155965194106102, -0.12383951991796494, -1.4194351434707642, 0.23173712193965912, 0.0, -0.38999998569488525, 0.47999998927116394, 0.012645297683775425, 0.2464054822921753, 0.9690790772438049, 0.0032153106294572353, 0.30537086725234985, 0.38791579008102417, -0.8213933110237122, 0.2856278121471405, 0.018725348636507988, -0.43630993366241455, 0.5439539551734924, -0.04385916888713837, 0.37437841296195984, 0.9261425733566284, -0.013307231478393078, 0.14147943258285522, 0.4383750855922699, 0.14745038747787476, -14.826889038085938, -1.358932614326477, 0.2073488086462021, 0.03564243018627167, -0.3759532570838928, 0.5778502821922302, -0.05685170739889145, 0.4753020107746124, 0.8767185211181641, -0.0471225306391716, 0.07684452831745148, 0.20979972183704376, -0.09783079475164413, -10.790976524353027, -2.2090322971343994, -0.8290120363235474, 0.07058890908956528, -0.4107058048248291, 0.563949465751648, -0.01635460928082466, 0.03968726098537445, 0.9879958629608154, -0.14839690923690796, 0.05168760567903519, 0.5153846740722656, 0.5121597051620483, 1.4417576789855957, 0.375358521938324, 1.716942548751831, 0.06415047496557236, -0.3255271911621094, 0.5501953363418579, -0.22022679448127747, 0.973127007484436, -0.06591487675905228, 0.013380979187786579, 0.026990214362740517, 0.09898526221513748, 0.19998955726623535, 1.0003162622451782, -0.4766002893447876, 1.8158869743347168, -0.06184703856706619, -0.3141190707683563, 0.5479689836502075, -0.4257506728172302, 0.09203734248876572, 0.8926056027412415, 0.1162787675857544, -0.06124166399240494, 0.02178015187382698, -0.13573747873306274, -1.8593382835388184, -0.8795912265777588, 1.5059571266174316, 0.17669236660003662, -0.4240163564682007, -1.4945318698883057, 0.0018994825659319758, -0.0044975741766393185, -0.00010841753100976348, -0.03029773011803627, -0.5729643702507019, -0.9493798017501831, 0.0005901747499592602, -0.0032787888776510954, 0.000817757798358798, -0.19314387440681458, 1.4498560428619385, -2.235821008682251, -0.016175659373402596, -0.0019785016775131226, 0.005360445939004421, 0.283185213804245, -0.03946802020072937, 0.4788704216480255, 3.3770465961424634e-05, -0.010726332664489746, 0.00939511600881815, -2.1076879501342773, 0.8433777093887329, -0.3524283766746521, -0.004705403000116348, -0.024981770664453506, -0.007953778840601444, -1.0, 0.5354475975036621, 1.0, -0.8347806930541992, 1.0, 1.0, -0.2581215500831604, 1.0, 0.6080682873725891, 1.0, -1.0, 0.4766601026058197, -0.47190895676612854, 1.0, 1.0, -1.0, 1.0, 1.0, -0.8001952767372131, 1.0]
[-0.7521647214889526, 0.5224705934524536, 0.9843232035636902, -0.9586649537086487, 0.49318477511405945, 0.46069610118865967, 0.8434916734695435, 0.5205719470977783, -0.04031679406762123, -0.20205368101596832, 0.26717227697372437, -0.12284005433320999, -0.6934173107147217, -0.4181995987892151, -0.9028235673904419, -0.14071393013000488, 0.8732030391693115, 0.9822260737419128, 1.000003695487976, -0.7885487675666809, 1.000008225440979, 1.000009536743164, -0.14884234964847565, 1.0000004768371582, -0.17739428579807281, -0.34926122426986694, 0.0017874984769150615, 0.10592688620090485, 0.9514679312705994, 1.281790852546692, 0.4553709626197815, -0.33956751227378845, 1.876153826713562, 1.67926025390625, -0.1078229695558548, 1.1375094652175903, -0.970613956451416, -1.0935925245285034, 0.3117576241493225, 0.1111757680773735, -0.095713309943676, -0.06369949132204056, -2.3064992547006113e-06, -0.5659016966819763, -2.478368742231396e-06, 8.201683158404194e-06, -0.8509249687194824, 2.1415028186311247e-06, 1.3117696046829224, -6.495222091674805, 0.030141562223434448, -0.37730932235717773, -0.09191498160362244, -0.018834544345736504, 0.02734597958624363, -0.08912753313779831, -0.010371265932917595, 0.046050019562244415, -0.022234786301851273, -0.7353785634040833, -0.2666889429092407, -0.0767081081867218, -0.44883960485458374, 0.03350633382797241, 0.006606692913919687, 0.058656781911849976, 0.0032937414944171906, 0.2003699243068695, -0.18883934617042542, -0.09324904531240463, -0.11854898929595947, -0.04224765673279762, 0.04902419075369835, -0.3284619450569153, 0.5537980198860168, 0.5679332613945007, -0.2725715935230255, 0.3989298343658447, 0.6663419008255005, 0.04319281876087189, -0.042498428374528885, -0.07996475696563721, 0.41737085580825806, -1.8216389417648315, 0.5745803713798523, 0.0, -0.38999998569488525, 0.47999998927116394, 0.012645297683775425, 0.2464054822921753, 0.9690790772438049, 0.0032153106294572353, 0.3558419346809387, 0.3802609145641327, -0.7878439426422119, 0.32875558733940125, 0.02168183960020542, -0.4337710440158844, 0.5440416932106018, -0.04774549603462219, 0.46705493330955505, 0.882781445980072, -0.01663927361369133, 0.17925994098186493, 0.14691893756389618, -0.3255937099456787, -10.027544021606445, -0.20170268416404724, 0.04974140599370003, 0.0377117395401001, -0.37536635994911194, 0.5753592848777771, -0.058984097093343735, 0.5623332262039185, 0.8241122364997864, -0.03377951309084892, 0.16601718962192535, 0.06451822817325592, -0.47542521357536316, -14.12417984008789, -1.7855911254882812, -2.308180093765259, 0.07197113335132599, -0.40516215562820435, 0.5671133995056152, -0.0110333152115345, 0.008729682303965092, 0.9871639013290405, -0.15908923745155334, 0.1688009351491928, 0.07053375244140625, -0.06445816904306412, 5.962465763092041, 2.234910488128662, 1.5065525770187378, 0.06454561650753021, -0.32526105642318726, 0.5511537790298462, -0.2297751009464264, 0.9714758396148682, -0.054019536823034286, 0.022799625992774963, 0.053666915744543076, -0.0009946851059794426, -0.047128088772296906, 2.0562102794647217, -0.5538535118103027, 0.6447575092315674, -0.06150525063276291, -0.3153998851776123, 0.5468250513076782, -0.41871583461761475, 0.08646009862422943, 0.8975903987884521, 0.10739286988973618, 0.08189167827367783, -0.17005720734596252, -0.006371280178427696, 1.6862988471984863, 2.1850051879882812, 1.0073591470718384, 0.09144462645053864, -0.7182815074920654, -2.3883910179138184, -0.02960876375436783, -0.0055757611989974976, 0.0022103844676166773, -0.16562002897262573, -1.2911667823791504, -1.388492465019226, 0.02668251469731331, -0.007805745583027601, -0.00030519263236783445, -0.08813027292490005, 2.8469464778900146, -3.1848931312561035, -0.03400391340255737, -0.002365272492170334, 0.0030132560059428215, 0.004494139458984137, -0.34235265851020813, 1.442077875137329, -0.001841548248194158, 0.0003975682193413377, 0.00831105001270771, -1.5474050045013428, 1.205764889717102, -0.5347793102264404, -0.006986670196056366, -0.017489174380898476, -0.01088394783437252, -1.0, -0.1673448085784912, 1.0, -0.9785882830619812, 1.0, 1.0, 0.18342028558254242, 1.0, 0.9999220967292786, 1.0, -1.0, 0.7442388534545898, -0.8223217725753784, 1.0, 1.0, -1.0, 1.0, 1.0, -1.0, 1.0]
[-0.7920979857444763, 0.4192246198654175, 0.9851957559585571, -0.9515144228935242, 0.5845068097114563, 0.5811160206794739, 0.9595203995704651, 0.515985369682312, 0.14094999432563782, 0.010637171566486359, 0.22096112370491028, -0.02289448119699955, -0.7889038920402527, -0.5287808775901794, -0.8534302711486816, -0.11702235788106918, 0.8838810324668884, 0.980137825012207, 1.000003457069397, -0.8288082480430603, 1.0000088214874268, 1.00001060962677, -0.28098976612091064, 1.0000005960464478, -0.1358889788389206, -0.972424328327179, 0.005750343669205904, 0.028071647509932518, 0.7820701003074646, 1.0071496963500977, 0.4711678624153137, 0.08942483365535736, 1.5595277547836304, 2.087371826171875, -0.2524074912071228, 0.80712890625, -0.8230751156806946, -0.9930147528648376, 0.24310627579689026, 0.053070951253175735, 0.20419207215309143, -0.003650969360023737, -1.1966068136359809e-08, -0.45142364501953125, -8.654021257825661e-06, 2.7442175110081735e-07, -0.7972070574760437, 1.621312151200982e-07, 0.8174089193344116, -5.760585784912109, 0.014470914378762245, -0.3248753547668457, -0.06920625269412994, -0.014970669522881508, -0.00042465480510145426, -0.10326623171567917, -0.024908242747187614, -0.004593647085130215, -0.018930191174149513, -0.38258737325668335, -0.09969411790370941, -0.021258413791656494, -0.35784512758255005, -0.023150555789470673, -0.05557676777243614, 0.031203022226691246, -0.001106591080315411, 0.18161973357200623, -0.1589299589395523, -0.07627056539058685, -0.073773592710495, -0.025376146659255028, 0.05020282790064812, -0.3299790322780609, 0.5503169298171997, 0.5705847144126892, -0.3023048937320709, 0.437897652387619, 0.6255320310592651, 0.0869545191526413, -0.14795759320259094, -0.3215818405151367, 0.7901071906089783, -1.2323282957077026, 0.6789398789405823, 0.0, -0.38999998569488525, 0.47999998927116394, 0.012645297683775425, 0.2464054822921753, 0.9690790772438049, 0.0032153106294572353, 0.39478227496147156, 0.3922978341579437, -0.7491999268531799, 0.35909438133239746, 0.02495971880853176, -0.4343354403972626, 0.5361263155937195, -0.042236559092998505, 0.5168940424919128, 0.8546987771987915, -0.022948158904910088, 0.21188051998615265, -0.06599442660808563, -0.7129614353179932, -4.607598781585693, 1.2251231670379639, 0.20489731431007385, 0.04083259776234627, -0.376793771982193, 0.5676983594894409, -0.048115991055965424, 0.6601154804229736, 0.7493849992752075, -0.018825726583600044, 0.25928986072540283, -0.11519686132669449, -0.7809619307518005, -14.003110885620117, -0.04066259786486626, -2.5841808319091797, 0.07546316832304001, -0.4054531157016754, 0.5612391829490662, 0.005211601033806801, -0.06170714646577835, 0.9830113053321838, -0.17278239130973816, 0.3154171109199524, -0.25218164920806885, -0.5535185933113098, 9.095165252685547, 3.896937608718872, 1.9812198877334595, 0.06594222784042358, -0.32712915539741516, 0.5478494167327881, -0.23263074457645416, 0.9716838598251343, -0.030815662816166878, 0.027634339407086372, 0.0869123563170433, -0.10852019488811493, -0.2873075306415558, 3.3453192710876465, 0.32858285307884216, 0.530276358127594, -0.05959995463490486, -0.3192647099494934, 0.5464023947715759, -0.39219751954078674, 0.05991598963737488, 0.9112324118614197, 0.11066456884145737, 0.18668289482593536, -0.34702354669570923, 0.04003881290555, 4.619505405426025, 3.7579643726348877, 0.807727038860321, -0.0006655286997556686, -0.9257013201713562, -1.8278073072433472, -0.0288561899214983, -0.004010749515146017, 0.0030836379155516624, -0.19074709713459015, -0.6988585591316223, -1.233798861503601, -0.015076524578034878, -0.0011937845265492797, 0.004449136555194855, -0.12210065126419067, 1.1329681873321533, -1.7881932258605957, -0.004263890907168388, -0.0020292627159506083, 0.002571119461208582, 0.27205899357795715, -0.5235059261322021, 0.9997997283935547, -0.008959181606769562, -0.0001321830350207165, -0.003924641292542219, -0.9665088653564453, 1.1007685661315918, -0.4833464026451111, -0.0067926570773124695, -0.009912004694342613, -0.009158715605735779, -1.0, -0.7202750444412231, 1.0, -1.0, 1.0, 1.0, 0.5802205801010132, 1.0, 0.9572656154632568, 1.0, -1.0, 0.5226967334747314, -1.0, 1.0, 1.0, -1.0, 1.0, 1.0, -1.0, 1.0]
[-0.8248884677886963, 0.2497338056564331, 0.986461877822876, -0.9512523412704468, 0.6589518785476685, 0.6753860712051392, 1.0000022649765015, 0.5380425453186035, 0.27914270758628845, 0.20851169526576996, 0.14280574023723602, 0.06797251850366592, -0.8609763383865356, -0.6239067316055298, -0.7878468632698059, -0.10877890139818192, 0.9125621318817139, 0.9849145412445068, 1.000003695487976, -0.8538978695869446, 1.0000085830688477, 1.00001060962677, -0.3982979655265808, 1.0000005960464478, -0.11543270200490952, -1.3295711278915405, 0.005903467535972595, -0.022611422464251518, 0.6361106038093567, 0.797402024269104, 7.579504881505272e-07, 0.18921566009521484, 1.1035873889923096, 1.6008697748184204, -0.4162611663341522, 0.801152229309082, -0.5979792475700378, -0.7938411235809326, 0.34249404072761536, 0.049995098263025284, 0.3527625501155853, 0.06754197925329208, 3.8167900129337795e-06, -0.22686278820037842, -1.7932812852450297e-06, 2.202560153818922e-06, -0.6868014335632324, 4.0105899046238846e-08, 0.4144577383995056, -2.8295576572418213, 0.005527402274310589, -0.16093608736991882, -0.036449093371629715, -0.00995662808418274, 0.009469733573496342, -0.09795038402080536, -0.05060461163520813, -0.04010416194796562, -0.03593410924077034, -0.1766861379146576, -0.03684705123305321, -1.2174714356660843e-05, -0.20670664310455322, 0.00501658720895648, -0.03579887002706528, 0.017308712005615234, -0.0005563913146033883, 0.17137742042541504, -0.056637682020664215, -0.027405859902501106, -0.057498082518577576, -0.018131330609321594, 0.05152520537376404, -0.3328331708908081, 0.5437797904014587, 0.5824071764945984, -0.3343714773654938, 0.46874886751174927, 0.5738222002983093, 0.09297410398721695, -0.1862117201089859, -0.4678725004196167, 1.0806450843811035, -1.2131693363189697, 0.6791096329689026, 0.0, -0.38999998569488525, 0.47999998927116394, 0.012645297683775425, 0.2464054822921753, 0.9690790772438049, 0.0032153106294572353, 0.43415117263793945, 0.4160030782222748, -0.7023084759712219, 0.3810735046863556, 0.02829349786043167, -0.4362100660800934, 0.522276759147644, -0.030257023870944977, 0.5336373448371887, 0.8444852232933044, -0.03406345844268799, 0.19697588682174683, -0.1055767610669136, -0.9410009384155273, -0.9935035705566406, 2.156801700592041, 0.45169949531555176, 0.04484083503484726, -0.37973886728286743, 0.5564004778862, -0.03615216165781021, 0.7276718616485596, 0.6845602989196777, -0.023743031546473503, 0.2392784059047699, -0.22999683022499084, -0.8566592335700989, -8.384539604187012, 1.5534988641738892, 0.39060327410697937, 0.07990508526563644, -0.40756645798683167, 0.5498310923576355, 0.025922130793333054, -0.13894258439540863, 0.9717279076576233, -0.18912376463413239, 0.35260143876075745, -0.2577344477176666, -0.8245242834091187, 8.714850425720215, 4.024064064025879, 2.656900405883789, 0.06735998392105103, -0.33026090264320374, 0.5416346788406372, -0.23561803996562958, 0.9712823629379272, 0.0008168178028427064, 0.03307697921991348, 0.07551927119493484, -0.12786109745502472, -0.4266790747642517, 3.901277780532837, 0.1259072870016098, 0.2520952820777893, -0.056296154856681824, -0.32506388425827026, 0.5462199449539185, -0.3514300286769867, 0.017254149541258812, 0.9281651973724365, 0.12127839773893356, 0.28643450140953064, -0.4638538956642151, 0.05258446931838989, 6.455691814422607, 5.061126708984375, 0.7822751998901367, 0.014623644761741161, -0.5159717202186584, -0.841049313545227, -0.01769620180130005, -0.0018206783570349216, 0.0017184647731482983, -0.09568978101015091, 0.11599168926477432, -0.8635491728782654, -0.038364287465810776, -0.0007897655013948679, 0.002374111907556653, -0.21874991059303284, 0.41187888383865356, -0.7806800603866577, 0.006166009698063135, -0.0019729724153876305, 0.0046319784596562386, 0.020218778401613235, -0.313231498003006, 0.552621603012085, -0.005254862830042839, 0.0012084811460226774, 0.0017255647107958794, -0.7534557580947876, 0.5565690398216248, -0.187015563249588, -0.0036262187641113997, -0.006076039280742407, -0.004935333970934153, -1.0, -1.0, 1.0, -1.0, 1.0, 1.0, 0.904362142086029, 0.9219762682914734, 0.942733883857727, 1.0, -1.0, 0.5960533618927002, -0.8753769397735596, 1.0, 1.0, -0.9137886166572571, 1.0, 1.0, -1.0, 1.0]
[-0.8535392880439758, 0.06016187369823456, 0.9873427152633667, -0.9563054442405701, 0.7192918062210083, 0.7511835694313049, 0.9594564437866211, 0.549257755279541, 0.3229598104953766, 0.3037726581096649, 0.05312870070338249, 0.12348731607198715, -0.9181197881698608, -0.6973026394844055, -0.7707482576370239, -0.07515573501586914, 0.9383857250213623, 1.0000228881835938, 1.0000046491622925, -0.8456432819366455, 1.0000094175338745, 1.0000126361846924, -0.4969748258590698, 1.0000009536743164, -0.10362830013036728, -1.3438700437545776, 0.004396860953420401, -0.06110155209898949, 0.5166938304901123, 0.6479620337486267, -0.3179866075515747, 0.14596357941627502, 0.1598813682794571, 0.4549584984779358, -0.3295724391937256, 0.42765504121780396, -0.4689655303955078, -0.6178794503211975, -0.01875459775328636, 0.13109628856182098, 0.22083012759685516, 1.170043833553791e-05, -1.266123763343785e-05, 0.28455039858818054, -1.6294754459522665e-05, -6.349425802909536e-06, -0.5725332498550415, -1.2163720839453163e-06, 0.3283828794956207, 0.3831484913825989, 0.004209346603602171, 0.0069707296788692474, -0.010704539716243744, -0.010051226243376732, -0.03218671306967735, 0.09017936140298843, 0.01758795976638794, -0.021556327119469643, 0.03479243442416191, 0.014339126646518707, 0.027752794325351715, 0.016440249979496002, -0.012973768636584282, -0.01279965229332447, -0.025514641776680946, -0.04376430809497833, -0.017049701884388924, 0.21468640863895416, 0.04797469079494476, 0.019232984632253647, -0.07429438829421997, -0.02231997437775135, 0.0543404258787632, -0.33643731474876404, 0.5344100594520569, 0.5862745642662048, -0.382694274187088, 0.4977520704269409, 0.5119277238845825, 0.16026094555854797, -0.16806094348430634, -0.44353267550468445, 1.4984735250473022, -1.1802806854248047, 0.2970224916934967, 0.0, -0.38999998569488525, 0.47999998927116394, 0.012645297683775425, 0.2464054822921753, 0.9690790772438049, 0.0032153106294572353, 0.4889214336872101, 0.43447983264923096, -0.6437985897064209, 0.39712271094322205, 0.030969304963946342, -0.43737009167671204, 0.5063106417655945, -0.016599273309111595, 0.5330218076705933, 0.8445708751678467, -0.0480855368077755, 0.14107732474803925, -0.032003507018089294, -0.9519272446632385, 0.5796259641647339, 2.3359992504119873, 0.6378948092460632, 0.04875374212861061, -0.3842637240886688, 0.544629693031311, -0.03216571360826492, 0.7319508790969849, 0.6790900826454163, -0.045275427401065826, 0.18198294937610626, -0.2453179806470871, -0.6651129126548767, 2.3195183277130127, 2.40151047706604, 2.222792387008667, 0.08449402451515198, -0.4103200137615204, 0.5354131460189819, 0.04811324551701546, -0.22035111486911774, 0.9524073600769043, -0.20506250858306885, 0.317739337682724, -0.25832679867744446, -0.9588882327079773, 9.120573997497559, 4.14201021194458, 2.156292200088501, 0.06986268609762192, -0.3334810137748718, 0.5338270664215088, -0.23178879916667938, 0.9715437889099121, 0.03935045003890991, 0.028777770698070526, 0.12534411251544952, -0.09908375144004822, -0.463460773229599, 5.1318793296813965, 2.533440351486206, -0.22884313762187958, -0.0513000413775444, -0.33185502886772156, 0.5466359853744507, -0.29426008462905884, -0.033065713942050934, 0.945711612701416, 0.13396663963794708, 0.4314103424549103, -0.5247570872306824, 0.09795399010181427, 7.217904090881348, 6.975889205932617, 0.9679378271102905, 0.07232823967933655, 0.18788157403469086, -0.05161118134856224, -0.0072330026887357235, -0.0003585930971894413, -0.0004297202394809574, 0.17316511273384094, 0.410674512386322, 0.4285547435283661, -0.015396207571029663, 0.007664999458938837, -0.001019934075884521, 0.1818402111530304, -0.3600130081176758, 0.11343401670455933, 0.011040056124329567, 0.000987236388027668, -0.002582412911579013, 0.046709850430488586, 0.07515815645456314, -0.36622926592826843, -0.01592233031988144, 0.0021932863164693117, -0.0029397255275398493, -0.9981688857078552, -0.02829350158572197, 0.1842765510082245, 2.9201053621363826e-05, -0.006349273957312107, -0.0011845241533592343, -1.0, -1.0, 1.0, -1.0, 1.0, 1.0, 0.897609293460846, 0.6477120518684387, 1.0, 0.7699622511863708, -1.0, 0.7171059846878052, -0.6735235452651978, 1.0, 1.0, -0.6334331631660461, 1.0, 1.0, -1.0, 1.0]
[-0.8800488114356995, -0.12130951136350632, 0.9879733324050903, -0.9637717008590698, 0.768446683883667, 0.8130127787590027, 0.8868932723999023, 0.5597325563430786, 0.3520244359970093, 0.332987517118454, -0.007506128866225481, 0.16991892457008362, -0.9599215984344482, -0.7535570859909058, -0.7605665326118469, -0.0313454233109951, 0.9574358463287354, 1.0000224113464355, 1.000004529953003, -0.8024284839630127, 1.0000061988830566, 0.9999996423721313, -0.5797743201255798, 1.0000009536743164, -0.09468159824609756, -1.2298210859298706, 0.0034183727111667395, -0.07339616864919662, 0.42238232493400574, 0.5296794176101685, -0.2595269978046417, 0.09655345231294632, 0.3580131232738495, 0.26235881447792053, -0.20578424632549286, 0.4103095531463623, -0.3466154634952545, -0.4560680091381073, 0.11891408264636993, 0.20492377877235413, 0.1938914656639099, 2.7851826871483354e-06, -1.3836704226832808e-08, 0.6704394221305847, -0.00022675392392557114, -0.0004593776538968086, -0.48287487030029297, -3.086365438775829e-07, 0.2764115035533905, 1.7554025650024414, 0.005097436252981424, 0.07943279296159744, -0.00030634255381301045, -0.01013793982565403, 0.01821025274693966, 0.04754313826560974, 0.024435993283987045, 0.01224023662507534, 0.033360209316015244, 0.0881279855966568, 0.04343871772289276, 0.020510954782366753, 0.20050105452537537, 9.688835416454822e-05, 0.040528904646635056, -0.003968175034970045, 0.003891279688104987, 0.12207258492708206, 0.09581245481967926, 0.03740653768181801, -0.031044036149978638, -0.008125366643071175, 0.056423477828502655, -0.3390132784843445, 0.5262582898139954, 0.597166895866394, -0.41724514961242676, 0.4999285340309143, 0.46836915612220764, 0.11827315390110016, -0.11092445254325867, -0.4616561830043793, 1.2202519178390503, -1.0056201219558716, 0.15029798448085785, 0.0, -0.38999998569488525, 0.47999998927116394, 0.012645297683775425, 0.2464054822921753, 0.9690790772438049, 0.0032153106294572353, 0.523526132106781, 0.455629825592041, -0.6047007441520691, 0.3907160758972168, 0.03278312087059021, -0.43713486194610596, 0.4908381998538971, -0.003965481650084257, 0.5250040292739868, 0.8487603068351746, -0.06293494254350662, 0.08576991409063339, 0.049137551337480545, -0.8666517734527588, 1.1728549003601074, 2.197042942047119, 0.7292146682739258, 0.051961496472358704, -0.3876238763332367, 0.5330544710159302, -0.033638253808021545, 0.714870274066925, 0.6949199438095093, -0.07010869681835175, 0.13585734367370605, -0.14930877089500427, -0.6446546316146851, 2.0961334705352783, 1.9502066373825073, 1.9328961372375488, 0.08786927908658981, -0.4118385314941406, 0.521217405796051, 0.06662445515394211, -0.28951191902160645, 0.9303573369979858, -0.21489334106445312, 0.21803458034992218, -0.13261353969573975, -0.8874807953834534, 7.376543045043945, 3.3777503967285156, 1.4867099523544312, 0.07222488522529602, -0.3359612226486206, 0.5263553261756897, -0.22551022469997406, 0.9703847169876099, 0.08415821194648743, 0.020395787432789803, 0.08436263352632523, -0.04114256426692009, -0.4168810546398163, 4.582059860229492, 1.8238667249679565, -0.6845794916152954, -0.04460684955120087, -0.3391648232936859, 0.5472741723060608, -0.2229352444410324, -0.08497423678636551, 0.9603882431983948, 0.1439913809299469, 0.5480912327766418, -0.5533171892166138, 0.06887833029031754, 7.223329544067383, 8.100889205932617, 1.4341336488723755, 0.09868030250072479, 0.5449531078338623, 0.2186814248561859, -0.0019636426586657763, 1.2398809303704184e-05, -0.0014822727534919977, 0.05331699550151825, 0.13597619533538818, 0.3410293459892273, 0.014279880560934544, -0.0041425894014537334, -0.0006412499933503568, 0.1904597282409668, -0.6175907850265503, 0.4261629283428192, 0.011247094720602036, 0.0012781907571479678, -0.0027916664257645607, 0.10686393827199936, 0.2314780056476593, -0.365962952375412, 0.007363449782133102, -0.003983812872320414, 0.0008784211822785437, -0.40694254636764526, -0.28962287306785583, 0.2803492546081543, 0.0017899461090564728, -0.0016142872627824545, 0.0009758461965247989, -1.0, -1.0, 1.0, -1.0, 1.0, 1.0, 0.8248166441917419, 0.8459786772727966, 1.0, 0.8206012845039368, -1.0, 0.7053558230400085, -0.4100830554962158, 1.0, 1.0, -0.4421581029891968, 1.0, 1.0, -1.0, 1.0]
[-0.8952871561050415, -0.2815510034561157, 0.9874765276908875, -0.9715726375579834, 0.808768093585968, 0.8636401891708374, 0.8345822691917419, 0.5674452781677246, 0.37088361382484436, 0.3638647794723511, -0.05042911320924759, 0.19914348423480988, -0.988572895526886, -0.7937024235725403, -0.7294668555259705, 0.022247731685638428, 0.9723461866378784, 1.0000224113464355, 1.000004529953003, -0.720780611038208, 0.9999563097953796, 0.9997220635414124, -0.6485942602157593, 1.0000009536743164, -0.029628902673721313, -1.0601933002471924, -0.0021795202046632767, -0.07002656906843185, 0.3474156856536865, 0.43448877334594727, -0.16468200087547302, 0.06926976889371872, 0.09297963231801987, 0.2538200914859772, -0.1570310890674591, 0.22966527938842773, -0.21059535443782806, -0.310803085565567, 0.1729753315448761, 0.21366336941719055, 0.09405044466257095, -2.0801028313144343e-06, -4.2950907186423137e-07, 1.193038821220398, -0.0031592135783284903, -0.0025195323396474123, -0.40131503343582153, -1.1359591098880628e-06, 1.4385747909545898, 2.18827223777771, 0.03937459737062454, 0.09749828279018402, 0.002151192631572485, -0.009433264844119549, 0.026680391281843185, 0.04921421408653259, -0.011268066242337227, -0.008252634666860104, 0.05077063664793968, 0.0914803147315979, 0.04560612142086029, 0.020746484398841858, 0.2022874653339386, -0.007622146047651768, 0.0074124946258962154, -0.011655576527118683, 0.0029312793631106615, 0.11935560405254364, 0.12226901948451996, 0.046077534556388855, -0.03168847784399986, -0.009416785091161728, 0.05780304968357086, -0.34084659814834595, 0.5190817713737488, 0.6075783371925354, -0.44738757610321045, 0.49301186203956604, 0.4331652820110321, 0.062343157827854156, -0.0960550308227539, -0.36492618918418884, 1.12614107131958, -0.4272245466709137, 0.03185402601957321, 0.0, -0.38999998569488525, 0.47999998927116394, 0.012645297683775425, 0.2464054822921753, 0.9690790772438049, 0.0032153106294572353, 0.5515108704566956, 0.4743843674659729, -0.573554277420044, 0.37660443782806396, 0.03332706540822983, -0.4358178973197937, 0.47720441222190857, 0.0072380369529128075, 0.5149700045585632, 0.8538015484809875, -0.07600241154432297, -0.0024423226714134216, 0.09627192467451096, -0.7376827597618103, 1.2411664724349976, 1.8971152305603027, 0.4899815618991852, 0.054031964391469955, -0.3899339735507965, 0.5226109623908997, -0.033541835844516754, 0.6981810331344604, 0.7095425128936768, -0.08926059305667877, 0.07208188623189926, -0.1177562028169632, -0.5386740565299988, 2.822213649749756, 1.7519307136535645, 1.1043741703033447, 0.08989810943603516, -0.4126417338848114, 0.5081760883331299, 0.08142921328544617, -0.34726059436798096, 0.9080213308334351, -0.21971918642520905, 0.11673995852470398, -0.08915140479803085, -0.802071750164032, 6.148959159851074, 2.8133232593536377, 0.9113405346870422, 0.07361193746328354, -0.33769556879997253, 0.5198082327842712, -0.21525968611240387, 0.9687179327011108, 0.12250100821256638, 0.01556678581982851, 0.03794883191585541, -0.03397410735487938, -0.3459266424179077, 4.170094966888428, 1.5597678422927856, -1.115244746208191, -0.03616680949926376, -0.3467502295970917, 0.5477401614189148, -0.13761132955551147, -0.13539278507232666, 0.9696347713470459, 0.15013372898101807, 0.6909414529800415, -0.5730315446853638, 0.02397313341498375, 7.275906085968018, 9.684274673461914, 1.8992551565170288, 0.3340839147567749, 0.6510376930236816, 0.2400485873222351, 0.00033229970722459257, -0.001149886753410101, -0.00242572370916605, 0.22010131180286407, 0.5639039874076843, 0.0923851802945137, 0.00020592549117282033, -0.006176342256367207, -0.0005038325325585902, 0.37355858087539673, -0.6510719060897827, 0.49456295371055603, 0.01098040584474802, 0.0015689582796767354, -0.0025691103655844927, 0.23269706964492798, 0.0791822299361229, -0.4655701518058777, 0.004119012970477343, -0.0024620438925921917, 8.919901301851496e-05, -0.39848995208740234, -0.4023812711238861, 0.42125403881073, 0.002598327584564686, -0.003040947951376438, -0.0002690418914426118, -0.8101415634155273, -1.0, 1.0, -1.0, 1.0, 1.0, 0.8115489482879639, 0.5660440921783447, 1.0, 0.5718502998352051, -1.0, 0.7302259206771851, -0.31739163398742676, 1.0, 1.0, -0.10579109191894531, 1.0, 1.0, -1.0, 1.0]
[-0.8836023807525635, -0.41734251379966736, 0.985473096370697, -0.9784809350967407, 0.8420279026031494, 0.9052850008010864, 0.8087162971496582, 0.5680005550384521, 0.37511885166168213, 0.3803434371948242, -0.08322183042764664, 0.20494581758975983, -0.994022786617279, -0.8148343563079834, -0.6949520111083984, 0.06967415660619736, 0.9740456342697144, 1.0000224113464355, 1.0000044107437134, -0.6139107942581177, 0.9999264478683472, 0.9991989731788635, -0.7075962424278259, 0.999951183795929, 0.09660124033689499, -0.887417733669281, -0.007935484871268272, -0.05909903720021248, 0.2869293689727783, 0.3582708537578583, -0.04255184903740883, -0.02999386563897133, 0.03419654071331024, 0.09826799482107162, -0.10065263509750366, -0.015055260621011257, 0.040900301188230515, -0.08445744961500168, 0.18420292437076569, 0.17631633579730988, -0.019167037680745125, -5.0403905333951116e-06, -1.8225296116725076e-07, 1.3844574689865112, -0.004080189857631922, -0.0027720890939235687, -0.348226398229599, -0.0018640781054273248, 2.701416015625, 2.166807174682617, 0.07569438964128494, 0.08949176222085953, 0.001446552574634552, -0.00821861531585455, 0.03529708832502365, 0.02020874246954918, -0.005269801244139671, -0.0036606406792998314, 0.09228389710187912, 0.05831588804721832, 0.03712756931781769, 0.0221926998347044, 0.22042784094810486, -0.008822240866720676, 0.01494353637099266, -0.0070342812687158585, 0.004892922937870026, -0.06759057939052582, 0.12799538671970367, 0.04660874232649803, 0.054190922528505325, 0.017064755782485008, 0.05817345529794693, -0.3428231477737427, 0.5134361982345581, 0.6232883930206299, -0.4684391915798187, 0.4734635055065155, 0.4097664952278137, -0.0042818025685846806, -0.1233215257525444, -0.2837734818458557, 1.0331496000289917, 0.005940921138972044, -0.07047125697135925, 0.0, -0.38999998569488525, 0.47999998927116394, 0.012645297683775425, 0.2464054822921753, 0.9690790772438049, 0.0032153106294572353, 0.5674410462379456, 0.49555373191833496, -0.5550790429115295, 0.35259678959846497, 0.03197742626070976, -0.43405696749687195, 0.46579399704933167, 0.01801126077771187, 0.5053626894950867, 0.8585724234580994, -0.08448361605405807, -0.12428940832614899, 0.1059766486287117, -0.6064122915267944, 1.1088197231292725, 1.5554858446121216, -0.09902970492839813, 0.05449366569519043, -0.39207497239112854, 0.5136236548423767, -0.027702998369932175, 0.6760621070861816, 0.7293716073036194, -0.10094265639781952, -0.01476254127919674, -0.12729409337043762, -0.4462941586971283, 3.527292013168335, 1.7656633853912354, -0.2375110238790512, 0.0901152566075325, -0.4135417938232422, 0.49652501940727234, 0.09090469777584076, -0.3910582661628723, 0.8891727328300476, -0.21950294077396393, -0.02706986851990223, -0.10104726254940033, -0.7055781483650208, 4.32727575302124, 1.9174054861068726, -0.008453622460365295, 0.07400466501712799, -0.3397000730037689, 0.5143412351608276, -0.20173588395118713, 0.9665053486824036, 0.1582217514514923, 0.011650903150439262, -0.025048669427633286, -0.07144907116889954, -0.27926480770111084, 3.882871627807617, 1.3754018545150757, -1.5719094276428223, -0.027091749012470245, -0.3540414869785309, 0.5470726490020752, -0.04568558186292648, -0.18184229731559753, 0.970177948474884, 0.15362566709518433, 0.6856770515441895, -0.523625910282135, -0.11079678684473038, 6.891518592834473, 9.757916450500488, 1.87429940700531, 0.5794496536254883, 0.6127563714981079, 0.1749611794948578, 0.0009727302240207791, -0.0025598546490073204, -0.003143191570416093, 0.3959597647190094, 0.4145318567752838, 0.004469412844628096, 0.0025573372840881348, -0.008294068276882172, -0.00026000020443461835, 0.7199614644050598, -0.5782731175422668, 0.4592761695384979, 0.013518603518605232, 0.0033070920035243034, -0.004645172040909529, 0.38854527473449707, 0.07873161882162094, -0.4360346496105194, 0.0060738977044820786, -0.003041918156668544, 0.0012471642112359405, 0.8092365264892578, -0.4060640335083008, 0.2797681391239166, 0.0028522161301225424, 0.0041169701144099236, -0.0011888256995007396, -0.47512468695640564, -1.0, 1.0, -1.0, 1.0, 1.0, 0.6982235908508301, 0.5200518369674683, 1.0, 0.3126477301120758, -0.8758642673492432, 0.6123169660568237, -0.20276769995689392, 1.0, 1.0, 0.02427665889263153, 1.0, 1.0, -1.0, 1.0]
[-0.8288525342941284, -0.5300890207290649, 0.9821780323982239, -0.9840434193611145, 0.8695399761199951, 0.939696192741394, 0.8036013245582581, 0.5639630556106567, 0.38102924823760986, 0.3859783709049225, -0.09790557622909546, 0.1865406036376953, -0.9526910781860352, -0.8115856647491455, -0.6724381446838379, 0.11303520947694778, 0.9647793173789978, 1.0000224113464355, 1.0000044107437134, -0.4948651194572449, 1.000003457069397, 0.9991854429244995, -0.7584434747695923, 0.9997157454490662, 0.281949907541275, -0.7319470643997192, -0.012184194289147854, -0.04633214697241783, 0.2373686283826828, 0.2964343726634979, 0.01218077726662159, -0.047193143516778946, 0.06722010672092438, 0.039777543395757675, -0.01075979694724083, -0.22962377965450287, 0.5652406811714172, 0.12085150927305222, 0.0891871303319931, 0.16978171467781067, -0.1114547997713089, -4.456676947484084e-07, -1.884481264369242e-07, 1.5099890232086182, -7.00889722793363e-06, -0.001288941944949329, -0.29841527342796326, -0.003599349409341812, 3.8229563236236572, 1.940033197402954, 0.10688450932502747, 0.07128123939037323, -0.0001483354571973905, -0.00681927427649498, 0.02986934222280979, 0.029454655945301056, 0.002142569050192833, 0.001131436787545681, 0.12694278359413147, 0.056261252611875534, 0.052645131945610046, 0.026613686233758926, 0.1829186975955963, -0.0045430418103933334, -0.003645812626928091, -0.006837642751634121, 0.004501682706177235, -0.14065268635749817, 0.11073016375303268, 0.03831073269248009, 0.08628550916910172, 0.02650003880262375, 0.057322628796100616, -0.34519386291503906, 0.5088852643966675, 0.6337406635284424, -0.4911841154098511, 0.4497924745082855, 0.39344322681427, -0.08638213574886322, -0.149783656001091, -0.24412432312965393, 0.8384069800376892, 0.08717598766088486, -0.35664087533950806, 0.0, -0.38999998569488525, 0.47999998927116394, 0.012645297683775425, 0.2464054822921753, 0.9690790772438049, 0.0032153106294572353, 0.5838900208473206, 0.509931206703186, -0.5421996712684631, 0.3241329789161682, 0.028095073997974396, -0.432373046875, 0.4564935564994812, 0.02978980727493763, 0.49692603945732117, 0.8630179762840271, -0.08588896691799164, -0.2795008718967438, 0.0914449691772461, -0.4899630546569824, 0.9316459894180298, 1.230401635169983, -1.0170176029205322, 0.05269966274499893, -0.3942696750164032, 0.5059601664543152, -0.015544229187071323, 0.6545299291610718, 0.7487112283706665, -0.10382899641990662, -0.1462969332933426, -0.13496647775173187, -0.37692832946777344, 3.016479969024658, 1.5087759494781494, -1.4355106353759766, 0.0876648798584938, -0.41515427827835083, 0.4864996075630188, 0.09151254594326019, -0.4125545620918274, 0.8811099529266357, -0.21229521930217743, -0.2365785390138626, -0.1322854608297348, -0.564439594745636, 1.2970622777938843, 0.4799616038799286, -1.3952181339263916, 0.07325313985347748, -0.3425188362598419, 0.5097049474716187, -0.1827346384525299, 0.9641879796981812, 0.19208411872386932, 0.007299838587641716, -0.09203123301267624, -0.1348591446876526, -0.2350841611623764, 3.7057878971099854, 1.6329704523086548, -2.306018114089966, -0.018909096717834473, -0.3605572283267975, 0.5447776317596436, 0.04488816857337952, -0.22364754974842072, 0.9608234763145447, 0.1574326455593109, 0.5918252468109131, -0.4577750563621521, -0.24327988922595978, 6.58123779296875, 9.504544258117676, 1.4060959815979004, 0.7905933260917664, 0.5083448886871338, 0.09404134750366211, 0.0008058981038630009, -0.003846703562885523, -0.0036830189637839794, 0.6083280444145203, 0.31051892042160034, 0.06977872550487518, 0.005789220333099365, -0.007109012920409441, -0.0010351897217333317, 1.0244674682617188, -0.7116919159889221, 0.43478769063949585, 0.015938304364681244, 0.004850651137530804, -0.00612117862328887, 0.4530183970928192, -0.03958096727728844, -0.3738677203655243, 0.003907967824488878, -0.0015288800932466984, 0.002746651880443096, 1.2778823375701904, -0.27072030305862427, 0.13873271644115448, 0.001999539788812399, 0.006053921766579151, -0.002783003728836775, -0.027232881635427475, -1.0, 1.0, -1.0, 1.0, 1.0, 0.6599721312522888, 0.5535929799079895, 1.0, 0.09858386218547821, -0.500389575958252, 0.3529027998447418, -0.008506640791893005, 1.0, 1.0, 0.1836174726486206, 1.0, 1.0, -1.0, 1.0]
[-0.7199999094009399, -0.6222822666168213, 0.9784284830093384, -0.9883042573928833, 0.892293393611908, 0.9681751132011414, 0.8177631497383118, 0.559091329574585, 0.3926381468772888, 0.39536818861961365, -0.08878304064273834, 0.14016926288604736, -0.8570263385772705, -0.7885295748710632, -0.6659078001976013, 0.1562781184911728, 0.9579808115959167, 1.0000224113464355, 1.0000044107437134, -0.36847230792045593, 1.0000017881393433, 1.0000030994415283, -0.8018628358840942, 0.9993166327476501, 0.4965771734714508, -0.5956942439079285, -0.01253755297511816, -0.034937795251607895, 0.19623063504695892, 0.24525931477546692, 0.10129796713590622, -0.06715738773345947, 0.1093277558684349, 0.11343920230865479, 0.09240962564945221, -0.5207390785217285, 1.0503181219100952, 0.2956241965293884, 0.028442258015275, 0.1771659255027771, -0.007311213295906782, 6.545146788994316e-07, 4.6995191382848134e-07, 1.579591155052185, -6.087486781325424e-06, -6.952847115826444e-07, -0.25364869832992554, -0.004632683005183935, 4.278603553771973, 1.6825222969055176, 0.11869267374277115, 0.05389731377363205, -0.0012197414180263877, -0.005527913570404053, 0.0344017930328846, 0.008716030046343803, -0.005497197154909372, 0.0013679717667400837, 0.13926124572753906, -0.002432512119412422, 0.019335705786943436, 0.013350899331271648, 0.20349296927452087, -0.0020196745172142982, 0.04124872386455536, 0.006681918632239103, 0.00816542748361826, -0.18455329537391663, 0.07719980180263519, 0.02178281918168068, 0.10407754778862, 0.03202688321471214, 0.0548914298415184, -0.3479982018470764, 0.5048201680183411, 0.6369819641113281, -0.5164690017700195, 0.4219549298286438, 0.38661035895347595, -0.19175586104393005, -0.180744007229805, -0.22132593393325806, 0.6887500286102295, 0.2419823259115219, -0.5523101687431335, 0.0, -0.38999998569488525, 0.47999998927116394, 0.012645297683775425, 0.2464054822921753, 0.9690790772438049, 0.0032153106294572353, 0.601630687713623, 0.5150266289710999, -0.5367860794067383, 0.29094478487968445, 0.021278729662299156, -0.43097275495529175, 0.4490468204021454, 0.043746720999479294, 0.4896571636199951, 0.8672671318054199, -0.07854727655649185, -0.4473719000816345, 0.07411358505487442, -0.3905869126319885, 0.7541764378547668, 0.9444414377212524, -2.1142640113830566, 0.04819772392511368, -0.3966342508792877, 0.4995625615119934, 0.0030030941125005484, 0.6396583914756775, 0.7625288963317871, -0.09683824330568314, -0.29302579164505005, -0.1519017219543457, -0.3231555223464966, 1.8890982866287231, 1.2534159421920776, -2.837782382965088, 0.081987164914608, -0.41793468594551086, 0.4778081178665161, 0.0833757221698761, -0.4133093059062958, 0.8853938579559326, -0.1957080066204071, -0.46063992381095886, -0.19661566615104675, -0.4744969308376312, -1.083449363708496, -0.3846668601036072, -2.9588325023651123, 0.07093669474124908, -0.3460194170475006, 0.5056818127632141, -0.1563194990158081, 0.9628528952598572, 0.2201462686061859, 0.0037389311473816633, -0.1888354867696762, -0.17586581408977509, -0.2045154720544815, 2.70088529586792, 1.3885469436645508, -3.344722032546997, -0.012697586789727211, -0.3662232756614685, 0.5408778190612793, 0.13018716871738434, -0.2622542083263397, 0.9420206546783447, 0.1639242023229599, 0.4264681339263916, -0.39636868238449097, -0.36267203092575073, 6.419792175292969, 8.967411041259766, 0.6637970805168152, 0.8671557307243347, 0.3999260663986206, 0.03612793609499931, 0.00047097765491344035, -0.00443193968385458, -0.0038194621447473764, 0.6684771180152893, 0.23906417191028595, -0.054663971066474915, 0.004953933414071798, -0.008077261969447136, -0.0010188863379880786, 1.1438839435577393, -0.26835817098617554, 0.33715927600860596, 0.009325527586042881, 0.00530571723356843, -0.006621439941227436, 0.5328432321548462, 0.12527677416801453, -0.24526044726371765, 0.010044579394161701, -0.0033201645128428936, 0.003971009980887175, 1.5393216609954834, -0.02945583686232567, -0.05098548159003258, 0.00032764128991402686, 0.007397736422717571, -0.0032310744281858206, 0.45593154430389404, -1.0, 1.0, -1.0, 1.0, 1.0, 0.6959365010261536, 0.5891915559768677, 1.0, -0.15561513602733612, -0.13074806332588196, 0.09312452375888824, 0.0839942917227745, 1.0, 1.0, 0.3290589451789856, 1.0, 1.0, -1.0, 1.0]
[-0.55515456199646, -0.6972004175186157, 0.9753207564353943, -0.9914433360099792, 0.9110673069953918, 0.9917058944702148, 0.8359774947166443, 0.5635995864868164, 0.4034607708454132, 0.40967604517936707, -0.05804429203271866, 0.07006918638944626, -0.7099071741104126, -0.7475686073303223, -0.6810647249221802, 0.19378679990768433, 0.9583654999732971, 1.000022292137146, 1.0000044107437134, -0.2413775622844696, 1.0000005960464478, 1.000001311302185, -0.83879554271698, 0.9988058805465698, 0.7023986577987671, -0.4827365577220917, -0.008557033725082874, -0.025777636095881462, 0.16186685860157013, 0.20242805778980255, 0.08334453403949738, 0.07729937136173248, 0.11011897772550583, 0.1564033329486847, 0.16959083080291748, -0.7250058054924011, 1.5152195692062378, 0.4602298438549042, -0.09060520678758621, 0.15954118967056274, 0.059675317257642746, -1.0024359653471038e-06, 9.465946249065382e-08, 1.5533097982406616, 9.420413675798045e-07, 5.034247578805662e-07, -0.2146729677915573, -0.005169862415641546, 3.942732572555542, 1.4302825927734375, 0.10840337723493576, 0.040484409779310226, -0.0015236497856676579, -0.004440351389348507, 0.023247603327035904, 0.04828507453203201, 0.018839066848158836, 0.009904695674777031, 0.12322089076042175, -0.02539551816880703, 0.003249683417379856, 0.007127789780497551, 0.17264366149902344, 0.0021693981252610683, 0.03814057633280754, 0.007264399901032448, 0.0074715022929012775, -0.20921020209789276, 0.049196816980838776, 0.009712128899991512, 0.11401858925819397, 0.0357772521674633, 0.05079123377799988, -0.3512051999568939, 0.5014171004295349, 0.6391167044639587, -0.5371443033218384, 0.3856949508190155, 0.3927406668663025, -0.2875410318374634, -0.19261884689331055, -0.1691313534975052, 0.6180192828178406, 0.49540016055107117, -0.7268229722976685, 0.0, -0.38999998569488525, 0.47999998927116394, 0.012645297683775425, 0.2464054822921753, 0.9690790772438049, 0.0032153106294572353, 0.6126613020896912, 0.5159769654273987, -0.5436307787895203, 0.25075826048851013, 0.011559655889868736, -0.4296899437904358, 0.44312506914138794, 0.06044909730553627, 0.48308151960372925, 0.8712716698646545, -0.06215846911072731, -0.6014173030853271, 0.07430728524923325, -0.3102688789367676, 0.6095609068870544, 0.7186431884765625, -3.1935906410217285, 0.04093174636363983, -0.3988391160964966, 0.49451446533203125, 0.02575145848095417, 0.6318846344947815, 0.7703500986099243, -0.08135911077260971, -0.44499439001083374, -0.11929921805858612, -0.2615581154823303, 0.5053895115852356, 0.8336681127548218, -3.634714365005493, 0.07288046181201935, -0.42156916856765747, 0.47026148438453674, 0.06834534555673599, -0.3938026428222656, 0.9009189009666443, -0.16909575462341309, -0.6840239763259888, -0.20709000527858734, -0.38164961338043213, -3.706325054168701, -1.0514929294586182, -4.317759037017822, 0.06693581491708755, -0.35006511211395264, 0.5020935535430908, -0.12360250949859619, 0.9623264670372009, 0.24217675626277924, 0.0008169020875357091, -0.2781757116317749, -0.21294157207012177, -0.18518999218940735, 2.0757761001586914, 1.4804418087005615, -4.06400728225708, -0.00931569654494524, -0.3710143566131592, 0.5356184244155884, 0.20609314739704132, -0.299473375082016, 0.915181577205658, 0.1740228533744812, 0.20660215616226196, -0.3341308832168579, -0.4508591294288635, 6.281093120574951, 8.023022651672363, -0.2533167600631714, 0.787456750869751, 0.30899497866630554, 0.0062332069501280785, 0.00019457281450740993, -0.004166056867688894, -0.0034497943706810474, 0.6431817412376404, 0.1126057356595993, 0.23582452535629272, 0.011593782342970371, -0.005638552363961935, -0.0014647196512669325, 1.0213104486465454, -0.06259416043758392, 0.2501485347747803, 0.006188877858221531, 0.004375705029815435, -0.005620114970952272, 0.4633203148841858, 0.10630960762500763, -0.18907533586025238, 0.009066145867109299, -0.002996820257976651, 0.004437488503754139, 1.677626132965088, 0.12409776449203491, -0.22601239383220673, -0.0006760752876289189, 0.008935238234698772, -0.0026442091912031174, 0.9000633955001831, -1.0, 1.0, -1.0, 1.0, 0.7525708675384521, 0.9098678231239319, 0.5708000063896179, 1.0, -0.442130446434021, 0.25100597739219666, -0.2751483619213104, 0.1392703354358673, 1.0, 1.0, 0.4282571077346802, 1.0, 1.0, -1.0, 1.0]
[-0.3533969223499298, -0.7573664784431458, 0.9749881029129028, -0.9937236905097961, 0.9199597835540771, 1.0000004768371582, 0.8341715931892395, 0.5765841007232666, 0.41422587633132935, 0.42721810936927795, -0.010649291798472404, -0.01750350557267666, -0.534788966178894, -0.691303551197052, -0.733341634273529, 0.24485298991203308, 0.9641611576080322, 1.0000221729278564, 1.0000044107437134, -0.12881872057914734, 0.999997079372406, 0.999998152256012, -0.8703116178512573, 0.9981757998466492, 0.7916027903556824, -0.38988667726516724, 0.005003989674150944, -0.018547117710113525, 0.041570816189050674, 1.5693018440288142e-06, -0.047583047300577164, 0.0827719196677208, 0.08456184715032578, 0.14971093833446503, 0.23494605720043182, -0.7933028340339661, 1.6940128803253174, 0.6749435663223267, -0.3205331265926361, 0.2431444674730301, 0.04643623158335686, 4.878061758972763e-07, -5.894708579035068e-07, 1.2886649370193481, -5.346141551854089e-05, -1.206630258820951e-05, -0.18091771006584167, -0.005466293077915907, 1.3999654054641724, 1.1237821578979492, 0.0390743650496006, 0.036857929080724716, -0.004794460255652666, -0.004504416137933731, -0.005725403781980276, 0.010846643708646297, -0.005282364785671234, -0.0037625699769705534, 0.052821576595306396, 0.04916764050722122, 0.01930745132267475, 0.018380586057901382, 0.031603287905454636, 0.010683267377316952, -0.0004330447409301996, -0.0017592498334124684, 0.001385758980177343, -0.20719239115715027, 0.05240602791309357, 0.014057282358407974, 0.11446985602378845, 0.03784821555018425, 0.046006374061107635, -0.35469502210617065, 0.498836487531662, 0.6533132195472717, -0.5409463047981262, 0.33057090640068054, 0.41386187076568604, -0.2873400151729584, -0.201620951294899, -0.1262136697769165, 0.4544833302497864, 1.8179419040679932, -0.387286514043808, 0.0, -0.38999998569488525, 0.47999998927116394, 0.012645297683775425, 0.2464054822921753, 0.9690790772438049, 0.0032153106294572353, 0.6025413870811462, 0.5252148509025574, -0.5678223967552185, 0.1966492086648941, 3.3902586437761784e-05, -0.4282381236553192, 0.4384019672870636, 0.07925630360841751, 0.47086402773857117, 0.8777859210968018, -0.0386960543692112, -0.6576715707778931, 0.0800870731472969, -0.23627561330795288, 1.7555830478668213, 0.5627209544181824, -3.958392858505249, 0.03182516619563103, -0.4004824161529541, 0.49067434668540955, 0.04739996790885925, 0.6297319531440735, 0.7729045748710632, -0.061720892786979675, -0.5197455883026123, -0.09623409062623978, -0.20731128752231598, 0.3441488742828369, 0.3788032829761505, -3.5118699073791504, 0.061312127858400345, -0.42517417669296265, 0.4635084569454193, 0.051480863243341446, -0.3603525459766388, 0.9216495156288147, -0.13437996804714203, -0.8005509972572327, -0.1368967741727829, -0.30355191230773926, -5.848686218261719, -1.1526200771331787, -4.982133865356445, 0.06217342987656593, -0.3541937470436096, 0.49867233633995056, -0.08504825085401535, 0.9615546464920044, 0.26105061173439026, -0.0056571923196315765, -0.28993189334869385, -0.21448297798633575, -0.18568526208400726, 2.137009620666504, 2.4209306240081787, -4.343420028686523, -0.009168844670057297, -0.3746635615825653, 0.5297685861587524, 0.2660098671913147, -0.3347782492637634, 0.8844906091690063, 0.1866510808467865, -0.024095483124256134, -0.24752964079380035, -0.45840567350387573, 5.6458821296691895, 6.192104816436768, -1.0871809720993042, 0.2814136743545532, 0.276349812746048, -0.011390779167413712, -0.0003591688582673669, -0.0016482577193528414, -0.0015953099355101585, 0.28369542956352234, 0.22439894080162048, -0.024948492646217346, -0.000396585906855762, 0.000725993886590004, -0.0017144777812063694, 0.41401222348213196, -0.3927827477455139, 0.2821437120437622, 0.01248884480446577, 0.0017008051509037614, -0.003515869379043579, 0.03425704687833786, -0.02985629066824913, -0.09297946095466614, 0.0009379147086292505, 0.0016314296517521143, 0.0027024587616324425, 1.641093373298645, -0.03479142114520073, -0.24887290596961975, 0.0003673743340186775, 0.011590726673603058, 0.00016103938105516136, 1.0, -1.0, 1.0, -1.0, 0.9207616448402405, 0.4380682706832886, 1.0, 0.527917206287384, 1.0, -0.6968396306037903, 0.4200862944126129, -0.7559136152267456, 0.3629005551338196, 1.0, 1.0, 0.3892285227775574, 1.0, 1.0, -1.0, 1.0]
[-0.1428382694721222, -0.8061074018478394, 0.9778136014938354, -0.9950811266899109, 0.8901529312133789, 0.9973059296607971, 0.7982662916183472, 0.5921093821525574, 0.4021383225917816, 0.43390777707099915, 0.04614774137735367, -0.10589776188135147, -0.3597632348537445, -0.5590513348579407, -0.818015992641449, 0.32605189085006714, 0.9687426090240479, 1.000022292137146, 1.0000044107437134, -0.038559023290872574, 0.9999884963035583, 0.9999940991401672, -0.8962094783782959, 0.9976767301559448, 0.7842642068862915, -0.3145540654659271, 0.01615501008927822, -0.011511583812534809, -0.44247809052467346, -0.08601873368024826, -0.16695590317249298, 0.1355399340391159, -0.22075624763965607, -0.020566605031490326, 0.193537637591362, -0.7804155349731445, 1.59115469455719, 1.6924160718917847, -0.4364345073699951, 0.385271817445755, 0.02761778049170971, -4.280063023998082e-07, -1.5547946929928003e-07, 1.0099272727966309, -0.0006804378936067224, -3.834396557067521e-05, -0.1458040326833725, -0.00340789626352489, -0.5792831182479858, 0.940471351146698, -0.016714654862880707, 0.039462506771087646, -0.022401142865419388, -0.01853475719690323, -0.007224679924547672, 0.04883189499378204, -0.007527749519795179, -0.01214735396206379, -0.04306109622120857, 0.04532775282859802, -0.005444380454719067, 0.029888935387134552, 0.009329093620181084, 0.012856842018663883, 0.010053473524749279, -0.002977915108203888, -0.00024285534163936973, -0.1371452361345291, 0.06592760235071182, 0.023894045501947403, 0.08205593377351761, 0.02834945172071457, 0.04153649881482124, -0.357871413230896, 0.49664273858070374, 0.6736449003219604, -0.5294879078865051, 0.26477834582328796, 0.44242236018180847, -0.25157296657562256, -0.16940967738628387, -0.11626695841550827, 0.5249679088592529, 1.4442858695983887, -0.592243492603302, 0.0, -0.38999998569488525, 0.47999998927116394, 0.012645297683775425, 0.2464054822921753, 0.9690790772438049, 0.0032153106294572353, 0.5749298930168152, 0.5387491583824158, -0.6005762815475464, 0.1360633671283722, -0.011851070448756218, -0.4268142580986023, 0.43424269556999207, 0.09799675643444061, 0.4437040686607361, 0.8907328248023987, -0.010875403881072998, -0.6458775997161865, 0.041967395693063736, -0.18905583024024963, 4.178378582000732, 0.2322443276643753, -4.48184871673584, 0.022221624851226807, -0.40183383226394653, 0.48780179023742676, 0.06408587098121643, 0.6197150349617004, 0.7811115384101868, -0.04136361926794052, -0.5241434574127197, -0.08347547054290771, -0.12035436928272247, 2.161729335784912, -0.1021980345249176, -3.304482936859131, 0.04886548966169357, -0.4277820885181427, 0.45763951539993286, 0.034694671630859375, -0.2945029139518738, 0.9500945210456848, -0.09687430411577225, -0.7953210473060608, 0.012240767478942871, -0.22278136014938354, -10.820371627807617, -1.7653709650039673, -4.623480319976807, 0.05758776515722275, -0.35809600353240967, 0.495289146900177, -0.042226336896419525, 0.9588923454284668, 0.28008297085762024, -0.017203571274876595, -0.2681162357330322, -0.19156578183174133, -0.17962029576301575, 2.1824066638946533, 3.0498290061950684, -4.581477165222168, -0.011495287530124187, -0.3771102726459503, 0.5241672992706299, 0.30851221084594727, -0.3670598864555359, 0.8544995188713074, 0.19979454576969147, -0.1701156198978424, -0.16591595113277435, -0.41144588589668274, 4.82273530960083, 4.4907121658325195, -1.570816993713379, -0.11263611912727356, 0.4441108703613281, -0.14040566980838776, -0.0118730952963233, 0.0005068559548817575, -0.00011704283679137006, -0.06747471541166306, 0.40069711208343506, 0.09925396740436554, -0.006136897951364517, 0.001579119125381112, -0.0006070522940717638, -0.29518601298332214, -0.38094693422317505, 0.20028406381607056, 0.024174733087420464, -0.0008799723000265658, 0.003629807848483324, -0.17176418006420135, 0.05432741716504097, -0.07165612280368805, 0.000572055927477777, 0.001258018659427762, 0.0012699248036369681, 1.1578648090362549, -0.26497361063957214, -0.08682043105363846, 0.0017581293359398842, 0.009823616594076157, 0.0014463034458458424, 1.0, -1.0, 1.0, -1.0, 0.5423679351806641, 0.1850777566432953, 1.0, 0.2745053172111511, 1.0, -0.7394137382507324, 0.48607292771339417, -1.0, 0.6897196173667908, 1.0, 1.0, 0.35971564054489136, 1.0, 1.0, -1.0, 1.0]
[0.05402383953332901, -0.8457880020141602, 0.9828227758407593, -0.9956890940666199, 0.7955830097198486, 0.9764821529388428, 0.7397707104682922, 0.6142171621322632, 0.3428242802619934, 0.42236262559890747, 0.08096304535865784, -0.18777482211589813, -0.2094564139842987, -0.3669857382774353, -0.9047937989234924, 0.44001105427742004, 0.969368577003479, 1.000022292137146, 1.0000044107437134, 0.02548494189977646, 0.9994326233863831, 0.9994458556175232, -0.9172338843345642, 0.9973376989364624, 0.7011238932609558, -0.25605103373527527, 0.023051103577017784, -0.0065923891961574554, -1.0993648767471313, -0.29508426785469055, -0.25802478194236755, 0.24031983315944672, -0.703348696231842, -0.1838650107383728, 0.09368967264890671, -0.6941121220588684, 1.3008347749710083, 1.762734293937683, -0.38265690207481384, 0.5020124912261963, -0.04957083985209465, -3.0782227895542746e-06, -2.4501730422343826e-08, 0.6636708974838257, -0.008920724503695965, -0.0034495361614972353, -0.11759274452924728, -0.001926957629621029, -2.120124101638794, 0.7649813890457153, -0.0614900179207325, 0.04517237842082977, -0.026888977736234665, -0.02249182015657425, -0.012109939008951187, 0.07646985352039337, -0.003111820202320814, -0.011419020593166351, -0.0791252851486206, 0.0726853683590889, -0.004751582629978657, -0.011312782764434814, 0.02895890176296234, 0.0033891804050654173, 0.010091323405504227, -0.009102280251681805, -0.0020732120610773563, -0.10427317023277283, 0.08096615970134735, 0.03266047313809395, 0.06615366786718369, 0.023648569360375404, 0.03775278106331825, -0.36069169640541077, 0.49495258927345276, 0.6935033798217773, -0.5146114826202393, 0.19807370007038116, 0.46367529034614563, -0.21506276726722717, -0.1566551774740219, -0.0802420824766159, 0.6624816656112671, 1.3346951007843018, -0.4583891034126282, 0.0, -0.38999998569488525, 0.47999998927116394, 0.012645297683775425, 0.2464054822921753, 0.9690790772438049, 0.0032153106294572353, 0.5438721776008606, 0.5536481142044067, -0.6260915994644165, 0.07540642470121384, -0.023101840168237686, -0.42578932642936707, 0.4300125539302826, 0.11346009373664856, 0.38887032866477966, 0.9140557646751404, 0.020214568823575974, -0.5954998135566711, -0.03711283579468727, -0.16740408539772034, 8.081929206848145, -0.5817630290985107, -4.938960552215576, 0.013168025761842728, -0.403083473443985, 0.48588109016418457, 0.07523518055677414, 0.5930997133255005, 0.8013300895690918, -0.02103610336780548, -0.4766933023929596, -0.0860624611377716, -0.026850245893001556, 4.577664375305176, -0.7032824158668518, -2.9203009605407715, 0.0373871810734272, -0.429164320230484, 0.45245859026908875, 0.021872427314519882, -0.20788487792015076, 0.9758164286613464, -0.06393440067768097, -0.6793661713600159, 0.09983494877815247, -0.21539725363254547, -10.527042388916016, -1.0749355554580688, -3.691863775253296, 0.05346508324146271, -0.3615647554397583, 0.4921756684780121, 0.0030452916398644447, 0.9539703726768494, 0.29836270213127136, -0.030178841203451157, -0.2325773388147354, -0.17040519416332245, -0.15499234199523926, 2.2530388832092285, 3.0319507122039795, -4.707106590270996, -0.0153093496337533, -0.37844279408454895, 0.5194612145423889, 0.33471766114234924, -0.39498838782310486, 0.8287695050239563, 0.2123422622680664, -0.25755244493484497, -0.09139423817396164, -0.32124945521354675, 3.7202236652374268, 2.7775800228118896, -1.8801732063293457, -0.41820448637008667, 0.4808500111103058, -0.16202068328857422, -0.015279071405529976, 0.0020564065780490637, 0.0012633230071514845, -0.3216596245765686, 0.4146910309791565, 0.2251792699098587, -0.005198654718697071, 0.0034494809806346893, 4.2506755562499166e-05, -0.615347683429718, 0.12186884135007858, 0.21734431385993958, -0.009484749287366867, -0.0011091354535892606, 0.00492048729211092, -0.22301696240901947, 0.10811416804790497, -0.15780514478683472, -0.00045149962534196675, -0.0007751848897896707, -0.0017005747649818659, 0.9075946807861328, -0.4665716290473938, 0.05760224908590317, 0.0029270462691783905, 0.009127055294811726, 0.0023759484756737947, 0.9358602166175842, -1.0, 1.0, -1.0, 0.02981220930814743, -0.09846349060535431, 1.0, -0.1453188955783844, 1.0, -0.7660360932350159, 0.4374915063381195, -1.0, 1.0, 1.0, 1.0, 0.2630385458469391, 1.0, 1.0, -1.0, 1.0]
[0.19311785697937012, -0.8688591122627258, 0.9918360710144043, -0.9969155192375183, 0.6326051354408264, 0.9328593015670776, 0.6598458886146545, 0.6435408592224121, 0.23116867244243622, 0.3935135006904602, 0.10096859931945801, -0.25298011302948, -0.07584837079048157, -0.19775068759918213, -0.9737041592597961, 0.5599710941314697, 0.9691070914268494, 1.000022053718567, 1.0000044107437134, 0.051957398653030396, 0.9955031871795654, 0.9946861267089844, -0.9346387982368469, 0.9970300197601318, 0.39149239659309387, -0.09654208272695541, 0.04108266904950142, -0.016915395855903625, -1.717523217201233, -0.5090674757957458, -0.35222890973091125, 0.28201791644096375, -1.2025235891342163, -0.3487832248210907, 0.0436960868537426, -0.549308180809021, 1.1992558240890503, 1.4647289514541626, -0.2842552661895752, 0.49635711312294006, 0.032082702964544296, -2.310429181306972e-06, -2.3488367162372015e-07, 0.1381133645772934, -0.0360570065677166, -0.015296079218387604, -0.09617442637681961, -0.0014747135573998094, -6.5243425369262695, 1.7825019359588623, -0.18467208743095398, 0.12884633243083954, -0.00937015749514103, -0.022784747183322906, -0.029454760253429413, 0.10664205998182297, -0.009237275458872318, -0.015822377055883408, -0.19410014152526855, 0.1364894062280655, 0.02376844733953476, -0.006464813835918903, -0.002147126942873001, -0.002584091853350401, 0.09983180463314056, 0.002531349891796708, -0.001488013076595962, -0.07696624845266342, 0.21628320217132568, 0.09621629118919373, 0.05932171270251274, 0.0226959977298975, 0.03552260994911194, -0.3625597357749939, 0.4942631125450134, 0.7117459774017334, -0.49668797850608826, 0.1422235518693924, 0.4759107232093811, -0.07068955898284912, -0.07235144823789597, -0.02394142746925354, 0.4926201403141022, 1.1145724058151245, -0.1497608870267868, 0.0, -0.38999998569488525, 0.47999998927116394, 0.012645297683775425, 0.2464054822921753, 0.9690790772438049, 0.0032153106294572353, 0.5126450061798096, 0.5690757036209106, -0.6423966288566589, 0.02596975676715374, -0.03158421069383621, -0.4258412718772888, 0.42593759298324585, 0.12056473642587662, 0.304152250289917, 0.9436444640159607, 0.04990622401237488, -0.3856993615627289, -0.1810421347618103, -0.12311903387308121, 11.30414867401123, -1.7198864221572876, -4.337405204772949, 0.006674489472061396, -0.4044117033481598, 0.4853273034095764, 0.07596076279878616, 0.5503184795379639, 0.8314722776412964, -0.005760132800787687, -0.2846180498600006, -0.12375637888908386, 0.10133542120456696, 6.865849018096924, -1.459343671798706, -1.378996729850769, 0.029316693544387817, -0.4292947053909302, 0.44926321506500244, 0.015407117083668709, -0.12303429841995239, 0.9914380311965942, -0.040937066078186035, -0.37249794602394104, 0.1690082997083664, -0.09297432005405426, -10.072729110717773, -0.6648643016815186, -1.913414478302002, 0.050832852721214294, -0.36390015482902527, 0.4899838864803314, 0.04070289060473442, 0.9487425088882446, 0.3105788826942444, -0.04208981990814209, -0.10032787919044495, -0.07961931079626083, -0.08904149383306503, 0.8868396878242493, 2.506887674331665, -3.2890536785125732, -0.019216889515519142, -0.37874630093574524, 0.5168646574020386, 0.34307602047920227, -0.4134417474269867, 0.8135384321212769, 0.2225307822227478, -0.22311381995677948, -0.013478140346705914, -0.11369476467370987, 1.4500346183776855, 0.6315433979034424, -1.532209038734436, -1.266884207725525, 0.8474820852279663, 0.18132971227169037, -0.010072514414787292, 0.0056413160637021065, 0.004704674240201712, -1.0013761520385742, 0.7116654515266418, 0.310558944940567, -0.005147396121174097, 0.008809933438897133, 0.0014527015155181289, -1.5637351274490356, -0.02619275078177452, 0.6151750087738037, -0.006857705302536488, -0.0019894642755389214, 0.009765399619936943, -0.6973942518234253, 0.6189835667610168, -0.05001041293144226, 0.007796740159392357, 0.0020467471331357956, -0.007619017735123634, 0.7569155097007751, -1.4808275699615479, 0.5845545530319214, 0.008965712040662766, 0.01058534812182188, 0.004147883504629135, 0.17847788333892822, -0.8211220502853394, 1.0, -1.0, -0.48956120014190674, -0.34617599844932556, 1.0, -0.567204475402832, 1.0, -0.5777897834777832, 0.6163265705108643, -1.0, 1.0, 1.0, 1.0, 0.032865867018699646, 1.0, 1.0, -1.0, 1.0]
[0.2270222008228302, -0.8233627080917358, 1.000000238418579, -1.000006079673767, 0.4091298580169678, 0.8627992868423462, 0.5696125030517578, 0.675896406173706, 0.0677165687084198, 0.34717077016830444, 0.11143263429403305, -0.3033740520477295, 0.03919420763850212, -0.055450987070798874, -0.9999963045120239, 0.6705097556114197, 0.9710816740989685, 1.000022053718567, 1.0000044107437134, 0.03418104350566864, 0.9847517609596252, 0.9811932444572449, -0.9430043697357178, 0.9963100552558899, -0.05907219648361206, 0.6159400939941406, 5.451765900943428e-07, -0.00016361329471692443, -2.247502088546753, -0.9899682998657227, -0.36528801918029785, 0.3029404580593109, -1.6700941324234009, -0.5111424326896667, -0.0025835693813860416, -0.4040299355983734, 0.9935311675071716, 1.2356568574905396, -1.4885970813338645e-05, 0.43366989493370056, 0.02631964720785618, -5.302514978211548e-07, -5.290689841785934e-08, -0.4217560291290283, -0.08719634264707565, -0.037888117134571075, -0.01911068521440029, -0.0062593319453299046, -8.994989395141602, 9.151701927185059, -0.2845078408718109, 0.5556864142417908, 0.06833665817975998, -0.049363404512405396, -0.031936388462781906, 0.2904559075832367, 0.0005505495937541127, -0.020636292174458504, -0.2590806484222412, 0.5526585578918457, 0.11202282458543777, 0.009596120566129684, 0.3755759000778198, -0.012378038838505745, 0.1854252815246582, -0.020945267751812935, 0.003603394143283367, -0.3035393953323364, 0.5568066835403442, 0.25203222036361694, 0.18460136651992798, 0.061623767018318176, 0.03611385449767113, -0.3630284070968628, 0.49703508615493774, 0.7259314656257629, -0.4682384729385376, 0.11154168099164963, 0.4912581443786621, 0.13246960937976837, 0.007595407776534557, 0.30090588331222534, -0.11985822767019272, 0.7908704876899719, 0.2852328419685364, 0.0, -0.38999998569488525, 0.47999998927116394, 0.012645297683775425, 0.2464054822921753, 0.9690790772438049, 0.0032153106294572353, 0.47736653685569763, 0.5795203447341919, -0.6605038642883301, 0.0034753773361444473, -0.034538038074970245, -0.4295249879360199, 0.42591848969459534, 0.11369007080793381, 0.20473966002464294, 0.9695540070533752, 0.07156305015087128, -0.03413477540016174, -0.5192769765853882, 0.2583982050418854, 12.520598411560059, -3.360471248626709, -2.861964225769043, 0.004989456385374069, -0.40636956691741943, 0.4894126057624817, 0.0634247362613678, 0.5023924708366394, 0.8623096346855164, -0.0010078378254547715, 0.012594439089298248, -0.1783604770898819, 0.4916413128376007, 6.348804473876953, -1.9665522575378418, 0.7403046488761902, 0.027332821860909462, -0.4297483563423157, 0.4522542357444763, 0.011887308210134506, -0.02868414856493473, 0.9989017844200134, -0.035084545612335205, 0.047872740775346756, 0.1263398379087448, 0.41034749150276184, -12.166483879089355, -0.9181438684463501, 0.5081256031990051, 0.05098901689052582, -0.3644125759601593, 0.4916127622127533, 0.06308865547180176, 0.9510527849197388, 0.2986335754394531, -0.04833492264151573, 0.08522756397724152, -0.021117165684700012, 0.2088806927204132, -3.313688278198242, 0.9208216071128845, -1.4753931760787964, -0.021711956709623337, -0.3776398301124573, 0.5195087194442749, 0.3289475739002228, -0.4070708751678467, 0.8199398517608643, 0.23191680014133453, -0.11419868469238281, 0.1313999444246292, 0.3873600363731384, -3.866398334503174, -1.9143965244293213, -0.7620989084243774, -1.7544832229614258, 3.0156712532043457, 2.054882764816284, -0.004128332249820232, 0.011887500062584877, 0.00428767828270793, -1.2314554452896118, 2.2314987182617188, 1.2045549154281616, 0.012836188077926636, 0.008988701738417149, 0.0004180780379101634, -2.04152512550354, 0.10459361970424652, 3.2119340896606445, 0.011165025644004345, 0.00016126595437526703, 0.013164439238607883, -0.8699525594711304, 1.2830970287322998, -1.091322422027588, 0.02284984663128853, 0.0019584461115300655, -0.011412190273404121, 2.5137171745300293, -3.734851360321045, 1.262044906616211, 0.022241972386837006, 0.021404286846518517, 0.0006987954839132726, -0.7225945591926575, 0.33453768491744995, 1.0, -1.0, -1.0, -0.4184425473213196, 1.0, -1.0, 1.0, -0.4395197629928589, 0.6317939758300781, -1.0, 1.0, 1.0, 1.0, -0.26091066002845764, 1.0, 1.0, -0.9037429690361023, 1.0]
[0.16291573643684387, -0.6788886189460754, 1.0, -1.0000228881835938, 0.17671377956867218, 0.6727414131164551, 0.5001208186149597, 0.7113643288612366, -0.10564818978309631, 0.27681148052215576, 0.0636586993932724, -0.3196174204349518, 0.09285455197095871, 0.04602017253637314, -0.999994158744812, 0.7694700956344604, 0.9767664074897766, 1.0000216960906982, 1.0000044107437134, -0.025178151205182076, 0.9724798202514648, 0.9654870629310608, -0.8991103172302246, 0.9950664639472961, -0.36902809143066406, 1.3200318813323975, -3.2885654377423634e-07, -7.154067134251818e-05, -2.0924832820892334, -2.3499932289123535, -0.2524894177913666, 0.3178454339504242, -1.5641738176345825, -1.008734941482544, -0.2626556158065796, 0.007125234697014093, 0.24321579933166504, 0.6283174753189087, -7.279279998329002e-06, 0.39063355326652527, 0.07171062380075455, 1.65097412718751e-06, 9.483774476848339e-08, -0.9157425761222839, -0.07753124088048935, -0.03433666750788689, 0.43297258019447327, -0.00964918453246355, -6.188255310058594, 8.995660781860352, -0.18125705420970917, 0.5323985815048218, 0.12642145156860352, -0.03849959000945091, -0.020060397684574127, 0.2582056522369385, 0.0431862398982048, -0.030522095039486885, -0.18105357885360718, 0.602647602558136, 0.09668659418821335, -0.019738318398594856, 0.4333888292312622, -0.018826812505722046, 0.1573960781097412, -0.02334560826420784, 0.0048118154518306255, -0.3247877359390259, 0.5128640532493591, 0.23227351903915405, 0.2345477044582367, 0.07907135784626007, 0.039664413779973984, -0.3616425395011902, 0.504773736000061, 0.7245018482208252, -0.43940269947052, 0.11688944697380066, 0.5180339813232422, 0.2538412809371948, 0.1961917281150818, 0.5302127003669739, -1.2474217414855957, 0.08646730333566666, 0.46345463395118713, 0.0, -0.38999998569488525, 0.47999998927116394, 0.012645297683775425, 0.2464054822921753, 0.9690790772438049, 0.0032153106294572353, 0.45039692521095276, 0.5715622305870056, -0.6857176423072815, 0.015831096097826958, -0.03148593381047249, -0.43730083107948303, 0.4338502883911133, 0.091192327439785, 0.08448219299316406, 0.9887003302574158, 0.08377470821142197, 0.25020739436149597, -0.7672523856163025, 0.745073676109314, 14.954174041748047, -4.841419219970703, -1.9334795475006104, 0.007939412258565426, -0.40764501690864563, 0.50028395652771, 0.04423564672470093, 0.46871137619018555, 0.8822171092033386, -0.0067589543759822845, 0.23345643281936646, -0.07553079724311829, 0.8790208101272583, 4.747406959533691, -1.7811540365219116, 1.960974097251892, 0.031829237937927246, -0.43124380707740784, 0.46441149711608887, 0.0018418042454868555, 0.0683387890458107, 0.996296763420105, -0.05214495584368706, 0.36575791239738464, 0.05998425930738449, 0.943371057510376, -10.845720291137695, -1.9003642797470093, 3.019556760787964, 0.05395575985312462, -0.36278870701789856, 0.49828076362609863, 0.07068191468715668, 0.9632282853126526, 0.254692941904068, -0.048236943781375885, 0.23689177632331848, 0.06487966328859329, 0.45993438363075256, -7.024516582489014, 0.21818740665912628, 0.18791279196739197, -0.023499511182308197, -0.37380093336105347, 0.52901291847229, 0.2804511487483978, -0.3636857569217682, 0.8536465167999268, 0.24569758772850037, -0.16078439354896545, 0.40533119440078735, 0.8791568279266357, -10.336878776550293, -5.51623010635376, -0.9978510737419128, -1.1092805862426758, 2.1997323036193848, 2.7959086894989014, -0.005503606051206589, 0.00712707731872797, 0.0018551816465333104, -0.8239063024520874, 2.0119643211364746, 1.6040890216827393, -0.00034263194538652897, 0.005503350403159857, 0.00017078639939427376, -1.3687764406204224, 0.9112610816955566, 3.3116302490234375, -0.006069403141736984, 0.001803490798920393, 0.008638258092105389, -0.4899516701698303, 1.0991647243499756, -1.1665931940078735, 0.02129928395152092, -0.0011615112889558077, -0.0092711066827178, 3.1870155334472656, -3.3717358112335205, 0.9446468353271484, 0.020719189196825027, 0.028079096227884293, -0.00018693476158659905, -1.0, 1.0, 1.0, -1.0, -1.0, -0.26932239532470703, 1.0, -1.0, 0.555769145488739, -0.05302141606807709, 0.23525813221931458, -1.0, 1.0, 1.0, 1.0, -0.5485314726829529, 1.0, 1.0, -0.34496939182281494, 1.0]
[0.04110299423336983, -0.4668489098548889, 0.9999998211860657, -1.0000298023223877, -0.028561513870954514, 0.410992294549942, 0.4550158679485321, 0.7351143956184387, -0.2598816454410553, 0.12310586124658585, 0.01064310036599636, -0.33526545763015747, 0.10526468604803085, 0.08137267082929611, -0.999998152256012, 0.8452690839767456, 0.9829516410827637, 1.0000221729278564, 1.0000044107437134, -0.12511970102787018, 0.9665130972862244, 0.9573138952255249, -0.8040708303451538, 0.9894001483917236, -0.5168588161468506, 1.6080602407455444, 1.0614521528395926e-07, 4.09012172895018e-05, -1.7848865985870361, -2.3942220211029053, -0.16547201573848724, 0.1494225710630417, -1.3466075658798218, -1.6793253421783447, -0.14068828523159027, -0.15297885239124298, 0.11742030829191208, 0.15311354398727417, -1.4932282283552922e-05, 0.25456517934799194, -0.003187500638887286, 7.971290187924751e-07, -1.0819770750458702e-06, -1.4233297109603882, -0.015245407819747925, -0.008038845844566822, 0.6770042181015015, -0.069846972823143, -2.6950106620788574, 2.439117908477783, -0.08874379098415375, 0.15334531664848328, 0.07311270385980606, 0.02465756982564926, -0.009799311868846416, 0.042374201118946075, 0.026359926909208298, -0.008082488551735878, -0.03506121039390564, 0.12220068275928497, 0.02841745689511299, -0.00857224315404892, 0.09707105159759521, -0.023627005517482758, 0.01597835123538971, -0.017416944727301598, -0.003297912422567606, -0.1257467269897461, 0.22425062954425812, 0.09422770142555237, 0.11334961652755737, 0.0388898029923439, 0.044234272092580795, -0.3571957051753998, 0.5150196552276611, 0.7124122977256775, -0.40501290559768677, 0.13814157247543335, 0.5561924576759338, 0.2787933945655823, 0.32880106568336487, 0.610424280166626, -1.4482496976852417, 0.10215543955564499, 0.5710317492485046, 0.0, -0.38999998569488525, 0.47999998927116394, 0.012645297683775425, 0.2464054822921753, 0.9690790772438049, 0.0032153106294572353, 0.42178580164909363, 0.5502859354019165, -0.7192140817642212, 0.044869743287563324, -0.024319447576999664, -0.44599178433418274, 0.4485868513584137, 0.06110440194606781, -0.0350566990673542, 0.9940000176429749, 0.08367277681827545, 0.4336337149143219, -0.668363630771637, 0.9868748188018799, 12.509574890136719, -4.683616638183594, -0.07107975333929062, 0.013424397446215153, -0.40690094232559204, 0.5155389904975891, 0.023680120706558228, 0.42524170875549316, 0.9045732021331787, -0.01886923238635063, 0.32022422552108765, 0.049596142023801804, 1.0368467569351196, 6.470401763916016, -1.4213677644729614, 2.4952402114868164, 0.039661433547735214, -0.4319574534893036, 0.48208144307136536, -0.01062637660652399, 0.14280256628990173, 0.9865946769714355, -0.07826542854309082, 0.4615672528743744, 0.14928428828716278, 1.100930094718933, -8.474319458007812, -1.6234008073806763, 3.2473278045654297, 0.05839688330888748, -0.35882142186164856, 0.5079849362373352, 0.06572633981704712, 0.9784722328186035, 0.19096048176288605, -0.04249795898795128, 0.278527170419693, 0.17283111810684204, 0.5679502487182617, -8.002509117126465, -0.8252602219581604, 1.3850399255752563, -0.026646211743354797, -0.3655671179294586, 0.5421172976493835, 0.19531594216823578, -0.2888486385345459, 0.9013550281524658, 0.25686025619506836, -0.35037821531295776, 0.7772214412689209, 0.9550050497055054, -13.83997917175293, -8.856599807739258, -0.6258231401443481, -0.5800912380218506, -0.154953733086586, 1.0519964694976807, 0.022333262488245964, 0.001706773298792541, 0.0025973892770707607, -0.4237990379333496, 0.38420963287353516, 0.4806740880012512, -0.002319343388080597, 0.002642994746565819, 0.0011796875623986125, -0.39143824577331543, 0.25619328022003174, 0.7233068943023682, -0.004729344043880701, -0.002997035626322031, -0.0015152250416576862, -0.15417242050170898, 0.21598339080810547, -0.39253681898117065, -5.816164775751531e-05, -2.2862306650495157e-05, -0.007570415735244751, 1.5248571634292603, -1.2012616395950317, 0.17523398995399475, 0.008191012777388096, 0.014492087997496128, 0.0019444199278950691, -1.0, 1.0, 1.0, -1.0, -1.0, 0.0008327625691890717, 0.9460157155990601, -1.0, 0.3138146996498108, -0.5289821028709412, 0.12664011120796204, -1.0, 1.0, 1.0, 1.0, -0.8654679656028748, 1.0, 1.0, -0.10243670642375946, 0.9442721009254456]
[-0.10460089147090912, -0.23939268290996552, 0.9999996423721313, -1.0000298023223877, -0.18349754810333252, 0.18994076550006866, 0.4369167387485504, 0.7531343102455139, -0.39066123962402344, -0.05003269389271736, 0.010005852207541466, -0.3943949341773987, 0.05840284004807472, 0.08097846806049347, -1.0000004768371582, 0.806152880191803, 0.9856162667274475, 1.000022292137146, 1.0000044107437134, -0.24797290563583374, 0.969905436038971, 0.9609419703483582, -0.6566202044487, 0.9862955808639526, -0.5628496408462524, 1.5940536260604858, 5.53941220005072e-07, 0.00014011717576067895, -1.2358298301696777, -1.7592744827270508, -0.04607905447483063, 0.22153782844543457, -1.1289989948272705, -1.5131746530532837, 0.08553571999073029, -0.7721274495124817, -0.7287887930870056, -0.13845200836658478, 4.859015461988747e-05, -0.4059530198574066, 0.023280980065464973, -7.792847327436903e-07, 8.964325388660654e-07, -1.5843250751495361, 0.042326170951128006, 0.01746387593448162, 1.0374668836593628, -0.0035347992088645697, -0.43117713928222656, -0.63328617811203, -0.014251518994569778, -0.054743047803640366, 0.034811001271009445, 0.043713778257369995, 0.0048318239860236645, 0.019843488931655884, 0.039771754294633865, 0.026570109650492668, 0.021583393216133118, -0.1817886382341385, -0.11336611211299896, -0.049062661826610565, -0.04789493978023529, -0.06312119215726852, -0.0019380671437829733, 0.002061811275780201, -0.0021843682043254375, 0.08801178634166718, 0.08201061189174652, 0.017933784052729607, 0.024085741490125656, 0.01400382723659277, 0.047376666218042374, -0.35158294439315796, 0.5245429277420044, 0.6934998631477356, -0.3675514757633209, 0.17531733214855194, 0.5943295359611511, 0.15220369398593903, 0.3467528223991394, 0.5464751124382019, -1.4214770793914795, 0.04130575433373451, 0.8592069745063782, 0.0, -0.38999998569488525, 0.47999998927116394, 0.012645297683775425, 0.2464054822921753, 0.9690790772438049, 0.0032153106294572353, 0.3940999507904053, 0.522211492061615, -0.7509185671806335, 0.09001017361879349, -0.015128768980503082, -0.4523636996746063, 0.4663965702056885, 0.0339578352868557, -0.11565649509429932, 0.9902293086051941, 0.07011669874191284, 0.5279948115348816, -0.38538357615470886, 1.0709507465362549, 7.008922576904297, -3.5768823623657227, 1.627677083015442, 0.019510647282004356, -0.40334808826446533, 0.5315282344818115, 0.005717448424547911, 0.38383081555366516, 0.9227388501167297, -0.03455484285950661, 0.3171355426311493, 0.2662803828716278, 0.9840593338012695, 4.287103176116943, -0.9383558034896851, 2.612316370010376, 0.048114653676748276, -0.4320259392261505, 0.49884548783302307, -0.016748957335948944, 0.16776123642921448, 0.9805543422698975, -0.1004423275589943, 0.491397500038147, 0.0009520296007394791, 0.9203338623046875, 0.21329620480537415, 0.09107223153114319, 2.4034900665283203, 0.06207667291164398, -0.35285714268684387, 0.5181635022163391, 0.036844439804553986, 0.9910802245140076, 0.12461370974779129, -0.029559306800365448, 0.19117848575115204, 0.28931066393852234, 0.5589487552642822, -7.807188510894775, -2.1975784301757812, 4.768737316131592, -0.03222571313381195, -0.3535598814487457, 0.553291380405426, 0.07829368859529495, -0.1978580206632614, 0.9427075982093811, 0.256952702999115, -0.5776253938674927, 1.0109102725982666, 0.6464144587516785, -15.094611167907715, -12.017389297485352, -0.3206954598426819, -0.13508965075016022, -0.7027096748352051, -0.05512528121471405, 0.03317313641309738, -0.0009099548333324492, 0.0006126747466623783, -0.12723025679588318, -0.6319857239723206, 0.1286698281764984, 0.017090320587158203, -0.0010717874392867088, 0.00010677922546165064, 0.05609290674328804, 0.8002685308456421, -1.3072452545166016, -0.03705863282084465, -0.0025097057223320007, -0.003034026362001896, 0.27706804871559143, -0.04969068616628647, 0.13752633333206177, -0.002929728478193283, 0.0008543459116481245, -0.014533266425132751, 0.40566426515579224, 0.19080756604671478, -0.10583500564098358, -0.0010617797961458564, 0.007513201795518398, 0.0007809515227563679, -1.0, 1.0, 1.0, -1.0, -0.7972502708435059, 0.40363848209381104, 0.9346812963485718, -1.0, 0.22427664697170258, -1.0, -0.5337827205657959, -1.0, -0.0589393749833107, 1.0, 1.0, -1.0, 1.0, 1.0, 0.3821122646331787, 0.9990196824073792]
[-0.2522065341472626, -0.027334779500961304, 0.999174952507019, -1.0000237226486206, -0.2145412117242813, 0.06694675236940384, 0.44075828790664673, 0.7822405099868774, -0.4993119537830353, -0.1916588693857193, 0.059727225452661514, -0.48121392726898193, -0.06685372442007065, 0.051563747227191925, -0.9999855756759644, 0.6138253808021545, 0.9873536229133606, 1.000022292137146, 1.0000044107437134, -0.3679048418998718, 0.9799627065658569, 0.9734954833984375, -0.4511030316352844, 0.9870956540107727, -0.5432661175727844, 1.4278253316879272, -0.0059063187800347805, 0.0004427381500136107, 0.2232571393251419, -0.49525704979896545, 0.04654186591506004, 0.31025487184524536, -0.9308244585990906, -1.185703158378601, 0.265627384185791, -0.8175379633903503, -1.3800474405288696, -0.3873010575771332, 0.0002236633881693706, -0.9969514012336731, 0.020785575732588768, 2.0423395596935734e-07, 8.467202405881835e-08, -1.439231276512146, 0.07273239642381668, 0.03194693848490715, 1.3900055885314941, 0.01570678874850273, 0.8151898384094238, -1.980208396911621, 0.02075655199587345, -0.15510119497776031, 0.05607367306947708, 0.0882004052400589, 0.012668890878558159, -0.04842611402273178, 0.016263490542769432, 0.021642841398715973, 0.055596910417079926, -0.12344829738140106, -0.060575906187295914, -0.026022905483841896, -0.10867815464735031, -0.03849548473954201, -0.011800747364759445, 0.009807795286178589, -0.001415153732523322, 0.2122979462146759, 0.028347864747047424, -0.012085792608559132, -0.04302940517663956, -0.009943021461367607, 0.04877086356282234, -0.3450780212879181, 0.5328076481819153, 0.6616162061691284, -0.3463212847709656, 0.23389099538326263, 0.6225917339324951, 0.04154089093208313, 0.39138033986091614, 0.46693676710128784, -1.4621473550796509, -0.18051429092884064, 0.89739990234375, 0.0, -0.38999998569488525, 0.47999998927116394, 0.012645297683775425, 0.2464054822921753, 0.9690790772438049, 0.0032153106294572353, 0.38749921321868896, 0.4836772382259369, -0.769993782043457, 0.15169155597686768, -0.005594923626631498, -0.4548339247703552, 0.4855142831802368, 0.015133107081055641, -0.11518589407205582, 0.9920536279678345, 0.048298440873622894, 0.5403397083282471, 0.05014733225107193, 1.172234296798706, -5.535400867462158, -1.8186650276184082, 2.8196282386779785, 0.024855930358171463, -0.39692533016204834, 0.5460504293441772, -0.009629996493458748, 0.36067894101142883, 0.9312748908996582, -0.05044741928577423, 0.25073468685150146, 0.4258918762207031, 0.8241478800773621, 2.065274477005005, -0.8218263387680054, 2.3354179859161377, 0.055944230407476425, -0.43214452266693115, 0.5125874876976013, -0.014705047011375427, 0.13628070056438446, 0.9838193655014038, -0.11537240445613861, 0.451294869184494, -0.06326872855424881, 0.7829706072807312, 5.621885776519775, 1.3504246473312378, 1.3620209693908691, 0.06382370740175247, -0.34583425521850586, 0.527197539806366, -0.019694341346621513, 0.9976993799209595, 0.06332274526357651, -0.014079220592975616, 0.07523930072784424, 0.3305245041847229, 0.48009222745895386, -6.849582195281982, -2.4295783042907715, 7.669651031494141, -0.03968563675880432, -0.34053686261177063, 0.5591766834259033, -0.057628896087408066, -0.10677763819694519, 0.962440550327301, 0.24286943674087524, -0.7000567317008972, 0.9855076670646667, 0.17242513597011566, -14.181634902954102, -13.771727561950684, 0.3152516484260559, 0.15107157826423645, -1.3279080390930176, -0.3132808208465576, 0.06828178465366364, -0.0016621449030935764, -0.001149845076724887, 0.056567348539829254, -0.6224585771560669, -0.42450958490371704, 0.012305964715778828, -0.0026190360076725483, -0.001090190839022398, 0.3059079051017761, 0.30863162875175476, -0.9589818716049194, -0.021393433213233948, -0.0017987864557653666, -0.0035640913993120193, 0.29717037081718445, -0.2030445784330368, 0.37207886576652527, -0.0044608223251998425, 0.00116586999502033, -0.008796983398497105, -0.4962535500526428, 0.8958584666252136, -0.19350887835025787, -0.006183270364999771, -0.002002962399274111, -0.0017153086373582482, -1.0, 1.0, 1.0, -1.0, 0.18629664182662964, 0.5391613245010376, 1.0, -1.0, 0.5021740198135376, -1.0, -1.0, -1.0, -1.0, 1.0, 1.0, -1.0, 1.0, 1.0, 0.8882037997245789, 1.0]
[-0.3896028995513916, 0.15835170447826385, 0.996178150177002, -0.9999580979347229, -0.10597152262926102, 0.06571550667285919, 0.4714374244213104, 0.814548134803772, -0.588459312915802, -0.3035619556903839, 0.14702698588371277, -0.564067542552948, -0.21397991478443146, 0.004985239822417498, -0.9994217157363892, 0.3703092336654663, 0.9900150895118713, 1.000022053718567, 1.0000044107437134, -0.47379013895988464, 0.9919636249542236, 0.9890751838684082, -0.2273973524570465, 0.9890850782394409, -0.49105334281921387, 1.2274668216705322, -0.013383868150413036, 0.0038946878630667925, 1.4177113771438599, 0.2891571521759033, 0.16567645967006683, 0.3059886395931244, -0.7620447278022766, -0.9523000121116638, 0.4076083302497864, -0.734483003616333, -1.3439337015151978, -0.45639702677726746, 0.011135741136968136, -1.0054383277893066, 0.02566027082502842, 4.847595960200124e-07, -2.074150415865006e-07, -1.2443015575408936, 0.07340127974748611, 0.03321592137217522, 1.3743058443069458, 0.021147362887859344, 1.4388976097106934, -2.2273592948913574, 0.03204575926065445, -0.15042462944984436, 0.02721463330090046, 0.04262636974453926, 0.017343463376164436, -0.08744525909423828, -0.0046003139577806, 0.010625412687659264, 0.07455198466777802, -0.11610867083072662, -0.012085923925042152, 0.001892830478027463, -0.11639538407325745, 0.01608014851808548, -0.019326744601130486, 0.009975578635931015, -0.0012823916040360928, 0.19987541437149048, 0.018067244440317154, -0.016371162608265877, -0.08985511213541031, -0.028737643733620644, 0.048822153359651566, -0.33885765075683594, 0.5391805171966553, 0.6222255825996399, -0.3320205509662628, 0.3045123517513275, 0.6402106881141663, -0.02039228193461895, 0.35595816373825073, 0.3433555066585541, -1.5210201740264893, -1.1975523233413696, 0.8483601808547974, 0.0, -0.38999998569488525, 0.47999998927116394, 0.012645297683775425, 0.2464054822921753, 0.9690790772438049, 0.0032153106294572353, 0.39069265127182007, 0.44031620025634766, -0.776953935623169, 0.2232116013765335, 0.003004546044394374, -0.45316582918167114, 0.5045152902603149, 0.0012699186336249113, -0.020675882697105408, 0.9994642734527588, 0.02533820830285549, 0.4521560072898865, 0.4251709282398224, 1.113433599472046, -14.405488967895508, -1.3116987943649292, 2.6066782474517822, 0.028897235170006752, -0.38916870951652527, 0.5580621957778931, -0.02234463207423687, 0.3489703834056854, 0.9347918033599854, -0.06232619285583496, 0.17405429482460022, 0.47305694222450256, 0.6530515551567078, 1.10714852809906, -0.8417971134185791, 1.621954083442688, 0.06218067556619644, -0.43150630593299866, 0.5239885449409485, -0.010011865757405758, 0.08327946066856384, 0.9889618754386902, -0.12214187532663345, 0.3406258821487427, -0.023063456639647484, 0.6432033777236938, 6.412578105926514, 1.3187541961669922, 0.39899978041648865, 0.06422902643680573, -0.33884531259536743, 0.5345181822776794, -0.08379179984331131, 0.9964444637298584, 0.00869180727750063, -0.0013109633000567555, 0.023361563682556152, 0.31729406118392944, 0.38881292939186096, -5.995784282684326, -1.9131312370300293, 7.489039421081543, -0.047455593943595886, -0.32923024892807007, 0.5595733523368835, -0.1915459930896759, -0.028180086985230446, 0.957007884979248, 0.2159903347492218, -0.6588504910469055, 0.7683922052383423, -0.21959172189235687, -11.976131439208984, -13.439379692077637, 1.244780421257019, 0.32076922059059143, -0.6498873233795166, -0.5691760182380676, 0.03287805616855621, -0.001840654294937849, -0.002260656328871846, 0.1430656909942627, -0.338939368724823, -0.6822322607040405, 0.005541322752833366, -0.003340971888974309, -0.0020920985843986273, 0.42922112345695496, -0.13647212088108063, -0.7033670544624329, -0.00015425088349729776, -0.0012115745339542627, -0.0037552383728325367, 0.10861296206712723, -0.2603853940963745, 0.40106648206710815, -0.005188172683119774, 0.00047510548029094934, 0.0035323044285178185, -1.1037126779556274, 1.025938868522644, -0.20876115560531616, -0.007139461115002632, -0.011078241281211376, -0.0037278817035257816, -1.0, 1.0, 1.0, -1.0, 0.9451697468757629, 0.7471150159835815, 1.0, -1.0, 0.7745870351791382, -1.0, -1.0, -1.0, -1.0, 1.0, 1.0, -1.0, 1.0, 1.0, 0.9928485751152039, 1.0]
[-0.5101025700569153, 0.3152264356613159, 0.9918771982192993, -0.9982776641845703, 0.057626575231552124, 0.11106223613023758, 0.5337045788764954, 0.8079343438148499, -0.62734055519104, -0.38205912709236145, 0.2452976554632187, -0.5803849101066589, -0.34835270047187805, -0.04404309019446373, -0.9965848922729492, 0.14541791379451752, 0.9927616715431213, 1.0000221729278564, 1.0000044107437134, -0.5651913285255432, 1.000002145767212, 1.000001072883606, -0.05552400276064873, 0.9915469884872437, -0.4210240840911865, 1.0245217084884644, -0.015444809570908546, 0.023333830758929253, 1.5607812404632568, 0.49755439162254333, 0.301911324262619, -0.2503969967365265, -0.14691656827926636, -0.48315244913101196, 0.3997209966182709, 0.17310915887355804, -1.1768158674240112, -0.5317811369895935, 0.01905832253396511, -0.8825768828392029, 0.022974886000156403, -9.153800419881009e-07, -1.2543131333586643e-06, -1.0643502473831177, -0.00025327512412332, -3.5912107705371454e-05, 0.8938009142875671, 0.02318548411130905, 1.7565070390701294, -2.173823356628418, 0.04313066601753235, -0.11804968118667603, -0.03647327795624733, -0.0028148693963885307, 0.019662991166114807, -0.22796612977981567, -0.03975165635347366, 0.013543499633669853, 0.055372126400470734, 0.07217932492494583, 0.07146745920181274, 0.024029426276683807, -0.11782754957675934, 0.025071782991290092, -0.02648806944489479, 0.008270855993032455, -0.0016017863526940346, 0.1634809970855713, -0.06505969911813736, -0.06777603924274445, -0.13318879902362823, -0.046436481177806854, 0.04812084510922432, -0.3332444131374359, 0.5432997345924377, 0.5709577798843384, -0.33296284079551697, 0.39433926343917847, 0.6384664177894592, -0.05858359485864639, 0.3189496397972107, 0.202174574136734, -1.4145196676254272, -1.7577606439590454, 0.9818397760391235, 0.0, -0.38999998569488525, 0.47999998927116394, 0.012645297683775425, 0.2464054822921753, 0.9690790772438049, 0.0032153106294572353, 0.41359689831733704, 0.3899244964122772, -0.7623540163040161, 0.3093748688697815, 0.009866707026958466, -0.44857025146484375, 0.5211150050163269, -0.013379818759858608, 0.1057438775897026, 0.9942818880081177, 0.006525062955915928, 0.32415705919265747, 0.560823917388916, 0.8523004651069641, -15.243542671203613, -1.5823310613632202, 1.8877500295639038, 0.03181277588009834, -0.38268181681632996, 0.5674282908439636, -0.03301478177309036, 0.3454292416572571, 0.9354462623596191, -0.06729669123888016, 0.12485478073358536, 0.3453669548034668, 0.4892866015434265, -0.44622474908828735, -1.1356139183044434, 0.6789551973342896, 0.06633448600769043, -0.42853882908821106, 0.5357964634895325, -0.00995546206831932, 0.05106678232550621, 0.9909009337425232, -0.12413039803504944, 0.19288718700408936, 0.21155190467834473, 0.7362374067306519, 2.6587555408477783, 0.04119960963726044, 0.16752181947231293, 0.06391852349042892, -0.33254650235176086, 0.5402275919914246, -0.14153119921684265, 0.9891594052314758, -0.03828447684645653, 0.008165581151843071, -0.006390927825123072, 0.28084009885787964, 0.30717793107032776, -5.101302146911621, -1.4509855508804321, 6.511434555053711, -0.05393332988023758, -0.32121771574020386, 0.5564866662025452, -0.3017316460609436, 0.030359789729118347, 0.9353979825973511, 0.18184280395507812, -0.4952628016471863, 0.45926812291145325, -0.3880503177642822, -8.750137329101562, -10.80459976196289, 2.218700885772705, 0.3937540054321289, 0.09575770050287247, -0.9010269641876221, -0.0013785040937364101, -0.0022486764937639236, -0.0025673385243862867, 0.17599943280220032, 0.01798493228852749, -1.0476816892623901, 0.013813274912536144, -0.0035716407001018524, -0.0026948596350848675, 0.3391331732273102, -0.6805152297019958, 0.2982773184776306, 0.013821697793900967, -0.0006168750114738941, -0.0013121028896421194, 0.1011568009853363, -0.27474668622016907, 0.37694817781448364, -0.005722987465560436, 0.0003352822968736291, 0.006162979640066624, -1.6759246587753296, 1.4560160636901855, -0.1986301690340042, -0.010841721668839455, -0.019621683284640312, -0.0045578754507005215, -1.0, 1.0, 1.0, -1.0, 1.0, 1.0, 0.5501769185066223, -0.6083851456642151, 0.8055325746536255, -0.3011142313480377, -1.0, -1.0, -1.0, 1.0, 1.0, -1.0, 1.0, 1.0, 0.6022636890411377, 1.0]
[-0.6091859340667725, 0.4423828423023224, 0.9875712990760803, -0.9949449300765991, 0.21471816301345825, 0.1666838824748993, 0.6137592792510986, 0.7431400418281555, -0.5389424562454224, -0.3897416591644287, 0.28867751359939575, -0.4644971489906311, -0.4682717025279999, -0.13966359198093414, -1.0000112056732178, -0.027914484962821007, 0.9763282537460327, 0.9979062676429749, 1.0000044107437134, -0.6431159377098083, 1.000010371208191, 1.0000122785568237, 0.02160264551639557, 0.9940736889839172, -0.3156493008136749, 0.7883692383766174, -0.018198441714048386, 0.034921664744615555, 1.394484043121338, 0.6353251338005066, 0.3573651611804962, -0.7127213478088379, 1.3205422163009644, 0.23670914769172668, 0.06615280359983444, 1.4318439960479736, -1.1416484117507935, -1.2177177667617798, -0.0002698806638363749, -0.5409667491912842, -0.5236954092979431, -0.0769551619887352, -4.103685569134541e-06, -0.8985267877578735, -0.0003075531858485192, -0.00016323100135196, 0.2544552981853485, 0.021989544853568077, 3.14686918258667, -2.959439754486084, 0.09423497319221497, -0.15889601409435272, -0.06325618922710419, -0.006430315785109997, 0.02541273832321167, -0.18827807903289795, 0.030775440856814384, 0.043787773698568344, 0.05339835584163666, -0.0191202312707901, 0.01322684995830059, -0.014734909869730473, -0.17198175191879272, 0.0661085695028305, -0.23283442854881287, -0.058766379952430725, -0.021082662045955658, 0.13505706191062927, -0.019738031551241875, -0.02168225310742855, -0.14087451994419098, -0.051412761211395264, 0.04865766689181328, -0.33009204268455505, 0.548405647277832, 0.5350750088691711, -0.34355857968330383, 0.4508589804172516, 0.6264090538024902, 0.03942054137587547, 0.09863673150539398, 0.3142811954021454, -0.4485814571380615, -1.6483547687530518, 0.4597507417201996, 0.0, -0.38999998569488525, 0.47999998927116394, 0.012645297683775425, 0.2464054822921753, 0.9690790772438049, 0.0032153106294572353, 0.4378288984298706, 0.3573734164237976, -0.7417801022529602, 0.3610435724258423, 0.01480091828852892, -0.4428388178348541, 0.5341214537620544, -0.02876662276685238, 0.2239765226840973, 0.9741488695144653, -0.006401059217751026, 0.19452884793281555, 0.5436708927154541, 0.5644720792770386, -13.988251686096191, -1.6826245784759521, 1.1114437580108643, 0.033758677542209625, -0.3777622878551483, 0.5742616057395935, -0.045228298753499985, 0.38446494936943054, 0.9197587370872498, -0.06469090282917023, 0.05333450809121132, 0.3638392388820648, 0.2478756457567215, -7.746796607971191, -2.3370378017425537, -0.29851359128952026, 0.06884187459945679, -0.4210796654224396, 0.5505041480064392, -0.014514444395899773, 0.04876527190208435, 0.9898985624313354, -0.13233305513858795, 0.09149937331676483, 0.5114689469337463, 0.8654962182044983, 0.8240406513214111, -0.27368825674057007, 1.3256447315216064, 0.06370078772306442, -0.3278360962867737, 0.5449669361114502, -0.18635667860507965, 0.9800451397895813, -0.06807884573936462, 0.01216075662523508, 0.01755814626812935, 0.16502176225185394, 0.30992934107780457, -1.0293388366699219, 0.03770129382610321, 4.257814407348633, -0.058458879590034485, -0.31655603647232056, 0.5524941086769104, -0.3769637942314148, 0.06787047535181046, 0.9118392467498779, 0.14778690040111542, -0.30629879236221313, 0.24721693992614746, -0.34591609239578247, -5.923872470855713, -6.817963123321533, 2.157038450241089, 0.6437710523605347, 0.09575225412845612, -1.2720310688018799, -0.004994031507521868, -0.0038973100017756224, -0.003287017112597823, 0.3299720883369446, -0.7787805795669556, -0.9038475751876831, 0.03210606426000595, -0.004665530752390623, -0.003107595257461071, 0.4176124632358551, 0.05863659828901291, -0.30257606506347656, -0.013855361379683018, -0.0012343639973551035, 0.00028444043709896505, 0.029630398377776146, -1.033325433731079, -0.19995254278182983, -0.03658253699541092, 0.0008274741703644395, 0.016869328916072845, -1.7767753601074219, 0.6236308813095093, -0.0649755597114563, -0.003257656004279852, -0.022984351962804794, -0.007631773594766855, -1.0, 1.0, 1.0, -1.0, 1.0, 1.0, 0.07830663025379181, 0.49965327978134155, 0.7397235631942749, 0.8137156963348389, -1.0, -0.6855760216712952, -1.0, 1.0, 1.0, -1.0, 1.0, 1.0, 0.05940274894237518, 1.0]
[-0.6805816888809204, 0.5200528502464294, 0.9842310547828674, -0.98804771900177, 0.3513237535953522, 0.2784254848957062, 0.7024085521697998, 0.6538089513778687, -0.34342217445373535, -0.34181591868400574, 0.3044905364513397, -0.2929302453994751, -0.5838508605957031, -0.28010526299476624, -0.9875468015670776, -0.0795876532793045, 0.9229965806007385, 0.9879411458969116, 1.0000039339065552, -0.7094798684120178, 1.0000061988830566, 1.000007152557373, -0.0198819600045681, 0.9965710043907166, -0.23895159363746643, 0.40058785676956177, -0.006833040155470371, 0.06917665898799896, 1.1907743215560913, 1.3499151468276978, 0.3525710701942444, -0.7362047433853149, 2.046241044998169, 0.5970236659049988, -0.017140792682766914, 1.5398796796798706, -1.088216781616211, -1.351080298423767, 0.14737127721309662, -0.07172679156064987, -0.4616867005825043, -0.11494045704603195, -5.589164175034966e-06, -0.7610704898834229, -5.632595616589242e-07, 1.989640395549941e-06, -0.5262004137039185, 0.02073274552822113, 1.29375159740448, -3.6047520637512207, 0.03492220118641853, -0.1908576786518097, -0.06460946053266525, 0.007338127586990595, 0.0038138371892273426, -0.03697305917739868, 0.03873173147439957, 0.029882138594985008, -0.04120257496833801, -0.36871111392974854, -0.1254277229309082, -0.036464136093854904, -0.08378047496080399, 0.028674613684415817, 0.04360673949122429, 0.029070449993014336, 0.0029108731541782618, 0.16326723992824554, -0.09535232186317444, -0.053107328712940216, -0.16538691520690918, -0.059562042355537415, 0.049115438014268875, -0.329161137342453, 0.5525709986686707, 0.49641984701156616, -0.3762890696525574, 0.5111151337623596, 0.5922288298606873, 0.030834758654236794, 0.04014875367283821, 0.17539910972118378, -0.20310425758361816, -1.4007246494293213, 0.41925081610679626, 0.0, -0.38999998569488525, 0.47999998927116394, 0.012645297683775425, 0.2464054822921753, 0.9690790772438049, 0.0032153106294572353, 0.4847026765346527, 0.3274685740470886, -0.6993520259857178, 0.4107728898525238, 0.018009155988693237, -0.4377583861351013, 0.5420341491699219, -0.04090443626046181, 0.34024444222450256, 0.9393624663352966, -0.012598024681210518, 0.14431989192962646, 0.4479789137840271, 0.1972176432609558, -14.85544490814209, -1.4320671558380127, 0.3280399441719055, 0.03505117818713188, -0.37452977895736694, 0.5774611830711365, -0.0559442862868309, 0.4584086239337921, 0.8853105306625366, -0.05437896028161049, 0.058181922882795334, 0.28917017579078674, -0.042584378272295, -11.1298246383667, -2.5256636142730713, -0.9885862469673157, 0.0696495920419693, -0.41226229071617126, 0.562307596206665, -0.016302667558193207, 0.038058262318372726, 0.9891139268875122, -0.14120687544345856, 0.051342085003852844, 0.4664982855319977, 0.5488499402999878, 2.468099355697632, 0.4859658479690552, 1.3786747455596924, 0.0643627941608429, -0.3256074786186218, 0.5491182804107666, -0.206340491771698, 0.9760611057281494, -0.06745505332946777, 0.01334800012409687, 0.04135319963097572, 0.12094298005104065, 0.20999963581562042, 0.5714768767356873, -0.20592275261878967, 1.6379551887512207, -0.06075340509414673, -0.3145451843738556, 0.5495286583900452, -0.4102615714073181, 0.08695290982723236, 0.8993644714355469, 0.12356393784284592, -0.10625025629997253, 0.0651492103934288, -0.17542365193367004, -2.5791988372802734, -1.8179165124893188, 1.6364749670028687, 0.2129514515399933, -0.29375481605529785, -1.4678038358688354, 0.0029318048618733883, -0.003988283686339855, -0.0007347686332650483, 0.022013947367668152, -0.9082900881767273, -0.7054150700569153, 0.016257788985967636, -0.0022700722329318523, 0.0010108102578669786, -0.14769887924194336, 1.1880557537078857, -1.7861177921295166, -0.018643300980329514, -0.0017050212481990457, 0.004847077187150717, 0.17885860800743103, 0.054065510630607605, 0.5899489521980286, 0.003721855813637376, -0.006978665478527546, 0.009178150445222855, -2.143582820892334, 0.7359951734542847, -0.281914085149765, -0.004137201700359583, -0.025264721363782883, -0.006908074952661991, -1.0, 0.645402729511261, 1.0, -0.9753907322883606, 1.0, 1.0, -0.06922008097171783, 1.0, 0.8685722947120667, 1.0, -1.0, 0.1756696254014969, -0.5106098055839539, 1.0, 1.0, -1.0, 1.0, 1.0, -0.7275752425193787, 1.0]
[-0.7358610033988953, 0.5177702307701111, 0.9837409853935242, -0.9776705503463745, 0.4669685959815979, 0.4268704056739807, 0.7980765700340271, 0.5968813896179199, -0.1286379098892212, -0.26383131742477417, 0.2918485999107361, -0.1483887881040573, -0.6943501234054565, -0.4163151681423187, -0.9363353848457336, -0.0749460905790329, 0.8977627158164978, 0.9789982438087463, 1.0000033378601074, -0.764839768409729, 1.0000091791152954, 1.0000097751617432, -0.13808639347553253, 0.9986128807067871, -0.18306748569011688, -0.2869566082954407, 0.0016457535093650222, 0.09386254101991653, 0.9986180663108826, 1.3465631008148193, 0.4305621087551117, -0.43872714042663574, 1.9631417989730835, 1.0663541555404663, -0.0479312501847744, 1.214816927909851, -0.9721683859825134, -1.2016315460205078, 0.18236681818962097, 0.1163993626832962, -0.11700838804244995, -0.06352667510509491, -3.1189767923933687e-06, -0.627850353717804, -4.15836984757334e-06, 8.255665306933224e-07, -0.8375362753868103, 0.015614042989909649, 1.2507630586624146, -7.097469329833984, 0.028084412217140198, -0.3813213109970093, -0.09111296385526657, -0.01712830178439617, 0.014498949982225895, -0.19808334112167358, -0.04891594871878624, 0.017746008932590485, 0.04117492958903313, -0.5666974186897278, -0.16823935508728027, -0.03823000192642212, -0.5411062240600586, 0.0370262935757637, -0.03931573033332825, 0.05328754335641861, 5.3227413445711136e-05, 0.22010564804077148, -0.21492452919483185, -0.10680880397558212, -0.137054905295372, -0.04911567270755768, 0.04959516227245331, -0.3290979266166687, 0.5533362627029419, 0.4736377000808716, -0.4039199650287628, 0.55243980884552, 0.5543699860572815, 0.06249988451600075, -0.052634742110967636, -0.08292793482542038, 0.32158294320106506, -0.9494056105613708, 0.5307111144065857, 0.0, -0.38999998569488525, 0.47999998927116394, 0.012645297683775425, 0.2464054822921753, 0.9690790772438049, 0.0032153106294572353, 0.5220673084259033, 0.31410813331604004, -0.6572666764259338, 0.4436015188694, 0.02096627466380596, -0.4350266456604004, 0.5428345203399658, -0.04563211277127266, 0.4383908808231354, 0.8974809646606445, -0.016094909980893135, 0.1764434576034546, 0.18247981369495392, -0.2851824164390564, -10.811656951904297, -0.30843254923820496, 0.05119987949728966, 0.03695213049650192, -0.37332049012184143, 0.5756454467773438, -0.059095002710819244, 0.5372960567474365, 0.8403263092041016, -0.04089424014091492, 0.1585429459810257, 0.05550548434257507, -0.3980488181114197, -11.313912391662598, -1.6098973751068115, -1.923965334892273, 0.07124947011470795, -0.40696272253990173, 0.5659371614456177, -0.010004223324358463, -0.0023096082732081413, 0.9882538914680481, -0.15247580409049988, 0.1451261341571808, 0.10798484086990356, -0.004985690116882324, 5.870091915130615, 2.0590620040893555, 1.2501108646392822, 0.06498923152685165, -0.32498636841773987, 0.5502275228500366, -0.21532413363456726, 0.9746315479278564, -0.057647645473480225, 0.020134955644607544, 0.07374031841754913, 0.006481145974248648, -0.03832303360104561, 2.006901502609253, -0.043253093957901, 0.5267122983932495, -0.060853734612464905, -0.31541410088539124, 0.5480170845985413, -0.4090074896812439, 0.08449756354093552, 0.9016145467758179, 0.11253513395786285, 0.05606758967041969, -0.15093103051185608, -0.0351085290312767, 1.266356110572815, 1.6272940635681152, 1.1081104278564453, 0.0712953507900238, -0.6769098043441772, -2.4723286628723145, -0.027281949296593666, -0.006094246171414852, 0.0021002585999667645, -0.18547074496746063, -0.7370671629905701, -1.9556093215942383, 0.006690002046525478, -0.0056934361346066, 0.0014115076046437025, 0.2534558176994324, 1.6886868476867676, -2.652764081954956, -0.012899697758257389, -0.001562711433507502, -0.00368658360093832, -0.10817086696624756, -0.5664074420928955, 1.5243064165115356, -0.008442884311079979, 0.003338877111673355, 0.008569513447582722, -1.797892451286316, 1.3741424083709717, -0.6219447255134583, -0.008059967309236526, -0.02034938707947731, -0.011523794382810593, -1.0, -0.15754950046539307, 1.0, -0.9774739146232605, 1.0, 1.0, 0.2035084217786789, 1.0, 1.0, 1.0, -1.0, 0.550392210483551, -0.7852871417999268, 1.0, 1.0, -1.0, 1.0, 1.0, -1.0, 1.0]
[-0.7789955735206604, 0.4296972453594208, 0.984792947769165, -0.9700475335121155, 0.5628186464309692, 0.553810179233551, 0.8988996744155884, 0.5716046094894409, 0.06615683436393738, -0.08616874366998672, 0.25714045763015747, -0.04007533937692642, -0.7905192375183105, -0.5331732034683228, -0.8772958517074585, -0.06519202142953873, 0.9046709537506104, 0.9774881601333618, 1.0000033378601074, -0.8093872666358948, 1.0000091791152954, 1.0000107288360596, -0.27014651894569397, 0.9998905658721924, -0.14774753153324127, -0.8318457007408142, 0.005950916092842817, 0.04215317592024803, 0.8210839629173279, 1.0619893074035645, 0.4158293306827545, -0.12773756682872772, 1.708757758140564, 2.0445380210876465, -0.22624681890010834, 0.763098418712616, -0.8828868269920349, -1.0221378803253174, 0.3003275692462921, 0.03917635604739189, 0.19492335617542267, -0.0017984055448323488, 4.3692222106983536e-07, -0.49883243441581726, 1.3917169781052507e-05, 8.748562322580256e-06, -0.8035832643508911, 0.008462236262857914, 0.8198103308677673, -4.8901824951171875, 0.01667311042547226, -0.27646297216415405, -0.06400399655103683, -0.017122231423854828, 0.005641215480864048, -0.09273102879524231, -0.028854049742221832, 0.016571616753935814, -0.036771491169929504, -0.4953877925872803, -0.1693250983953476, -0.04588458687067032, -0.2986728549003601, -0.0006046552443876863, -0.0029869319405406713, 0.03855346143245697, 0.001727898372337222, 0.17190991342067719, -0.13799908757209778, -0.06623820960521698, -0.07177701592445374, -0.02494015172123909, 0.05060473456978798, -0.33055707812309265, 0.5504451990127563, 0.4684951901435852, -0.43130144476890564, 0.5798110961914062, 0.5082423090934753, 0.0702173039317131, -0.13936708867549896, -0.2672866880893707, 0.6948177814483643, -0.872729480266571, 0.614750862121582, 0.0, -0.38999998569488525, 0.47999998927116394, 0.012645297683775425, 0.2464054822921753, 0.9690790772438049, 0.0032153106294572353, 0.5559132695198059, 0.3200565576553345, -0.6115564107894897, 0.4631662368774414, 0.02422374114394188, -0.43505802750587463, 0.5362170338630676, -0.04165675491094589, 0.49662259221076965, 0.866691529750824, -0.021826287731528282, 0.20566725730895996, -0.015622205100953579, -0.6260634064674377, -5.7802629470825195, 0.9102595448493958, 0.21742384135723114, 0.04002225026488304, -0.37490078806877136, 0.5689257979393005, -0.05227477476000786, 0.6275845170021057, 0.7762940526008606, -0.02779480256140232, 0.2404310405254364, -0.09790516644716263, -0.7083808183670044, -14.06434154510498, -0.6042139530181885, -2.198444128036499, 0.0743703618645668, -0.40631189942359924, 0.5615109205245972, 0.004541611764580011, -0.06793174147605896, 0.9839919209480286, -0.1646948754787445, 0.3030305504798889, -0.2243502289056778, -0.4725119471549988, 9.130204200744629, 3.6986660957336426, 1.9367917776107788, 0.06600876897573471, -0.32637861371040344, 0.5476126670837402, -0.22132523357868195, 0.9740731120109558, -0.03852217271924019, 0.026696089655160904, 0.06756170839071274, -0.07480978965759277, -0.23795075714588165, 2.663581371307373, -0.21477870643138885, 0.7132081985473633, -0.059287723153829575, -0.31887438893318176, 0.5473254919052124, -0.38702693581581116, 0.06161731109023094, 0.9130218029022217, 0.1131572350859642, 0.1590377539396286, -0.30955109000205994, 0.018122483044862747, 3.911656618118286, 3.2217562198638916, 0.892979621887207, 0.02832033671438694, -0.6644174456596375, -1.6357393264770508, -0.02708849310874939, -0.0036782831884920597, 0.0023526374716311693, -0.14711451530456543, -0.7447726726531982, -1.1511735916137695, 0.0054000308737158775, -0.0024090115912258625, 0.0028960315976291895, -0.21351619064807892, 1.966556429862976, -1.9729084968566895, -0.016386238858103752, -0.0024657631292939186, 0.0042820461094379425, 0.14324849843978882, -0.269478440284729, 0.9791136980056763, -0.0023142786230891943, -0.0005458303494378924, 0.0009229349670931697, -0.9548466801643372, 0.9387342929840088, -0.40075868368148804, -0.005746529903262854, -0.00966260302811861, -0.00794586818665266, -1.0, -0.5525745153427124, 1.0, -1.0, 1.0, 1.0, 0.39414751529693604, 1.0, 0.9510852098464966, 1.0, -1.0, 0.6244093179702759, -1.0, 1.0, 1.0, -1.0, 1.0, 1.0, -1.0, 1.0]
[-0.8138461709022522, 0.27277901768684387, 0.9861283302307129, -0.9668440818786621, 0.6411998867988586, 0.6531000733375549, 0.9920762777328491, 0.5841321349143982, 0.22683319449424744, 0.12896828353405, 0.17567512392997742, 0.05002434551715851, -0.8659039735794067, -0.6291397213935852, -0.8201507925987244, -0.0566432848572731, 0.9266083836555481, 0.9821889996528625, 1.000003457069397, -0.8406205177307129, 1.0000088214874268, 1.00001060962677, -0.3888144791126251, 1.0000005960464478, -0.12313506752252579, -1.2751009464263916, 0.006488329265266657, 0.009603433310985565, 0.6704117655754089, 0.8394693732261658, 0.35773468017578125, 0.1730097383260727, 1.3445968627929688, 1.8832218647003174, -0.41625458002090454, 0.7811868786811829, -0.6264790892601013, -0.7989549040794373, 0.30887943506240845, 0.05038691312074661, 0.32430607080459595, 0.07089508324861526, 4.339617134974105e-06, -0.3175543248653412, -3.601950538723031e-06, 1.0582676850390271e-06, -0.6959390044212341, 7.65795164170413e-07, 0.5127132534980774, -3.7490832805633545, 0.007162875961512327, -0.2079855501651764, -0.04417409002780914, -0.009929319843649864, -0.0012976115103811026, -0.08641597628593445, -0.03744356706738472, -0.02722182124853134, -0.027836112305521965, -0.27408602833747864, -0.07529348880052567, -0.012804575264453888, -0.203041672706604, -0.0005450032185763121, 0.004759805742651224, 0.03268468752503395, 0.0027185098733752966, 0.1730252206325531, -0.09079046547412872, -0.04333677887916565, -0.06036154180765152, -0.019533686339855194, 0.05199926719069481, -0.3332374691963196, 0.5444262027740479, 0.4688185453414917, -0.4656783938407898, 0.6016291975975037, 0.4487706124782562, 0.10089871287345886, -0.18286192417144775, -0.4500690996646881, 1.0394376516342163, -1.2959976196289062, 0.7179614901542664, 0.0, -0.38999998569488525, 0.47999998927116394, 0.012645297683775425, 0.2464054822921753, 0.9690790772438049, 0.0032153106294572353, 0.5953564047813416, 0.3346376121044159, -0.5543678998947144, 0.4756518602371216, 0.027556443586945534, -0.4365803897380829, 0.5235362648963928, -0.030874382704496384, 0.520513117313385, 0.8526954650878906, -0.03198825940489769, 0.20278644561767578, -0.09189143776893616, -0.9041869640350342, -1.7726531028747559, 1.9942917823791504, 0.4403156042098999, 0.043896082788705826, -0.3775993585586548, 0.55826735496521, -0.0369105264544487, 0.7086923122406006, 0.704177737236023, -0.02294282242655754, 0.2717462182044983, -0.19754444062709808, -0.8795843124389648, -11.108530044555664, 1.1648310422897339, -1.5180305242538452, 0.0788707360625267, -0.4080856144428253, 0.551055371761322, 0.025005150586366653, -0.143365740776062, 0.9724934697151184, -0.1818719208240509, 0.3610253632068634, -0.257957398891449, -0.7920263409614563, 8.735382080078125, 3.9626946449279785, 2.6997406482696533, 0.06757079809904099, -0.32934603095054626, 0.5419943332672119, -0.22488407790660858, 0.973885715007782, -0.007309314329177141, 0.03033715859055519, 0.08319955319166183, -0.12421213090419769, -0.40686723589897156, 3.772524356842041, 0.2565877139568329, 0.34495994448661804, -0.05637190863490105, -0.32432830333709717, 0.5468651056289673, -0.3507690727710724, 0.02222885936498642, 0.9282590746879578, 0.12166355550289154, 0.25784093141555786, -0.4466502368450165, 0.03038528934121132, 6.081817150115967, 4.54504919052124, 0.8225831985473633, 0.0037855494301766157, -0.6813198924064636, -1.0996606349945068, -0.020149117335677147, -0.002393471309915185, 0.0022379863075912, -0.09963441640138626, -0.17403796315193176, -0.8946653604507446, -0.0298323892056942, 0.0012235490139573812, 0.003381212241947651, -0.17484787106513977, 0.9022866487503052, -1.1188859939575195, 0.0007297235424630344, -0.001985355978831649, 0.003467168193310499, 0.1333840936422348, -0.17866241931915283, 0.7518488764762878, 3.857337651425041e-05, -0.0014372611185535789, 0.0009776406222954392, -0.791323721408844, 0.7413103580474854, -0.2844051420688629, -0.004782088100910187, -0.006872504483908415, -0.006112861447036266, -1.0, -0.9889551401138306, 1.0, -1.0, 1.0, 1.0, 0.8698015213012695, 1.0, 0.8911590576171875, 1.0, -1.0, 0.4963635504245758, -0.828712522983551, 1.0, 1.0, -0.9462890028953552, 1.0, 1.0, -1.0, 1.0]
[-0.8437718749046326, 0.0856906846165657, 0.9870812296867371, -0.9685456156730652, 0.7048414349555969, 0.7329567670822144, 0.980198085308075, 0.6019514799118042, 0.3110261559486389, 0.27431756258010864, 0.08431439846754074, 0.1238413006067276, -0.9249207377433777, -0.7034481167793274, -0.780876100063324, -0.028206616640090942, 0.9534798264503479, 0.9948238134384155, 1.0000042915344238, -0.8378869295120239, 1.000010371208191, 1.0000135898590088, -0.4886470139026642, 1.0000009536743164, -0.10998056083917618, -1.344408631324768, 0.005350759252905846, -0.03270795941352844, 0.5446853041648865, 0.6831209063529968, -0.3098577558994293, 0.09758798032999039, 0.2691737115383148, 0.7249137163162231, -0.32335227727890015, 0.4939074218273163, -0.5517458319664001, -0.6343821883201599, -0.007017563562840223, 0.20121951401233673, 0.24959595501422882, 0.20036271214485168, 1.1898019693035167e-05, 0.22956077754497528, 1.1091767191828694e-05, 7.64354808779899e-06, -0.579066276550293, 2.0679235603893176e-06, 0.1378968209028244, -0.3835645318031311, 0.00011166951298946515, -0.030117113143205643, -0.015675541013479233, -0.009566087275743484, -0.07595697045326233, -0.048015572130680084, -0.1190774142742157, -0.09911471605300903, 0.052523545920848846, -0.19285526871681213, -0.07725904881954193, -0.022765066474676132, -0.323567271232605, 0.04560932517051697, -0.09026004374027252, 0.01439841091632843, -0.0002658605808392167, 0.24594126641750336, 0.019536860287189484, 0.006349609233438969, -0.09031981229782104, -0.027723610401153564, 0.05452602356672287, -0.3363708555698395, 0.5352654457092285, 0.4349968135356903, -0.5349697470664978, 0.6353880167007446, 0.34765952825546265, 0.16465723514556885, -0.2015291005373001, -0.5442295670509338, 1.0394634008407593, -1.058590054512024, 0.31574520468711853, 0.0, -0.38999998569488525, 0.47999998927116394, 0.012645297683775425, 0.2464054822921753, 0.9690790772438049, 0.0032153106294572353, 0.6719935536384583, 0.3261263370513916, -0.44881707429885864, 0.49054017663002014, 0.030342021957039833, -0.43772321939468384, 0.5079168081283569, -0.017410334199666977, 0.5240526795387268, 0.8502898812294006, -0.045527104288339615, 0.15201430022716522, -0.033980533480644226, -0.9510655403137207, 0.13322198390960693, 2.291538953781128, 0.6434147357940674, 0.04777571186423302, -0.38130027055740356, 0.5463929772377014, -0.030319716781377792, 0.7399248480796814, 0.6708353757858276, -0.03964412584900856, 0.18247325718402863, -0.26720502972602844, -0.675525963306427, 0.646861732006073, 2.340813636779785, 2.3184304237365723, 0.08332519978284836, -0.4102132320404053, 0.537483274936676, 0.046195920556783676, -0.21813656389713287, 0.9544003009796143, -0.19850048422813416, 0.32382190227508545, -0.26924988627433777, -0.941023051738739, 9.304813385009766, 4.139063835144043, 2.1602652072906494, 0.0696360394358635, -0.33245718479156494, 0.534587562084198, -0.2225380837917328, 0.9740382432937622, 0.029215402901172638, 0.029542027041316032, 0.14408603310585022, -0.11121267825365067, -0.48307836055755615, 4.1521992683410645, 1.9262727499008179, -0.6906160712242126, -0.05162965878844261, -0.3310329020023346, 0.5471000671386719, -0.29654717445373535, -0.027113180607557297, 0.9452217817306519, 0.13371698558330536, 0.417392760515213, -0.5225749611854553, 0.0922853872179985, 7.155545711517334, 6.732519626617432, 0.9422157406806946, 0.027638111263513565, 0.011188444681465626, -0.20859627425670624, -0.009398261085152626, -0.0005258278688415885, 0.00013834578567184508, 0.3115047514438629, 1.4803941249847412, -0.8963068723678589, -0.07690881192684174, 0.018422745168209076, -0.001058003632351756, 0.29489102959632874, 0.9836471080780029, -0.361545205116272, -0.008010362274944782, 0.001962826121598482, -0.005178682040423155, -0.5657159686088562, -0.5811064839363098, 0.5470885038375854, -0.008982458151876926, 0.013855759054422379, 0.0070245652459561825, -1.2195345163345337, 0.13200922310352325, 0.10915210843086243, -0.0010687500471249223, -0.008211060427129269, -0.0021022311411798, -1.0, -1.0, 1.0, -1.0, 1.0, 1.0, 1.0, 0.7359707951545715, 1.0, 1.0, -1.0, 0.6529206037521362, -0.7252898812294006, 1.0, 1.0, -0.6425011157989502, 1.0, 1.0, -1.0, 1.0]
[-0.871421217918396, -0.0976145789027214, 0.9877877831459045, -0.9734268188476562, 0.75663822889328, 0.7981485724449158, 0.8947026133537292, 0.6170811057090759, 0.3423950970172882, 0.3249935805797577, 0.01595555618405342, 0.18044288456439972, -0.9738684296607971, -0.7653272151947021, -0.7728149890899658, 0.01615537703037262, 0.9784136414527893, 1.0000226497650146, 1.000004529953003, -0.7987270951271057, 1.0000091791152954, 1.0000050067901611, -0.5725576281547546, 1.0000009536743164, -0.09830380231142044, -1.249521017074585, 0.0035777415614575148, -0.05260613188147545, 0.4447391927242279, 0.5583357214927673, -0.3308360278606415, 0.16901351511478424, 0.312608927488327, 0.33688774704933167, -0.25735729932785034, 0.516743004322052, -0.40602999925613403, -0.5279054045677185, 0.11687134951353073, 0.16964422166347504, 0.29891088604927063, -1.387265911034774e-06, -7.291719157365151e-07, 0.62337726354599, 2.029183269769419e-05, -0.00029542160336859524, -0.4899159371852875, -1.4999753261690785e-07, 0.2486725151538849, 1.5694403648376465, 0.004508508834987879, 0.06985782086849213, -0.0018016735557466745, -0.010352511890232563, 0.014671405777335167, 0.05423538386821747, 0.012898020446300507, -0.005128007382154465, 0.025880059227347374, 0.07982802391052246, 0.04234854131937027, 0.019281841814517975, 0.20065023005008698, -0.011122260242700577, 0.04997655004262924, -0.0006221415242180228, 0.004690530244261026, 0.13064032793045044, 0.08984923362731934, 0.03514862060546875, -0.03532916679978371, -0.009545229375362396, 0.056519147008657455, -0.33888959884643555, 0.526333212852478, 0.4319078326225281, -0.5680777430534363, 0.6299462914466858, 0.30644896626472473, 0.11169654130935669, -0.09813375025987625, -0.4664337635040283, 1.2235373258590698, -1.1589069366455078, 0.23198778927326202, 0.0, -0.38999998569488525, 0.47999998927116394, 0.012645297683775425, 0.2464054822921753, 0.9690790772438049, 0.0032153106294572353, 0.7032480835914612, 0.3332497179508209, -0.4085558354854584, 0.4769371747970581, 0.032296422868967056, -0.437557190656662, 0.49238479137420654, -0.004611300304532051, 0.5184435248374939, 0.8529707193374634, -0.060298074036836624, 0.09402269124984741, 0.046218760311603546, -0.879903256893158, 0.9097038507461548, 2.200579881668091, 0.7463112473487854, 0.05099981278181076, -0.38464778661727905, 0.5349739193916321, -0.03426959738135338, 0.7302935719490051, 0.6790849566459656, -0.06588231027126312, 0.1292613446712494, -0.14711332321166992, -0.6400558352470398, 1.7042548656463623, 1.8735233545303345, 2.3372244834899902, 0.0868513360619545, -0.41162726283073425, 0.523469090461731, 0.0654723048210144, -0.2887319326400757, 0.9318552613258362, -0.20974503457546234, 0.2314453274011612, -0.12482226639986038, -0.8795999884605408, 7.6039276123046875, 3.4176480770111084, 1.7592653036117554, 0.0720420703291893, -0.3348172605037689, 0.5269292593002319, -0.21645210683345795, 0.9735191464424133, 0.0704147219657898, 0.02122948318719864, 0.07890426367521286, -0.03098573535680771, -0.43121466040611267, 4.190361976623535, 1.6293426752090454, -0.5126615166664124, -0.045087989419698715, -0.33836597204208374, 0.5476598143577576, -0.2268572896718979, -0.07916773110628128, 0.9599876403808594, 0.14384688436985016, 0.5369820594787598, -0.5555044412612915, 0.06698032468557358, 7.257934093475342, 7.949058532714844, 1.3720523118972778, 0.09075362235307693, 0.4960296154022217, 0.1913055032491684, -0.002912068273872137, 2.239508648926858e-05, -0.0013417075388133526, 0.047765232622623444, 0.3681274652481079, 0.2922571003437042, 0.0003939035814255476, -0.003345311153680086, -0.0005826490232720971, 0.14756083488464355, -0.5872658491134644, 0.3839819133281708, 0.010472853668034077, 0.0009823535801842809, -0.00197488721460104, 0.1788937896490097, 0.26451367139816284, -0.32636117935180664, 0.00865823496133089, -0.004631665535271168, -0.0012050858931615949, -0.4652518332004547, -0.26002946496009827, 0.26630672812461853, 0.001589012797921896, -0.002101201331242919, 0.0007466560928151011, -1.0, -1.0, 1.0, -1.0, 1.0, 1.0, 0.9471986889839172, 0.7643817663192749, 1.0, 1.0, -1.0, 0.7799603939056396, -0.6120856404304504, 1.0, 1.0, -0.4577895998954773, 1.0, 1.0, -1.0, 1.0]
[-0.8880612254142761, -0.26121753454208374, 0.987350583076477, -0.9793505668640137, 0.7990712523460388, 0.851474940776825, 0.8291117548942566, 0.6305195093154907, 0.36644989252090454, 0.3578847348690033, -0.041522618383169174, 0.2219371199607849, -1.0000048875808716, -0.811919629573822, -0.7385136485099792, 0.06210816651582718, 0.9990346431732178, 1.0000226497650146, 1.000004529953003, -0.7252826690673828, 0.9999422430992126, 0.9997140765190125, -0.6429297924041748, 1.0000009536743164, -0.03614566847681999, -1.0854876041412354, -0.0018285781843587756, -0.05483504757285118, 0.365401953458786, 0.4573100507259369, -0.2485615760087967, 0.13225850462913513, 0.16589704155921936, 0.24784433841705322, -0.22050678730010986, 0.2735069990158081, 7.172811456257477e-05, -0.31809374690055847, 0.19123119115829468, 0.19768600165843964, 0.1466953009366989, 4.313208137318725e-06, -2.7474817443362554e-07, 1.0614866018295288, -0.0037390762008726597, -0.0025531500577926636, -0.410851389169693, -4.780882818522514e-07, 1.3454676866531372, 2.1112825870513916, 0.037569958716630936, 0.0947670266032219, 0.0016750680515542626, -0.009718358516693115, 0.012138635851442814, 0.05213893577456474, -0.0081787109375, -0.0091981440782547, 0.04826054722070694, 0.024327469989657402, 0.07418745756149292, 0.039321087300777435, 0.18472936749458313, -0.003553591202944517, -0.010342512279748917, -0.01537596620619297, 0.0018291149754077196, 0.09199526160955429, 0.1187957227230072, 0.04524824768304825, -0.018408846110105515, -0.005025852471590042, 0.05775555223226547, -0.3404523730278015, 0.5188620686531067, 0.42683836817741394, -0.6025980114936829, 0.6192331910133362, 0.2668985426425934, 0.05123007297515869, -0.07408533990383148, -0.3982064723968506, 1.0372542142868042, -0.6898400187492371, 0.07853922247886658, 0.0, -0.38999998569488525, 0.47999998927116394, 0.012645297683775425, 0.2464054822921753, 0.9690790772438049, 0.0032153106294572353, 0.7345449924468994, 0.3381069600582123, -0.3694501519203186, 0.4578581154346466, 0.03298034891486168, -0.43628188967704773, 0.47852659225463867, 0.006812534295022488, 0.509836733341217, 0.8570926189422607, -0.0735674649477005, 0.006225102581083775, 0.09621547907590866, -0.7550953030586243, 1.0802885293960571, 1.9199861288070679, 0.5319279432296753, 0.05309436842799187, -0.3868432343006134, 0.5245635509490967, -0.03675545006990433, 0.7166453003883362, 0.6910718083381653, -0.08653460443019867, 0.06442297250032425, -0.10328846424818039, -0.54584139585495, 2.33992862701416, 1.6071487665176392, 1.5896286964416504, 0.08902866393327713, -0.41211166977882385, 0.5107308030128479, 0.0802534744143486, -0.34433218836784363, 0.9097873568534851, -0.2174430638551712, 0.12308045476675034, -0.05708856135606766, -0.7752677798271179, 5.193080902099609, 2.2413671016693115, 1.250610589981079, 0.07333606481552124, -0.3364490568637848, 0.520292341709137, -0.20779111981391907, 0.9721254110336304, 0.10726962983608246, 0.016973158344626427, 0.03566768765449524, -0.027592167258262634, -0.3527638912200928, 4.034682273864746, 1.3854964971542358, -1.0392817258834839, -0.037028517574071884, -0.34588944911956787, 0.5479707717895508, -0.14487390220165253, -0.12965679168701172, 0.9693293571472168, 0.15033695101737976, 0.6510293483734131, -0.5638465881347656, 0.014580637216567993, 7.195795059204102, 9.176218032836914, 1.7641648054122925, 0.31967297196388245, 0.6355254650115967, 0.2418404221534729, -0.00018547778017818928, -0.0010451098205521703, -0.00236292602494359, 0.24402636289596558, 0.5647780895233154, 0.1222587376832962, -0.0007264738669618964, -0.0033405227586627007, -0.0009502919274382293, 0.3559022545814514, -0.9307525157928467, 0.4861469268798828, 0.025359798222780228, 0.0015397544484585524, -0.002449857071042061, 0.18903137743473053, 0.0012812349013984203, -0.48429739475250244, 0.001848333515226841, -0.0020101473201066256, 0.0009538466110825539, -0.2166488915681839, -0.3995046615600586, 0.3862370252609253, 0.0026080987881869078, -0.0015594718279317021, -3.5701254091691226e-05, -0.8146046996116638, -1.0, 1.0, -1.0, 1.0, 1.0, 0.862364649772644, 0.6094556450843811, 1.0, 0.742878794670105, -1.0, 0.7796791791915894, -0.4106738567352295, 1.0, 1.0, -0.18399161100387573, 1.0, 1.0, -1.0, 1.0]
[-0.9090577960014343, -0.40069669485092163, 0.9889766573905945, -0.9850237965583801, 0.8339949250221252, 0.8952605128288269, 0.786339282989502, 0.635691225528717, 0.37222111225128174, 0.3790891170501709, -0.08039842545986176, 0.23021264374256134, -0.997944712638855, -0.8259062767028809, -0.6890712976455688, 0.10987642407417297, 1.0000134706497192, 1.0000224113464355, 1.0000044107437134, -0.626678466796875, 0.9999890923500061, 0.9994840025901794, -0.7018051743507385, 1.0000008344650269, -0.11039501428604126, -0.9100696444511414, 0.011501259170472622, -0.0499689094722271, 0.300988107919693, 0.37624892592430115, -0.12232127040624619, -0.002825273899361491, -0.022545702755451202, 0.10004078596830368, -0.11879431456327438, 0.03934090957045555, 0.04929300770163536, -0.03511502966284752, 0.24685192108154297, 0.17427223920822144, -2.4678285626578145e-05, -1.2996700888834312e-06, -2.731417794166191e-07, 1.3016033172607422, -0.0015648258849978447, -0.0022389309015125036, -0.34354278445243835, -4.901037868876301e-07, -1.6046346426010132, 2.1726646423339844, -0.04464641585946083, 0.10531105101108551, 0.004849759396165609, -0.008891995996236801, 0.007978900335729122, 0.03830844908952713, -0.02156059257686138, -0.01843905821442604, -0.020899944007396698, 0.10300804674625397, 0.044349998235702515, 0.021007902920246124, 0.12429050356149673, -0.012794403359293938, 0.036566112190485, -0.0050335354171693325, 0.002116980031132698, 0.06992640346288681, 0.10478683561086655, 0.036715153604745865, -0.011491509154438972, -0.0013339590514078736, 0.05878659337759018, -0.3416697680950165, 0.5129204392433167, 0.43592536449432373, -0.6262186765670776, 0.5984162092208862, 0.24437111616134644, 0.06888286769390106, -0.0592077374458313, -0.29481247067451477, 0.9651889204978943, 0.02750287391245365, 0.19354788959026337, 0.0, -0.38999998569488525, 0.47999998927116394, 0.012645297683775425, 0.2464054822921753, 0.9690790772438049, 0.0032153106294572353, 0.7526199817657471, 0.35265111923217773, -0.35022398829460144, 0.4319069981575012, 0.033434443175792694, -0.4342036843299866, 0.46684694290161133, 0.015785811468958855, 0.5011746883392334, 0.8608984351158142, -0.08618930727243423, 0.04448332637548447, 0.1393975019454956, -0.621900737285614, 0.9813259243965149, 1.6211038827896118, 0.8603187799453735, 0.05492754280567169, -0.38840100169181824, 0.5156257748603821, -0.03755265474319458, 0.6968684196472168, 0.7087032198905945, -0.10345936566591263, 0.10440780967473984, -0.08026750385761261, -0.43349018692970276, 3.813859701156616, 1.7348636388778687, 1.1684415340423584, 0.09094294905662537, -0.41210538148880005, 0.49904900789260864, 0.09057421237230301, -0.3826811611652374, 0.8918775916099548, -0.2233959138393402, 0.14655305445194244, 0.0025988761335611343, -0.6964797973632812, 3.93194317817688, 1.7109829187393188, 1.107702612876892, 0.0743979960680008, -0.3378022313117981, 0.5149338245391846, -0.19891807436943054, 0.9693665504455566, 0.1433636099100113, 0.014380532316863537, 0.0479888990521431, 0.004265618044883013, -0.2764906585216522, 3.8409407138824463, 1.107499361038208, -0.6202937960624695, -0.02744164690375328, -0.35337039828300476, 0.5472911596298218, -0.05576531961560249, -0.17641973495483398, 0.9712530970573425, 0.14977864921092987, 0.7630089521408081, -0.5470576286315918, -0.09918221086263657, 6.759303569793701, 9.472816467285156, 2.7328054904937744, -0.26410722732543945, 0.6787358522415161, 0.28087180852890015, 0.0012890417128801346, 0.0017360184574499726, -0.0007833326235413551, -0.2286958545446396, 0.7015669345855713, -0.0046336716040968895, -0.007915553636848927, -0.0018444482702761889, -0.00031061144545674324, -0.2587299942970276, -0.6879535913467407, 0.45569199323654175, 0.010688601061701775, -0.000319345504976809, -0.0008923981804400682, -0.12335614114999771, 0.2359357327222824, -0.307443231344223, 0.00565601559355855, -0.0007035682210698724, -0.004839887376874685, -0.17752161622047424, -0.38950857520103455, 0.2079763412475586, 0.002378100296482444, 0.0015063852770254016, 0.0033905403688549995, -0.45183464884757996, -1.0, 1.0, -1.0, 1.0, 1.0, 0.7795333862304688, 0.46278470754623413, 1.0, 0.43342655897140503, -0.8875645399093628, 0.7059078812599182, -0.3574943542480469, 1.0, 1.0, -0.004719734191894531, 1.0, 1.0, -1.0, 1.0]
