0
[0.0, 0.0, 0.0, 0.0, 0.0, 0.0, 0.0, 0.0, 0.0, 0.0, 0.0, 0.0, 0.0, 0.0, 0.0, 0.0, 0.0, 0.0, 0.0, 0.0, 0.0, 0.0, 0.0, 0.0, 0.0, 0.0, 0.0, 0.0, 0.0, 0.0, 0.0, 0.0, 0.0, 0.0, 0.0, 0.0, 0.0, 0.0, 0.0, 0.0, 0.0, 0.0, 0.0, 0.0, 0.0, 0.0, 0.0, 0.0, 0.0, 0.0, 0.0, 0.0, 0.0, 0.0, 0.0, 0.0, 0.0, 0.0, 0.0, 0.0, 0.0, 0.0, 0.0, 0.0, 0.0, 0.0, 0.0, 0.0, 0.0, 0.0, 0.0, 0.0, 0.0, 0.0, 0.0, 0.0, 0.0, 0.0, 0.0, 0.0, 0.0, 0.0, 0.0, 0.0, 0.0, 0.0, 0.0, 0.0, 0.0, 0.0, 0.0, 0.0, 0.0, 0.0, 0.0, 0.0, 0.0, 0.0, 0.0, 0.0, 0.0, 0.0, 0.0, 0.0, 0.0, 0.0, 0.0, 0.0, 0.0, 0.0, 0.0, 0.0, 0.0, 0.0, 0.0, 0.0, 0.0, 0.0, 0.0, 0.0, 0.0, 0.0, 0.0, 0.0, 0.0, 0.0, 0.0, 0.0, 0.0, 0.0, 0.0, 0.0, 0.0, 0.0, 0.0, 0.0, 0.0, 0.0, 0.0, 0.0, 0.0, 0.0, 0.0, 0.0, 0.0, 0.0, 0.0, 0.0, 0.0, 0.0, 0.0, 0.0, 0.0, 0.0, 0.0, 0.0, 0.0, 0.0, 0.0, 0.0, 0.0, 0.0, 0.0, 0.0, 0.0, 0.0, 0.0, 0.0, 0.0, 0.0, 0.0, 0.0, 0.0, 0.0, 0.0, 0.0, 0.0, 0.0, 0.0, 0.0, 0.0, 0.0, 0.0, 0.0, 0.0, 0.0, 0.0, 0.0, 0.0, 0.0, 0.0, 0.0, 0.0, 0.0, 0.0, 0.0, 0.0, 0.0, 0.0, 0.0, 0.0, 0.0, 0.0, 0.0, 0.0, 0.0, 0.0, 0.0, 0.0, 0.0, 0.0]
[0.3675534129142761, 0.2187688946723938, -0.20403391122817993, -0.6450905799865723, -0.7996746897697449, -0.8692474961280823, -0.014083176851272583, -0.5499908328056335, -0.8001977205276489, -0.9027992486953735, -0.22086197137832642, -0.6960676908493042, -0.6107620000839233, -0.763777494430542, -0.8569754362106323, 0.08874695748090744, -0.828285276889801, -0.7266359329223633, -0.721449613571167, -0.13965275883674622, -0.6051533818244934, 0.2259257435798645, -0.05259188637137413, 0.67374587059021, -0.38325318694114685, 0.28396302461624146, -0.36983343958854675, 1.8622270822525024, 2.028984785079956, 0.41038718819618225, 0.5834973454475403, 1.6217663288116455, -0.4667585790157318, -0.18898238241672516, -0.3253450095653534, -0.41232940554618835, 1.9458082914352417, 0.45785626769065857, 0.8395358324050903, 0.5144217610359192, 1.9674376249313354, -0.4494086802005768, -0.12483669817447662, -1.1565438508987427, 1.4576371908187866, 0.18263757228851318, -0.7893399000167847, 0.4331149160861969, -10.125238418579102, 3.4832942485809326, -0.4916314482688904, 0.7667421698570251, 0.5202255249023438, 0.2209031879901886, -0.22850237786769867, 0.5089246034622192, 0.1516299694776535, 0.0395883284509182, -0.4347444772720337, 0.1523340344429016, 0.2197183072566986, 0.10774320363998413, 0.6554802656173706, -0.2616509199142456, 1.096257209777832, 0.41077348589897156, 0.13672508299350739, -0.06619393825531006, 0.6869251132011414, 0.40213650465011597, -0.19998130202293396, -0.05080711841583252, -0.0065280599519610405, -0.3987710475921631, 0.5316818952560425, 0.28031572699546814, 0.5564681887626648, -0.6987492442131042, 0.35144779086112976, -0.08135014027357101, 0.31365102529525757, 0.39547714591026306, -0.8027852177619934, -6.130187511444092, 1.206137776374817, 0.0, -0.38999998569488525, 0.47999998927116394, -0.6623125672340393, 0.30807608366012573, -0.5883525013923645, 0.3468034863471985, 0.44211429357528687, -0.5430024266242981, -0.4904678761959076, 0.5187721252441406, -0.016832558438181877, -0.45145246386528015, 0.517008364200592, 0.032141294330358505, -0.4812835156917572, 0.8741512298583984, -0.05650309845805168, 0.5012264251708984, 0.4569920003414154, 1.3951342105865479, -22.788347244262695, -2.4916329383850098, 3.791949510574341, 0.0008880442474037409, -0.4525626599788666, 0.5219112038612366, 0.014770057052373886, -0.4609585702419281, 0.8868479132652283, -0.028278816491365433, 0.15911544859409332, 0.28184056282043457, 0.7760261297225952, -6.235199451446533, -0.4442606568336487, -0.9989439249038696, 0.027363570407032967, -0.44798827171325684, 0.5176331996917725, 0.02783082239329815, -0.3955674171447754, 0.9159209132194519, -0.06197251379489899, 0.492648184299469, 0.28678271174430847, 0.43225428462028503, -11.305719375610352, -1.2262696027755737, 3.5559921264648438, 0.042191535234451294, -0.4428218901157379, 0.5127992630004883, -0.014467937871813774, -0.455873966217041, 0.8895983099937439, -0.024172456935048103, 0.060962215065956116, 0.35341641306877136, 1.2841686010360718, -10.497126579284668, -3.9709575176239014, -0.8025381565093994, -0.0764627531170845, -0.3695267140865326, 0.5190175175666809, -0.15867085754871368, -0.5558850169181824, 0.7996889352798462, 0.1622123420238495, 0.31722205877304077, 0.05338162183761597, 0.794765293598175, -11.18986988067627, 1.5763437747955322, 2.5543859004974365, -2.6573636531829834, -6.862351894378662, 1.220495581626892, 0.11796793341636658, -0.01603800244629383, 0.006306628230959177, -1.3441060781478882, -2.197726011276245, 0.8331458568572998, 0.006622440181672573, -0.0004986305721104145, 0.00026439863722771406, -2.4240078926086426, -2.8281540870666504, 0.6456231474876404, 0.06532088667154312, -0.0118474205955863, 0.008910467848181725, -1.13322114944458, -5.75805139541626, 1.8041093349456787, 0.050354305654764175, 0.004764699377119541, 0.012283088639378548, -2.519237518310547, -5.265516757965088, 0.3644961416721344, 0.04315581172704697, -0.010499341413378716, 0.01646181009709835, -1.0, 1.0, -1.0, 1.0, 1.0, 0.989332914352417, 1.0, -1.0, -1.0, -1.0, 1.0, 1.0, 1.0, 1.0, -1.0, -0.8183038830757141, 1.0, 1.0, -0.9978259801864624, 1.0]
[0.316982626914978, 0.29100918769836426, -0.19742988049983978, -0.5406365990638733, -0.6057575345039368, -0.8041461706161499, 0.040978364646434784, -0.46061965823173523, -0.8388667702674866, -0.9186710119247437, -0.19450776278972626, -0.6681663393974304, -0.5065606236457825, -0.6658575534820557, -0.810116708278656, 0.08272227644920349, -0.6733635067939758, -0.6878904104232788, -0.729067325592041, -0.2530284821987152, -0.4912579655647278, 0.33090999722480774, -0.1923152506351471, 0.5678535103797913, -0.04474925994873047, 0.6384104490280151, -0.008747488260269165, 0.7393876910209656, 1.6885004043579102, 0.9531232118606567, 0.10914231836795807, 0.22380207479000092, -0.29730871319770813, -0.11850091069936752, 0.10727056115865707, 0.349957674741745, 0.2946487367153168, 1.0567446947097778, 0.2265426367521286, -0.11593178659677505, 1.446045160293579, 0.9400844573974609, 0.05780547857284546, -1.5261785984039307, 0.47442951798439026, 0.2906237244606018, -0.891791045665741, -1.7641741037368774, 8.917068481445312, 2.8965089321136475, 0.09474518895149231, 0.18352442979812622, 0.004833601880818605, 0.02195754647254944, 0.3648328185081482, -0.6025277376174927, -0.2516380548477173, -0.09092971682548523, 0.30563196539878845, 0.21998657286167145, -0.11982396245002747, -0.05233211815357208, 0.39900127053260803, 0.2551821172237396, 0.2244245707988739, 0.2387235164642334, 0.10406777262687683, -0.10126584023237228, -0.2770985960960388, -0.1598329246044159, 0.1556091457605362, -0.020334618166089058, -0.007159168366342783, -0.3917206823825836, 0.5419727563858032, 0.3364095985889435, 0.47468626499176025, -0.6612423062324524, 0.47356104850769043, -0.05077427625656128, 0.5376945734024048, 0.7438443899154663, -1.4638255834579468, -0.5709505081176758, 0.25087639689445496, 0.0, -0.38999998569488525, 0.47999998927116394, -0.6623125672340393, 0.30807608366012573, -0.5883525013923645, 0.3468034863471985, 0.5058833360671997, -0.6171464920043945, -0.3687307834625244, 0.476707398891449, -0.014618446119129658, -0.44566088914871216, 0.5320174098014832, 0.02606959454715252, -0.33171528577804565, 0.940646767616272, -0.06684912741184235, -0.029556754976511, 0.6460077166557312, 1.0570846796035767, -19.91668128967285, -2.656022787094116, 0.34381991624832153, 0.0025514685548841953, -0.44914698600769043, 0.5324939489364624, 0.012568224221467972, -0.42957744002342224, 0.9025225043296814, -0.02753710374236107, -0.012639756314456463, 0.19619600474834442, 0.5571616291999817, -2.2209274768829346, -0.23706907033920288, -0.3216789662837982, 0.02946440316736698, -0.44439995288848877, 0.5274154543876648, 0.02297811396420002, -0.29080843925476074, 0.9541251063346863, -0.0674370676279068, -0.036123596131801605, 0.3568374812602997, 0.7188383340835571, -11.598892211914062, -1.502460241317749, -0.26900148391723633, 0.04417204484343529, -0.4371808171272278, 0.529265820980072, -0.02043023146688938, -0.3653812110424042, 0.9299501180648804, -0.03566503897309303, -0.022758856415748596, 0.5853202939033508, 1.3003753423690796, -15.974835395812988, -1.8048676252365112, 0.1606360673904419, -0.07453508675098419, -0.3668649196624756, 0.527381420135498, -0.12069346010684967, -0.49008357524871826, 0.8574828505516052, 0.09987115114927292, 0.15844208002090454, 0.27630549669265747, 0.5626131296157837, -10.104528427124023, 2.5956456661224365, 10.963850021362305, 0.5594562292098999, -0.7150976657867432, 0.052590262144804, 0.011231080628931522, -0.006655040662735701, 0.004505529534071684, 2.143497943878174, 3.3365747928619385, -0.29578062891960144, -0.04088109731674194, 0.009626456536352634, -0.007200626656413078, 1.7471259832382202, 0.9667149186134338, 0.36759498715400696, -0.037831395864486694, 0.004461865872144699, -0.006060858257114887, 1.5949171781539917, -2.8712666034698486, 1.1058189868927002, 0.060998767614364624, 0.005641616880893707, -0.001112525351345539, 1.2062464952468872, 1.4100204706192017, -0.3818928003311157, -0.010491850785911083, -0.03963456302881241, 0.009172769263386726, 1.0, 1.0, -1.0, 0.2619079351425171, 0.38751572370529175, 1.0, -1.0, -1.0, -1.0, -0.9118469953536987, -1.0, 1.0, 1.0, 0.8164280652999878, 0.5259407162666321, -1.0, -0.3748509883880615, 1.0, -1.0, -0.9719430208206177]
[0.3320179581642151, 0.39140740036964417, -0.1471482366323471, -0.4285445809364319, -0.5516320466995239, -0.6878268122673035, 0.10705152153968811, -0.48212766647338867, -0.8661604523658752, -0.9290391802787781, -0.25009071826934814, -0.6487994194030762, -0.5328724384307861, -0.609557032585144, -0.6707651615142822, 0.1346544474363327, -0.5717436075210571, -0.6672956943511963, -0.7177374362945557, -0.37087705731391907, -0.4351021647453308, 0.43785691261291504, -0.32779279351234436, 0.362650066614151, 0.13714970648288727, 0.7459428906440735, 0.20736394822597504, 1.305989146232605, -0.14145047962665558, 0.8035351634025574, 0.4343016743659973, -0.5190359950065613, -0.22789132595062256, -0.08308079093694687, -0.4106265604496002, 0.08304069191217422, -0.5291286110877991, 0.08554587513208389, 0.8745471835136414, 0.40298858284950256, 0.6735045909881592, -0.20445580780506134, 0.034667935222387314, -1.4145382642745972, 0.37355509400367737, 0.25268688797950745, -0.7988107800483704, -1.9591515064239502, 4.689210414886475, 0.9276083111763, 0.14252573251724243, 0.2958747148513794, -0.030574584379792213, -0.051905494183301926, 0.31394872069358826, -0.2307441532611847, -0.09549973905086517, -0.034308113157749176, 0.043526194989681244, -0.036747947335243225, -0.07645638287067413, -0.0665702074766159, 0.4223862290382385, 0.30907994508743286, -0.014913516119122505, -0.10806708037853241, -0.055134598165750504, 0.012464857660233974, -0.010988803580403328, -0.03348502889275551, 0.06324712932109833, 0.02506634220480919, -0.0079265171661973, -0.3830249011516571, 0.5526736974716187, 0.32238730788230896, 0.42519861459732056, -0.6694443821907043, 0.5168332457542419, -0.04512670636177063, 0.5080956220626831, 0.6170695424079895, -1.3345898389816284, -0.803848922252655, 0.390473872423172, 0.0, -0.38999998569488525, 0.47999998927116394, -0.6623125672340393, 0.30807608366012573, -0.5883525013923645, 0.3468034863471985, 0.49803704023361206, -0.6448224186897278, -0.30901968479156494, 0.490581214427948, -0.017289012670516968, -0.4384992718696594, 0.5466561913490295, 0.015123565681278706, -0.19658620655536652, 0.9786145091056824, -0.05864040553569794, -0.26498207449913025, 0.6802535057067871, 0.9518148899078369, -13.485017776489258, -1.5512917041778564, -1.6450806856155396, 4.436704330146313e-05, -0.44739389419555664, 0.5404616594314575, 0.0048440913669764996, -0.4238473176956177, 0.9055799245834351, -0.015962792560458183, -0.3110884130001068, 0.06123866140842438, 0.40361467003822327, 0.4444047212600708, -0.33589279651641846, -2.8297080993652344, 0.029593978077173233, -0.44169047474861145, 0.5371653437614441, 0.024501394480466843, -0.2433176338672638, 0.9667696356773376, -0.07451646775007248, 0.0038431959692388773, 0.17387817800045013, 0.557369589805603, -1.951263666152954, 0.21214331686496735, 1.3487454652786255, 0.03977087885141373, -0.4301814138889313, 0.5466724038124084, -0.04914570599794388, -0.27401918172836304, 0.9598169922828674, -0.035349179059267044, -0.510756254196167, 0.5352686047554016, 1.0285207033157349, -8.236655235290527, -4.439153671264648, -2.597381591796875, -0.07569814473390579, -0.3615543246269226, 0.5340815782546997, -0.056482888758182526, -0.41917645931243896, 0.9055734276771545, 0.03221103549003601, 0.03437408059835434, 0.4743075966835022, 0.5155023336410522, -10.41629409790039, 5.135600566864014, 9.028474807739258, 0.7600526809692383, 0.33722811937332153, 0.29531437158584595, -0.04684707149863243, 0.0007767971837893128, -0.002074096817523241, 1.7971618175506592, 1.2752058506011963, -0.11378957331180573, -0.015180028043687344, 0.01235086377710104, -0.008968900889158249, 0.2927219569683075, 1.2602521181106567, -0.15074028074741364, -0.04766642674803734, -0.003208878915756941, 0.003481244435533881, 2.0884504318237305, 1.2890690565109253, 0.23742035031318665, -0.0357985645532608, 0.017321037128567696, -0.004469496663659811, 1.1658514738082886, -0.131223663687706, -0.2807285189628601, -0.0027545143384486437, 0.006412719842046499, -0.004387684632092714, 1.0, 1.0, 0.11819693446159363, 0.5106711387634277, -1.0, 1.0, -1.0, -1.0, -1.0, -0.6717763543128967, -1.0, 0.6367750763893127, 1.0, -0.32194921374320984, -1.0, -1.0, -0.15836197137832642, 1.0, -1.0, -0.8413716554641724]
[0.3866126239299774, 0.49260973930358887, -0.1495555192232132, -0.2976067066192627, -0.5770857930183411, -0.6579922437667847, 0.2193637192249298, -0.4938886761665344, -0.8901404738426208, -0.9378890991210938, -0.3604434132575989, -0.6208618879318237, -0.5989197492599487, -0.6199208498001099, -0.47743016481399536, 0.2468249648809433, -0.5195006132125854, -0.704785943031311, -0.7232832908630371, -0.4491688013076782, -0.37390291690826416, 0.529809832572937, -0.443874329328537, 0.18579135835170746, 0.2539310157299042, 0.6925064921379089, 0.042218130081892014, 1.0490707159042358, -0.27773749828338623, 0.020700568333268166, 0.3565525710582733, 0.21798661351203918, -0.21621480584144592, -0.08193136751651764, -0.4744578003883362, 0.3533969223499298, -0.6487781405448914, -0.18262632191181183, 0.900973916053772, 0.49884387850761414, 0.38012704253196716, -0.420661598443985, -0.1059565469622612, -0.7276827096939087, 0.48019400238990784, 0.21626310050487518, -0.6675764918327332, -1.4616295099258423, 2.680943012237549, -0.7261521816253662, 0.15369363129138947, -0.21184837818145752, -0.09201540052890778, -0.0499238446354866, -0.01227487064898014, 0.22620229423046112, 0.10502684116363525, 0.0400066040456295, 0.09411361068487167, 0.008737528696656227, 0.006250273436307907, -0.0022681907285004854, -0.05031503364443779, 0.08633724600076675, -0.15502317249774933, -0.07598531246185303, -0.03131681680679321, 0.1205061674118042, -0.01480700820684433, -0.02407412976026535, -0.004285292699933052, 0.019289545714855194, -0.008713383227586746, -0.37500253319740295, 0.5614998936653137, 0.3064723610877991, 0.38119280338287354, -0.6721655130386353, 0.5558419227600098, -0.048078298568725586, 0.4680950939655304, 0.5071004629135132, -1.1846193075180054, -0.6128576397895813, 0.41541704535484314, 0.0, -0.38999998569488525, 0.47999998927116394, -0.6623125672340393, 0.30807608366012573, -0.5883525013923645, 0.3468034863471985, 0.4916244149208069, -0.6645400524139404, -0.25296393036842346, 0.5026940703392029, -0.021010447293519974, -0.4298178553581238, 0.5600079894065857, 0.010824579745531082, -0.11464046686887741, 0.9920294880867004, -0.05116414651274681, -0.2855815887451172, 0.6264312863349915, 0.7160206437110901, -7.395792484283447, -0.6104356646537781, -1.4370068311691284, -0.00589318573474884, -0.4447267949581146, 0.5488754510879517, -0.011106654070317745, -0.41259512305259705, 0.9108182191848755, 0.007211570627987385, -0.4066741466522217, 0.2694583833217621, 0.609829843044281, -3.0377492904663086, -0.5989208817481995, -3.0041816234588623, 0.02866945043206215, -0.4387764632701874, 0.5465996861457825, 0.031996384263038635, -0.23235666751861572, 0.9685587286949158, -0.08294866234064102, -0.07990461587905884, 0.21273687481880188, 0.5678554773330688, -1.1302266120910645, 0.6790027022361755, 1.0073862075805664, 0.031160373240709305, -0.4233778417110443, 0.5609493851661682, -0.09064894169569016, -0.22265994548797607, 0.970317006111145, -0.026269178837537766, -0.6480687856674194, 0.4836789071559906, 0.7699621319770813, -4.6497297286987305, -4.6431660652160645, -2.8285181522369385, -0.07781720161437988, -0.35464373230934143, 0.5402932167053223, 0.011339531280100346, -0.3503074645996094, 0.9365630149841309, 0.002418685704469681, -0.007374245673418045, 0.5487667918205261, 0.43450552225112915, -8.113012313842773, 7.057976722717285, 4.153213977813721, 0.8596301078796387, 1.351744532585144, -0.6840953230857849, -0.02964767813682556, 0.0033250392880290747, -0.007515095639973879, -0.06403331458568573, -1.4017808437347412, 0.038639482110738754, 0.018979893997311592, -0.005059507209807634, 0.0023925113491714, 0.5395028591156006, -0.008479700423777103, -0.06390926986932755, -0.002395386341959238, 0.0012741107493638992, -0.0021262913942337036, 0.6158552169799805, 1.081613302230835, -0.3057311475276947, -0.01509261503815651, 0.0016864704666659236, -0.004631069954484701, 0.46048736572265625, 0.26426801085472107, 0.03325577452778816, -0.010468670167028904, 0.011921749450266361, -0.012053101323544979, 1.0, 1.0, -0.5660805702209473, 0.3825042247772217, -0.7743410468101501, 1.0, -0.31719595193862915, -1.0, -1.0, -0.3606269061565399, -1.0, 0.5626042485237122, 1.0, -0.3670606315135956, -1.0, -0.6839315295219421, 0.02241765893995762, 1.0, -1.0, -0.6035950779914856]
[0.46256008744239807, 0.5842683911323547, -0.1520450860261917, -0.19378603994846344, -0.624061644077301, -0.6661059856414795, 0.304921418428421, -0.4682105779647827, -0.9100452661514282, -0.9455069899559021, -0.4678105115890503, -0.5714371204376221, -0.6554277539253235, -0.639937162399292, -0.32509472966194153, 0.36433687806129456, -0.4677887558937073, -0.7502484321594238, -0.7370367646217346, -0.48083189129829407, -0.2877538204193115, 0.6071776747703552, -0.539796769618988, 0.059646833688020706, 0.3056495189666748, 0.6136821508407593, -0.0027892731595784426, 0.8940472602844238, -0.5138890147209167, -0.1353636234998703, 0.3178299367427826, 0.26699957251548767, -0.16587701439857483, -0.06317970901727676, -0.42169004678726196, 0.5163331031799316, -0.45135265588760376, -0.1738726794719696, 0.5970996618270874, 0.4756597578525543, 0.5287920236587524, -0.417362779378891, -0.13837957382202148, -0.21254883706569672, 0.698514461517334, 0.1810939610004425, -0.5494042634963989, -1.009714961051941, 1.0979490280151367, -1.0761754512786865, 0.0311367679387331, -0.1266758292913437, -0.05979074537754059, -0.025788789615035057, 0.022616030648350716, -0.07236986607313156, -0.019057486206293106, -0.004662440624088049, 0.06258522719144821, -0.04041852056980133, 0.008323767222464085, 0.007075839210301638, -0.23678499460220337, -0.016226211562752724, -0.13239480555057526, -0.04109326750040054, -0.012661175802350044, 0.10098352283239365, 0.007520425133407116, -0.003093970473855734, -0.013230097480118275, 0.011954603716731071, -0.009521661326289177, -0.36770424246788025, 0.5686569809913635, 0.28951287269592285, 0.3434625267982483, -0.6710242033004761, 0.5898661613464355, -0.04855505749583244, 0.4250510334968567, 0.4088025689125061, -1.027039885520935, -0.5282440185546875, 0.44950205087661743, 0.0, -0.38999998569488525, 0.47999998927116394, -0.6623125672340393, 0.30807608366012573, -0.5883525013923645, 0.3468034863471985, 0.4864303469657898, -0.6773730516433716, -0.2023358792066574, 0.5134310126304626, -0.02548876963555813, -0.42152583599090576, 0.5703538656234741, 0.009118838235735893, -0.06863785535097122, 0.996808648109436, -0.03972474858164787, -0.27929332852363586, 0.550480842590332, 0.5533710718154907, -4.288801193237305, -0.17166148126125336, -1.4978138208389282, -0.012368383817374706, -0.4403674006462097, 0.5579360723495483, -0.026170942932367325, -0.388070285320282, 0.9207930564880371, 0.02926979772746563, -0.42441147565841675, 0.31826600432395935, 0.548324465751648, -3.245213747024536, -0.4648670256137848, -3.0742413997650146, 0.02644369751214981, -0.4348962903022766, 0.5559821128845215, 0.0394500233232975, -0.21618030965328217, 0.9716581106185913, -0.08712241798639297, -0.14810551702976227, 0.2915119528770447, 0.5598132014274597, -2.5493569374084473, 0.5298868417739868, 0.4912574589252472, 0.021897409111261368, -0.4162819981575012, 0.5720443725585938, -0.12668675184249878, -0.18413779139518738, 0.9746211171150208, -0.012547537684440613, -0.6039265394210815, 0.5061852931976318, 0.5898256897926331, -4.031574726104736, -3.4074060916900635, -3.0247139930725098, -0.07965811342000961, -0.34666532278060913, 0.5463607907295227, 0.07543285191059113, -0.29468703269958496, 0.9525566697120667, 0.01025379728525877, 0.006990211550146341, 0.5841026306152344, 0.3854234218597412, -6.09144926071167, 7.729330062866211, 0.23966479301452637, 0.13008742034435272, 0.785701334476471, -0.4806777834892273, -0.014003267511725426, -3.360374103067443e-05, -0.00013854764983989298, 0.08932840079069138, 0.31629353761672974, -0.13869857788085938, 8.196250564651564e-05, -0.0005540670827031136, -0.00020414390019141138, 0.34195053577423096, -0.062197040766477585, -0.16345727443695068, 0.006142883561551571, 0.001886325771920383, -0.0021096528507769108, -0.11456656455993652, 0.6345449686050415, -0.41437286138534546, -0.0031430015806108713, -0.004882194101810455, -0.004912842996418476, 0.168790802359581, 0.221768319606781, 0.13197189569473267, -0.00845938827842474, 0.009253952652215958, -0.008019098080694675, 1.0, 1.0, -0.47052693367004395, 0.36815881729125977, -0.9755553603172302, 1.0, -0.37397462129592896, -1.0, -1.0, -0.2309352308511734, -0.8845435380935669, 0.2216222882270813, 1.0, -0.14103266596794128, -1.0, -0.5053723454475403, 0.3022782802581787, 1.0, -1.0, -0.46792563796043396]
[0.5462629199028015, 0.6633601784706116, -0.16571947932243347, -0.10661067068576813, -0.6808083057403564, -0.6832600831985474, 0.3744301497936249, -0.43116381764411926, -0.9259095788002014, -0.9515029788017273, -0.5594077110290527, -0.4971277117729187, -0.6722822189331055, -0.6523199081420898, -0.2326306253671646, 0.4708198010921478, -0.41321006417274475, -0.7913374304771423, -0.7512215971946716, -0.4873274862766266, -0.19744804501533508, 0.6755939722061157, -0.6191281676292419, -0.007218650076538324, 0.3164365291595459, 0.5199413299560547, -0.04491622745990753, 0.7429486513137817, -0.527648389339447, -0.17304641008377075, 0.2292107343673706, 0.40262651443481445, -0.13474717736244202, -0.0506913848221302, -0.3509877026081085, 0.785618245601654, 0.004967643413692713, -0.054119378328323364, 0.33115527033805847, 0.4169228971004486, 0.48878487944602966, -0.35914766788482666, -0.12675927579402924, -0.01049552671611309, 0.6222555041313171, 0.1614934504032135, -0.45526596903800964, -0.4133354127407074, 0.10824661701917648, -1.2037477493286133, -0.0017318368190899491, -0.13070258498191833, -0.044863469898700714, -0.01568947173655033, -0.02998441271483898, -0.05735672265291214, -0.013803048059344292, -0.002970693167299032, 0.030276253819465637, -0.01731572486460209, 0.033774234354496, 0.020886458456516266, -0.23509621620178223, -0.04312094300985336, -0.17802080512046814, -0.0570688471198082, -0.017249662429094315, 0.053401149809360504, -0.103042833507061, -0.054220426827669144, -0.004675350151956081, 0.015488553792238235, -0.010315692983567715, -0.3611503541469574, 0.5743252635002136, 0.2740233838558197, 0.3109900951385498, -0.6652587652206421, 0.6209887266159058, -0.0471293069422245, 0.38047581911087036, 0.32128259539604187, -0.8660281300544739, -0.5025420784950256, 0.4989863336086273, 0.0, -0.38999998569488525, 0.47999998927116394, -0.6623125672340393, 0.30807608366012573, -0.5883525013923645, 0.3468034863471985, 0.48434239625930786, -0.6852908730506897, -0.1557464897632599, 0.5210871696472168, -0.029749616980552673, -0.41379255056381226, 0.5783714056015015, 0.00940724741667509, -0.0401170514523983, 0.998738169670105, -0.02870827168226242, -0.24758730828762054, 0.48706626892089844, 0.4225654900074005, -2.8116140365600586, 0.050582729279994965, -1.3625494241714478, -0.01865469291806221, -0.4353019595146179, 0.5661239624023438, -0.03946337848901749, -0.36019185185432434, 0.9306802153587341, 0.050385940819978714, -0.377959668636322, 0.3671454191207886, 0.5019136667251587, -3.677306890487671, -0.2099936306476593, -2.7182044982910156, 0.02337994985282421, -0.42945754528045654, 0.5654144287109375, 0.044137585908174515, -0.17619110643863678, 0.979390025138855, -0.08833764493465424, -0.19595028460025787, 0.455299437046051, 0.5875556468963623, -6.212181568145752, -0.19422273337841034, 0.29072651267051697, 0.01366400346159935, -0.40942642092704773, 0.5801962614059448, -0.1527353674173355, -0.15222038328647614, 0.976462721824646, 0.004626680631190538, -0.49595966935157776, 0.45179104804992676, 0.4132053256034851, -3.0444984436035156, -2.2176101207733154, -2.9898672103881836, -0.08084703236818314, -0.33862748742103577, 0.5515868663787842, 0.12247775495052338, -0.2534211277961731, 0.9587936997413635, 0.03861924633383751, 0.00578908110037446, 0.5200608372688293, 0.28990495204925537, -4.422773838043213, 5.532984733581543, -2.0926644802093506, -0.06606646627187729, 0.6080896258354187, -0.43579477071762085, -0.006568128243088722, -0.00020374807354528457, 0.001058797468431294, -0.21970234811306, 0.24740299582481384, -0.14379151165485382, 0.0007403520867228508, -0.0022857387084513903, 0.0010182398837059736, 0.13659290969371796, -0.3896459639072418, -0.09075953811407089, 0.015041771344840527, 0.0015806545270606875, -0.0011249518720433116, -0.32302114367485046, 0.8257964253425598, -0.5030641555786133, -0.004862718749791384, -0.005272950045764446, -0.0030096559785306454, 0.19567731022834778, 0.908170223236084, 0.030359096825122833, -0.00713014043867588, 0.012357720173895359, 0.0019666124135255814, 1.0, 1.0, -0.630935788154602, 0.37315595149993896, -1.0, 1.0, -0.24898996949195862, -1.0, -1.0, 0.032137610018253326, -0.5832406282424927, -0.006932588294148445, 1.0, -0.14841720461845398, -1.0, -0.46265286207199097, 0.2454403042793274, 1.0, -1.0, -0.15214012563228607]
[0.628755509853363, 0.7295073866844177, -0.19094416499137878, -0.031146405264735222, -0.7313320636749268, -0.701042652130127, 0.4293781816959381, -0.401699036359787, -0.9381449222564697, -0.9560040831565857, -0.6347076296806335, -0.3852013349533081, -0.6376258134841919, -0.6493265628814697, -0.18561995029449463, 0.5624070763587952, -0.35337647795677185, -0.8265329003334045, -0.7638197541236877, -0.47684699296951294, -0.13563725352287292, 0.7372630834579468, -0.6841835975646973, -0.02478915825486183, 0.29948481917381287, 0.43083739280700684, -0.13625091314315796, 0.6760644316673279, -0.43297329545021057, -0.15710954368114471, 0.23140206933021545, 0.2007424384355545, -0.10260023921728134, -0.036717358976602554, -0.28680387139320374, 1.1775078773498535, 0.49217724800109863, 0.10428428649902344, 0.15517447888851166, 0.3536094129085541, 0.5869553089141846, -0.3053649365901947, -0.1103270873427391, 0.20455363392829895, 0.34497249126434326, 0.1433286964893341, -0.3725883364677429, -0.03232872113585472, -0.5431679487228394, -1.1054296493530273, -0.0375930555164814, -0.09791554510593414, -0.024465080350637436, -0.006206610705703497, -0.012439467012882233, -0.15052096545696259, -0.05525178462266922, -0.018455855548381805, 0.008593329228460789, 0.021201826632022858, 0.047336645424366, 0.0263687614351511, -0.1816266030073166, -0.046492867171764374, -0.10416723787784576, -0.028582070022821426, -0.0073827472515404224, 0.06007682532072067, -0.17748720943927765, -0.0890827476978302, -0.019057562574744225, 0.004358333069831133, -0.011079680174589157, -0.35535383224487305, 0.5786693096160889, 0.2611149549484253, 0.28335392475128174, -0.6547749638557434, 0.6502301096916199, -0.045009348541498184, 0.33533975481987, 0.2433232218027115, -0.7055542469024658, -0.4933595359325409, 0.5532955527305603, 0.0, -0.38999998569488525, 0.47999998927116394, -0.6623125672340393, 0.30807608366012573, -0.5883525013923645, 0.3468034863471985, 0.4862026274204254, -0.6893455386161804, -0.11262588202953339, 0.5250954031944275, -0.03340068459510803, -0.4065943658351898, 0.5845913290977478, 0.011098201386630535, -0.0178365595638752, 0.9995847344398499, -0.01972205936908722, -0.1894194483757019, 0.4592958986759186, 0.33079078793525696, -2.5791378021240234, 0.2519378960132599, -0.8425983786582947, -0.02429324761033058, -0.4304923713207245, 0.5726755857467651, -0.0505753718316555, -0.3363197445869446, 0.9378218650817871, 0.06943479180335999, -0.3491542935371399, 0.30350202322006226, 0.36092910170555115, -2.463561534881592, -0.2625272572040558, -2.609370231628418, 0.01986772194504738, -0.42150068283081055, 0.5750592350959778, 0.044736411422491074, -0.09940986335277557, 0.9900431632995605, -0.08905467391014099, -0.22698307037353516, 0.6997972726821899, 0.5965461730957031, -10.835760116577148, -1.1306066513061523, 0.4763695299625397, 0.006890826392918825, -0.4029041528701782, 0.586265504360199, -0.17027251422405243, -0.12332220375537872, 0.9773602485656738, 0.023784855380654335, -0.39210912585258484, 0.4444250762462616, 0.32120293378829956, -2.982050657272339, -1.3221807479858398, -3.0466442108154297, -0.0813416838645935, -0.3321281969547272, 0.5554666519165039, 0.15099935233592987, -0.2280701845884323, 0.95930415391922, 0.07013404369354248, 0.02032097801566124, 0.3618510663509369, 0.19877079129219055, -2.4624218940734863, 3.618358850479126, -2.517028570175171, -0.27707812190055847, 0.3530159592628479, -0.32164034247398376, -0.0009113714331761003, -0.0008970389026217163, 0.0035464102402329445, -0.11681464314460754, 0.8098982572555542, -0.17556042969226837, -0.0063073839992284775, 4.491158051678212e-06, -9.621795470593497e-05, -0.018451062962412834, -0.5773638486862183, -0.014874436892569065, 0.01770830526947975, 0.0011346529936417937, -0.0002387164277024567, -0.35392266511917114, 0.4220452308654785, -0.36675602197647095, -0.0010520690120756626, -0.004066410008817911, -0.000929848465602845, -0.1234939694404602, 1.381086826324463, 0.13889819383621216, -0.007982401177287102, 0.006334241479635239, 0.006598182022571564, 1.0, 1.0, -0.7389053702354431, 0.40831971168518066, -0.973012387752533, 1.0, -0.3971843123435974, -1.0, -1.0, 0.4061024785041809, -0.2532481849193573, -0.11221228539943695, 1.0, 0.005235463380813599, -1.0, -0.34958356618881226, 0.033851467072963715, 1.0, -1.0, 0.02069314569234848]
[0.692775547504425, 0.7838816046714783, -0.23223945498466492, 0.03657706826925278, -0.7566972374916077, -0.7137023210525513, 0.48534002900123596, -0.38222840428352356, -0.9481525421142578, -0.9595458507537842, -0.6427584886550903, -0.2765195667743683, -0.5522928237915039, -0.6287828087806702, -0.14957690238952637, 0.605553150177002, -0.26786008477211, -0.8570853471755981, -0.7751156687736511, -0.4572412073612213, -0.11779291927814484, 0.7914375066757202, -0.737586498260498, -0.004579958971589804, 0.19083331525325775, 0.34749844670295715, -0.16870298981666565, 0.598443865776062, -0.12782052159309387, -0.07817535847425461, 0.21355704963207245, 0.17742525041103363, -0.08675751090049744, -0.0306397657841444, -0.01642110012471676, 1.0057371854782104, 0.9411875009536743, 0.26598045229911804, 0.10304051637649536, 0.1400299370288849, 0.8081780672073364, -0.2867147624492645, -0.11265765875577927, 0.262432724237442, 0.007572363596409559, 0.12370716780424118, -0.3060546815395355, 0.29978999495506287, -2.4545278549194336, -1.0933024883270264, -0.0646120011806488, -0.1152077168226242, -0.01763155497610569, -0.00019653147319331765, -0.10976812988519669, -0.08938639611005783, -0.03043420985341072, -0.009670442901551723, -0.1031867265701294, -0.022228742018342018, 0.019295480102300644, 0.015065893530845642, -0.25093355774879456, -0.08832159638404846, -0.18562451004981995, -0.0682232603430748, -0.023134272545576096, 0.05967084318399429, -0.2148188352584839, -0.10441234707832336, -0.031103316694498062, -0.00020865118131041527, -0.011902444064617157, -0.35019564628601074, 0.5817998647689819, 0.2491779774427414, 0.2617986798286438, -0.6464723348617554, 0.671896755695343, -0.11602821201086044, 0.3759990632534027, 0.17489419877529144, -0.7679480314254761, 0.9852409362792969, -1.265904426574707, 0.0, -0.38999998569488525, 0.47999998927116394, -0.6623125672340393, 0.30807608366012573, -0.5883525013923645, 0.3468034863471985, 0.4862886965274811, -0.6909738183021545, -0.07904504984617233, 0.5289899706840515, -0.03568243235349655, -0.3997710347175598, 0.5894769430160522, 0.014133582822978497, 0.00976971723139286, 0.9997182488441467, -0.016372209414839745, -0.08994100242853165, 0.4463527500629425, 0.25433483719825745, -3.6832783222198486, 0.3140329122543335, -0.11116237938404083, -0.02876882813870907, -0.4263521432876587, 0.5776946544647217, -0.060551177710294724, -0.3180137872695923, 0.9422463774681091, 0.08586297929286957, -0.23337511718273163, 0.2621302306652069, 0.2854183614253998, -2.0461409091949463, -0.2384907454252243, -1.9706072807312012, 0.016031552106142044, -0.4125729203224182, 0.5830624103546143, 0.039435166865587234, -0.00011421733506722376, 0.9957542419433594, -0.08317646384239197, -0.21218366920948029, 0.7482591271400452, 0.42608940601348877, -12.618497848510742, -1.7048121690750122, -0.017977630719542503, 0.0023633833043277264, -0.39541012048721313, 0.5918102264404297, -0.18019402027130127, -0.08619915693998337, 0.9791594743728638, 0.03669322654604912, -0.20895539224147797, 0.49550458788871765, 0.28768566250801086, -3.781804084777832, -0.4531327486038208, -2.08366322517395, -0.0812605693936348, -0.3282387852668762, 0.5579980611801147, 0.16277779638767242, -0.21588771045207977, 0.9582653641700745, 0.09286142885684967, 0.025270715355873108, 0.17061056196689606, 0.12125099450349808, -1.147428035736084, 1.2325022220611572, -1.7087206840515137, -0.4745262861251831, 0.30163270235061646, -0.2905852198600769, 0.004327958915382624, 6.539774403790943e-06, 0.003627162426710129, -0.6669557094573975, 0.46706724166870117, -0.17913848161697388, -0.0026644347235560417, -0.002928586909547448, 0.0026055590715259314, -0.7323446869850159, -0.22190943360328674, -0.11728595197200775, 0.011737251654267311, -0.0015358399832621217, 0.006908411160111427, -0.6140964031219482, 0.936229944229126, -0.6310040354728699, -0.00909082405269146, -0.004519297741353512, -0.0015642180806025863, -0.35012781620025635, 1.521052598953247, 0.20687131583690643, -0.004841306712478399, 0.005393396597355604, 0.010443883016705513, 0.7594671249389648, 1.0, -0.8320726752281189, 0.4227919578552246, -0.7807742357254028, 1.0, -0.35296839475631714, -1.0, -1.0, 0.47873932123184204, 0.08038176596164703, -0.12774163484573364, 0.9963793754577637, 0.17278185486793518, -1.0, -0.3238319754600525, -0.22890344262123108, 1.0, -1.0, 0.2314455807209015]
[0.6956111192703247, 0.8259256482124329, -0.2638784348964691, 0.08114244788885117, -0.7602754235267639, -0.7177948951721191, 0.495420902967453, -0.3404582440853119, -0.957247793674469, -0.9628598093986511, -0.6656424403190613, -0.16269275546073914, -0.4383331835269928, -0.5882545113563538, -0.11301343888044357, 0.628933310508728, -0.160541832447052, -0.8861854076385498, -0.7872083783149719, -0.4397115409374237, -0.13075746595859528, 0.836765468120575, -0.781296968460083, 0.06572362780570984, -0.12199383974075317, 0.26884886622428894, -0.1072622761130333, 0.3694896399974823, 0.012222455814480782, -0.012473732233047485, -0.06577976047992706, 0.44932499527931213, -0.07749737799167633, -0.028737664222717285, -0.16757433116436005, 1.1059764623641968, 1.1141716241836548, 0.6277016997337341, 0.21557162702083588, 0.08371949940919876, 1.102280855178833, -0.2387901395559311, -0.09974215924739838, 0.1927432119846344, -0.1532028764486313, 0.10120701789855957, -0.24934256076812744, 0.8298368453979492, -6.511841297149658, -0.8396068811416626, -0.1614924520254135, -0.0893053486943245, -0.018457544967532158, -0.002246170537546277, -0.32458412647247314, -0.07697432488203049, -0.02603776380419731, -0.008287626318633556, -0.20837602019309998, -0.0533849373459816, -0.01682739518582821, 0.01779390312731266, -0.11287767440080643, -0.17364037036895752, 0.04920683428645134, 0.027190838009119034, 0.011121917515993118, 0.09288370609283447, -0.20513319969177246, -0.09446674585342407, -0.0682748481631279, -0.004411991685628891, -0.013652668334543705, -0.34324929118156433, 0.5847889184951782, 0.23333311080932617, 0.23814308643341064, -0.6599441766738892, 0.6732882857322693, -0.10051769018173218, 0.4298064112663269, 0.170074462890625, -0.7210015654563904, -0.3712262213230133, 0.16479836404323578, 0.0, -0.38999998569488525, 0.47999998927116394, -0.6623125672340393, 0.30807608366012573, -0.5883525013923645, 0.3468034863471985, 0.46364709734916687, -0.6992065906524658, -0.06234962120652199, 0.5406052470207214, -0.03528064489364624, -0.3949373662471771, 0.5928834080696106, 0.016541101038455963, 0.03664453700184822, 0.9989674687385559, -0.021156463772058487, 0.11418826133012772, 0.2910653352737427, 0.17344467341899872, -3.1770646572113037, 0.1975892335176468, 1.169582486152649, -0.028781894594430923, -0.42242106795310974, 0.5824072957038879, -0.06136258691549301, -0.2951708137989044, 0.9494258165359497, 0.0877465158700943, 0.16054607927799225, 0.25274184346199036, 0.2966228127479553, -3.0110435485839844, 0.5403690934181213, 0.8037126660346985, 0.015348358079791069, -0.40247607231140137, 0.5890547037124634, 0.03318117558956146, 0.116822250187397, 0.9885163307189941, -0.08992787450551987, 0.03360854089260101, 0.8644974827766418, 0.24984438717365265, -15.317554473876953, -1.9795929193496704, 2.6094470024108887, 0.001050922553986311, -0.3870992958545685, 0.5964857935905457, -0.18669982254505157, -0.04526219516992569, 0.9805715680122375, 0.03967123478651047, 0.0002757944166660309, 0.6181078553199768, 0.26540279388427734, -5.431089401245117, -0.5780705213546753, -0.7689173221588135, -0.0801500603556633, -0.3274209499359131, 0.5594510436058044, 0.1523461490869522, -0.20824575424194336, 0.9607544541358948, 0.10185863822698593, 0.07089073210954666, -0.013086605817079544, 0.08327965438365936, -1.2345507144927979, -2.0428426265716553, -0.551885724067688, -1.1558010578155518, 0.35459911823272705, -0.16894185543060303, 0.003072816412895918, 0.00027985862107016146, 0.008931740187108517, -1.8877267837524414, 0.3957495391368866, -0.21703320741653442, -0.002351382514461875, -0.009771176613867283, 0.009274144656956196, -1.3104182481765747, 0.005937738344073296, -0.18872322142124176, 0.017882969230413437, 0.0007088438724167645, 0.010289860889315605, -0.9470075368881226, -0.45513108372688293, -0.35968250036239624, 0.004294950049370527, -0.00020788049732800573, 0.009799525141716003, -0.7650805711746216, 1.2904138565063477, 0.5321258902549744, 0.0005215900600887835, 0.007829299196600914, 0.011768684722483158, -0.10910765826702118, 1.0, -0.9469329118728638, 0.18525183200836182, -0.7351222634315491, 0.6664047241210938, -0.012258630245923996, -1.0, -1.0, 0.5061847567558289, 0.2475406676530838, 0.2080363631248474, 0.6601896286010742, 0.595000147819519, -1.0, -0.35297080874443054, -0.32377490401268005, 1.0, -1.0, 0.6530120968818665]
[0.6265251040458679, 0.8616141676902771, -0.3043316900730133, 0.09354324638843536, -0.7786749601364136, -0.7207079529762268, 0.443506121635437, -0.30842462182044983, -0.9640835523605347, -0.9653098583221436, -0.7087743282318115, -0.07658077776432037, -0.34334561228752136, -0.48907122015953064, -0.015043073333799839, 0.6652908325195312, -0.05934391915798187, -0.9085461497306824, -0.7965434789657593, -0.4377574920654297, -0.13153037428855896, 0.8680737018585205, -0.817401111125946, 0.14210468530654907, -0.3550848662853241, 0.23724520206451416, -0.21590577065944672, -0.03392576053738594, -0.2695791721343994, -0.05777188763022423, -0.29332104325294495, 0.21505902707576752, -0.05696779116988182, -0.0196083877235651, -0.1855175942182541, 0.6253567337989807, 0.7490918636322021, 1.053590178489685, 0.5952573418617249, 0.1867143213748932, 0.8678714632987976, -0.17822697758674622, -0.07231499999761581, -0.06639981269836426, 0.07563646137714386, 0.06660168617963791, -0.20798365771770477, 0.6399099230766296, -4.552884101867676, -0.46951615810394287, -0.1207946315407753, -0.19877277314662933, -0.09572140127420425, -0.037476547062397, -0.22605878114700317, -0.10455815494060516, -0.04018498584628105, -0.013845425099134445, -0.1268092840909958, -0.16514798998832703, -0.10311838239431381, -0.03224053233861923, 0.03943086043000221, -0.06665179133415222, -0.033046428114175797, -0.013809817843139172, -0.004916675854474306, 0.023218724876642227, -0.011707844212651253, -0.0020554529037326574, -0.023547058925032616, -0.010962177067995071, -0.015295388177037239, -0.3359629809856415, 0.5870205760002136, 0.22750580310821533, 0.204302579164505, -0.6393821835517883, 0.7054728269577026, -0.1013350635766983, 0.43147599697113037, 0.11821261048316956, -0.6726652383804321, -0.6955845952033997, 0.6345213055610657, 0.0, -0.38999998569488525, 0.47999998927116394, -0.6623125672340393, 0.30807608366012573, -0.5883525013923645, 0.3468034863471985, 0.4693668782711029, -0.7038109302520752, -0.012074517086148262, 0.533103346824646, -0.03162446990609169, -0.3931277394294739, 0.5952086448669434, 0.019331056624650955, 0.043848443776369095, 0.9981135129928589, -0.038380153477191925, 0.29765379428863525, 0.0177314393222332, 0.11341360956430435, 0.6275316476821899, 0.5595454573631287, 2.6978700160980225, -0.023880746215581894, -0.4199006259441376, 0.5862396955490112, -0.052312079817056656, -0.277465283870697, 0.9567206501960754, 0.07044171541929245, 0.4199816882610321, 0.1273861527442932, 0.21458156406879425, -1.8526002168655396, 0.7157161831855774, 3.0814054012298584, 0.018127059563994408, -0.39370208978652954, 0.5927566289901733, 0.023228880017995834, 0.2349408119916916, 0.9653985500335693, -0.11076400429010391, 0.1757267266511917, 0.628734827041626, 0.06711237877607346, -13.009774208068848, -2.0574069023132324, 3.809199333190918, 0.001157119870185852, -0.37785089015960693, 0.600314736366272, -0.20320944488048553, -0.0015674892347306013, 0.9787080883979797, 0.02887866646051407, -0.02085890993475914, 0.6334339380264282, 0.17920957505702972, -5.503813743591309, -2.519300699234009, 0.7956480979919434, -0.07791983336210251, -0.327789306640625, 0.5605875253677368, 0.13532724976539612, -0.19340625405311584, 0.9665976762771606, 0.09984642267227173, 0.13468772172927856, 0.008791995234787464, 0.08853961527347565, -2.4037117958068848, -1.8278003931045532, 0.6507524251937866, -0.8436560034751892, 1.3359758853912354, -0.37245315313339233, -0.017436906695365906, -7.082744559738785e-05, 0.007705090567469597, -1.287979006767273, 0.5699814558029175, -0.15055659413337708, -0.005295704118907452, -0.006665023509413004, 0.006794142071157694, -0.7499877214431763, 1.1551188230514526, -0.6563396453857422, -0.014913751743733883, 0.0022052971180528402, 0.005391545593738556, -0.10548033565282822, 0.11400517076253891, -0.1731349378824234, -0.003206598572432995, 0.0062169963493943214, 0.007001559715718031, -0.5182662010192871, -0.05665963515639305, 0.16615284979343414, 0.005763799883425236, -0.0026699192821979523, 0.0033544031903147697, -0.3214567005634308, 1.0, -0.8960315585136414, -0.1382918357849121, -1.0, -0.0007534623146057129, -0.1596648097038269, -1.0, -1.0, 0.18288131058216095, 0.013223398476839066, 0.852749764919281, 0.9549539089202881, 0.42848268151283264, -1.0, -0.5007007122039795, -0.02261078916490078, 1.0, -1.0, 0.4922572672367096]
[0.5308206081390381, 0.891649603843689, -0.37633582949638367, 0.10089347511529922, -0.8081048130989075, -0.7293031811714172, 0.3504268527030945, -0.2744392156600952, -0.9702416658401489, -0.967488706111908, -0.7116787433624268, -0.04825843870639801, -0.28618985414505005, -0.39258936047554016, 0.1300927847623825, 0.7117785811424255, 0.003444017842411995, -0.9241498708724976, -0.8025879859924316, -0.45502200722694397, -0.10468146204948425, 0.8893437385559082, -0.8486448526382446, 0.20267225801944733, -0.3565807044506073, 0.19298608601093292, -0.36476361751556396, 0.09796910732984543, -0.27016037702560425, -0.08964720368385315, -0.41930291056632996, 0.387281209230423, -0.05501728132367134, -0.020211992785334587, 0.0817047655582428, 0.060304272919893265, 0.40502673387527466, 0.7137770652770996, 0.7114628553390503, 0.19825002551078796, 0.4260534346103668, -0.1277763545513153, -0.04690621793270111, -0.2927267551422119, 0.25915294885635376, 0.04750233143568039, -0.18239063024520874, 0.5172358751296997, 0.15226730704307556, -0.5160946249961853, -0.020432809367775917, -0.009487388655543327, 0.0014612094964832067, 0.0007426012307405472, -0.014165163971483707, 0.007625771686434746, 0.008546466939151287, 0.004118862096220255, 0.042104776948690414, -0.1782802939414978, -0.10063809156417847, -0.05355752259492874, -0.011360498145222664, 0.0017088998574763536, -0.1515028178691864, -0.06126756966114044, -0.021592166274785995, -0.03169666975736618, 0.0495944507420063, 0.023299148306250572, 0.029754821211099625, 0.004506594967097044, -0.017011571675539017, -0.3292621374130249, 0.5882648229598999, 0.22127091884613037, 0.17554932832717896, -0.6195491552352905, 0.7323799133300781, -0.1031009778380394, 0.3894120156764984, 0.06390813738107681, -0.566590428352356, -0.6119503378868103, 0.6148268580436707, 0.0, -0.38999998569488525, 0.47999998927116394, -0.6623125672340393, 0.30807608366012573, -0.5883525013923645, 0.3468034863471985, 0.47421857714653015, -0.705268144607544, 0.03159895911812782, 0.5260372757911682, -0.026421474292874336, -0.3921825587749481, 0.5970100164413452, 0.024411899968981743, 0.04099828004837036, 0.9967685341835022, -0.06461863964796066, 0.32830479741096497, 0.06276199221611023, 0.09747882187366486, 0.3283485472202301, 0.9087955355644226, 3.374929666519165, -0.016929829493165016, -0.41758301854133606, 0.5896216034889221, -0.03783615306019783, -0.2602475881576538, 0.9638166427612305, 0.043555762618780136, 0.45822077989578247, 0.18820153176784515, 0.21958982944488525, -2.5197596549987793, 1.0269705057144165, 3.6123862266540527, 0.021710965782403946, -0.3887217044830322, 0.5947889089584351, 0.011809870600700378, 0.3118634819984436, 0.9415610432624817, -0.12674513459205627, 0.16288495063781738, 0.28036218881607056, 0.025518782436847687, -6.658799648284912, -1.5877115726470947, 2.01804256439209, 0.0006930525414645672, -0.3699187636375427, 0.6027534604072571, -0.22892461717128754, 0.03185452148318291, 0.9728729128837585, 0.009854263626039028, -0.1003381535410881, 0.45259952545166016, 0.07709770649671555, -3.742555856704712, -3.2843573093414307, 1.694268822669983, -0.0756058618426323, -0.3274630010128021, 0.5616135597229004, 0.11847595870494843, -0.16943782567977905, 0.9737886786460876, 0.09481482952833176, 0.10040892660617828, 0.0962832048535347, 0.08041434735059738, -3.3385443687438965, -1.9197455644607544, 0.6612977385520935, -0.09345632791519165, -0.018731938675045967, -0.11307312548160553, 0.00046162214130163193, -0.0010600201785564423, 0.002951466478407383, -0.016836268827319145, -0.09839936345815659, -0.06444490700960159, 0.0026428713463246822, -0.0009166033705696464, 0.00016676603991072625, 0.28340664505958557, 1.2814329862594604, -0.8399976491928101, -0.03433602675795555, -0.0007425536750815809, -0.005613280925899744, 0.17932897806167603, 0.8638273477554321, -0.17002275586128235, -0.008634757250547409, 0.0009891415247693658, -0.0007023162324912846, 0.2677156925201416, -0.35556554794311523, -0.2615216076374054, 0.0027438418474048376, 0.00022314381203614175, -0.001427076174877584, 0.022242741659283638, 1.0, -0.9587570428848267, 0.17485404014587402, -0.9662186503410339, -0.2575591206550598, -0.0022708438336849213, -1.0, -0.48112353682518005, -0.14815454185009003, -0.12738041579723358, 1.0, 1.0, 0.16153177618980408, -1.0, -0.6223215460777283, 0.1466882824897766, 1.0, -1.0, 0.49284693598747253]
[0.4830716550350189, 0.9166373610496521, -0.4362146556377411, 0.16016386449337006, -0.8394412994384766, -0.7399286031723022, 0.3114545941352844, -0.2093169391155243, -0.9762614965438843, -0.9698261618614197, -0.7022365927696228, -0.11661969125270844, -0.2962696850299835, -0.352621465921402, 0.2765262722969055, 0.7536859512329102, -0.0057438998483121395, -0.9349848031997681, -0.8062635064125061, -0.49299055337905884, -0.08539599180221558, 0.9070345163345337, -0.876904308795929, 0.242625430226326, -0.047342028468847275, 0.16094374656677246, -0.1786503791809082, 0.7981511354446411, -0.2913500964641571, -0.10334061831235886, -0.01230059564113617, 0.7228365540504456, -0.051090724766254425, -0.020751258358359337, 0.018782928586006165, -1.018452525138855, -0.3675828278064728, 0.07551790773868561, 0.6510570645332336, 0.1641131490468979, -0.36597758531570435, -0.09259728342294693, -0.02923188917338848, -0.5644709467887878, 0.07556223124265671, 0.04081939160823822, -0.1651381105184555, 0.2926335632801056, 6.0135674476623535, -0.33839619159698486, 0.17014072835445404, 0.21709991991519928, 0.08899163454771042, 0.031726304441690445, 0.32155323028564453, 0.056305110454559326, 0.028004180639982224, 0.011000232771039009, 0.13725055754184723, -0.28992560505867004, -0.17123129963874817, -0.08679196238517761, 0.04809689521789551, 0.11032170802354813, -0.2539224326610565, -0.10146437585353851, -0.035709086805582047, -0.12655967473983765, 0.05163092166185379, 0.0140809565782547, 0.10224896669387817, 0.02107604593038559, -0.018798982724547386, -0.3233567476272583, 0.5888506174087524, 0.215439572930336, 0.15220235288143158, -0.6020148396492004, 0.7536566853523254, -0.10913340002298355, 0.3406696915626526, 0.030683042481541634, -0.45946821570396423, -0.45319923758506775, 0.4651152789592743, 0.0, -0.38999998569488525, 0.47999998927116394, -0.6623125672340393, 0.30807608366012573, -0.5883525013923645, 0.3468034863471985, 0.4779537618160248, -0.7048757076263428, 0.0674576461315155, 0.5197693109512329, -0.023910969495773315, -0.38828420639038086, 0.5990294814109802, 0.027888834476470947, 0.0553487129509449, 0.9947254061698914, -0.08173147588968277, 0.026846937835216522, 0.3669338524341583, 0.12125974148511887, -2.804344654083252, 0.04797278344631195, 1.1695778369903564, -0.01359606347978115, -0.4134104251861572, 0.5932910442352295, -0.031263891607522964, -0.2318212240934372, 0.9717455506324768, 0.031496811658144, 0.05013805627822876, 0.3505828082561493, 0.2477196902036667, -4.05110502243042, 0.24167591333389282, 0.14361877739429474, 0.02436763234436512, -0.3904861509799957, 0.595478355884552, 0.012112295255064964, 0.30477678775787354, 0.9431692361831665, -0.13189472258090973, 0.13406307995319366, -0.34488070011138916, 0.05948735028505325, 5.521721363067627, 1.513472080230713, -0.5191205143928528, -0.0015858765691518784, -0.3662809431552887, 0.603946328163147, -0.25478488206863403, 0.03991052880883217, 0.9661375880241394, -0.008358628489077091, -0.23585042357444763, 0.08471949398517609, 0.02259717509150505, -0.12256511300802231, -2.9188966751098633, 1.995969295501709, -0.07518568634986877, -0.3259235620498657, 0.5618880391120911, 0.09912040829658508, -0.14321912825107574, 0.9806403517723083, 0.08948682993650436, -0.07472750544548035, 0.17659014463424683, 0.014171598479151726, -3.2418882846832275, -2.297152042388916, 0.508058488368988, 1.2622369527816772, -1.320499062538147, 0.11229374259710312, 0.011918819509446621, 0.0008785915561020374, -0.012123971246182919, 1.9733872413635254, -0.3632560670375824, -0.00605442188680172, 0.005551392678171396, 0.01083285640925169, -0.012446724809706211, 1.0013835430145264, 1.9822189807891846, -1.4433941841125488, -0.05705868452787399, -0.004391131456941366, -0.005486984737217426, 0.6418671607971191, 1.5157079696655273, 0.035229410976171494, -0.012973468750715256, -0.0031774502713233232, -0.008643059059977531, 1.2367175817489624, -0.197398841381073, -0.7767993807792664, -0.002079828642308712, 0.0012885683681815863, -0.0022847268264740705, 1.0, 1.0, -0.5498446226119995, 0.7953636646270752, -1.0, 0.558784544467926, 0.29413843154907227, -1.0, -0.6606818437576294, -0.977982223033905, -0.6752925515174866, 1.0, 1.0, -0.4011499583721161, -1.0, -0.7961760759353638, -0.059917695820331573, 1.0, -1.0, 0.38313546776771545]
[0.49692925810813904, 0.9369593858718872, -0.40957215428352356, 0.2679014503955841, -0.8682302832603455, -0.7505093812942505, 0.3618236780166626, -0.10038211196660995, -0.9817771911621094, -0.9721513986587524, -0.7267558574676514, -0.23816438019275665, -0.37320080399513245, -0.3637470304965973, 0.3798541724681854, 0.7916927933692932, -0.10223536193370819, -0.9427953958511353, -0.8084471821784973, -0.5546877980232239, -0.07734166085720062, 0.9211309552192688, -0.9010201692581177, 0.2640760540962219, 0.12484606355428696, 0.1276428997516632, 0.2661002576351166, 1.1067148447036743, -0.2474045306444168, -0.09283506870269775, 0.3297029137611389, 1.1648478507995605, -0.04495904967188835, -0.019792167469859123, -0.1629745364189148, -1.1877344846725464, -0.8941816687583923, -0.22384047508239746, 0.3675856292247772, 0.152086541056633, -1.1841639280319214, -0.0707252100110054, -0.018501432612538338, -0.867642343044281, 0.05106624588370323, 0.032368723303079605, -0.13531893491744995, 0.1499669998884201, 3.302968740463257, -0.3138328194618225, 0.1367446482181549, 0.06988202035427094, 0.03316858410835266, 0.012739302590489388, 0.19484347105026245, 0.07206185162067413, 0.03522097319364548, 0.013770068064332008, 0.06018655374646187, -0.039171651005744934, -0.04739585518836975, -0.027143046259880066, -0.11149078607559204, 0.04012187942862511, -0.2946086525917053, -0.11772872507572174, -0.04131358116865158, -0.08515264093875885, 0.059995412826538086, 0.021409664303064346, 0.0676538348197937, 0.015264816582202911, -0.02068210020661354, -0.31959596276283264, 0.5904706716537476, 0.2064407467842102, 0.1323787271976471, -0.599628746509552, 0.7617765069007874, -0.1176024079322815, 0.20313024520874023, 0.09359874576330185, -0.47069597244262695, -0.20626826584339142, -0.010072613134980202, 0.0, -0.38999998569488525, 0.47999998927116394, -0.6623125672340393, 0.30807608366012573, -0.5883525013923645, 0.3468034863471985, 0.4692826271057129, -0.7073773145675659, 0.08896422386169434, 0.5210342407226562, -0.025612421333789825, -0.38166338205337524, 0.6009501814842224, 0.02458900213241577, 0.08798976242542267, 0.9929295182228088, -0.07579035311937332, -0.19532079994678497, 0.4935428202152252, 0.08662283420562744, -4.405665397644043, -1.1732606887817383, -1.5775604248046875, -0.014932004734873772, -0.40673163533210754, 0.5972849726676941, -0.035965774208307266, -0.18704184889793396, 0.9808077812194824, 0.041686784476041794, -0.17795483767986298, 0.5398302674293518, 0.2665674388408661, -6.094001770019531, -0.23628480732440948, -2.4011166095733643, 0.02579430863261223, -0.39672932028770447, 0.5947994589805603, 0.024987557902932167, 0.23185378313064575, 0.963384747505188, -0.13232244551181793, 0.10504430532455444, -0.5581462979316711, -0.0029672905802726746, 10.465545654296875, 3.1513569355010986, -1.1417814493179321, -0.004446619190275669, -0.3684861958026886, 0.6042137742042542, -0.272718220949173, 0.013715771026909351, 0.9617141485214233, -0.023292526602745056, -0.17727473378181458, -0.3380205035209656, -0.016921330243349075, 4.090226173400879, -1.5257271528244019, 2.8797447681427, -0.07701187580823898, -0.32301872968673706, 0.5612438917160034, 0.07529956847429276, -0.11402682960033417, 0.9869529604911804, 0.08515733480453491, -0.1921502947807312, 0.26278364658355713, -0.03749047964811325, -3.9088892936706543, -2.790825128555298, 0.38853463530540466, 0.9101119637489319, -0.5059173703193665, -0.0454847477376461, 0.00515054352581501, 0.0021267097909003496, -0.012380476109683514, 1.1341263055801392, -0.46011024713516235, -0.033479027450084686, 0.006868415046483278, 0.006711166817694902, -0.008281847462058067, 0.4537650942802429, 0.530947208404541, -0.4024085998535156, -0.019178837537765503, -0.001623831340111792, -0.0005725581431761384, 0.013412948697805405, 1.6949102878570557, -0.2855563461780548, -0.015889929607510567, -0.006220834329724312, -0.007940455339848995, 0.8213423490524292, -0.3108261823654175, -0.4944181442260742, 0.000641319842543453, 0.0021233411971479654, -0.0017884065164253116, 1.0, 1.0, 0.16453102231025696, 1.0, -1.0, 1.0, 0.6896224021911621, -1.0, -1.0, -1.0, -1.0, 0.6317460536956787, 1.0, -1.0, -1.0, -0.9956414103507996, -0.03331167250871658, 1.0, -1.0, 0.3322106897830963]
[0.5449281334877014, 0.953528881072998, -0.3260522186756134, 0.3833908140659332, -0.891589879989624, -0.7592905759811401, 0.4501272737979889, 0.010014870204031467, -0.9850666522979736, -0.9735605120658875, -0.7691540122032166, -0.3607997000217438, -0.4509950280189514, -0.3901684880256653, 0.40370452404022217, 0.8266767263412476, -0.2337062805891037, -0.9504547715187073, -0.8105977773666382, -0.5910387635231018, -0.047555822879076004, 0.9312852621078491, -0.9177114963531494, 0.2752281427383423, 0.21632836759090424, 0.10365147888660431, 0.3841112554073334, 1.0486353635787964, -0.19701606035232544, -0.07372664660215378, 0.3814213275909424, 0.9432275891304016, -0.022573387250304222, -0.008703876286745071, -0.17811650037765503, -1.1033941507339478, -0.6250290870666504, -0.23727862536907196, -0.038321711122989655, 0.13672344386577606, -1.2369550466537476, -0.07411837577819824, -0.022381922230124474, -0.22258572280406952, 0.3043461740016937, 0.024240784347057343, -0.08961492031812668, 0.077265165746212, 1.5973316431045532, -0.27351921796798706, 0.05319306626915932, -0.04905678331851959, -0.015546172857284546, -0.004752275999635458, 0.06957007199525833, -0.11636784672737122, -0.045348964631557465, -0.015695905312895775, 0.04323146492242813, 0.03438352793455124, 0.0382496602833271, 0.016804873943328857, -0.18047510087490082, -0.01820210926234722, -0.08964027464389801, -0.02976277843117714, -0.009137698449194431, 0.1347702443599701, 0.05673076957464218, 0.027732502669095993, -0.052687421441078186, -0.01867106556892395, -0.022722577676177025, -0.3166140019893646, 0.5915179252624512, 0.20016498863697052, 0.1176551952958107, -0.6036542654037476, 0.7626878619194031, -0.12475084513425827, 0.16721200942993164, 0.05143219232559204, -0.3073081970214844, -0.17388364672660828, -0.11299718916416168, 0.0, -0.38999998569488525, 0.47999998927116394, -0.6623125672340393, 0.30807608366012573, -0.5883525013923645, 0.3468034863471985, 0.4578069746494293, -0.7117379903793335, 0.09978935122489929, 0.5233392715454102, -0.029149286448955536, -0.37444210052490234, 0.6021460294723511, 0.01853707619011402, 0.12524747848510742, 0.9904131889343262, -0.05523714795708656, -0.23291605710983276, 0.4864421784877777, 0.028859274461865425, -4.3777265548706055, -1.268876075744629, -2.603390693664551, -0.018200641497969627, -0.39964067935943604, 0.6004305481910706, -0.044289715588092804, -0.14091715216636658, 0.987016499042511, 0.06308063864707947, -0.22812898457050323, 0.47687166929244995, 0.16910502314567566, -5.020864009857178, -0.22207777202129364, -3.109337091445923, 0.025868156924843788, -0.40330052375793457, 0.5929957032203674, 0.04057997465133667, 0.14961571991443634, 0.9794568419456482, -0.12896758317947388, 0.01325041614472866, -0.4996437728404999, -0.09651274234056473, 8.947105407714844, 2.766094446182251, -1.4492923021316528, -0.006186285056173801, -0.3741041421890259, 0.6036028861999512, -0.2783176898956299, -0.0319988876581192, 0.9594665765762329, -0.030644770711660385, -0.07093685120344162, -0.4585309326648712, -0.06665152311325073, 5.494879245758057, -0.005598839372396469, 2.0122792720794678, -0.07874588668346405, -0.3191872835159302, 0.5611177086830139, 0.06271184980869293, -0.09161969274282455, 0.9892558455467224, 0.09510944038629532, -0.0880904346704483, 0.273753821849823, 0.024770954623818398, -2.2441611289978027, -0.2256874144077301, -1.9912885427474976, 0.29989728331565857, 0.1897115409374237, -0.15096938610076904, -0.0019066028762608767, 9.266445704270154e-05, -0.0034922161139547825, 0.3212493360042572, 0.6381467580795288, -0.06883669644594193, -0.006123702973127365, 0.0008002842077985406, -0.0022559375502169132, 0.3061096668243408, -0.4466433525085449, 0.08260618150234222, 0.010105222463607788, -0.00044815082219429314, -0.002000517211854458, -0.24142464995384216, 0.47921687364578247, -0.2201557159423828, -0.0019494442967697978, -0.006482922006398439, -0.007178959436714649, -0.5571357011795044, -0.16441760957241058, 0.532870352268219, -0.007248632609844208, -0.009756896644830704, -0.010653331875801086, 1.0, 1.0, 0.24934083223342896, 1.0, -1.0, 1.0, 0.5243478417396545, -1.0, -1.0, -1.0, -0.7678398489952087, 0.15763208270072937, 1.0, -1.0, -1.0, -0.5957053899765015, 0.2558121085166931, 1.0, -1.0, 0.3062635362148285]
[0.6072225570678711, 0.9645803570747375, -0.2514340281486511, 0.4797970652580261, -0.9099491834640503, -0.766061544418335, 0.5385138392448425, 0.09187082946300507, -0.9867250323295593, -0.9740639925003052, -0.7696390748023987, -0.4699331820011139, -0.4795904755592346, -0.40784966945648193, 0.36818835139274597, 0.8560693860054016, -0.35803961753845215, -0.95820552110672, -0.8131173849105835, -0.564061164855957, 0.02885684184730053, 0.9386747479438782, -0.9285247325897217, 0.28402209281921387, 0.2433047741651535, 0.05656692013144493, 0.26399537920951843, 0.8060157895088196, -0.15535466372966766, -0.0563647635281086, 0.35233059525489807, 0.6551058888435364, -0.01268838346004486, -0.002709126565605402, 0.09513022750616074, -0.9530748724937439, -0.07243206351995468, -0.0917210578918457, -0.23568513989448547, 0.11255892366170883, -1.104291319847107, -0.07144670933485031, -0.024442829191684723, 0.6313430666923523, 0.6837928891181946, 0.019558390602469444, -0.06180567294359207, 0.0809866413474083, 0.3756245970726013, -0.5230864882469177, -0.0006670302245765924, -0.1166963279247284, -0.043806176632642746, -0.015043062157928944, 0.011188476346433163, -0.14021509885787964, -0.0562734454870224, -0.019876260310411453, 0.05937553942203522, 0.033375076949596405, 0.057739607989788055, 0.029932916164398193, -0.11876538395881653, -0.028062881901860237, -0.007038329727947712, 0.003125977236777544, 0.002366154221817851, 0.17354510724544525, 0.04811950400471687, 0.027805417776107788, -0.08802653104066849, -0.02762739546597004, -0.02493101730942726, -0.3144323527812958, 0.5921153426170349, 0.197214275598526, 0.1068028137087822, -0.6134589314460754, 0.7572105526924133, -0.14012661576271057, 0.11895791441202164, 0.020588604733347893, -0.18098586797714233, -0.050561096519231796, -0.35817381739616394, 0.0, -0.38999998569488525, 0.47999998927116394, -0.6623125672340393, 0.30807608366012573, -0.5883525013923645, 0.3468034863471985, 0.4437503516674042, -0.7185719609260559, 0.1012631505727768, 0.5258192420005798, -0.032560814172029495, -0.36824831366539, 0.6025145053863525, 0.014707301743328571, 0.15611499547958374, 0.9870566129684448, -0.03363000601530075, -0.18586358428001404, 0.37681785225868225, -0.01518018078058958, -3.258711576461792, -0.7636098861694336, -2.2799744606018066, -0.02179526537656784, -0.3940354287624359, 0.6022624969482422, -0.051915377378463745, -0.10607755929231644, 0.9891932606697083, 0.08688511699438095, -0.22036868333816528, 0.3473159968852997, 0.08557850122451782, -3.427492141723633, -0.1913876086473465, -3.06268572807312, 0.023911498486995697, -0.40871450304985046, 0.5907611846923828, 0.04971266910433769, 0.0923442393541336, 0.9876378774642944, -0.11650104075670242, -0.1468300074338913, -0.3689817786216736, -0.12865176796913147, 5.123425006866455, 1.0210450887680054, -2.3177108764648438, -0.007129796780645847, -0.3805575370788574, 0.6020761728286743, -0.27599790692329407, -0.08117718994617462, 0.9572715759277344, -0.029433488845825195, -0.03735125809907913, -0.46692395210266113, -0.12787218391895294, 5.705002307891846, 0.5620400905609131, 1.1970051527023315, -0.07846716791391373, -0.3148418366909027, 0.5627543330192566, 0.07356742024421692, -0.08492031693458557, 0.9852050542831421, 0.12941168248653412, 0.10233300179243088, 0.2543797492980957, 0.13235585391521454, -0.09228187799453735, 2.846285581588745, -4.9337239265441895, -0.037235669791698456, 0.594316840171814, -0.2504887580871582, -0.006128310225903988, -0.0004970420268364251, 0.0025388174690306187, -0.031913723796606064, 0.7902219891548157, -0.1180843636393547, -0.008022930473089218, -0.0009351905318908393, 0.00044509858707897365, 0.40617233514785767, -0.6960078477859497, 0.15345421433448792, 0.019492801278829575, 0.001522392500191927, -0.005627376493066549, -0.0911845713853836, 0.0034053646959364414, -0.116025909781456, 0.00241723470389843, -0.0025988025590777397, -0.0033402852714061737, -0.9910326600074768, -0.09445703029632568, 0.781363844871521, -0.007829501293599606, -0.011770873330533504, -0.01155294943600893, 1.0, 0.969085693359375, 0.05325758457183838, 0.9077353477478027, -1.0, 1.0, 0.41722941398620605, -1.0, -0.5092604756355286, -1.0, -0.41805869340896606, -0.005943389609456062, 1.0, -1.0, -1.0, -0.15007972717285156, 0.6515833735466003, 1.0, -1.0, 0.32857128977775574]
[0.6711207628250122, 0.9606770873069763, -0.2178589403629303, 0.5467177033424377, -0.9242863059043884, -0.7711375951766968, 0.5940557718276978, 0.0881735235452652, -1.000002384185791, -0.9782195091247559, -0.7167229652404785, -0.5604196190834045, -0.4667764902114868, -0.40993431210517883, 0.37182796001434326, 0.8688610792160034, -0.4159793555736542, -0.9408044219017029, -0.8016571402549744, -0.4800747334957123, 0.13908357918262482, 0.9482139945030212, -0.936175525188446, 0.2888927459716797, 0.23751258850097656, -0.07984484732151031, 0.07012852281332016, 0.5134321451187134, -0.12265881150960922, -0.042444344609975815, 0.21764568984508514, -0.25081226229667664, -0.00011191964586032555, -0.056588586419820786, 0.28543469309806824, -0.7730219960212708, 0.21901598572731018, 0.034240707755088806, 0.011683576740324497, 0.0362059511244297, -0.44930917024612427, 0.17594578862190247, 0.13322526216506958, 1.2564160823822021, 0.8476426005363464, 0.026557082310318947, -0.04842100664973259, 0.023558637127280235, -0.13872063159942627, -1.2842459678649902, -0.018782995641231537, -0.15992048382759094, -0.061581552028656006, -0.021374855190515518, -0.010614544153213501, -0.1780850887298584, -0.03402137756347656, -0.010445646941661835, 0.024623997509479523, -0.012836894020438194, 0.023078499361872673, 0.015384936705231667, -0.18531647324562073, 0.02565370686352253, -0.14321835339069366, -0.063283771276474, -0.022403854876756668, 0.11067076027393341, -0.04008707404136658, -0.017536384984850883, -0.07775668799877167, -0.026213616132736206, -0.02732590027153492, -0.31301894783973694, 0.5924204587936401, 0.19878603518009186, 0.0966721847653389, -0.6180211305618286, 0.7544457912445068, -0.14658123254776, 0.07113644480705261, 0.021376250311732292, -0.10067345947027206, -0.19468006491661072, -0.1541663259267807, 0.0, -0.38999998569488525, 0.47999998927116394, -0.6623125672340393, 0.30807608366012573, -0.5883525013923645, 0.3468034863471985, 0.4350983500480652, -0.7251798510551453, 0.1042797788977623, 0.5233826041221619, -0.035243239253759384, -0.3644663691520691, 0.601996898651123, 0.014081237837672234, 0.17328757047653198, 0.9845984578132629, -0.018410073593258858, -0.13769549131393433, 0.17836853861808777, -0.059574563056230545, -1.3487128019332886, -0.21383024752140045, -1.444018006324768, -0.025523021817207336, -0.3940829932689667, 0.6018266081809998, -0.0590115524828434, -0.11468665301799774, 0.9861289858818054, 0.10447093099355698, -0.24871401488780975, -0.1098676472902298, -0.07614771276712418, 1.874220848083496, -0.8414215445518494, -2.016634702682495, 0.020208677276968956, -0.4134068489074707, 0.5879938006401062, 0.050186678767204285, 0.05982339754700661, 0.9922597408294678, -0.09655512869358063, -0.2511698603630066, -0.31572452187538147, -0.1794375330209732, 2.918534278869629, -0.18906310200691223, -2.748023509979248, -0.009428085759282112, -0.3832467496395111, 0.6008930802345276, -0.27863609790802, -0.09050925821065903, 0.9558782577514648, -0.021603388711810112, -0.14244045317173004, -0.16190479695796967, -0.08775104582309723, 1.0256755352020264, -0.17243769764900208, -0.9053527116775513, -0.07564065605401993, -0.3114757239818573, 0.5658398270606995, 0.10834633558988571, -0.09557520598173141, 0.97295081615448, 0.1802583485841751, 0.2890564799308777, 0.09876503795385361, 0.181345134973526, 2.3668394088745117, 5.462525367736816, -6.288857460021973, -0.11586295068264008, 0.8360497951507568, -0.4258919358253479, -0.008834108710289001, -0.00020481749379541725, 0.004254600033164024, -0.06661827117204666, 0.6371667385101318, -0.2370431125164032, -0.000888146401848644, -0.0003825002640951425, -0.0002356187324039638, 0.21702638268470764, -0.30365920066833496, -0.09813226014375687, 0.010830050334334373, 0.0018425205489620566, -0.002804528921842575, 0.09136322140693665, 0.9006749987602234, -0.3310452401638031, -0.00889372918754816, -0.0007588737644255161, -0.005866305436939001, -0.9713448286056519, 0.5864779949188232, 0.5505620837211609, -0.007998311892151833, -0.010672095231711864, -0.0041002207435667515, 1.0, 0.8008418679237366, -0.2063116431236267, 0.7817189693450928, -1.0, 1.0, 0.07511588931083679, -1.0, -0.24136784672737122, -0.9898968935012817, -0.2837021052837372, -0.10294023156166077, 1.0, -1.0, -1.0, 0.1870630979537964, 0.8159282803535461, 1.0, -1.0, 0.288315087556839]
[0.7324097156524658, 0.9557005167007446, -0.19989976286888123, 0.5900325179100037, -0.9365713000297546, -0.7753946781158447, 0.649341881275177, 0.05372484400868416, -1.0000005960464478, -0.9809173941612244, -0.6735778450965881, -0.6122052669525146, -0.43976232409477234, -0.40343737602233887, 0.35292136669158936, 0.8761622309684753, -0.4772028625011444, -0.9324994683265686, -0.7923437356948853, -0.3725346624851227, 0.23991727828979492, 0.959858775138855, -0.9437482953071594, 0.2840069830417633, 0.22041666507720947, -0.009129737503826618, 0.07565726339817047, 0.3405717611312866, -0.1087101474404335, -0.03809515759348869, 0.2326689064502716, -0.3738890588283539, -3.7012676330050454e-05, -0.014158486388623714, 0.11999597400426865, -0.3130774199962616, 0.26985543966293335, 0.07807811349630356, -0.13549071550369263, 0.0185970738530159, -0.6091139912605286, 0.032849572598934174, 0.0597296766936779, 1.3669136762619019, 0.6548149585723877, 0.02791462279856205, -0.05204023793339729, -0.08260083943605423, -0.48020994663238525, 0.8070555925369263, -0.005756870377808809, -0.03083984926342964, -0.012342789210379124, -0.004629883449524641, -0.016247551888227463, 0.03599225729703903, 0.013213655911386013, 0.005224308930337429, -0.06980355829000473, 0.1821698546409607, 0.07447956502437592, 0.02634303644299507, -0.04841458797454834, -0.06105642020702362, -0.06528860330581665, -0.041505638509988785, -0.018678709864616394, -0.04963338002562523, -0.03378276899456978, -0.024812866002321243, -0.008519472554326057, -0.004746397491544485, -0.02989153377711773, -0.31226688623428345, 0.5923736691474915, 0.2039068192243576, 0.08761236816644669, -0.6199278831481934, 0.7526190876960754, -0.1567080020904541, 0.03638839349150658, -0.010967293754220009, -0.01752653159201145, -0.23658406734466553, -0.10364791005849838, 0.0, -0.38999998569488525, 0.47999998927116394, -0.6623125672340393, 0.30807608366012573, -0.5883525013923645, 0.3468034863471985, 0.42974668741226196, -0.7320347428321838, 0.10696655511856079, 0.5176882743835449, -0.037512898445129395, -0.3619791567325592, 0.6014824509620667, 0.014699661172926426, 0.18208464980125427, 0.9831541180610657, -0.006080524064600468, -0.12075100839138031, 0.15315890312194824, -0.02452065423130989, -0.9324489235877991, -0.17486624419689178, -1.4110572338104248, -0.02946997620165348, -0.3954501748085022, 0.6009153723716736, -0.06705746799707413, -0.12964172661304474, 0.9818545579910278, 0.12106966227293015, -0.2575284540653229, -0.10270153731107712, -0.05735916271805763, 1.8829060792922974, -1.017228126525879, -1.9493277072906494, 0.01637931540608406, -0.4159417450428009, 0.586257815361023, 0.048196952790021896, 0.05088062956929207, 0.9943428039550781, -0.07981563359498978, -0.21389368176460266, -0.0803079828619957, -0.056034088134765625, -0.13900110125541687, -0.31252342462539673, -1.6179195642471313, -0.01113586314022541, -0.38666725158691406, 0.5993337035179138, -0.2779460847377777, -0.10763336718082428, 0.9544486403465271, -0.01374104805290699, -0.07675766944885254, -0.24808502197265625, -0.09745273739099503, 2.6726233959198, 0.33719202876091003, -0.02736571431159973, -0.07136791944503784, -0.30995193123817444, 0.5692148208618164, 0.15662528574466705, -0.11547347158193588, 0.9537985324859619, 0.22891612350940704, 0.3409423828125, -0.026222681626677513, 0.1526639461517334, 3.2623400688171387, 6.199772357940674, -5.300530910491943, -0.0869838073849678, 0.19064736366271973, 0.11043126881122589, -0.0017701731994748116, 0.0001459977065678686, 0.0007324515609070659, -0.06528100371360779, -0.22224752604961395, 0.11018043756484985, 0.0018905967008322477, 0.00032561866100877523, 0.0006572841666638851, -0.3643287718296051, -0.8553486466407776, 0.7052975296974182, 0.01351280976086855, -0.0014836074551567435, 0.0038405335508286953, -0.34792420268058777, 0.5509451031684875, -0.1426764279603958, -0.01041453331708908, -0.002898111706599593, -0.0013943702215328813, -0.15748915076255798, 0.47699660062789917, 0.04157648980617523, -0.001278340583667159, -0.0022265699226409197, 0.005184274632483721, 1.0, 0.9859036803245544, -0.09789350628852844, 0.7611572742462158, -1.0, 1.0, -0.09173619747161865, -1.0, -0.593679666519165, -0.6920834183692932, -0.2601689100265503, -0.026474805548787117, 0.9210658073425293, -1.0, -1.0, 0.2634393572807312, 0.6845937371253967, 1.0, -1.0, 0.21453887224197388]
[0.7880531549453735, 0.9590498805046082, -0.19989168643951416, 0.5968340039253235, -0.9464799761772156, -0.7788068056106567, 0.7044974565505981, 0.004379404708743095, -0.9998993873596191, -0.9814115166664124, -0.6609823107719421, -0.6299560070037842, -0.40749847888946533, -0.39392220973968506, 0.3020179271697998, 0.879611611366272, -0.5397802591323853, -0.9365318417549133, -0.7904359102249146, -0.24699896574020386, 0.3012080192565918, 0.9731320142745972, -0.9503805637359619, 0.26598596572875977, 0.19560261070728302, 0.03902352228760719, -0.0398639552295208, -0.08778931945562363, -0.08538410067558289, -0.02887677028775215, 0.2245151549577713, -0.49881139397621155, 0.0005797971389256418, -0.0009785026777535677, 0.015424958430230618, -0.0784110426902771, 0.31532028317451477, 0.09901246428489685, -0.28950241208076477, 0.01136574987322092, -0.5634397864341736, -0.07485821098089218, -0.008416487835347652, 1.6496638059616089, 0.3180181682109833, 0.03054611198604107, -0.04281238466501236, -0.21206963062286377, -0.6865506768226624, 0.45051413774490356, -0.019814373925328255, -0.11223193258047104, -0.04594966396689415, -0.016753368079662323, -0.0316443145275116, -0.0020806905813515186, -0.002108282409608364, -0.0008045332506299019, -0.0543951652944088, 0.0922454297542572, 0.03772404417395592, 0.01341171097010374, -0.046468209475278854, -0.05470044165849686, 0.011496376246213913, -0.0015550567768514156, -0.002660696394741535, 0.01779458113014698, -0.09299011528491974, -0.054924242198467255, -0.035442277789115906, -0.012498014606535435, -0.03265967592597008, -0.31215813755989075, 0.5919123888015747, 0.2125009298324585, 0.07911814749240875, -0.6184678077697754, 0.7523836493492126, -0.16808822751045227, -0.0020957367960363626, -0.039714016020298004, 0.04106682911515236, -0.3142871558666229, -0.0013485116651281714, 0.0, -0.38999998569488525, 0.47999998927116394, -0.6623125672340393, 0.30807608366012573, -0.5883525013923645, 0.3468034863471985, 0.42802342772483826, -0.7389973998069763, 0.11031262576580048, 0.5084387063980103, -0.03934425860643387, -0.36090734601020813, 0.6016061902046204, 0.01635456085205078, 0.18040624260902405, 0.9834528565406799, 0.0025682023260742426, -0.09078957140445709, 0.007598343305289745, 0.02557327039539814, 0.8209616541862488, 0.09607448428869247, -0.8307271599769592, -0.03342144191265106, -0.3969351351261139, 0.6002101898193359, -0.07627642899751663, -0.14683113992214203, 0.9767946600914001, 0.13599491119384766, -0.25503161549568176, -0.11512520164251328, -0.0526704303920269, 2.1434686183929443, -1.2061400413513184, -1.7100547552108765, 0.01331185270100832, -0.41621479392051697, 0.5861791372299194, 0.04725809767842293, 0.06087233126163483, 0.9946002960205078, -0.06950747221708298, -0.16481423377990723, 0.0473862960934639, 0.019340060651302338, -1.8533623218536377, -0.24699226021766663, -0.8752343654632568, -0.012044038623571396, -0.3903554379940033, 0.5977660417556763, -0.2729823887348175, -0.13355033099651337, 0.9526834487915039, -0.0062423511408269405, -0.02864382043480873, -0.2623593211174011, -0.1033463180065155, 3.476097822189331, 0.7812020182609558, 0.1437145173549652, -0.06651067733764648, -0.3110135495662689, 0.5722360014915466, 0.21399633586406708, -0.1463852971792221, 0.9283115863800049, 0.2664855420589447, 0.3662065863609314, -0.23871053755283356, 0.09189566224813461, 5.574954509735107, 6.814859867095947, -4.296306610107422, -0.15160144865512848, 0.6492444276809692, -0.043394025415182114, -0.007014702074229717, 9.753187623573467e-05, 0.003097282024100423, -0.16060563921928406, 0.006997235585004091, 0.03967594355344772, -0.000699574826285243, -0.00045634718844667077, 0.001398822758346796, -0.3042098581790924, -0.423861026763916, 0.3703662157058716, 0.007053795736283064, -0.0007884199148975313, 0.0028845001943409443, -0.25684085488319397, 0.01993219368159771, -0.07648685574531555, -0.002361713210120797, -0.001834733528085053, -0.0007560715894214809, -0.4705342650413513, 0.9622517824172974, 0.20972701907157898, -0.004522661212831736, -0.004969464614987373, 0.007073096930980682, 1.0, 1.0, -0.30424460768699646, 0.4543057680130005, -1.0, 1.0, -0.31639543175697327, -1.0, -0.6964387893676758, -0.6209301352500916, -0.20743776857852936, -0.10928162932395935, 0.8814536333084106, -0.8717317581176758, -1.0, 0.5443651080131531, 0.43965375423431396, 1.0, -1.0, 0.11381929367780685]
[0.8354736566543579, 0.9629034399986267, -0.21734710037708282, 0.5707878470420837, -0.9546138048171997, -0.7815203070640564, 0.754515528678894, -0.05188518017530441, -0.9997287392616272, -0.9813700318336487, -0.6569223999977112, -0.6356890201568604, -0.37406766414642334, -0.382935106754303, 0.23323547840118408, 0.8763753771781921, -0.5910045504570007, -0.9457060694694519, -0.7926982045173645, -0.10228355973958969, 0.3239818811416626, 0.9857839345932007, -0.9561188220977783, 0.23907388746738434, 0.1621084064245224, 0.013649584725499153, -0.08827656507492065, -0.3245062530040741, -0.07192760705947876, -0.023910371586680412, 0.1959940642118454, -0.5310966968536377, 0.0013516098260879517, 0.0007516026380471885, 0.017581183463335037, -0.03781656548380852, 0.30554574728012085, 0.10473066568374634, -0.33233773708343506, -0.025835474953055382, -0.4254470467567444, -0.08961140364408493, -0.027769893407821655, 1.8596677780151367, 0.07131640613079071, 0.02635265327990055, -0.038159508258104324, -0.2693197429180145, -0.8139544129371643, -0.33023908734321594, -0.014510517939925194, -0.08584417402744293, -0.03357521817088127, -0.011821365915238857, -0.041613854467868805, -0.02120855823159218, -0.0075206877663731575, -0.0024082292802631855, -0.028284860774874687, -0.01212345901876688, -0.005228160414844751, -0.0014326567761600018, -0.0522938072681427, -0.037149567157030106, 0.01569502241909504, 0.0083820391446352, 0.0031003071926534176, 0.03322891518473625, -0.07673516869544983, -0.0488186813890934, -0.03375516086816788, -0.009181967005133629, -0.03566944599151611, -0.312720388174057, 0.5910972952842712, 0.22473257780075073, 0.07072049379348755, -0.6130668520927429, 0.7540841102600098, -0.18338678777217865, -0.04292517900466919, -0.06145290285348892, 0.10202296823263168, -0.3870265781879425, 0.08599191904067993, 0.0, -0.38999998569488525, 0.47999998927116394, -0.6623125672340393, 0.30807608366012573, -0.5883525013923645, 0.3468034863471985, 0.43011474609375, -0.7460530400276184, 0.11497973650693893, 0.4951624870300293, -0.04077916219830513, -0.36162957549095154, 0.6020161509513855, 0.018534773960709572, 0.16707751154899597, 0.9857428073883057, 0.0072487033903598785, -0.07222217321395874, -0.10987943410873413, 0.03298141062259674, 2.0495407581329346, 0.16146445274353027, -0.4873570203781128, -0.037117306143045425, -0.3986934423446655, 0.5993067026138306, -0.08571802824735641, -0.16616253554821014, 0.9710988402366638, 0.14835597574710846, -0.2342698723077774, -0.14144057035446167, -0.08018665015697479, 2.3819196224212646, -1.2728220224380493, -1.3748440742492676, 0.010814695619046688, -0.41581428050994873, 0.5865093469619751, 0.0466681607067585, 0.0767737403512001, 0.9940173625946045, -0.06210676208138466, -0.13871748745441437, 0.05041186138987541, 0.009517556987702847, -1.9113860130310059, -0.24882449209690094, -0.6983651518821716, -0.012454725801944733, -0.3938353657722473, 0.5961401462554932, -0.2654704749584198, -0.16055290400981903, 0.9506546854972839, 0.001964476890861988, -0.0054610720835626125, -0.23985977470874786, -0.10978716611862183, 3.274465799331665, 0.9761585593223572, 0.02813190035521984, -0.06152157858014107, -0.31503549218177795, 0.5743222832679749, 0.27737826108932495, -0.19120027124881744, 0.8949605822563171, 0.2924879491329193, 0.3445257544517517, -0.4276927709579468, -0.017321428284049034, 7.6468305587768555, 6.774642467498779, -3.6717936992645264, -0.12220966815948486, 0.47002658247947693, -0.16905376315116882, -0.004770968109369278, 0.0003561082121450454, 0.0018059153808280826, -0.22849293053150177, 0.11331259459257126, -0.08638499677181244, -0.0007085403194651008, -0.001117500476539135, 0.0014468124136328697, -0.16138403117656708, 0.06047352775931358, -0.07315706461668015, -0.0005255538271740079, 0.00035062257666140795, 0.001129588228650391, -0.13489824533462524, -0.10060691833496094, -0.07727333158254623, 0.0015912032686173916, -0.0007699424168094993, 0.0005575730465352535, -0.40368229150772095, 0.8904135227203369, 0.15270911157131195, -0.0036835225764662027, -0.0027230489067733288, 0.006651930045336485, 1.0, 0.9416937232017517, -0.35922470688819885, 0.322765588760376, -1.0, 1.0, -0.3789259195327759, -1.0, -0.6405527591705322, -0.6527978777885437, -0.19590042531490326, -0.18461623787879944, 0.8220748901367188, -0.8208550214767456, -1.0, 0.7718470692634583, 0.2918255925178528, 1.0, -1.0, 0.0653669461607933]
[0.8739455342292786, 0.9531233310699463, -0.23645389080047607, 0.5275663733482361, -0.9613481760025024, -0.7837355136871338, 0.7973893284797668, -0.10820379108190536, -0.9992233514785767, -0.9811149835586548, -0.6501175165176392, -0.6416640877723694, -0.34687089920043945, -0.3726140558719635, 0.1583830565214157, 0.8613303899765015, -0.6330423355102539, -0.9542920589447021, -0.7955463528633118, 0.04919785261154175, 0.3206601142883301, 0.9966869950294495, -0.9615928530693054, 0.20881879329681396, 0.12962491810321808, -0.1290539652109146, -0.07302860915660858, -0.44276562333106995, -0.05927363038063049, -0.019346868619322777, 0.165803924202919, -0.5172954797744751, 0.004986896645277739, 0.002920339349657297, 0.03371230885386467, -0.06771235913038254, 0.2211356908082962, 0.08691545575857162, -0.3569928705692291, -0.07948028296232224, -0.3720197379589081, -0.07502380758523941, -0.025616561993956566, 1.8731498718261719, -0.08635558933019638, 0.021727463230490685, -0.03612469136714935, -0.2860710024833679, -0.7922857999801636, -1.580918312072754, -0.007166816387325525, -0.10324497520923615, -0.03844132646918297, -0.012885211035609245, -0.0446745902299881, -0.08444173634052277, -0.029810724779963493, -0.009591987356543541, -0.0196157805621624, -0.10897287726402283, -0.042130421847105026, -0.013749996200203896, -0.13411758840084076, -0.011358045972883701, -0.081891268491745, -0.026653483510017395, -0.008022410795092583, 0.030598193407058716, -0.07878798991441727, -0.04959078133106232, -0.02319544367492199, -0.004495127592235804, -0.038974590599536896, -0.31399399042129517, 0.5899863243103027, 0.2407379299402237, 0.06190057098865509, -0.6030689477920532, 0.7579719424247742, -0.20272882282733917, -0.08742354810237885, -0.07346182316541672, 0.1643344610929489, -0.47770190238952637, 0.18625898659229279, 0.0, -0.38999998569488525, 0.47999998927116394, -0.6623125672340393, 0.30807608366012573, -0.5883525013923645, 0.3468034863471985, 0.4361312687397003, -0.753104567527771, 0.12164519727230072, 0.47731080651283264, -0.042025573551654816, -0.3642685115337372, 0.6018718481063843, 0.020054906606674194, 0.14380095899105072, 0.9893484115600586, 0.010427325963973999, -0.06964582204818726, -0.25343960523605347, -0.019025396555662155, 3.262920379638672, 0.029595164582133293, -0.4172721207141876, -0.040461547672748566, -0.4013233184814453, 0.5973671674728394, -0.09442459791898727, -0.1891789436340332, 0.9644855856895447, 0.15831239521503448, -0.21384771168231964, -0.22205574810504913, -0.17220936715602875, 2.9777913093566895, -1.3021843433380127, -1.0772368907928467, 0.008653032593429089, -0.41625314950942993, 0.585780918598175, 0.045552607625722885, 0.08598395437002182, 0.9936960935592651, -0.05567559599876404, -0.12326757609844208, -0.05306834727525711, -0.0856681764125824, -0.5548941493034363, -0.25906655192375183, -0.6785788536071777, -0.012490058317780495, -0.3978196680545807, 0.5937373638153076, -0.25638246536254883, -0.18876110017299652, 0.9479051232337952, 0.010631185956299305, 0.018752632662653923, -0.30800047516822815, -0.18812401592731476, 3.7221312522888184, 1.1225943565368652, 0.11055459082126617, -0.05710437893867493, -0.32160359621047974, 0.5746971964836121, 0.34012168645858765, -0.24690955877304077, 0.8538620471954346, 0.3070383071899414, 0.26637598872184753, -0.5652273893356323, -0.17010049521923065, 9.151694297790527, 6.0591630935668945, -3.153449296951294, -0.06522395461797714, 0.5253620147705078, -0.4186497628688812, -0.00500478083267808, 0.0006499846931546926, 0.0005255430587567389, -0.25655466318130493, 0.47021839022636414, -0.2635951638221741, -0.002538710366934538, -0.0016347868368029594, 0.0007424981449730694, -0.09795445203781128, 0.45555976033210754, -0.5460799932479858, -0.006916600279510021, 0.0010152165777981281, 0.0009352457127533853, 0.004218983929604292, 0.4212779104709625, -0.21133141219615936, -0.0017032423056662083, -0.00043243300751782954, -0.0006071884417906404, -0.28243598341941833, 0.8865798115730286, 0.010744058527052402, -0.0023790262639522552, 2.3850006982684135e-05, 0.007077566813677549, 1.0, 0.7413914799690247, -0.33084094524383545, 0.22632288932800293, -1.0, 1.0, -0.4283989667892456, -1.0, -0.6038094758987427, -0.7048718333244324, -0.2369472235441208, -0.31518617272377014, 0.7362668514251709, -0.8591480255126953, -1.0, 0.8998158574104309, 0.18507933616638184, 1.0, -1.0, 0.03270561248064041]
[0.9042172431945801, 0.9181109666824341, -0.24044106900691986, 0.47769954800605774, -0.9669191837310791, -0.7855316996574402, 0.8333436250686646, -0.16480733454227448, -0.9982972741127014, -0.9806002378463745, -0.6408644914627075, -0.648614764213562, -0.33906567096710205, -0.3664906322956085, 0.07268805056810379, 0.8328841924667358, -0.6793175339698792, -0.9608262777328491, -0.7977094054222107, 0.19403855502605438, 0.3071179687976837, 0.9999995827674866, -0.9667791724205017, 0.17270822823047638, 0.10110525041818619, -0.33032333850860596, 0.013829784467816353, -0.47442373633384705, -0.04936378076672554, -0.015784164890646935, 0.1381584256887436, -0.5310996174812317, 0.008031501434743404, 0.005119302775710821, 0.04048820957541466, -0.06884323805570602, -0.008276755921542645, 0.02642231620848179, -0.42643776535987854, -0.13466864824295044, -0.46466323733329773, -0.05601576715707779, -0.017758114263415337, 1.7387831211090088, -0.11449021100997925, 2.642517301865155e-06, -0.03326563164591789, -0.3592192828655243, -0.7253438234329224, -2.160963535308838, 0.0009485572809353471, -0.10458670556545258, -0.037835728377103806, -0.012316184118390083, -0.04390021413564682, -0.1298300325870514, -0.04702974110841751, -0.0154484324157238, -0.01650046557188034, -0.13817936182022095, -0.05906142294406891, -0.021088503301143646, -0.1971084624528885, -0.005910149309784174, -0.1704176515340805, -0.06143148988485336, -0.019998572766780853, 0.023362068459391594, -0.047374289482831955, -0.03242487832903862, -0.013177365064620972, -0.002458022441715002, -0.04262810945510864, -0.31601136922836304, 0.5885895490646362, 0.2606877088546753, 0.05207610875368118, -0.5878971219062805, 0.7640071511268616, -0.2244490534067154, -0.1321178376674652, -0.09068534523248672, 0.21930532157421112, -0.5866358876228333, 0.2944476902484894, 0.0, -0.38999998569488525, 0.47999998927116394, -0.6623125672340393, 0.30807608366012573, -0.5883525013923645, 0.3468034863471985, 0.4459410309791565, -0.7600600719451904, 0.1308184564113617, 0.45423775911331177, -0.04336375743150711, -0.36900290846824646, 0.6003960967063904, 0.019646745175123215, 0.1111442893743515, 0.9934987425804138, 0.014867392368614674, -0.08651363849639893, -0.39563700556755066, -0.11392365396022797, 4.333279609680176, -0.30155619978904724, -0.6650314927101135, -0.04355771094560623, -0.40551650524139404, 0.5934960842132568, -0.10209422558546066, -0.21922704577445984, 0.9559451937675476, 0.16638779640197754, -0.20321312546730042, -0.3407188355922699, -0.3154297471046448, 4.000990867614746, -1.414099097251892, -0.8118006587028503, 0.006713624577969313, -0.41844338178634644, 0.5830105543136597, 0.043597299605607986, 0.07832669466733932, 0.9947215914726257, -0.049930233508348465, -0.11248338222503662, -0.20598691701889038, -0.21708911657333374, 1.8830784559249878, -0.23967716097831726, -0.7141637206077576, -0.01204761490225792, -0.4036376178264618, 0.5892825126647949, -0.245181605219841, -0.22585491836071014, 0.9425933957099915, 0.019826561212539673, 0.05362045392394066, -0.46318575739860535, -0.3542098104953766, 5.209906101226807, 1.2907981872558594, 0.45512309670448303, -0.05369971692562103, -0.3298534154891968, 0.5729261636734009, 0.39927417039871216, -0.3089894950389862, 0.8056622743606567, 0.30986109375953674, 0.18181435763835907, -0.6211298704147339, -0.3303336501121521, 10.178031921386719, 5.433640956878662, -2.575000524520874, -0.0028215441852808, 0.5162180066108704, -0.5199404954910278, -0.004572914447635412, 0.0009250145521946251, -0.0008291227277368307, -0.24577152729034424, 0.7336530685424805, -0.3299808204174042, -0.0044436343014240265, -0.001778754056431353, 0.00013290514471009374, -0.07069311290979385, 0.6369852423667908, -0.7374168634414673, -0.011533723212778568, 0.0011893101036548615, 0.0010028509423136711, 0.05987764149904251, 0.9289590120315552, -0.3060183823108673, -0.006064189597964287, -0.0005581665318459272, -0.0022459994070231915, -0.1871168315410614, 0.6016998291015625, -0.053199637681245804, -4.188621460343711e-06, 0.0005358481430448592, 0.0055571733973920345, 1.0, 0.506060779094696, -0.18705207109451294, 0.17214632034301758, -1.0, 1.0, -0.5051359534263611, -1.0, -0.588073194026947, -0.7147719860076904, -0.39209476113319397, -0.5318141579627991, 0.6373054385185242, -1.0, -1.0, 0.961693286895752, 0.18566226959228516, 1.0, -1.0, -0.056559376418590546]
[0.9262528419494629, 0.85177081823349, -0.22365912795066833, 0.4152181148529053, -0.960180938243866, -0.78507399559021, 0.8632832765579224, -0.2302313894033432, -0.9969142079353333, -0.9797828197479248, -0.6423086524009705, -0.666816234588623, -0.3614840805530548, -0.36867597699165344, 0.013181282207369804, 0.805986225605011, -0.7084129452705383, -0.9672499299049377, -0.7998904585838318, 0.30612069368362427, 0.31750574707984924, 0.9999998807907104, -0.9378663301467896, 0.13197819888591766, 0.07013124227523804, -0.5650536417961121, 0.08619394153356552, -0.6984487175941467, 0.11874456703662872, 0.02642327919602394, 0.11453930288553238, -0.6520987153053284, 0.011062059551477432, 0.007749705109745264, -0.07588373869657516, -0.23579369485378265, -0.3170963227748871, -0.06620393693447113, -0.12864987552165985, -0.1120271235704422, -0.11442148685455322, -0.0599830262362957, -0.02292497456073761, 0.9773346781730652, 0.2749130427837372, 3.833864684565924e-05, 0.4630603492259979, -0.29792824387550354, -0.8675563931465149, -2.6977734565734863, -0.013113418594002724, -0.2725665867328644, -0.09604537487030029, -0.030986327677965164, -0.05230063945055008, -0.1927151083946228, -0.07184009999036789, -0.024104133248329163, -0.09235374629497528, -0.2623339295387268, -0.11166827380657196, -0.03979921713471413, 0.0903124287724495, 0.053451962769031525, 0.22084981203079224, 0.0908777117729187, 0.032246172428131104, -0.43623554706573486, 0.34791821241378784, 0.15222948789596558, 0.39176610112190247, 0.14666078984737396, -0.046676140278577805, -0.3187932074069977, 0.5868406295776367, 0.2847169041633606, 0.04047337546944618, -0.5669265985488892, 0.7719407081604004, -0.24872557818889618, -0.1768844723701477, -0.11503580957651138, 0.27147552371025085, -0.7054746747016907, 0.39076852798461914, 0.0, -0.38999998569488525, 0.47999998927116394, -0.6623125672340393, 0.30807608366012573, -0.5883525013923645, 0.3468034863471985, 0.4591629207134247, -0.7667766809463501, 0.14304059743881226, 0.4251616895198822, -0.04495527222752571, -0.3762429356575012, 0.5969622731208801, 0.01676190085709095, 0.07001831382513046, 0.9971767067909241, 0.021328672766685486, -0.10855071991682053, -0.5975321531295776, -0.24677187204360962, 5.548515319824219, -0.621444821357727, -0.8325685262680054, -0.04655671492218971, -0.41182976961135864, 0.5867817401885986, -0.10913500934839249, -0.26103103160858154, 0.9434868693351746, 0.1725829392671585, -0.20322385430335999, -0.4964078962802887, -0.5266335606575012, 5.681827068328857, -1.7631547451019287, -0.507459819316864, 0.0052338093519210815, -0.4231534004211426, 0.5771322846412659, 0.041542839258909225, 0.042052261531353, 0.9971585273742676, -0.046698056161403656, -0.06062781810760498, -0.4328441619873047, -0.4282948076725006, 5.8955230712890625, 0.09688650071620941, -0.277780145406723, -0.012041079811751842, -0.4098135232925415, 0.5831038951873779, -0.23778633773326874, -0.26297882199287415, 0.9346124529838562, 0.028269842267036438, -0.025256861001253128, -0.370821088552475, -0.413431316614151, 3.9787747859954834, 0.24639850854873657, 0.2883760333061218, -0.051399730145931244, -0.33730119466781616, 0.5698952078819275, 0.44459182024002075, -0.3594633638858795, 0.7605888247489929, 0.307618111371994, 0.06590991467237473, -0.3500882685184479, -0.27997249364852905, 5.224119663238525, 2.9569151401519775, -1.9054830074310303, -0.07412983477115631, 1.3369896411895752, -0.7465202212333679, -0.01093148160725832, 0.0005840148660354316, 0.001244325190782547, -0.2784837484359741, 1.0999903678894043, -0.38921502232551575, -0.007604277227073908, -0.0019781584851443768, -0.00024763186229392886, -0.47748011350631714, 1.2194162607192993, -1.2593154907226562, -0.021507974714040756, -0.0003045200137421489, 0.006991931702941656, 0.5088499784469604, -1.2608201503753662, 0.18710047006607056, 0.013333870097994804, 0.006810322403907776, 0.011989465914666653, 4.696146011352539, -2.465989351272583, -3.075796604156494, 0.025109106674790382, 0.07152245193719864, -0.004558745305985212, 1.0, 0.26786261796951294, -0.01049572229385376, 0.06707430630922318, -0.8723932504653931, 1.0, -0.6693013906478882, -1.0, -0.5449824333190918, -0.6947188973426819, -0.6142204403877258, -0.8136972784996033, 0.6445975303649902, -1.0, -1.0, 1.0, 0.31287121772766113, 1.0, -1.0, -0.2406216561794281]
[0.9419206976890564, 0.7520301938056946, -0.19014158844947815, 0.3421541154384613, -0.9137647151947021, -0.7759673595428467, 0.8876633644104004, -0.30386173725128174, -0.9956637620925903, -0.9789161682128906, -0.6364099383354187, -0.6584754586219788, -0.3707968592643738, -0.37481221556663513, 0.0025286036543548107, 0.8029845952987671, -0.697346568107605, -0.9730972647666931, -0.8022114038467407, 0.38788315653800964, 0.3542686402797699, 1.0000022649765015, -0.8908350467681885, 0.08775169402360916, 0.050246573984622955, -0.7916515469551086, 0.16475626826286316, -0.6828758120536804, 0.5909141898155212, 0.14861330389976501, 0.09315329045057297, -0.7047397494316101, 0.0075493440963327885, 0.00665163854137063, 0.1554645150899887, 0.19805046916007996, 0.0403064526617527, -0.02346123568713665, -0.015896035358309746, 0.037464164197444916, 0.203527569770813, -0.048935841768980026, -0.019709385931491852, 0.9928348660469055, 0.2770669162273407, -6.549655518028885e-05, 0.22041216492652893, -0.45487889647483826, -0.4623353183269501, -1.9915053844451904, 0.00019475120643619448, -0.078134685754776, 0.0031369440257549286, 0.009481826797127724, -0.04251239448785782, -0.13281595706939697, -0.04933725297451019, -0.01654113084077835, 0.11381195485591888, -0.04129331558942795, 0.022278010845184326, 0.01565050147473812, -0.15055780112743378, 0.04440014064311981, -0.05941637605428696, -0.014888772740960121, -0.0032285184133797884, 0.08263564854860306, -0.07197241485118866, -0.03725554049015045, -0.08614782243967056, -0.029944060370326042, -0.05115416273474693, -0.32234275341033936, 0.5846003890037537, 0.3128451108932495, 0.026236392557621002, -0.5397270321846008, 0.7811108231544495, -0.27658703923225403, -0.22354985773563385, -0.14544835686683655, 0.32400062680244446, -0.823523998260498, 0.4573492705821991, 0.0, -0.38999998569488525, 0.47999998927116394, -0.6623125672340393, 0.30807608366012573, -0.5883525013923645, 0.3468034863471985, 0.47499459981918335, -0.7730739116668701, 0.15863250195980072, 0.38932329416275024, -0.046841852366924286, -0.3851940631866455, 0.5909916162490845, 0.012115460820496082, 0.03380338475108147, 0.9989283680915833, 0.029198789969086647, -0.12935754656791687, -0.6027126908302307, -0.4191732108592987, 3.611858606338501, -0.750889241695404, -1.014892578125, -0.04947947710752487, -0.41986316442489624, 0.5766199827194214, -0.11551547795534134, -0.3147408068180084, 0.9252961277961731, 0.17726048827171326, -0.19664031267166138, -0.5805323719978333, -0.7572351098060608, 7.05319356918335, -2.0191733837127686, -0.3345109224319458, 0.0036904271692037582, -0.42792657017707825, 0.5694490671157837, 0.0365406833589077, 0.010030071251094341, 0.9983029365539551, -0.04421856626868248, -0.14254748821258545, -0.30994343757629395, -0.48400092124938965, 2.828737258911133, -0.8613482117652893, -0.8851282000541687, -0.01333993673324585, -0.4148394763469696, 0.5760279297828674, -0.23912760615348816, -0.2898387312889099, 0.9259476661682129, 0.03784671798348427, -0.11006664484739304, -0.32150840759277344, -0.4899310767650604, 3.432018280029297, -0.3967605233192444, -0.7048697471618652, -0.04948451742529869, -0.34414467215538025, 0.565942645072937, 0.4830307364463806, -0.3993505835533142, 0.719101071357727, 0.3001568615436554, 0.12217998504638672, -0.4758148491382599, -0.4242420196533203, 7.993185520172119, 4.119869709014893, -0.8918914198875427, 0.01693085953593254, -0.01167910173535347, -0.41392946243286133, 0.009306641295552254, 0.0007459447951987386, -0.0008202671306207776, -0.17795570194721222, 0.7663037776947021, -0.2661372423171997, -0.005046573467552662, -0.0014120612759143114, -0.000466516095912084, 0.6192768812179565, -0.2753572165966034, -0.22215679287910461, 0.011520144529640675, 0.004096850287169218, -0.00857947114855051, 0.2595962584018707, 0.2765759229660034, -0.147001713514328, 0.0009201202774420381, 0.0019519650377333164, -0.0013685632729902864, -1.0484411716461182, 0.5934310555458069, 0.6105189919471741, -0.0018416676903143525, -0.013168999925255775, 0.0036066779866814613, 1.0, -0.010953245684504509, 0.0823909342288971, 0.005058532580733299, -0.4836708903312683, 1.0, -0.7579651474952698, -1.0, -0.32884493470191956, -0.08024545758962631, -0.2801142930984497, -1.0, 0.6516891121864319, -0.8809973001480103, -1.0, 1.0, 0.41607171297073364, 1.0, -1.0, -0.28574681282043457]
[0.9543591141700745, 0.6436501145362854, -0.12983500957489014, 0.2768843173980713, -0.830152690410614, -0.7537111639976501, 0.9068098664283752, -0.39487001299858093, -0.9953080415725708, -0.9784237742424011, -0.5901311039924622, -0.6692105531692505, -0.42080187797546387, -0.38293445110321045, -0.021606341004371643, 0.8147087097167969, -0.6901236176490784, -0.9772522449493408, -0.8038078546524048, 0.4715203642845154, 0.4236055314540863, 0.9958521127700806, -0.8823369741439819, 0.005138899199664593, 0.04369654878973961, -0.7534119486808777, 0.29182761907577515, -0.5536117553710938, 0.8686074614524841, 0.2581406235694885, 0.07305514812469482, -0.9161551594734192, -0.001955381128937006, 0.001958282198756933, 0.20298050343990326, -0.26377013325691223, -0.7309767007827759, -0.1627431958913803, -0.1675236076116562, 0.05058608204126358, -0.009188618510961533, -0.03537006676197052, -0.012800131924450397, 1.0554202795028687, 0.6198782324790955, -0.010754439979791641, -0.042454373091459274, -0.9245067834854126, -0.2634168863296509, 0.720899224281311, 0.004848286043852568, 0.0805760994553566, 0.04766466096043587, 0.021854620426893234, -0.028063464909791946, -0.004376667086035013, -0.005567631684243679, -0.002854241756722331, -0.0010765960905700922, -0.09775160253047943, -0.09712836146354675, -0.04568386822938919, -0.006841479334980249, -0.02141183614730835, -0.048208318650722504, -0.01995963789522648, -0.007150397635996342, -0.02412881702184677, 0.1477285623550415, 0.06335265189409256, -0.02410648763179779, -0.01731909066438675, -0.05604453757405281, -0.32656046748161316, 0.5815251469612122, 0.3448476493358612, 0.008728178218007088, -0.5063633322715759, 0.7903164029121399, -0.2979879081249237, -0.25953254103660583, -0.2021118849515915, 0.3413691520690918, -1.0376988649368286, 0.6073386669158936, 0.0, -0.38999998569488525, 0.47999998927116394, -0.6623125672340393, 0.30807608366012573, -0.5883525013923645, 0.3468034863471985, 0.4921676814556122, -0.7787134051322937, 0.17735597491264343, 0.34629663825035095, -0.048988766968250275, -0.39305955171585083, 0.5838251709938049, 0.0069445460103452206, 0.017880089581012726, 0.9989790320396423, 0.040900517255067825, -0.14129652082920074, -0.42838287353515625, -0.43860912322998047, 0.829684317111969, -0.6518579721450806, -1.5813785791397095, -0.05233117565512657, -0.42806002497673035, 0.5642011165618896, -0.1224847286939621, -0.37639129161834717, 0.9005546569824219, 0.17980101704597473, -0.19351860880851746, -0.5433191061019897, -0.865959644317627, 7.871970176696777, -2.4765679836273193, -0.1772608458995819, 0.0014590281061828136, -0.43401145935058594, 0.5596288442611694, 0.029774392023682594, -0.04859684035181999, 0.9977656602859497, -0.03486187011003494, -0.1376052051782608, -0.5462319850921631, -0.6571906208992004, 9.462714195251465, -0.30930450558662415, -1.5400021076202393, -0.014652935788035393, -0.4200989603996277, 0.5675128698348999, -0.24056147038936615, -0.3209620714187622, 0.9146423935890198, 0.05042479187250137, -0.06860862672328949, -0.3641623258590698, -0.5783506631851196, 4.609719276428223, -0.06849156320095062, -0.5018796324729919, -0.04609517753124237, -0.35107773542404175, 0.5608470439910889, 0.5434237718582153, -0.4384250342845917, 0.6588399410247803, 0.2800072133541107, 0.26274174451828003, -0.39439690113067627, -0.5288279056549072, 10.351512908935547, 7.3035078048706055, 0.9438154697418213, 0.04294782504439354, -0.6499478816986084, 0.21061214804649353, 0.01210540346801281, 0.00046594798914156854, -0.0017438329523429275, -0.04463734105229378, 0.051076874136924744, 0.04914487153291702, -0.0020880887750536203, -0.00020921857503708452, 0.0006006011390127242, -0.01409895159304142, 1.1301414966583252, -0.4975337088108063, -0.028731748461723328, -7.589814049424604e-05, -0.000332756491843611, -0.08427027612924576, 0.2643076777458191, -0.05047784745693207, -0.0031857832800596952, -0.0005866525461897254, -0.001406465657055378, -0.33812999725341797, -0.8169230222702026, 0.1288507878780365, 0.0027852393686771393, -0.011909015476703644, -0.006066159810870886, 1.0, 0.04199594259262085, 0.3174694776535034, -0.014447683468461037, -0.2621825337409973, 1.0, -0.9834465384483337, -1.0, -0.11215702444314957, -0.7882447838783264, -1.0, -1.0, 1.0, -1.0, -1.0, 0.9590076208114624, 1.0, 1.0, -1.0, -0.633050799369812]
[0.9644566774368286, 0.5235111713409424, -0.05420184135437012, 0.2198840081691742, -0.7191504240036011, -0.720984160900116, 0.9223209023475647, -0.4891245365142822, -0.9953389763832092, -0.9782247543334961, -0.5249496698379517, -0.6999064087867737, -0.5053106546401978, -0.4067997634410858, -0.06139247864484787, 0.8196134567260742, -0.6949525475502014, -0.9802172780036926, -0.8048238754272461, 0.5536529421806335, 0.5120469331741333, 0.995067298412323, -0.8938769698143005, -0.11052735149860382, 0.03393012285232544, -0.9122310876846313, 0.32044288516044617, -0.5111944675445557, 1.106003761291504, 0.3481770157814026, 0.06053904816508293, -0.8526132702827454, -0.0020484519191086292, 0.0009904872858896852, 0.2989073395729065, -0.3100535571575165, -0.8075718283653259, -0.2571192681789398, -0.18870224058628082, 0.006371388677507639, -0.05965805798768997, -0.02639876864850521, -0.008526983670890331, 0.9947869181632996, 0.6404353380203247, 0.0027167119551450014, -0.09241697937250137, -1.143672227859497, -0.298218309879303, -1.3381015062332153, -0.007858910597860813, -0.048464901745319366, -0.004097349941730499, 0.003262806683778763, -0.036190904676914215, -0.059342607855796814, -0.019163038581609726, -0.005753364413976669, 0.011339303106069565, -0.0946992039680481, -0.034234531223773956, -0.012365356087684631, -0.12419048696756363, -0.0031428260263055563, -0.10864999145269394, -0.039034098386764526, -0.01270422711968422, 0.02680228091776371, -0.021413026377558708, -0.013907089829444885, -0.030442535877227783, -0.008613482117652893, -0.06132490560412407, -0.3313838243484497, 0.5773777365684509, 0.38061264157295227, -0.013179111294448376, -0.4665354788303375, 0.7983138561248779, -0.32267293334007263, -0.2981736361980438, -0.26307791471481323, 0.36794084310531616, -1.2396632432937622, 0.6844006776809692, 0.0, -0.38999998569488525, 0.47999998927116394, -0.6623125672340393, 0.30807608366012573, -0.5883525013923645, 0.3468034863471985, 0.509248673915863, -0.7834386229515076, 0.19936488568782806, 0.2952006459236145, -0.051252808421850204, -0.3999956250190735, 0.5753533244132996, 0.00285410787910223, 0.016547009348869324, 0.9983404278755188, 0.05508469045162201, -0.14055925607681274, -0.40266093611717224, -0.5576000809669495, -0.20675025880336761, -0.40253153443336487, -1.7199050188064575, -0.05489182844758034, -0.43552425503730774, 0.5496231317520142, -0.1290850192308426, -0.4407547116279602, 0.8696175217628479, 0.1812116950750351, -0.1650187373161316, -0.4853620231151581, -1.0422358512878418, 8.360164642333984, -2.4807887077331543, -0.1891886293888092, -0.0010911633726209402, -0.44086965918540955, 0.5469322204589844, 0.021969426423311234, -0.13786490261554718, 0.989952564239502, -0.022462796419858932, -0.17539837956428528, -0.564824640750885, -0.8798552751541138, 11.34351921081543, -0.5403244495391846, -1.891007423400879, -0.015475323423743248, -0.4259222149848938, 0.5570204854011536, -0.23912806808948517, -0.36013898253440857, 0.8995192646980286, 0.06310828775167465, -0.04417206346988678, -0.4023926854133606, -0.7350260019302368, 5.577683925628662, -0.048546623438596725, -0.17582938075065613, -0.04189286008477211, -0.3579135835170746, 0.5542736649513245, 0.614417314529419, -0.4741615653038025, 0.581235408782959, 0.24459664523601532, 0.25043365359306335, -0.35490888357162476, -0.6737425923347473, 12.216171264648438, 7.491971015930176, 1.9991921186447144, -0.024082127958536148, 0.03396781533956528, -0.3107301890850067, 0.003772323951125145, 0.00010587830911390483, 0.0002501574344933033, -0.08808639645576477, 0.33418720960617065, -0.1470186859369278, -0.0007405561627820134, -0.0007217756356112659, -0.0007049900013953447, 0.07251040637493134, 0.4282607138156891, -0.47107237577438354, -0.005941445007920265, 0.0010435959557071328, -0.0006805685698054731, 0.05124574154615402, 0.5896596908569336, -0.1606578230857849, -0.003859333461150527, -0.0003000255092047155, -0.00111973169259727, -0.30384987592697144, 0.3096434772014618, 0.1780845820903778, 0.0006136888987384737, -0.0037518832832574844, 0.0028708186000585556, 1.0, -0.31126970052719116, 0.3892800807952881, -0.08155214041471481, -0.025679096579551697, 1.0, -1.0, -1.0, 0.06204666942358017, -0.7730057835578918, -1.0, -1.0, 1.0, -1.0, -1.0, 1.0, 1.0, 1.0, -1.0, -0.8364436030387878]
[0.9715081453323364, 0.37558045983314514, 0.03572239354252815, 0.17210528254508972, -0.5856788754463196, -0.6798166632652283, 0.9350283741950989, -0.5719833374023438, -0.9952858090400696, -0.9780324697494507, -0.4325868785381317, -0.7365643978118896, -0.5863238573074341, -0.43423810601234436, -0.10768797248601913, 0.8227014541625977, -0.7044610381126404, -0.9822733402252197, -0.8054066300392151, 0.6268267631530762, 0.595217764377594, 0.9778823852539062, -0.9083623290061951, -0.2409103661775589, 0.022639362141489983, -1.1318731307983398, 0.3948107957839966, -0.40353378653526306, 1.2980835437774658, 0.419802725315094, 0.04970620572566986, -0.7265598773956299, -0.0008757181349210441, 0.0014261428732424974, 0.4183255136013031, -0.3736651539802551, -0.7182677388191223, -0.2519845962524414, -0.22106079757213593, 0.016748812049627304, -0.09680856019258499, -0.01951299048960209, -0.005056011024862528, 0.8572942614555359, 0.569606602191925, -0.06675583124160767, -0.09307900816202164, -1.2360469102859497, -0.28452619910240173, -1.931916356086731, -0.002728602848947048, -0.06074342504143715, -0.009478394873440266, 0.0008667906513437629, -0.039234232157468796, -0.08383557945489883, -0.026753393933176994, -0.007921267300844193, 0.015167145058512688, -0.13678644597530365, -0.038082122802734375, -0.009526383131742477, -0.1710210144519806, 0.01598726026713848, -0.13952532410621643, -0.04995155334472656, -0.016217155382037163, 0.04240252077579498, -0.0682532861828804, -0.042274072766304016, -0.029166176915168762, -0.003070297883823514, -0.06698425114154816, -0.33679020404815674, 0.5720162391662598, 0.419812947511673, -0.04114608094096184, -0.4195432662963867, 0.8037707805633545, -0.3453531265258789, -0.3326036334037781, -0.33744144439697266, 0.3909679651260376, -1.4675350189208984, 0.7286726832389832, 0.0, -0.38999998569488525, 0.47999998927116394, -0.6623125672340393, 0.30807608366012573, -0.5883525013923645, 0.3468034863471985, 0.524480402469635, -0.7867588996887207, 0.22531872987747192, 0.23486635088920593, -0.05357063561677933, -0.40655818581581116, 0.5644784569740295, 0.0008877770742401481, 0.022612323984503746, 0.9971733093261719, 0.07164620608091354, -0.1368686556816101, -0.36063456535339355, -0.7157435417175293, -0.9272448420524597, -0.04862092062830925, -2.0871996879577637, -0.05694505572319031, -0.44184762239456177, 0.5321027636528015, -0.13378369808197021, -0.5060628652572632, 0.8322600722312927, 0.18260705471038818, -0.12704135477542877, -0.38893961906433105, -1.2435959577560425, 8.863945960998535, -2.366338014602661, -0.22365549206733704, -0.004157969728112221, -0.4472276568412781, 0.5306509733200073, 0.010866212658584118, -0.23636294901371002, 0.9715782403945923, -0.0070770070888102055, -0.21859540045261383, -0.5115678310394287, -1.153926968574524, 12.295693397521973, -0.8634786009788513, -2.3066604137420654, -0.016055166721343994, -0.43203362822532654, 0.5434303283691406, -0.23640555143356323, -0.407911092042923, 0.8785542249679565, 0.07657322287559509, -0.033720869570970535, -0.41190552711486816, -0.9630776643753052, 6.906386375427246, -0.15546001493930817, -0.08343750983476639, -0.0381648875772953, -0.3648271858692169, 0.5454992055892944, 0.6791141033172607, -0.5083871483802795, 0.4938041865825653, 0.19106000661849976, 0.18740472197532654, -0.28865358233451843, -0.8026177287101746, 13.674028396606445, 6.32152795791626, 2.5093371868133545, 0.0008117179968394339, 0.07769583910703659, -0.44240278005599976, 0.0020322282798588276, 0.00011653192632365972, -0.0005430469755083323, -0.08221253752708435, 0.4690972566604614, -0.1713651567697525, -0.0008848081342875957, -0.0007091459119692445, -0.0011903432896360755, 0.09716332703828812, 0.48950761556625366, -0.5762491226196289, -0.0021837700624018908, 0.001310666324570775, -0.0007043661898933351, 0.19117805361747742, 0.7623714804649353, -0.20460402965545654, -0.004781583324074745, 0.0008617091225460172, -0.0022050230763852596, -0.2025923877954483, 0.6092241406440735, 0.17475531995296478, 0.0010049468837678432, 0.00017118088726419955, 0.00666067423298955, 1.0, -0.6699615120887756, 0.5986167788505554, -0.05553697794675827, 0.21300391852855682, 1.0, -1.0, -1.0, 0.3091881573200226, -0.8712879419326782, -1.0, -1.0, 1.0, -1.0, -1.0, 1.0, 1.0, 0.7609156370162964, -1.0, -1.0]
[0.9759092330932617, 0.19851353764533997, 0.1409173309803009, 0.13725344836711884, -0.43571025133132935, -0.6134873628616333, 0.9450411796569824, -0.6419378519058228, -0.9952515959739685, -0.9778399467468262, -0.3049623370170593, -0.7788807153701782, -0.6562471985816956, -0.45925700664520264, -0.17323698103427887, 0.8315838575363159, -0.7223429679870605, -0.983573317527771, -0.8056164383888245, 0.6891661882400513, 0.6665421724319458, 0.9256566166877747, -0.9221038222312927, -0.3647926449775696, 0.014409597031772137, -1.3243483304977417, 0.4509572982788086, -0.2798174023628235, 1.4333990812301636, 1.0208323001861572, 0.039260514080524445, -0.6116126775741577, -0.0019070670241490006, 0.0010179581586271524, 0.5963954329490662, -0.375796377658844, -0.6108373999595642, -0.22098302841186523, -0.4326537549495697, 0.07018779963254929, -0.2666580080986023, -0.008146531879901886, 0.0005064101424068213, 0.7247286438941956, 0.47808781266212463, -0.16109874844551086, -0.08480289578437805, -1.096856951713562, -0.1680421531200409, -1.4233756065368652, -0.003968910779803991, -0.035498037934303284, -0.003525613574311137, 0.03578212112188339, -0.035877082496881485, -0.058647520840168, -0.018432248383760452, -0.005381512921303511, 0.04931025207042694, -0.0444597564637661, -0.002390640787780285, 0.002731354907155037, -0.3285062313079834, 0.010047723539173603, -0.33397093415260315, -0.12414249777793884, -0.041509661823511124, 0.03119697794318199, -0.06806737184524536, -0.04271369427442551, -0.01906987465918064, 0.005517070181667805, -0.07293106615543365, -0.3426330089569092, 0.5651469230651855, 0.46158379316329956, -0.07660459727048874, -0.3656679689884186, 0.8045862913131714, -0.3609376549720764, -0.3557717502117157, -0.43189480900764465, 0.4138288199901581, -1.7133721113204956, 0.7253133654594421, 0.0, -0.38999998569488525, 0.47999998927116394, -0.6623125672340393, 0.30807608366012573, -0.5883525013923645, 0.3468034863471985, 0.5352423191070557, -0.7882010340690613, 0.25509870052337646, 0.16486221551895142, -0.055780138820409775, -0.41216909885406494, 0.5510900616645813, 0.003422805340960622, 0.04118216037750244, 0.9950286746025085, 0.09061047434806824, -0.1070900708436966, -0.23482507467269897, -0.8610293865203857, -4.144759178161621, 1.0028856992721558, -2.349128007888794, -0.05840699002146721, -0.44627994298934937, 0.5116811990737915, -0.1362554281949997, -0.5714293718338013, 0.7880340814590454, 0.18413354456424713, -0.08564327657222748, -0.23375743627548218, -1.4159142971038818, 9.303763389587402, -2.2446224689483643, -0.2572004497051239, -0.007833234965801239, -0.4519440233707428, 0.5106567740440369, -0.0037240893580019474, -0.33775195479393005, 0.9411450624465942, 0.012475399300456047, -0.27630215883255005, -0.34926456212997437, -1.3860360383987427, 12.593597412109375, -1.0930894613265991, -3.0547091960906982, -0.016314474865794182, -0.43777328729629517, 0.5258858799934387, -0.2312651425600052, -0.4664560556411743, 0.8487547636032104, 0.09246905148029327, 0.002193920314311981, -0.3967478573322296, -1.2858277559280396, 9.306426048278809, 0.13413140177726746, -0.02366715297102928, -0.03526171296834946, -0.37129876017570496, 0.5345152616500854, 0.7282722592353821, -0.5392155051231384, 0.40463531017303467, 0.12303001433610916, 0.1286459118127823, -0.19371342658996582, -0.8817968368530273, 13.957776069641113, 4.570425033569336, 2.470383882522583, -0.00875675305724144, -0.4302498698234558, -0.3194287419319153, 0.029328370466828346, -9.401535498909652e-05, -0.0001877398754004389, -0.033822447061538696, 0.33234164118766785, -0.10817111283540726, -0.00039638878661207855, -0.0003182398504577577, -0.0010136759374290705, 0.2866649925708771, 0.07447700947523117, -0.2257930338382721, 0.003848510328680277, 0.002599016297608614, -0.00270147155970335, 0.15192654728889465, 1.8417973518371582, -0.4199276566505432, -0.01388269942253828, -0.0006169044645503163, -0.011578906327486038, 0.015515103936195374, 0.5257497429847717, 0.07141479104757309, 0.0015341895632445812, 0.005268828943371773, 0.006174049805849791, 1.0, -0.9861165881156921, 0.771641731262207, -0.004371637478470802, 0.4297826886177063, 1.0, -1.0, -1.0, 0.6119311451911926, -0.9868267178535461, -1.0, -1.0, 1.0, -1.0, -1.0, 1.0, 1.0, 0.48425307869911194, -1.0, -1.0]
[0.9783095717430115, 0.0113673135638237, 0.2453915774822235, 0.1266554296016693, -0.2894434928894043, -0.4630075991153717, 0.9526241421699524, -0.7028310894966125, -0.9839119911193848, -0.9761222004890442, -0.1345626562833786, -0.8200700879096985, -0.7156507968902588, -0.48158207535743713, -0.2627210021018982, 0.8463340997695923, -0.7515583634376526, -0.9855911731719971, -0.8060214519500732, 0.7423841953277588, 0.7248309850692749, 0.8309835195541382, -0.93495112657547, -0.47156214714050293, 0.006874945014715195, -1.3202369213104248, 0.4163309633731842, 0.008377480320632458, 1.3108190298080444, 1.6231319904327393, 0.030781487002968788, -0.5370650291442871, 0.16009895503520966, 0.0354606993496418, 0.7385913729667664, -0.4485258162021637, -0.5135456323623657, -0.23099486529827118, -0.23837833106517792, 0.013720773160457611, -0.1656908243894577, -0.03410351648926735, -0.011574369855225086, 0.6192910075187683, 0.3868195712566376, -0.26922401785850525, -0.07906956225633621, -0.9289667010307312, -0.18666762113571167, 0.5866930484771729, -0.01183322537690401, 0.10644052177667618, 0.02626214176416397, 0.021137535572052002, -0.030258089303970337, 0.06510940194129944, 0.036360278725624084, 0.015126046724617481, -0.010068096220493317, -0.043187517672777176, -0.011546598747372627, -0.005800012499094009, 0.3467065691947937, -0.08786492794752121, 0.367584228515625, 0.13633432984352112, 0.04523218423128128, -0.04539351537823677, -0.022921955212950706, -0.023177267983555794, 0.018437674269080162, 0.013484090566635132, -0.07894959300756454, -0.34857800602912903, 0.5563533306121826, 0.5046607851982117, -0.12020290642976761, -0.3066672682762146, 0.7980124950408936, -0.3628251254558563, -0.35704225301742554, -0.5514702796936035, 0.4660150706768036, -1.930680513381958, 0.6430695056915283, 0.0, -0.38999998569488525, 0.47999998927116394, -0.6623125672340393, 0.30807608366012573, -0.5883525013923645, 0.3468034863471985, 0.5383533239364624, -0.7875633835792542, 0.2872973680496216, 0.08590716868638992, -0.057406630367040634, -0.41557055711746216, 0.5369839072227478, 0.014834743924438953, 0.09717270731925964, 0.9892733097076416, 0.10805369168519974, -0.032920319586992264, -0.01722712814807892, -0.8565589785575867, -7.795004367828369, 2.512812376022339, -2.0045084953308105, -0.059217002242803574, -0.44796884059906006, 0.49048060178756714, -0.1361502707004547, -0.6290789842605591, 0.7423809170722961, 0.18599256873130798, -0.03864236921072006, -0.030810711905360222, -1.3706483840942383, 8.070135116577148, -1.6269820928573608, -0.2519466280937195, -0.012168508023023605, -0.4536784589290619, 0.48928889632225037, -0.020787140354514122, -0.43291133642196655, 0.900397539138794, 0.037946004420518875, -0.3113538920879364, -0.12687720358371735, -1.448636531829834, 12.537016868591309, -1.022834062576294, -3.6787519454956055, -0.016075540333986282, -0.44172367453575134, 0.5056608319282532, -0.22252343595027924, -0.5317220687866211, 0.8098050355911255, 0.10941045731306076, 0.010144217871129513, -0.1597815901041031, -1.243904709815979, 8.286805152893066, -0.44243699312210083, 0.28143200278282166, -0.03309875354170799, -0.3764062523841858, 0.5223360657691956, 0.7594326138496399, -0.5641408562660217, 0.32036659121513367, 0.04870742931962013, 0.088905930519104, -0.0672973170876503, -0.8556226491928101, 13.2220458984375, 3.0753180980682373, 2.098665714263916, -0.058195240795612335, -0.47954249382019043, 0.3623602092266083, 0.013944394886493683, 0.00033322919625788927, 0.001565449871122837, 0.002310378011316061, -0.5062814950942993, 0.02770410105586052, 0.007531824521720409, 0.00019285058078821748, 0.00024557430879212916, -0.006789348553866148, 0.18880581855773926, -0.08327086269855499, -0.0029679262079298496, 2.1604362700600177e-05, -0.0001326441706623882, -0.0507255457341671, -2.0298373699188232, 0.43905285000801086, 0.014784630388021469, 0.0020029721781611443, 0.01687069982290268, 0.3035820722579956, 0.1843768209218979, -0.4146495759487152, 0.0010942191584035754, 0.008626778610050678, 0.0032680677250027657, 1.0, -1.0, 0.7904521822929382, 0.20064306259155273, 0.4574834704399109, 1.0, -1.0, -0.8565070033073425, 0.9867591857910156, -1.0, -1.0, -1.0, 1.0, -1.0, -1.0, 1.0, 1.0, 0.1505841314792633, -1.0, -1.0]
[0.9803749322891235, -0.16497355699539185, 0.3238261938095093, 0.14888162910938263, -0.1557576060295105, -0.2936338782310486, 0.958231508731842, -0.7560538053512573, -0.9534028768539429, -0.9692199230194092, 0.04122583195567131, -0.8602900505065918, -0.7661606073379517, -0.5219629406929016, -0.3396921753883362, 0.8562217950820923, -0.7778992056846619, -0.9885056614875793, -0.8071229457855225, 0.7867316007614136, 0.7714307308197021, 0.7208351492881775, -0.9445570707321167, -0.5603936314582825, 0.008000235073268414, -1.2038201093673706, 0.2713734209537506, 0.3220035433769226, 1.1982231140136719, 1.5219796895980835, 0.015789223834872246, -0.43436747789382935, 0.3453688323497772, 0.09225098788738251, 0.6995058059692383, -0.38250458240509033, -0.43669572472572327, -0.4892600476741791, -0.25795915722846985, -0.008552111685276031, -0.18248124420642853, -0.03515622019767761, -0.013856949284672737, 0.30823707580566406, 0.32390961050987244, -0.25990161299705505, 0.1356249898672104, -0.6649681925773621, -0.027280420064926147, 1.7115485668182373, -0.016310958191752434, 0.15754637122154236, 0.038144126534461975, 0.0033077362459152937, -0.024579418823122978, 0.1697344332933426, 0.07596354931592941, 0.029092852026224136, -0.052298352122306824, 0.09742174297571182, 0.04096726328134537, 0.005070283077657223, 0.28416094183921814, -0.10204602032899857, 0.27611544728279114, 0.1016039252281189, 0.03358907625079155, -0.2993676960468292, 0.03472430258989334, 0.012838238850235939, 0.19441740214824677, 0.0666428804397583, -0.08483545482158661, -0.35428428649902344, 0.545340895652771, 0.5479668974876404, -0.1704191118478775, -0.24698399007320404, 0.7808254361152649, -0.348316490650177, -0.33477285504341125, -0.693335235118866, 0.5332101583480835, -2.1058740615844727, 0.4947003424167633, 0.0, -0.38999998569488525, 0.47999998927116394, -0.6623125672340393, 0.30807608366012573, -0.5883525013923645, 0.3468034863471985, 0.530830979347229, -0.7856338620185852, 0.3178008794784546, 0.0006791907362639904, -0.05804599076509476, -0.41614240407943726, 0.524390697479248, 0.03222769871354103, 0.1706995666027069, 0.9776807427406311, 0.1181669607758522, 0.03914361819624901, 0.15759946405887604, -0.7516964077949524, -8.745643615722656, 3.1935975551605225, -1.024672269821167, -0.05951175093650818, -0.44701626896858215, 0.47101905941963196, -0.1333661526441574, -0.6721900105476379, 0.7034111618995667, 0.18864451348781586, -0.004822090268135071, 0.12476205825805664, -1.178002119064331, 5.953030586242676, -0.776307225227356, -0.12879741191864014, -0.01633043959736824, -0.4523335099220276, 0.4690096974372864, -0.037528347223997116, -0.5231630802154541, 0.8490217924118042, 0.0636705830693245, -0.2826972007751465, 0.08755452185869217, -1.3384202718734741, 12.535979270935059, -1.0469948053359985, -3.47601580619812, -0.015608299523591995, -0.4428935945034027, 0.48644861578941345, -0.2136020064353943, -0.5899381637573242, 0.7689424753189087, 0.12277830392122269, 0.03918449580669403, -0.014667470008134842, -1.1691774129867554, 7.839271545410156, -0.37514472007751465, 0.445792555809021, -0.03146512061357498, -0.37961289286613464, 0.5104836821556091, 0.7757054567337036, -0.5808215141296387, 0.24582169950008392, -0.022341590374708176, 0.053608957678079605, 0.028336498886346817, -0.6426043510437012, 9.40716552734375, 1.049041748046875, 1.3725471496582031, -0.05232115834951401, -0.20112228393554688, 0.7515217065811157, 0.00029090262250974774, 0.0016870892141014338, 0.0029310714453458786, 0.0044533563777804375, -1.114888072013855, 0.10491561889648438, 0.012369530275464058, 5.184568726690486e-05, 0.0011236350983381271, -0.2141609787940979, -0.4298487603664398, 0.3229835331439972, -0.0013774482067674398, -0.0020720171742141247, 0.001756788231432438, -0.25309139490127563, -1.5330427885055542, 0.33213526010513306, 0.010593432933092117, -0.0008945147274062037, 0.010361476801335812, 1.5744707584381104, -0.40093642473220825, -2.6198391914367676, 0.0042733727023005486, 0.041451346129179, -0.002396993339061737, 1.0, -1.0, 0.6279778480529785, 0.41738200187683105, 0.5287291407585144, 1.0, -1.0, -0.7074049115180969, 1.0, -1.0, -1.0, -1.0, 1.0, -1.0, -1.0, 1.0, 1.0, 0.11851020902395248, -1.0, -1.0]
[0.9790939092636108, -0.321254700422287, 0.3703947961330414, 0.19666725397109985, -0.03164054453372955, -0.14322127401828766, 0.9607521295547485, -0.7975749373435974, -0.9110090732574463, -0.9571619033813477, 0.19919553399085999, -0.8946030735969543, -0.8087769746780396, -0.576347291469574, -0.4133182168006897, 0.8630074262619019, -0.8033466339111328, -0.99152010679245, -0.8085995316505432, 0.8006759285926819, 0.8151520490646362, 0.6198419332504272, -0.9108060002326965, -0.6191992163658142, -0.013952532783150673, -1.0355381965637207, 0.1479472666978836, 0.5130214691162109, 1.1214324235916138, 1.3420132398605347, 0.012459104880690575, -0.3607012629508972, 0.4167662262916565, 0.12869815528392792, 0.6136061549186707, -0.32768628001213074, -0.3661838173866272, -0.49483567476272583, -0.2452239990234375, -0.008467232808470726, -0.17484648525714874, -0.034181009978055954, -0.021311571821570396, 0.15854668617248535, 0.30880671739578247, -0.24301142990589142, 0.1886657476425171, -0.5084717273712158, -0.5434828996658325, 2.4149255752563477, -0.018690219148993492, 0.14272114634513855, 0.026120875030755997, -0.0011652151588350534, -0.029584482312202454, 0.18394716084003448, 0.06965696811676025, 0.024466771632432938, -0.08104308694601059, 0.14532527327537537, 0.05769655853509903, 0.020438795909285545, 0.3230011761188507, -0.11033210903406143, 0.3074645400047302, 0.1129198968410492, 0.036908552050590515, -0.09451258927583694, 0.04517640918493271, 0.019826291128993034, 0.0313117578625679, 0.00888204388320446, -0.0904952809214592, -0.35960763692855835, 0.5320102572441101, 0.5905187726020813, -0.22512485086917877, -0.19085684418678284, 0.7511191964149475, -0.3362618684768677, -0.3141729533672333, -0.833284854888916, 0.678920328617096, -2.156212091445923, 0.2789154052734375, 0.0, -0.38999998569488525, 0.47999998927116394, -0.6623125672340393, 0.30807608366012573, -0.5883525013923645, 0.3468034863471985, 0.5110185146331787, -0.7833160161972046, 0.3429113030433655, -0.08768178522586823, -0.057605210691690445, -0.4145304262638092, 0.5141265392303467, 0.05033610016107559, 0.2477865070104599, 0.9601144790649414, 0.11936619132757187, 0.0974554717540741, 0.2618064880371094, -0.6236080527305603, -9.215261459350586, 3.3414032459259033, -0.07065381854772568, -0.05921876057982445, -0.4443790018558502, 0.45455053448677063, -0.12800295650959015, -0.7014948725700378, 0.6744801998138428, 0.19130267202854156, 0.034030281007289886, 0.19862033426761627, -0.9642713069915771, 4.308279037475586, -0.26607197523117065, 0.09493666142225266, -0.019624046981334686, -0.44877520203590393, 0.4513733685016632, -0.05237332358956337, -0.602745771408081, 0.7916033864021301, 0.08554821461439133, -0.2126622200012207, 0.232424795627594, -1.1428301334381104, 11.076051712036133, -0.9836623668670654, -2.981752395629883, -0.01472107507288456, -0.4419098198413849, 0.46914440393447876, -0.20358288288116455, -0.6404985189437866, 0.7284209728240967, 0.1331104040145874, 0.07047895342111588, 0.1027783527970314, -1.018674373626709, 6.958431720733643, -0.35389286279678345, 0.564914882183075, -0.03044961951673031, -0.38108572363853455, 0.5019543170928955, 0.7785717844963074, -0.588557779788971, 0.20574763417243958, -0.07136892527341843, 0.06566496193408966, 0.05103328078985214, -0.49573108553886414, 7.03275203704834, 0.33781948685646057, 1.0827484130859375, -0.09174725413322449, 0.1035817563533783, 0.7951993942260742, 0.0003885104670189321, 0.0024122707545757294, 0.0022649329621344805, -0.06520558893680573, -1.080505132675171, 0.1348872184753418, 0.008259194903075695, 0.00013323429448064417, 0.0014932603808119893, -0.3689148426055908, -0.8178896307945251, 0.408317506313324, 0.00817045010626316, -0.0029848061967641115, 0.00220083212479949, -0.3459911048412323, -1.710837960243225, 0.3152520954608917, 0.011245980858802795, -0.0011142572620883584, 0.01011480763554573, 0.24432745575904846, -0.3363390564918518, -0.5657427310943604, -0.001379931578412652, 0.004972806200385094, -0.0028842443134635687, 0.9065988063812256, -1.0, 0.5154173970222473, 0.555508017539978, 0.6129260659217834, 1.0, -1.0, -0.6431726813316345, 1.0, -1.0, -1.0, -1.0, 1.0, -1.0, -1.0, 1.0, 1.0, 0.008718512952327728, -1.0, -1.0]
[0.9620698690414429, -0.4529712200164795, 0.38553401827812195, 0.24987807869911194, 0.08104106783866882, -0.008062144741415977, 0.9652386903762817, -0.8326753973960876, -0.868625819683075, -0.9432355165481567, 0.3365110158920288, -0.9233614802360535, -0.844237744808197, -0.6232491135597229, -0.4804258644580841, 0.8712484240531921, -0.826729416847229, -0.9943066239356995, -0.8114169836044312, 0.8128697872161865, 0.8503283262252808, 0.517434298992157, -0.8838949799537659, -0.6623368859291077, -0.10297603905200958, -0.8623741269111633, 0.015909608453512192, 0.48477140069007874, 0.9984385371208191, 1.2147339582443237, 0.020384881645441055, -0.29574283957481384, 0.3785721957683563, 0.1293744295835495, 0.533428966999054, -0.2701053321361542, -0.30258211493492126, -0.3923890292644501, -0.22025398910045624, 0.003841087222099304, -0.1594090312719345, -0.029733089730143547, -0.03187252953648567, 0.11508917808532715, 0.07082346081733704, -0.29781219363212585, 0.27543577551841736, -0.23581361770629883, -2.2539291381835938, 2.299752712249756, -0.03984872251749039, 0.07513268291950226, -0.005774674005806446, -0.01122836209833622, -0.0947689414024353, 0.18891263008117676, 0.0639994740486145, 0.020590484142303467, -0.13989783823490143, 0.14415243268013, 0.05793879181146622, 0.02286173589527607, 0.2852826714515686, -0.15792295336723328, 0.2868693470954895, 0.10597997158765793, 0.03515811264514923, -0.10221084952354431, -0.09431175142526627, -0.06106164678931236, 0.07762320339679718, 0.03670075535774231, -0.09601031243801117, -0.3647015392780304, 0.5162867307662964, 0.6298384666442871, -0.2824772894382477, -0.140786275267601, 0.7097106575965881, -0.32970601320266724, -0.3039892017841339, -0.9811757206916809, 0.7807248830795288, -2.1510369777679443, 0.06095072254538536, 0.0, -0.38999998569488525, 0.47999998927116394, -0.6623125672340393, 0.30807608366012573, -0.5883525013923645, 0.3468034863471985, 0.47891131043434143, -0.7804205417633057, 0.361784964799881, -0.1752123236656189, -0.05589713528752327, -0.412187784910202, 0.5059725046157837, 0.06441280990839005, 0.32266393303871155, 0.9377282857894897, 0.11137579381465912, 0.16329075396060944, 0.2489277422428131, -0.5290932655334473, -8.755369186401367, 2.8870508670806885, 1.1163536310195923, -0.05790363997220993, -0.4411433935165405, 0.4410671889781952, -0.1207951009273529, -0.7228750586509705, 0.6525565385818481, 0.19243213534355164, 0.12454433739185333, 0.2024962604045868, -0.7750535011291504, 3.3300347328186035, -0.06352764368057251, 0.5480164289474487, -0.02135365642607212, -0.4441819489002228, 0.43692126870155334, -0.06333699077367783, -0.6651290059089661, 0.7369701862335205, 0.10230645537376404, -0.08303945511579514, 0.2923045754432678, -0.9245091676712036, 9.085760116577148, -0.7272245287895203, -2.1750762462615967, -0.012923430651426315, -0.4395463168621063, 0.4544767439365387, -0.1923479437828064, -0.682898223400116, 0.6907410025596619, 0.13974636793136597, 0.15418741106987, 0.1640687882900238, -0.8487365245819092, 5.988936424255371, -0.2958972454071045, 0.9206878542900085, -0.02900971658527851, -0.3818853497505188, 0.4945748746395111, 0.7786168456077576, -0.5925332903862, 0.172929584980011, -0.11293972283601761, 0.05103255808353424, 0.022068703547120094, -0.4047739505767822, 5.0485758781433105, -0.5993167161941528, -0.3623446822166443, -0.35241085290908813, 0.4654741585254669, 0.41740182042121887, -0.004246249794960022, 0.003823564387857914, 0.0030655059963464737, -0.4491506814956665, -1.0115715265274048, 0.09912415593862534, 0.005416912958025932, -0.0017547119641676545, 0.0013438172172755003, -0.6987648606300354, -0.8809738159179688, 0.30780941247940063, 0.009647131897509098, -0.004439579322934151, 0.0021619130857288837, -0.6571778655052185, -1.6192796230316162, 0.1518983542919159, 0.010868918150663376, -0.0029071478638798, 0.009555882774293423, 0.8817198276519775, 0.7203786373138428, -0.9762025475502014, 0.0023182022850960493, 0.022593244910240173, 0.010896170511841774, 0.627307116985321, -1.0, 0.34273552894592285, 0.5427175760269165, 0.6405104994773865, 1.0, -1.0, -0.6432331204414368, 1.0, -1.0, -1.0, -1.0, 1.0, -1.0, -1.0, 1.0, 1.0, -0.10223642736673355, -1.0, -0.9355732798576355]
[0.9081090688705444, -0.5615434050559998, 0.38646262884140015, 0.2791970372200012, 0.20439757406711578, 0.12194306403398514, 0.9748085141181946, -0.8625307679176331, -0.8223209977149963, -0.9288942217826843, 0.45544278621673584, -0.9466609358787537, -0.8734119534492493, -0.6601223349571228, -0.5382035970687866, 0.8816553354263306, -0.8471781015396118, -0.9966265559196472, -0.8145033121109009, 0.8195704817771912, 0.8671046495437622, 0.39193129539489746, -0.8582852482795715, -0.6642782688140869, -0.273883581161499, -0.704867422580719, -0.004227333702147007, 0.15987877547740936, 1.212066411972046, 1.287132740020752, 0.05116809532046318, -0.26395246386528015, 0.4545278251171112, 0.1440616101026535, 0.460024893283844, -0.214641734957695, -0.2482854127883911, -0.3116607069969177, -0.18992061913013458, 0.012490143068134785, -0.1401902288198471, -0.0236758254468441, -0.027914568781852722, 0.06257819384336472, 0.13776277005672455, -0.31760019063949585, 0.08121510595083237, 0.07107115536928177, -3.929624319076538, 2.0554542541503906, -0.04428397864103317, -0.0019986263941973448, -0.01436101458966732, -0.0008528560283593833, -0.1529933363199234, 0.16652660071849823, 0.06325951218605042, 0.021855803206562996, -0.19957683980464935, 0.1346006691455841, 0.054827772080898285, 0.0210808664560318, 0.22082972526550293, -0.20784302055835724, 0.24086594581604004, 0.08963702619075775, 0.03046797774732113, -0.05699164792895317, 0.1673746407032013, 0.06843259185552597, 0.009070731699466705, 0.011493955738842487, -0.10142058879137039, -0.3696935772895813, 0.49810004234313965, 0.6635156869888306, -0.34222936630249023, -0.09698261320590973, 0.6581946611404419, -0.31929248571395874, -0.2959820628166199, -1.1188523769378662, 0.9240418672561646, -2.1692211627960205, -0.16457554697990417, 0.0, -0.38999998569488525, 0.47999998927116394, -0.6623125672340393, 0.30807608366012573, -0.5883525013923645, 0.3468034863471985, 0.4348106384277344, -0.7760743498802185, 0.3758660554885864, -0.2595633268356323, -0.05244583263993263, -0.4104558527469635, 0.4989122748374939, 0.07270193845033646, 0.395912230014801, 0.9104430675506592, 0.09519128501415253, 0.26023346185684204, 0.18510094285011292, -0.5095765590667725, -9.407064437866211, 2.6931982040405273, 2.15130877494812, -0.054562512785196304, -0.4382815361022949, 0.4304055869579315, -0.10932137817144394, -0.7371845841407776, 0.6389379501342773, 0.19069841504096985, 0.2774866819381714, 0.15310996770858765, -0.59396892786026, 2.0049545764923096, 0.3956344425678253, 1.3728559017181396, -0.0205091405659914, -0.4395318031311035, 0.4254421591758728, -0.06780615448951721, -0.7125195860862732, 0.689218282699585, 0.11267717182636261, 0.11198176443576813, 0.28523898124694824, -0.7273477911949158, 7.348931312561035, -0.4042142927646637, -0.9746582508087158, -0.009173640981316566, -0.43656259775161743, 0.44248294830322266, -0.17793108522891998, -0.717902421951294, 0.658031702041626, 0.1412476748228073, 0.30843913555145264, 0.1804429292678833, -0.6869879364967346, 4.987366676330566, -0.15118105709552765, 1.6789590120315552, -0.026929305866360664, -0.3826178312301636, 0.4884263277053833, 0.773675262928009, -0.5972744822502136, 0.15704934298992157, -0.1415104866027832, 0.18476633727550507, 0.017285102978348732, -0.335470587015152, 3.4786291122436523, -0.532895028591156, 0.3614216446876526, -0.5996003150939941, 0.359768271446228, 0.03897725045681, 0.004543668124824762, 0.003499711863696575, 0.0027241939678788185, -0.7873206734657288, -0.9825409054756165, 0.0503968745470047, 0.007117689587175846, -0.003283396130427718, 0.0008273718412965536, -1.0266802310943604, -0.8479964733123779, 0.18042629957199097, 0.008360919542610645, -0.006108000408858061, 0.001734166406095028, -0.9780979156494141, -1.3827317953109741, -0.03146027773618698, 0.009727001190185547, -0.00508019607514143, 0.0078093791380524635, 0.48602744936943054, -1.1663100719451904, -0.06861477345228195, -0.0014479890232905746, 0.0037175125908106565, -0.00817476212978363, 0.13994748890399933, -1.0, 0.3579273223876953, 0.3200186491012573, 0.9459928274154663, 1.0, -1.0, -0.5322560667991638, 0.9957451820373535, -1.0, -1.0, -1.0, 1.0, -1.0, -1.0, 1.0, 1.0, -0.3323077857494354, -1.0, -0.5687437057495117]
[0.8068332672119141, -0.6497905850410461, 0.39657461643218994, 0.2714955508708954, 0.33276107907295227, 0.2660651206970215, 0.9887923002243042, -0.889892041683197, -0.7606860995292664, -0.911100447177887, 0.5308699607849121, -0.9658180475234985, -0.8972376585006714, -0.6899096965789795, -0.5808372497558594, 0.8876174092292786, -0.8626872897148132, -0.9985503554344177, -0.8170017004013062, 0.8275266289710999, 0.8909268379211426, 0.25077661871910095, -0.859102189540863, -0.6208406686782837, -0.45495089888572693, -0.5702834129333496, 0.06402220577001572, -0.1936608850955963, 1.168587327003479, 1.3914742469787598, 0.05842605233192444, -0.24343638122081757, 0.6305034160614014, 0.1925692856311798, 0.22413663566112518, -0.17661017179489136, -0.20255951583385468, -0.25475427508354187, -0.12532727420330048, -0.00946951936930418, -0.096823550760746, -0.018436415120959282, -0.02163408137857914, 0.11376189440488815, 0.2036164104938507, -0.3565713167190552, -0.05247301980853081, 0.5677358508110046, -4.049509525299072, 1.790683388710022, -0.033009108155965805, -0.013105824589729309, -0.03367285430431366, -0.011891962960362434, -0.15999680757522583, 0.14789430797100067, 0.06257056444883347, 0.02340228296816349, -0.2442065179347992, 0.12226008623838425, 0.04971233755350113, 0.018808744847774506, 0.16670241951942444, -0.19123905897140503, 0.1881837695837021, 0.07051990181207657, 0.024180375039577484, -0.016324574127793312, 0.15638801455497742, 0.06245271861553192, -0.00017161262803710997, 0.014242835342884064, -0.10664641112089157, -0.3745812773704529, 0.4776080250740051, 0.6905530095100403, -0.4059431552886963, -0.05898081138730049, 0.595707893371582, -0.30753397941589355, -0.29105880856513977, -1.257227897644043, 1.002468466758728, -2.2437658309936523, -0.4158734977245331, 0.0, -0.38999998569488525, 0.47999998927116394, -0.6623125672340393, 0.30807608366012573, -0.5883525013923645, 0.3468034863471985, 0.37702271342277527, -0.7696582078933716, 0.3861498534679413, -0.34112823009490967, -0.047134894877672195, -0.4101446568965912, 0.4922451972961426, 0.07595737278461456, 0.4664989709854126, 0.8781942129135132, 0.07337664812803268, 0.3488360047340393, 0.06588904559612274, -0.5011147260665894, -8.712791442871094, 2.291590452194214, 2.761688232421875, -0.048730723559856415, -0.4362722337245941, 0.4222797453403473, -0.09127593785524368, -0.7424784898757935, 0.6371482014656067, 0.18557067215442657, 0.44308149814605713, 0.08577799797058105, -0.42271798849105835, 0.2077951431274414, 1.0017147064208984, 2.476675510406494, -0.016126280650496483, -0.4354955852031708, 0.4163954555988312, -0.06273172795772552, -0.7493749260902405, 0.6495415568351746, 0.11223891377449036, 0.3675539493560791, 0.2361941635608673, -0.5754885077476501, 5.945899486541748, -0.45860132575035095, 1.0109533071517944, -0.00295316893607378, -0.4335082769393921, 0.4331013560295105, -0.159160777926445, -0.7458884119987488, 0.6322721838951111, 0.1361984759569168, 0.4690614938735962, 0.17095927894115448, -0.528752863407135, 3.8484199047088623, -0.09283322095870972, 2.5631957054138184, -0.022570885717868805, -0.38314929604530334, 0.4830179512500763, 0.7723772525787354, -0.5964460968971252, 0.14978089928627014, -0.15890569984912872, 0.3285071849822998, 0.00043262983672320843, -0.2979061007499695, 1.3678112030029297, -0.572143018245697, 0.691982626914978, -0.6080318689346313, 0.5175479650497437, -0.2024594247341156, -0.004128742963075638, 0.0023688545916229486, 0.0019224779680371284, -0.8413156867027283, -0.9542944431304932, 0.05441802740097046, 0.00908786803483963, -0.00388474203646183, 0.0006801532581448555, -1.2654454708099365, -0.7714570164680481, 0.09848073869943619, 0.007236889563500881, -0.008888423442840576, 0.002181097399443388, -0.9392551183700562, -1.0871796607971191, -0.09991136193275452, 0.007872682064771652, -0.005037349183112383, 0.005288212094455957, 0.5354669690132141, -1.0643635988235474, 0.12093871086835861, -0.0017355552408844233, 0.005675358697772026, -0.007017460651695728, -0.25142279267311096, -1.0, 0.49769389629364014, 0.08911765366792679, 1.0, 1.0, -1.0, -0.34953996539115906, 0.6707216501235962, -1.0, -1.0, -1.0, 1.0, -1.0, -1.0, 1.0, 1.0, -0.6320664286613464, -1.0, -0.15656724572181702]
[0.6615554690361023, -0.7210314273834229, 0.43069401383399963, 0.2197100818157196, 0.4482279121875763, 0.40898779034614563, 0.9868325591087341, -0.9139081239700317, -0.6779399514198303, -0.8651981949806213, 0.5256667733192444, -0.9837847948074341, -0.9063849449157715, -0.7105565071105957, -0.598595142364502, 0.882576048374176, -0.8700559735298157, -1.0, -0.8190239667892456, 0.841720461845398, 0.9158115386962891, 0.0972081869840622, -0.873127818107605, -0.5125036835670471, -0.6089953184127808, -0.45816659927368164, 0.178749680519104, -0.6312431693077087, 1.008345603942871, 1.2773175239562988, -0.047107141464948654, -0.20667770504951477, 0.8370493054389954, 0.7117645740509033, -0.1321067363023758, -0.17589694261550903, -0.020262911915779114, -0.1185007318854332, -0.032311178743839264, -0.031517233699560165, -0.036992114037275314, 1.8948130673379637e-05, -0.01660587266087532, 0.20057587325572968, 0.17431072890758514, -0.3846779763698578, -0.10120932012796402, 1.2228622436523438, -3.3605222702026367, 1.5899670124053955, -0.02194039896130562, -0.032286714762449265, -0.04427796229720116, -0.022930556908249855, -0.15966223180294037, 0.13491100072860718, 0.05890289694070816, 0.04327632859349251, -0.21823300421237946, 0.10449505597352982, 0.05096234008669853, 0.02432110905647278, 0.09409502893686295, -0.11790096759796143, 0.10301414877176285, 0.041838809847831726, 0.014774320647120476, -0.005311700515449047, 0.0963653028011322, 0.03742213547229767, 0.003287519793957472, 0.017919817939400673, -0.11177300661802292, -0.37943321466445923, 0.45460546016693115, 0.7078167796134949, -0.4717998206615448, -0.027402041479945183, 0.5250232219696045, -0.30753397941589355, -0.29105880856513977, -1.4207606315612793, 1.029738187789917, -2.1570308208465576, -0.6222582459449768, 0.0, -0.38999998569488525, 0.47999998927116394, -0.6623125672340393, 0.30807608366012573, -0.5883525013923645, 0.3468034863471985, 0.30717629194259644, -0.7599633932113647, 0.3938131630420685, -0.4159442186355591, -0.04024384170770645, -0.4116309881210327, 0.4854305684566498, 0.07502508163452148, 0.5196828246116638, 0.8496169447898865, 0.04951682314276695, 0.42268434166908264, -0.07658021152019501, -0.49071264266967773, -5.835259914398193, 1.6980650424957275, 2.9081976413726807, -0.040206555277109146, -0.4352426528930664, 0.41636136174201965, -0.06389188766479492, -0.7315881252288818, 0.6559509634971619, 0.17442713677883148, 0.6322246789932251, 0.013783441856503487, -0.23712506890296936, -3.9438765048980713, 2.034882068634033, 4.394876003265381, -0.007672056555747986, -0.4322918951511383, 0.4092337191104889, -0.04549934342503548, -0.7761510014533997, 0.6215184926986694, 0.09609442204236984, 0.6407707333564758, 0.18299932777881622, -0.4428597390651703, 3.8143324851989746, -0.6876113414764404, 3.468301773071289, 0.005505074746906757, -0.43068602681159973, 0.42631080746650696, -0.13724912703037262, -0.7665538787841797, 0.6149625778198242, 0.12401089072227478, 0.5959467887878418, 0.15708307921886444, -0.3785916864871979, 2.6140971183776855, -0.12441795319318771, 3.2473719120025635, -0.016261376440525055, -0.38341569900512695, 0.4779946506023407, 0.772620677947998, -0.5939291715621948, 0.15676045417785645, -0.1604103147983551, 0.42986422777175903, -0.025074852630496025, -0.2822061777114868, -1.3694323301315308, -0.8595948815345764, 0.028898023068904877, -0.4940125346183777, 0.5811231732368469, -0.3962867856025696, -0.014213711023330688, 0.0012169276596978307, 0.0012773806229233742, -0.8570348024368286, -1.1367545127868652, 0.09717594087123871, 0.0262250155210495, -0.005126995965838432, 0.0014235498383641243, -1.1285618543624878, -0.8023481965065002, 0.07384948432445526, 0.012285886332392693, -0.00848139077425003, 0.0017228442011401057, -0.5987692475318909, -0.6366170644760132, -0.12781430780887604, 0.005225064232945442, -0.002552775898948312, 0.0010397962760180235, 0.5497331023216248, -0.6488105654716492, 0.09546476602554321, -0.001384063856676221, 0.009124089032411575, -0.0037184860557317734, -0.5679367780685425, -1.0, 0.7084372043609619, -0.2439178228378296, 1.0, 0.8207105994224548, -1.0, -0.14425618946552277, 0.059713028371334076, -1.0, -0.8791977167129517, -1.0, 1.0, -1.0, -1.0, 1.0, 1.0, -0.8282983899116516, -1.0, 0.3533523976802826]
[0.48881664872169495, -0.7777238488197327, 0.4961007535457611, 0.12580054998397827, 0.5456675291061401, 0.5326816439628601, 0.9652088284492493, -0.9306908249855042, -0.5961065292358398, -0.7709009051322937, 0.4540107548236847, -1.0000048875808716, -0.8876055479049683, -0.7127784490585327, -0.6030035614967346, 0.8588029742240906, -0.8742310404777527, -0.9999997019767761, -0.8198783993721008, 0.8623976111412048, 0.9328229427337646, -0.037691522389650345, -0.8913487792015076, -0.35332155227661133, -0.6747188568115234, -0.3684219419956207, 0.3148462474346161, -0.992901623249054, 0.8394578099250793, 1.0639896392822266, -0.11322446912527084, -0.12314470112323761, 0.7136671543121338, 0.9458926320075989, -0.32388004660606384, 0.00015034394164104015, 0.27108868956565857, 0.0445873849093914, 0.02789923921227455, -0.14844927191734314, -0.017345556989312172, -3.6855578855465865e-06, -0.0043184454552829266, 0.2840644121170044, 0.09761961549520493, -0.30256161093711853, -0.11805017292499542, 1.5961329936981201, -1.3003923892974854, 1.047827959060669, -0.001362174516543746, -0.026467936113476753, -0.03394665569067001, -0.020714815706014633, -0.057358577847480774, 0.0990905612707138, 0.022060051560401917, 0.008781345561146736, -0.055397555232048035, 0.2430233657360077, 0.11611346155405045, 0.04704893380403519, 0.14933843910694122, -0.09465578943490982, 0.14138227701187134, 0.05172736942768097, 0.017415283247828484, -0.011899442411959171, 0.02195891924202442, 0.017109032720327377, 0.005462300963699818, 0.007441523484885693, -0.11689960211515427, -0.3842851519584656, 0.4288768172264099, 0.7146961688995361, -0.5359236598014832, -0.003672929247841239, 0.44942378997802734, -0.30753397941589355, -0.29105880856513977, -1.5842933654785156, 1.0771348476409912, -2.0444209575653076, -0.8066523671150208, 0.0, -0.38999998569488525, 0.47999998927116394, -0.6623125672340393, 0.30807608366012573, -0.5883525013923645, 0.3468034863471985, 0.22907452285289764, -0.7472428679466248, 0.39791402220726013, -0.480434775352478, -0.03246314823627472, -0.41438931226730347, 0.4782370626926422, 0.07318142056465149, 0.5490424633026123, 0.8321539163589478, 0.02677164226770401, 0.45260003209114075, -0.15318426489830017, -0.4764702618122101, -2.6730120182037354, 1.4272668361663818, 2.4742934703826904, -0.029845235869288445, -0.43474534153938293, 0.4120975434780121, -0.030356761068105698, -0.7024634480476379, 0.6937135457992554, 0.1561572402715683, 0.7209035158157349, 0.010451133362948895, -0.1386537253856659, -5.44706392288208, 1.7416117191314697, 5.218804836273193, 0.003575324546545744, -0.42958536744117737, 0.4038865268230438, -0.01861252449452877, -0.7881752252578735, 0.6113855838775635, 0.06812407076358795, 0.7662854194641113, 0.13544079661369324, -0.24073435366153717, 0.3055770695209503, -0.578345537185669, 4.882559299468994, 0.015528522431850433, -0.42795929312705994, 0.42129987478256226, -0.11218052357435226, -0.7820317149162292, 0.6038604974746704, 0.10580354928970337, 0.6808907985687256, 0.15084347128868103, -0.28017058968544006, 1.7718673944473267, -0.4152391254901886, 3.9678430557250977, -0.008925249800086021, -0.38322800397872925, 0.4732723534107208, 0.7734557390213013, -0.5906656384468079, 0.17586249113082886, -0.14816419780254364, 0.46475479006767273, -0.017328886315226555, -0.2694033682346344, -3.089305877685547, -0.9248237609863281, -0.24171197414398193, -0.15545307099819183, 0.39797428250312805, -0.32711461186408997, -0.014745201915502548, -0.0010021786438301206, 0.0004235209198668599, -0.3114195764064789, -0.40629464387893677, 0.13626617193222046, 0.002686925698071718, -0.0018998334417119622, 0.0010666298912838101, -0.26096466183662415, -1.6024143695831299, 0.3190511167049408, 0.023012718185782433, -0.0015340799000114202, 0.00019398001313675195, -0.4632994830608368, -0.7829145193099976, 0.054317645728588104, 0.0056715658865869045, -0.0033061541616916656, 0.005315662827342749, 0.21765665709972382, -0.22974944114685059, -0.02575911581516266, -0.0008493996574543417, 0.003959017340093851, -0.0026725241914391518, -0.6442462801933289, -1.0, 0.9731019735336304, -0.538677453994751, 1.0, 0.768833339214325, -0.9795411825180054, -0.1997225433588028, -0.7730609178543091, -1.0, -0.6646203994750977, -1.0, 0.9866253137588501, -1.0, -1.0, 1.0, 1.0, -0.656665563583374, -1.0, 0.6679878234863281]
[0.3176615238189697, -0.823712944984436, 0.5724872946739197, 0.0017439007060602307, 0.6261358261108398, 0.6341941356658936, 0.9419479966163635, -0.909443199634552, -0.5351316332817078, -0.681433379650116, 0.3594273626804352, -1.0000003576278687, -0.8336080312728882, -0.7010412812232971, -0.5999978184700012, 0.8103364706039429, -0.8770382404327393, -0.9999996423721313, -0.8201257586479187, 0.8848696351051331, 0.9441013932228088, -0.10395431518554688, -0.9093769788742065, -0.17906039953231812, -0.6153445839881897, -0.2951553761959076, 0.3124622106552124, -1.2268058061599731, 0.6905379891395569, 0.8680955171585083, -0.08506887406110764, 0.37106987833976746, 0.48716315627098083, 0.7164292931556702, -0.4340542256832123, 0.00010600373934721574, 0.6187984347343445, 0.1665244847536087, 0.016874337568879128, -0.20763961970806122, -0.022858193144202232, -3.663209781734622e-06, -0.0017211355734616518, 0.27311116456985474, 0.07597463577985764, -0.08850587159395218, -0.107840895652771, 1.6134752035140991, 1.518632411956787, 1.0568844079971313, 0.01936992071568966, 0.00025236746296286583, -0.019917896017432213, -0.01508791372179985, 0.08984808623790741, 0.18661940097808838, 0.052618563175201416, 0.006193264853209257, 0.045626718550920486, 0.06281844526529312, 0.04102800786495209, 0.019240666180849075, 0.1203339695930481, 0.05074828490614891, 0.0801607221364975, 0.027244597673416138, 0.008440454490482807, -0.06858721375465393, -0.03966439515352249, 0.004411082714796066, 0.029745129868388176, 0.0010747479973360896, -0.12202619761228561, -0.3891370892524719, 0.4004220962524414, 0.7116213440895081, -0.5969840288162231, 0.01181100495159626, 0.370223730802536, -0.30753397941589355, -0.29105880856513977, -1.747826099395752, 1.1418510675430298, -1.9102537631988525, -0.9644083976745605, 0.0, -0.38999998569488525, 0.47999998927116394, -0.6623125672340393, 0.30807608366012573, -0.5883525013923645, 0.3468034863471985, 0.14439818263053894, -0.7319548726081848, 0.3980746865272522, -0.533786416053772, -0.02499709464609623, -0.4173988997936249, 0.4706283211708069, 0.0716477781534195, 0.558169424533844, 0.8266006112098694, 0.006689703091979027, 0.40107783675193787, -0.15885785222053528, -0.46125397086143494, -0.23748084902763367, 1.1218911409378052, 1.9767285585403442, -0.0195415411144495, -0.4347250163555145, 0.4103058874607086, 0.0010739343706518412, -0.6647666096687317, 0.734825074672699, 0.13459619879722595, 0.6624850630760193, -0.008428918197751045, 0.05436856672167778, -6.105567455291748, 1.4050034284591675, 4.851977348327637, 0.015079762786626816, -0.42733752727508545, 0.400863915681839, 0.010271831415593624, -0.7815254330635071, 0.6227155327796936, 0.036573998630046844, 0.7501744627952576, 0.12815339863300323, -0.11147318035364151, -2.356154441833496, -0.9481270909309387, 5.159111022949219, 0.025753702968358994, -0.4252098798751831, 0.41743528842926025, -0.08654388785362244, -0.7939460873603821, 0.5959728360176086, 0.08352261781692505, 0.6387805342674255, 0.16390913724899292, -0.2283128798007965, 1.4510434865951538, -0.4780580699443817, 3.9364240169525146, -0.0015785633586347103, -0.38241952657699585, 0.46915891766548157, 0.7764479517936707, -0.5830355882644653, 0.20131009817123413, -0.12912137806415558, 0.4400211572647095, 0.011553611606359482, -0.21248674392700195, -4.031286239624023, -1.1446019411087036, 0.28288933634757996, 0.3232361078262329, 0.3141091763973236, -0.14425340294837952, -0.010376275517046452, -0.001379135181196034, -0.0012367451563477516, 0.47368305921554565, -0.6099503636360168, 0.4391787648200989, -0.002955990144982934, 0.0030394624918699265, -8.149292261805385e-05, 0.24719350039958954, -0.5674936175346375, 0.17694003880023956, 0.01072826236486435, 0.0005281532648950815, 0.0012993334094062448, 0.2991601824760437, -0.40640050172805786, 0.1994866132736206, 0.002344448585063219, 0.0016726325266063213, 0.0016829583328217268, 0.023030977696180344, 0.06966643035411835, -0.5192265510559082, 6.742392724845558e-05, 0.0007062524673528969, -0.003080457914620638, -0.47441890835762024, -1.0, 1.0, -0.776556134223938, 1.0, 0.8634393811225891, -0.582837700843811, -0.2834535539150238, -1.0, -1.0, -0.402591735124588, -1.0, 0.9711499214172363, -1.0, -1.0, 1.0, 1.0, -0.16087669134140015, -1.0, 0.791234016418457]
[0.16753676533699036, -0.8617573976516724, 0.6418575644493103, -0.12373066693544388, 0.6919390559196472, 0.7169715166091919, 0.9342307448387146, -0.8154559135437012, -0.4725912809371948, -0.6138997077941895, 0.2619272768497467, -0.9999963045120239, -0.7516130805015564, -0.678008496761322, -0.5956491231918335, 0.7592366337776184, -0.8791348934173584, -0.9999994039535522, -0.820264458656311, 0.9049932360649109, 0.9531450867652893, -0.0622224360704422, -0.92491614818573, -0.022002119570970535, -0.5223118662834167, -0.24622078239917755, 0.27012595534324646, -1.1215940713882446, 0.5643337368965149, 0.7084020376205444, -0.0017436400521546602, 1.1427204608917236, 0.6331793665885925, 0.6349070072174072, -0.3897089660167694, 3.285203638370149e-05, 0.829372227191925, 0.25504371523857117, 0.017900152131915092, -0.19615861773490906, -0.01937296986579895, -8.94019740371732e-06, -0.001205277512781322, 0.23517678678035736, 0.06355186551809311, 0.20359551906585693, -0.09053218364715576, 1.363207459449768, 2.248269557952881, 0.8597831726074219, 0.02801828272640705, 0.052966199815273285, 0.0027385842986404896, -0.007397713139653206, 0.1373361200094223, 0.23234570026397705, 0.09864220023155212, 0.03610401600599289, 0.12994720041751862, 0.05083208531141281, 0.024971865117549896, 0.011408219113945961, 0.10710881650447845, 0.09269475936889648, 0.06057985872030258, 0.019848406314849854, 0.00585153279826045, -0.07400063425302505, -0.061841756105422974, 0.001250767381861806, 0.03281965106725693, -0.004500095266848803, -0.12715278565883636, -0.39398902654647827, 0.36924126744270325, 0.6991905570030212, -0.6537618041038513, 0.01884334534406662, 0.28874364495277405, -0.30753397941589355, -0.29105880856513977, -1.9113588333129883, 1.2207250595092773, -1.75924551486969, -1.0919777154922485, 0.0, -0.38999998569488525, 0.47999998927116394, -0.6623125672340393, 0.30807608366012573, -0.5883525013923645, 0.3468034863471985, 0.05488310009241104, -0.7145721912384033, 0.3940087556838989, -0.5754402875900269, -0.018578654155135155, -0.4196198582649231, 0.4633546471595764, 0.07057252526283264, 0.5578973293304443, 0.8268380165100098, -0.010428829118609428, 0.33541616797447205, -0.09807806462049484, -0.4084852337837219, 0.3766160309314728, 0.9718617796897888, 1.6105642318725586, -0.01030082255601883, -0.43562236428260803, 0.4129660427570343, 0.029449695721268654, -0.6059668660163879, 0.7866611480712891, 0.11446012556552887, 0.5991158485412598, -0.03407863900065422, 0.423711895942688, -10.494866371154785, 1.904509425163269, 4.8426408767700195, 0.02537868730723858, -0.42502132058143616, 0.39906981587409973, 0.03501616045832634, -0.7624000906944275, 0.6461392045021057, 0.004912375006824732, 0.6389199495315552, 0.13699400424957275, -0.02030683308839798, -4.050642967224121, -1.2167011499404907, 4.48751974105835, 0.03471754491329193, -0.4223720133304596, 0.41431838274002075, -0.06353211402893066, -0.8030542731285095, 0.5891784429550171, 0.06273924559354782, 0.5390748977661133, 0.17010082304477692, -0.18769186735153198, 1.213685393333435, -0.4296829402446747, 3.4074337482452393, 0.005204093176871538, -0.38105493783950806, 0.46593785285949707, 0.7834411859512329, -0.5672973990440369, 0.22808709740638733, -0.11121921241283417, 0.4055826961994171, 0.05309396982192993, -0.15270157158374786, -3.903895378112793, -1.4163202047348022, 1.542906641960144, 0.43279290199279785, 0.3254048228263855, 0.1576056331396103, -0.0025166405830532312, -0.0014514573849737644, -0.0016400018939748406, 0.6910529732704163, -1.2259126901626587, 0.6714739799499512, 0.017715325579047203, 0.004333804827183485, -0.0013541241642087698, 0.6994777917861938, -0.3564898371696472, 0.16280733048915863, 0.0060608722269535065, 0.0047261668369174, -7.795687270117924e-05, 0.518538773059845, -0.2950126528739929, 0.22385376691818237, 0.0014263432240113616, 0.0032795791048556566, 0.0011250703828409314, -0.06318756192922592, 0.13688096404075623, -0.5777335166931152, 0.0008429797599092126, -0.0034890940878540277, -0.003268775064498186, -0.4158652126789093, -1.0, 1.0, -0.7725397944450378, 1.0, 1.0, 0.0393676795065403, -0.06123347952961922, -1.0, -1.0, -0.22263102233409882, -1.0, 1.0, -1.0, -1.0, 1.0, 1.0, 0.5885188579559326, -1.0, 0.7519630789756775]
[0.039921797811985016, -0.8668935298919678, 0.7007251381874084, -0.21836774051189423, 0.7456538081169128, 0.7845911383628845, 0.9374507069587708, -0.6417574286460876, -0.40213191509246826, -0.5407971739768982, 0.17785808444023132, -1.0000089406967163, -0.6792457103729248, -0.6594947576522827, -0.5874414443969727, 0.7100836634635925, -0.8599020838737488, -0.9865607619285583, -0.8143320083618164, 0.9233201146125793, 0.9599193334579468, 0.06319888681173325, -0.9386928081512451, 0.06835632026195526, -0.44331464171409607, 0.11525727808475494, 0.22669444978237152, -0.7366242408752441, 0.4615596830844879, 0.5789806246757507, 0.020822664722800255, 1.868165373802185, 0.6710955500602722, 0.7430546283721924, -0.39852142333984375, -5.257332304609008e-05, 0.6192221641540527, 0.1345500946044922, -0.017073364928364754, -0.17199915647506714, 0.21499879658222198, 0.1658405065536499, 0.08714120835065842, 0.21900320053100586, 0.0459405891597271, 0.3642931282520294, -0.08320387452840805, 0.5581783652305603, 2.0389528274536133, 4.487072944641113, 0.0303052831441164, 0.21661138534545898, 0.018257949501276016, -0.007861249148845673, 0.10603034496307373, 0.43848341703414917, 0.15180125832557678, 0.05280656740069389, 0.052300140261650085, 0.28704214096069336, 0.08875135332345963, 0.02429148368537426, 0.3275516927242279, 0.06029972806572914, 0.24428875744342804, 0.09014369547367096, 0.031233593821525574, -0.2333526462316513, 0.009413900785148144, 0.018574891611933708, 0.10494336485862732, 0.0007527315756306052, -0.1322793811559677, -0.3988409638404846, 0.33533433079719543, 0.6781470775604248, -0.7051669955253601, 0.017398877069354057, 0.20628449320793152, -0.30753397941589355, -0.29105880856513977, -2.0748915672302246, 1.3103638887405396, -1.5963356494903564, -1.1869434118270874, 0.0, -0.38999998569488525, 0.47999998927116394, -0.6623125672340393, 0.30807608366012573, -0.5883525013923645, 0.3468034863471985, -0.03771795332431793, -0.6955717206001282, 0.3855220377445221, -0.6050869226455688, -0.01302429474890232, -0.42106494307518005, 0.4595909118652344, 0.06883254647254944, 0.5666942000389099, 0.8206892013549805, -0.02426985651254654, 0.2945617437362671, -0.06136992946267128, -0.12514625489711761, -2.1829028129577637, 0.6336937546730042, 1.5097259283065796, -0.001466659246943891, -0.4378317892551422, 0.4228352904319763, 0.053931768983602524, -0.503744900226593, 0.8571022748947144, 0.09331643581390381, 0.6085873246192932, -0.03376814350485802, 1.0074621438980103, -16.61127471923828, 1.711499810218811, 5.205821990966797, 0.03423062711954117, -0.42392775416374207, 0.39987266063690186, 0.05330653488636017, -0.7391801476478577, 0.6709643602371216, -0.024039296433329582, 0.5830519795417786, 0.012930238619446754, 0.20971029996871948, -4.128207683563232, -1.6591811180114746, 3.969226598739624, 0.042433466762304306, -0.4214229881763458, 0.4152570962905884, -0.04459509253501892, -0.7958901524543762, 0.6022345423698425, 0.04340130090713501, 0.47256919741630554, -0.010663633234798908, 0.2006058245897293, -2.8920738697052, -0.16720588505268097, 3.0307655334472656, 0.011314652860164642, -0.37970250844955444, 0.4648120105266571, 0.7974873781204224, -0.5416633486747742, 0.2454947531223297, -0.10171981155872345, 0.36126184463500977, 0.06461291015148163, 0.017665650695562363, -2.5933291912078857, -0.74418705701828, 3.504584312438965, 0.4446079730987549, 1.2855205535888672, 0.5045278668403625, 0.011421557515859604, -0.0015026351902633905, -0.0032163478899747133, 0.5916332006454468, -1.9258551597595215, 1.568616509437561, 0.023918738588690758, 0.004814816173166037, 0.0004401165642775595, 0.2906023859977722, -1.32765793800354, 0.6772261261940002, 0.004376615863293409, 0.0009755559731274843, 0.001863202196545899, 0.3113531768321991, -1.3995146751403809, 0.37992745637893677, 0.010240873321890831, 0.0022449519019573927, -5.3329698857851326e-05, 0.46683159470558167, -0.16226567327976227, -1.3845163583755493, -0.0007844478823244572, -0.006716573145240545, -0.004437032155692577, -0.47229281067848206, -0.49987149238586426, 1.0, -0.5646557807922363, 1.0, 1.0, 0.6684569716453552, 0.020306747406721115, -1.0, -1.0, -0.13016299903392792, -1.0, 1.0, -1.0, -1.0, 1.0, 1.0, 1.0, -1.0, 0.26589202880859375]
[-0.07175001502037048, -0.7935634255409241, 0.7502042651176453, -0.2631085515022278, 0.7896853685379028, 0.8399572372436523, 0.9432546496391296, -0.42008113861083984, -0.3383557200431824, -0.46199461817741394, 0.09113101661205292, -1.0000042915344238, -0.6168485879898071, -0.6463429927825928, -0.6198244094848633, 0.6642997860908508, -0.8182992935180664, -0.9740735292434692, -0.8064566254615784, 0.9411147236824036, 0.9642959237098694, 0.2065439224243164, -0.9521604180335999, 0.06098446995019913, -0.4012662470340729, 0.8109533190727234, 0.19052456319332123, -0.23260800540447235, 0.37929993867874146, 0.4747261106967926, 0.02551242709159851, 2.1602725982666016, 0.5555354356765747, 0.7158889174461365, -0.3860742747783661, 3.694632368933526e-06, 0.60006183385849, 0.13865965604782104, -0.242457777261734, -0.1597125232219696, 0.42539045214653015, 0.06788592785596848, 0.054499443620443344, 0.21541623771190643, 0.02763502113521099, 0.34705159068107605, -0.08352360129356384, -0.39345860481262207, 1.2214621305465698, 9.936829566955566, 0.02315436489880085, 0.4118952751159668, 0.02070547267794609, -0.014827619306743145, 0.05431794375181198, 0.6191277503967285, 0.17228223383426666, 0.04416225478053093, 0.054455190896987915, 0.6364117860794067, 0.21442624926567078, 0.06668675690889359, 0.7286314964294434, -0.033133842051029205, 0.5931975841522217, 0.20628102123737335, 0.06548221409320831, -0.4643990993499756, 0.12239255756139755, 0.04900222644209862, 0.2076984941959381, 0.02538229338824749, -0.13740597665309906, -0.40369290113449097, 0.29870131611824036, 0.6493557691574097, -0.7502511739730835, 0.00762290321290493, 0.12410525977611542, -0.30753397941589355, -0.29105880856513977, -2.238424301147461, 1.4072664976119995, -1.426514983177185, -1.248003602027893, 0.0, -0.38999998569488525, 0.47999998927116394, -0.6623125672340393, 0.30807608366012573, -0.5883525013923645, 0.3468034863471985, -0.1316683441400528, -0.6754249930381775, 0.3725110590457916, -0.6226557493209839, -0.007666303776204586, -0.42265886068344116, 0.4636329710483551, 0.06348513066768646, 0.6026971340179443, 0.7947494387626648, -0.0331539623439312, 0.2984643280506134, -0.07757139950990677, 0.3700868785381317, -7.160334587097168, -0.17977841198444366, 1.654981255531311, 0.007649704813957214, -0.44037795066833496, 0.4420548677444458, 0.06807224452495575, -0.35562947392463684, 0.9295545220375061, 0.06944189220666885, 0.6138076186180115, 0.11389468610286713, 1.6022489070892334, -20.827211380004883, 0.6500670313835144, 4.959132671356201, 0.04299759864807129, -0.42636334896087646, 0.4070468842983246, 0.06616608798503876, -0.702758252620697, 0.7062698602676392, -0.054182250052690506, 0.5969792604446411, -0.24312804639339447, 0.7535718083381653, -7.411811351776123, -2.445347547531128, 3.6772775650024414, 0.0500044971704483, -0.42354628443717957, 0.4228723347187042, -0.02477729134261608, -0.7701300382614136, 0.636942982673645, 0.024274487048387527, 0.5026682615280151, -0.22655494511127472, 0.7302018404006958, -6.215031147003174, -0.021360628306865692, 3.276489496231079, 0.016890084370970726, -0.37921541929244995, 0.4678942859172821, 0.8199728727340698, -0.5063706040382385, 0.24876351654529572, -0.096695676445961, 0.321296364068985, 0.013140762224793434, 0.3124610483646393, -2.1367368698120117, 0.6743103861808777, 5.131032943725586, 0.38811540603637695, 2.645967483520508, 0.6220048666000366, 0.02486189641058445, -0.0013977474300190806, -0.005576061550527811, 0.5541038513183594, -1.8604494333267212, 2.827301263809204, 0.016255518421530724, 0.007161944638937712, 0.0012217990588396788, 0.29827165603637695, -3.1683549880981445, 1.6294231414794922, 0.01916143298149109, 0.0023397300392389297, 0.00047034997260197997, -0.21141545474529266, -3.1917264461517334, 0.7317526340484619, 0.01760631985962391, -0.000891795614734292, 0.001535158371552825, 1.567064642906189, -0.62922203540802, -2.47404408454895, -0.004016096703708172, 0.00030926166800782084, -0.0074479104951024055, -0.6038269400596619, 0.4527128338813782, 1.0, -0.26459264755249023, 1.0, 1.0, 1.0, -0.010158647783100605, -1.0, -0.7233498692512512, -0.12893836200237274, -1.0, 1.0, -0.6248965263366699, -1.0, 1.0, 1.0, 1.0, -1.0, -0.3344353139400482]
