1
[0.0, 0.0, 0.0, 0.0, 0.0, 0.0, 0.0, 0.0, 0.0, 0.0, 0.0, 0.0, 0.0, 0.0, 0.0, 0.0, 0.0, 0.0, 0.0, 0.0, 0.0, 0.0, 0.0, 0.0, 0.0, 0.0, 0.0, 0.0, 0.0, 0.0, 0.0, 0.0, 0.0, 0.0, 0.0, 0.0, 0.0, 0.0, 0.0, 0.0, 0.0, 0.0, 0.0, 0.0, 0.0, 0.0, 0.0, 0.0, 0.0, 0.0, 0.0, 0.0, 0.0, 0.0, 0.0, 0.0, 0.0, 0.0, 0.0, 0.0, 0.0, 0.0, 0.0, 0.0, 0.0, 0.0, 0.0, 0.0, 0.0, 0.0, 0.0, 0.0, 0.0, 0.0, 0.0, 0.0, 0.0, 0.0, 0.0, 0.0, 0.0, 0.0, 0.0, 0.0, 0.0, 0.0, 0.0, 0.0, 0.0, 0.0, 0.0, 0.0, 0.0, 0.0, 0.0, 0.0, 0.0, 0.0, 0.0, 0.0, 0.0, 0.0, 0.0, 0.0, 0.0, 0.0, 0.0, 0.0, 0.0, 0.0, 0.0, 0.0, 0.0, 0.0, 0.0, 0.0, 0.0, 0.0, 0.0, 0.0, 0.0, 0.0, 0.0, 0.0, 0.0, 0.0, 0.0, 0.0, 0.0, 0.0, 0.0, 0.0, 0.0, 0.0, 0.0, 0.0, 0.0, 0.0, 0.0, 0.0, 0.0, 0.0, 0.0, 0.0, 0.0, 0.0, 0.0, 0.0, 0.0, 0.0, 0.0, 0.0, 0.0, 0.0, 0.0, 0.0, 0.0, 0.0, 0.0, 0.0, 0.0, 0.0, 0.0, 0.0, 0.0, 0.0, 0.0, 0.0, 0.0, 0.0, 0.0, 0.0, 0.0, 0.0, 0.0, 0.0, 0.0, 0.0, 0.0, 0.0, 0.0, 0.0, 0.0, 0.0, 0.0, 0.0, 0.0, 0.0, 0.0, 0.0, 0.0, 0.0, 0.0, 0.0, 0.0, 0.0, 0.0, 0.0, 0.0, 0.0, 0.0, 0.0, 0.0, 0.0, 0.0, 0.0, 0.0, 0.0, 0.0, 0.0, 0.0]
[0.5116118788719177, 0.13469579815864563, -0.05717793107032776, -0.5532395839691162, -0.7591286301612854, -0.8792906999588013, 0.24479693174362183, -0.8192766904830933, -0.7933849692344666, -0.9182588458061218, -0.2252488136291504, -0.9806428551673889, -0.7202936410903931, -0.8362720608711243, -0.8543983101844788, -0.05025431513786316, -0.7858494520187378, -0.7997258305549622, -0.7438158988952637, 0.03697873279452324, -0.7716013193130493, -0.004711012821644545, -0.13244442641735077, 0.8283043503761292, -0.3707481026649475, 0.32177671790122986, 0.23468725383281708, 1.885205626487732, 1.9930757284164429, 0.4041508138179779, 0.14144472777843475, 1.7595608234405518, -0.37971171736717224, -0.09839439392089844, -1.1859267950057983, -0.0468636117875576, 2.0967931747436523, 0.48107606172561646, 0.8852044939994812, 0.6310071349143982, 1.9788986444473267, -0.3496146500110626, -0.1061675101518631, -1.7538448572158813, 1.5866507291793823, 0.24306254088878632, -0.5787810683250427, 0.23271194100379944, -12.063440322875977, 5.566959381103516, -0.7970131635665894, 0.7306301593780518, 0.4880538582801819, 0.2069319784641266, -0.20105533301830292, 1.2409744262695312, 0.48095548152923584, 0.16360604763031006, 0.1763061285018921, 0.24988669157028198, 0.25561657547950745, 0.11611886322498322, 0.9278806447982788, -0.265224426984787, 1.2878930568695068, 0.48813819885253906, 0.164116770029068, -0.1709197759628296, 0.9167113304138184, 0.5261896848678589, -0.21840229630470276, -0.059462495148181915, 0.003431729506701231, -0.38944363594055176, 0.518189013004303, 0.2420864701271057, -0.7323378324508667, 0.5974767208099365, 0.2193099558353424, 0.6866012215614319, 0.033333878964185715, 0.25808992981910706, -0.723519504070282, 0.5448048114776611, -0.4806533753871918, 0.0, -0.38999998569488525, 0.47999998927116394, 0.012645297683775425, 0.2464054822921753, 0.9690790772438049, 0.0032153106294572353, 0.854919970035553, 0.17065179347991943, -0.27951961755752563, 0.40231654047966003, -0.029097121208906174, -0.44974708557128906, 0.5144193172454834, 0.007532123941928148, -0.46189603209495544, 0.8867754340171814, -0.014988360926508904, 0.28778767585754395, 0.4760766625404358, 1.407552719116211, -23.01681137084961, -0.529143214225769, 0.6686822175979614, -0.014095824211835861, -0.45764973759651184, 0.4997459352016449, -0.019807172939181328, -0.5753129720687866, 0.817144513130188, 0.02995654195547104, 0.35115718841552734, 0.08505597710609436, 0.9479631781578064, -7.9966020584106445, 0.5201552510261536, 1.1641757488250732, 0.019136402755975723, -0.45396238565444946, 0.49247005581855774, 0.025832198560237885, -0.577099621295929, 0.8153722882270813, -0.0381665863096714, 0.8801632523536682, 0.21082338690757751, 0.7151011228561401, -14.245201110839844, -1.110504150390625, 7.752317428588867, 0.036938637495040894, -0.44542115926742554, 0.5061859488487244, -0.012705229222774506, -0.4948910176753998, 0.8685044050216675, -0.02493097260594368, 0.0030639488250017166, 0.2984693944454193, 1.3895635604858398, -11.613106727600098, -3.9003517627716064, -1.6592663526535034, -0.07955081760883331, -0.3713425099849701, 0.5066351890563965, -0.15843887627124786, -0.6492265462875366, 0.7063178420066833, 0.23348870873451233, 0.3664620816707611, -0.16722959280014038, 0.9241448044776917, -14.051939010620117, 0.1400156319141388, 4.2187652587890625, -4.562427997589111, -6.503854751586914, 1.4470969438552856, 0.10937415063381195, -0.03442416712641716, 0.0171152763068676, -1.0924087762832642, -6.809536933898926, 1.2578808069229126, 0.06146300211548805, 0.005262184422463179, -0.0012123071355745196, 0.9942412376403809, -3.458571672439575, 0.38010120391845703, 0.06424029171466827, 0.028439808636903763, -0.00857055839151144, -1.176561713218689, -6.938690185546875, 1.9126445055007935, 0.06003640964627266, 0.006583961192518473, 0.012152990326285362, -2.8618695735931396, -6.930835723876953, -0.03972679749131203, 0.05267411842942238, -0.013672612607479095, 0.03022638149559498, -1.0, 1.0, -0.4917960464954376, 1.0, 1.0, 0.6749758124351501, 1.0, -1.0, -1.0, -1.0, 1.0, 1.0, 1.0, 1.0, -1.0, -1.0, 1.0, 1.0, -0.8355095982551575, 1.0]
[0.3750222325325012, 0.2182043194770813, -0.09848369657993317, -0.46584224700927734, -0.6708582639694214, -0.8252898454666138, 0.2900080382823944, -0.7466822862625122, -0.8279087543487549, -0.9290986061096191, -0.4203278124332428, -0.9886143207550049, -0.5331441760063171, -0.7435121536254883, -0.6415301561355591, 0.03552953526377678, -0.5515271425247192, -0.6959023475646973, -0.7352533936500549, -0.11332402378320694, -0.672088623046875, 0.13722354173660278, -0.09432918578386307, 0.8528566360473633, -0.6063410043716431, 0.74638831615448, -0.4004192054271698, 0.21774990856647491, 0.15723805129528046, 0.5016301274299622, 0.20018818974494934, 0.0931754931807518, -0.29313263297080994, -0.09969323128461838, -0.5966944694519043, -0.07433523237705231, 1.5422945022583008, 1.3549667596817017, 1.0880764722824097, 0.19793616235256195, 2.3011388778686523, 1.8058639764785767, 0.32372620701789856, -1.9082584381103516, 0.2446746826171875, 0.3932860195636749, 0.6791760921478271, 0.23113587498664856, -5.968775749206543, 4.4723029136657715, -0.3637247085571289, -0.24446097016334534, -0.2878994941711426, -0.12035487592220306, -0.2045983225107193, -0.20407330989837646, -0.09997615218162537, -0.03996375948190689, -0.02585281804203987, 0.27487286925315857, 0.04235786944627762, 0.04907085746526718, 0.46112060546875, -0.4747849404811859, 0.38091540336608887, 0.36709529161453247, 0.16190147399902344, 0.038455747067928314, -0.3444213271141052, -0.18257302045822144, 0.050798267126083374, 0.03318840637803078, 0.015036690980196, -0.3887668550014496, 0.5206544399261475, 0.24526751041412354, -0.709036648273468, 0.6062021255493164, 0.26387450098991394, 0.702265202999115, 0.04524470865726471, 0.11496172845363617, -0.732022225856781, 1.1298140287399292, -0.35747724771499634, 0.0, -0.38999998569488525, 0.47999998927116394, 0.012645297683775425, 0.2464054822921753, 0.9690790772438049, 0.0032153106294572353, 0.8339359164237976, 0.16271811723709106, -0.3231673240661621, 0.416697233915329, -0.020206807181239128, -0.4460769295692444, 0.5278915762901306, 0.016632022336125374, -0.3567745089530945, 0.9330845475196838, -0.04229114577174187, 0.7235918045043945, 0.257724791765213, 0.7163496017456055, -8.08796215057373, -0.7233313322067261, 5.038940906524658, -0.006515198852866888, -0.45659226179122925, 0.5112473368644714, -0.013246772810816765, -0.5462202429771423, 0.8373434543609619, 0.017997119575738907, 0.5625513792037964, 0.07421425729990005, 0.6443746089935303, -2.2325196266174316, -0.31069323420524597, 2.027723550796509, 0.032035257667303085, -0.45073217153549194, 0.5036331415176392, 0.04884791001677513, -0.46317073702812195, 0.8804441690444946, -0.0889083668589592, 0.825452446937561, 0.41748398542404175, 0.9838458895683289, -17.581241607666016, -2.897648572921753, 6.04423713684082, 0.039417997002601624, -0.43523281812667847, 0.5332935452461243, -0.046552930027246475, -0.32823628187179565, 0.9424469470977783, -0.04344385489821434, 0.12033545970916748, 1.2132748365402222, 2.112119197845459, -28.473392486572266, -5.816518306732178, -0.15491095185279846, -0.07606907933950424, -0.37109336256980896, 0.5158240795135498, -0.20524735748767853, -0.5721009969711304, 0.770054042339325, 0.19388289749622345, 0.10383442044258118, 0.16289183497428894, 0.5380352139472961, -12.887103080749512, -6.245967388153076, -1.8816628456115723, -1.960944414138794, 3.382160186767578, 0.07906690239906311, -0.0696224793791771, -0.013107502833008766, 0.01211915910243988, -1.0879014730453491, 1.1934857368469238, 0.050821658223867416, -0.02206147089600563, -0.004424536135047674, 0.0026535175275057554, -0.06778067350387573, -1.3647438287734985, 0.5278142690658569, 0.028599701821804047, 0.0062290383502841, -0.0042509352788329124, -1.6750798225402832, -4.649192810058594, 0.9964357614517212, 0.0921635702252388, -0.00906484667211771, 0.011748872697353363, 0.790690541267395, 2.4465599060058594, -0.17458103597164154, -0.018962766975164413, 0.020537367090582848, 0.010816691443324089, -1.0, 1.0, -1.0, -0.6976968050003052, -1.0, 0.513431966304779, -1.0, -1.0, -1.0, -1.0, 0.28233620524406433, 1.0, 0.05533727630972862, 1.0, 1.0, -1.0, -0.8524478673934937, 1.0, 0.8721266388893127, 1.0]
[0.2027398943901062, 0.3324252665042877, -0.15219256281852722, -0.4960330128669739, -0.6893417239189148, -0.8006479144096375, 0.21233844757080078, -0.7644116878509521, -0.8575034737586975, -0.9393272995948792, -0.5351294279098511, -0.9958553910255432, -0.3344970941543579, -0.5516868233680725, -0.398898720741272, 0.030065802857279778, -0.30995652079582214, -0.5019394755363464, -0.6763045191764832, -0.2557765543460846, -0.67825847864151, 0.29213616251945496, 0.04643486440181732, 0.876208484172821, -0.6740400195121765, 0.8369796872138977, -0.3597070872783661, -0.5393067002296448, -0.3490905165672302, 0.014820866286754608, -0.5389842391014099, -0.2976221740245819, -0.2555910646915436, -0.09176328778266907, -0.40479859709739685, -0.047895532101392746, 1.9930461645126343, 2.152165651321411, 1.150842547416687, -0.124361552298069, 2.206113576889038, 1.7927805185317993, 0.8674052357673645, -1.6758095026016235, -0.21362610161304474, 0.3625897169113159, 0.9719910621643066, 0.2102084904909134, -1.8847198486328125, 1.1397875547409058, -0.22436660528182983, -0.20395365357398987, -0.12201917171478271, -0.06338278949260712, -0.20616351068019867, -0.06059688329696655, -0.01976741850376129, -0.0064063910394907, -0.004697133786976337, 0.07635808736085892, 0.03873959183692932, 0.04003007709980011, 0.06064753979444504, -0.3475308418273926, 0.006641504354774952, -0.029408279806375504, 0.012166070751845837, 0.0676623061299324, -0.11039379239082336, -0.06655514985322952, -0.023582443594932556, -0.0023988259490579367, 0.02834436669945717, -0.38699209690093994, 0.5215680003166199, 0.32921716570854187, -0.6420395970344543, 0.5857326984405518, 0.3692130744457245, 0.8248395919799805, 0.13258637487888336, 0.02204751968383789, -0.7107507586479187, 3.721698045730591, 0.17546312510967255, 0.0, -0.38999998569488525, 0.47999998927116394, 0.012645297683775425, 0.2464054822921753, 0.9690790772438049, 0.0032153106294572353, 0.7629045844078064, 0.2185901701450348, -0.44515302777290344, 0.41476941108703613, -0.008902713656425476, -0.4449642300605774, 0.5366397500038147, 0.02962806448340416, -0.33295971155166626, 0.9393898844718933, -0.07620038092136383, 0.7925083041191101, 0.05368588864803314, 0.44605571031570435, 0.1566595733165741, 0.24817444384098053, 5.1519670486450195, 0.00602186843752861, -0.45534247159957886, 0.5209970474243164, 0.007026976440101862, -0.5369004011154175, 0.8434363603591919, -0.017425620928406715, 0.9258876442909241, 0.11339572072029114, 0.575684666633606, -0.9563993811607361, -0.15082807838916779, 6.0811614990234375, 0.044510673731565475, -0.4448324739933014, 0.5175107717514038, 0.05190977081656456, -0.29173511266708374, 0.9449715614318848, -0.1386534720659256, 0.69242262840271, 0.7451468706130981, 1.0737870931625366, -23.812360763549805, -6.171018600463867, 5.709128379821777, 0.04137984290719032, -0.41497817635536194, 0.5604773163795471, -0.09101762622594833, -0.08290029317140579, 0.9897271990776062, -0.0726858451962471, -0.0940835177898407, 1.8989685773849487, 1.4824745655059814, -30.750757217407227, -8.349254608154297, -0.25755375623703003, -0.0734943076968193, -0.37009939551353455, 0.5205472111701965, -0.28292813897132874, -0.5066015720367432, 0.8009446263313293, 0.1476280242204666, 0.0861174613237381, 0.11724239587783813, 0.20211392641067505, -9.687772750854492, -9.227279663085938, -1.7203941345214844, -1.2667405605316162, 1.7442703247070312, -0.27372121810913086, -0.03721873462200165, -0.010634759441018105, 0.011529517360031605, -1.1147358417510986, 0.2529502213001251, -0.01696297712624073, -0.0026121377013623714, -0.010826027020812035, 0.004353723023086786, 0.10464204847812653, -0.7376376390457153, 0.1691640168428421, 0.028965512290596962, 0.0024868682958185673, -0.002219968242570758, -0.5059497952461243, 0.09660935401916504, -0.13689032196998596, 0.01361521054059267, -0.002801815513521433, 0.004599461797624826, -0.20055323839187622, 1.5453746318817139, -0.04366534948348999, -0.012853378430008888, 0.0008100304985418916, -0.004747673869132996, -1.0, 1.0, -1.0, -1.0, -1.0, -0.799155056476593, -1.0, -1.0, -1.0, -1.0, 0.9129992723464966, 1.0, -0.2475908100605011, 1.0, 0.5532131195068359, -0.9784296154975891, -1.0, 1.0, 1.0, 1.0]
[0.018687477335333824, 0.4344445466995239, -0.2535676658153534, -0.5445417165756226, -0.719994306564331, -0.806978702545166, 0.06901905685663223, -0.7742500305175781, -0.8817076683044434, -0.9482806324958801, -0.620272696018219, -0.9961824417114258, -0.12160281091928482, -0.3054327964782715, -0.18817520141601562, -0.06473371386528015, -0.1101628914475441, -0.2935391068458557, -0.5099595785140991, -0.3276089131832123, -0.7135206460952759, 0.4262610673904419, 0.19928458333015442, 0.8972176909446716, -0.6859953999519348, 0.659389853477478, -0.48433542251586914, -0.4294814169406891, -0.24635091423988342, -0.08180653303861618, -0.7119140625, 0.03307565674185753, -0.21040399372577667, -0.07741891592741013, -0.3215518891811371, 0.015419170260429382, 1.9506877660751343, 2.376180410385132, 1.015937328338623, -0.4321604371070862, 1.7232599258422852, 1.9902883768081665, 2.105464220046997, -0.4634707570075989, -0.29518356919288635, 0.30031290650367737, 0.92083740234375, 0.18422767519950867, -0.023661252111196518, -1.404799461364746, -0.017162740230560303, -0.12119681388139725, -0.0275740809738636, -0.007948260754346848, -0.035812754184007645, -0.052943505346775055, -0.004943748936057091, 0.0018928106874227524, 0.024234391748905182, -0.06301570683717728, -0.0456533245742321, -0.014116400852799416, -0.12473858892917633, -0.19068248569965363, -0.14274515211582184, -0.07595212012529373, 0.011547205969691277, 0.15353164076805115, -0.07728949934244156, -0.04706856608390808, -0.06171279400587082, -0.022224849089980125, 0.032431457191705704, -0.38010334968566895, 0.5270232558250427, 0.1797298938035965, -0.6501016616821289, 0.7207505702972412, 0.1599486917257309, 0.2915060818195343, 0.39788466691970825, 0.28084003925323486, -1.4450454711914062, -5.991500377655029, 1.8810566663742065, 0.0, -0.38999998569488525, 0.47999998927116394, 0.012645297683775425, 0.2464054822921753, 0.9690790772438049, 0.0032153106294572353, 0.8061521649360657, 0.12355584651231766, -0.2051926702260971, 0.5410627126693726, 0.0040971338748931885, -0.4434739351272583, 0.5431738495826721, 0.049409810453653336, -0.33401355147361755, 0.9338550567626953, -0.11793285608291626, 0.8483102917671204, 0.13564088940620422, 0.3451453149318695, 0.3588132858276367, 0.7629086971282959, 5.775153160095215, 0.02062256820499897, -0.4524974822998047, 0.530003011226654, 0.0364583320915699, -0.5242461562156677, 0.848486065864563, -0.06251414865255356, 0.9897430539131165, 0.25523149967193604, 0.5538343191146851, -2.0774412155151367, 0.18920303881168365, 6.954771041870117, 0.05589922517538071, -0.4366037845611572, 0.5300077795982361, 0.03335756063461304, -0.08630330115556717, 0.9778261780738831, -0.1878693550825119, 0.5167794823646545, 0.9030117988586426, 0.7369327545166016, -23.432613372802734, -8.444999694824219, 5.731483459472656, 0.042127758264541626, -0.39171302318573, 0.5774438977241516, -0.14504902064800262, 0.18899136781692505, 0.9662124514579773, -0.09836859256029129, -0.2357562780380249, 1.898305892944336, 0.5094570517539978, -33.477516174316406, -11.47736930847168, -1.0281612873077393, -0.06969837099313736, -0.37056735157966614, 0.5225873589515686, -0.3399152159690857, -0.46983832120895386, 0.806756317615509, 0.11337371915578842, 0.2224925458431244, -0.03642618656158447, 0.056974560022354126, -3.766050100326538, -5.475522518157959, -0.88446044921875, -0.12033671140670776, 0.4514941871166229, -0.38009798526763916, -0.0011758481850847602, -0.002050733892247081, 0.0022759768180549145, -0.17362253367900848, 0.1584988236427307, -0.12808112800121307, 0.004270292818546295, -0.0031624468974769115, 0.0007035784656181931, 0.3527923822402954, 0.557251513004303, -0.6229419112205505, -0.005757628008723259, 0.0023178504779934883, -0.002377433003857732, 0.2083909511566162, 0.5450839996337891, -0.9110459685325623, 0.01972346566617489, 4.283234375179745e-05, -0.0006377685349434614, -0.7962063550949097, 1.0319362878799438, 0.037069790065288544, -0.008348078466951847, -0.009485543705523014, -0.027363354340195656, -1.0, 0.8346129655838013, -1.0, -0.8043283224105835, -0.8489066362380981, -1.0, -0.6964067816734314, -1.0, -1.0, -1.0, 1.0, 1.0, -0.6784752011299133, 0.8419133424758911, 0.8915470242500305, -0.3637373745441437, -1.0, 1.0, 1.0, 1.0]
[-0.16322475671768188, 0.5289817452430725, -0.3405851721763611, -0.5531648993492126, -0.7572375535964966, -0.8179944753646851, -0.053705066442489624, -0.7482696771621704, -0.9031537175178528, -0.9562722444534302, -0.6893061995506287, -0.9933712482452393, 0.032935380935668945, -0.07819082587957382, 0.027644328773021698, -0.031893737614154816, -0.037400152534246445, -0.18802408874034882, -0.29947543144226074, -0.36833715438842773, -0.755039393901825, 0.5315172076225281, 0.3341246247291565, 0.9149068593978882, -0.666170060634613, 0.6589222550392151, -0.28838327527046204, 0.10980655997991562, -0.38730353116989136, -0.12159236520528793, -0.4019795358181, 0.36975598335266113, -0.18610258400440216, -0.0707639530301094, -0.2637781798839569, 0.028675345703959465, 1.1492588520050049, 1.8041518926620483, 0.9692824482917786, 0.45567426085472107, 0.08991845697164536, 0.42409855127334595, 1.4831832647323608, -0.5219338536262512, -0.3041497468948364, 0.2336885780096054, 0.7815993428230286, 0.151980459690094, 1.0864256620407104, -0.16732141375541687, 0.1238827332854271, 0.11359380185604095, 0.04757935181260109, 0.016976812854409218, 0.16338185966014862, 0.05852533131837845, 0.034975841641426086, 0.014746265485882759, 0.04781113564968109, 0.012075601145625114, -0.06545612215995789, -0.05800088867545128, -0.074001744389534, 0.08784572780132294, -0.44336700439453125, -0.31119996309280396, -0.1651463508605957, -0.009213102981448174, 0.0297458004206419, 0.008752086199820042, 0.0020726462826132774, -0.0026824865490198135, 0.0369289256632328, -0.3744339346885681, 0.5305739641189575, 0.05757858231663704, -0.6223549246788025, 0.776888370513916, -0.07618092000484467, 0.2534361779689789, 0.3403246998786926, 0.17826326191425323, -0.6687883734703064, -5.840679168701172, 2.6664493083953857, 0.0, -0.38999998569488525, 0.47999998927116394, 0.012645297683775425, 0.2464054822921753, 0.9690790772438049, 0.0032153106294572353, 0.7956891655921936, 0.06274453550577164, 0.05426575616002083, 0.5999978184700012, 0.016146313399076462, -0.4399283826351166, 0.5506393909454346, 0.06807371973991394, -0.325752317905426, 0.9299270510673523, -0.15648333728313446, 0.7042244076728821, 0.3046949803829193, 0.4963163733482361, -1.4114692211151123, 0.2642367482185364, 4.686506748199463, 0.034028586000204086, -0.4475264251232147, 0.5400179624557495, 0.06288070231676102, -0.4986633062362671, 0.8581961393356323, -0.10430829226970673, 0.7892047762870789, 0.3984781503677368, 0.675699770450592, -3.8647961616516113, -0.42175206542015076, 5.294053077697754, 0.0659196525812149, -0.4276960790157318, 0.5403456687927246, 0.004233960993587971, 0.08993688225746155, 0.9690666794776917, -0.22978906333446503, 0.42763185501098633, 0.7827318906784058, 0.5016317963600159, -16.5557861328125, -7.242523193359375, 5.3861165046691895, 0.040427546948194504, -0.37595507502555847, 0.5860445499420166, -0.20682181417942047, 0.370969295501709, 0.9004198908805847, -0.09407737106084824, -0.20475183427333832, 0.7705057859420776, 0.1313817799091339, -12.941654205322266, -9.493433952331543, -1.089871883392334, -0.06514645367860794, -0.3717082440853119, 0.5237621665000916, -0.3820970356464386, -0.44892340898513794, 0.8035558462142944, 0.0822654590010643, 0.2496446967124939, -0.0561884306371212, 0.024423716589808464, -3.3380072116851807, -5.80551815032959, 0.23530101776123047, 0.7154953479766846, -0.669288158416748, 0.039954423904418945, 0.006937490776181221, 0.0049607218243181705, -0.004448420833796263, 0.9450871348381042, -0.4611029624938965, -0.016891101375222206, 0.00782972201704979, 0.008135252632200718, -0.002915486926212907, 0.45295578241348267, 1.0237945318222046, -0.48344743251800537, -0.04264397174119949, 0.0005517910467460752, -0.0033753681927919388, 0.6814872026443481, 3.8963427543640137, -2.4759554862976074, -0.10670121014118195, -0.008674422279000282, -0.018387416377663612, 0.056934110820293427, 0.14773935079574585, 0.10237269848585129, -0.0019946915563195944, -0.0035934317857027054, -0.0015432299114763737, -0.9981709718704224, 1.0, -1.0, -0.5005050897598267, -1.0, -0.26587098836898804, -0.35151010751724243, -1.0, -1.0, -1.0, 0.5504525899887085, 1.0, 1.0, -0.37987393140792847, -0.26788046956062317, -0.6110583543777466, -1.0, 1.0, 1.0, 1.0]
[-0.2645533084869385, 0.6055210828781128, -0.38593369722366333, -0.4858781099319458, -0.7983912229537964, -0.8320523500442505, -0.07522699236869812, -0.7017636299133301, -0.920201301574707, -0.962756335735321, -0.7635483145713806, -0.9873610138893127, 0.07911035418510437, 0.049812864512205124, 0.21625377237796783, 0.09733882546424866, -0.10352519154548645, -0.20218563079833984, -0.2265983521938324, -0.35112398862838745, -0.796805739402771, 0.6112372875213623, 0.4454261362552643, 0.9291831851005554, -0.16886894404888153, 0.4558980166912079, -0.12785685062408447, 0.8662050366401672, -0.3657035529613495, -0.13128222525119781, 0.05645541101694107, 0.4919370114803314, -0.1414240449666977, -0.05320844054222107, -0.34827151894569397, 0.06338927149772644, 0.04346999153494835, 0.6112885475158691, 0.797436535358429, 0.5796664953231812, -1.0078051090240479, -0.4359123706817627, 0.14924609661102295, 0.6000500321388245, -0.29842230677604675, 0.1748649775981903, 0.6347004771232605, 0.12092073261737823, 11.239272117614746, -2.463949680328369, 0.4521528482437134, 0.06403199583292007, 0.04316594451665878, 0.01795627363026142, 0.592778205871582, -0.11967003345489502, -0.03477608412504196, -0.009589193388819695, 0.3449223041534424, -0.12781092524528503, -0.10230356454849243, -0.08385147899389267, -0.06320760399103165, 0.21491166949272156, -0.40969371795654297, -0.21641340851783752, -0.1124965250492096, 0.08888397365808487, 0.1718330681324005, 0.07450120896100998, 0.10922667384147644, 0.027663379907608032, 0.040194910019636154, -0.37068501114845276, 0.5342684388160706, -0.008082903921604156, -0.6039899587631226, 0.7613387703895569, -0.2355717271566391, 0.03795957565307617, 0.12842269241809845, 0.1814403533935547, -0.14312385022640228, -1.1432958841323853, 0.8788238763809204, 0.0, -0.38999998569488525, 0.47999998927116394, 0.012645297683775425, 0.2464054822921753, 0.9690790772438049, 0.0032153106294572353, 0.7758649587631226, 0.038643769919872284, 0.22508957982063293, 0.5881113409996033, 0.021594051271677017, -0.43446671962738037, 0.5595812201499939, 0.07499497383832932, -0.2980538606643677, 0.9347272515296936, -0.17839433252811432, 0.08569984883069992, 0.39873120188713074, 0.5621733069419861, -3.957439422607422, -1.1217740774154663, 1.519602656364441, 0.039706211537122726, -0.44284218549728394, 0.5492030382156372, 0.06988969445228577, -0.46978268027305603, 0.8714295625686646, -0.12259697169065475, 0.07793451100587845, 0.2693815529346466, 0.5393584370613098, -3.6130127906799316, -1.0752625465393066, 0.5785199403762817, 0.07170888036489487, -0.42151889204978943, 0.5476013422012329, -0.013749882578849792, 0.18022775650024414, 0.9494572877883911, -0.25663137435913086, 0.1417066901922226, 0.3267536759376526, 0.29838407039642334, -5.359155654907227, -2.0704119205474854, 2.80967116355896, 0.03768974915146828, -0.3719531297683716, 0.5908088088035583, -0.24784047901630402, 0.3942747414112091, 0.8807194232940674, -0.08634749054908752, -0.24679891765117645, -0.062324851751327515, 0.2197764664888382, 3.5167396068573, -3.0929079055786133, 1.582707166671753, -0.06252948939800262, -0.3719596862792969, 0.5247753858566284, -0.4032786786556244, -0.44149115681648254, 0.7976214289665222, 0.07906877249479294, 0.03374716639518738, 0.053174279630184174, 0.042946744710206985, 0.7256646156311035, -0.567599356174469, -2.221147298812866, 2.6586291790008545, -0.6520601511001587, -0.6319348812103271, 0.008175371214747429, 0.010830764658749104, -0.011722339317202568, 3.270686149597168, 0.5843034386634827, -0.34319013357162476, -0.0008246413199231029, 0.018270522356033325, -0.00894453376531601, 2.105837821960449, 1.1585114002227783, -1.2719906568527222, -0.06647380441427231, -0.0021063019521534443, -0.008903054520487785, 1.2808573246002197, 2.597083568572998, -2.1475870609283447, -0.07354027032852173, -0.015984106808900833, -0.008954226970672607, 1.7156825065612793, -1.0965068340301514, 0.8105156421661377, 0.006482807919383049, 0.0002124640450347215, -0.02845817245543003, 0.6680298447608948, 0.79615318775177, -1.0, 0.3180065155029297, -1.0, 0.8064336180686951, -0.5173006653785706, -1.0, -1.0, -1.0, -0.1088961809873581, 1.0, 1.0, -0.9834307432174683, -0.6431856155395508, 0.0737113207578659, -1.0, 1.0, 1.0, 1.0]
[-0.24786922335624695, 0.6026341915130615, -0.4455241858959198, -0.328341007232666, -0.8331993222236633, -0.8448216915130615, -0.0058139716275036335, -0.6703674793243408, -0.9302225112915039, -0.966123640537262, -0.8323098421096802, -0.978549063205719, 0.10383076220750809, 0.07816433906555176, 0.3776540160179138, 0.19348259270191193, -0.21283996105194092, -0.2893354296684265, -0.23664326965808868, -0.2173074185848236, -0.8309717774391174, 0.6779334545135498, 0.5372000336647034, 0.940868079662323, 0.23340170085430145, -0.24183157086372375, -0.35410910844802856, 1.7730093002319336, -0.30029425024986267, -0.1105542927980423, 0.46377697587013245, 0.11460434645414352, -0.08204688131809235, -0.0224801916629076, -0.2417433261871338, 0.05528227239847183, 0.31659626960754395, 0.1434732973575592, 0.6789777874946594, 0.30695244669914246, -1.0420392751693726, -1.0062072277069092, -0.24434976279735565, 2.2048778533935547, -0.2312489002943039, 0.15208761394023895, 0.5284441113471985, 0.10064832121133804, 9.150871276855469, -9.733084678649902, 0.2426859736442566, -0.306032657623291, -0.07790382206439972, -0.01956888474524021, 0.5470109581947327, -0.7838302850723267, -0.28349754214286804, -0.09358415007591248, 0.3566439151763916, -0.5400217771530151, -0.1151122897863388, -0.021127808839082718, -0.49456119537353516, 0.24344457685947418, -0.40319427847862244, -0.14640384912490845, -0.05119001120328903, 0.16605839133262634, -0.16307005286216736, -0.08566227555274963, 0.09274342656135559, 0.021371757611632347, 0.03892090544104576, -0.3710000216960907, 0.5344684720039368, -0.021296003833413124, -0.6030523777008057, 0.7484807372093201, -0.27504679560661316, -0.17930717766284943, -0.11111176759004593, -0.12758326530456543, 0.4936690032482147, -0.7081874012947083, 0.4010349214076996, 0.0, -0.38999998569488525, 0.47999998927116394, 0.012645297683775425, 0.2464054822921753, 0.9690790772438049, 0.0032153106294572353, 0.7722448110580444, 0.03573179244995117, 0.26657041907310486, 0.5755879878997803, 0.01994435489177704, -0.4290672540664673, 0.5650520324707031, 0.07170449197292328, -0.2575716972351074, 0.9451150894165039, -0.18780997395515442, -0.25478532910346985, 0.3981020450592041, 0.2667756974697113, -5.2119879722595215, -1.905928611755371, 0.8077858686447144, 0.03697974607348442, -0.44284698367118835, 0.5502699613571167, 0.05977844446897507, -0.46560895442962646, 0.8758499026298523, -0.11190085858106613, -0.39559030532836914, -0.16406646370887756, -0.1774304211139679, 1.2713677883148193, -0.277923583984375, -3.4075591564178467, 0.07183239609003067, -0.42065703868865967, 0.5478428602218628, -0.018865613266825676, 0.20219209790229797, 0.942527174949646, -0.2653391659259796, -0.14276741445064545, -0.06032511219382286, -0.1564081609249115, -1.1173391342163086, -0.7003371119499207, 0.19369757175445557, 0.0341905876994133, -0.3775905966758728, 0.590843677520752, -0.2685440182685852, 0.32890111207962036, 0.9011890888214111, -0.08698433637619019, -0.24531297385692596, -0.6327781081199646, -0.017235297709703445, 10.442464828491211, 0.521867036819458, 3.278066635131836, -0.06286889314651489, -0.37154218554496765, 0.5247542262077332, -0.38182809948921204, -0.45784464478492737, 0.7898127436637878, 0.1441577821969986, -0.112698495388031, 0.0737714096903801, -0.011740291491150856, 7.533975124359131, 7.676673412322998, -5.654494762420654, 1.5176169872283936, 1.2697278261184692, -1.6898821592330933, -0.0005229682428762317, 0.0027544659096747637, -0.0020886315032839775, 2.9886975288391113, 4.361064434051514, -0.9340283274650574, -0.02816818654537201, 0.018765298649668694, -0.00901658833026886, 2.1648006439208984, -0.045717157423496246, -3.1910130977630615, -0.021813565865159035, 0.0013498800108209252, -0.013157544657588005, 1.5566461086273193, 1.1577023267745972, -2.539116859436035, -0.03382447734475136, -0.013146660290658474, -0.007098517846316099, 1.4269310235977173, 0.692894697189331, 0.6621743440628052, 0.0026616828981786966, -0.0014591317158192396, -0.046544577926397324, 1.0, -1.0, -1.0, 0.8913975954055786, -1.0, 1.0, -0.7663300633430481, -1.0, -1.0, -1.0, 0.3283144533634186, 1.0, 0.5964528322219849, -0.908780574798584, -1.0, 1.0, -1.0, 1.0, 1.0, 1.0]
[-0.15096382796764374, 0.5064815282821655, -0.5364437699317932, -0.13344042003154755, -0.8600550293922424, -0.8545501828193665, 0.12208888679742813, -0.6543383002281189, -0.879289984703064, -0.958879828453064, -0.8807798624038696, -0.9732437133789062, 0.19621507823467255, 0.12079331278800964, 0.5143406391143799, 0.15945042669773102, -0.31202632188796997, -0.39806610345840454, -0.26911666989326477, -0.03456955403089523, -0.8551611304283142, 0.7387734651565552, 0.5962883234024048, 0.9506806135177612, 0.45598798990249634, -0.9608373641967773, -0.3773994743824005, 1.7992490530014038, -0.22326011955738068, -0.07828571647405624, 0.5662631392478943, 0.15396760404109955, 0.7561889290809631, 0.17246299982070923, -0.1609346866607666, 0.03797464445233345, 1.1389343738555908, 0.7940186262130737, 0.5895783305168152, -0.3738148510456085, -0.8594247102737427, -1.004500150680542, -0.33161550760269165, 2.274540662765503, -0.14989903569221497, 0.14561690390110016, 0.27870526909828186, 0.08509297668933868, 4.723217487335205, -9.99550724029541, 0.17381161451339722, -0.5900843143463135, -0.20051048696041107, -0.06501506268978119, 0.22548989951610565, -0.6578353643417358, -0.17377406358718872, -0.04173986241221428, 0.2089335322380066, -0.5365279316902161, -0.0774863213300705, 0.03539856895804405, -0.5664665699005127, 0.1401112824678421, -0.366688996553421, -0.09338025003671646, -0.021109826862812042, 0.008491202257573605, -0.36180421710014343, -0.17825870215892792, 0.04812725633382797, 0.008630719967186451, 0.03543154522776604, -0.3745708465576172, 0.5301997661590576, -0.03649431839585304, -0.6224318742752075, 0.730672299861908, -0.2781449258327484, -0.24377292394638062, -0.3265468180179596, -0.37207654118537903, 0.6261226534843445, 0.9468380212783813, -0.4698772132396698, 0.0, -0.38999998569488525, 0.47999998927116394, 0.012645297683775425, 0.2464054822921753, 0.9690790772438049, 0.0032153106294572353, 0.7866272926330566, 0.021929623559117317, 0.2730152904987335, 0.5533527135848999, 0.014525462873280048, -0.4258168935775757, 0.5637755990028381, 0.06448144465684891, -0.22599686682224274, 0.9529104828834534, -0.1916481852531433, -0.4110978841781616, 0.12787345051765442, -0.2704279124736786, -2.276698589324951, -1.4959070682525635, -0.14369168877601624, 0.02884897217154503, -0.4466889202594757, 0.5428910851478577, 0.03854336217045784, -0.46739110350608826, 0.8794508576393127, -0.0814003124833107, -0.6409858465194702, -0.2948233485221863, -0.62496417760849, -0.5031107664108276, -0.5316847562789917, -5.09182596206665, 0.06752525269985199, -0.42370256781578064, 0.5405474901199341, -0.030928058549761772, 0.226297527551651, 0.9386109113693237, -0.25853896141052246, -0.3913145959377289, -0.20646588504314423, -0.6580493450164795, -3.849933624267578, -3.7069761753082275, -0.8580312728881836, 0.031386855989694595, -0.38873690366744995, 0.5856391787528992, -0.2737518846988678, 0.2320716381072998, 0.9281302094459534, -0.09887877851724625, -0.13799719512462616, -0.9366691708564758, -0.3629784882068634, 11.629049301147461, 2.5287327766418457, 4.714392185211182, -0.06503591686487198, -0.3715193271636963, 0.5224822759628296, -0.3283858299255371, -0.4881061315536499, 0.7704477310180664, 0.24561214447021484, -0.1665605902671814, -0.00563970860093832, -0.19722819328308105, 10.64352035522461, 9.821195602416992, -5.6243510246276855, 1.1721134185791016, 2.9718728065490723, -1.9884471893310547, -0.020436976104974747, 0.005725156981498003, -0.002817449625581503, 1.2327954769134521, 2.9308042526245117, -0.8675786256790161, 0.002222201554104686, 0.005833342671394348, -0.003977097105234861, 1.3186419010162354, -0.9381343126296997, -2.9931416511535645, 0.02132655680179596, 0.003412398975342512, -0.008818238973617554, 0.9426098465919495, 0.6265629529953003, -2.2357213497161865, -0.011711383238434792, -0.00799768976867199, 0.0001502429659012705, 0.6657580137252808, 2.1200428009033203, 0.2808232307434082, -0.00724143348634243, -0.00202140212059021, -0.01688356138765812, 1.0, -1.0, -1.0, 0.885901927947998, -1.0, 1.0, -0.6121299862861633, -0.3053237497806549, -1.0, -1.0, 1.0, 1.0, -0.5625580549240112, -0.8519312143325806, -1.0, 1.0, -1.0, 1.0, 0.7910125851631165, 1.0]
[-0.015170140191912651, 0.3368697762489319, -0.6198049187660217, 0.014338502660393715, -0.8804559111595154, -0.8613559603691101, 0.25528016686439514, -0.6679816246032715, -0.7236098051071167, -0.9196086525917053, -0.9125382304191589, -0.9712287783622742, 0.32128027081489563, 0.24555648863315582, 0.5960202217102051, 0.018374839797616005, -0.3411506712436676, -0.4995046854019165, -0.30442067980766296, 0.13604632019996643, -0.8725977540016174, 0.7929742336273193, 0.6498424410820007, 0.9588236212730408, 0.5474490523338318, -1.345930814743042, -0.31890901923179626, 1.1181600093841553, -0.17723040282726288, -0.05694565922021866, 0.5412227511405945, -0.28373053669929504, 1.790798544883728, 0.6879467964172363, -0.10450809448957443, 0.004479608498513699, 1.1656649112701416, 1.3926255702972412, 0.26297053694725037, -0.6853854060173035, 0.04374643415212631, -0.8953070044517517, -0.32178375124931335, 2.0071213245391846, -0.12336373329162598, 0.12161806970834732, 0.35781383514404297, 0.07035347074270248, 1.5733702182769775, -3.6283140182495117, 0.0789373442530632, -0.4180917739868164, -0.16122043132781982, -0.05670166015625, 0.06072396785020828, -0.3747652769088745, -0.07649493217468262, 0.005768721457570791, 0.09065099060535431, -0.19820287823677063, -0.04864078015089035, 0.007168099284172058, -0.35026025772094727, 0.03208258002996445, 0.013975310139358044, 0.04317494109272957, 0.022199705243110657, -0.03928370028734207, -0.20710623264312744, -0.10878156125545502, 0.039725545793771744, 0.011187201365828514, 0.03085005283355713, -0.37961849570274353, 0.5221757292747498, -0.054045092314481735, -0.655487596988678, 0.7077049016952515, -0.2580093443393707, -0.2902604043483734, -0.327357679605484, -0.5540825128555298, 1.118528962135315, 0.5341681838035583, -0.5849696397781372, 0.0, -0.38999998569488525, 0.47999998927116394, 0.012645297683775425, 0.2464054822921753, 0.9690790772438049, 0.0032153106294572353, 0.8126905560493469, 0.00014423295215237886, 0.2573351562023163, 0.5227933526039124, 0.007719837129116058, -0.42688098549842834, 0.5548232197761536, 0.05614970251917839, -0.23018281161785126, 0.9531468749046326, -0.18807987868785858, -0.43854278326034546, -0.19232822954654694, -0.7042232155799866, 2.515423059463501, -0.3323526382446289, -1.060171127319336, 0.01828060671687126, -0.45133838057518005, 0.5286613702774048, 0.016617530956864357, -0.45022398233413696, 0.8917570114135742, -0.042327284812927246, -0.7403035163879395, -0.22355905175209045, -0.9366114139556885, -4.262100696563721, -0.1463286131620407, -5.543830871582031, 0.06062699854373932, -0.42842167615890503, 0.5269544720649719, -0.05382627248764038, 0.2707791030406952, 0.9306642413139343, -0.24009442329406738, -0.5112383961677551, -0.22240197658538818, -0.9756746888160706, -4.635787010192871, -4.865024089813232, -1.8033616542816162, 0.028728291392326355, -0.40029221773147583, 0.5761664509773254, -0.26633450388908386, 0.1431276500225067, 0.9469834566116333, -0.10863994061946869, -0.15898406505584717, -0.7792018055915833, -0.5982321500778198, 9.069457054138184, 2.772865056991577, 2.7836930751800537, -0.06836871802806854, -0.3718165159225464, 0.5172232389450073, -0.264211505651474, -0.5228596329689026, 0.731419563293457, 0.34904944896698, -0.2309788018465042, -0.005835012998431921, -0.38355839252471924, 11.846227645874023, 8.979249954223633, -5.454301357269287, 0.5724672079086304, 2.2762603759765625, -0.9595209360122681, -0.022557759657502174, 0.0034008061047643423, -0.0026585219893604517, 0.3367362916469574, 1.0649968385696411, -0.4818596839904785, 0.021743671968579292, 0.0004924340173602104, -0.001174008590169251, 0.5385918617248535, -0.33314627408981323, -1.232552170753479, 0.00217090523801744, 0.000659714569337666, -0.0041771563701331615, 0.15377460420131683, -0.5843217968940735, -0.2856026291847229, 0.013434876687824726, -0.0074841598980128765, -0.00122124666813761, 0.505226194858551, 1.2384076118469238, 0.07213316112756729, -0.0069596776738762856, 0.0031035859137773514, 0.0008028129232116044, 1.0, -1.0, -1.0, 0.5095521211624146, -1.0, 1.0, -0.9433539509773254, 0.5001730918884277, -1.0, -1.0, 1.0, 0.7491357922554016, -1.0, -0.1567624807357788, -1.0, 1.0, -1.0, 1.0, 1.0, 1.0]
[0.06367079168558121, 0.1549306958913803, -0.6797952651977539, 0.06823908537626266, -0.8974213600158691, -0.8666684627532959, 0.3891608417034149, -0.7130222320556641, -0.4891089200973511, -0.7551648020744324, -0.9220947623252869, -0.9740896821022034, 0.43671539425849915, 0.3933740556240082, 0.5807636976242065, -0.13489961624145508, -0.2433590590953827, -0.5883325934410095, -0.33729666471481323, 0.28220683336257935, -0.8913993835449219, 0.8321442604064941, 0.7082356214523315, 0.9662960171699524, 0.11499326676130295, -1.2380553483963013, -0.2126387655735016, 0.1597813218832016, -0.15278761088848114, -0.04768804460763931, 0.5467640161514282, -0.47773781418800354, 2.365525722503662, 2.296374797821045, -0.012842615135014057, -0.041010621935129166, 1.0144675970077515, 1.327476978302002, -0.23532734811306, -0.6025075316429138, 1.367760419845581, -0.7695750594139099, -0.30914807319641113, 1.688052773475647, -0.14832685887813568, 0.07981550693511963, 0.3571460545063019, 0.0670381411910057, -10.447866439819336, 1.8796604871749878, -0.239529088139534, -0.2737853527069092, -0.11159151792526245, -0.040461644530296326, -0.42118316888809204, 0.08195102214813232, 0.05316469445824623, 0.07753052562475204, -0.29196080565452576, 0.06888997554779053, -0.01503765769302845, -0.0167537871748209, -0.4341554641723633, -0.2787039875984192, 0.2026677429676056, 0.11743561923503876, 0.045386869460344315, -0.000748060701880604, 0.09874861687421799, 0.03270751237869263, -0.1435403823852539, -0.04218440502882004, 0.026063989847898483, -0.38463592529296875, 0.5112991333007812, -0.08746115118265152, -0.6942822337150574, 0.6712891459465027, -0.24432240426540375, -0.28355056047439575, -0.29239362478256226, -0.6831770539283752, 1.5974512100219727, -0.5004525184631348, -0.4681698977947235, 0.0, -0.38999998569488525, 0.47999998927116394, 0.012645297683775425, 0.2464054822921753, 0.9690790772438049, 0.0032153106294572353, 0.8410320281982422, -0.035275351256132126, 0.25169768929481506, 0.47756585478782654, 0.0046059247106313705, -0.43098512291908264, 0.541617751121521, 0.0522577278316021, -0.2706826627254486, 0.9427928924560547, -0.18746060132980347, -0.006166776642203331, -0.35517191886901855, -0.8836857080459595, 6.313695430755615, 0.9759156107902527, 0.4712212085723877, 0.0108365248888731, -0.4535018503665924, 0.5126776099205017, 0.004269898869097233, -0.37284138798713684, 0.9278477430343628, -0.008344152010977268, -0.3019934296607971, 0.12519963085651398, -0.7600518465042114, -14.811701774597168, 0.5229684710502625, -3.3219048976898193, 0.05608231574296951, -0.4311356246471405, 0.5118703842163086, -0.0783374011516571, 0.31476885080337524, 0.9193879961967468, -0.22250716388225555, -0.17641589045524597, -0.009454786777496338, -0.9260739684104919, -4.125654220581055, -4.318755626678467, -0.5759477019309998, 0.02756776101887226, -0.40641918778419495, 0.5664691925048828, -0.2524687647819519, 0.09146970510482788, 0.9568189978599548, -0.11131086945533752, 0.04424770176410675, -0.24969607591629028, -0.5155592560768127, 3.853764057159424, 2.321518898010254, 1.1862478256225586, -0.06999766081571579, -0.3728698492050171, 0.5106918215751648, -0.19673506915569305, -0.5548837780952454, 0.6843007802963257, 0.430269330739975, 0.008950380608439445, -0.12075019627809525, -0.40475189685821533, 10.599842071533203, 7.513308525085449, -2.5315496921539307, -1.8237123489379883, 1.6918283700942993, 0.47887879610061646, -0.015084217302501202, -0.005058059468865395, 0.0074255196377635, -2.4123964309692383, -1.4374393224716187, 0.24476411938667297, 0.05596894398331642, -0.009321378543972969, 0.008329869247972965, -1.903945803642273, 0.6760581731796265, 0.21649321913719177, -0.006612916011363268, 0.004707963205873966, 0.008746937848627567, -1.930267333984375, -1.5596742630004883, 0.2833772301673889, 0.021991752088069916, -0.003456263802945614, 0.007749270647764206, -2.127730131149292, -0.5627590417861938, -0.7630785703659058, -0.001962527632713318, -0.008140726014971733, 0.014766214415431023, -0.6824843287467957, -0.7519724369049072, -1.0, -0.038886550813913345, -1.0, 1.0, -1.0, 1.0, -1.0, -1.0, 1.0, 0.12394841015338898, -1.0, 0.8426092267036438, -1.0, 1.0, -1.0, 1.0, 1.0, 1.0]
[0.04563957825303078, 0.04892933741211891, -0.7235226631164551, -0.013755886815488338, -0.9127488732337952, -0.8714823722839355, 0.42789673805236816, -0.7674123048782349, -0.2855815291404724, -0.4856400489807129, -0.9227626919746399, -0.9319707751274109, 0.5330161452293396, 0.5191663503646851, 0.4979232847690582, -0.2628019452095032, -0.08050694316625595, -0.5800724625587463, -0.3624427616596222, 0.3040696978569031, -0.914499819278717, 0.854693591594696, 0.7573932409286499, 0.9720556735992432, -0.2004174441099167, -0.5326948761940002, -0.16849824786186218, -1.2280889749526978, -0.13741859793663025, -0.04437224566936493, -0.06107431277632713, -0.47307974100112915, 1.6332887411117554, 2.4490528106689453, -0.005379874259233475, 0.6552229523658752, 0.8332253694534302, 1.0611522197723389, -0.4153280258178711, -0.5043308138847351, 1.6127111911773682, 0.535309910774231, -0.026990046724677086, -0.4884255528450012, -0.16154485940933228, 0.048855457454919815, 0.2835876941680908, 0.048791758716106415, -7.318029880523682, 9.430073738098145, -0.1879715770483017, 0.06631001830101013, -0.0008868385339155793, -0.0061373114585876465, -0.43500685691833496, 0.6295239329338074, 0.13788682222366333, 0.020369766280055046, -0.22942452132701874, 0.5638864040374756, 0.0963476151227951, -0.009136958979070187, 0.3095952272415161, -0.32433634996414185, 0.35479965806007385, 0.20848935842514038, 0.09178461134433746, -0.2505348324775696, 0.3243347406387329, 0.14466078579425812, 0.033807214349508286, 0.014547144994139671, 0.021776946261525154, -0.38819819688796997, 0.5011411309242249, -0.20613643527030945, -0.7185893654823303, 0.5860641598701477, -0.3125152885913849, -0.2112111747264862, -0.13828925788402557, -0.3420272171497345, 3.3200764656066895, -6.841001033782959, -0.22906363010406494, 0.0, -0.38999998569488525, 0.47999998927116394, 0.012645297683775425, 0.2464054822921753, 0.9690790772438049, 0.0032153106294572353, 0.8440684080123901, -0.1324784904718399, 0.3464427888393402, 0.387266606092453, 0.008096253499388695, -0.4366341233253479, 0.529279887676239, 0.061440784484148026, -0.3373039960861206, 0.9188646078109741, -0.195291668176651, 0.4108898937702179, -0.4440852105617523, -0.8114832043647766, 9.116890907287598, 3.1308906078338623, 1.9732273817062378, 0.01125534437596798, -0.4531121551990509, 0.5028973817825317, 0.006819151807576418, -0.24616436660289764, 0.9691956043243408, -0.004060792271047831, 0.24081827700138092, 0.27611374855041504, -0.31428012251853943, -15.416990280151367, 0.3919246196746826, 1.5590338706970215, 0.056088272482156754, -0.4297731816768646, 0.5051850080490112, -0.1044003888964653, 0.3793651759624481, 0.8939488530158997, -0.21456480026245117, 0.03583992272615433, 0.263051837682724, -0.27901747822761536, -8.684930801391602, -5.443401336669922, 0.6784855723381042, 0.029300637543201447, -0.4040822982788086, 0.5623705387115479, -0.24097630381584167, 0.11245845258235931, 0.9572091698646545, -0.11416645348072052, 0.15961983799934387, 0.4230823516845703, -0.12261677533388138, -6.786682605743408, -0.09511113166809082, -1.3803701400756836, -0.06961073726415634, -0.3738018274307251, 0.5058467984199524, -0.17991885542869568, -0.5712403655052185, 0.6610369086265564, 0.4520440995693207, 0.04361500218510628, -0.03543122857809067, -0.2696150541305542, 0.935835063457489, -1.702274203300476, -0.7861376404762268, -1.6401464939117432, -0.04959850013256073, 1.7954473495483398, -0.006881290581077337, -0.008220103569328785, 0.0031169219873845577, -2.419715166091919, -1.7995871305465698, 2.308823823928833, -0.006624041125178337, -0.009180418215692043, 0.01862790435552597, -1.573799729347229, 1.890388011932373, 2.853487968444824, 0.019218862056732178, 0.0009153622668236494, 0.010471712797880173, -2.275345802307129, -2.3549468517303467, 2.054928779602051, 0.056460410356521606, -7.882513455115259e-05, 0.013582286424934864, 0.3919713497161865, -1.6518913507461548, -0.13355934619903564, -0.0053245434537529945, 0.008275597356259823, 0.056646108627319336, -1.0, 1.0, -1.0, -1.0, -1.0, -0.03470258787274361, -1.0, 0.5473509430885315, -1.0, -0.3555622398853302, 1.0, 0.060879528522491455, -1.0, 1.0, -0.008709583431482315, -0.22120745480060577, -1.0, 1.0, 1.0, 1.0]
[-0.030770637094974518, 0.033673759549856186, -0.7314712405204773, -0.12702535092830658, -0.9297459125518799, -0.8776282668113708, 0.31400132179260254, -0.839023232460022, -0.2246570736169815, -0.30029791593551636, -0.9265256524085999, -0.8855541348457336, 0.613885760307312, 0.6200984120368958, 0.4122912287712097, -0.2788967490196228, 0.08347579091787338, -0.4883434772491455, -0.3463136851787567, 0.1780940592288971, -0.9033857583999634, 0.8656768202781677, 0.7967310547828674, 0.9763706922531128, -0.35262754559516907, 0.1520044207572937, 0.08599226921796799, -0.9285049438476562, -0.15803241729736328, -0.06274967640638351, -0.6770781874656677, -0.7420567870140076, -0.008132630959153175, 0.9233307838439941, -0.023081373423337936, 0.32212379574775696, 0.7011459469795227, 0.8664337396621704, -0.3555011749267578, 0.16073213517665863, 1.4820959568023682, 1.0166733264923096, 0.26733729243278503, -2.1150426864624023, 0.22053249180316925, 0.023133479058742523, 0.22817857563495636, 0.0376652292907238, -3.7843151092529297, 10.16852855682373, -0.04569634795188904, 0.5882566571235657, 0.21363142132759094, 0.07162697613239288, -0.2577761709690094, 0.6303625702857971, 0.06882639229297638, -0.06890016049146652, -0.12622913718223572, 0.38802117109298706, 0.022021271288394928, -0.027839191257953644, 0.6066983342170715, -0.12641289830207825, 0.3519230782985687, 0.12657904624938965, 0.044204406440258026, -0.1902957558631897, 0.4859694540500641, 0.23665344715118408, 0.06581881642341614, 0.02144738845527172, 0.02294616773724556, -0.38939985632896423, 0.5008474588394165, -0.25918418169021606, -0.7445098757743835, 0.5117461085319519, -0.34153231978416443, 0.3069232106208801, 0.0007894588634371758, 0.15565556287765503, 0.9529373049736023, 0.9943842887878418, 0.8600671887397766, 0.0, -0.38999998569488525, 0.47999998927116394, 0.012645297683775425, 0.2464054822921753, 0.9690790772438049, 0.0032153106294572353, 0.8510714769363403, -0.17587953805923462, 0.3870670795440674, 0.3080955147743225, 0.014454342424869537, -0.44032537937164307, 0.5228351354598999, 0.07671565562486649, -0.3891812264919281, 0.8950480818748474, -0.2038172334432602, 0.43085527420043945, -0.1671404093503952, -0.22945386171340942, 4.436624526977539, 2.3747124671936035, 1.4754542112350464, 0.01849278248846531, -0.45306310057640076, 0.4987086355686188, 0.011424493975937366, -0.18350544571876526, 0.9822930097579956, -0.03599356487393379, 0.575117826461792, 0.01697520539164543, -0.11653197556734085, -1.5501995086669922, -0.7317971587181091, 5.138743877410889, 0.05913935601711273, -0.4264581501483917, 0.506340742111206, -0.12927064299583435, 0.45228469371795654, 0.8558709621429443, -0.21497078239917755, 0.18555818498134613, 0.29015541076660156, 0.09440752863883972, -9.008899688720703, -4.708538055419922, 1.5887739658355713, 0.031100094318389893, -0.3958248794078827, 0.563363790512085, -0.24048179388046265, 0.19880297780036926, 0.9444383978843689, -0.10335329920053482, 0.07561850547790527, 0.7822626233100891, 0.09359399974346161, -11.56998062133789, -2.646697759628296, -4.507779121398926, -0.06823443621397018, -0.3741019666194916, 0.5046148896217346, -0.23231695592403412, -0.5652284026145935, 0.6734018325805664, 0.4160236716270447, 0.07499708235263824, 0.02477342262864113, 0.0032782729249447584, -8.14500904083252, -8.13426685333252, 0.14951738715171814, -0.581968367099762, -3.1574485301971436, 2.000615358352661, 0.024265248328447342, -0.002073525683954358, -0.006700384430587292, -1.3865711688995361, 0.11661328375339508, 2.7584919929504395, -0.06715096533298492, -0.0019480008631944656, 0.014146496541798115, -0.9387449026107788, 2.0923032760620117, 1.6088281869888306, 0.003545353887602687, -0.0003921367460861802, 0.008404703810811043, -1.1274216175079346, -1.0634524822235107, 2.287424325942993, 0.02825261652469635, 0.002233286388218403, -8.103613799903542e-05, 0.8018860816955566, -2.778759241104126, 0.1960921436548233, 0.004729168489575386, 0.008617205545306206, 0.04717522859573364, -1.0, 1.0, -1.0, -1.0, -1.0, -0.8808931708335876, -1.0, -0.5221497416496277, -1.0, -0.7145423293113708, 1.0, 0.15837499499320984, 0.17004933953285217, 1.0, 0.211207777261734, -1.0, -0.5776503682136536, 1.0, 1.0, 1.0]
[-0.1363721489906311, 0.09926191717386246, -0.727059006690979, -0.22755126655101776, -0.9452536702156067, -0.8840065598487854, 0.1279350072145462, -0.8489288687705994, -0.29373276233673096, -0.2756064236164093, -0.9333819150924683, -0.8796496987342834, 0.5727928876876831, 0.6691414713859558, 0.3546803593635559, -0.17164459824562073, 0.18872348964214325, -0.37708812952041626, -0.3121758997440338, 0.002109503373503685, -0.8987098336219788, 0.8808233141899109, 0.8303280472755432, 0.9801621437072754, -0.43265339732170105, 0.6696328520774841, 0.013175147585570812, -0.8285307288169861, -0.13600057363510132, -0.057790178805589676, -0.8394210934638977, 0.2296377271413803, -0.9570972323417664, -0.13315269351005554, -0.032197024673223495, -0.08908300846815109, -0.9537175297737122, 0.0038629979826509953, -0.21225731074810028, 0.5854076147079468, 0.7061105370521545, 1.0309689044952393, 0.34485968947410583, -2.196586847305298, -0.06809865683317184, 0.04143068194389343, 0.19858235120773315, 0.03448690101504326, -1.8344156742095947, 5.560963153839111, -0.06143858656287193, 0.44320762157440186, 0.1698252260684967, 0.059159040451049805, -0.10371801257133484, 0.5605700016021729, 0.13627730309963226, 0.008573275059461594, -0.060948505997657776, 0.16593459248542786, -0.09693796932697296, -0.0917181745171547, 0.41496220231056213, -0.04134679213166237, 0.03689088672399521, -0.025708500295877457, -0.01414105761796236, 0.005583486519753933, 0.1476060152053833, 0.07060857117176056, -0.0002671699912752956, -0.003135942853987217, 0.029952073469758034, -0.3875168263912201, 0.5050172805786133, -0.06850375980138779, -0.8080961108207703, 0.5371863842010498, -0.23177263140678406, 0.4652649760246277, 0.1901019811630249, 0.3226144015789032, -1.436083436012268, 7.157493591308594, 3.1652002334594727, 0.0, -0.38999998569488525, 0.47999998927116394, 0.012645297683775425, 0.2464054822921753, 0.9690790772438049, 0.0032153106294572353, 0.9181852340698242, -0.018666695803403854, 0.23299424350261688, 0.3198452889919281, 0.021781325340270996, -0.4414213001728058, 0.5239019989967346, 0.09369081258773804, -0.41277462244033813, 0.8804389238357544, -0.2136971354484558, 0.4913282096385956, 0.006574454717338085, 0.2269946187734604, 1.2758567333221436, 1.631438970565796, 2.158376455307007, 0.02915268950164318, -0.4522773325443268, 0.5034603476524353, 0.017033513635396957, -0.18508002161979675, 0.9789275527000427, -0.08459360897541046, 0.7227022647857666, 0.08579720556735992, 0.5209742188453674, 1.0291093587875366, -0.2609732151031494, 6.342164516448975, 0.0650472640991211, -0.42417240142822266, 0.5119737982749939, -0.13781917095184326, 0.4715645909309387, 0.8400643467903137, -0.23005352914333344, 0.40850499272346497, 0.07649289071559906, 0.45260071754455566, 1.23124098777771, 1.8753150701522827, 2.4441137313842773, 0.03267985209822655, -0.3858349621295929, 0.5673933625221252, -0.24585813283920288, 0.29559510946273804, 0.9194355010986328, -0.08255689591169357, 0.10662247240543365, 0.7530494928359985, 0.1878691464662552, -10.548978805541992, -3.255797863006592, -4.537863254547119, -0.06632233411073685, -0.3740752935409546, 0.5054081082344055, -0.31408926844596863, -0.5454757809638977, 0.6940927505493164, 0.3493412733078003, 0.10328943282365799, 0.021980253979563713, 0.00800777692347765, -9.24505615234375, -10.216328620910645, 0.5772948265075684, -0.4831416606903076, -2.4938526153564453, 1.0745760202407837, 0.021751251071691513, -0.002992158755660057, -0.0013885495718568563, -0.6019641757011414, -1.0326626300811768, 2.489030599594116, -0.006916666403412819, -0.0007658402319066226, 0.005164038389921188, -0.4850054085254669, 2.20560884475708, -0.13476930558681488, -0.058634039014577866, 0.00027181400218978524, 0.0045185149647295475, -0.4195104241371155, 0.6324300169944763, 0.6904515624046326, -0.0046546077355742455, 0.0029688202776014805, -0.0012432972434908152, -0.14778545498847961, -0.7386971116065979, -0.06034653261303902, -6.192874570842832e-05, -0.0007713781087659299, 0.006658780388534069, -1.0, 1.0, -1.0, -1.0, -1.0, -1.0, -0.22042162716388702, -1.0, -1.0, -1.0, -0.29203808307647705, 0.20753055810928345, 0.770366907119751, 0.48204177618026733, 0.23011276125907898, -1.0, -1.0, 1.0, 1.0, 1.0]
[-0.24186015129089355, 0.20633603632450104, -0.7347628474235535, -0.2577175199985504, -0.9591331481933594, -0.8901380300521851, 0.00658691069111228, -0.8176165223121643, -0.40161511301994324, -0.30371370911598206, -0.9510334134101868, -0.8967677354812622, 0.4158782660961151, 0.639055073261261, 0.3448127210140228, -0.01008407212793827, 0.1886231005191803, -0.26078423857688904, -0.27379733324050903, -0.1491028070449829, -0.9118781685829163, 0.8983275890350342, 0.859624445438385, 0.9836529493331909, -0.3590432107448578, 0.8214170336723328, -0.08936552703380585, -0.04948003217577934, -0.11199567466974258, -0.05125213414430618, -0.2510322630405426, 0.3518803119659424, -1.0129590034484863, -0.32328903675079346, -0.12166445702314377, -0.1594463288784027, -1.7105216979980469, -0.4651678204536438, 0.037337902933359146, 0.7045339941978455, -0.37842288613319397, 1.0900547504425049, 0.37124761939048767, -1.684061884880066, -0.11292771250009537, 0.04104991629719734, 0.16706006228923798, 0.029759883880615234, 2.722989082336426, 1.5401965379714966, 0.029837878420948982, 0.2698071599006653, 0.11199088394641876, 0.041013605892658234, 0.3145582675933838, 0.138744056224823, 0.053679127246141434, 0.013102157972753048, 0.050950463861227036, 0.08503176271915436, -0.019828610122203827, -0.02839418314397335, 0.3000987768173218, 0.038026124238967896, -0.14894285798072815, -0.08677332103252411, -0.03222979977726936, 0.06226401403546333, 0.10062971711158752, 0.0520431250333786, 0.02475104294717312, 0.0025863060727715492, 0.03543651103973389, -0.3862122595310211, 0.5129761099815369, -0.00802680291235447, -0.8167119026184082, 0.5329211950302124, -0.221160888671875, 0.27294597029685974, 0.06591260433197021, 0.5589132905006409, -0.46710893511772156, 1.3825109004974365, 0.9987093806266785, 0.0, -0.38999998569488525, 0.47999998927116394, 0.012645297683775425, 0.2464054822921753, 0.9690790772438049, 0.0032153106294572353, 0.9255439639091492, 0.03735170513391495, 0.207686185836792, 0.31438788771629333, 0.027989128604531288, -0.4391368627548218, 0.5319089889526367, 0.10563137382268906, -0.39949190616607666, 0.8817678093910217, -0.22745032608509064, 0.3368792235851288, 0.2530404031276703, 0.6274333000183105, -3.0572738647460938, -0.48877477645874023, 2.228855609893799, 0.038189612329006195, -0.45017707347869873, 0.5137537717819214, 0.024130579084157944, -0.19355028867721558, 0.9732462167739868, -0.12144040316343307, 0.43506404757499695, 0.14547675848007202, 0.6794984340667725, 0.7709644436836243, 0.293588250875473, 3.054682970046997, 0.07225904613733292, -0.4229060411453247, 0.5195024609565735, -0.12584508955478668, 0.4289723336696625, 0.8564701080322266, -0.2580788731575012, 0.4427199065685272, 0.011340935714542866, 0.5762526392936707, 5.789219856262207, 5.3825178146362305, 2.360044479370117, 0.034016720950603485, -0.37822651863098145, 0.5723189115524292, -0.25585120916366577, 0.36872440576553345, 0.8915483951568604, -0.06102403253316879, 0.058182526379823685, 0.4635000228881836, 0.20081114768981934, -7.047338485717773, -3.4700679779052734, -3.467304229736328, -0.06400347501039505, -0.37418755888938904, 0.5068247318267822, -0.3873300552368164, -0.5226664543151855, 0.7068849205970764, 0.2776848077774048, 0.12443118542432785, -0.002521124202758074, 0.044390227645635605, -7.914345741271973, -8.769634246826172, 1.0337966680526733, 0.20465941727161407, -1.636557698249817, 0.17305338382720947, 0.016465241089463234, -0.0014977449318394065, 0.0003084315685555339, 1.7045642137527466, -0.5322937965393066, 0.6633380651473999, 0.0051177507266402245, 0.0068906331434845924, -0.01753593608736992, 0.3308030366897583, 0.6663476824760437, 0.15017388761043549, -0.018398968502879143, -0.0006500776507891715, 0.0007388454978354275, 0.4788423776626587, 1.1759356260299683, -0.31344085931777954, -0.014590766280889511, 0.0016764107858762145, -0.003368039382621646, 0.26026713848114014, -0.6651022434234619, 0.29765427112579346, 0.0055572399869561195, -0.0015779710374772549, -0.009768776595592499, -0.5234226584434509, 1.0, -1.0, -0.30505263805389404, -1.0, -0.0651654452085495, -0.4008442461490631, -1.0, -1.0, -1.0, -0.7274969220161438, 0.4876522123813629, 1.0, -0.24876296520233154, 0.3791126012802124, -0.8352579474449158, -1.0, 1.0, 1.0, 1.0]
[-0.2662765383720398, 0.2632664144039154, -0.7769566178321838, -0.19459274411201477, -0.9683720469474792, -0.8944298028945923, 0.044156067073345184, -0.8020126223564148, -0.4995330274105072, -0.33710527420043945, -0.9832320809364319, -0.9092682003974915, 0.29599711298942566, 0.5915800333023071, 0.4032633602619171, 0.13214926421642303, 0.11563870310783386, -0.2053825855255127, -0.2435230314731598, -0.19157370924949646, -0.9242604374885559, 0.9171132445335388, 0.8822441101074219, 0.9862925410270691, 0.1094968318939209, 0.1159752607345581, -0.21178653836250305, 0.9231145977973938, -0.06471659988164902, -0.029681025072932243, 0.3813541829586029, 0.01943664439022541, -0.8511887788772583, -0.2990153729915619, -0.12578406929969788, -0.09212331473827362, -0.7865816354751587, -0.36380305886268616, 0.38838493824005127, 0.527066171169281, -0.8431522250175476, 0.2005801647901535, 0.17527571320533752, 0.09399577230215073, -0.08046305924654007, 0.04679197072982788, 0.12158095836639404, 0.02020115964114666, 11.34170913696289, -9.083011627197266, 0.3654806315898895, -0.2051176130771637, -0.0522930845618248, -0.011865063570439816, 0.6145187020301819, -0.6795601844787598, -0.20574688911437988, -0.0541323721408844, 0.3530201017856598, -0.40370458364486694, 0.009618710726499557, 0.043774962425231934, -0.06447840481996536, 0.23809757828712463, -0.33973926305770874, -0.1713881641626358, -0.06593823432922363, 0.19782522320747375, -0.12929260730743408, -0.05614703148603439, 0.11772772669792175, 0.030161216855049133, 0.03806322440505028, -0.3861795663833618, 0.5199504494667053, 0.1581311970949173, -0.8037038445472717, 0.5613717436790466, -0.11796780675649643, 0.08608759194612503, -0.06803616136312485, 0.3379420042037964, -2.6497457027435303, 6.6296820640563965, 2.5974204540252686, 0.0, -0.38999998569488525, 0.47999998927116394, 0.012645297683775425, 0.2464054822921753, 0.9690790772438049, 0.0032153106294572353, 0.919177770614624, 0.17262670397758484, 0.06699765473604202, 0.3475968837738037, 0.028755513951182365, -0.4352650046348572, 0.5395370125770569, 0.10564656555652618, -0.3655140995979309, 0.8933084011077881, -0.2392454296350479, -0.17301324009895325, 0.2684868276119232, 0.3762090504169464, -4.152214527130127, -2.1872377395629883, 0.5668536424636841, 0.03882909566164017, -0.4500427842140198, 0.5185030102729797, 0.02662322297692299, -0.22137466073036194, 0.9676366448402405, -0.11816765367984772, -0.21667538583278656, -0.1594870388507843, -0.018364164978265762, 4.939495086669922, 1.1686416864395142, -2.449394702911377, 0.07514083385467529, -0.42301037907600403, 0.5229902267456055, -0.10999606549739838, 0.38195741176605225, 0.8754658102989197, -0.27489805221557617, 0.025957580655813217, -0.12819276750087738, 0.07845219224691391, 4.525674343109131, 3.4348933696746826, -0.05892883986234665, 0.03242084011435509, -0.3775652050971985, 0.5745432376861572, -0.2671818733215332, 0.3858131170272827, 0.8821661472320557, -0.03930523246526718, -0.19814565777778625, -0.1829865425825119, 0.019669003784656525, 2.1211018562316895, -1.896462321281433, -1.6718672513961792, -0.06362877041101456, -0.3737766742706299, 0.5078083872795105, -0.4139625132083893, -0.5107396841049194, 0.709084153175354, 0.25491106510162354, -0.08029089868068695, 0.0687769427895546, 0.01581331342458725, -0.11427897214889526, -0.09342536330223083, -1.141154408454895, 2.4004876613616943, 0.8866145610809326, -1.830911636352539, 0.0014341531787067652, 0.011123083531856537, -0.003456291975453496, 3.435373306274414, 2.214341640472412, -3.079702615737915, -0.020917244255542755, 0.010534290224313736, -0.02285146899521351, 2.3383407592773438, -2.336184501647949, -1.4803693294525146, 0.008732201531529427, -0.005324645899236202, -0.013121722266077995, 2.363377809524536, 1.5605928897857666, -2.090425968170166, -0.04252934455871582, -0.007712659426033497, -0.01244847197085619, 1.8152486085891724, 0.340942919254303, 1.1662447452545166, 0.013062632642686367, 0.0011172411032021046, -0.05057941749691963, 1.0, -0.18406759202480316, -1.0, 0.511193037033081, -1.0, 1.0, -0.9330934882164001, -1.0, -1.0, -1.0, -0.004686813801527023, 0.9383167624473572, 0.8479726314544678, -0.5325683951377869, -0.2656426429748535, 0.10039182007312775, -1.0, 1.0, 1.0, 1.0]
[-0.19580243527889252, 0.2167404294013977, -0.8257296085357666, -0.09874171763658524, -0.9563348889350891, -0.893413245677948, 0.1574907898902893, -0.7978505492210388, -0.5815261602401733, -0.3661763072013855, -0.9999992251396179, -0.9175808429718018, 0.3169993460178375, 0.5757334232330322, 0.4967510998249054, 0.0896209180355072, 0.0628252699971199, -0.2288576364517212, -0.23917731642723083, -0.09005333483219147, -0.9333483576774597, 0.9355903267860413, 0.8638264536857605, 0.9887267351150513, 0.3744039237499237, -0.6145612597465515, -0.18751151859760284, 0.8509122133255005, 0.19897586107254028, 0.04580507427453995, 0.5187370777130127, 0.028554636985063553, -0.7125328779220581, -0.25341618061065674, -3.7411243738461053e-06, -0.07709889858961105, 0.7103865146636963, 0.062351204454898834, 0.4496995508670807, -0.5432841181755066, -0.3029244542121887, -0.43618279695510864, -0.06636106222867966, 1.8656444549560547, -0.057725995779037476, 0.04465598240494728, -0.24031125009059906, 0.02142639085650444, 5.441575050354004, -9.764324188232422, 0.20858250558376312, -0.5663785934448242, -0.1886625736951828, -0.0589083693921566, 0.2404007613658905, -0.640181303024292, -0.19240149855613708, -0.049464210867881775, 0.24460679292678833, -0.469304621219635, 0.01095542497932911, 0.059691958129405975, -0.40952807664871216, 0.06765463203191757, -0.1914830356836319, -0.06732507795095444, -0.025162464007735252, 0.19498544931411743, -0.21545864641666412, -0.09369150549173355, 0.00042372499592602253, -0.008110124617815018, 0.03636957332491875, -0.38931557536125183, 0.5221930742263794, 0.38083940744400024, -0.7291017174720764, 0.5668946504592896, 0.04474920034408569, -0.2919843792915344, -0.3262089490890503, -0.031356457620859146, -2.1873819828033447, 5.539177417755127, 2.322521448135376, 0.0, -0.38999998569488525, 0.47999998927116394, 0.012645297683775425, 0.2464054822921753, 0.9690790772438049, 0.0032153106294572353, 0.8469018340110779, 0.34852421283721924, -0.1446034014225006, 0.3746708035469055, 0.024152498692274094, -0.4335610270500183, 0.5396553874015808, 0.09457870572805405, -0.3401792347431183, 0.9039553999900818, -0.24124164879322052, -0.39091676473617554, 0.034400541335344315, -0.18509666621685028, -1.7609505653381348, -1.980538249015808, -0.8807976245880127, 0.03227759525179863, -0.45282867550849915, 0.5128107070922852, 0.02441861480474472, -0.2759189307689667, 0.956916093826294, -0.08708544075489044, -0.5253543257713318, -0.3162609338760376, -0.6341421604156494, 7.615131855010986, 1.5029199123382568, -4.454545974731445, 0.07178665697574615, -0.42512065172195435, 0.5187422633171082, -0.10715533792972565, 0.3690565824508667, 0.8835400342941284, -0.26771581172943115, -0.3280489444732666, -0.16177189350128174, -0.4410010278224945, 0.1074664443731308, -1.2170884609222412, -1.8186497688293457, 0.02895735204219818, -0.38231948018074036, 0.5724897384643555, -0.27535441517829895, 0.359653115272522, 0.8907327651977539, -0.0377441942691803, -0.2379034012556076, -0.4146387279033661, -0.1766701489686966, 4.169271469116211, 0.32043927907943726, 2.304126501083374, -0.06537589430809021, -0.3733941912651062, 0.5074974298477173, -0.3717169165611267, -0.522642195224762, 0.7048880457878113, 0.3029923141002655, -0.12011215835809708, 0.0036463704891502857, -0.000164862722158432, 7.860164642333984, 9.022995948791504, -1.0717384815216064, 1.4610698223114014, 2.871429681777954, -1.8513314723968506, -0.015836920589208603, 0.009079087525606155, -0.0010913194855675101, 1.3882817029953003, 2.266559362411499, -2.74245023727417, -0.015465817414224148, 0.003539354307577014, -0.007734996732324362, 1.5697734355926514, -2.476646661758423, -1.8061814308166504, 0.022542254999279976, -0.0032448626589030027, -0.013774668797850609, 1.0068994760513306, 0.19620224833488464, -1.6859112977981567, -0.022219428792595863, -0.0005258213495835662, 0.007634642533957958, 0.10701175779104233, 0.9497483968734741, 0.4666564464569092, 0.009515170007944107, -0.009822307154536247, -0.048036087304353714, 1.0, -1.0, -1.0, 0.33788156509399414, -0.8146706223487854, 1.0, -0.8523731827735901, -1.0, -1.0, -1.0, 1.0, 1.0, -1.0, -0.06453932076692581, -0.6034532189369202, 1.0, -1.0, 1.0, 0.5524383187294006, 1.0]
[-0.07296428084373474, 0.09129879623651505, -0.8648505806922913, -0.039364106953144073, -0.8338416218757629, -0.8707565665245056, 0.2529088258743286, -0.7814121246337891, -0.5601522922515869, -0.3770225942134857, -1.0000009536743164, -0.9253487586975098, 0.41011843085289, 0.5969300866127014, 0.5809433460235596, -0.0659930557012558, 0.08696556836366653, -0.2725087106227875, -0.2516191601753235, 0.06968215107917786, -0.9380462765693665, 0.9555826783180237, 0.7696884274482727, 0.9911053776741028, 0.520558774471283, -1.051012396812439, -0.141169011592865, 0.38565000891685486, 1.6166307926177979, 0.3964715898036957, 0.3285815417766571, 0.21608364582061768, 0.6767098307609558, 0.07395729422569275, 1.9593085198721383e-06, -0.07878493517637253, 0.9371668696403503, 0.2758003771305084, 0.36607399582862854, -0.6836248636245728, 0.5084776282310486, -0.38051632046699524, -0.13204233348369598, 2.020888090133667, -0.03204512223601341, 0.04611434042453766, -0.7610902190208435, 0.019656196236610413, 3.113468647003174, -4.010139465332031, 0.11406101286411285, -0.34233036637306213, -0.04162493348121643, 0.00705054122954607, 0.0648147240281105, -0.22990146279335022, 0.024423060938715935, 0.036194056272506714, 0.10288920253515244, -0.1990412175655365, -0.02301357313990593, 0.011394479312002659, -0.18201735615730286, 0.08928597718477249, 0.055966004729270935, 0.051698554307222366, 0.02114563249051571, 0.008866310119628906, -0.11124709248542786, -0.044952668249607086, -0.004610747564584017, -0.008681658655405045, 0.030540168285369873, -0.3945608139038086, 0.5195938944816589, 0.5425441265106201, -0.6223928928375244, 0.5385535955429077, 0.16802628338336945, -0.38562721014022827, -0.3295982778072357, -0.2307809293270111, -2.1046900749206543, 5.10934591293335, 2.3027408123016357, 0.0, -0.38999998569488525, 0.47999998927116394, 0.012645297683775425, 0.2464054822921753, 0.9690790772438049, 0.0032153106294572353, 0.7354701161384583, 0.47555428743362427, -0.30265524983406067, 0.3759409785270691, 0.016683470457792282, -0.4339470863342285, 0.5329963564872742, 0.06986205279827118, -0.30299749970436096, 0.9204309582710266, -0.23689362406730652, -0.5789937973022461, 0.009171979501843452, -0.45639631152153015, -5.3484907150268555, -4.770890235900879, -2.0362656116485596, 0.022659964859485626, -0.4550330936908722, 0.5017340183258057, 0.01862635277211666, -0.30180850625038147, 0.9518000483512878, -0.051392991095781326, -0.65162193775177, -0.08930221945047379, -0.7272058725357056, 0.33963799476623535, 0.49385130405426025, -4.2376275062561035, 0.06476546823978424, -0.428204745054245, 0.5082195997238159, -0.1129433661699295, 0.37399402260780334, 0.8873324990272522, -0.24497593939304352, -0.4736180603504181, -0.17682990431785583, -0.7549209594726562, 0.31277453899383545, -1.9097596406936646, -2.6863107681274414, 0.02401169016957283, -0.387305349111557, 0.5669209361076355, -0.27801162004470825, 0.33346083760261536, 0.8999996185302734, -0.03890940546989441, -0.354495644569397, -0.2907728850841522, -0.3819938600063324, 2.635279655456543, 0.03696988523006439, 0.17021337151527405, -0.06764136999845505, -0.37407001852989197, 0.5048301219940186, -0.28275418281555176, -0.5543113350868225, 0.6887499094009399, 0.37203818559646606, -0.09480787068605423, -0.12205053865909576, -0.21214835345745087, 11.359419822692871, 9.990307807922363, 1.3641027212142944, 0.8393084406852722, 0.7352509498596191, -0.9223747849464417, 0.018079305067658424, 0.005086672026664019, -0.0021549288649111986, 0.3882998526096344, -0.2727457284927368, -0.6717897057533264, 0.03210287168622017, -0.0008880867972038686, 0.00020565470913425088, 0.6855429410934448, -0.8778143525123596, -0.9330112934112549, -0.0017727363156154752, -0.00024441975983791053, -0.004488052800297737, 0.6878727078437805, -0.7141948938369751, -0.020608099177479744, 0.010432710871100426, -0.005151492543518543, -0.004154514521360397, -0.09636695683002472, 1.1799609661102295, 0.22277501225471497, -0.0042761508375406265, -0.007139784749597311, -0.008762801997363567, 1.0, -1.0, -1.0, 0.09101860970258713, 0.35966065526008606, 0.6462498903274536, -0.6239630579948425, 0.08480129390954971, -1.0, -1.0, 1.0, 1.0, -1.0, 0.5419545769691467, -0.4781647324562073, 1.0, -1.0, 1.0, -0.055044129490852356, 1.0]
[0.015087603591382504, -0.03714619576931, -0.8844594955444336, -0.05007283389568329, -0.6120237708091736, -0.806554913520813, 0.24470210075378418, -0.7741759419441223, -0.41948994994163513, -0.34831634163856506, -0.9929324388504028, -0.9371299743652344, 0.5059328079223633, 0.6283400058746338, 0.6458194851875305, -0.21576783061027527, 0.1827041357755661, -0.24628525972366333, -0.2555930018424988, 0.22221356630325317, -0.944821298122406, 0.9689710736274719, 0.6588662266731262, 0.9886164665222168, 0.18744342029094696, -0.8067988753318787, -0.025025153532624245, -0.3075217604637146, 2.2706804275512695, 0.9405502676963806, -0.2425491064786911, -0.02187408320605755, 1.6294662952423096, 0.4307772219181061, 0.0388624407351017, -0.1206287145614624, 0.8584091067314148, 0.29828178882598877, 0.2828909456729889, -0.5798972845077515, 1.1042336225509644, 0.5793160796165466, 0.08275101333856583, 1.7988910675048828, -0.07020168006420135, 0.01907074637711048, -0.6450568437576294, -0.04648778215050697, -8.328001022338867, 3.241288900375366, -0.19161629676818848, -0.05941387265920639, -0.0033365727867931128, 0.027554696425795555, -0.47966158390045166, 0.13548967242240906, 0.09501592069864273, 0.04511675238609314, -0.23266729712486267, 0.12219758331775665, -0.0021307554561644793, -0.009457486681640148, -0.12826471030712128, -0.1381513923406601, 0.19411253929138184, 0.14298491179943085, 0.06270307302474976, 0.003771030344069004, 0.22801390290260315, 0.10968311876058578, -0.08059114962816238, -0.024262752383947372, 0.024111516773700714, -0.4000551402568817, 0.5137022137641907, 0.6781918406486511, -0.4755730628967285, 0.48307177424430847, 0.2837740480899811, -0.38562721014022827, -0.3295982778072357, -0.39431363344192505, -2.027656078338623, 4.756962299346924, 2.2211995124816895, 0.0, -0.38999998569488525, 0.47999998927116394, 0.012645297683775425, 0.2464054822921753, 0.9690790772438049, 0.0032153106294572353, 0.5784915685653687, 0.5796604156494141, -0.44657012820243835, 0.36043938994407654, 0.011125215329229832, -0.4344876706600189, 0.5243687629699707, 0.038942016661167145, -0.23937660455703735, 0.9416810274124146, -0.2332790344953537, -0.3029051423072815, 0.10971570014953613, -0.4103761613368988, -8.918580055236816, -6.00391149520874, -1.3635497093200684, 0.017321255058050156, -0.4547041952610016, 0.4919552505016327, 0.016750393435359, -0.27185484766960144, 0.9613840579986572, -0.039432283490896225, -0.11215007305145264, 0.16306127607822418, -0.44366246461868286, -6.15912389755249, -0.2560785412788391, 0.3834671378135681, 0.059275072067976, -0.4296603500843048, 0.4972841441631317, -0.12042281776666641, 0.3810959756374359, 0.8887205123901367, -0.22458863258361816, -0.21681655943393707, 0.00446951761841774, -0.5963067412376404, -0.5427039861679077, -1.8421425819396973, -1.3615747690200806, 0.01896776631474495, -0.3870270550251007, 0.5611079931259155, -0.2826544940471649, 0.35644614696502686, 0.890126645565033, -0.0269662793725729, -0.2500162720680237, 0.26156124472618103, -0.37375402450561523, -5.575949668884277, -2.3575098514556885, -2.9252543449401855, -0.06839896738529205, -0.3756689727306366, 0.5005471706390381, -0.18564999103546143, -0.5916799902915955, 0.6614657640457153, 0.42179593443870544, 0.0872153788805008, -0.1977097988128662, -0.2915209233760834, 10.615397453308105, 7.567145824432373, 3.0919108390808105, -1.4801342487335205, -0.06987646967172623, 0.8268917798995972, 0.026506546884775162, -0.004963011015206575, 0.003492987249046564, -2.701103448867798, -1.1787071228027344, 0.8476883769035339, 0.02743614837527275, -0.010191511362791061, 0.018009785562753677, -1.5873855352401733, 0.8074475526809692, 0.3914409577846527, 0.002654227428138256, 0.004832067992538214, 0.007761066779494286, -1.2787413597106934, -1.6248199939727783, 1.0264151096343994, 0.038330771028995514, 0.005327128805220127, 0.005938719026744366, -1.3274457454681396, -0.7297288179397583, -0.6425591707229614, -0.0015089355874806643, -0.0030236211605370045, 0.013993923552334309, -0.44584423303604126, -0.5073839426040649, -1.0, -0.400645911693573, 0.8376984000205994, -0.44624942541122437, -0.7629188895225525, 0.7216288447380066, -1.0, -1.0, 1.0, 1.0, -1.0, 1.0, 0.2853943109512329, 1.0, -1.0, 1.0, 0.08853839337825775, 0.9455665349960327]
[0.011451720260083675, -0.08125970512628555, -0.8705015778541565, -0.1283087283372879, -0.36307016015052795, -0.6142778396606445, 0.12048289179801941, -0.8038434386253357, -0.2621471583843231, -0.2974214255809784, -0.9795944690704346, -0.9027130603790283, 0.5884629487991333, 0.6579848527908325, 0.694037139415741, -0.3393329381942749, 0.2995811402797699, -0.11379805207252502, -0.22433139383792877, 0.3538282513618469, -0.9599302411079407, 0.9673548340797424, 0.5368421673774719, 0.9650266170501709, -0.16306737065315247, -0.05305464193224907, 0.09301342070102692, -0.8793391585350037, 2.317186117172241, 2.4743380546569824, -0.673414409160614, -0.40149256587028503, 1.3667527437210083, 0.48023971915245056, 0.05624326691031456, 0.5814881324768066, 0.7187657952308655, 0.2604959309101105, 0.21976391971111298, -0.47830167412757874, 1.0921516418457031, 1.5711206197738647, 0.6405138373374939, 1.5224028825759888, -0.11838629096746445, -0.012295777909457684, -0.8090953826904297, -0.3077147901058197, -8.465896606445312, 10.465604782104492, -0.23004183173179626, 0.3667028248310089, 0.07868610322475433, 0.07088926434516907, -0.4328575134277344, 0.5488684177398682, 0.12691986560821533, 0.024545593187212944, -0.25083962082862854, 0.5811966061592102, 0.08374491333961487, -0.009054508991539478, 0.25209957361221313, -0.21233655512332916, 0.25182607769966125, 0.11670473963022232, 0.0666918233036995, -0.04507875069975853, 0.5744267106056213, 0.276507169008255, -0.03427549824118614, -0.015893111005425453, 0.017683111131191254, -0.405549556016922, 0.5050844550132751, 0.7708525657653809, -0.31026095151901245, 0.40839868783950806, 0.3778027594089508, -0.38562721014022827, -0.3295982778072357, -0.5578463673591614, -1.962542176246643, 4.452546119689941, 2.1525166034698486, 0.0, -0.38999998569488525, 0.47999998927116394, 0.012645297683775425, 0.2464054822921753, 0.9690790772438049, 0.0032153106294572353, 0.3990001678466797, 0.6477625370025635, -0.5586732625961304, 0.3302830457687378, 0.01071537658572197, -0.43426772952079773, 0.5201420783996582, 0.004641235806047916, -0.11616379022598267, 0.9651509523391724, -0.2344527244567871, -0.021037545055150986, 0.2947083115577698, -0.037660226225852966, -17.18621826171875, -8.698906898498535, -0.5962403416633606, 0.02016991190612316, -0.4531327188014984, 0.48872649669647217, 0.01715094782412052, -0.21652591228485107, 0.9741303324699402, -0.06238815188407898, 0.3719415068626404, 0.20661281049251556, 0.0110709760338068, -6.821077346801758, -1.3981775045394897, 4.193684101104736, 0.05821840465068817, -0.4281756281852722, 0.49559640884399414, -0.13298185169696808, 0.4201289415359497, 0.8715023398399353, -0.21515345573425293, 0.016770966351032257, 0.22021636366844177, 0.06961279362440109, -6.565609455108643, -3.6796741485595703, 0.11148806661367416, 0.016520844772458076, -0.3796856105327606, 0.5589147806167603, -0.2944110333919525, 0.4493541419506073, 0.8433901071548462, -0.009803722612559795, -0.04577503353357315, 0.7243170738220215, -0.255811482667923, -15.190134048461914, -5.098580360412598, -5.422970294952393, -0.06602998077869415, -0.3783456087112427, 0.49815604090690613, -0.09485438466072083, -0.6231155395507812, 0.6431361436843872, 0.43486258387565613, 0.3134429156780243, -0.28042489290237427, -0.12275812029838562, 7.635744094848633, 4.95121431350708, 6.356855869293213, -1.9276211261749268, -1.3774114847183228, 2.65437388420105, 0.050228092819452286, -0.009621892124414444, 0.005595303140580654, -2.414487361907959, -1.2708485126495361, 2.7211031913757324, 0.00548286410048604, -0.005877731367945671, 0.016695821657776833, -1.7963200807571411, 2.5153112411499023, 2.5153284072875977, 0.028675157576799393, 0.0028383531607687473, 0.012356605380773544, -2.080091953277588, -0.931408703327179, 1.8285698890686035, 0.05272069573402405, 0.010618377476930618, 0.012106334790587425, -0.6900050640106201, -3.0291268825531006, -0.19001759588718414, 0.008474627509713173, -0.0048530432395637035, 0.027011530473828316, -1.0, 1.0, -1.0, -1.0, 1.0, -1.0, -0.9042957425117493, 0.5108823180198669, -0.9734864234924316, -0.366690993309021, 1.0, 1.0, -1.0, 1.0, 1.0, 1.0, -1.0, 1.0, -0.2500092387199402, 0.7321711778640747]
[-0.05117001757025719, -0.03682522475719452, -0.8556716442108154, -0.22518740594387054, -0.13278214633464813, -0.3291042149066925, -0.023731742054224014, -0.8553240299224854, -0.14944079518318176, -0.24803705513477325, -0.9011810421943665, -0.8029534816741943, 0.657619833946228, 0.6867117881774902, 0.7349488735198975, -0.444909006357193, 0.4096575379371643, 0.058383263647556305, -0.08605985343456268, 0.4644474983215332, -0.9756410121917725, 0.9612970948219299, 0.39187705516815186, 0.9338752031326294, -0.3019445836544037, 0.5856205821037292, 0.04014455899596214, -0.8803998231887817, 2.024069309234619, 2.6732537746429443, -0.5918001532554626, -0.4237864017486572, 0.9163292050361633, 0.5708554983139038, 0.4631766378879547, 1.1117699146270752, 0.60146164894104, 0.3616873621940613, 0.17879006266593933, -0.41080817580223083, 0.9828690886497498, 1.6033556461334229, 1.768312692642212, 1.2757395505905151, -0.1091299057006836, -0.01637285202741623, -0.9372460246086121, -0.27769479155540466, -3.5214571952819824, 9.09023666381836, -0.10264858603477478, 0.47027403116226196, 0.08366432785987854, 0.011393915861845016, -0.15207171440124512, 0.6497185230255127, 0.17540214955806732, 0.054206475615501404, -0.038819681853055954, 0.47779732942581177, 0.05895719677209854, -0.000735442154109478, 0.3385072946548462, -0.11697516590356827, 0.20207640528678894, 0.016264822334051132, 0.031542252749204636, -0.0814155861735344, 0.45018714666366577, 0.223585307598114, 0.05966649204492569, 0.020000431686639786, 0.01951569877564907, -0.40166640281677246, 0.5008536577224731, 0.8236491084098816, 0.009992657229304314, 0.2967551648616791, 0.4831547141075134, 0.3911171555519104, 0.14040416479110718, -0.1334577202796936, -3.960810422897339, 4.973598480224609, 4.506465435028076, 0.0, -0.38999998569488525, 0.47999998927116394, 0.012645297683775425, 0.2464054822921753, 0.9690790772438049, 0.0032153106294572353, 0.05997706577181816, 0.6754087209701538, -0.6700862646102905, 0.3020102381706238, 0.013624242506921291, -0.4327080249786377, 0.5220959186553955, -0.03303666412830353, 0.056233927607536316, 0.9687153100967407, -0.23945128917694092, 0.08623653650283813, 0.4399978816509247, 0.2596141993999481, -19.747520446777344, -9.412203788757324, 0.5577639937400818, 0.02703159675002098, -0.4514431655406952, 0.4921874701976776, 0.015530877746641636, -0.16090485453605652, 0.9819676280021667, -0.09801935404539108, 0.4642103612422943, 0.23133257031440735, 0.4745005667209625, -8.026986122131348, -1.9331499338150024, 4.438360691070557, 0.058676574379205704, -0.42481377720832825, 0.5038793683052063, -0.14514827728271484, 0.4981866180896759, 0.8304249048233032, -0.20282112061977386, 0.015348600223660469, 0.34073176980018616, 0.548555314540863, -12.013728141784668, -5.228492259979248, -1.224509835243225, 0.01591358333826065, -0.3685852885246277, 0.559368371963501, -0.31209516525268555, 0.594211220741272, 0.7410999536514282, 0.01674480177462101, 0.0772310122847557, 0.8181523084640503, -0.27031201124191284, -21.955068588256836, -8.409956932067871, -7.462165355682373, -0.06150136888027191, -0.381497323513031, 0.49877259135246277, -0.017008548602461815, -0.6425825953483582, 0.6386125087738037, 0.4230510890483856, 0.40473657846450806, -0.25783851742744446, 0.09375801682472229, 4.326320648193359, 3.2647321224212646, 6.822488784790039, -0.9355243444442749, -0.36611372232437134, 2.651113510131836, 0.005902209784835577, -0.005975713022053242, 0.002951444126665592, -0.8431694507598877, -1.699838638305664, 3.2451767921447754, 0.028708895668387413, -0.0014243855839595199, 0.00489866454154253, -0.5931020975112915, 2.096202850341797, 1.8586634397506714, 0.030707601457834244, -0.005910014733672142, 0.004702383186668158, -1.3055671453475952, 0.2583411633968353, 1.1200023889541626, 0.03541737049818039, 0.00831497460603714, 0.006906541995704174, 0.8177503943443298, -2.513664960861206, 0.11851897835731506, 0.00962041411548853, 0.006916420068591833, 0.021700335666537285, -1.0, 1.0, -1.0, -1.0, 1.0, -1.0, -0.7980808019638062, 0.36202386021614075, -0.12863457202911377, 0.012832371518015862, 1.0, 1.0, -1.0, 1.0, 1.0, 1.0, -1.0, 1.0, -0.47500160336494446, 0.7742617130279541]
[-0.15526427328586578, 0.05960685387253761, -0.846327543258667, -0.3041337728500366, 0.06384890526533127, -0.07119844853878021, -0.12938529253005981, -0.8784809112548828, -0.007960008457303047, -0.14392872154712677, -0.7959914803504944, -0.6127238869667053, 0.7149969339370728, 0.7417670488357544, 0.7763602137565613, -0.536007285118103, 0.5081864595413208, 0.21836091578006744, 0.1147085502743721, 0.5564320087432861, -0.9868256449699402, 0.9583541750907898, 0.24088196456432343, 0.9227561950683594, -0.43798860907554626, 0.7519004940986633, 0.03144964948296547, -0.49900421500205994, 1.6980047225952148, 2.1920325756073, -0.12154123932123184, -0.07866879552602768, 1.5175613164901733, 1.3975962400436401, -0.07209840416908264, 2.0020968914031982, 0.5027419924736023, 0.6099146008491516, 0.19332395493984222, -0.3552995026111603, 0.8703747987747192, 1.4104779958724976, 1.865255355834961, 1.0567138195037842, -0.06102877855300903, -0.000606581277679652, -0.9275960922241211, -0.012546509504318237, -3.4739065170288086, 1.5488853454589844, -0.08956928551197052, 0.2757975459098816, 0.056231461465358734, -0.007168017327785492, 0.23433563113212585, 0.14144672453403473, 0.07697337120771408, 0.05984063446521759, -0.4900531768798828, 0.15399903059005737, 0.027683598920702934, 0.008148926310241222, -0.007787733338773251, -0.02937733754515648, 0.04458501562476158, -0.022013366222381592, -0.018398607149720192, -0.02970343641936779, 0.16084246337413788, 0.08428865671157837, -0.013973355293273926, 0.004223948810249567, 0.023900220170617104, -0.39891451597213745, 0.504104495048523, 0.7855491638183594, 0.07539378851652145, 0.3112242519855499, 0.5294974446296692, 0.24086903035640717, 0.25656846165657043, 0.4948170781135559, 1.4129961729049683, -4.825673580169678, -1.4443238973617554, 0.0, -0.38999998569488525, 0.47999998927116394, 0.012645297683775425, 0.2464054822921753, 0.9690790772438049, 0.0032153106294572353, -0.0005450467579066753, 0.627095103263855, -0.7047344446182251, 0.33181434869766235, 0.018432868644595146, -0.42947331070899963, 0.528420090675354, -0.06968872994184494, 0.2248595654964447, 0.9400786757469177, -0.24664506316184998, 0.16598527133464813, 0.5006608366966248, 0.3192340135574341, -18.419084548950195, -9.174854278564453, 1.696922779083252, 0.03513973951339722, -0.4479888081550598, 0.5023803114891052, 0.004656959790736437, -0.04612972214818001, 0.9899347424507141, -0.13371436297893524, 0.3406519293785095, 0.5189683437347412, 0.7518155574798584, -17.34262466430664, -4.585914611816406, 2.73842191696167, 0.05947379767894745, -0.41752418875694275, 0.5190250873565674, -0.16491061449050903, 0.6157001852989197, 0.7480011582374573, -0.1849648803472519, 0.11133323609828949, 0.6543720960617065, 0.6761586666107178, -17.513957977294922, -8.058975219726562, 2.272022247314453, 0.016337433829903603, -0.35674431920051575, 0.5602315068244934, -0.3335748612880707, 0.7322285175323486, 0.5916652679443359, 0.05001388117671013, 0.17384670674800873, 0.6109748482704163, -0.32514598965644836, -21.103736877441406, -10.293157577514648, -6.163134574890137, -0.05541156604886055, -0.3845958709716797, 0.5015157461166382, 0.04394391551613808, -0.6476196646690369, 0.6442151069641113, 0.40452995896339417, 0.48083192110061646, -0.22342954576015472, 0.18079769611358643, 2.1061248779296875, 2.7272589206695557, 5.9922871589660645, -0.6374132037162781, 0.07077860087156296, 1.0968286991119385, -0.0061063384637236595, 0.0006883679307065904, 0.004179192706942558, 1.2671852111816406, -1.045560598373413, 0.7792344689369202, 0.04415722191333771, 0.003114852122962475, -0.027660366147756577, -2.2495980262756348, 0.40179264545440674, 0.40589678287506104, 0.014175815507769585, 0.0560731366276741, 0.015396958217024803, -0.38721764087677, 0.31229469180107117, -0.3184601366519928, -0.013714184984564781, 0.0026834621094167233, -0.0005346290417946875, -0.1514013707637787, -0.8927210569381714, -0.07197662442922592, 0.004121435806155205, 0.006646367721259594, 0.008388090878725052, -1.0, 0.869031548500061, -1.0, -1.0, 1.0, -1.0, -0.5307669043540955, 1.0, 0.7898758053779602, 0.8784340620040894, 1.0, 1.0, -1.0, 1.0, 1.0, 1.0, -1.0, 1.0, -0.5858492255210876, 0.9618300199508667]
[-0.27888724207878113, 0.17755737900733948, -0.8513633608818054, -0.33818918466567993, 0.22703315317630768, 0.13571155071258545, -0.1692410707473755, -0.8418008685112, 0.12165873497724533, 0.02280767448246479, -0.7193418145179749, -0.3876788914203644, 0.7391973733901978, 0.796440601348877, 0.8141709566116333, -0.6138823628425598, 0.5931997895240784, 0.3551999032497406, 0.2939179837703705, 0.5490735769271851, -0.9927458763122559, 0.9605112075805664, 0.13370585441589355, 0.9279444813728333, -0.4825266897678375, 0.8887130618095398, -0.039338815957307816, 0.37586405873298645, 1.389108657836914, 1.751602053642273, 0.052594948559999466, 0.22608911991119385, 1.0890215635299683, 1.5434424877166748, 0.12164988368749619, 1.9982671737670898, 0.08344703912734985, 0.34951722621917725, 0.16648916900157928, -0.3008485734462738, 0.7375831604003906, 1.1847484111785889, 1.5223828554153442, -0.722134530544281, -0.0433938167989254, 0.009330596774816513, -0.5126322507858276, 0.08210526406764984, -0.4494000971317291, 1.7070724964141846, -0.013503717258572578, 0.721489429473877, 0.2289227843284607, 0.04742445796728134, 0.1930081993341446, -0.08978844434022903, -0.08020736277103424, -0.03793133795261383, -0.14025264978408813, 0.0004669860936701298, -0.0411410816013813, -0.03243453428149223, 0.05694244056940079, -0.004586588591337204, 0.036050692200660706, -0.027666425332427025, -0.028070537373423576, -0.19202114641666412, 0.008426095359027386, 0.004036156460642815, 0.112042635679245, 0.04409942775964737, 0.026854529976844788, -0.39485692977905273, 0.5130468010902405, 0.7372379302978516, -0.04248202219605446, 0.4441148638725281, 0.507382869720459, -0.031093373894691467, 0.2463383823633194, 0.698924720287323, 1.6728477478027344, -4.150208950042725, 0.9240562319755554, 0.0, -0.38999998569488525, 0.47999998927116394, 0.012645297683775425, 0.2464054822921753, 0.9690790772438049, 0.0032153106294572353, 0.14655521512031555, 0.5836673378944397, -0.6724628210067749, 0.43086862564086914, 0.023433765396475792, -0.42405176162719727, 0.5373757481575012, -0.10811999440193176, 0.3768993318080902, 0.8841666579246521, -0.25398051738739014, 0.09010334312915802, 0.6736947298049927, 0.47838613390922546, -19.2260799407959, -10.436859130859375, 2.577840566635132, 0.04217591509222984, -0.44236084818840027, 0.5168223977088928, -0.01902800239622593, 0.11759764701128006, 0.9800956845283508, -0.1588118076324463, 0.2540927231311798, 0.6196256875991821, 0.7553829550743103, -17.815771102905273, -5.78788948059082, 2.1488442420959473, 0.060292668640613556, -0.40651366114616394, 0.5349808931350708, -0.18963588774204254, 0.7229394316673279, 0.6425983905792236, -0.16871300339698792, 0.06847284734249115, 0.6921733617782593, 0.6418209075927734, -14.908479690551758, -7.108983516693115, 1.8321155309677124, 0.01712597906589508, -0.34588122367858887, 0.5604844093322754, -0.3558041453361511, 0.8249040842056274, 0.4312445819377899, 0.08345547318458557, 0.1954130083322525, 0.4463425874710083, -0.24362386763095856, -18.096250534057617, -10.553053855895996, -4.106235027313232, -0.04957372695207596, -0.38652074337005615, 0.5058861374855042, 0.05133584514260292, -0.6386563181877136, 0.6731127500534058, 0.3693261444568634, 0.37198904156684875, -0.08749760687351227, 0.342102974653244, -4.795736789703369, -4.486228942871094, 4.009782791137695, -0.07283861935138702, -0.8079005479812622, 3.605926275253296, 0.03530595079064369, -0.0005268434179015458, 0.0005260083707980812, 1.107375144958496, 0.8128753304481506, -0.7836365699768066, -0.02573820762336254, -0.00234198453836143, -0.019683754071593285, -0.5253927707672119, 0.4167766571044922, -0.4752684235572815, -0.026182886213064194, 0.021268386393785477, 0.0005586608895100653, -0.171017125248909, 0.5304366946220398, -0.34521037340164185, -0.02011398784816265, -5.9622030676109716e-05, 0.0005520830163732171, 1.5344433784484863, -0.150850310921669, -0.04205524921417236, 0.000762878218665719, 0.019548337906599045, 0.03577898070216179, -1.0, 1.0, -1.0, -1.0, 1.0, -1.0, 0.04210212081670761, 0.6204031705856323, 1.0, 1.0, 0.7121521830558777, 1.0, -1.0, 1.0, 1.0, -0.010025162249803543, -1.0, 1.0, -0.19373516738414764, 1.0]
[-0.4028928577899933, 0.3029243052005768, -0.8328008651733398, -0.29877322912216187, 0.31122875213623047, 0.2850629687309265, -0.20139043033123016, -0.7544369697570801, 0.10496465116739273, 0.1224428117275238, -0.653698742389679, -0.17236585915088654, 0.6862077713012695, 0.8036670684814453, 0.8464972972869873, -0.6796732544898987, 0.6651906371116638, 0.4353281259536743, 0.42549118399620056, 0.4680462181568146, -0.996476411819458, 0.9654144048690796, 0.06613747030496597, 0.9377803206443787, -0.45550990104675293, 0.8828162550926208, 0.0872616395354271, 0.4301927089691162, 0.4509527385234833, 1.0034035444259644, -0.17217813432216644, 1.0784419775009155, -0.8469755053520203, 0.2422252744436264, 0.350039005279541, 1.9942140579223633, -0.7864407896995544, -0.13424426317214966, 0.142716646194458, -0.2533821165561676, 0.621793270111084, 0.5027283430099487, 0.9292925000190735, -1.144397258758545, -0.017632000148296356, 0.014693883247673512, -0.3626423478126526, 0.09616424143314362, 0.5896782279014587, -0.15217764675617218, 0.04172097146511078, 0.029928123578429222, -0.053361959755420685, -0.05897415429353714, 0.0024198791943490505, 0.19875399768352509, -0.07837271690368652, -0.10026344656944275, 0.06271225959062576, -0.02156810089945793, -0.04698358103632927, -0.03371923789381981, -0.0010835400316864252, 0.011107755824923515, -0.00408014515414834, -0.05529993027448654, -0.04955170676112175, -0.026864342391490936, -0.056628890335559845, -0.0283188559114933, 0.030129386112093925, 0.013426823541522026, 0.026049688458442688, -0.3925449848175049, 0.5246018767356873, 0.69977205991745, -0.03374158963561058, 0.5519073009490967, 0.45230409502983093, -0.14854124188423157, 0.07865076512098312, 0.6809293627738953, -0.044177982956171036, -1.7807409763336182, 2.524388074874878, 0.0, -0.38999998569488525, 0.47999998927116394, 0.012645297683775425, 0.2464054822921753, 0.9690790772438049, 0.0032153106294572353, 0.16522175073623657, 0.5595967769622803, -0.6093982458114624, 0.5368308424949646, 0.026816295459866524, -0.4167547821998596, 0.5483022332191467, -0.14236244559288025, 0.49922552704811096, 0.8159946799278259, -0.25428226590156555, 0.1169615089893341, 0.4964943528175354, 0.43709543347358704, -11.982519149780273, -6.66062068939209, 2.08859920501709, 0.0486057810485363, -0.43619272112846375, 0.5320329666137695, -0.03836357966065407, 0.218222513794899, 0.9582803249359131, -0.18057101964950562, 0.320781946182251, 0.4605782926082611, 0.8608404994010925, -6.387504577636719, -2.261654853820801, 3.1646807193756104, 0.06068210303783417, -0.3944350779056549, 0.5491324663162231, -0.20727594196796417, 0.7847229242324829, 0.5620253682136536, -0.15929192304611206, -0.0044722408056259155, 0.6892971992492676, 0.6411935091018677, -8.794718742370605, -4.165502071380615, 0.6463879346847534, 0.017595475539565086, -0.33668822050094604, 0.5607810616493225, -0.37832111120224, 0.8702351450920105, 0.29605725407600403, 0.10915093868970871, 0.11836032569408417, 0.3418492078781128, -0.09259296208620071, -12.268258094787598, -7.910888671875, -0.9755769968032837, -0.044562987983226776, -0.3872796595096588, 0.5112451314926147, 0.021380240097641945, -0.6203922629356384, 0.7164226174354553, 0.318425714969635, 0.3148708939552307, -0.019993029534816742, 0.38187241554260254, -6.238837242126465, -6.319831371307373, 3.7429213523864746, 0.26814496517181396, 0.8282681703567505, -0.41563716530799866, -0.04655013978481293, -0.0034845827613025904, -0.003046849276870489, 0.11507271230220795, 1.6683052778244019, 0.12467987835407257, -0.07523887604475021, 0.00021261863003019243, 0.0004811926919501275, 0.2678959369659424, 0.28342628479003906, -0.42740553617477417, -0.02946784533560276, -0.007976878434419632, 0.0013028436806052923, 0.07639125734567642, 0.654066264629364, -0.5602706074714661, -0.03974071145057678, -0.002552884165197611, 0.0015814696671441197, 0.497628390789032, 0.22771044075489044, 0.0008204083424061537, -0.0006469537620432675, 0.005464772693812847, 0.005199818406254053, -1.0, 1.0, -0.5114675760269165, -1.0, 0.40092238783836365, -1.0, 0.8828931450843811, -0.8099157214164734, 1.0, 1.0, 0.0683869868516922, 1.0, -1.0, 1.0, 0.5989543795585632, -0.10440750420093536, -1.0, 1.0, -0.21179835498332977, 1.0]
[-0.5151014924049377, 0.3953503668308258, -0.7591549754142761, -0.2722313702106476, 0.3133195638656616, 0.33872154355049133, -0.26391223073005676, -0.6176474094390869, 0.002212239196524024, 0.11037429422140121, -0.5790554881095886, 0.034251388162374496, 0.5903754830360413, 0.7784778475761414, 0.8780806660652161, -0.7352280616760254, 0.7265974879264832, 0.39860454201698303, 0.46975797414779663, 0.4680919349193573, -0.9984501004219055, 0.9757027626037598, -0.046226758509874344, 0.90504390001297, -0.39686548709869385, 0.49820518493652344, 0.3423321545124054, 0.1837824136018753, -0.21353033185005188, 0.13968394696712494, -0.25723928213119507, 1.4103630781173706, -0.9631015062332153, -0.2692849338054657, 0.2758108675479889, 1.7934726476669312, -0.9294502139091492, -0.29001256823539734, 0.14502744376659393, -0.2137032300233841, 0.5292985439300537, -0.7850326299667358, -0.002281695604324341, 0.6143937110900879, -0.003178737359121442, 0.028128964826464653, -0.8745478987693787, -0.5132302045822144, 1.2869045734405518, -3.9340102672576904, 0.02025955356657505, -0.21346567571163177, -0.07665514945983887, -0.04761088266968727, 0.04542571306228638, -0.13853275775909424, -0.004664601758122444, -0.0011126149911433458, 0.047007057815790176, -0.2514007091522217, -0.03446898236870766, -0.005136042833328247, -0.15484802424907684, 0.029111549258232117, -0.071225605905056, -0.08780534565448761, -0.06747458875179291, 0.21328912675380707, -0.20545974373817444, -0.10507970303297043, -0.12688374519348145, -0.06013781577348709, 0.025159167125821114, -0.38985970616340637, 0.5337406396865845, 0.6683695316314697, 0.0009798981482163072, 0.6229029893875122, 0.4065377116203308, -0.09743759781122208, 0.09845029562711716, 0.44973015785217285, -0.7060717940330505, -0.5787856578826904, 2.0879523754119873, 0.0, -0.38999998569488525, 0.47999998927116394, 0.012645297683775425, 0.2464054822921753, 0.9690790772438049, 0.0032153106294572353, 0.1495453417301178, 0.5396561622619629, -0.5566418766975403, 0.6136425733566284, 0.029920469969511032, -0.4121095836162567, 0.555881142616272, -0.15447410941123962, 0.5473421216011047, 0.7829698324203491, -0.25201696157455444, 0.17901337146759033, 0.21109497547149658, 0.29216957092285156, -2.721510887145996, -1.3710790872573853, 0.3270375430583954, 0.054276760667562485, -0.429269015789032, 0.5450522899627686, -0.04878951236605644, 0.25176477432250977, 0.9442014098167419, -0.20668283104896545, 0.2535994052886963, 0.4722687900066376, 0.6506676077842712, -3.215528964996338, -1.038231372833252, 3.2693192958831787, 0.06014486029744148, -0.38297444581985474, 0.5590163469314575, -0.21757079660892487, 0.817080557346344, 0.511738121509552, -0.15220443904399872, -0.03511182218790054, 0.597201406955719, 0.3555477261543274, -4.743952751159668, -2.489809989929199, 0.7015500664710999, 0.017314787954092026, -0.33043357729911804, 0.5616233348846436, -0.40412092208862305, 0.8756140470504761, 0.24054287374019623, 0.11011474579572678, -0.0501544363796711, 0.2541087567806244, 0.04040602967143059, -2.341627836227417, -0.528372049331665, 3.349623203277588, -0.038801226764917374, -0.38838160037994385, 0.5147581100463867, 0.049224112182855606, -0.6156003475189209, 0.7368506789207458, 0.2750711143016815, 0.5026237368583679, -0.1287512481212616, 0.12097349017858505, 2.0885863304138184, 2.59851336479187, 7.942727565765381, 0.3202047348022461, -0.09365574270486832, -1.439702033996582, -0.04901571571826935, 0.002450311556458473, -0.0015148764941841364, 0.37215980887413025, -0.3321950137615204, -0.8429244160652161, -0.006095539778470993, -0.00018966884817928076, -0.0020684136543422937, 0.3733087182044983, -1.2830634117126465, -0.646668553352356, -0.02438199520111084, -0.005684882402420044, -0.00026952847838401794, 0.4340955317020416, 0.47495320439338684, -0.7395981550216675, -0.06035029888153076, -0.00682448223233223, 0.003916412126272917, -1.9079852104187012, 1.2897409200668335, 0.055918361991643906, -0.007661766372621059, -0.029610058292746544, -0.03948821872472763, -1.0, 0.5121151208877563, -0.29430249333381653, -1.0, 0.061186350882053375, -1.0, 0.944622814655304, -0.5900037288665771, 1.0, 1.0, 0.017494458705186844, 1.0, -1.0, 1.0, -0.3007661700248718, 1.0, -1.0, 1.0, -1.0, 0.48402437567710876]
[-0.6112657785415649, 0.44305893778800964, -0.7226183414459229, -0.26097455620765686, 0.3068944215774536, 0.3417825996875763, -0.33809107542037964, -0.5125547051429749, -0.0755731537938118, 0.08203738927841187, -0.478097528219223, 0.19202719628810883, 0.5372146368026733, 0.7531526684761047, 0.9057148694992065, -0.7814481258392334, 0.7766168117523193, 0.2912449836730957, 0.4481828510761261, 0.5343614220619202, -0.9975756406784058, 0.957949161529541, -0.1892274022102356, 0.8132333159446716, -0.33195456862449646, 0.2216331958770752, 0.0578390471637249, 0.011862638406455517, 0.023160327225923538, 0.002298532985150814, -0.3348732888698578, 0.767353892326355, -0.5922335982322693, -0.23616066575050354, 0.5020446181297302, 1.2906922101974487, -0.2573503255844116, -0.1619817018508911, 0.11682640761137009, -0.17677132785320282, 0.4230968654155731, -1.0996322631835938, -0.31268513202667236, 0.9166037440299988, -0.0408192053437233, -0.09645795822143555, -0.8903636336326599, -1.021950125694275, 1.6174150705337524, -3.060309886932373, 0.009128669276833534, -0.2126305103302002, -0.02749493159353733, -0.00048257410526275635, 0.023424990475177765, -0.3355017602443695, -0.0728742927312851, -0.009116568602621555, 0.06162828952074051, -0.20069363713264465, 0.011523306369781494, 0.021428551524877548, -0.11324100196361542, 0.024759376421570778, -0.06364762037992477, -0.025288887321949005, -0.016529178246855736, 0.05176831781864166, -0.20341844856739044, -0.12667784094810486, -0.014498315751552582, -0.016005802899599075, 0.0239094365388155, -0.3903573751449585, 0.5389873385429382, 0.6465487480163574, 0.04879907891154289, 0.6817262172698975, 0.338884562253952, -0.03647436946630478, -0.08878329396247864, 0.28192558884620667, 1.5547454357147217, -1.1042085886001587, 2.484483480453491, 0.0, -0.38999998569488525, 0.47999998927116394, 0.012645297683775425, 0.2464054822921753, 0.9690790772438049, 0.0032153106294572353, 0.1184845045208931, 0.5345901250839233, -0.4849100708961487, 0.6819363832473755, 0.033359307795763016, -0.40932217240333557, 0.559641420841217, -0.16129496693611145, 0.559902012348175, 0.7709202170372009, -0.2572459876537323, 0.1936144083738327, 0.12228001654148102, 0.1158427745103836, -1.1620309352874756, -0.5657774209976196, 1.38358473777771, 0.059164755046367645, -0.4233429431915283, 0.5526084899902344, -0.05577670782804489, 0.26370081305503845, 0.9344116449356079, -0.23286393284797668, 0.2548989951610565, 0.30805665254592896, 0.30211135745048523, -0.8529750108718872, -0.02183949202299118, 3.3080132007598877, 0.05947370082139969, -0.3740774989128113, 0.563562273979187, -0.22197511792182922, 0.8401333689689636, 0.47438377141952515, -0.14093592762947083, -0.016532622277736664, 0.4363168179988861, 0.07828075438737869, -4.634517669677734, -3.0016191005706787, -0.6994594931602478, 0.016848057508468628, -0.326953649520874, 0.5626177787780762, -0.4296330213546753, 0.8633502125740051, 0.2487153708934784, 0.0904574766755104, -0.09110186994075775, 0.1624564230442047, 0.06154222786426544, 1.2612029314041138, 2.701458692550659, 4.154083728790283, -0.032772257924079895, -0.38986876606941223, 0.5155917406082153, 0.1295091211795807, -0.6288174986839294, 0.7291301488876343, 0.23703385889530182, 0.489651620388031, -0.12059161812067032, -0.1168270856142044, 6.230318069458008, 4.418058395385742, 9.059484481811523, 0.274743914604187, -0.7254597544670105, -1.0362216234207153, -0.011364473029971123, 0.0032518014777451754, -0.00010689758346416056, 0.273434579372406, -0.032051462680101395, -1.7740085124969482, -0.009597338736057281, 0.000698690302670002, 0.0004563166876323521, 0.3507925868034363, -1.3625588417053223, -0.24709834158420563, 0.0009901714511215687, -0.009088326245546341, 0.002110210945829749, 0.34115785360336304, -0.176712304353714, -0.31062865257263184, -0.01917986385524273, -0.00554574653506279, 0.003926503472030163, -0.4048433303833008, 1.8824149370193481, -0.018518710508942604, -0.013210857287049294, -0.009528303518891335, -0.0071123577654361725, -1.0, 0.3975532352924347, -0.8112531304359436, -1.0, 0.3599202334880829, -1.0, 0.48615801334381104, -0.32946184277534485, 1.0, 0.7085775136947632, 0.5049782395362854, 1.0, -1.0, 1.0, -0.41545790433883667, 1.0, -1.0, 0.6525972485542297, -1.0, 0.11118198931217194]
[-0.6914291977882385, 0.45453983545303345, -0.6962240934371948, -0.27992814779281616, 0.27425065636634827, 0.3369245231151581, -0.42035889625549316, -0.4314402639865875, -0.11862455308437347, 0.06248805299401283, -0.35476475954055786, 0.32381802797317505, 0.5421930551528931, 0.7459369897842407, 0.9279057383537292, -0.8196113109588623, 0.816618800163269, 0.17594797909259796, 0.4113123416900635, 0.6066475510597229, -0.9999984502792358, 0.8791418671607971, -0.3226195275783539, 0.6553323268890381, -0.27853697538375854, -0.01814284734427929, 0.09156803041696548, -0.2548132836818695, -0.47005578875541687, -0.10603225231170654, -0.2547928988933563, 0.7038803696632385, -0.2987186312675476, -0.1388559639453888, 0.4871009886264801, 1.1940027475357056, 0.2078714221715927, 0.009589144960045815, 0.09220120310783386, -0.14581987261772156, 0.33934733271598816, -1.0453667640686035, -0.35724860429763794, 0.8770801424980164, -5.809757931274362e-05, -0.24076353013515472, -0.7854812741279602, -1.6838871240615845, 1.2534199953079224, -2.7892115116119385, -0.0021113690454512835, -0.18758425116539001, -0.06678155064582825, -0.02212534099817276, 0.13500799238681793, -0.23075290024280548, -0.043943971395492554, -0.0016986934933811426, 0.016873866319656372, -0.10262167453765869, 0.023284830152988434, 0.019584067165851593, -0.10272175818681717, 0.020073987543582916, -0.05192013829946518, -6.113055860623717e-05, 0.0007658154936507344, 0.022724121809005737, -0.045979563146829605, -0.03104565292596817, -0.0008516610250808299, -0.011156751774251461, 0.024056363850831985, -0.39149972796440125, 0.5410811305046082, 0.6359916925430298, 0.06681476533412933, 0.7251017093658447, 0.2554953098297119, 0.014000482857227325, -0.10293861478567123, 0.07016648352146149, 0.46686282753944397, -0.3648528754711151, 1.9534902572631836, 0.0, -0.38999998569488525, 0.47999998927116394, 0.012645297683775425, 0.2464054822921753, 0.9690790772438049, 0.0032153106294572353, 0.11273433268070221, 0.5444165468215942, -0.40113067626953125, 0.7280082106590271, 0.03760336712002754, -0.4093666076660156, 0.5601590275764465, -0.1606944054365158, 0.544169545173645, 0.7791406512260437, -0.2664516866207123, 0.27783867716789246, -0.09189959615468979, 0.022955257445573807, 3.4775094985961914, 2.3934102058410645, 0.7753742933273315, 0.0634014829993248, -0.4186480641365051, 0.5561602115631104, -0.06292638182640076, 0.27239370346069336, 0.9248678684234619, -0.257800817489624, 0.18729263544082642, 0.24481645226478577, 0.11730322241783142, -1.1424906253814697, -0.45282942056655884, 2.680894374847412, 0.05873288959264755, -0.3670152723789215, 0.5642233490943909, -0.22308042645454407, 0.8664974570274353, 0.429488867521286, -0.12229636311531067, 0.001680230489000678, 0.3399850130081177, -0.12982387840747833, -5.8951802253723145, -3.8297784328460693, -0.8587736487388611, 0.016743546351790428, -0.32549047470092773, 0.5632005333900452, -0.449770450592041, 0.8460583090782166, 0.2785148024559021, 0.06573771685361862, -0.06888037919998169, 0.06674670428037643, 0.04732152819633484, 2.5789740085601807, 3.628274440765381, 3.845999002456665, -0.02771582454442978, -0.39129313826560974, 0.5140056014060974, 0.22645843029022217, -0.6559481620788574, 0.6952295303344727, 0.1873617321252823, 0.4497113525867462, -0.07546909898519516, -0.2968897223472595, 9.579490661621094, 4.4419708251953125, 10.510866165161133, 0.1832103729248047, -0.2420259714126587, -1.2018394470214844, -0.025755733251571655, 0.004034168086946011, 0.0005612949025817215, 0.8185856342315674, -0.12699171900749207, -1.2533369064331055, -0.0036035687662661076, -0.004072641953825951, -0.011558739468455315, 0.24575217068195343, -1.0024712085723877, 0.05373610183596611, 0.0045469980686903, -0.001776055432856083, 2.227409277111292e-05, 0.2871333956718445, -0.3983946442604065, -0.14594998955726624, -0.005210104398429394, -0.005111340433359146, 0.0028607610147446394, -0.22596144676208496, 0.7997890710830688, 0.061247602105140686, -0.004540448542684317, -0.00754136685281992, -0.0009892251109704375, -1.0, 0.26139166951179504, -0.9428723454475403, -1.0, -0.09125091880559921, -1.0, 0.4934077858924866, -0.21107794344425201, 1.0, 0.8407551646232605, 0.7494874596595764, 1.0, -1.0, 1.0, -0.43139463663101196, 1.0, -1.0, 0.2599489688873291, -1.0, -0.4688216745853424]
[-0.7574101686477661, 0.44783151149749756, -0.6929192543029785, -0.3143598437309265, 0.21027661859989166, 0.3199368715286255, -0.5096679925918579, -0.37522071599960327, -0.15172186493873596, 0.05015197768807411, -0.20832446217536926, 0.42672836780548096, 0.5879068970680237, 0.7547345161437988, 0.9433005452156067, -0.8509579300880432, 0.8483949303627014, 0.08714351058006287, 0.3771500587463379, 0.6718942523002625, -0.9989928603172302, 0.7733756899833679, -0.4380629360675812, 0.48301994800567627, -0.22471407055854797, -0.0676160380244255, -0.008673641830682755, -0.43422284722328186, -0.6535104513168335, -0.19690504670143127, -0.4131438434123993, 0.5150446891784668, -0.30371779203414917, -0.10706675052642822, 0.6767470836639404, 0.7951632142066956, 0.5352095365524292, 0.14029835164546967, 0.05911827087402344, -0.11953026056289673, 0.269609659910202, -0.7003728747367859, -0.278843492269516, 0.764755368232727, -0.003653268562629819, -0.27677127718925476, -0.6735424399375916, -1.5409897565841675, 1.2334470748901367, -0.5474921464920044, 0.02547675557434559, -0.1129254698753357, -0.044429097324609756, -0.015495811589062214, 0.015353490598499775, -0.014660226181149483, 0.002738509327173233, 0.00276298844255507, 0.034101903438568115, -0.10472947359085083, -0.01381256990134716, 0.00461243512108922, -0.009201165288686752, 0.010145767591893673, -0.025752395391464233, 0.0174554456025362, 0.012072958052158356, -0.012681122869253159, -0.02455221675336361, -0.015467471443116665, 0.028304826468229294, 0.019712306559085846, 0.02448246069252491, -0.39460280537605286, 0.5412695407867432, 0.621198296546936, 0.10423807054758072, 0.7550554871559143, 0.18203894793987274, 0.04480866715312004, -0.21744850277900696, -0.006288635544478893, 0.49153193831443787, -0.2825503349304199, 2.104628086090088, 0.0, -0.38999998569488525, 0.47999998927116394, 0.012645297683775425, 0.2464054822921753, 0.9690790772438049, 0.0032153106294572353, 0.08473030477762222, 0.5479221343994141, -0.32573094964027405, 0.765833854675293, 0.042477045208215714, -0.4110076129436493, 0.5589699149131775, -0.1533893197774887, 0.5051406025886536, 0.8013251423835754, -0.28139394521713257, 0.3187697231769562, -0.174714595079422, -0.012897576205432415, 5.419018268585205, 4.023257732391357, 0.9185621738433838, 0.06735465675592422, -0.4153132438659668, 0.5572853088378906, -0.06845452636480331, 0.27299100160598755, 0.9171943664550781, -0.2820361256599426, 0.20311178267002106, 0.18332141637802124, 0.04790392518043518, -0.25997763872146606, 0.15523380041122437, 3.1765761375427246, 0.058368466794490814, -0.36157462000846863, 0.5627589821815491, -0.21847227215766907, 0.8937197923660278, 0.379071980714798, -0.09919183701276779, 0.05694173648953438, 0.22486397624015808, -0.19369007647037506, -5.967380046844482, -3.811724901199341, -2.127063274383545, 0.017065342515707016, -0.32502493262290955, 0.5632439255714417, -0.46415671706199646, 0.8297746777534485, 0.3066641688346863, 0.04460596665740013, -0.02957543544471264, 0.029144924134016037, 0.015243571251630783, 1.8142671585083008, 2.633819103240967, 2.8209428787231445, -0.023627260699868202, -0.39240318536758423, 0.5115082859992981, 0.3153260350227356, -0.6823506951332092, 0.6457996368408203, 0.1338271200656891, 0.3411925435066223, 0.00026046158745884895, -0.322297066450119, 9.469541549682617, 3.507899045944214, 8.727455139160156, 0.20387649536132812, 0.019267885014414787, -0.7056745886802673, -0.015206793323159218, -0.0004320378939155489, -0.00038653542287647724, 0.17448647320270538, -0.12300713360309601, -0.09961745142936707, 0.0009178817272186279, 0.00021365188877098262, 0.0005527668399736285, 0.13926824927330017, -0.4992983937263489, -0.3560587763786316, -0.0028770414646714926, -0.0055828639306128025, 0.003499288810417056, 0.07902055233716965, -0.2761421799659729, 0.020800691097974777, 0.007930825464427471, -0.0020944401621818542, 0.0020288731902837753, 0.5941696166992188, 0.5055362582206726, -0.13442176580429077, -0.0017959724646061659, 0.010205594822764397, 0.0036654844880104065, -1.0, 0.35229161381721497, -1.0, -1.0, -0.21114221215248108, -1.0, 0.21504130959510803, -0.3308126628398895, 1.0, 0.7743566036224365, 0.9589641094207764, 1.0, -1.0, 1.0, -0.26374906301498413, 1.0, -1.0, 0.13071736693382263, -1.0, -0.4141986668109894]
[-0.8105801343917847, 0.4341331124305725, -0.7005090713500977, -0.3718830347061157, 0.1443297415971756, 0.2979949116706848, -0.5992720723152161, -0.3234128952026367, -0.1705973744392395, 0.04115232080221176, -0.04316238686442375, 0.5097584128379822, 0.6491318941116333, 0.7729854583740234, 0.9542388319969177, -0.876758337020874, 0.8744100332260132, 0.016410361975431442, 0.3508321940898895, 0.7275633811950684, -0.9987213015556335, 0.6884685754776001, -0.5352967381477356, 0.32207709550857544, -0.18120993673801422, -0.11236803978681564, -0.03538418188691139, -0.5842949151992798, -0.5865729451179504, -0.2055707424879074, -0.3585154712200165, 0.4545001685619354, -0.10987623780965805, -0.05979451537132263, 0.6869691610336304, 0.7579968571662903, 0.5815211534500122, 0.18910358846187592, 0.04469352960586548, -0.09854823350906372, 0.22413399815559387, -0.6279323697090149, -0.24339042603969574, 0.643541157245636, 0.0021351156756281853, -0.17427712678909302, -0.5593002438545227, -1.455917477607727, 1.0489516258239746, -0.38237476348876953, 0.023960543796420097, -0.05094248056411743, -0.00828792154788971, -0.0005975081585347652, 0.035661730915308, -0.03148696571588516, 0.005477697588503361, 0.00593898119404912, 0.009463800117373466, -0.02021264284849167, -0.004025637172162533, 0.0001975352643057704, 0.0002458071685396135, 0.007466989569365978, -0.017652595415711403, 0.001502998755313456, 0.0016982988454401493, -0.013847616501152515, -0.0053110248409211636, 0.013342289254069328, 0.025348683819174767, 0.017010081559419632, 0.025641655549407005, -0.39907222986221313, 0.54045569896698, 0.600513756275177, 0.14989741146564484, 0.7772287130355835, 0.11326760053634644, 0.07659763097763062, -0.2888599932193756, -0.07188216596841812, 0.1600295901298523, -0.3496342599391937, 2.125624895095825, 0.0, -0.38999998569488525, 0.47999998927116394, 0.012645297683775425, 0.2464054822921753, 0.9690790772438049, 0.0032153106294572353, 0.04674952104687691, 0.5446892380714417, -0.25334060192108154, 0.7980895042419434, 0.04762101545929909, -0.41363030672073364, 0.5563929080963135, -0.14101991057395935, 0.4536859691143036, 0.8279215693473816, -0.2980405390262604, 0.33052870631217957, -0.21998755633831024, -0.08764881640672684, 5.887001991271973, 4.534088134765625, 0.8264215588569641, 0.07050048559904099, -0.41231536865234375, 0.5577129125595093, -0.07498350739479065, 0.2762509882450104, 0.9086610674858093, -0.3039703071117401, 0.1427471786737442, 0.16542565822601318, 0.002776711480692029, -0.7528733611106873, -0.3573136031627655, 2.7224340438842773, 0.05841265246272087, -0.3572416305541992, 0.560430645942688, -0.20715031027793884, 0.9188108444213867, 0.3274723291397095, -0.07508111745119095, 0.07283797115087509, 0.18276084959506989, -0.2216823548078537, -6.169320583343506, -3.5362460613250732, -2.471376657485962, 0.017537405714392662, -0.3250081539154053, 0.563064455986023, -0.4744863510131836, 0.8154668211936951, 0.33034569025039673, 0.027356062084436417, -0.020460844039916992, 0.0034526106901466846, 0.01428285613656044, 1.883368968963623, 2.571537494659424, 2.412349224090576, -0.02040616050362587, -0.39314401149749756, 0.5088745355606079, 0.38833826780319214, -0.7019729614257812, 0.5912458300590515, 0.08279784768819809, 0.26981377601623535, 0.05028603971004486, -0.29723453521728516, 8.754118919372559, 2.9219746589660645, 7.738649845123291, 0.16912612318992615, -0.13518112897872925, -0.27501118183135986, -0.0026252255775034428, -0.00028013496194034815, -0.00028072873828932643, 0.26593777537345886, -0.1616327315568924, -0.11904719471931458, 0.0035144900903105736, -0.0009275231277570128, -0.0020685086492449045, 0.14127740263938904, -0.15266168117523193, -0.07829184830188751, -0.002092390088364482, -0.0012434268137440085, 0.0011895840289071202, 0.06605415791273117, -0.06472085416316986, -0.05466917157173157, 0.0007274860399775207, -0.001772369141690433, 0.0014481397811323404, 0.516137421131134, 0.07574060559272766, -0.15700878202915192, 0.002290956908836961, 0.008751883171498775, 0.0013775655534118414, -1.0, 0.3211498558521271, -1.0, -1.0, -0.19063785672187805, -1.0, 0.20278829336166382, -0.17699791491031647, 1.0, 0.8548898696899414, 1.0, 1.0, -1.0, 1.0, -0.34114566445350647, 1.0, -1.0, 0.356637179851532, -1.0, -0.5344266891479492]
[-0.8530083894729614, 0.420138955116272, -0.7208356857299805, -0.44585055112838745, 0.0968671515583992, 0.2790070176124573, -0.6759434342384338, -0.27223366498947144, -0.16445904970169067, 0.03895973786711693, 0.12134066224098206, 0.5938372015953064, 0.7074543237686157, 0.7929660081863403, 0.9624294638633728, -0.8979969024658203, 0.8964446783065796, -0.06139984354376793, 0.3013470470905304, 0.774188756942749, -0.9983252882957458, 0.6210281848907471, -0.6162981986999512, 0.18119630217552185, -0.1457427591085434, -0.0850520059466362, -0.10823947191238403, -0.7408856749534607, -0.36096617579460144, -0.14952947199344635, -0.3118835687637329, 0.4776228368282318, 0.13713788986206055, 0.01602954976260662, 0.6832815408706665, 0.7960285544395447, 0.5161839127540588, 0.18275971710681915, 0.033560823649168015, -0.08106914907693863, 0.19067023694515228, -0.767507016658783, -0.7010382413864136, 0.5373086929321289, 0.00033061878639273345, -0.1624656766653061, -0.46581345796585083, -1.2186577320098877, 0.8029010891914368, 0.3538661599159241, 0.005179235711693764, -0.01947302371263504, 0.005339158233255148, 0.0051230136305093765, 0.0327964723110199, 0.03418106585741043, 0.026323232799768448, 0.01190743874758482, 0.0022468669340014458, 0.010661967098712921, -0.007413660641759634, -0.0036297980695962906, 0.028914911672472954, 0.0041663446463644505, -0.006621719337999821, -0.009974734857678413, -0.022704405710101128, -0.02219642698764801, 0.014381138607859612, 0.011121896095573902, 0.030088314786553383, 0.020980820059776306, 0.0276172012090683, -0.40342679619789124, 0.5389176607131958, 0.5689885020256042, 0.19865959882736206, 0.7961719036102295, 0.053820766508579254, 0.11870168149471283, -0.22571535408496857, -0.10041118413209915, -0.05312527343630791, -0.5663883090019226, 1.8343181610107422, 0.0, -0.38999998569488525, 0.47999998927116394, 0.012645297683775425, 0.2464054822921753, 0.9690790772438049, 0.0032153106294572353, 0.004813164472579956, 0.528704047203064, -0.18728642165660858, 0.8278724551200867, 0.052593693137168884, -0.41630393266677856, 0.5529534220695496, -0.12769736349582672, 0.40237176418304443, 0.850230872631073, -0.31447991728782654, 0.3206459879875183, -0.20667478442192078, -0.13871170580387115, 5.168770790100098, 4.239805698394775, 1.0410668849945068, 0.07246946543455124, -0.4092792570590973, 0.5581695437431335, -0.08509404212236404, 0.290459007024765, 0.8974187970161438, -0.3209860920906067, 0.05563369393348694, 0.20244497060775757, 0.014196199364960194, -2.1754465103149414, -1.5825488567352295, 2.378322124481201, 0.05854862928390503, -0.35308757424354553, 0.55785071849823, -0.19200588762760162, 0.9408067464828491, 0.27429139614105225, -0.0527319610118866, 0.07327989488840103, 0.17698359489440918, -0.20984196662902832, -6.289953231811523, -3.1764304637908936, -2.6998074054718018, 0.017944185063242912, -0.32524949312210083, 0.5631861686706543, -0.482270210981369, 0.7963920831680298, 0.364910364151001, 0.003942944575101137, -0.06269368529319763, 0.005864454433321953, 0.07381805777549744, 3.484710931777954, 4.985377311706543, 3.3021535873413086, -0.01790681667625904, -0.39358091354370117, 0.506495475769043, 0.44501879811286926, -0.7149891257286072, 0.5379201173782349, 0.03729156032204628, 0.19376328587532043, 0.07665011286735535, -0.2438628226518631, 7.570367813110352, 2.2090506553649902, 6.112558841705322, 0.04610193893313408, -0.1148596853017807, -0.03108128160238266, 0.0034001178573817015, 0.0008512313943356276, 0.0013125173281878233, 0.22927480936050415, -0.23961171507835388, 0.2703280448913574, 0.008313262835144997, -0.0015485028270632029, -0.0025088940747082233, 0.11487594991922379, 0.09618040919303894, -0.09291310608386993, -0.0021870918571949005, -0.0002833733451552689, 0.0004910676507279277, -0.008928047493100166, 0.36268293857574463, -0.09290026128292084, -0.01726416125893593, -0.0005744870868511498, 0.0010628013405948877, 0.6023374795913696, -0.029287001118063927, -0.25972867012023926, 0.0025460957549512386, 0.011343423277139664, 0.0020862435922026634, -1.0, 0.3834797441959381, -1.0, -1.0, -0.07529737800359726, -1.0, 0.20862069725990295, 0.005349019542336464, 1.0, 0.967787504196167, 1.0, 1.0, -1.0, 1.0, -0.5356037020683289, 1.0, -1.0, 0.2601432800292969, -1.0, -0.5065608024597168]
[-0.8873734474182129, 0.4128059446811676, -0.7561108469963074, -0.5291289687156677, 0.0663013830780983, 0.2661847770214081, -0.7371893525123596, -0.21900734305381775, -0.14579448103904724, 0.04312583804130554, 0.2774859070777893, 0.6779664754867554, 0.7577134370803833, 0.8121525645256042, 0.9684157371520996, -0.9154743552207947, 0.9147039651870728, -0.14532971382141113, 0.20973095297813416, 0.8130797147750854, -0.9985612034797668, 0.5618041157722473, -0.6839425563812256, 0.08453349769115448, -0.1194801852107048, -0.024918099865317345, -0.16446086764335632, -0.7847295999526978, -0.24110296368598938, -0.09911050647497177, -0.24038057029247284, 0.49843835830688477, 0.18478083610534668, 0.052763134241104126, 0.6307260990142822, 0.7662614583969116, 0.43742403388023376, 0.21944287419319153, 0.0240462739020586, -0.0667969211935997, 0.15478768944740295, -0.7788231372833252, -0.9442641139030457, 0.4475226104259491, -0.004187444224953651, -0.13727863132953644, -0.3882625699043274, -0.7217419743537903, 0.5950633883476257, 0.6611074209213257, 0.013781464658677578, 0.0491720587015152, 0.02130686491727829, 0.007281838450580835, 0.02032661624252796, 0.032229259610176086, 0.00877457857131958, 0.0024250561837106943, -0.00664116395637393, 0.00016515085007995367, -0.01372631173580885, -0.0008325000526383519, 0.040369294583797455, 0.0024746940471231937, -0.0010452787391841412, 0.0003029763465747237, -0.005254755727946758, -0.02434355951845646, 0.021039491519331932, 0.015031708404421806, 0.030879134312272072, 0.0257094856351614, 0.030060064047574997, -0.4059874415397644, 0.5369921922683716, 0.5259262323379517, 0.24293513596057892, 0.8148375153541565, 0.020588010549545288, 0.13289709389209747, -0.0844375416636467, -0.12274525314569473, -0.2983464002609253, -0.9376924633979797, 1.1768736839294434, 0.0, -0.38999998569488525, 0.47999998927116394, 0.012645297683775425, 0.2464054822921753, 0.9690790772438049, 0.0032153106294572353, -0.033212240785360336, 0.49506834149360657, -0.14385059475898743, 0.8562192916870117, 0.05723589286208153, -0.41845935583114624, 0.5494197607040405, -0.11502920091152191, 0.3563527762889862, 0.8662068247795105, -0.33085739612579346, 0.29690784215927124, -0.16261504590511322, -0.14318494498729706, 4.303164958953857, 3.847355842590332, 1.2070426940917969, 0.07333431392908096, -0.4060734510421753, 0.5591986775398254, -0.09805933386087418, 0.31368497014045715, 0.883771538734436, -0.33306726813316345, -0.008997498080134392, 0.21609386801719666, 0.04396685212850571, -2.752290964126587, -2.1904377937316895, 1.9187463521957397, 0.05876290053129196, -0.34894028306007385, 0.5554709434509277, -0.17488284409046173, 0.9589147567749023, 0.2208947092294693, -0.0332261361181736, 0.07385115325450897, 0.16313157975673676, -0.17878645658493042, -6.364026069641113, -2.825319290161133, -2.6232194900512695, 0.018224075436592102, -0.325459361076355, 0.5637279152870178, -0.4872211515903473, 0.76887446641922, 0.413011372089386, -0.0294792503118515, -0.07879471778869629, 0.0065857055597007275, 0.11724772304296494, 3.9531757831573486, 6.067318439483643, 3.6312813758850098, -0.016011813655495644, -0.3937678337097168, 0.504651665687561, 0.48280099034309387, -0.722867488861084, 0.49431198835372925, 0.004612290766090155, 0.12914441525936127, 0.06818739324808121, -0.16555695235729218, 5.2341718673706055, 1.677075982093811, 3.818218946456909, 0.05585368722677231, -0.07951744645833969, 0.32478469610214233, 0.006089077331125736, -0.0002810521691571921, 0.00040582678047940135, 0.14687278866767883, -0.017850788310170174, 0.20823824405670166, 0.002157294424250722, -0.0014405841939151287, -0.0016671662451699376, 0.1157277524471283, 0.05850900709629059, -0.19718901813030243, 4.513503881753422e-05, 0.0006862282752990723, -0.000897433259524405, -0.04573724418878555, 0.1539137065410614, -0.011170432902872562, -0.002946050139144063, -6.749083240720211e-06, 0.0008457452058792114, 0.6602880358695984, -0.16080480813980103, -0.30155378580093384, 0.0032901763916015625, 0.015144878067076206, 0.001085210358723998, -1.0, 0.44618311524391174, -1.0, -1.0, -0.05247833579778671, -1.0, 0.250181645154953, 0.03501073271036148, 1.0, 1.0, 1.0, 1.0, -1.0, 1.0, -0.6005358099937439, 1.0, -1.0, 0.27205657958984375, -1.0, -0.2603190839290619]
[-0.9155256152153015, 0.40569591522216797, -0.7949768304824829, -0.606864333152771, 0.0332554467022419, 0.25563982129096985, -0.7894274592399597, -0.16773316264152527, -0.13571715354919434, 0.04772362858057022, 0.41487541794776917, 0.7504086494445801, 0.8001396656036377, 0.8487667441368103, 0.9733947515487671, -0.9299914240837097, 0.9289895296096802, -0.20821720361709595, 0.11710593849420547, 0.845266580581665, -0.9989096522331238, 0.5309870839118958, -0.7399354577064514, 0.053169846534729004, -0.09680952876806259, -0.06298650056123734, -0.15705271065235138, -0.6851110458374023, -0.3389200270175934, -0.10723060369491577, -0.2070615142583847, 0.4814513623714447, 0.049875859171152115, 0.028905794024467468, 0.5251831412315369, 0.5952672362327576, 0.36824527382850647, 0.4287656247615814, 0.021370450034737587, -0.055695779621601105, 0.11990167200565338, -0.4748912751674652, -0.7464036345481873, 0.3690550625324249, -0.0021296301856637, -0.04390151426196098, -0.31966838240623474, -0.06440147012472153, 0.5429235696792603, -0.32614853978157043, 0.02611183002591133, 0.022883635014295578, 0.007530610077083111, 0.0015100358286872506, 0.02193593978881836, -0.01637357473373413, -0.010528560727834702, -0.004672684241086245, -0.015553348697721958, -0.05030311644077301, -0.01923486776649952, 0.0002614955883473158, -0.0006975166616030037, 0.00431201932951808, -0.009345072321593761, 0.019672971218824387, 0.01935279369354248, -0.006149812135845423, -0.013186726719141006, 0.005159480031579733, 0.012684529647231102, 0.022942768409848213, 0.032493844628334045, -0.40643200278282166, 0.5341506600379944, 0.4765087068080902, 0.27156829833984375, 0.8360292911529541, 0.01565556973218918, 0.13643983006477356, 0.011315909214317799, -0.19436609745025635, -0.358386367559433, -1.2565933465957642, 0.4868338704109192, 0.0, -0.38999998569488525, 0.47999998927116394, 0.012645297683775425, 0.2464054822921753, 0.9690790772438049, 0.0032153106294572353, -0.05583478882908821, 0.44821834564208984, -0.12646369636058807, 0.8831703662872314, 0.06145724281668663, -0.42025646567344666, 0.545776903629303, -0.1015729233622551, 0.3116634488105774, 0.879037618637085, -0.34618136286735535, 0.2797270715236664, -0.1584625542163849, -0.17015235126018524, 4.415839195251465, 4.039572715759277, 1.0505805015563965, 0.07378402352333069, -0.40329548716545105, 0.5600722432136536, -0.10980744659900665, 0.3331514000892639, 0.871492862701416, -0.34271350502967834, -0.01136890146881342, 0.16328221559524536, 0.01627320982515812, -1.852179765701294, -1.6172194480895996, 1.6141688823699951, 0.05927104130387306, -0.34549057483673096, 0.5532131195068359, -0.15817919373512268, 0.9730722904205322, 0.16679100692272186, -0.01704113930463791, 0.08670918643474579, 0.09004028141498566, -0.1650429368019104, -6.1728434562683105, -2.3497071266174316, -2.256950855255127, 0.018539514392614365, -0.3256758153438568, 0.5640555620193481, -0.48922833800315857, 0.741804301738739, 0.45477837324142456, -0.05965391546487808, -0.03995148837566376, -0.012426909059286118, 0.0705343559384346, 2.885468006134033, 4.388897895812988, 2.63907527923584, -0.01444658637046814, -0.3938497304916382, 0.5031296014785767, 0.5036815404891968, -0.7271933555603027, 0.4662868082523346, -0.008438472636044025, 0.08642496168613434, 0.03033548593521118, -0.12645138800144196, 2.4237706661224365, 1.6941940784454346, 1.4452730417251587, 0.13147404789924622, -0.07673178613185883, 0.07095391303300858, 0.00035905890399590135, -0.0004509620484896004, -0.000956168572884053, 0.16840817034244537, 0.04271635785698891, -0.15518347918987274, -0.0040319389663636684, -0.0010176438372582197, -0.0018979293527081609, 0.13936451077461243, -0.25510281324386597, -0.2327655404806137, -0.0035650464706122875, 0.0016940278001129627, -0.0024882014840841293, 0.048040375113487244, -0.3316512405872345, 0.053719937801361084, 0.014378026127815247, -0.0013064495287835598, 0.0003285433049313724, 0.49163007736206055, 0.001714033423922956, -0.0821247398853302, 0.001822113525122404, 0.015076689422130585, -0.0002591194643173367, -1.0, 0.34167590737342834, -1.0, -1.0, -0.1826944649219513, -1.0, 0.20669522881507874, -0.09203865379095078, 1.0, 1.0, 1.0, 1.0, -1.0, 1.0, -0.4278755784034729, 1.0, -1.0, 0.49282240867614746, -1.0, 0.12949027121067047]
[-0.9377409815788269, 0.38581883907318115, -0.8299458026885986, -0.6725727319717407, -0.007308265659958124, 0.24301470816135406, -0.8313513994216919, -0.11994336545467377, -0.14229179918766022, 0.04810766503214836, 0.5243571400642395, 0.8043489456176758, 0.8308839797973633, 0.8931957483291626, 0.9779983758926392, -0.9421497583389282, 0.9398381114006042, -0.2241183966398239, 0.0649167075753212, 0.8717122673988342, -0.9988843202590942, 0.5549828410148621, -0.7856089472770691, 0.08208261430263519, -0.0744851604104042, -0.18698537349700928, -0.1362936794757843, -0.5697953104972839, -0.3935045897960663, -0.1280733048915863, -0.15177199244499207, 0.433786541223526, -0.11395283043384552, -0.020031925290822983, 0.4028138220310211, 0.43180394172668457, 0.2389344424009323, 0.3715967833995819, 0.02002127468585968, -0.04663805291056633, 0.09236213564872742, 0.028079265728592873, -0.22846734523773193, 0.3030053973197937, 0.0011604017345234752, 0.11229320615530014, -0.25995880365371704, 0.43897709250450134, 0.5264537334442139, -1.1368383169174194, 0.030772985890507698, -0.023548636585474014, 0.000197857734747231, 0.0017655701376497746, 0.026205189526081085, -0.07124695926904678, -0.025929011404514313, -0.008580531924962997, -0.01492953859269619, -0.058370135724544525, -0.01721521094441414, -0.010871016420423985, -0.03767057880759239, 0.0057212174870073795, -0.017315512523055077, 0.029637377709150314, 0.034346532076597214, 0.009524581022560596, -0.04036252200603485, -0.0027029390912503004, -0.003392543876543641, 0.013109952211380005, 0.03508744016289711, -0.4060673415660858, 0.5298302173614502, 0.4235331118106842, 0.28585243225097656, 0.859063982963562, 0.030282026156783104, 0.15610261261463165, 0.01695650815963745, -0.29413464665412903, -0.32014307379722595, -1.4586520195007324, 0.08948703855276108, 0.0, -0.38999998569488525, 0.47999998927116394, 0.012645297683775425, 0.2464054822921753, 0.9690790772438049, 0.0032153106294572353, -0.06435667723417282, 0.39303141832351685, -0.12732970714569092, 0.9083896279335022, 0.06525999307632446, -0.4220978617668152, 0.5411986112594604, -0.08660086244344711, 0.2638958692550659, 0.8908405900001526, -0.35953062772750854, 0.26415401697158813, -0.17540296912193298, -0.2522510290145874, 4.75675106048584, 4.246746063232422, 0.8528516888618469, 0.07428012788295746, -0.40160122513771057, 0.5597726702690125, -0.1177361011505127, 0.34069201350212097, 0.8642908930778503, -0.35081082582473755, 0.01622023992240429, 0.06733530014753342, -0.057603031396865845, -0.29299014806747437, -0.5273920297622681, 1.1791274547576904, 0.060165759176015854, -0.34341779351234436, 0.5508337020874023, -0.14368048310279846, 0.9818400144577026, 0.12370330840349197, -0.006596716586500406, 0.08746421337127686, 0.02928493358194828, -0.16061623394489288, -4.054872989654541, -1.2605100870132446, -1.7479642629623413, 0.019087933003902435, -0.32615458965301514, 0.5633988380432129, -0.4906410574913025, 0.72710782289505, 0.47464245557785034, -0.07280059158802032, 0.026714811101555824, -0.03656688332557678, -0.049538325518369675, 0.9160316586494446, 0.790134072303772, 0.7338646650314331, -0.012974191457033157, -0.3939662277698517, 0.5013875365257263, 0.5143918991088867, -0.7289285659790039, 0.4517253041267395, -0.002866452094167471, 0.06643855571746826, -0.004802750423550606, -0.13262839615345, 0.29155388474464417, 2.068237781524658, 0.04683477059006691, 0.16900107264518738, -0.1527894139289856, -0.19925352931022644, -0.0005262709455564618, 3.3501059078844264e-05, -0.0014488754095509648, 0.20431160926818848, 0.05186852440237999, -0.4971531331539154, -0.0078025031834840775, -0.0007847899105399847, -0.002386844949796796, 0.12559568881988525, -0.22240595519542694, -0.10960981994867325, -0.014207106083631516, 0.0016986778937280178, -0.0024789769668132067, 0.12616334855556488, -0.649319589138031, 0.05251714587211609, 0.0246067363768816, -0.0023167759645730257, -0.0002436455397401005, 0.22812718152999878, 0.1520744264125824, 0.11868447065353394, 0.0004014114965684712, 0.009459919296205044, -0.0011001010425388813, -1.0, 0.16697396337985992, -1.0, -1.0, -0.24894121289253235, -1.0, 0.14529237151145935, -0.23113740980625153, 1.0, 1.0, 0.9445559978485107, 1.0, -1.0, 1.0, -0.11434419453144073, 1.0, -1.0, 0.9064270853996277, -1.0, 0.4327455461025238]
[-0.9547305107116699, 0.3514491021633148, -0.8595793843269348, -0.7276591062545776, -0.040881503373384476, 0.2303277552127838, -0.8633798956871033, -0.07947374880313873, -0.15043044090270996, 0.04537336155772209, 0.6100233793258667, 0.8446020483970642, 0.8492752909660339, 0.9234835505485535, 0.9819747805595398, -0.9522647857666016, 0.9487013220787048, -0.197184756398201, 0.060352224856615067, 0.893703043460846, -0.9819946885108948, 0.6114708185195923, -0.8227251768112183, 0.14244955778121948, -0.060365479439496994, -0.27458426356315613, -0.11337317526340485, -0.47916465997695923, -0.2659010589122772, -0.10535003989934921, -0.1272997111082077, 0.34775060415267944, -0.049753524363040924, -0.022970667108893394, 0.32235169410705566, 0.3287348449230194, 0.13314485549926758, 0.2101304829120636, 0.017373213544487953, -0.03855760395526886, 0.07966240495443344, 0.3653723895549774, 0.06195112690329552, 0.25327908992767334, 0.18682603538036346, 0.15420231223106384, -0.21178565919399261, 0.618309497833252, 0.11152710765600204, -0.7573444843292236, 0.017400547862052917, -0.01176302321255207, 0.01193302683532238, 0.007703011855483055, 0.0040421742014586926, -0.06998296827077866, -0.014376915991306305, -0.001881773816421628, -0.00918160192668438, -0.03794635832309723, -0.012638839893043041, -0.010884257033467293, -0.030864737927913666, 0.0031221467070281506, -0.010300972498953342, 0.018413666635751724, 0.015340261161327362, 0.003835453651845455, 0.040845438838005066, 0.02392473816871643, -0.003477900754660368, 0.0036014760844409466, 0.03758278489112854, -0.40569007396698, 0.5242030620574951, 0.3663993775844574, 0.288644403219223, 0.8828010559082031, 0.055660877376794815, 0.09277042001485825, 0.017073454335331917, -0.3476688265800476, -0.04860907047986984, -1.587862491607666, -0.09917685389518738, 0.0, -0.38999998569488525, 0.47999998927116394, 0.012645297683775425, 0.2464054822921753, 0.9690790772438049, 0.0032153106294572353, -0.06171798333525658, 0.3311196267604828, -0.13773414492607117, 0.9314397573471069, 0.06850221753120422, -0.423870712518692, 0.535615861415863, -0.07254869490861893, 0.2178424894809723, 0.9001145362854004, -0.37023642659187317, 0.22540657222270966, -0.15745386481285095, -0.31327077746391296, 4.232006072998047, 3.6523265838623047, 0.7348923683166504, 0.07487339526414871, -0.4009224772453308, 0.5581529140472412, -0.12327409535646439, 0.34029993414878845, 0.8610429167747498, -0.35721784830093384, 0.028617998585104942, 0.015839120373129845, -0.12222122400999069, 0.20854727923870087, -0.2749970853328705, 0.9776157140731812, 0.06128935143351555, -0.3424874544143677, 0.5482945442199707, -0.13153810799121857, 0.9863013625144958, 0.09951237589120865, -0.002143414691090584, 0.08205308020114899, 0.00597886648029089, -0.15791034698486328, -1.9497759342193604, -0.381976455450058, -1.376259684562683, 0.019871095195412636, -0.3269093334674835, 0.5617339015007019, -0.49291932582855225, 0.7270606160163879, 0.4730827808380127, -0.06786699593067169, 0.06774603575468063, -0.04659580811858177, -0.13139818608760834, -0.21149054169654846, -1.409800410270691, -0.48926377296447754, -0.011122637428343296, -0.3942028284072876, 0.49963027238845825, 0.5236913561820984, -0.7262116074562073, 0.44518426060676575, 0.013225972652435303, 0.1034213975071907, -0.024717437103390694, -0.10775962471961975, -0.9867215156555176, 2.3821709156036377, 0.2043323814868927, 0.08035213500261307, -0.19694676995277405, -0.05250830575823784, 0.004748810548335314, 0.0001826026855269447, -0.000946198997553438, 0.05899054557085037, -0.024116307497024536, -0.38411545753479004, -0.0022435185965150595, 0.0002931556664407253, -0.0005119407433085144, 0.04794137179851532, -0.09300879389047623, -0.0621197447180748, -0.012279389426112175, 0.001021940028294921, -0.0017756206216290593, 0.07164550572633743, -0.3460940420627594, 0.025989990681409836, 0.01014885026961565, -0.0013800666201859713, -0.0003745205467566848, 0.05835758522152901, -0.2931535840034485, 0.12186973541975021, 0.0015854347730055451, 0.0026677537243813276, -0.002722043776884675, -1.0, 0.09492399543523788, -1.0, -1.0, -0.17380502820014954, -1.0, 0.1344037652015686, -0.16803283989429474, 1.0, 1.0, 0.9065722823143005, 1.0, -1.0, 1.0, 0.07972294092178345, 1.0, -0.7879864573478699, 1.0, -1.0, 0.5442672967910767]
[-0.9702216386795044, 0.31453561782836914, -0.8554975986480713, -0.7685327529907227, -0.062027301639318466, 0.22118794918060303, -0.8916695713996887, -0.0441366508603096, -0.14384016394615173, 0.04519360139966011, 0.6785838603973389, 0.8743590116500854, 0.8480218648910522, 0.9353867173194885, 0.9849263429641724, -0.9605409502983093, 0.9567828178405762, -0.15566684305667877, 0.07147124409675598, 0.9124000668525696, -0.9262083768844604, 0.6682968139648438, -0.8533421158790588, 0.21388734877109528, -0.05664358660578728, -0.24902892112731934, 0.22333280742168427, -0.11389906704425812, -0.16433663666248322, -0.07165826112031937, -0.16804420948028564, 0.2815225422382355, 0.12119289487600327, 0.0216259453445673, 0.25701045989990234, 0.23712407052516937, -0.08846243470907211, 0.026135770604014397, 0.01127935852855444, -0.031466417014598846, 0.07302448898553848, 0.3927876055240631, 0.12485571205615997, 0.2155756801366806, 0.5211669206619263, 0.13682524859905243, -0.17634955048561096, 0.6802910566329956, 0.46021920442581177, 0.2457261085510254, 0.24615652859210968, 0.2683107256889343, 0.10886576026678085, 0.03331509232521057, -0.01687125489115715, -0.04790019243955612, -0.009860256686806679, -0.0004251067293807864, -0.007209797389805317, -0.015143589116632938, -0.018513651564717293, -0.01278796698898077, 0.016851183027029037, 0.0008618756546638906, -0.00023920774401631206, -0.0018222036305814981, 0.000545632909052074, -0.010101712308824062, 0.1067204475402832, 0.05107766389846802, 0.018173757940530777, 0.005216232500970364, 0.037579238414764404, -0.4059962332248688, 0.5192809700965881, 0.3005966544151306, 0.29185643792152405, 0.9016556143760681, 0.10713765025138855, -0.07408925145864487, -0.04366565868258476, -0.22043319046497345, -0.22291958332061768, -1.6990442276000977, -0.3607945740222931, 0.0, -0.38999998569488525, 0.47999998927116394, 0.012645297683775425, 0.2464054822921753, 0.9690790772438049, 0.0032153106294572353, -0.06104735657572746, 0.2544393241405487, -0.17130380868911743, 0.9498361945152283, 0.07067526131868362, -0.42550426721572876, 0.5303698778152466, -0.06163116171956062, 0.18179327249526978, 0.9073413610458374, -0.3740112781524658, 0.0759010836482048, -0.12215700000524521, -0.2148381918668747, 2.3753747940063477, 1.7300608158111572, -0.8664481043815613, 0.07530821859836578, -0.40035244822502136, 0.5562252402305603, -0.13043688237667084, 0.34331783652305603, 0.8567379713058472, -0.36210358142852783, 0.014401747845113277, 0.03553370013833046, -0.12431752681732178, -0.4225931167602539, -0.8669086694717407, 1.173550009727478, 0.06246303394436836, -0.34208863973617554, 0.5462131500244141, -0.12184333801269531, 0.9880398511886597, 0.0944867879152298, -0.0019069870468229055, 0.06724418699741364, 0.02108577825129032, -0.10457973927259445, 0.30205607414245605, 0.2812148332595825, -1.013397216796875, 0.020726323127746582, -0.32763051986694336, 0.5597783923149109, -0.4952709972858429, 0.7322060465812683, 0.4640560448169708, -0.05685777589678764, 0.07158368825912476, -0.036600638180971146, -0.133153036236763, -0.5013478398323059, -1.7573071718215942, -0.7181318402290344, -0.008150571957230568, -0.3945760726928711, 0.4987720251083374, 0.5376341938972473, -0.7145470380783081, 0.4463510811328888, 0.03380227088928223, 0.19564659893512726, -0.03868069127202034, -0.014021349139511585, -2.4980812072753906, 2.435696601867676, 1.2672345638275146, 1.229059100151062, -0.5903298258781433, 1.5145705938339233, 0.024460146203637123, -0.007260813843458891, -0.020525028929114342, -0.035294223576784134, 0.046012528240680695, -0.17048373818397522, 0.0002650811802595854, 0.001729588839225471, 0.0025980323553085327, 0.09610636532306671, 0.10771308839321136, -0.2049659937620163, -0.011172270402312279, 0.00024261852377094328, -0.001109392731450498, -0.011590193957090378, 0.040174700319767, 0.00785780232399702, 0.001148253446444869, -0.0003112309495918453, 0.0004982361570000648, 0.21713347733020782, -0.7246487140655518, -0.12302723526954651, 0.0040322570130229, 0.0017420942895114422, -0.004348671529442072, -1.0, 0.17723418772220612, -1.0, -1.0, -0.1302511990070343, -1.0, 0.16804176568984985, -0.04232855886220932, 1.0, 1.0, 0.754390299320221, 1.0, -1.0, 1.0, 0.08073240518569946, 1.0, -0.4266601800918579, 1.0, -1.0, 0.63295578956604]
[-0.9790365099906921, 0.3033923804759979, -0.8329966068267822, -0.7892463207244873, -0.050394874066114426, 0.21912352740764618, -0.9250696897506714, -0.009247636422514915, -0.10679672658443451, 0.05231276899576187, 0.7339780926704407, 0.8968175649642944, 0.795898973941803, 0.9277333617210388, 0.9842332601547241, -0.967191219329834, 0.964224636554718, -0.13261817395687103, 0.08235358446836472, 0.9309005737304688, -0.8343663811683655, 0.7052002549171448, -0.8838053345680237, 0.2683559060096741, -0.022748198360204697, 0.043248653411865234, -0.01010675448924303, -0.26202094554901123, 0.25255897641181946, 0.03667442128062248, -0.08846160024404526, 0.3582211434841156, 0.4602116644382477, 0.11524615436792374, 0.2115640640258789, 0.18928271532058716, -0.6890637278556824, -0.1617974489927292, -0.0078110783360898495, -0.02503241039812565, 0.06515554338693619, 0.11738844215869904, 0.07070938497781754, 0.2055446207523346, 0.7826068997383118, 0.09470029920339584, -0.16819941997528076, 0.42328500747680664, 0.5658252835273743, 2.8474700450897217, -0.059243105351924896, 0.11593912541866302, 0.04771783947944641, 0.015518127009272575, 0.03422168269753456, 0.16780956089496613, 0.05847872048616409, 0.018181193619966507, -0.007799020502716303, 0.021841248497366905, -0.045604463666677475, -0.01923794485628605, 0.1273638904094696, -0.004649861250072718, 0.022255780175328255, -0.018323365598917007, -0.010674787685275078, -0.07033484429121017, 0.19688954949378967, 0.09931744635105133, 0.08101747184991837, 0.015141526237130165, 0.037797871977090836, -0.4072067439556122, 0.5177608728408813, 0.27845489978790283, 0.27969789505004883, 0.9177337884902954, 0.04468423128128052, 0.019926680251955986, -0.051857512444257736, -0.025136681273579597, -0.008751414716243744, -0.2141682654619217, 1.2864302396774292, 0.0, -0.38999998569488525, 0.47999998927116394, 0.012645297683775425, 0.2464054822921753, 0.9690790772438049, 0.0032153106294572353, -0.04458446800708771, 0.24812868237495422, -0.10542772710323334, 0.9619405269622803, 0.07115005701780319, -0.4261147677898407, 0.5285857915878296, -0.05955379456281662, 0.17470815777778625, 0.9096887111663818, -0.3720170259475708, 0.023676835000514984, 0.009734094142913818, -0.027731426060199738, -0.2910272479057312, -0.19059604406356812, 0.1674432009458542, 0.07454655319452286, -0.3985947370529175, 0.5562553405761719, -0.14360587298870087, 0.36572444438934326, 0.8443452715873718, -0.3642853796482086, -0.13815495371818542, 0.1763501912355423, 0.03211073577404022, -3.4371941089630127, -3.4404232501983643, 0.6643750667572021, 0.06307957321405411, -0.34147003293037415, 0.5463366508483887, -0.11357707530260086, 0.9871536493301392, 0.11232738196849823, -0.0032367538660764694, 0.011383851990103722, 0.09976188093423843, 0.08787123113870621, 3.063650131225586, 0.5879904627799988, -0.8799340724945068, 0.021038182079792023, -0.3275982737541199, 0.5588092803955078, -0.49700531363487244, 0.7375282049179077, 0.4544551968574524, -0.05008280277252197, 0.008634873665869236, 0.026743311434984207, -0.037355951964855194, -0.9108580350875854, -1.0299453735351562, -0.2837240695953369, -0.004401017911732197, -0.39479514956474304, 0.4998686909675598, 0.5574609041213989, -0.6933846473693848, 0.45370855927467346, 0.051024485379457474, 0.2598063051700592, -0.01877596788108349, 0.16431020200252533, -3.4092822074890137, 1.8026158809661865, 2.826897382736206, -0.33062830567359924, -0.17116010189056396, 0.8909885883331299, 0.012950725853443146, -0.00021015238598920405, 0.0061857132241129875, 0.08432911336421967, -0.09630661457777023, 1.1588354110717773, 0.016736594960093498, -0.005405457224696875, -0.0030041770078241825, 0.1559627652168274, 0.5534507036209106, -0.7226352691650391, -0.010936185717582703, -0.0014043134870007634, -0.0010254171211272478, -0.24263374507427216, 0.5477493405342102, 0.10750886797904968, -0.0024585474748164415, 0.0032086079008877277, 0.0017113045323640108, 0.7674514651298523, -1.4962646961212158, -0.7598720788955688, 0.010354168713092804, 0.0028623007237911224, -0.005689304322004318, -1.0, 0.5606167912483215, -1.0, -1.0, 0.17916271090507507, -1.0, 0.2802121043205261, 0.23892293870449066, 1.0, 1.0, 0.278560072183609, 1.0, -1.0, 1.0, -0.11380475759506226, 1.0, -0.10048996657133102, 1.0, -1.0, 0.487392395734787]
[-0.9846289157867432, 0.31851449608802795, -0.8370782136917114, -0.8155744075775146, -0.08406773954629898, 0.21686317026615143, -0.9421106576919556, 0.03411480039358139, -0.06475652009248734, 0.06609848141670227, 0.7796984910964966, 0.9148401021957397, 0.7106335759162903, 0.903924286365509, 0.9854509830474854, -0.9726123213768005, 0.9725525975227356, -0.1996309459209442, 0.07545697689056396, 0.9442543983459473, -0.7502287030220032, 0.7494819164276123, -0.9060620069503784, 0.3005996346473694, -0.019978947937488556, 0.15303421020507812, -0.010009653866291046, -0.21295957267284393, -0.6095719933509827, -0.11595574766397476, -0.06361498683691025, 0.42631959915161133, 0.35168275237083435, 0.12747247517108917, 0.17487119138240814, 0.15317615866661072, -0.838927686214447, -0.26244935393333435, 0.010823833756148815, -0.02090189978480339, 0.07428067922592163, -1.0080698728561401, -0.21324168145656586, 0.14306804537773132, 0.5082136988639832, 0.11461826413869858, -0.1214718222618103, 0.2319527119398117, 0.06329242885112762, 1.027220606803894, 0.008587238378822803, 0.08736339211463928, -0.028698567301034927, -0.025628969073295593, 0.00161762407515198, 0.06253161281347275, 0.004464746918529272, -0.002214101143181324, -0.006030193530023098, 0.004918578080832958, -0.0100718904286623, -0.004681258462369442, 0.04989065229892731, -0.0019675935618579388, 0.006739008240401745, -0.07096866518259048, -0.04184596985578537, -0.03370392322540283, -0.07847869396209717, -0.03976378217339516, 0.030474355444312096, 0.002270451746881008, 0.038151033222675323, -0.40759173035621643, 0.5181887149810791, 0.2557540833950043, 0.2967623472213745, 0.9200648665428162, -0.0016098986379802227, 0.02235131897032261, -0.013232075609266758, 0.06392179429531097, -0.07686343789100647, -0.13030913472175598, 1.3320685625076294, 0.0, -0.38999998569488525, 0.47999998927116394, 0.012645297683775425, 0.2464054822921753, 0.9690790772438049, 0.0032153106294572353, -0.06003447622060776, 0.23756232857704163, -0.05474814772605896, 0.9679684042930603, 0.07215079665184021, -0.42649388313293457, 0.528354287147522, -0.05104731395840645, 0.15674571692943573, 0.9123724102973938, -0.37470170855522156, 0.11123061925172806, -0.07184179127216339, 0.029033994302153587, 2.6716158390045166, 2.9308571815490723, 0.03908853605389595, 0.07260654866695404, -0.3958030045032501, 0.5583299398422241, -0.1593041867017746, 0.4017777740955353, 0.8261463642120361, -0.36149516701698303, -0.16550855338573456, 0.21098542213439941, 0.08801694214344025, -3.8020803928375244, -3.618034839630127, 0.5393848419189453, 0.06320271641016006, -0.3404588997364044, 0.5482710003852844, -0.10679974406957626, 0.9838355779647827, 0.14368242025375366, -0.004064744804054499, -0.005038741044700146, 0.12301784753799438, 0.1545436680316925, 3.9895706176757812, 0.5816105008125305, -0.6656330823898315, 0.02063852921128273, -0.32732129096984863, 0.560003399848938, -0.4974008798599243, 0.7271642088890076, 0.468707799911499, -0.06432408094406128, -0.09070129692554474, 0.00943760946393013, 0.17623893916606903, 2.0962748527526855, 4.091354846954346, 2.3203258514404297, -0.001062905415892601, -0.3946726322174072, 0.5022129416465759, 0.575269341468811, -0.6696901321411133, 0.4654455780982971, 0.06277508288621902, 0.18615540862083435, 0.009410052560269833, 0.16378416121006012, -2.655548334121704, 0.9604586362838745, 2.2491648197174072, 0.029174569994211197, 0.5165530443191528, 0.18584133684635162, -0.017880674451589584, -0.0009186225943267345, -0.0006502895266748965, -0.02764994651079178, 0.1531221866607666, 0.32230716943740845, 8.27319745440036e-05, -0.00105751003138721, 3.443946843617596e-05, 0.05732521042227745, 0.16137650609016418, -0.20567254722118378, -0.00226061069406569, -0.0002770936698652804, -0.0011208371724933386, -0.0815594345331192, 0.9092876315116882, -0.3153429627418518, -0.028206653892993927, 0.0012101816246286035, 0.0003283623664174229, 0.1897750198841095, 0.4908590316772461, -0.31707751750946045, -0.000524763367138803, -0.0007659473922103643, 0.006009327247738838, -1.0, 0.5224074125289917, -1.0, -1.0, -0.5976706743240356, -1.0, 0.31363654136657715, 0.1253768354654312, 1.0, 1.0, 0.18806280195713043, 1.0, -1.0, 1.0, -1.0, 1.0, -0.43287694454193115, 1.0, -1.0, 0.40732839703559875]
[-0.9899398684501648, 0.3381075859069824, -0.8358961939811707, -0.8346562385559082, -0.16204753518104553, 0.18310903012752533, -0.9553756713867188, 0.07290820777416229, -0.04705868288874626, 0.0760413408279419, 0.817503809928894, 0.9292469024658203, 0.6414718627929688, 0.8777823448181152, 0.9887041449546814, -0.977238118648529, 0.9791202545166016, -0.31608566641807556, 0.02543650008738041, 0.9538219571113586, -0.7045906186103821, 0.7949069738388062, -0.9225330352783203, 0.31456485390663147, -0.01843411475419998, 0.13126495480537415, 0.005689680110663176, -0.13925069570541382, -0.7806912064552307, -0.5877174735069275, -0.05557277426123619, 0.3186821937561035, 0.06337577104568481, 0.056050777435302734, 0.1446230411529541, 0.1230388805270195, -0.5322743654251099, -0.21452580392360687, 0.015773653984069824, -0.01795588806271553, 0.05207290127873421, -1.1130913496017456, -0.8328593373298645, 0.10604535788297653, 0.22842362523078918, 0.10731043666601181, -0.0920812115073204, 0.07499908655881882, 0.07894407957792282, -0.27656304836273193, 0.004970701411366463, 0.005178840830922127, -0.0029591822531074286, -0.024142224341630936, 0.0034424737095832825, -0.04584900289773941, -0.03587675839662552, -0.015866123139858246, -0.0038976490031927824, -0.010370088741183281, 0.020669782534241676, 0.01113903895020485, -0.00241544796153903, 0.0009721873211674392, -0.004881121218204498, -0.0033000134862959385, -0.03263452649116516, 0.0005394312902353704, -0.11369721591472626, -0.05859439820051193, -0.0014170369831845164, -0.00481916218996048, 0.038357675075531006, -0.4076539874076843, 0.5191651582717896, 0.23123791813850403, 0.3174630105495453, 0.9188045263290405, -0.039300207048654556, 0.008731459267437458, 0.0023293383419513702, 0.060786228626966476, -0.26203855872154236, -0.3070703148841858, 1.086283802986145, 0.0, -0.38999998569488525, 0.47999998927116394, 0.012645297683775425, 0.2464054822921753, 0.9690790772438049, 0.0032153106294572353, -0.08000782132148743, 0.2231738120317459, -0.011924616061151028, 0.9714165329933167, 0.07333722710609436, -0.4272122085094452, 0.5282891392707825, -0.03237738087773323, 0.11540984362363815, 0.9183154702186584, -0.3772650361061096, 0.14034779369831085, -0.11170334368944168, 0.022243497893214226, 4.796836853027344, 4.97152042388916, -0.1426255851984024, 0.07097963243722916, -0.39334776997566223, 0.5604904890060425, -0.17019377648830414, 0.42783138155937195, 0.8115994334220886, -0.35958394408226013, -0.09925103187561035, 0.1399916410446167, 0.08029118180274963, -2.087479829788208, -1.8826801776885986, 0.4398524761199951, 0.06321347504854202, -0.3394325375556946, 0.5501226186752319, -0.10152973979711533, 0.9802284240722656, 0.16979221999645233, -0.003802646417170763, -0.0009459045249968767, 0.09395568072795868, 0.10733820497989655, 2.507845401763916, 0.2513931393623352, -0.5413891673088074, 0.02019396238029003, -0.3273564875125885, 0.5622066855430603, -0.49446696043014526, 0.698886513710022, 0.5076395273208618, -0.0967574492096901, -0.10593140125274658, -0.013363773934543133, 0.23704643547534943, 4.010460376739502, 7.098596572875977, 3.636223077774048, 0.0009540976025164127, -0.39439645409584045, 0.5039927363395691, 0.5869847536087036, -0.653624415397644, 0.47277334332466125, 0.06862448155879974, 0.1007293313741684, 0.017518213018774986, 0.09440002590417862, -1.2819021940231323, 0.5931653380393982, 1.4463073015213013, 0.034427013248205185, 0.2928868532180786, -0.04530361294746399, -0.01974892057478428, 0.00015345793508458883, -0.00029121057013981044, 0.03504464030265808, 0.2703748345375061, -0.37840133905410767, -0.011810501106083393, -0.00010313945676898584, -0.00040955079020932317, 0.024153439328074455, -0.2242649346590042, 0.17940805852413177, 0.007775064557790756, 0.0005000593373551965, -0.0006166863022372127, 0.03079516999423504, 0.3843859136104584, -0.06822188198566437, -0.026868734508752823, -0.000579772109631449, -0.00013953025336377323, -0.12847387790679932, 0.8067495226860046, -0.0020359850022941828, -0.003302588127553463, -0.002763578202575445, 0.006184075493365526, -1.0, 0.4342156946659088, -1.0, -1.0, -0.6492737531661987, -1.0, 0.23702186346054077, -0.06467839330434799, 1.0, 1.0, 0.3834163248538971, 1.0, -1.0, 1.0, -0.9874991774559021, 1.0, -0.6127540469169617, 1.0, -1.0, 0.3321470320224762]
[-0.9944738149642944, 0.34955066442489624, -0.8336107134819031, -0.8490487933158875, -0.2313082218170166, 0.10153467208147049, -0.965376079082489, 0.10000544041395187, -0.05291541665792465, 0.07776975631713867, 0.8487713932991028, 0.9413109421730042, 0.5890392065048218, 0.857988715171814, 0.9924164414405823, -0.9812051653862, 0.9835629463195801, -0.4238218367099762, -0.09317393600940704, 0.9611876606941223, -0.686177134513855, 0.8342124819755554, -0.9352921843528748, 0.31541624665260315, -0.014896049164235592, 0.05069735273718834, 0.00303314789198339, -0.11412214487791061, -0.5655931830406189, -0.8130542635917664, -0.03848092630505562, 0.2097836583852768, -0.11690695583820343, -0.015130564570426941, 0.11964990198612213, 0.10478514432907104, -0.458258718252182, -0.16865992546081543, 0.014754383824765682, -0.015315460041165352, 0.03268301859498024, -0.9319705367088318, -1.2299346923828125, 0.08430515229701996, 0.07820402830839157, 0.08898326754570007, -0.07281556725502014, -0.027344826608896255, 0.09280946850776672, -0.8058749437332153, 0.0022264055442065, -0.04416947811841965, 0.006585406139492989, 0.004164600279182196, 0.006039739120751619, -0.06963519006967545, -0.03100285679101944, -0.011685065925121307, -0.0025672526098787785, -0.015870163217186928, 0.008199479430913925, 0.0039619384333491325, -0.024500956758856773, 0.0027373877819627523, -0.008372660726308823, 0.014967814087867737, -0.00021524931071326137, 0.016777433454990387, -0.07994358241558075, -0.04178967326879501, -0.01485730055719614, -0.006581856869161129, 0.038304101675748825, -0.40754929184913635, 0.5195841789245605, 0.19993510842323303, 0.3424105644226074, 0.9161999225616455, -0.0579540953040123, -0.007321269251406193, 0.00599689781665802, 0.006897585466504097, -0.4867327809333801, -0.6467079520225525, 0.6922189593315125, 0.0, -0.38999998569488525, 0.47999998927116394, 0.012645297683775425, 0.2464054822921753, 0.9690790772438049, 0.0032153106294572353, -0.10469052940607071, 0.1975484937429428, 0.01417277380824089, 0.9745839238166809, 0.07433607429265976, -0.42790520191192627, 0.5277450084686279, -0.008232018910348415, 0.05898401141166687, 0.9235628843307495, -0.37879350781440735, 0.12968923151493073, -0.11250390112400055, -0.03217078745365143, 5.097305774688721, 5.1096978187561035, -0.16302767395973206, 0.07015712559223175, -0.3919214904308319, 0.5618082880973816, -0.1745496541261673, 0.4377099871635437, 0.8052329421043396, -0.3599197268486023, -0.036722443997859955, 0.061711765825748444, 0.04698943346738815, -0.496322363615036, -0.38697803020477295, 0.28005972504615784, 0.06330078840255737, -0.33871665596961975, 0.55134516954422, -0.09718874096870422, 0.9769476652145386, 0.19003894925117493, -0.0035518447402864695, 0.005788142327219248, 0.0654732882976532, 0.072425477206707, 2.3668289184570312, 0.32382702827453613, -0.44112059473991394, 0.02004988305270672, -0.32772961258888245, 0.564113438129425, -0.4857170283794403, 0.6537898778915405, 0.5629538893699646, -0.14042964577674866, -0.07597798854112625, -0.0502634160220623, 0.23588794469833374, 4.91184139251709, 8.267827033996582, 3.9940576553344727, 0.002002264838665724, -0.3941894471645355, 0.5047825574874878, 0.5953055620193481, -0.6452374458312988, 0.47370731830596924, 0.06986528635025024, 0.05122065171599388, 0.01597585156559944, 0.021299514919519424, -0.14220070838928223, 0.5561272501945496, 0.9783700108528137, 0.026808084920048714, -0.11292732506990433, -0.19729399681091309, 0.002470690291374922, 0.0005813213065266609, 7.356595597229898e-05, 0.06825029104948044, 0.11739148944616318, -0.4814622104167938, -0.00992419384419918, -7.271259619301418e-06, -0.0008620472508482635, 0.006208149716258049, -0.20654743909835815, 0.12143157422542572, 0.0008637264836579561, 0.0007981499074958265, -0.00027585317729972303, 0.0753631591796875, -0.1363004446029663, -0.05334936082363129, -0.0022597559727728367, -0.0012378416722640395, -0.0005005125422030687, -0.23069711029529572, 0.5983284115791321, 0.14597097039222717, -0.002897117519751191, -0.002890701638534665, 0.0038197082467377186, -1.0, 0.3452521860599518, -1.0, -1.0, -0.5205379724502563, -1.0, 0.1944245994091034, -0.15755021572113037, 1.0, 1.0, 0.33258500695228577, 1.0, -1.0, 1.0, -0.931826651096344, 1.0, -0.6755513548851013, 1.0, -1.0, 0.2806994318962097]
[-0.9977531433105469, 0.34221938252449036, -0.8325477838516235, -0.860927164554596, -0.27425169944763184, 0.029238829389214516, -0.972131073474884, 0.11647681146860123, -0.06591925024986267, 0.07449495792388916, 0.8746117949485779, 0.9495816826820374, 0.5205880403518677, 0.8379479050636292, 0.9930029511451721, -0.9836289882659912, 0.9864012002944946, -0.5084327459335327, -0.21291311085224152, 0.9670431017875671, -0.6771299242973328, 0.8659524321556091, -0.9452817440032959, 0.31117480993270874, -0.009784399531781673, -0.1137327179312706, -2.6412355509819463e-05, -0.09464559704065323, -0.3079122006893158, -0.5271962285041809, -0.026480957865715027, 0.1167948991060257, -0.12267621606588364, -0.038025617599487305, 0.09891486167907715, -0.021443843841552734, -0.7215979099273682, -0.2180687040090561, -0.053792666643857956, 0.005648863967508078, 0.024953508749604225, -0.6996061205863953, -0.9890488982200623, 0.06776722520589828, 0.05567912384867668, 0.07116051018238068, -0.0574926994740963, -0.04573145508766174, 0.11047058552503586, -1.5364015102386475, 0.0032415329478681087, -0.09217268228530884, -0.005753317382186651, 0.015953676775097847, 0.005916118621826172, -0.09675884246826172, -0.022713206708431244, -0.004531943239271641, -0.001106190960854292, -0.08729960769414902, -0.029702747240662575, -0.011766097508370876, -0.14951932430267334, 0.01512076798826456, -0.05322325602173805, 0.0029524730052798986, 0.0149163156747818, 0.036590687930583954, -0.05518525838851929, -0.028006568551063538, -0.03141676262021065, -0.00861607026308775, 0.03802316263318062, -0.40741974115371704, 0.5186163187026978, 0.15997877717018127, 0.3705282509326935, 0.9132645130157471, -0.055349200963974, -0.01980513706803322, 0.0033152035903185606, -0.09584568440914154, -0.6151458621025085, -0.9855802655220032, 0.3520735800266266, 0.0, -0.38999998569488525, 0.47999998927116394, 0.012645297683775425, 0.2464054822921753, 0.9690790772438049, 0.0032153106294572353, -0.13282351195812225, 0.1583133041858673, 0.021839985623955727, 0.9781708121299744, 0.07514974474906921, -0.4286215603351593, 0.5259169340133667, 0.010874646715819836, 0.010657436214387417, 0.9252420663833618, -0.37907135486602783, 0.097576804459095, -0.10120517760515213, -0.14455746114253998, 3.8141636848449707, 3.526273250579834, -0.08336639404296875, 0.07009454071521759, -0.39169740676879883, 0.561610996723175, -0.17508184909820557, 0.4355674088001251, 0.8056022524833679, -0.3614310920238495, 0.015324622392654419, -0.022329622879624367, -0.04317820444703102, 0.6450380086898804, 0.439423143863678, 0.17321667075157166, 0.06367688626050949, -0.33891066908836365, 0.552165150642395, -0.0930517390370369, 0.9703764319419861, 0.22287507355213165, -0.006128647364675999, 0.021332018077373505, 0.012495715171098709, 0.08361948281526566, 5.246682167053223, 1.107649803161621, -0.2982124090194702, 0.02044188790023327, -0.32872042059898376, 0.5652525424957275, -0.47327524423599243, 0.6057005524635315, 0.6141641139984131, -0.17871683835983276, 0.009771528653800488, -0.1015380248427391, 0.17941516637802124, 4.606889247894287, 7.131136894226074, 3.038902759552002, 0.002701150719076395, -0.394153892993927, 0.5044103860855103, 0.603141725063324, -0.641816258430481, 0.46862876415252686, 0.06840232014656067, 0.03957498073577881, 0.00989154726266861, -0.06506431847810745, 0.6887701153755188, 0.8208202719688416, 0.8046861290931702, 0.038733210414648056, -0.20689712464809418, -0.4553447663784027, 0.012850220315158367, 0.0010609353194013238, 0.0002742974611464888, 0.10465536266565323, -0.1090865433216095, -0.6039382815361023, -0.0061682420782744884, 0.0006423215963877738, -0.001079175854101777, -0.01817704737186432, -0.3309495747089386, -0.2792818248271942, -0.01673034019768238, 0.0012113087577745318, 0.00015480602451134473, -0.050435084849596024, -0.3970998525619507, -0.3963722288608551, 0.008959818631410599, -0.004054213874042034, 0.0001552705216454342, -0.35920652747154236, 0.4383556842803955, 0.33624473214149475, -0.0025943389628082514, -0.002868764102458954, 0.001640033908188343, -1.0, 0.15412195026874542, -1.0, -1.0, -0.4082522690296173, -1.0, 0.15518419444561005, -0.14254294335842133, 1.0, 1.0, 0.04582526162266731, 1.0, -1.0, 1.0, -0.8733003735542297, 1.0, -0.650565505027771, 1.0, -1.0, 0.2793923318386078]
[-0.999997079372406, 0.3063986599445343, -0.8309817910194397, -0.8708339929580688, -0.28761613368988037, -0.005846870597451925, -0.975713849067688, 0.11983872205018997, -0.06153566762804985, 0.07301048934459686, 0.8959486484527588, 0.9358051419258118, 0.41239699721336365, 0.8080549836158752, 0.989783525466919, -0.9845146536827087, 0.9884264469146729, -0.5720187425613403, -0.30007004737854004, 0.9715946316719055, -0.6716678738594055, 0.8921646475791931, -0.9529330730438232, 0.3022271990776062, 1.1336337593093049e-05, -0.33977505564689636, 0.0018229400739073753, -0.07814005762338638, -0.027507830411195755, -0.15979145467281342, -0.012567688710987568, -0.01889183558523655, 0.12507592141628265, 0.015929900109767914, 0.08173302561044693, -0.18857534229755402, -1.1458711624145508, -0.3585061728954315, 0.0017126398161053658, -0.00840996764600277, 0.01539971586316824, -0.5268527269363403, -0.6899583339691162, 0.05276298522949219, 0.028879905119538307, 0.06001471355557442, -0.044843640178442, -0.10246001929044724, 0.42654943466186523, -2.0776023864746094, 0.015997763723134995, -0.12912394106388092, -0.016469066962599754, 0.014168723486363888, 0.01314172986894846, -0.12438863515853882, -0.013038123957812786, 0.003977254033088684, -0.000263175112195313, -0.05213484540581703, -0.02316529117524624, -0.015258017927408218, -0.05208377167582512, 0.0057094101794064045, -0.012907321564853191, 0.01080513745546341, 0.014767269603908062, 0.05235689878463745, -0.08064062893390656, -0.03833605721592903, -0.04219958558678627, -0.012539350427687168, 0.03756832331418991, -0.4074368476867676, 0.5155267715454102, 0.11103523522615433, 0.39886215329170227, 0.909618079662323, -0.03427877649664879, -0.0321640744805336, -0.010306088253855705, -0.23309342563152313, -0.6460834741592407, -1.2602462768554688, 0.11484340578317642, 0.0, -0.38999998569488525, 0.47999998927116394, 0.012645297683775425, 0.2464054822921753, 0.9690790772438049, 0.0032153106294572353, -0.16160359978675842, 0.10582845658063889, 0.01382757443934679, 0.9810675382614136, 0.07583943009376526, -0.429512083530426, 0.5219616889953613, 0.020597446709871292, -0.021123947575688362, 0.924964189529419, -0.378907173871994, 0.05942815914750099, -0.09496773779392242, -0.29295700788497925, 2.4448461532592773, 1.7293950319290161, -0.035007722675800323, 0.07073453813791275, -0.3927740752696991, 0.5591215491294861, -0.17571225762367249, 0.42800113558769226, 0.8091127276420593, -0.3623213469982147, 0.051984887570142746, -0.10688216984272003, -0.1949266791343689, 1.0847108364105225, 0.35276612639427185, 0.07987256348133087, 0.06469745188951492, -0.3413749635219574, 0.5529137849807739, -0.08810235559940338, 0.9528881311416626, 0.2898910641670227, -0.014331427402794361, 0.04700194299221039, -0.07822854816913605, 0.11435570567846298, 9.843910217285156, 2.2649080753326416, -0.19653435051441193, 0.02153914049267769, -0.33070823550224304, 0.5653802752494812, -0.4605127274990082, 0.5613676309585571, 0.6562736630439758, -0.20518067479133606, 0.05036674439907074, -0.17074428498744965, 0.08472289890050888, 4.421963691711426, 5.519747734069824, 2.274653196334839, 0.0032953964546322823, -0.3943343162536621, 0.5024853944778442, 0.6124377250671387, -0.6428960561752319, 0.4555724859237671, 0.06370537728071213, 0.024171609431505203, 0.007887928746640682, -0.1858474314212799, 1.9623008966445923, 1.266162633895874, 0.7242075800895691, 0.11462771892547607, -0.14066246151924133, -0.6547257304191589, 0.012058787047863007, 0.0014104193542152643, 9.864052844932303e-05, 0.18956483900547028, -0.34111136198043823, -0.700949490070343, -0.0011394168250262737, 0.0005618871655315161, -0.0016780754085630178, -0.00728139141574502, -0.26829028129577637, -0.16236001253128052, -0.019282374531030655, 0.0012921916786581278, 0.000939620949793607, 0.29182276129722595, -0.3735077381134033, -0.18476040661334991, 0.009164652787148952, -0.0019173647742718458, -0.0025177819188684225, -0.49599653482437134, 0.6226668357849121, 0.4338335692882538, -0.0035579667892307043, -0.004603405017405748, 0.001867036335170269, -1.0, -0.09786406904459, -1.0, -1.0, -0.2564827501773834, -1.0, 0.06833215802907944, 0.05326530337333679, 1.0, 0.7794792056083679, -0.34093794226646423, 1.0, -1.0, 1.0, -0.8468580842018127, 1.0, -0.6712234020233154, 1.0, -1.0, 0.2292756885290146]
[-0.9994542598724365, 0.2348037213087082, -0.8287853002548218, -0.8794394135475159, -0.26231318712234497, -0.008211782202124596, -0.9757189750671387, 0.09953505545854568, -0.004756837617605925, 0.08334178477525711, 0.9135386943817139, 0.899066686630249, 0.2666533589363098, 0.7203744649887085, 0.9999942183494568, -0.986444890499115, 0.9938744306564331, -0.6217645406723022, -0.36281201243400574, 0.9752799272537231, -0.6567976474761963, 0.9127490520477295, -0.9590328335762024, 0.30095580220222473, 0.0025670318864285946, -0.6088786721229553, 0.004623854998499155, -0.072227843105793, 0.3690590262413025, 0.06697604805231094, 0.000827451643999666, -0.27994683384895325, 0.7325690984725952, 0.18017710745334625, 0.06740959733724594, -0.42680174112319946, -1.454628825187683, -1.3070772886276245, 3.6653877032222226e-05, -0.011530587449669838, 0.041284170001745224, -0.4204288125038147, -0.521329402923584, 0.04415329545736313, 0.14654402434825897, 0.04564356431365013, -0.03635120019316673, 0.03467632457613945, 0.003116871230304241, -2.3590281009674072, -0.0003094009298365563, -0.1544325351715088, -0.019367195665836334, 0.00737511133775115, 0.006093951407819986, -0.16483637690544128, -0.004299575462937355, 0.01387116126716137, -0.001743439817801118, -0.04981497302651405, -0.016086136922240257, -0.0451347790658474, -0.17554259300231934, 0.011733658611774445, -0.07366703450679779, -0.01681729219853878, 0.0007024435908533633, 0.06087442860007286, -0.02814938873052597, -0.013380935415625572, -0.05286949872970581, -0.010220040567219257, 0.038962505757808685, -0.40909281373023987, 0.5116515159606934, 0.05065124109387398, 0.4027797281742096, 0.9117732644081116, 0.06222826614975929, 0.10316535830497742, -0.135268896818161, -0.27183860540390015, -0.13033755123615265, -2.2714481353759766, -1.6068477630615234, 0.0, -0.38999998569488525, 0.47999998927116394, 0.012645297683775425, 0.2464054822921753, 0.9690790772438049, 0.0032153106294572353, -0.166283518075943, 0.023517079651355743, -0.06475995481014252, 0.9836680889129639, 0.07622582465410233, -0.4305131435394287, 0.5153065323829651, 0.020552685484290123, -0.03705582767724991, 0.9245544075965881, -0.37868669629096985, 0.020958125591278076, -0.07721191644668579, -0.46381324529647827, 1.392003059387207, 0.1534057855606079, -0.010214269161224365, 0.07192537188529968, -0.3951866030693054, 0.5534526705741882, -0.18100480735301971, 0.4241101145744324, 0.811082124710083, -0.35987988114356995, 0.07676529139280319, -0.1749265491962433, -0.4206578731536865, 0.5505914688110352, -0.9029449224472046, 0.028981436043977737, 0.06653007864952087, -0.3467973470687866, 0.5528209805488586, -0.07980158925056458, 0.9093248844146729, 0.407278448343277, -0.02973717637360096, 0.0895451232790947, -0.2033260017633438, 0.16005393862724304, 18.40313148498535, 4.127325534820557, -0.1406860649585724, 0.022849230095744133, -0.3338485062122345, 0.5639849901199341, -0.4501647353172302, 0.5188612341880798, 0.6924691796302795, -0.22050176560878754, 0.10294272750616074, -0.24813617765903473, -0.004480311647057533, 4.884468078613281, 4.914707660675049, 1.8005847930908203, 0.00413085799664259, -0.39465293288230896, 0.4988541305065155, 0.6236682534217834, -0.6459422707557678, 0.43630126118659973, 0.05863114446401596, 0.050448108464479446, 0.00824764370918274, -0.2938666343688965, 2.264955520629883, 1.8169840574264526, 0.7880856394767761, 0.02165891043841839, -0.018682004883885384, -0.7451695203781128, 0.007094880566000938, 0.0015739090740680695, 0.0008425457635894418, 0.13869738578796387, -0.5556275248527527, -0.8150839805603027, 0.005536748096346855, 0.0013016723096370697, -0.0014609865611419082, -0.07160453498363495, 0.005458618514239788, -0.21557344496250153, -0.0450529009103775, 0.0015523004112765193, 0.0010077955666929483, 0.1226332038640976, -0.11255975067615509, -0.59035724401474, -0.000985952909104526, -0.0031991098076105118, -0.001421123743057251, -0.5033857822418213, 0.2753828167915344, 0.5836166739463806, -0.0023790935520082712, -0.002165868878364563, -0.0006496143760159612, -1.0, -0.41511353850364685, -1.0, -1.0, 0.021495796740055084, -1.0, -0.13092975318431854, 0.5320950746536255, 1.0, 0.5829532146453857, -0.6401968598365784, 1.0, -1.0, 1.0, -0.8492520451545715, 1.0, -0.5241098999977112, 1.0, -1.0, 0.34347420930862427]
[-0.996944785118103, 0.13690383732318878, -0.8285335898399353, -0.8888689875602722, -0.16530193388462067, 0.011761654168367386, -0.975405752658844, 0.06216009333729744, 0.1162412017583847, 0.11368711292743683, 0.9280695915222168, 0.8849866390228271, 0.1568259298801422, 0.5645485520362854, 0.9997061491012573, -0.9887368679046631, 0.9955942034721375, -0.627159833908081, -0.4000038206577301, 0.9795307517051697, -0.5748820304870605, 0.9216957092285156, -0.9655194878578186, 0.3617505729198456, 0.011172770522534847, -0.7372215390205383, -0.0021338665392249823, -0.08100401610136032, 1.1723443269729614, 0.3037968575954437, -0.0013921571662649512, -0.37752068042755127, 1.3194289207458496, 0.3776301145553589, 0.055992335081100464, 0.027624046429991722, -0.776594340801239, -1.366541862487793, -0.0025404009502381086, -0.008945734240114689, 0.0018892529187723994, 0.1473706066608429, -0.13412582874298096, 0.053828250616788864, 0.8317179679870605, 0.017271405085921288, -0.0407937727868557, 0.8342591524124146, 0.03397676721215248, -0.7917594313621521, 0.0011517632519826293, -0.05059708654880524, 0.03424447029829025, 0.026696253567934036, 0.0019647805020213127, -0.051394663751125336, 0.0213265772908926, 0.01876346580684185, -0.004119147080928087, 0.10968446731567383, 0.09155702590942383, 0.04107706993818283, -0.03683112934231758, 0.0044464184902608395, -0.01672135852277279, 0.03342059999704361, 0.032896172255277634, 0.02117081545293331, 0.19346073269844055, 0.0938991829752922, -0.013775386847555637, 0.016232963651418686, 0.040901198983192444, -0.41133061051368713, 0.5057461261749268, -0.0033571624662727118, 0.3887520134449005, 0.9075722694396973, 0.15866011381149292, 0.11842971295118332, -0.133828267455101, -0.38744860887527466, 0.11428791284561157, -2.0991170406341553, -1.6153963804244995, 0.0, -0.38999998569488525, 0.47999998927116394, 0.012645297683775425, 0.2464054822921753, 0.9690790772438049, 0.0032153106294572353, -0.15511776506900787, -0.05257463455200195, -0.14509299397468567, 0.9757676124572754, 0.07589702308177948, -0.4308870732784271, 0.5072100758552551, 0.0074260421097278595, -0.02688528783619404, 0.9250601530075073, -0.37879493832588196, -0.08863791078329086, 0.027731163427233696, -0.48729708790779114, -1.7170671224594116, -3.1633949279785156, -0.0746581107378006, 0.07296064496040344, -0.3978627324104309, 0.5451879501342773, -0.19486591219902039, 0.4347850978374481, 0.8055994510650635, -0.35213449597358704, 0.02272353321313858, -0.13643918931484222, -0.5734946131706238, -1.204585313796997, -3.132948875427246, -0.0870082825422287, 0.06854677200317383, -0.35202133655548096, 0.5499858856201172, -0.06762262433767319, 0.8455765843391418, 0.5275029540061951, -0.04656131938099861, 0.09779325872659683, -0.17638008296489716, -0.047003041952848434, 13.689746856689453, 3.4532153606414795, -0.43636441230773926, 0.0247613824903965, -0.3376028537750244, 0.5612403154373169, -0.44248777627944946, 0.4866134822368622, 0.7194525599479675, -0.22315867245197296, 0.11909636855125427, -0.23016591370105743, -0.15179336071014404, 3.199702739715576, 1.665384292602539, -0.029093101620674133, 0.007136155851185322, -0.3947598934173584, 0.49501097202301025, 0.6373969316482544, -0.6353710889816284, 0.43062824010849, 0.06773445755243301, 0.24187752604484558, -0.0045395358465611935, -0.20902566611766815, -2.1880784034729004, 1.889909029006958, 1.750849723815918, 0.013811375014483929, -0.48207932710647583, -0.05281499773263931, 0.019465066492557526, 0.0005795113975182176, 0.00030112965032458305, 0.05317928269505501, -0.4653666019439697, -0.13677087426185608, 0.011782966554164886, 0.0006179590709507465, -0.0004309185897000134, -0.020559735596179962, -0.6108563542366028, 0.8744707107543945, 0.031914226710796356, 0.0005402234382927418, 0.0004476784961298108, 0.10262008756399155, -0.6143712997436523, -0.0313245914876461, 0.02368060126900673, -0.0007458903710357845, -0.0011668859515339136, 0.26018744707107544, -1.2746505737304688, 0.27466291189193726, 0.005161146633327007, 0.012069962918758392, -0.010301229543983936, -1.0, -0.5031205415725708, -1.0, -1.0, 0.6707277297973633, -1.0, -0.1833585947751999, 1.0, 1.0, 1.0, -0.16158978641033173, 1.0, -1.0, 1.0, -0.4355360269546509, 1.0, 0.2567692697048187, 1.0, -1.0, 1.0]
[-0.9929625988006592, 0.028914177790284157, -0.8277459144592285, -0.8981837034225464, -0.009116058237850666, 0.055066801607608795, -0.9751017689704895, 0.012769811786711216, 0.25641971826553345, 0.1799740046262741, 0.9402140378952026, 0.8950538039207458, 0.09410089999437332, 0.4555020332336426, 0.9998326301574707, -0.9905113577842712, 0.9942366480827332, -0.609232485294342, -0.4015491306781769, 0.984343945980072, -0.39919450879096985, 0.9235431551933289, -0.9212620854377747, 0.4559055268764496, 0.014396384358406067, -0.7708529829978943, 0.0031035689171403646, -0.07258079200983047, 1.583357334136963, 0.48473188281059265, -0.00023145652085077018, -0.49981576204299927, 1.2829145193099976, 1.0057839155197144, 0.04687304422259331, 0.12826864421367645, -0.47228050231933594, -0.7386211156845093, 5.611987035081256e-06, -0.006956915836781263, -0.021469062194228172, 0.17528799176216125, 0.037711430341005325, 0.05636231228709221, 1.5023102760314941, 0.007462942507117987, 0.43715426325798035, 0.8877742886543274, -0.05624409392476082, 0.16817913949489594, -0.004196766298264265, 0.01965230330824852, 0.024609152227640152, 0.015039672143757343, -0.001380272675305605, -0.017202842980623245, -0.01632305234670639, 0.0270206481218338, -0.003801677841693163, 0.0367899052798748, 0.034416314214468, 0.03385688737034798, -0.0012597369495779276, 0.0007215238874778152, -0.0019228080054745078, 0.0002387995191384107, 0.0033090878278017044, -0.007307220250368118, 0.19516384601593018, 0.09625928103923798, 0.058767132461071014, 0.019435491412878036, 0.043015602976083755, -0.41356489062309265, 0.497824102640152, -0.04942233860492706, 0.3631299138069153, 0.8958806991577148, 0.2511807978153229, 0.1282440721988678, -0.1341848075389862, -0.5097545981407166, 0.31976157426834106, -1.9369325637817383, -1.639582872390747, 0.0, -0.38999998569488525, 0.47999998927116394, 0.012645297683775425, 0.2464054822921753, 0.9690790772438049, 0.0032153106294572353, -0.13448688387870789, -0.11994761973619461, -0.22376373410224915, 0.9578391313552856, 0.07467376440763474, -0.4303636848926544, 0.49902233481407166, -0.017647163942456245, 0.010366551578044891, 0.9258092045783997, -0.3774365186691284, -0.16896939277648926, 0.11154025048017502, -0.4812302887439728, -3.721316337585449, -5.174554824829102, -0.3273046314716339, 0.07389648258686066, -0.4004095196723938, 0.535571813583374, -0.21370938420295715, 0.456426203250885, 0.7940278649330139, -0.3398868441581726, 0.023190436884760857, -0.11967863887548447, -0.6607895493507385, -2.652367353439331, -4.772637844085693, -0.31122535467147827, 0.07029231637716293, -0.3557637333869934, 0.5452856421470642, -0.05494510382413864, 0.792993426322937, 0.6038166284561157, -0.05956362560391426, 0.09480921924114227, -0.16673259437084198, -0.17162270843982697, 8.73970890045166, 2.676248788833618, -0.4809494912624359, 0.026665737852454185, -0.3414013087749481, 0.5577056407928467, -0.438824862241745, 0.4673404395580292, 0.7367391586303711, -0.21503688395023346, 0.11910128593444824, -0.2254793643951416, -0.18354900181293488, 2.8844680786132812, 1.1049050092697144, -0.4706233739852905, 0.01305285096168518, -0.39445075392723083, 0.49278733134269714, 0.6553969979286194, -0.6011693477630615, 0.4484070837497711, 0.08933743834495544, 0.442148894071579, 0.010636372491717339, -0.04044396057724953, -5.7350053787231445, 1.0593371391296387, 3.818561553955078, -0.024842629209160805, -0.27033528685569763, 0.18517719209194183, 0.010984642431139946, -4.000035914941691e-05, 0.0002066321758320555, -0.018145890906453133, -0.2765289545059204, -0.14046567678451538, 0.022872714325785637, 0.00020844311802648008, 0.00017595477402210236, 0.0007780551677569747, -0.43842440843582153, 0.2844626009464264, 0.027280522510409355, 0.00029267434729263186, -0.00017130450578406453, -0.009005043655633926, -0.034522224217653275, 0.0017597314435988665, 0.0027912543155252934, 0.00011218922736588866, 1.618659371160902e-05, 0.7161054015159607, -1.4063286781311035, -0.13250300288200378, 0.0070317271165549755, 0.007977803237736225, -0.009410754777491093, -1.0, -0.5846652984619141, -1.0, -1.0, 1.0, -1.0, -0.3123878240585327, 1.0, 1.0, 1.0, -0.12246240675449371, 1.0, -1.0, 0.977422297000885, -0.500696063041687, 1.0, 0.9523183703422546, 1.0, -0.39638370275497437, 1.0]
[-0.9929912090301514, -0.061762962490320206, -0.8356584906578064, -0.912228524684906, 0.1540268212556839, 0.10966723412275314, -0.971888542175293, -0.05408072471618652, 0.36034828424453735, 0.300493985414505, 0.9505124092102051, 0.909126877784729, 0.04640709236264229, 0.3967363238334656, 1.0002471208572388, -0.9874887466430664, 1.0000050067901611, -0.5884754061698914, -0.395947128534317, 1.0000360012054443, -0.24956537783145905, 0.8436076641082764, -0.8351131081581116, 0.540874719619751, -0.0075919367372989655, -0.564052939414978, -0.01173535268753767, -0.1372753530740738, 1.465430498123169, 0.5686578154563904, 0.03795895352959633, -0.8155997395515442, 0.40093857049942017, 0.8421592116355896, 0.039672285318374634, 0.13437208533287048, -0.4227002263069153, -0.4614504277706146, 0.015909859910607338, 0.059073127806186676, 0.0970098003745079, 0.20354104042053223, 0.061378296464681625, 0.0026006221305578947, 0.5582065582275391, -0.48370251059532166, 0.37526270747184753, 0.633060097694397, -0.10471183061599731, 1.674550175666809, 0.04833623394370079, 0.08682118356227875, 0.0018240924691781402, -0.0009988805977627635, 0.007240105886012316, -0.08365033566951752, -0.20188376307487488, -0.11395645141601562, -0.004823239985853434, 0.03978365659713745, 0.00890454463660717, 0.007639066316187382, 0.09950476884841919, 0.00992113258689642, 0.12834160029888153, 0.05280277878046036, 0.018665127456188202, -0.1931448131799698, -0.3099430203437805, -0.24239136278629303, 0.00837465189397335, -0.020187608897686005, 0.044539675116539, -0.4148254692554474, 0.48968514800071716, -0.05187409371137619, 0.3439931273460388, 0.9025623798370361, 0.25369057059288025, 0.12420371919870377, 0.001547154039144516, -0.26299580931663513, 0.4849441945552826, 0.5280042290687561, 0.684215247631073, 0.0, -0.38999998569488525, 0.47999998927116394, 0.012645297683775425, 0.2464054822921753, 0.9690790772438049, 0.0032153106294572353, -0.11433500796556473, -0.12308802455663681, -0.22581225633621216, 0.9595758318901062, 0.07340797036886215, -0.42902716994285583, 0.4922564923763275, -0.045317646116018295, 0.057566650211811066, 0.923774778842926, -0.37586233019828796, -0.15921439230442047, 0.15130847692489624, -0.36725035309791565, -4.252694129943848, -5.344903945922852, -0.29573163390159607, 0.07549788057804108, -0.40282705426216125, 0.5266422033309937, -0.23204122483730316, 0.4823418855667114, 0.7791259288787842, -0.32629120349884033, 0.17631450295448303, -0.20046554505825043, -0.5055926442146301, 1.0285438299179077, -0.2218264937400818, -0.3136264383792877, 0.07170414179563522, -0.3583149015903473, 0.5410129427909851, -0.044742513447999954, 0.754622757434845, 0.6509895324707031, -0.06895805895328522, 0.0758022740483284, -0.11001048237085342, -0.13222335278987885, 6.177913665771484, 1.9321037530899048, -0.33659276366233826, 0.028055300936102867, -0.34404635429382324, 0.554265022277832, -0.43706852197647095, 0.4563543498516083, 0.747611403465271, -0.20442326366901398, 0.06800493597984314, -0.10869620740413666, -0.18669772148132324, 1.714951992034912, -0.04517650604248047, -1.0283539295196533, 0.017681024968624115, -0.39404743909835815, 0.4907263219356537, 0.6612537503242493, -0.5751876831054688, 0.46801283955574036, 0.11343088001012802, 0.086652971804142, -0.027141401544213295, -0.149662584066391, -1.9582089185714722, -0.3974919319152832, -1.484784483909607, 0.22711563110351562, 0.12296628952026367, 0.4145950376987457, 0.0008456137729808688, -0.0020697261206805706, -0.004682463593780994, -0.07219070941209793, 2.150418281555176, -1.4306687116622925, -0.08170019090175629, -0.002251928672194481, 0.0005437162471935153, 0.06492111831903458, 0.19262909889221191, 0.18169239163398743, 0.010528502985835075, -1.987490031751804e-05, -0.0012767056468874216, -0.17581123113632202, -0.4769519567489624, 0.6346493363380432, 0.011510848067700863, -0.0006627650000154972, -0.0013354197144508362, -0.28089213371276855, 2.7547357082366943, -0.6208176612854004, -0.013001012615859509, -0.01569332368671894, 0.03394446521997452, -1.0, -0.3451942205429077, -1.0, -1.0, 1.0, -1.0, -0.3851408362388611, 1.0, 1.0, 1.0, -0.19048923254013062, 1.0, -1.0, 0.9911069273948669, -0.4594046473503113, 1.0, 1.0, 1.0, -0.16979797184467316, 1.0]
[-0.9918292164802551, -0.12876249849796295, -0.8320444226264954, -0.9184513688087463, 0.2036038488149643, 0.18063470721244812, -0.9684605002403259, -0.14268077909946442, 0.3538583219051361, 0.3634967505931854, 0.9591048359870911, 0.9221019148826599, 0.03149576112627983, 0.35989633202552795, 0.9993537068367004, -0.9792513251304626, 0.9999163746833801, -0.5667997598648071, -0.3888726532459259, 1.0000170469284058, -0.15345709025859833, 0.6952649354934692, -0.7713862061500549, 0.6036041975021362, 0.01554582267999649, -0.4157428741455078, 0.010835228487849236, 0.015401563607156277, -0.07605600357055664, 0.5133420825004578, -0.009857497178018093, -0.7610275745391846, -0.15370485186576843, 0.31098148226737976, 0.032890476286411285, 0.11585590988397598, 0.014206773601472378, -0.19358958303928375, -0.008662817068397999, 0.01020823884755373, -0.0019555913750082254, 0.19558227062225342, 0.06724712997674942, -0.00014789092529099435, 0.8972246050834656, -0.2238801270723343, 0.4894472658634186, 0.5940116047859192, 0.4720727205276489, 1.6044600009918213, 0.0009514190023764968, 0.14028391242027283, -0.06267799437046051, -0.051814399659633636, 0.00015902967425063252, 0.130100280046463, 0.018168888986110687, -0.02382536605000496, -0.00330248661339283, 0.02198941633105278, 0.027810070663690567, 0.02377830259501934, 0.06952863931655884, -0.009990130551159382, 0.01685071364045143, 0.003586620558053255, 0.0009092328837141395, -0.05920552462339401, 0.22226130962371826, 0.16598837077617645, 0.08494135737419128, 0.028612736612558365, 0.0476284921169281, -0.4162848889827728, 0.4859936535358429, -0.024206681177020073, 0.33490049839019775, 0.9255170822143555, 0.1751393973827362, 0.2524431049823761, -0.10065337270498276, -0.12004107236862183, 0.31176942586898804, 1.2774078845977783, 1.8196725845336914, 0.0, -0.38999998569488525, 0.47999998927116394, 0.012645297683775425, 0.2464054822921753, 0.9690790772438049, 0.0032153106294572353, -0.09878512471914291, -0.07724014669656754, -0.15654855966567993, 0.9796776175498962, 0.07281319051980972, -0.4286288619041443, 0.4865202307701111, -0.059957705438137054, 0.07936923205852509, 0.9226962924003601, -0.3724743723869324, -0.023410333320498466, -0.007000904530286789, -0.3209005892276764, 0.20740154385566711, -0.5881537795066833, -0.26605987548828125, 0.07869609445333481, -0.4063279330730438, 0.5187755227088928, -0.22590455412864685, 0.45571714639663696, 0.7956616282463074, -0.32895514369010925, 0.1867687851190567, -0.21254774928092957, -0.3696346879005432, 3.896965265274048, 3.1694107055664062, 0.14303453266620636, 0.07256535440683365, -0.35965442657470703, 0.5375217795372009, -0.03735708072781563, 0.732317328453064, 0.6758072972297668, -0.07483431696891785, 0.03708052262663841, -0.05178184434771538, -0.15986306965351105, 2.1361308097839355, 1.0470620393753052, -0.26879826188087463, 0.029106762260198593, -0.3459700345993042, 0.5516946315765381, -0.4353069067001343, 0.44954508543014526, 0.7552972435951233, -0.1947898417711258, 0.05527300387620926, -0.09328705072402954, -0.1275075078010559, 1.1625502109527588, 0.12564580142498016, -0.742980420589447, 0.0200624018907547, -0.3938227891921997, 0.48904237151145935, 0.6546841263771057, -0.5664805173873901, 0.48364344239234924, 0.12875311076641083, 0.22341524064540863, 0.005340469069778919, 0.026754023507237434, -4.238168239593506, -0.7033600807189941, 0.9363759160041809, -0.0054973578080534935, 1.0572940111160278, 0.24307338893413544, -0.03595498949289322, -0.0007136786007322371, 0.0009083128534257412, -0.008051599375903606, 0.6783818006515503, 0.6219105124473572, -0.01364964060485363, 0.00034236954525113106, 0.0013092817971482873, 0.13379865884780884, -0.09591691941022873, 0.27428027987480164, 0.02233954891562462, -0.0006856688996776938, -0.0011624187463894486, -0.12475066632032394, 0.09007878601551056, 0.23994632065296173, 0.0022604146506637335, 0.0017072467599064112, 0.0030219675973057747, 1.1194496154785156, -2.122000217437744, -0.3765546679496765, 0.01565662771463394, 0.010701538063585758, -0.013961425051093102, -1.0, -0.3236044943332672, -1.0, -1.0, -0.12181761115789413, -1.0, -0.5504247546195984, 0.249103844165802, 1.0, 1.0, 0.12112851440906525, 1.0, -1.0, 1.0, -0.45299315452575684, 1.0, 1.0, 1.0, -0.15312232077121735, 1.0]
[-0.9882758855819702, -0.2057531177997589, -0.8297933340072632, -0.9188377261161804, 0.11971374601125717, 0.18918810784816742, -0.9691317081451416, -0.219366192817688, 0.3343285024166107, 0.37083613872528076, 0.96607905626297, 0.922820508480072, 0.03864991292357445, 0.353452205657959, 1.0000064373016357, -0.9800127148628235, 1.0000056028366089, -0.5845018029212952, -0.3877274692058563, 1.0000011920928955, -0.024801190942525864, 0.6412751078605652, -0.7135201096534729, 0.6666333675384521, -0.006160721182823181, -0.6143171191215515, -0.046053677797317505, 0.0057318867184221745, -1.1516400575637817, -0.2080792486667633, 0.005096056964248419, -0.6813969612121582, -0.1820068508386612, -0.026934877038002014, 0.026621226221323013, -0.05521813780069351, 0.09228064864873886, 0.002452677581459284, -6.196678441483527e-05, -0.009551840834319592, -0.00014550588093698025, -0.35382193326950073, -0.05768376588821411, 1.742044696584344e-05, 0.8883234858512878, -0.10457073897123337, 0.3286519944667816, 0.5926222801208496, -1.005723237991333, -1.5325456857681274, -0.05557829141616821, -0.07963713258504868, -0.08675585687160492, -0.05101408436894417, -0.0077714379876852036, -0.04451834410429001, 0.0030897557735443115, -0.0008412636816501617, 0.001274384674616158, -0.05817697197198868, -0.00923959445208311, 0.002650593174621463, -0.10066033154726028, 0.0022151486482471228, -0.02284957468509674, -0.04479747265577316, -0.023841841146349907, 0.06864878535270691, 0.012647852301597595, 0.029014073312282562, -0.06932714581489563, -0.023076258599758148, 0.05182885751128197, -0.41791605949401855, 0.4824100136756897, 0.005712875630706549, 0.33247286081314087, 0.9408882856369019, 0.064484141767025, 0.11170682311058044, -0.12487435340881348, -0.33247098326683044, 0.4595522880554199, 4.12454080581665, 5.285792827606201, 0.0, -0.38999998569488525, 0.47999998927116394, 0.012645297683775425, 0.2464054822921753, 0.9690790772438049, 0.0032153106294572353, -0.09114949405193329, -0.021181823685765266, -0.05666845291852951, 0.9939978718757629, 0.07328446954488754, -0.429223895072937, 0.4783368706703186, -0.046407490968704224, 0.02926758863031864, 0.9263306260108948, -0.37269461154937744, 0.16214795410633087, -0.1394147276878357, -0.5562317371368408, 7.594592094421387, 6.0908203125, 0.6689292192459106, 0.0814056247472763, -0.4093685448169708, 0.5099292993545532, -0.21220950782299042, 0.40767768025398254, 0.8219442367553711, -0.3364127576351166, 0.20036551356315613, -0.21274319291114807, -0.4937126040458679, 5.756575107574463, 4.670423984527588, 0.33434125781059265, 0.07342199981212616, -0.36141112446784973, 0.5332154631614685, -0.03025694563984871, 0.7181891202926636, 0.6904739737510681, -0.08083617687225342, 0.0689082220196724, -0.1224677711725235, -0.25142523646354675, 2.5083277225494385, 1.428574562072754, -0.0850437730550766, 0.030379801988601685, -0.3486868441104889, 0.5491345524787903, -0.429697185754776, 0.42742079496383667, 0.7715989947319031, -0.1931491643190384, 0.10372032225131989, -0.22029747068881989, -0.09873692691326141, 3.8242082595825195, 2.8139264583587646, 1.0824856758117676, 0.024030305445194244, -0.3927958905696869, 0.4873458445072174, 0.6578080654144287, -0.5433085560798645, 0.5033296346664429, 0.13697996735572815, 0.2651260793209076, 0.06756038218736649, -0.1121378093957901, -2.7264022827148438, -0.3795134425163269, 1.9580836296081543, -0.30454152822494507, 0.8199799060821533, -0.9339901208877563, -0.03871438652276993, 0.002166201826184988, 0.0032811122946441174, -0.0865250676870346, -0.27988898754119873, -0.24494171142578125, -0.005039597861468792, 0.0006723608821630478, -0.0008967681205831468, -0.19011351466178894, -0.3385368287563324, -0.27483412623405457, -0.0024274582974612713, 0.001657019485719502, 0.0011493448400869966, 0.11852886527776718, 0.3686682879924774, -0.4360944628715515, -0.018311817198991776, -2.5342334993183613e-05, -0.0014666842762380838, -0.9199612140655518, -0.36332276463508606, 0.43663638830184937, 0.0031862466130405664, -0.008356883190572262, -0.003100699745118618, -1.0, -0.8330088257789612, -1.0, -1.0, -0.7554642558097839, -1.0, -0.6234318017959595, 0.22868652641773224, 1.0, 0.8535489439964294, 0.10522748529911041, 1.0, -1.0, 1.0, -0.8952268362045288, 1.0, 1.0, 1.0, -0.5508424043655396, 1.0]
[-0.995309054851532, -0.2920973598957062, -0.82426917552948, -0.9221265316009521, 0.0908370241522789, 0.16940103471279144, -0.9622983336448669, -0.26851698756217957, 0.3397638499736786, 0.3693273067474365, 0.9718743562698364, 0.7822858691215515, 0.09941933304071426, 0.36431339383125305, 1.0000083446502686, -0.9826536178588867, 0.9863389730453491, -0.636591374874115, -0.4001297652721405, 0.9987747669219971, 0.010609236545860767, 0.6566376090049744, -0.7124126553535461, 0.7239624857902527, -0.03150392696261406, -0.60335373878479, 0.019937627017498016, -0.05034175142645836, 0.20356173813343048, -0.0665745884180069, -0.0006808795151300728, -0.33183833956718445, 0.1755559742450714, 0.021098151803016663, 0.02222159132361412, -1.9691098928451538, 0.7952866554260254, 0.19737014174461365, -0.0001326272904407233, -0.0116584999486804, -0.19831928610801697, -0.5499464273452759, -0.16006767749786377, -0.0211480762809515, -0.03404449671506882, 0.13802123069763184, -0.15809915959835052, 0.4976186454296112, -0.15288671851158142, 0.4969315528869629, -0.0395984873175621, 0.020611340180039406, 0.09393755346536636, 0.04921659082174301, -0.01860434003174305, 0.09562570601701736, 0.05437072366476059, 0.020450130105018616, -0.003445594571530819, -0.38562989234924316, -0.11037102341651917, -0.01757265068590641, 0.012994915246963501, 0.0006912120152264833, -0.0456283763051033, -0.030866283923387527, -0.014933924190700054, -0.010036660358309746, -0.3649638593196869, -0.17279201745986938, -0.05622720345854759, -0.025539742782711983, 0.053448986262083054, -0.4195997416973114, 0.47638198733329773, 0.07717493921518326, 0.32108619809150696, 0.9327871799468994, -0.14441493153572083, 0.0640358030796051, -0.08664331585168839, -0.38692644238471985, 0.3006017804145813, 2.911524772644043, 3.794384002685547, 0.0, -0.38999998569488525, 0.47999998927116394, 0.012645297683775425, 0.2464054822921753, 0.9690790772438049, 0.0032153106294572353, -0.07923972606658936, 0.09961028397083282, 0.12799260020256042, 0.9835735559463501, 0.07349813729524612, -0.42866578698158264, 0.46987563371658325, -0.035905349999666214, -0.015086738392710686, 0.9270727634429932, -0.3728529214859009, 0.0002485089935362339, 0.03791278600692749, -0.46327105164527893, 2.3436357975006104, 1.1359598636627197, 0.04824989661574364, 0.08321364223957062, -0.41083818674087524, 0.5009456276893616, -0.20362287759780884, 0.37007129192352295, 0.8401702046394348, -0.34014543890953064, 0.09088527411222458, -0.07106784731149673, -0.46648621559143066, 3.129197359085083, 1.90147066116333, 0.23421648144721985, 0.07552176713943481, -0.369046688079834, 0.5272349119186401, -0.021319488063454628, 0.6820250749588013, 0.7255076766014099, -0.089586541056633, 0.15601003170013428, -0.6287538409233093, -0.29304859042167664, 7.452321529388428, 2.2125613689422607, -0.3831286132335663, 0.03269519284367561, -0.3525674343109131, 0.5467398762702942, -0.4192713499069214, 0.3827807903289795, 0.7978803515434265, -0.20267537236213684, 0.16048702597618103, -0.30913373827934265, -0.04680859297513962, 5.198631763458252, 4.341991901397705, 2.532644271850586, 0.025570835918188095, -0.39205464720726013, 0.48296087980270386, 0.6609326004981995, -0.5394442081451416, 0.5033668279647827, 0.1370760053396225, 0.019938291981816292, 0.04364747554063797, -0.32865390181541443, 1.0220085382461548, 0.5799171924591064, 0.013852514326572418, -0.22171255946159363, -0.9038210511207581, 0.6257006525993347, 0.035659268498420715, 0.0006869256030768156, 0.0033942973241209984, -0.09687817841768265, -0.1807543784379959, 0.6751763224601746, 0.017738817259669304, 0.002396065043285489, 0.0014047124423086643, 0.0002601700834929943, 0.09084589779376984, -1.9413211345672607, -0.016209963709115982, 0.00022972053557168692, -0.00026215583784505725, -0.040395237505435944, 0.4129679203033447, -0.15641061961650848, -0.008739406242966652, 0.0004149290907662362, 0.00042538970592431724, -0.8192116022109985, 2.3126018047332764, -0.04255242273211479, -0.01375721674412489, -0.012432349845767021, 0.009548540227115154, -0.9913684129714966, -0.7691915035247803, -1.0, -1.0, 0.4612206518650055, -1.0, -0.3927955627441406, 0.5141900181770325, 1.0, -0.7776839733123779, 0.6721488833427429, 1.0, -1.0, 0.8218386173248291, -1.0, 1.0, -0.30090540647506714, 0.9970946907997131, -1.0, 1.0]
[-0.9574575424194336, -0.3651465177536011, -0.8063235878944397, -0.9385372400283813, 0.17521777749061584, 0.18091334402561188, -0.9697040319442749, -0.24384993314743042, 0.317339152097702, 0.3674185872077942, 0.9761306643486023, 0.5843456387519836, 0.14291812479496002, 0.38346683979034424, 1.0000077486038208, -0.9196593165397644, 0.9602200388908386, -0.6948030591011047, -0.4358057677745819, 0.9975940585136414, -0.065397709608078, 0.6955985426902771, -0.7478610277175903, 0.7026005983352661, 0.2716546058654785, -0.4465692937374115, 0.11552244424819946, -0.1513306349515915, 1.0945271253585815, 0.25464603304862976, -0.04420797526836395, 0.45904895663261414, -0.43806034326553345, -0.08714929223060608, 0.014908191747963428, -1.7563800811767578, 0.19529062509536743, 0.12556837499141693, 0.00011195726983714849, 0.39634761214256287, -0.2383958399295807, -0.5335215926170349, -0.5089213252067566, -0.0037107893731445074, -0.8412209749221802, 0.05865117907524109, -0.25421878695487976, -0.5591036677360535, 6.652976036071777, 2.029998779296875, 0.24576202034950256, 0.14726124703884125, 0.11200369894504547, 0.048669036477804184, 0.1347445547580719, 0.24730217456817627, 0.027874736115336418, -0.011135963723063469, 0.023726798593997955, 0.058564264327287674, -0.022842921316623688, -0.015032106079161167, 0.3135439157485962, 0.04266693443059921, 0.09091401100158691, 0.03521408885717392, -0.0029524078126996756, -0.09984607994556427, -0.5174639821052551, -0.27047961950302124, 0.06863784790039062, -0.009259740822017193, 0.05166243761777878, -0.4206646680831909, 0.4714913070201874, 0.12390623241662979, 0.2946649193763733, 0.9121675491333008, -0.2564566731452942, -0.2805141508579254, -0.04922037944197655, -0.2635907828807831, 0.5313802361488342, 0.1661730408668518, -0.2820407748222351, 0.0, -0.38999998569488525, 0.47999998927116394, 0.012645297683775425, 0.2464054822921753, 0.9690790772438049, 0.0032153106294572353, -0.05714917555451393, 0.1726800501346588, 0.2246546447277069, 0.957311749458313, 0.07002902030944824, -0.42821961641311646, 0.4637417793273926, -0.04429991915822029, -0.0071702925488352776, 0.9309356808662415, -0.36241528391838074, -0.3907305598258972, 0.027826109901070595, -0.28019770979881287, -2.460204839706421, -2.8878872394561768, -2.4269862174987793, 0.08132082223892212, -0.41191989183425903, 0.49564433097839355, -0.20031501352787018, 0.3514639139175415, 0.8506714105606079, -0.33571577072143555, -0.2108260840177536, -0.11373961716890335, -0.19074244797229767, 2.241062641143799, 1.2049452066421509, -1.1180428266525269, 0.07592551410198212, -0.3800472319126129, 0.5201343297958374, -0.006193759385496378, 0.627013087272644, 0.7735605239868164, -0.0917619988322258, -0.037158310413360596, -0.6900014281272888, -0.29831433296203613, 9.024331092834473, 2.148677110671997, -2.1848337650299072, 0.03388065844774246, -0.3570420444011688, 0.544881284236908, -0.40052592754364014, 0.32710063457489014, 0.8313764929771423, -0.20346330106258392, 0.02939571440219879, -0.3218724727630615, 0.0016569162253290415, 6.939855098724365, 5.156306266784668, 0.4653566777706146, 0.021279172971844673, -0.39248496294021606, 0.47720053791999817, 0.6651087999343872, -0.5686697959899902, 0.4667597711086273, 0.1279846578836441, -0.5005945563316345, -0.03011787123978138, -0.45070910453796387, 6.8626484870910645, 2.805964231491089, -3.5419061183929443, 1.4660311937332153, -1.1447592973709106, 1.1920095682144165, 0.03149764984846115, -0.0018629601690918207, -0.009897834621369839, 1.1246774196624756, 0.5701362490653992, 1.1790354251861572, -0.0025839214213192463, -0.005822202656418085, -0.0035662748850882053, 0.9883935451507568, 0.6571985483169556, -0.05061107128858566, -0.005174129270017147, -0.0077841500751674175, -0.0025700032711029053, 0.21945473551750183, 0.13386943936347961, 0.9081308841705322, -0.0009443665621802211, -0.009196797385811806, -0.00634659081697464, 0.33231794834136963, 3.6665332317352295, -0.9915449619293213, -0.020087972283363342, -0.014576815068721771, 0.013116864487528801, 0.2090822458267212, -0.602949857711792, -0.477651447057724, -1.0, 1.0, -1.0, 0.2978017330169678, 0.005995729938149452, 1.0, -0.43457233905792236, 0.15268100798130035, 1.0, -0.20319843292236328, 0.7527067065238953, -1.0, 1.0, -1.0, 0.6248128414154053, -1.0, 0.18580080568790436]
[-0.863275408744812, -0.39820215106010437, -0.812976598739624, -0.9580049514770508, 0.25084903836250305, 0.21800662577152252, -0.9488663077354431, -0.18097974359989166, 0.1966344714164734, 0.34252411127090454, 0.9942094683647156, 0.5417388677597046, 0.09391643106937408, 0.38106703758239746, 0.9792923331260681, -0.8024653196334839, 0.9288237690925598, -0.7473319172859192, -0.4986022412776947, 0.9935857057571411, -0.18922333419322968, 0.7102680802345276, -0.7800277471542358, 0.5578275322914124, 0.41063791513442993, -0.08796318620443344, -0.09927606582641602, -0.17701075971126556, 0.4949011504650116, 0.4613068699836731, 0.23468707501888275, 0.49489036202430725, -1.4658786058425903, -0.37754151225090027, 0.1392502784729004, 0.5398194193840027, -0.7844661474227905, -0.1618366539478302, -0.14875532686710358, 0.5253759622573853, -0.32517609000205994, -0.4600854814052582, -0.6092064380645752, -0.05056534335017204, -0.9358739852905273, 0.014984287321567535, -0.19092755019664764, -1.7462761402130127, 2.6518962383270264, 3.895754337310791, 0.0358448326587677, 0.24077586829662323, 0.02159995771944523, 0.0026599490083754063, 0.14262935519218445, 0.031298138201236725, -0.08844763785600662, -0.05269930511713028, 0.04834970086812973, 0.7967353463172913, 0.2118900716304779, 0.03373071923851967, 0.19048653542995453, 0.0010869789402931929, 0.03834937885403633, 0.0204615481197834, 0.005960578564554453, -0.10405446588993073, -0.1181657686829567, -0.07439909130334854, 0.06688232719898224, -0.013967758044600487, 0.04577583074569702, -0.42143431305885315, 0.4674038887023926, 0.11917152255773544, 0.27275964617729187, 0.9311940670013428, -0.21042326092720032, -0.395492285490036, -0.039677694439888, -0.19586442410945892, 0.42407676577568054, -0.7949633598327637, -1.8413463830947876, 0.0, -0.38999998569488525, 0.47999998927116394, 0.012645297683775425, 0.2464054822921753, 0.9690790772438049, 0.0032153106294572353, -0.0318303219974041, 0.15643788874149323, 0.18099547922611237, 0.9704405665397644, 0.0641779899597168, -0.42898863554000854, 0.46100082993507385, -0.05664766952395439, 0.017926132306456566, 0.9358575940132141, -0.3473328649997711, -0.4002569615840912, -0.03176701068878174, -0.0740535631775856, -2.461629629135132, -2.502742290496826, -1.9516041278839111, 0.07667876034975052, -0.4149700999259949, 0.4946242570877075, -0.18151181936264038, 0.31805652379989624, 0.8713954091072083, -0.3264405131340027, -0.23141126334667206, -0.28486841917037964, 0.08014345914125443, 5.007241249084473, 5.223362445831299, -2.412550449371338, 0.07274187356233597, -0.3856859505176544, 0.5174062252044678, 0.011276516132056713, 0.5908392667770386, 0.8026458621025085, -0.0808781161904335, -0.22656817734241486, -0.10562259703874588, 0.053429264575242996, 2.3090319633483887, 0.588837742805481, -2.9518089294433594, 0.033279843628406525, -0.3613143861293793, 0.544448733329773, -0.3751848340034485, 0.2695663869380951, 0.8651531934738159, -0.19514156877994537, -0.022136585786938667, -0.2987612187862396, 0.1063321903347969, 6.531284809112549, 4.977453708648682, -0.1609044075012207, 0.01262376643717289, -0.3934505581855774, 0.4732147753238678, 0.6694175004959106, -0.6171866655349731, 0.4010467529296875, 0.1006094440817833, -0.6257123947143555, 0.038673412054777145, -0.2983841598033905, 10.647931098937988, 2.7167932987213135, -2.9096198081970215, 0.2248518466949463, 0.2010549008846283, 1.215311050415039, 0.005675772670656443, -0.0009180742781609297, 0.0017331725684925914, 0.6432777643203735, 1.3424969911575317, -0.24251693487167358, -0.03256184607744217, -0.01687794178724289, -0.006043542642146349, 0.4965798258781433, 0.814642608165741, 4.014765739440918, 0.045950356870889664, -0.01001755241304636, -0.003594684414565563, -0.3475774824619293, 0.10618104040622711, 0.7009326815605164, 0.007553293835371733, -0.0021192580461502075, 0.0027336368802934885, 0.287792831659317, 0.9209684133529663, -0.7291282415390015, -0.0064895725809037685, -0.01857244037091732, 0.0022235678043216467, 0.0010806936770677567, -0.20872946083545685, -1.0, -1.0, 0.4486803114414215, -1.0, 0.4761527180671692, -0.8524364233016968, 1.0, 0.8942676782608032, -0.5134734511375427, 0.7970921397209167, -0.04378924146294594, 0.7207518815994263, -1.0, 1.0, -1.0, 0.6316004991531372, -1.0, -0.7085978984832764]
[-0.7595309615135193, -0.3772338628768921, -0.8309437036514282, -0.9703379273414612, 0.26043131947517395, 0.25964048504829407, -0.931496262550354, -0.09320580959320068, 0.07149271667003632, 0.2990982234477997, 1.0, 0.604961633682251, -0.005888908635824919, 0.3514542579650879, 0.9232330322265625, -0.6429392099380493, 0.8652973175048828, -0.7909561991691589, -0.5572014451026917, 0.9942438006401062, -0.27534326910972595, 0.7274130582809448, -0.8142766356468201, 0.37684282660484314, 0.3688131868839264, 0.3062466084957123, -0.026085346937179565, -0.05700984224677086, -0.1236429214477539, 0.20328521728515625, -0.01660696230828762, 0.9922522902488708, -0.985454261302948, -0.3819604218006134, 7.077778150232916e-07, 0.611238420009613, -0.9935243725776672, -0.46188589930534363, -0.3228261172771454, 0.7212349772453308, -0.7339305877685547, -0.37654098868370056, -0.494033545255661, 0.03285738453269005, -0.4386472702026367, 0.06378786265850067, -0.22031889855861664, -1.630210280418396, -1.387037754058838, 4.0438032150268555, -0.006348225753754377, 0.25024229288101196, 0.015465117990970612, -0.027166493237018585, -0.06210510432720184, 0.26512590050697327, 0.09925816208124161, 0.027697386220097542, -0.007550710812211037, 0.12868808209896088, 0.00791400857269764, -0.020234446972608566, 0.02726856991648674, -0.016321193426847458, -0.061406493186950684, -0.0206848606467247, -0.003175599966198206, -0.11718559265136719, 0.3334487974643707, 0.16833552718162537, 0.08870497345924377, 0.0331287607550621, 0.038704294711351395, -0.42219075560569763, 0.46411705017089844, 0.09918053448200226, 0.25267884135246277, 0.9579229950904846, -0.09327338635921478, -0.4410758316516876, -0.04974062368273735, -0.1737966239452362, 0.36334678530693054, -1.4185775518417358, -3.16833758354187, 0.0, -0.38999998569488525, 0.47999998927116394, 0.012645297683775425, 0.2464054822921753, 0.9690790772438049, 0.0032153106294572353, -0.007329929620027542, 0.1077960953116417, 0.07222587615251541, 0.9915188550949097, 0.0588982068002224, -0.4309845566749573, 0.462442547082901, -0.06299767643213272, 0.039151791483163834, 0.9396111965179443, -0.33410942554473877, -0.29932135343551636, -0.12369553744792938, 0.19756688177585602, -1.484870195388794, -0.7179068326950073, -1.7298260927200317, 0.07078539580106735, -0.41734030842781067, 0.49903059005737305, -0.16493365168571472, 0.2993805706501007, 0.8851841688156128, -0.3156217932701111, -0.35690170526504517, -0.05905316025018692, 0.4280064105987549, 0.041901737451553345, 0.5539032220840454, -1.5765517950057983, 0.06839767843484879, -0.38658198714256287, 0.5202876925468445, 0.02180514484643936, 0.5743710398674011, 0.8157156109809875, -0.06504165381193161, -0.22346077859401703, -0.03268955647945404, 0.3003096878528595, 2.7814366817474365, -0.26458480954170227, -2.3172833919525146, 0.03319895267486572, -0.36588266491889954, 0.5464344024658203, -0.3469054400920868, 0.21214430034160614, 0.894637405872345, -0.1851361244916916, 0.07433714717626572, -0.3471253514289856, 0.2518739104270935, 6.539552688598633, 5.1031270027160645, 0.011433208361268044, 0.00517158443108201, -0.39397305250167847, 0.47266724705696106, 0.6746594905853271, -0.6511368155479431, 0.34199127554893494, 0.06242856755852699, -0.3763461410999298, 0.07838920503854752, -0.010025376453995705, 7.871016025543213, 0.9373011589050293, -0.21735535562038422, -0.15754738450050354, 0.8754047155380249, 1.2497754096984863, -0.0140354223549366, -0.003857974661514163, -0.000980020617134869, -0.5215092897415161, 0.2522159814834595, 1.765333890914917, 0.03148062527179718, 0.002988058142364025, 0.005832084454596043, 0.010217019356787205, 0.9952557682991028, 0.6474732160568237, -0.005305610131472349, 0.00152145279571414, -0.002629087306559086, -0.761540412902832, 0.41552621126174927, 0.22225873172283173, 0.003057293128222227, -0.00022714291117154062, 0.004702968988567591, 1.2995535135269165, -2.453089475631714, -0.5852203965187073, 0.012443814426660538, 0.012335902079939842, -0.0121964942663908, -0.33371591567993164, 0.13702620565891266, -1.0, -1.0, 0.08490053564310074, -1.0, 0.6351993083953857, -0.41076868772506714, 1.0, 1.0, -0.6255050897598267, 0.46612823009490967, 0.39996448159217834, 0.34206801652908325, -1.0, 1.0, -0.4348977208137512, 1.0, -1.0, -0.5769678950309753]
